functional,omega,scale_s,scenario,delta,h,loss_h1,loss_with_h,dLoss,N,D,Q
quality_linear,0.0,0.0042798423176393504,reference_p0,0.0,1.0,2.3489103009426024,2.3489103009426024,0.0,1.0,150.0,1.0
quality_linear,0.0,0.0042798423176393504,shift_arxiv_up__freelaw_down,-0.9816522163185311,1.0,2.3489103009426024,2.3489103009426024,0.0,1.0,150.0,1.0
quality_linear,0.0,0.0042798423176393504,shift_arxiv_up__pubmed_central_down,-0.9816522163185311,1.0,2.3489103009426024,2.3489103009426024,0.0,1.0,150.0,1.0
quality_linear,0.0,0.0042798423176393504,shift_arxiv_up__wikipedia_en_down,-1.402650663907897,1.0,2.3489103009426024,2.3489103009426024,0.0,1.0,150.0,1.0
quality_linear,0.0,0.0042798423176393504,shift_arxiv_up__github_down,-2.262605482454893,1.0,2.3489103009426024,2.3489103009426024,0.0,1.0,150.0,1.0
quality_linear,0.0,0.0042798423176393504,shift_arxiv_up__stackexchange_down,0.39071913127711705,1.0,2.3489103009426024,2.3489103009426024,0.0,1.0,150.0,1.0
quality_linear,0.0,0.0042798423176393504,shift_arxiv_up__pile_cc_down,-1.4589749233602975,1.0,2.3489103009426024,2.3489103009426024,0.0,1.0,150.0,1.0
quality_linear,0.0,0.0042798423176393504,shift_arxiv_up__pubmed_abstracts_down,-0.9816522163185311,1.0,2.3489103009426024,2.3489103009426024,0.0,1.0,150.0,1.0
quality_linear,0.0,0.0042798423176393504,shift_arxiv_up__uspto_backgrounds_down,-0.9816522163185311,1.0,2.3489103009426024,2.3489103009426024,0.0,1.0,150.0,1.0
quality_linear,0.0,0.0042798423176393504,shift_freelaw_up__arxiv_down,1.1723991506222478,1.0,2.3489103009426024,2.3489103009426024,0.0,1.0,150.0,1.0
quality_linear,0.0,0.0042798423176393504,shift_freelaw_up__pubmed_central_down,0.0,1.0,2.3489103009426024,2.3489103009426024,0.0,1.0,150.0,1.0
quality_linear,0.0,0.0042798423176393504,shift_freelaw_up__wikipedia_en_down,-0.3665275332404914,1.0,2.3489103009426024,2.3489103009426024,0.0,1.0,150.0,1.0
quality_linear,0.0,0.0042798423176393504,shift_freelaw_up__github_down,-1.3100321785747664,1.0,2.3489103009426024,2.3489103009426024,0.0,1.0,150.0,1.0
quality_linear,0.0,0.0042798423176393504,shift_freelaw_up__stackexchange_down,1.6010790154595766,1.0,2.3489103009426024,2.3489103009426024,0.0,1.0,150.0,1.0
quality_linear,0.0,0.0042798423176393504,shift_freelaw_up__pile_cc_down,-0.428324036140665,1.0,2.3489103009426024,2.3489103009426024,0.0,1.0,150.0,1.0
quality_linear,0.0,0.0042798423176393504,shift_freelaw_up__pubmed_abstracts_down,0.0,1.0,2.3489103009426024,2.3489103009426024,0.0,1.0,150.0,1.0
quality_linear,0.0,0.0042798423176393504,shift_freelaw_up__uspto_backgrounds_down,0.0,1.0,2.3489103009426024,2.3489103009426024,0.0,1.0,150.0,1.0
quality_linear,0.0,0.0042798423176393504,shift_nih_exporter_up__arxiv_down,1.1723991506222478,1.0,2.3489103009426024,2.3489103009426024,0.0,1.0,150.0,1.0
quality_linear,0.0,0.0042798423176393504,shift_nih_exporter_up__freelaw_down,0.0,1.0,2.3489103009426024,2.3489103009426024,0.0,1.0,150.0,1.0
quality_linear,0.0,0.0042798423176393504,shift_nih_exporter_up__pubmed_central_down,0.0,1.0,2.3489103009426024,2.3489103009426024,0.0,1.0,150.0,1.0
quality_linear,0.0,0.0042798423176393504,shift_nih_exporter_up__wikipedia_en_down,-0.3665275332404914,1.0,2.3489103009426024,2.3489103009426024,0.0,1.0,150.0,1.0
quality_linear,0.0,0.0042798423176393504,shift_nih_exporter_up__github_down,-1.3100321785747664,1.0,2.3489103009426024,2.3489103009426024,0.0,1.0,150.0,1.0
quality_linear,0.0,0.0042798423176393504,shift_nih_exporter_up__stackexchange_down,1.6010790154595766,1.0,2.3489103009426024,2.3489103009426024,0.0,1.0,150.0,1.0
quality_linear,0.0,0.0042798423176393504,shift_nih_exporter_up__pile_cc_down,-0.428324036140665,1.0,2.3489103009426024,2.3489103009426024,0.0,1.0,150.0,1.0
quality_linear,0.0,0.0042798423176393504,shift_nih_exporter_up__pubmed_abstracts_down,0.0,1.0,2.3489103009426024,2.3489103009426024,0.0,1.0,150.0,1.0
quality_linear,0.0,0.0042798423176393504,shift_nih_exporter_up__uspto_backgrounds_down,0.0,1.0,2.3489103009426024,2.3489103009426024,0.0,1.0,150.0,1.0
quality_linear,0.0,0.0042798423176393504,shift_pubmed_central_up__arxiv_down,1.1723991506222478,1.0,2.3489103009426024,2.3489103009426024,0.0,1.0,150.0,1.0
quality_linear,0.0,0.0042798423176393504,shift_pubmed_central_up__freelaw_down,0.0,1.0,2.3489103009426024,2.3489103009426024,0.0,1.0,150.0,1.0
quality_linear,0.0,0.0042798423176393504,shift_pubmed_central_up__wikipedia_en_down,-0.3665275332404914,1.0,2.3489103009426024,2.3489103009426024,0.0,1.0,150.0,1.0
quality_linear,0.0,0.0042798423176393504,shift_pubmed_central_up__github_down,-1.3100321785747664,1.0,2.3489103009426024,2.3489103009426024,0.0,1.0,150.0,1.0
quality_linear,0.0,0.0042798423176393504,shift_pubmed_central_up__stackexchange_down,1.6010790154595766,1.0,2.3489103009426024,2.3489103009426024,0.0,1.0,150.0,1.0
quality_linear,0.0,0.0042798423176393504,shift_pubmed_central_up__pile_cc_down,-0.428324036140665,1.0,2.3489103009426024,2.3489103009426024,0.0,1.0,150.0,1.0
quality_linear,0.0,0.0042798423176393504,shift_pubmed_central_up__pubmed_abstracts_down,0.0,1.0,2.3489103009426024,2.3489103009426024,0.0,1.0,150.0,1.0
quality_linear,0.0,0.0042798423176393504,shift_pubmed_central_up__uspto_backgrounds_down,0.0,1.0,2.3489103009426024,2.3489103009426024,0.0,1.0,150.0,1.0
quality_linear,0.0,0.0042798423176393504,shift_wikipedia_en_up__arxiv_down,1.402650663907897,1.0,2.3489103009426024,2.3489103009426024,0.0,1.0,150.0,1.0
quality_linear,0.0,0.0042798423176393504,shift_wikipedia_en_up__freelaw_down,0.3068942562405904,1.0,2.3489103009426024,2.3489103009426024,0.0,1.0,150.0,1.0
quality_linear,0.0,0.0042798423176393504,shift_wikipedia_en_up__pubmed_central_down,0.3068942562405904,1.0,2.3489103009426024,2.3489103009426024,0.0,1.0,150.0,1.0
quality_linear,0.0,0.0042798423176393504,shift_wikipedia_en_up__github_down,-0.8599548185469831,1.0,2.3489103009426024,2.3489103009426024,0.0,1.0,150.0,1.0
quality_linear,0.0,0.0042798423176393504,shift_wikipedia_en_up__stackexchange_down,1.7933697951850143,1.0,2.3489103009426024,2.3489103009426024,0.0,1.0,150.0,1.0
quality_linear,0.0,0.0042798423176393504,shift_wikipedia_en_up__pile_cc_down,-0.056324259452400376,1.0,2.3489103009426024,2.3489103009426024,0.0,1.0,150.0,1.0
quality_linear,0.0,0.0042798423176393504,shift_wikipedia_en_up__pubmed_abstracts_down,0.3068942562405904,1.0,2.3489103009426024,2.3489103009426024,0.0,1.0,150.0,1.0
quality_linear,0.0,0.0042798423176393504,shift_wikipedia_en_up__uspto_backgrounds_down,0.3068942562405904,1.0,2.3489103009426024,2.3489103009426024,0.0,1.0,150.0,1.0
quality_linear,0.0,0.0042798423176393504,shift_dm_mathematics_up__arxiv_down,1.1723991506222478,1.0,2.3489103009426024,2.3489103009426024,0.0,1.0,150.0,1.0
quality_linear,0.0,0.0042798423176393504,shift_dm_mathematics_up__freelaw_down,0.0,1.0,2.3489103009426024,2.3489103009426024,0.0,1.0,150.0,1.0
quality_linear,0.0,0.0042798423176393504,shift_dm_mathematics_up__pubmed_central_down,0.0,1.0,2.3489103009426024,2.3489103009426024,0.0,1.0,150.0,1.0
quality_linear,0.0,0.0042798423176393504,shift_dm_mathematics_up__wikipedia_en_down,-0.3665275332404914,1.0,2.3489103009426024,2.3489103009426024,0.0,1.0,150.0,1.0
quality_linear,0.0,0.0042798423176393504,shift_dm_mathematics_up__github_down,-1.3100321785747664,1.0,2.3489103009426024,2.3489103009426024,0.0,1.0,150.0,1.0
quality_linear,0.0,0.0042798423176393504,shift_dm_mathematics_up__stackexchange_down,1.6010790154595766,1.0,2.3489103009426024,2.3489103009426024,0.0,1.0,150.0,1.0
quality_linear,0.0,0.0042798423176393504,shift_dm_mathematics_up__pile_cc_down,-0.428324036140665,1.0,2.3489103009426024,2.3489103009426024,0.0,1.0,150.0,1.0
quality_linear,0.0,0.0042798423176393504,shift_dm_mathematics_up__pubmed_abstracts_down,0.0,1.0,2.3489103009426024,2.3489103009426024,0.0,1.0,150.0,1.0
quality_linear,0.0,0.0042798423176393504,shift_dm_mathematics_up__uspto_backgrounds_down,0.0,1.0,2.3489103009426024,2.3489103009426024,0.0,1.0,150.0,1.0
quality_linear,0.0,0.0042798423176393504,shift_github_up__arxiv_down,2.262605482454919,1.0,2.3489103009426024,2.3489103009426024,0.0,1.0,150.0,1.0
quality_linear,0.0,0.0042798423176393504,shift_github_up__freelaw_down,1.0968926332503828,1.0,2.3489103009426024,2.3489103009426024,0.0,1.0,150.0,1.0
quality_linear,0.0,0.0042798423176393504,shift_github_up__pubmed_central_down,1.0968926332503828,1.0,2.3489103009426024,2.3489103009426024,0.0,1.0,150.0,1.0
quality_linear,0.0,0.0042798423176393504,shift_github_up__wikipedia_en_down,0.859954818546996,1.0,2.3489103009426024,2.3489103009426024,0.0,1.0,150.0,1.0
quality_linear,0.0,0.0042798423176393504,shift_github_up__stackexchange_down,2.65332461373201,1.0,2.3489103009426024,2.3489103009426024,0.0,1.0,150.0,1.0
quality_linear,0.0,0.0042798423176393504,shift_github_up__pile_cc_down,0.8036305590945956,1.0,2.3489103009426024,2.3489103009426024,0.0,1.0,150.0,1.0
quality_linear,0.0,0.0042798423176393504,shift_github_up__pubmed_abstracts_down,1.0968926332503828,1.0,2.3489103009426024,2.3489103009426024,0.0,1.0,150.0,1.0
quality_linear,0.0,0.0042798423176393504,shift_github_up__uspto_backgrounds_down,1.0968926332503828,1.0,2.3489103009426024,2.3489103009426024,0.0,1.0,150.0,1.0
quality_linear,0.0,0.0042798423176393504,shift_philpapers_up__arxiv_down,1.1723991506222478,1.0,2.3489103009426024,2.3489103009426024,0.0,1.0,150.0,1.0
quality_linear,0.0,0.0042798423176393504,shift_philpapers_up__freelaw_down,0.0,1.0,2.3489103009426024,2.3489103009426024,0.0,1.0,150.0,1.0
quality_linear,0.0,0.0042798423176393504,shift_philpapers_up__pubmed_central_down,0.0,1.0,2.3489103009426024,2.3489103009426024,0.0,1.0,150.0,1.0
quality_linear,0.0,0.0042798423176393504,shift_philpapers_up__wikipedia_en_down,-0.3665275332404914,1.0,2.3489103009426024,2.3489103009426024,0.0,1.0,150.0,1.0
quality_linear,0.0,0.0042798423176393504,shift_philpapers_up__github_down,-1.3100321785747664,1.0,2.3489103009426024,2.3489103009426024,0.0,1.0,150.0,1.0
quality_linear,0.5,0.0042798423176393504,reference_p0,0.0,1.0,2.3489103009426024,2.3489103009426024,0.0,1.0,150.0,1.0
quality_linear,0.5,0.0042798423176393504,shift_arxiv_up__freelaw_down,-0.9816522163185311,1.6336652468475261,2.3489103009426024,2.3097454432158426,-0.039164857726759816,1.0,150.0,1.0
quality_linear,0.5,0.0042798423176393504,shift_arxiv_up__pubmed_central_down,-0.9816522163185311,1.6336652468475261,2.3489103009426024,2.3097454432158426,-0.039164857726759816,1.0,150.0,1.0
quality_linear,0.5,0.0042798423176393504,shift_arxiv_up__wikipedia_en_down,-1.402650663907897,2.0164233676457526,2.3489103009426024,2.2945288337819725,-0.05438146716062997,1.0,150.0,1.0
quality_linear,0.5,0.0042798423176393504,shift_arxiv_up__github_down,-2.262605482454893,3.099691967487562,2.3489103009426024,2.2660981410757848,-0.08281215986681767,1.0,150.0,1.0
quality_linear,0.5,0.0042798423176393504,shift_arxiv_up__stackexchange_down,0.39071913127711705,0.8225388481714885,2.3489103009426024,2.36605851988711,0.017148218944507576,1.0,150.0,1.0
quality_linear,0.5,0.0042798423176393504,shift_arxiv_up__pile_cc_down,-1.4589749233602975,2.0740173218565494,2.3489103009426024,2.292560192351035,-0.056350108591567416,1.0,150.0,1.0
quality_linear,0.5,0.0042798423176393504,shift_arxiv_up__pubmed_abstracts_down,-0.9816522163185311,1.6336652468475261,2.3489103009426024,2.3097454432158426,-0.039164857726759816,1.0,150.0,1.0
quality_linear,0.5,0.0042798423176393504,shift_arxiv_up__uspto_backgrounds_down,-0.9816522163185311,1.6336652468475261,2.3489103009426024,2.3097454432158426,-0.039164857726759816,1.0,150.0,1.0
quality_linear,0.5,0.0042798423176393504,shift_freelaw_up__arxiv_down,1.1723991506222478,0.5564379720467882,2.3489103009426024,2.4033124334068576,0.05440213246425518,1.0,150.0,1.0
quality_linear,0.5,0.0042798423176393504,shift_freelaw_up__pubmed_central_down,0.0,1.0,2.3489103009426024,2.3489103009426024,0.0,1.0,150.0,1.0
quality_linear,0.5,0.0042798423176393504,shift_freelaw_up__wikipedia_en_down,-0.3665275332404914,1.2011311846144939,2.3489103009426024,2.333654194418169,-0.015256106524433655,1.0,150.0,1.0
quality_linear,0.5,0.0042798423176393504,shift_freelaw_up__github_down,-1.3100321785747664,1.9251734917967558,2.3489103009426024,2.2977999554694684,-0.05111034547313409,1.0,150.0,1.0
quality_linear,0.5,0.0042798423176393504,shift_freelaw_up__stackexchange_down,1.6010790154595766,0.4490866130488783,2.3489103009426024,2.4255406315025136,0.0766303305599112,1.0,150.0,1.0
quality_linear,0.5,0.0042798423176393504,shift_freelaw_up__pile_cc_down,-0.428324036140665,1.2388233503035626,2.3489103009426024,2.3311582258653907,-0.01775207507721177,1.0,150.0,1.0
quality_linear,0.5,0.0042798423176393504,shift_freelaw_up__pubmed_abstracts_down,0.0,1.0,2.3489103009426024,2.3489103009426024,0.0,1.0,150.0,1.0
quality_linear,0.5,0.0042798423176393504,shift_freelaw_up__uspto_backgrounds_down,0.0,1.0,2.3489103009426024,2.3489103009426024,0.0,1.0,150.0,1.0
quality_linear,0.5,0.0042798423176393504,shift_nih_exporter_up__arxiv_down,1.1723991506222478,0.5564379720467882,2.3489103009426024,2.4033124334068576,0.05440213246425518,1.0,150.0,1.0
quality_linear,0.5,0.0042798423176393504,shift_nih_exporter_up__freelaw_down,0.0,1.0,2.3489103009426024,2.3489103009426024,0.0,1.0,150.0,1.0
quality_linear,0.5,0.0042798423176393504,shift_nih_exporter_up__pubmed_central_down,0.0,1.0,2.3489103009426024,2.3489103009426024,0.0,1.0,150.0,1.0
quality_linear,0.5,0.0042798423176393504,shift_nih_exporter_up__wikipedia_en_down,-0.3665275332404914,1.2011311846144939,2.3489103009426024,2.333654194418169,-0.015256106524433655,1.0,150.0,1.0
quality_linear,0.5,0.0042798423176393504,shift_nih_exporter_up__github_down,-1.3100321785747664,1.9251734917967558,2.3489103009426024,2.2977999554694684,-0.05111034547313409,1.0,150.0,1.0
quality_linear,0.5,0.0042798423176393504,shift_nih_exporter_up__stackexchange_down,1.6010790154595766,0.4490866130488783,2.3489103009426024,2.4255406315025136,0.0766303305599112,1.0,150.0,1.0
quality_linear,0.5,0.0042798423176393504,shift_nih_exporter_up__pile_cc_down,-0.428324036140665,1.2388233503035626,2.3489103009426024,2.3311582258653907,-0.01775207507721177,1.0,150.0,1.0
quality_linear,0.5,0.0042798423176393504,shift_nih_exporter_up__pubmed_abstracts_down,0.0,1.0,2.3489103009426024,2.3489103009426024,0.0,1.0,150.0,1.0
quality_linear,0.5,0.0042798423176393504,shift_nih_exporter_up__uspto_backgrounds_down,0.0,1.0,2.3489103009426024,2.3489103009426024,0.0,1.0,150.0,1.0
quality_linear,0.5,0.0042798423176393504,shift_pubmed_central_up__arxiv_down,1.1723991506222478,0.5564379720467882,2.3489103009426024,2.4033124334068576,0.05440213246425518,1.0,150.0,1.0
quality_linear,0.5,0.0042798423176393504,shift_pubmed_central_up__freelaw_down,0.0,1.0,2.3489103009426024,2.3489103009426024,0.0,1.0,150.0,1.0
quality_linear,0.5,0.0042798423176393504,shift_pubmed_central_up__wikipedia_en_down,-0.3665275332404914,1.2011311846144939,2.3489103009426024,2.333654194418169,-0.015256106524433655,1.0,150.0,1.0
quality_linear,0.5,0.0042798423176393504,shift_pubmed_central_up__github_down,-1.3100321785747664,1.9251734917967558,2.3489103009426024,2.2977999554694684,-0.05111034547313409,1.0,150.0,1.0
quality_linear,0.5,0.0042798423176393504,shift_pubmed_central_up__stackexchange_down,1.6010790154595766,0.4490866130488783,2.3489103009426024,2.4255406315025136,0.0766303305599112,1.0,150.0,1.0
quality_linear,0.5,0.0042798423176393504,shift_pubmed_central_up__pile_cc_down,-0.428324036140665,1.2388233503035626,2.3489103009426024,2.3311582258653907,-0.01775207507721177,1.0,150.0,1.0
quality_linear,0.5,0.0042798423176393504,shift_pubmed_central_up__pubmed_abstracts_down,0.0,1.0,2.3489103009426024,2.3489103009426024,0.0,1.0,150.0,1.0
quality_linear,0.5,0.0042798423176393504,shift_pubmed_central_up__uspto_backgrounds_down,0.0,1.0,2.3489103009426024,2.3489103009426024,0.0,1.0,150.0,1.0
quality_linear,0.5,0.0042798423176393504,shift_wikipedia_en_up__arxiv_down,1.402650663907897,0.49592759935505815,2.3489103009426024,2.415085717311698,0.06617541636909552,1.0,150.0,1.0
quality_linear,0.5,0.0042798423176393504,shift_wikipedia_en_up__freelaw_down,0.3068942562405904,0.8577461136493001,2.3489103009426024,2.3623001340384326,0.013389833095830195,1.0,150.0,1.0
quality_linear,0.5,0.0042798423176393504,shift_wikipedia_en_up__pubmed_central_down,0.3068942562405904,0.8577461136493001,2.3489103009426024,2.3623001340384326,0.013389833095830195,1.0,150.0,1.0
quality_linear,0.5,0.0042798423176393504,shift_wikipedia_en_up__github_down,-0.8599548185469831,1.5372227961762537,2.3489103009426024,2.3143137182145836,-0.0345965827280188,1.0,150.0,1.0
quality_linear,0.5,0.0042798423176393504,shift_wikipedia_en_up__stackexchange_down,1.7933697951850143,0.4079197163499609,2.3489103009426024,2.435952946312514,0.08704264536991158,1.0,150.0,1.0
quality_linear,0.5,0.0042798423176393504,shift_wikipedia_en_up__pile_cc_down,-0.056324259452400376,1.0285624314491255,2.3489103009426024,2.3465147115409972,-0.002395589401605225,1.0,150.0,1.0
quality_linear,0.5,0.0042798423176393504,shift_wikipedia_en_up__pubmed_abstracts_down,0.3068942562405904,0.8577461136493001,2.3489103009426024,2.3623001340384326,0.013389833095830195,1.0,150.0,1.0
quality_linear,0.5,0.0042798423176393504,shift_wikipedia_en_up__uspto_backgrounds_down,0.3068942562405904,0.8577461136493001,2.3489103009426024,2.3623001340384326,0.013389833095830195,1.0,150.0,1.0
quality_linear,0.5,0.0042798423176393504,shift_dm_mathematics_up__arxiv_down,1.1723991506222478,0.5564379720467882,2.3489103009426024,2.4033124334068576,0.05440213246425518,1.0,150.0,1.0
quality_linear,0.5,0.0042798423176393504,shift_dm_mathematics_up__freelaw_down,0.0,1.0,2.3489103009426024,2.3489103009426024,0.0,1.0,150.0,1.0
quality_linear,0.5,0.0042798423176393504,shift_dm_mathematics_up__pubmed_central_down,0.0,1.0,2.3489103009426024,2.3489103009426024,0.0,1.0,150.0,1.0
quality_linear,0.5,0.0042798423176393504,shift_dm_mathematics_up__wikipedia_en_down,-0.3665275332404914,1.2011311846144939,2.3489103009426024,2.333654194418169,-0.015256106524433655,1.0,150.0,1.0
quality_linear,0.5,0.0042798423176393504,shift_dm_mathematics_up__github_down,-1.3100321785747664,1.9251734917967558,2.3489103009426024,2.2977999554694684,-0.05111034547313409,1.0,150.0,1.0
quality_linear,0.5,0.0042798423176393504,shift_dm_mathematics_up__stackexchange_down,1.6010790154595766,0.4490866130488783,2.3489103009426024,2.4255406315025136,0.0766303305599112,1.0,150.0,1.0
quality_linear,0.5,0.0042798423176393504,shift_dm_mathematics_up__pile_cc_down,-0.428324036140665,1.2388233503035626,2.3489103009426024,2.3311582258653907,-0.01775207507721177,1.0,150.0,1.0
quality_linear,0.5,0.0042798423176393504,shift_dm_mathematics_up__pubmed_abstracts_down,0.0,1.0,2.3489103009426024,2.3489103009426024,0.0,1.0,150.0,1.0
quality_linear,0.5,0.0042798423176393504,shift_dm_mathematics_up__uspto_backgrounds_down,0.0,1.0,2.3489103009426024,2.3489103009426024,0.0,1.0,150.0,1.0
quality_linear,0.5,0.0042798423176393504,shift_github_up__arxiv_down,2.262605482454919,0.3226127016777514,2.3489103009426024,2.462569194702915,0.11365889376031246,1.0,150.0,1.0
quality_linear,0.5,0.0042798423176393504,shift_github_up__freelaw_down,1.0968926332503828,0.5778469044285676,2.3489103009426024,2.399533479360492,0.05062317841788966,1.0,150.0,1.0
quality_linear,0.5,0.0042798423176393504,shift_github_up__pubmed_central_down,1.0968926332503828,0.5778469044285676,2.3489103009426024,2.399533479360492,0.05062317841788966,1.0,150.0,1.0
quality_linear,0.5,0.0042798423176393504,shift_github_up__wikipedia_en_down,0.859954818546996,0.6505237903623545,2.3489103009426024,2.3879311535205514,0.03902085257794896,1.0,150.0,1.0
quality_linear,0.5,0.0042798423176393504,shift_github_up__stackexchange_down,2.65332461373201,0.26536148004351306,2.3489103009426024,2.4861049604446466,0.13719465950204413,1.0,150.0,1.0
quality_linear,0.5,0.0042798423176393504,shift_github_up__pile_cc_down,0.8036305590945956,0.6691043315306044,2.3489103009426024,2.385229212071241,0.03631891112863839,1.0,150.0,1.0
quality_linear,0.5,0.0042798423176393504,shift_github_up__pubmed_abstracts_down,1.0968926332503828,0.5778469044285676,2.3489103009426024,2.399533479360492,0.05062317841788966,1.0,150.0,1.0
quality_linear,0.5,0.0042798423176393504,shift_github_up__uspto_backgrounds_down,1.0968926332503828,0.5778469044285676,2.3489103009426024,2.399533479360492,0.05062317841788966,1.0,150.0,1.0
quality_linear,0.5,0.0042798423176393504,shift_philpapers_up__arxiv_down,1.1723991506222478,0.5564379720467882,2.3489103009426024,2.4033124334068576,0.05440213246425518,1.0,150.0,1.0
quality_linear,0.5,0.0042798423176393504,shift_philpapers_up__freelaw_down,0.0,1.0,2.3489103009426024,2.3489103009426024,0.0,1.0,150.0,1.0
quality_linear,0.5,0.0042798423176393504,shift_philpapers_up__pubmed_central_down,0.0,1.0,2.3489103009426024,2.3489103009426024,0.0,1.0,150.0,1.0
quality_linear,0.5,0.0042798423176393504,shift_philpapers_up__wikipedia_en_down,-0.3665275332404914,1.2011311846144939,2.3489103009426024,2.333654194418169,-0.015256106524433655,1.0,150.0,1.0
quality_linear,0.5,0.0042798423176393504,shift_philpapers_up__github_down,-1.3100321785747664,1.9251734917967558,2.3489103009426024,2.2977999554694684,-0.05111034547313409,1.0,150.0,1.0
quality_linear,1.0,0.0042798423176393504,reference_p0,0.0,1.0,2.3489103009426024,2.3489103009426024,0.0,1.0,150.0,1.0
quality_linear,1.0,0.0042798423176393504,shift_arxiv_up__freelaw_down,-0.9816522163185311,2.6688621387573885,2.3489103009426024,2.275607537702368,-0.07330276324023455,1.0,150.0,1.0
quality_linear,1.0,0.0042798423176393504,shift_arxiv_up__pubmed_central_down,-0.9816522163185311,2.6688621387573885,2.3489103009426024,2.275607537702368,-0.07330276324023455,1.0,150.0,1.0
quality_linear,1.0,0.0042798423176393504,shift_arxiv_up__wikipedia_en_down,-1.402650663907897,4.0659631975878385,2.3489103009426024,2.249839368527263,-0.09907093241533937,1.0,150.0,1.0
quality_linear,1.0,0.0042798423176393504,shift_arxiv_up__github_down,-2.262605482454893,9.608090293306914,2.3489103009426024,2.205760990194575,-0.1431493107480275,1.0,150.0,1.0
quality_linear,1.0,0.0042798423176393504,shift_arxiv_up__stackexchange_down,0.39071913127711705,0.676570156751279,2.3489103009426024,2.384170456208879,0.03526015526627635,1.0,150.0,1.0
quality_linear,1.0,0.0042798423176393504,shift_arxiv_up__pile_cc_down,-1.4589749233602975,4.301547851361014,2.3489103009426024,2.2466164993275934,-0.102293801615009,1.0,150.0,1.0
quality_linear,1.0,0.0042798423176393504,shift_arxiv_up__pubmed_abstracts_down,-0.9816522163185311,2.6688621387573885,2.3489103009426024,2.275607537702368,-0.07330276324023455,1.0,150.0,1.0
quality_linear,1.0,0.0042798423176393504,shift_arxiv_up__uspto_backgrounds_down,-0.9816522163185311,2.6688621387573885,2.3489103009426024,2.275607537702368,-0.07330276324023455,1.0,150.0,1.0
quality_linear,1.0,0.0042798423176393504,shift_freelaw_up__arxiv_down,1.1723991506222478,0.3096232167355423,2.3489103009426024,2.46741393522142,0.1185036342788175,1.0,150.0,1.0
quality_linear,1.0,0.0042798423176393504,shift_freelaw_up__pubmed_central_down,0.0,1.0,2.3489103009426024,2.3489103009426024,0.0,1.0,150.0,1.0
quality_linear,1.0,0.0042798423176393504,shift_freelaw_up__wikipedia_en_down,-0.3665275332404914,1.4427161226534173,2.3489103009426024,2.3191608675036637,-0.029749433438938766,1.0,150.0,1.0
quality_linear,1.0,0.0042798423176393504,shift_freelaw_up__github_down,-1.3100321785747664,3.7062929735169132,2.3489103009426024,2.2552507043469276,-0.0936595965956748,1.0,150.0,1.0
quality_linear,1.0,0.0042798423176393504,shift_freelaw_up__stackexchange_down,1.6010790154595766,0.20167878601971295,2.3489103009426024,2.521415746384797,0.17250544544219437,1.0,150.0,1.0
quality_linear,1.0,0.0042798423176393504,shift_freelaw_up__pile_cc_down,-0.428324036140665,1.5346832932573435,2.3489103009426024,2.31443893574194,-0.03447136520066252,1.0,150.0,1.0
quality_linear,1.0,0.0042798423176393504,shift_freelaw_up__pubmed_abstracts_down,0.0,1.0,2.3489103009426024,2.3489103009426024,0.0,1.0,150.0,1.0
quality_linear,1.0,0.0042798423176393504,shift_freelaw_up__uspto_backgrounds_down,0.0,1.0,2.3489103009426024,2.3489103009426024,0.0,1.0,150.0,1.0
quality_linear,1.0,0.0042798423176393504,shift_nih_exporter_up__arxiv_down,1.1723991506222478,0.3096232167355423,2.3489103009426024,2.46741393522142,0.1185036342788175,1.0,150.0,1.0
quality_linear,1.0,0.0042798423176393504,shift_nih_exporter_up__freelaw_down,0.0,1.0,2.3489103009426024,2.3489103009426024,0.0,1.0,150.0,1.0
quality_linear,1.0,0.0042798423176393504,shift_nih_exporter_up__pubmed_central_down,0.0,1.0,2.3489103009426024,2.3489103009426024,0.0,1.0,150.0,1.0
quality_linear,1.0,0.0042798423176393504,shift_nih_exporter_up__wikipedia_en_down,-0.3665275332404914,1.4427161226534173,2.3489103009426024,2.3191608675036637,-0.029749433438938766,1.0,150.0,1.0
quality_linear,1.0,0.0042798423176393504,shift_nih_exporter_up__github_down,-1.3100321785747664,3.7062929735169132,2.3489103009426024,2.2552507043469276,-0.0936595965956748,1.0,150.0,1.0
quality_linear,1.0,0.0042798423176393504,shift_nih_exporter_up__stackexchange_down,1.6010790154595766,0.20167878601971295,2.3489103009426024,2.521415746384797,0.17250544544219437,1.0,150.0,1.0
quality_linear,1.0,0.0042798423176393504,shift_nih_exporter_up__pile_cc_down,-0.428324036140665,1.5346832932573435,2.3489103009426024,2.31443893574194,-0.03447136520066252,1.0,150.0,1.0
quality_linear,1.0,0.0042798423176393504,shift_nih_exporter_up__pubmed_abstracts_down,0.0,1.0,2.3489103009426024,2.3489103009426024,0.0,1.0,150.0,1.0
quality_linear,1.0,0.0042798423176393504,shift_nih_exporter_up__uspto_backgrounds_down,0.0,1.0,2.3489103009426024,2.3489103009426024,0.0,1.0,150.0,1.0
quality_linear,1.0,0.0042798423176393504,shift_pubmed_central_up__arxiv_down,1.1723991506222478,0.3096232167355423,2.3489103009426024,2.46741393522142,0.1185036342788175,1.0,150.0,1.0
quality_linear,1.0,0.0042798423176393504,shift_pubmed_central_up__freelaw_down,0.0,1.0,2.3489103009426024,2.3489103009426024,0.0,1.0,150.0,1.0
quality_linear,1.0,0.0042798423176393504,shift_pubmed_central_up__wikipedia_en_down,-0.3665275332404914,1.4427161226534173,2.3489103009426024,2.3191608675036637,-0.029749433438938766,1.0,150.0,1.0
quality_linear,1.0,0.0042798423176393504,shift_pubmed_central_up__github_down,-1.3100321785747664,3.7062929735169132,2.3489103009426024,2.2552507043469276,-0.0936595965956748,1.0,150.0,1.0
quality_linear,1.0,0.0042798423176393504,shift_pubmed_central_up__stackexchange_down,1.6010790154595766,0.20167878601971295,2.3489103009426024,2.521415746384797,0.17250544544219437,1.0,150.0,1.0
quality_linear,1.0,0.0042798423176393504,shift_pubmed_central_up__pile_cc_down,-0.428324036140665,1.5346832932573435,2.3489103009426024,2.31443893574194,-0.03447136520066252,1.0,150.0,1.0
quality_linear,1.0,0.0042798423176393504,shift_pubmed_central_up__pubmed_abstracts_down,0.0,1.0,2.3489103009426024,2.3489103009426024,0.0,1.0,150.0,1.0
quality_linear,1.0,0.0042798423176393504,shift_pubmed_central_up__uspto_backgrounds_down,0.0,1.0,2.3489103009426024,2.3489103009426024,0.0,1.0,150.0,1.0
quality_linear,1.0,0.0042798423176393504,shift_wikipedia_en_up__arxiv_down,1.402650663907897,0.24594418380207106,2.3489103009426024,2.4956128887962064,0.1467025878536039,1.0,150.0,1.0
quality_linear,1.0,0.0042798423176393504,shift_wikipedia_en_up__freelaw_down,0.3068942562405904,0.735728395480478,2.3489103009426024,2.376277540332449,0.02736723938984653,1.0,150.0,1.0
quality_linear,1.0,0.0042798423176393504,shift_wikipedia_en_up__pubmed_central_down,0.3068942562405904,0.735728395480478,2.3489103009426024,2.376277540332449,0.02736723938984653,1.0,150.0,1.0
quality_linear,1.0,0.0042798423176393504,shift_wikipedia_en_up__github_down,-0.8599548185469831,2.36305392508394,2.3489103009426024,2.2836397719171355,-0.06527052902546693,1.0,150.0,1.0
quality_linear,1.0,0.0042798423176393504,shift_wikipedia_en_up__stackexchange_down,1.7933697951850143,0.16639849498703255,2.3489103009426024,2.547825539869244,0.19891523892664154,1.0,150.0,1.0
quality_linear,1.0,0.0042798423176393504,shift_wikipedia_en_up__pile_cc_down,-0.056324259452400376,1.057940675388537,2.3489103009426024,2.3441379298709033,-0.004772371071699144,1.0,150.0,1.0
quality_linear,1.0,0.0042798423176393504,shift_wikipedia_en_up__pubmed_abstracts_down,0.3068942562405904,0.735728395480478,2.3489103009426024,2.376277540332449,0.02736723938984653,1.0,150.0,1.0
quality_linear,1.0,0.0042798423176393504,shift_wikipedia_en_up__uspto_backgrounds_down,0.3068942562405904,0.735728395480478,2.3489103009426024,2.376277540332449,0.02736723938984653,1.0,150.0,1.0
quality_linear,1.0,0.0042798423176393504,shift_dm_mathematics_up__arxiv_down,1.1723991506222478,0.3096232167355423,2.3489103009426024,2.46741393522142,0.1185036342788175,1.0,150.0,1.0
quality_linear,1.0,0.0042798423176393504,shift_dm_mathematics_up__freelaw_down,0.0,1.0,2.3489103009426024,2.3489103009426024,0.0,1.0,150.0,1.0
quality_linear,1.0,0.0042798423176393504,shift_dm_mathematics_up__pubmed_central_down,0.0,1.0,2.3489103009426024,2.3489103009426024,0.0,1.0,150.0,1.0
quality_linear,1.0,0.0042798423176393504,shift_dm_mathematics_up__wikipedia_en_down,-0.3665275332404914,1.4427161226534173,2.3489103009426024,2.3191608675036637,-0.029749433438938766,1.0,150.0,1.0
quality_linear,1.0,0.0042798423176393504,shift_dm_mathematics_up__github_down,-1.3100321785747664,3.7062929735169132,2.3489103009426024,2.2552507043469276,-0.0936595965956748,1.0,150.0,1.0
quality_linear,1.0,0.0042798423176393504,shift_dm_mathematics_up__stackexchange_down,1.6010790154595766,0.20167878601971295,2.3489103009426024,2.521415746384797,0.17250544544219437,1.0,150.0,1.0
quality_linear,1.0,0.0042798423176393504,shift_dm_mathematics_up__pile_cc_down,-0.428324036140665,1.5346832932573435,2.3489103009426024,2.31443893574194,-0.03447136520066252,1.0,150.0,1.0
quality_linear,1.0,0.0042798423176393504,shift_dm_mathematics_up__pubmed_abstracts_down,0.0,1.0,2.3489103009426024,2.3489103009426024,0.0,1.0,150.0,1.0
quality_linear,1.0,0.0042798423176393504,shift_dm_mathematics_up__uspto_backgrounds_down,0.0,1.0,2.3489103009426024,2.3489103009426024,0.0,1.0,150.0,1.0
quality_linear,1.0,0.0042798423176393504,shift_github_up__arxiv_down,2.262605482454919,0.10407895528381782,2.3489103009426024,2.6185649343575,0.2696546334148975,1.0,150.0,1.0
quality_linear,1.0,0.0042798423176393504,shift_github_up__freelaw_down,1.0968926332503828,0.3339070449576781,2.3489103009426024,2.4585553268393796,0.10964502589677716,1.0,150.0,1.0
quality_linear,1.0,0.0042798423176393504,shift_github_up__pubmed_central_down,1.0968926332503828,0.3339070449576781,2.3489103009426024,2.4585553268393796,0.10964502589677716,1.0,150.0,1.0
quality_linear,1.0,0.0042798423176393504,shift_github_up__wikipedia_en_down,0.859954818546996,0.4231812018274045,2.3489103009426024,2.4319420591027634,0.08303175816016095,1.0,150.0,1.0
quality_linear,1.0,0.0042798423176393504,shift_github_up__stackexchange_down,2.65332461373201,0.07041671509088379,2.3489103009426024,2.6849855422723756,0.3360752413297732,1.0,150.0,1.0
quality_linear,1.0,0.0042798423176393504,shift_github_up__pile_cc_down,0.8036305590945956,0.44770060647301707,2.3489103009426024,2.4258710441042295,0.07696074316162704,1.0,150.0,1.0
quality_linear,1.0,0.0042798423176393504,shift_github_up__pubmed_abstracts_down,1.0968926332503828,0.3339070449576781,2.3489103009426024,2.4585553268393796,0.10964502589677716,1.0,150.0,1.0
quality_linear,1.0,0.0042798423176393504,shift_github_up__uspto_backgrounds_down,1.0968926332503828,0.3339070449576781,2.3489103009426024,2.4585553268393796,0.10964502589677716,1.0,150.0,1.0
quality_linear,1.0,0.0042798423176393504,shift_philpapers_up__arxiv_down,1.1723991506222478,0.3096232167355423,2.3489103009426024,2.46741393522142,0.1185036342788175,1.0,150.0,1.0
quality_linear,1.0,0.0042798423176393504,shift_philpapers_up__freelaw_down,0.0,1.0,2.3489103009426024,2.3489103009426024,0.0,1.0,150.0,1.0
quality_linear,1.0,0.0042798423176393504,shift_philpapers_up__pubmed_central_down,0.0,1.0,2.3489103009426024,2.3489103009426024,0.0,1.0,150.0,1.0
quality_linear,1.0,0.0042798423176393504,shift_philpapers_up__wikipedia_en_down,-0.3665275332404914,1.4427161226534173,2.3489103009426024,2.3191608675036637,-0.029749433438938766,1.0,150.0,1.0
quality_linear,1.0,0.0042798423176393504,shift_philpapers_up__github_down,-1.3100321785747664,3.7062929735169132,2.3489103009426024,2.2552507043469276,-0.0936595965956748,1.0,150.0,1.0
quality_linear,2.0,0.0042798423176393504,reference_p0,0.0,1.0,2.3489103009426024,2.3489103009426024,0.0,1.0,150.0,1.0
quality_linear,2.0,0.0042798423176393504,shift_arxiv_up__freelaw_down,-0.9816522163185311,7.122825115692661,2.3489103009426024,2.219914490090738,-0.1289958108518645,1.0,150.0,1.0
quality_linear,2.0,0.0042798423176393504,shift_arxiv_up__pubmed_central_down,-0.9816522163185311,7.122825115692661,2.3489103009426024,2.219914490090738,-0.1289958108518645,1.0,150.0,1.0
quality_linear,2.0,0.0042798423176393504,shift_arxiv_up__wikipedia_en_down,-1.402650663907897,16.532056724138723,2.3489103009426024,2.1829349615004467,-0.1659753394421557,1.0,150.0,1.0
quality_linear,2.0,0.0042798423176393504,shift_arxiv_up__github_down,-2.262605482454893,92.31539908433854,2.3489103009426024,2.1297685071130528,-0.21914179382954968,1.0,150.0,1.0
quality_linear,2.0,0.0042798423176393504,shift_arxiv_up__stackexchange_down,0.39071913127711705,0.4577471770064501,2.3489103009426024,2.4235051655988618,0.07459486465625931,1.0,150.0,1.0
quality_linear,2.0,0.0042798423176393504,shift_arxiv_up__pile_cc_down,-1.4589749233602975,18.503313917548553,2.3489103009426024,2.178616077418443,-0.17029422352415935,1.0,150.0,1.0
quality_linear,2.0,0.0042798423176393504,shift_arxiv_up__pubmed_abstracts_down,-0.9816522163185311,7.122825115692661,2.3489103009426024,2.219914490090738,-0.1289958108518645,1.0,150.0,1.0
quality_linear,2.0,0.0042798423176393504,shift_arxiv_up__uspto_backgrounds_down,-0.9816522163185311,7.122825115692661,2.3489103009426024,2.219914490090738,-0.1289958108518645,1.0,150.0,1.0
quality_linear,2.0,0.0042798423176393504,shift_freelaw_up__arxiv_down,1.1723991506222478,0.09586653634166459,2.3489103009426024,2.6319405763610413,0.28303027541843884,1.0,150.0,1.0
quality_linear,2.0,0.0042798423176393504,shift_freelaw_up__pubmed_central_down,0.0,1.0,2.3489103009426024,2.3489103009426024,0.0,1.0,150.0,1.0
quality_linear,2.0,0.0042798423176393504,shift_freelaw_up__wikipedia_en_down,-0.3665275332404914,2.0814298105641105,2.3489103009426024,2.292311908545986,-0.05659839239661624,1.0,150.0,1.0
quality_linear,2.0,0.0042798423176393504,shift_freelaw_up__github_down,-1.3100321785747664,13.736607605540843,2.3489103009426024,2.1903396757027145,-0.15857062523988796,1.0,150.0,1.0
quality_linear,2.0,0.0042798423176393504,shift_freelaw_up__stackexchange_down,1.6010790154595766,0.04067433273038517,2.3489103009426024,2.7914464858136667,0.4425361848710643,1.0,150.0,1.0
quality_linear,2.0,0.0042798423176393504,shift_freelaw_up__pile_cc_down,-0.428324036140665,2.3552528106032056,2.3489103009426024,2.2838618634817194,-0.06504843746088307,1.0,150.0,1.0
quality_linear,2.0,0.0042798423176393504,shift_freelaw_up__pubmed_abstracts_down,0.0,1.0,2.3489103009426024,2.3489103009426024,0.0,1.0,150.0,1.0
quality_linear,2.0,0.0042798423176393504,shift_freelaw_up__uspto_backgrounds_down,0.0,1.0,2.3489103009426024,2.3489103009426024,0.0,1.0,150.0,1.0
quality_linear,2.0,0.0042798423176393504,shift_nih_exporter_up__arxiv_down,1.1723991506222478,0.09586653634166459,2.3489103009426024,2.6319405763610413,0.28303027541843884,1.0,150.0,1.0
quality_linear,2.0,0.0042798423176393504,shift_nih_exporter_up__freelaw_down,0.0,1.0,2.3489103009426024,2.3489103009426024,0.0,1.0,150.0,1.0
quality_linear,2.0,0.0042798423176393504,shift_nih_exporter_up__pubmed_central_down,0.0,1.0,2.3489103009426024,2.3489103009426024,0.0,1.0,150.0,1.0
quality_linear,2.0,0.0042798423176393504,shift_nih_exporter_up__wikipedia_en_down,-0.3665275332404914,2.0814298105641105,2.3489103009426024,2.292311908545986,-0.05659839239661624,1.0,150.0,1.0
quality_linear,2.0,0.0042798423176393504,shift_nih_exporter_up__github_down,-1.3100321785747664,13.736607605540843,2.3489103009426024,2.1903396757027145,-0.15857062523988796,1.0,150.0,1.0
quality_linear,2.0,0.0042798423176393504,shift_nih_exporter_up__stackexchange_down,1.6010790154595766,0.04067433273038517,2.3489103009426024,2.7914464858136667,0.4425361848710643,1.0,150.0,1.0
quality_linear,2.0,0.0042798423176393504,shift_nih_exporter_up__pile_cc_down,-0.428324036140665,2.3552528106032056,2.3489103009426024,2.2838618634817194,-0.06504843746088307,1.0,150.0,1.0
quality_linear,2.0,0.0042798423176393504,shift_nih_exporter_up__pubmed_abstracts_down,0.0,1.0,2.3489103009426024,2.3489103009426024,0.0,1.0,150.0,1.0
quality_linear,2.0,0.0042798423176393504,shift_nih_exporter_up__uspto_backgrounds_down,0.0,1.0,2.3489103009426024,2.3489103009426024,0.0,1.0,150.0,1.0
quality_linear,2.0,0.0042798423176393504,shift_pubmed_central_up__arxiv_down,1.1723991506222478,0.09586653634166459,2.3489103009426024,2.6319405763610413,0.28303027541843884,1.0,150.0,1.0
quality_linear,2.0,0.0042798423176393504,shift_pubmed_central_up__freelaw_down,0.0,1.0,2.3489103009426024,2.3489103009426024,0.0,1.0,150.0,1.0
quality_linear,2.0,0.0042798423176393504,shift_pubmed_central_up__wikipedia_en_down,-0.3665275332404914,2.0814298105641105,2.3489103009426024,2.292311908545986,-0.05659839239661624,1.0,150.0,1.0
quality_linear,2.0,0.0042798423176393504,shift_pubmed_central_up__github_down,-1.3100321785747664,13.736607605540843,2.3489103009426024,2.1903396757027145,-0.15857062523988796,1.0,150.0,1.0
quality_linear,2.0,0.0042798423176393504,shift_pubmed_central_up__stackexchange_down,1.6010790154595766,0.04067433273038517,2.3489103009426024,2.7914464858136667,0.4425361848710643,1.0,150.0,1.0
quality_linear,2.0,0.0042798423176393504,shift_pubmed_central_up__pile_cc_down,-0.428324036140665,2.3552528106032056,2.3489103009426024,2.2838618634817194,-0.06504843746088307,1.0,150.0,1.0
quality_linear,2.0,0.0042798423176393504,shift_pubmed_central_up__pubmed_abstracts_down,0.0,1.0,2.3489103009426024,2.3489103009426024,0.0,1.0,150.0,1.0
quality_linear,2.0,0.0042798423176393504,shift_pubmed_central_up__uspto_backgrounds_down,0.0,1.0,2.3489103009426024,2.3489103009426024,0.0,1.0,150.0,1.0
quality_linear,2.0,0.0042798423176393504,shift_wikipedia_en_up__arxiv_down,1.402650663907897,0.060488541546066914,2.3489103009426024,2.7128476392749667,0.3639373383323643,1.0,150.0,1.0
quality_linear,2.0,0.0042798423176393504,shift_wikipedia_en_up__freelaw_down,0.3068942562405904,0.5412962719162786,2.3489103009426024,2.4060993396091748,0.05718903866657232,1.0,150.0,1.0
quality_linear,2.0,0.0042798423176393504,shift_wikipedia_en_up__pubmed_central_down,0.3068942562405904,0.5412962719162786,2.3489103009426024,2.4060993396091748,0.05718903866657232,1.0,150.0,1.0
quality_linear,2.0,0.0042798423176393504,shift_wikipedia_en_up__github_down,-0.8599548185469831,5.584023852854614,2.3489103009426024,2.2323311876637857,-0.11657911327881676,1.0,150.0,1.0
quality_linear,2.0,0.0042798423176393504,shift_wikipedia_en_up__stackexchange_down,1.7933697951850143,0.027688459133949496,2.3489103009426024,2.876413242379055,0.5275029414364525,1.0,150.0,1.0
quality_linear,2.0,0.0042798423176393504,shift_wikipedia_en_up__pile_cc_down,-0.056324259452400376,1.1192384726415536,2.3489103009426024,2.3394402002478043,-0.009470100694798145,1.0,150.0,1.0
quality_linear,2.0,0.0042798423176393504,shift_wikipedia_en_up__pubmed_abstracts_down,0.3068942562405904,0.5412962719162786,2.3489103009426024,2.4060993396091748,0.05718903866657232,1.0,150.0,1.0
quality_linear,2.0,0.0042798423176393504,shift_wikipedia_en_up__uspto_backgrounds_down,0.3068942562405904,0.5412962719162786,2.3489103009426024,2.4060993396091748,0.05718903866657232,1.0,150.0,1.0
quality_linear,2.0,0.0042798423176393504,shift_dm_mathematics_up__arxiv_down,1.1723991506222478,0.09586653634166459,2.3489103009426024,2.6319405763610413,0.28303027541843884,1.0,150.0,1.0
quality_linear,2.0,0.0042798423176393504,shift_dm_mathematics_up__freelaw_down,0.0,1.0,2.3489103009426024,2.3489103009426024,0.0,1.0,150.0,1.0
quality_linear,2.0,0.0042798423176393504,shift_dm_mathematics_up__pubmed_central_down,0.0,1.0,2.3489103009426024,2.3489103009426024,0.0,1.0,150.0,1.0
quality_linear,2.0,0.0042798423176393504,shift_dm_mathematics_up__wikipedia_en_down,-0.3665275332404914,2.0814298105641105,2.3489103009426024,2.292311908545986,-0.05659839239661624,1.0,150.0,1.0
quality_linear,2.0,0.0042798423176393504,shift_dm_mathematics_up__github_down,-1.3100321785747664,13.736607605540843,2.3489103009426024,2.1903396757027145,-0.15857062523988796,1.0,150.0,1.0
quality_linear,2.0,0.0042798423176393504,shift_dm_mathematics_up__stackexchange_down,1.6010790154595766,0.04067433273038517,2.3489103009426024,2.7914464858136667,0.4425361848710643,1.0,150.0,1.0
quality_linear,2.0,0.0042798423176393504,shift_dm_mathematics_up__pile_cc_down,-0.428324036140665,2.3552528106032056,2.3489103009426024,2.2838618634817194,-0.06504843746088307,1.0,150.0,1.0
quality_linear,2.0,0.0042798423176393504,shift_dm_mathematics_up__pubmed_abstracts_down,0.0,1.0,2.3489103009426024,2.3489103009426024,0.0,1.0,150.0,1.0
quality_linear,2.0,0.0042798423176393504,shift_dm_mathematics_up__uspto_backgrounds_down,0.0,1.0,2.3489103009426024,2.3489103009426024,0.0,1.0,150.0,1.0
quality_linear,2.0,0.0042798423176393504,shift_github_up__arxiv_down,2.262605482454919,0.010832428932970949,2.3489103009426024,3.1265214235795353,0.7776111226369329,1.0,150.0,1.0
quality_linear,2.0,0.0042798423176393504,shift_github_up__freelaw_down,1.0968926332503828,0.11149391467236887,2.3489103009426024,2.6075997446729353,0.25868944373033287,1.0,150.0,1.0
quality_linear,2.0,0.0042798423176393504,shift_github_up__pubmed_central_down,1.0968926332503828,0.11149391467236887,2.3489103009426024,2.6075997446729353,0.25868944373033287,1.0,150.0,1.0
quality_linear,2.0,0.0042798423176393504,shift_github_up__wikipedia_en_down,0.859954818546996,0.17908232958008646,2.3489103009426024,2.5375681811229702,0.18865788018036778,1.0,150.0,1.0
quality_linear,2.0,0.0042798423176393504,shift_github_up__stackexchange_down,2.65332461373201,0.004958513764190701,2.3489103009426024,3.391216694320162,1.0423063933775594,1.0,150.0,1.0
quality_linear,2.0,0.0042798423176393504,shift_github_up__pile_cc_down,0.8036305590945956,0.2004358330363073,2.3489103009426024,2.5222428876640786,0.1733325867214761,1.0,150.0,1.0
quality_linear,2.0,0.0042798423176393504,shift_github_up__pubmed_abstracts_down,1.0968926332503828,0.11149391467236887,2.3489103009426024,2.6075997446729353,0.25868944373033287,1.0,150.0,1.0
quality_linear,2.0,0.0042798423176393504,shift_github_up__uspto_backgrounds_down,1.0968926332503828,0.11149391467236887,2.3489103009426024,2.6075997446729353,0.25868944373033287,1.0,150.0,1.0
quality_linear,2.0,0.0042798423176393504,shift_philpapers_up__arxiv_down,1.1723991506222478,0.09586653634166459,2.3489103009426024,2.6319405763610413,0.28303027541843884,1.0,150.0,1.0
quality_linear,2.0,0.0042798423176393504,shift_philpapers_up__freelaw_down,0.0,1.0,2.3489103009426024,2.3489103009426024,0.0,1.0,150.0,1.0
quality_linear,2.0,0.0042798423176393504,shift_philpapers_up__pubmed_central_down,0.0,1.0,2.3489103009426024,2.3489103009426024,0.0,1.0,150.0,1.0
quality_linear,2.0,0.0042798423176393504,shift_philpapers_up__wikipedia_en_down,-0.3665275332404914,2.0814298105641105,2.3489103009426024,2.292311908545986,-0.05659839239661624,1.0,150.0,1.0
quality_linear,2.0,0.0042798423176393504,shift_philpapers_up__github_down,-1.3100321785747664,13.736607605540843,2.3489103009426024,2.1903396757027145,-0.15857062523988796,1.0,150.0,1.0
quality_linear,5.0,0.0042798423176393504,reference_p0,0.0,1.0,2.3489103009426024,2.3489103009426024,0.0,1.0,150.0,1.0
quality_linear,5.0,0.0042798423176393504,shift_arxiv_up__freelaw_down,-0.9816522163185311,135.40375349092596,2.3489103009426024,2.1210266472857198,-0.22788365365688268,1.0,150.0,1.0
quality_linear,5.0,0.0042798423176393504,shift_arxiv_up__pubmed_central_down,-0.9816522163185311,135.40375349092596,2.3489103009426024,2.1210266472857198,-0.22788365365688268,1.0,150.0,1.0
quality_linear,5.0,0.0042798423176393504,shift_arxiv_up__wikipedia_en_down,-1.402650663907897,1111.2639270627826,2.3489103009426024,2.086635767794134,-0.2622745331484686,1.0,150.0,1.0
quality_linear,5.0,0.0042798423176393504,shift_arxiv_up__github_down,-2.262605482454893,81881.42247259364,2.3489103009426024,2.0566424519964577,-0.29226784894614477,1.0,150.0,1.0
quality_linear,5.0,0.0042798423176393504,shift_arxiv_up__stackexchange_down,0.39071913127711705,0.1417634215237617,2.3489103009426024,2.570943379848173,0.22203307890557067,1.0,150.0,1.0
quality_linear,5.0,0.0042798423176393504,shift_arxiv_up__pile_cc_down,-1.4589749233602975,1472.7322334398102,2.3489103009426024,2.08338742293935,-0.2655228780032526,1.0,150.0,1.0
quality_linear,5.0,0.0042798423176393504,shift_arxiv_up__pubmed_abstracts_down,-0.9816522163185311,135.40375349092596,2.3489103009426024,2.1210266472857198,-0.22788365365688268,1.0,150.0,1.0
quality_linear,5.0,0.0042798423176393504,shift_arxiv_up__uspto_backgrounds_down,-0.9816522163185311,135.40375349092596,2.3489103009426024,2.1210266472857198,-0.22788365365688268,1.0,150.0,1.0
quality_linear,5.0,0.0042798423176393504,shift_freelaw_up__arxiv_down,1.1723991506222478,0.0028455589787486665,2.3489103009426024,3.6178011940581847,1.2688908931155822,1.0,150.0,1.0
quality_linear,5.0,0.0042798423176393504,shift_freelaw_up__pubmed_central_down,0.0,1.0,2.3489103009426024,2.3489103009426024,0.0,1.0,150.0,1.0
quality_linear,5.0,0.0042798423176393504,shift_freelaw_up__wikipedia_en_down,-0.3665275332404914,6.25035127520959,2.3489103009426024,2.2264751748889204,-0.12243512605368201,1.0,150.0,1.0
quality_linear,5.0,0.0042798423176393504,shift_freelaw_up__github_down,-1.3100321785747664,699.3566862715041,2.3489103009426024,2.0925666000122316,-0.25634370093037084,1.0,150.0,1.0
quality_linear,5.0,0.0042798423176393504,shift_freelaw_up__stackexchange_down,1.6010790154595766,0.0003336576544581433,2.3489103009426024,4.911521577374591,2.562611276431989,1.0,150.0,1.0
quality_linear,5.0,0.0042798423176393504,shift_freelaw_up__pile_cc_down,-0.428324036140665,8.513219415198929,2.3489103009426024,2.2113398429363573,-0.13757045800624512,1.0,150.0,1.0
quality_linear,5.0,0.0042798423176393504,shift_freelaw_up__pubmed_abstracts_down,0.0,1.0,2.3489103009426024,2.3489103009426024,0.0,1.0,150.0,1.0
quality_linear,5.0,0.0042798423176393504,shift_freelaw_up__uspto_backgrounds_down,0.0,1.0,2.3489103009426024,2.3489103009426024,0.0,1.0,150.0,1.0
quality_linear,5.0,0.0042798423176393504,shift_nih_exporter_up__arxiv_down,1.1723991506222478,0.0028455589787486665,2.3489103009426024,3.6178011940581847,1.2688908931155822,1.0,150.0,1.0
quality_linear,5.0,0.0042798423176393504,shift_nih_exporter_up__freelaw_down,0.0,1.0,2.3489103009426024,2.3489103009426024,0.0,1.0,150.0,1.0
quality_linear,5.0,0.0042798423176393504,shift_nih_exporter_up__pubmed_central_down,0.0,1.0,2.3489103009426024,2.3489103009426024,0.0,1.0,150.0,1.0
quality_linear,5.0,0.0042798423176393504,shift_nih_exporter_up__wikipedia_en_down,-0.3665275332404914,6.25035127520959,2.3489103009426024,2.2264751748889204,-0.12243512605368201,1.0,150.0,1.0
quality_linear,5.0,0.0042798423176393504,shift_nih_exporter_up__github_down,-1.3100321785747664,699.3566862715041,2.3489103009426024,2.0925666000122316,-0.25634370093037084,1.0,150.0,1.0
quality_linear,5.0,0.0042798423176393504,shift_nih_exporter_up__stackexchange_down,1.6010790154595766,0.0003336576544581433,2.3489103009426024,4.911521577374591,2.562611276431989,1.0,150.0,1.0
quality_linear,5.0,0.0042798423176393504,shift_nih_exporter_up__pile_cc_down,-0.428324036140665,8.513219415198929,2.3489103009426024,2.2113398429363573,-0.13757045800624512,1.0,150.0,1.0
quality_linear,5.0,0.0042798423176393504,shift_nih_exporter_up__pubmed_abstracts_down,0.0,1.0,2.3489103009426024,2.3489103009426024,0.0,1.0,150.0,1.0
quality_linear,5.0,0.0042798423176393504,shift_nih_exporter_up__uspto_backgrounds_down,0.0,1.0,2.3489103009426024,2.3489103009426024,0.0,1.0,150.0,1.0
quality_linear,5.0,0.0042798423176393504,shift_pubmed_central_up__arxiv_down,1.1723991506222478,0.0028455589787486665,2.3489103009426024,3.6178011940581847,1.2688908931155822,1.0,150.0,1.0
quality_linear,5.0,0.0042798423176393504,shift_pubmed_central_up__freelaw_down,0.0,1.0,2.3489103009426024,2.3489103009426024,0.0,1.0,150.0,1.0
quality_linear,5.0,0.0042798423176393504,shift_pubmed_central_up__wikipedia_en_down,-0.3665275332404914,6.25035127520959,2.3489103009426024,2.2264751748889204,-0.12243512605368201,1.0,150.0,1.0
quality_linear,5.0,0.0042798423176393504,shift_pubmed_central_up__github_down,-1.3100321785747664,699.3566862715041,2.3489103009426024,2.0925666000122316,-0.25634370093037084,1.0,150.0,1.0
quality_linear,5.0,0.0042798423176393504,shift_pubmed_central_up__stackexchange_down,1.6010790154595766,0.0003336576544581433,2.3489103009426024,4.911521577374591,2.562611276431989,1.0,150.0,1.0
quality_linear,5.0,0.0042798423176393504,shift_pubmed_central_up__pile_cc_down,-0.428324036140665,8.513219415198929,2.3489103009426024,2.2113398429363573,-0.13757045800624512,1.0,150.0,1.0
quality_linear,5.0,0.0042798423176393504,shift_pubmed_central_up__pubmed_abstracts_down,0.0,1.0,2.3489103009426024,2.3489103009426024,0.0,1.0,150.0,1.0
quality_linear,5.0,0.0042798423176393504,shift_pubmed_central_up__uspto_backgrounds_down,0.0,1.0,2.3489103009426024,2.3489103009426024,0.0,1.0,150.0,1.0
quality_linear,5.0,0.0042798423176393504,shift_wikipedia_en_up__arxiv_down,1.402650663907897,0.0008998762361009342,2.3489103009426024,4.216208787445154,1.867298486502552,1.0,150.0,1.0
quality_linear,5.0,0.0042798423176393504,shift_wikipedia_en_up__freelaw_down,0.3068942562405904,0.21556963676352872,2.3489103009426024,2.512594080849532,0.1636837799069295,1.0,150.0,1.0
quality_linear,5.0,0.0042798423176393504,shift_wikipedia_en_up__pubmed_central_down,0.3068942562405904,0.21556963676352872,2.3489103009426024,2.512594080849532,0.1636837799069295,1.0,150.0,1.0
quality_linear,5.0,0.0042798423176393504,shift_wikipedia_en_up__github_down,-0.8599548185469831,73.68314626122323,2.3489103009426024,2.1353688925493994,-0.213541408393203,1.0,150.0,1.0
quality_linear,5.0,0.0042798423176393504,shift_wikipedia_en_up__stackexchange_down,1.7933697951850143,0.00012756953417759277,2.3489103009426024,5.797002878342175,3.4480925773995725,1.0,150.0,1.0
quality_linear,5.0,0.0042798423176393504,shift_wikipedia_en_up__pile_cc_down,-0.056324259452400376,1.3252767390123374,2.3489103009426024,2.325783276911097,-0.02312702403150535,1.0,150.0,1.0
quality_linear,5.0,0.0042798423176393504,shift_wikipedia_en_up__pubmed_abstracts_down,0.3068942562405904,0.21556963676352872,2.3489103009426024,2.512594080849532,0.1636837799069295,1.0,150.0,1.0
quality_linear,5.0,0.0042798423176393504,shift_wikipedia_en_up__uspto_backgrounds_down,0.3068942562405904,0.21556963676352872,2.3489103009426024,2.512594080849532,0.1636837799069295,1.0,150.0,1.0
quality_linear,5.0,0.0042798423176393504,shift_dm_mathematics_up__arxiv_down,1.1723991506222478,0.0028455589787486665,2.3489103009426024,3.6178011940581847,1.2688908931155822,1.0,150.0,1.0
quality_linear,5.0,0.0042798423176393504,shift_dm_mathematics_up__freelaw_down,0.0,1.0,2.3489103009426024,2.3489103009426024,0.0,1.0,150.0,1.0
quality_linear,5.0,0.0042798423176393504,shift_dm_mathematics_up__pubmed_central_down,0.0,1.0,2.3489103009426024,2.3489103009426024,0.0,1.0,150.0,1.0
quality_linear,5.0,0.0042798423176393504,shift_dm_mathematics_up__wikipedia_en_down,-0.3665275332404914,6.25035127520959,2.3489103009426024,2.2264751748889204,-0.12243512605368201,1.0,150.0,1.0
quality_linear,5.0,0.0042798423176393504,shift_dm_mathematics_up__github_down,-1.3100321785747664,699.3566862715041,2.3489103009426024,2.0925666000122316,-0.25634370093037084,1.0,150.0,1.0
quality_linear,5.0,0.0042798423176393504,shift_dm_mathematics_up__stackexchange_down,1.6010790154595766,0.0003336576544581433,2.3489103009426024,4.911521577374591,2.562611276431989,1.0,150.0,1.0
quality_linear,5.0,0.0042798423176393504,shift_dm_mathematics_up__pile_cc_down,-0.428324036140665,8.513219415198929,2.3489103009426024,2.2113398429363573,-0.13757045800624512,1.0,150.0,1.0
quality_linear,5.0,0.0042798423176393504,shift_dm_mathematics_up__pubmed_abstracts_down,0.0,1.0,2.3489103009426024,2.3489103009426024,0.0,1.0,150.0,1.0
quality_linear,5.0,0.0042798423176393504,shift_dm_mathematics_up__uspto_backgrounds_down,0.0,1.0,2.3489103009426024,2.3489103009426024,0.0,1.0,150.0,1.0
quality_linear,5.0,0.0042798423176393504,shift_github_up__arxiv_down,2.262605482454919,1.2212782457883878e-05,2.3489103009426024,9.281159595555634,6.932249294613031,1.0,150.0,1.0
quality_linear,5.0,0.0042798423176393504,shift_github_up__freelaw_down,1.0968926332503828,0.004150762750810058,2.3489103009426024,3.459970260878676,1.1110599599360738,1.0,150.0,1.0
quality_linear,5.0,0.0042798423176393504,shift_github_up__pubmed_central_down,1.0968926332503828,0.004150762750810058,2.3489103009426024,3.459970260878676,1.1110599599360738,1.0,150.0,1.0
quality_linear,5.0,0.0042798423176393504,shift_github_up__wikipedia_en_down,0.859954818546996,0.013571624594513262,2.3489103009426024,3.060316440999606,0.7114061400570035,1.0,150.0,1.0
quality_linear,5.0,0.0042798423176393504,shift_github_up__stackexchange_down,2.65332461373201,1.731325827555218e-06,2.3489103009426024,14.547522831107374,12.198612530164771,1.0,150.0,1.0
quality_linear,5.0,0.0042798423176393504,shift_github_up__pile_cc_down,0.8036305590945956,0.017986158385716176,2.3489103009426024,2.9832695252699706,0.6343592243273681,1.0,150.0,1.0
quality_linear,5.0,0.0042798423176393504,shift_github_up__pubmed_abstracts_down,1.0968926332503828,0.004150762750810058,2.3489103009426024,3.459970260878676,1.1110599599360738,1.0,150.0,1.0
quality_linear,5.0,0.0042798423176393504,shift_github_up__uspto_backgrounds_down,1.0968926332503828,0.004150762750810058,2.3489103009426024,3.459970260878676,1.1110599599360738,1.0,150.0,1.0
quality_linear,5.0,0.0042798423176393504,shift_philpapers_up__arxiv_down,1.1723991506222478,0.0028455589787486665,2.3489103009426024,3.6178011940581847,1.2688908931155822,1.0,150.0,1.0
quality_linear,5.0,0.0042798423176393504,shift_philpapers_up__freelaw_down,0.0,1.0,2.3489103009426024,2.3489103009426024,0.0,1.0,150.0,1.0
quality_linear,5.0,0.0042798423176393504,shift_philpapers_up__pubmed_central_down,0.0,1.0,2.3489103009426024,2.3489103009426024,0.0,1.0,150.0,1.0
quality_linear,5.0,0.0042798423176393504,shift_philpapers_up__wikipedia_en_down,-0.3665275332404914,6.25035127520959,2.3489103009426024,2.2264751748889204,-0.12243512605368201,1.0,150.0,1.0
quality_linear,5.0,0.0042798423176393504,shift_philpapers_up__github_down,-1.3100321785747664,699.3566862715041,2.3489103009426024,2.0925666000122316,-0.25634370093037084,1.0,150.0,1.0
mixture_l1,0.0,0.09999999999999995,reference_p0,0.0,1.0,2.3489103009426024,2.3489103009426024,0.0,1.0,150.0,1.0
mixture_l1,0.0,0.09999999999999995,shift_arxiv_up__freelaw_down,1.0000000000000004,1.0,2.3489103009426024,2.3489103009426024,0.0,1.0,150.0,1.0
mixture_l1,0.0,0.09999999999999995,shift_arxiv_up__pubmed_central_down,1.0000000000000004,1.0,2.3489103009426024,2.3489103009426024,0.0,1.0,150.0,1.0
mixture_l1,0.0,0.09999999999999995,shift_arxiv_up__wikipedia_en_down,1.0000000000000004,1.0,2.3489103009426024,2.3489103009426024,0.0,1.0,150.0,1.0
mixture_l1,0.0,0.09999999999999995,shift_arxiv_up__github_down,1.0000000000000004,1.0,2.3489103009426024,2.3489103009426024,0.0,1.0,150.0,1.0
mixture_l1,0.0,0.09999999999999995,shift_arxiv_up__stackexchange_down,1.0000000000000004,1.0,2.3489103009426024,2.3489103009426024,0.0,1.0,150.0,1.0
mixture_l1,0.0,0.09999999999999995,shift_arxiv_up__pile_cc_down,1.0000000000000004,1.0,2.3489103009426024,2.3489103009426024,0.0,1.0,150.0,1.0
mixture_l1,0.0,0.09999999999999995,shift_arxiv_up__pubmed_abstracts_down,1.0000000000000004,1.0,2.3489103009426024,2.3489103009426024,0.0,1.0,150.0,1.0
mixture_l1,0.0,0.09999999999999995,shift_arxiv_up__uspto_backgrounds_down,1.0000000000000004,1.0,2.3489103009426024,2.3489103009426024,0.0,1.0,150.0,1.0
mixture_l1,0.0,0.09999999999999995,shift_freelaw_up__arxiv_down,1.0000000000000004,1.0,2.3489103009426024,2.3489103009426024,0.0,1.0,150.0,1.0
mixture_l1,0.0,0.09999999999999995,shift_freelaw_up__pubmed_central_down,1.0000000000000004,1.0,2.3489103009426024,2.3489103009426024,0.0,1.0,150.0,1.0
mixture_l1,0.0,0.09999999999999995,shift_freelaw_up__wikipedia_en_down,1.0000000000000004,1.0,2.3489103009426024,2.3489103009426024,0.0,1.0,150.0,1.0
mixture_l1,0.0,0.09999999999999995,shift_freelaw_up__github_down,1.0000000000000004,1.0,2.3489103009426024,2.3489103009426024,0.0,1.0,150.0,1.0
mixture_l1,0.0,0.09999999999999995,shift_freelaw_up__stackexchange_down,1.0000000000000004,1.0,2.3489103009426024,2.3489103009426024,0.0,1.0,150.0,1.0
mixture_l1,0.0,0.09999999999999995,shift_freelaw_up__pile_cc_down,1.0000000000000004,1.0,2.3489103009426024,2.3489103009426024,0.0,1.0,150.0,1.0
mixture_l1,0.0,0.09999999999999995,shift_freelaw_up__pubmed_abstracts_down,1.0000000000000004,1.0,2.3489103009426024,2.3489103009426024,0.0,1.0,150.0,1.0
mixture_l1,0.0,0.09999999999999995,shift_freelaw_up__uspto_backgrounds_down,1.0000000000000004,1.0,2.3489103009426024,2.3489103009426024,0.0,1.0,150.0,1.0
mixture_l1,0.0,0.09999999999999995,shift_nih_exporter_up__arxiv_down,1.0000000000000007,1.0,2.3489103009426024,2.3489103009426024,0.0,1.0,150.0,1.0
mixture_l1,0.0,0.09999999999999995,shift_nih_exporter_up__freelaw_down,1.0000000000000007,1.0,2.3489103009426024,2.3489103009426024,0.0,1.0,150.0,1.0
mixture_l1,0.0,0.09999999999999995,shift_nih_exporter_up__pubmed_central_down,1.0000000000000007,1.0,2.3489103009426024,2.3489103009426024,0.0,1.0,150.0,1.0
mixture_l1,0.0,0.09999999999999995,shift_nih_exporter_up__wikipedia_en_down,1.0000000000000007,1.0,2.3489103009426024,2.3489103009426024,0.0,1.0,150.0,1.0
mixture_l1,0.0,0.09999999999999995,shift_nih_exporter_up__github_down,1.0000000000000007,1.0,2.3489103009426024,2.3489103009426024,0.0,1.0,150.0,1.0
mixture_l1,0.0,0.09999999999999995,shift_nih_exporter_up__stackexchange_down,1.0000000000000007,1.0,2.3489103009426024,2.3489103009426024,0.0,1.0,150.0,1.0
mixture_l1,0.0,0.09999999999999995,shift_nih_exporter_up__pile_cc_down,1.0000000000000007,1.0,2.3489103009426024,2.3489103009426024,0.0,1.0,150.0,1.0
mixture_l1,0.0,0.09999999999999995,shift_nih_exporter_up__pubmed_abstracts_down,1.0000000000000007,1.0,2.3489103009426024,2.3489103009426024,0.0,1.0,150.0,1.0
mixture_l1,0.0,0.09999999999999995,shift_nih_exporter_up__uspto_backgrounds_down,1.0000000000000007,1.0,2.3489103009426024,2.3489103009426024,0.0,1.0,150.0,1.0
mixture_l1,0.0,0.09999999999999995,shift_pubmed_central_up__arxiv_down,1.0000000000000007,1.0,2.3489103009426024,2.3489103009426024,0.0,1.0,150.0,1.0
mixture_l1,0.0,0.09999999999999995,shift_pubmed_central_up__freelaw_down,1.0000000000000007,1.0,2.3489103009426024,2.3489103009426024,0.0,1.0,150.0,1.0
mixture_l1,0.0,0.09999999999999995,shift_pubmed_central_up__wikipedia_en_down,1.0000000000000007,1.0,2.3489103009426024,2.3489103009426024,0.0,1.0,150.0,1.0
mixture_l1,0.0,0.09999999999999995,shift_pubmed_central_up__github_down,1.0000000000000007,1.0,2.3489103009426024,2.3489103009426024,0.0,1.0,150.0,1.0
mixture_l1,0.0,0.09999999999999995,shift_pubmed_central_up__stackexchange_down,1.0000000000000007,1.0,2.3489103009426024,2.3489103009426024,0.0,1.0,150.0,1.0
mixture_l1,0.0,0.09999999999999995,shift_pubmed_central_up__pile_cc_down,1.0000000000000007,1.0,2.3489103009426024,2.3489103009426024,0.0,1.0,150.0,1.0
mixture_l1,0.0,0.09999999999999995,shift_pubmed_central_up__pubmed_abstracts_down,1.0000000000000007,1.0,2.3489103009426024,2.3489103009426024,0.0,1.0,150.0,1.0
mixture_l1,0.0,0.09999999999999995,shift_pubmed_central_up__uspto_backgrounds_down,1.0000000000000007,1.0,2.3489103009426024,2.3489103009426024,0.0,1.0,150.0,1.0
mixture_l1,0.0,0.09999999999999995,shift_wikipedia_en_up__arxiv_down,1.0000000000000007,1.0,2.3489103009426024,2.3489103009426024,0.0,1.0,150.0,1.0
mixture_l1,0.0,0.09999999999999995,shift_wikipedia_en_up__freelaw_down,1.0000000000000007,1.0,2.3489103009426024,2.3489103009426024,0.0,1.0,150.0,1.0
mixture_l1,0.0,0.09999999999999995,shift_wikipedia_en_up__pubmed_central_down,1.0000000000000007,1.0,2.3489103009426024,2.3489103009426024,0.0,1.0,150.0,1.0
mixture_l1,0.0,0.09999999999999995,shift_wikipedia_en_up__github_down,1.0000000000000007,1.0,2.3489103009426024,2.3489103009426024,0.0,1.0,150.0,1.0
mixture_l1,0.0,0.09999999999999995,shift_wikipedia_en_up__stackexchange_down,1.0000000000000007,1.0,2.3489103009426024,2.3489103009426024,0.0,1.0,150.0,1.0
mixture_l1,0.0,0.09999999999999995,shift_wikipedia_en_up__pile_cc_down,1.0000000000000007,1.0,2.3489103009426024,2.3489103009426024,0.0,1.0,150.0,1.0
mixture_l1,0.0,0.09999999999999995,shift_wikipedia_en_up__pubmed_abstracts_down,1.0000000000000007,1.0,2.3489103009426024,2.3489103009426024,0.0,1.0,150.0,1.0
mixture_l1,0.0,0.09999999999999995,shift_wikipedia_en_up__uspto_backgrounds_down,1.0000000000000007,1.0,2.3489103009426024,2.3489103009426024,0.0,1.0,150.0,1.0
mixture_l1,0.0,0.09999999999999995,shift_dm_mathematics_up__arxiv_down,1.0000000000000007,1.0,2.3489103009426024,2.3489103009426024,0.0,1.0,150.0,1.0
mixture_l1,0.0,0.09999999999999995,shift_dm_mathematics_up__freelaw_down,1.0000000000000007,1.0,2.3489103009426024,2.3489103009426024,0.0,1.0,150.0,1.0
mixture_l1,0.0,0.09999999999999995,shift_dm_mathematics_up__pubmed_central_down,1.0000000000000007,1.0,2.3489103009426024,2.3489103009426024,0.0,1.0,150.0,1.0
mixture_l1,0.0,0.09999999999999995,shift_dm_mathematics_up__wikipedia_en_down,1.0000000000000007,1.0,2.3489103009426024,2.3489103009426024,0.0,1.0,150.0,1.0
mixture_l1,0.0,0.09999999999999995,shift_dm_mathematics_up__github_down,1.0000000000000007,1.0,2.3489103009426024,2.3489103009426024,0.0,1.0,150.0,1.0
mixture_l1,0.0,0.09999999999999995,shift_dm_mathematics_up__stackexchange_down,1.0000000000000007,1.0,2.3489103009426024,2.3489103009426024,0.0,1.0,150.0,1.0
mixture_l1,0.0,0.09999999999999995,shift_dm_mathematics_up__pile_cc_down,1.0000000000000007,1.0,2.3489103009426024,2.3489103009426024,0.0,1.0,150.0,1.0
mixture_l1,0.0,0.09999999999999995,shift_dm_mathematics_up__pubmed_abstracts_down,1.0000000000000007,1.0,2.3489103009426024,2.3489103009426024,0.0,1.0,150.0,1.0
mixture_l1,0.0,0.09999999999999995,shift_dm_mathematics_up__uspto_backgrounds_down,1.0000000000000007,1.0,2.3489103009426024,2.3489103009426024,0.0,1.0,150.0,1.0
mixture_l1,0.0,0.09999999999999995,shift_github_up__arxiv_down,1.0000000000000004,1.0,2.3489103009426024,2.3489103009426024,0.0,1.0,150.0,1.0
mixture_l1,0.0,0.09999999999999995,shift_github_up__freelaw_down,1.0000000000000004,1.0,2.3489103009426024,2.3489103009426024,0.0,1.0,150.0,1.0
mixture_l1,0.0,0.09999999999999995,shift_github_up__pubmed_central_down,1.0000000000000004,1.0,2.3489103009426024,2.3489103009426024,0.0,1.0,150.0,1.0
mixture_l1,0.0,0.09999999999999995,shift_github_up__wikipedia_en_down,1.0000000000000004,1.0,2.3489103009426024,2.3489103009426024,0.0,1.0,150.0,1.0
mixture_l1,0.0,0.09999999999999995,shift_github_up__stackexchange_down,1.0000000000000004,1.0,2.3489103009426024,2.3489103009426024,0.0,1.0,150.0,1.0
mixture_l1,0.0,0.09999999999999995,shift_github_up__pile_cc_down,1.0000000000000004,1.0,2.3489103009426024,2.3489103009426024,0.0,1.0,150.0,1.0
mixture_l1,0.0,0.09999999999999995,shift_github_up__pubmed_abstracts_down,1.0000000000000004,1.0,2.3489103009426024,2.3489103009426024,0.0,1.0,150.0,1.0
mixture_l1,0.0,0.09999999999999995,shift_github_up__uspto_backgrounds_down,1.0000000000000004,1.0,2.3489103009426024,2.3489103009426024,0.0,1.0,150.0,1.0
mixture_l1,0.0,0.09999999999999995,shift_philpapers_up__arxiv_down,1.0000000000000007,1.0,2.3489103009426024,2.3489103009426024,0.0,1.0,150.0,1.0
mixture_l1,0.0,0.09999999999999995,shift_philpapers_up__freelaw_down,1.0000000000000007,1.0,2.3489103009426024,2.3489103009426024,0.0,1.0,150.0,1.0
mixture_l1,0.0,0.09999999999999995,shift_philpapers_up__pubmed_central_down,1.0000000000000007,1.0,2.3489103009426024,2.3489103009426024,0.0,1.0,150.0,1.0
mixture_l1,0.0,0.09999999999999995,shift_philpapers_up__wikipedia_en_down,1.0000000000000007,1.0,2.3489103009426024,2.3489103009426024,0.0,1.0,150.0,1.0
mixture_l1,0.0,0.09999999999999995,shift_philpapers_up__github_down,1.0000000000000007,1.0,2.3489103009426024,2.3489103009426024,0.0,1.0,150.0,1.0
mixture_l1,0.5,0.09999999999999995,reference_p0,0.0,1.0,2.3489103009426024,2.3489103009426024,0.0,1.0,150.0,1.0
mixture_l1,0.5,0.09999999999999995,shift_arxiv_up__freelaw_down,1.0000000000000004,0.6065306597126333,2.3489103009426024,2.394742321527872,0.04583202058526936,1.0,150.0,1.0
mixture_l1,0.5,0.09999999999999995,shift_arxiv_up__pubmed_central_down,1.0000000000000004,0.6065306597126333,2.3489103009426024,2.394742321527872,0.04583202058526936,1.0,150.0,1.0
mixture_l1,0.5,0.09999999999999995,shift_arxiv_up__wikipedia_en_down,1.0000000000000004,0.6065306597126333,2.3489103009426024,2.394742321527872,0.04583202058526936,1.0,150.0,1.0
mixture_l1,0.5,0.09999999999999995,shift_arxiv_up__github_down,1.0000000000000004,0.6065306597126333,2.3489103009426024,2.394742321527872,0.04583202058526936,1.0,150.0,1.0
mixture_l1,0.5,0.09999999999999995,shift_arxiv_up__stackexchange_down,1.0000000000000004,0.6065306597126333,2.3489103009426024,2.394742321527872,0.04583202058526936,1.0,150.0,1.0
mixture_l1,0.5,0.09999999999999995,shift_arxiv_up__pile_cc_down,1.0000000000000004,0.6065306597126333,2.3489103009426024,2.394742321527872,0.04583202058526936,1.0,150.0,1.0
mixture_l1,0.5,0.09999999999999995,shift_arxiv_up__pubmed_abstracts_down,1.0000000000000004,0.6065306597126333,2.3489103009426024,2.394742321527872,0.04583202058526936,1.0,150.0,1.0
mixture_l1,0.5,0.09999999999999995,shift_arxiv_up__uspto_backgrounds_down,1.0000000000000004,0.6065306597126333,2.3489103009426024,2.394742321527872,0.04583202058526936,1.0,150.0,1.0
mixture_l1,0.5,0.09999999999999995,shift_freelaw_up__arxiv_down,1.0000000000000004,0.6065306597126333,2.3489103009426024,2.394742321527872,0.04583202058526936,1.0,150.0,1.0
mixture_l1,0.5,0.09999999999999995,shift_freelaw_up__pubmed_central_down,1.0000000000000004,0.6065306597126333,2.3489103009426024,2.394742321527872,0.04583202058526936,1.0,150.0,1.0
mixture_l1,0.5,0.09999999999999995,shift_freelaw_up__wikipedia_en_down,1.0000000000000004,0.6065306597126333,2.3489103009426024,2.394742321527872,0.04583202058526936,1.0,150.0,1.0
mixture_l1,0.5,0.09999999999999995,shift_freelaw_up__github_down,1.0000000000000004,0.6065306597126333,2.3489103009426024,2.394742321527872,0.04583202058526936,1.0,150.0,1.0
mixture_l1,0.5,0.09999999999999995,shift_freelaw_up__stackexchange_down,1.0000000000000004,0.6065306597126333,2.3489103009426024,2.394742321527872,0.04583202058526936,1.0,150.0,1.0
mixture_l1,0.5,0.09999999999999995,shift_freelaw_up__pile_cc_down,1.0000000000000004,0.6065306597126333,2.3489103009426024,2.394742321527872,0.04583202058526936,1.0,150.0,1.0
mixture_l1,0.5,0.09999999999999995,shift_freelaw_up__pubmed_abstracts_down,1.0000000000000004,0.6065306597126333,2.3489103009426024,2.394742321527872,0.04583202058526936,1.0,150.0,1.0
mixture_l1,0.5,0.09999999999999995,shift_freelaw_up__uspto_backgrounds_down,1.0000000000000004,0.6065306597126333,2.3489103009426024,2.394742321527872,0.04583202058526936,1.0,150.0,1.0
mixture_l1,0.5,0.09999999999999995,shift_nih_exporter_up__arxiv_down,1.0000000000000007,0.6065306597126332,2.3489103009426024,2.394742321527872,0.04583202058526936,1.0,150.0,1.0
mixture_l1,0.5,0.09999999999999995,shift_nih_exporter_up__freelaw_down,1.0000000000000007,0.6065306597126332,2.3489103009426024,2.394742321527872,0.04583202058526936,1.0,150.0,1.0
mixture_l1,0.5,0.09999999999999995,shift_nih_exporter_up__pubmed_central_down,1.0000000000000007,0.6065306597126332,2.3489103009426024,2.394742321527872,0.04583202058526936,1.0,150.0,1.0
mixture_l1,0.5,0.09999999999999995,shift_nih_exporter_up__wikipedia_en_down,1.0000000000000007,0.6065306597126332,2.3489103009426024,2.394742321527872,0.04583202058526936,1.0,150.0,1.0
mixture_l1,0.5,0.09999999999999995,shift_nih_exporter_up__github_down,1.0000000000000007,0.6065306597126332,2.3489103009426024,2.394742321527872,0.04583202058526936,1.0,150.0,1.0
mixture_l1,0.5,0.09999999999999995,shift_nih_exporter_up__stackexchange_down,1.0000000000000007,0.6065306597126332,2.3489103009426024,2.394742321527872,0.04583202058526936,1.0,150.0,1.0
mixture_l1,0.5,0.09999999999999995,shift_nih_exporter_up__pile_cc_down,1.0000000000000007,0.6065306597126332,2.3489103009426024,2.394742321527872,0.04583202058526936,1.0,150.0,1.0
mixture_l1,0.5,0.09999999999999995,shift_nih_exporter_up__pubmed_abstracts_down,1.0000000000000007,0.6065306597126332,2.3489103009426024,2.394742321527872,0.04583202058526936,1.0,150.0,1.0
mixture_l1,0.5,0.09999999999999995,shift_nih_exporter_up__uspto_backgrounds_down,1.0000000000000007,0.6065306597126332,2.3489103009426024,2.394742321527872,0.04583202058526936,1.0,150.0,1.0
mixture_l1,0.5,0.09999999999999995,shift_pubmed_central_up__arxiv_down,1.0000000000000007,0.6065306597126332,2.3489103009426024,2.394742321527872,0.04583202058526936,1.0,150.0,1.0
mixture_l1,0.5,0.09999999999999995,shift_pubmed_central_up__freelaw_down,1.0000000000000007,0.6065306597126332,2.3489103009426024,2.394742321527872,0.04583202058526936,1.0,150.0,1.0
mixture_l1,0.5,0.09999999999999995,shift_pubmed_central_up__wikipedia_en_down,1.0000000000000007,0.6065306597126332,2.3489103009426024,2.394742321527872,0.04583202058526936,1.0,150.0,1.0
mixture_l1,0.5,0.09999999999999995,shift_pubmed_central_up__github_down,1.0000000000000007,0.6065306597126332,2.3489103009426024,2.394742321527872,0.04583202058526936,1.0,150.0,1.0
mixture_l1,0.5,0.09999999999999995,shift_pubmed_central_up__stackexchange_down,1.0000000000000007,0.6065306597126332,2.3489103009426024,2.394742321527872,0.04583202058526936,1.0,150.0,1.0
mixture_l1,0.5,0.09999999999999995,shift_pubmed_central_up__pile_cc_down,1.0000000000000007,0.6065306597126332,2.3489103009426024,2.394742321527872,0.04583202058526936,1.0,150.0,1.0
mixture_l1,0.5,0.09999999999999995,shift_pubmed_central_up__pubmed_abstracts_down,1.0000000000000007,0.6065306597126332,2.3489103009426024,2.394742321527872,0.04583202058526936,1.0,150.0,1.0
mixture_l1,0.5,0.09999999999999995,shift_pubmed_central_up__uspto_backgrounds_down,1.0000000000000007,0.6065306597126332,2.3489103009426024,2.394742321527872,0.04583202058526936,1.0,150.0,1.0
mixture_l1,0.5,0.09999999999999995,shift_wikipedia_en_up__arxiv_down,1.0000000000000007,0.6065306597126332,2.3489103009426024,2.394742321527872,0.04583202058526936,1.0,150.0,1.0
mixture_l1,0.5,0.09999999999999995,shift_wikipedia_en_up__freelaw_down,1.0000000000000007,0.6065306597126332,2.3489103009426024,2.394742321527872,0.04583202058526936,1.0,150.0,1.0
mixture_l1,0.5,0.09999999999999995,shift_wikipedia_en_up__pubmed_central_down,1.0000000000000007,0.6065306597126332,2.3489103009426024,2.394742321527872,0.04583202058526936,1.0,150.0,1.0
mixture_l1,0.5,0.09999999999999995,shift_wikipedia_en_up__github_down,1.0000000000000007,0.6065306597126332,2.3489103009426024,2.394742321527872,0.04583202058526936,1.0,150.0,1.0
mixture_l1,0.5,0.09999999999999995,shift_wikipedia_en_up__stackexchange_down,1.0000000000000007,0.6065306597126332,2.3489103009426024,2.394742321527872,0.04583202058526936,1.0,150.0,1.0
mixture_l1,0.5,0.09999999999999995,shift_wikipedia_en_up__pile_cc_down,1.0000000000000007,0.6065306597126332,2.3489103009426024,2.394742321527872,0.04583202058526936,1.0,150.0,1.0
mixture_l1,0.5,0.09999999999999995,shift_wikipedia_en_up__pubmed_abstracts_down,1.0000000000000007,0.6065306597126332,2.3489103009426024,2.394742321527872,0.04583202058526936,1.0,150.0,1.0
mixture_l1,0.5,0.09999999999999995,shift_wikipedia_en_up__uspto_backgrounds_down,1.0000000000000007,0.6065306597126332,2.3489103009426024,2.394742321527872,0.04583202058526936,1.0,150.0,1.0
mixture_l1,0.5,0.09999999999999995,shift_dm_mathematics_up__arxiv_down,1.0000000000000007,0.6065306597126332,2.3489103009426024,2.394742321527872,0.04583202058526936,1.0,150.0,1.0
mixture_l1,0.5,0.09999999999999995,shift_dm_mathematics_up__freelaw_down,1.0000000000000007,0.6065306597126332,2.3489103009426024,2.394742321527872,0.04583202058526936,1.0,150.0,1.0
mixture_l1,0.5,0.09999999999999995,shift_dm_mathematics_up__pubmed_central_down,1.0000000000000007,0.6065306597126332,2.3489103009426024,2.394742321527872,0.04583202058526936,1.0,150.0,1.0
mixture_l1,0.5,0.09999999999999995,shift_dm_mathematics_up__wikipedia_en_down,1.0000000000000007,0.6065306597126332,2.3489103009426024,2.394742321527872,0.04583202058526936,1.0,150.0,1.0
mixture_l1,0.5,0.09999999999999995,shift_dm_mathematics_up__github_down,1.0000000000000007,0.6065306597126332,2.3489103009426024,2.394742321527872,0.04583202058526936,1.0,150.0,1.0
mixture_l1,0.5,0.09999999999999995,shift_dm_mathematics_up__stackexchange_down,1.0000000000000007,0.6065306597126332,2.3489103009426024,2.394742321527872,0.04583202058526936,1.0,150.0,1.0
mixture_l1,0.5,0.09999999999999995,shift_dm_mathematics_up__pile_cc_down,1.0000000000000007,0.6065306597126332,2.3489103009426024,2.394742321527872,0.04583202058526936,1.0,150.0,1.0
mixture_l1,0.5,0.09999999999999995,shift_dm_mathematics_up__pubmed_abstracts_down,1.0000000000000007,0.6065306597126332,2.3489103009426024,2.394742321527872,0.04583202058526936,1.0,150.0,1.0
mixture_l1,0.5,0.09999999999999995,shift_dm_mathematics_up__uspto_backgrounds_down,1.0000000000000007,0.6065306597126332,2.3489103009426024,2.394742321527872,0.04583202058526936,1.0,150.0,1.0
mixture_l1,0.5,0.09999999999999995,shift_github_up__arxiv_down,1.0000000000000004,0.6065306597126333,2.3489103009426024,2.394742321527872,0.04583202058526936,1.0,150.0,1.0
mixture_l1,0.5,0.09999999999999995,shift_github_up__freelaw_down,1.0000000000000004,0.6065306597126333,2.3489103009426024,2.394742321527872,0.04583202058526936,1.0,150.0,1.0
mixture_l1,0.5,0.09999999999999995,shift_github_up__pubmed_central_down,1.0000000000000004,0.6065306597126333,2.3489103009426024,2.394742321527872,0.04583202058526936,1.0,150.0,1.0
mixture_l1,0.5,0.09999999999999995,shift_github_up__wikipedia_en_down,1.0000000000000004,0.6065306597126333,2.3489103009426024,2.394742321527872,0.04583202058526936,1.0,150.0,1.0
mixture_l1,0.5,0.09999999999999995,shift_github_up__stackexchange_down,1.0000000000000004,0.6065306597126333,2.3489103009426024,2.394742321527872,0.04583202058526936,1.0,150.0,1.0
mixture_l1,0.5,0.09999999999999995,shift_github_up__pile_cc_down,1.0000000000000004,0.6065306597126333,2.3489103009426024,2.394742321527872,0.04583202058526936,1.0,150.0,1.0
mixture_l1,0.5,0.09999999999999995,shift_github_up__pubmed_abstracts_down,1.0000000000000004,0.6065306597126333,2.3489103009426024,2.394742321527872,0.04583202058526936,1.0,150.0,1.0
mixture_l1,0.5,0.09999999999999995,shift_github_up__uspto_backgrounds_down,1.0000000000000004,0.6065306597126333,2.3489103009426024,2.394742321527872,0.04583202058526936,1.0,150.0,1.0
mixture_l1,0.5,0.09999999999999995,shift_philpapers_up__arxiv_down,1.0000000000000007,0.6065306597126332,2.3489103009426024,2.394742321527872,0.04583202058526936,1.0,150.0,1.0
mixture_l1,0.5,0.09999999999999995,shift_philpapers_up__freelaw_down,1.0000000000000007,0.6065306597126332,2.3489103009426024,2.394742321527872,0.04583202058526936,1.0,150.0,1.0
mixture_l1,0.5,0.09999999999999995,shift_philpapers_up__pubmed_central_down,1.0000000000000007,0.6065306597126332,2.3489103009426024,2.394742321527872,0.04583202058526936,1.0,150.0,1.0
mixture_l1,0.5,0.09999999999999995,shift_philpapers_up__wikipedia_en_down,1.0000000000000007,0.6065306597126332,2.3489103009426024,2.394742321527872,0.04583202058526936,1.0,150.0,1.0
mixture_l1,0.5,0.09999999999999995,shift_philpapers_up__github_down,1.0000000000000007,0.6065306597126332,2.3489103009426024,2.394742321527872,0.04583202058526936,1.0,150.0,1.0
mixture_l1,1.0,0.09999999999999995,reference_p0,0.0,1.0,2.3489103009426024,2.3489103009426024,0.0,1.0,150.0,1.0
mixture_l1,1.0,0.09999999999999995,shift_arxiv_up__freelaw_down,1.0000000000000004,0.36787944117144217,2.3489103009426024,2.4474584815603726,0.09854818061777015,1.0,150.0,1.0
mixture_l1,1.0,0.09999999999999995,shift_arxiv_up__pubmed_central_down,1.0000000000000004,0.36787944117144217,2.3489103009426024,2.4474584815603726,0.09854818061777015,1.0,150.0,1.0
mixture_l1,1.0,0.09999999999999995,shift_arxiv_up__wikipedia_en_down,1.0000000000000004,0.36787944117144217,2.3489103009426024,2.4474584815603726,0.09854818061777015,1.0,150.0,1.0
mixture_l1,1.0,0.09999999999999995,shift_arxiv_up__github_down,1.0000000000000004,0.36787944117144217,2.3489103009426024,2.4474584815603726,0.09854818061777015,1.0,150.0,1.0
mixture_l1,1.0,0.09999999999999995,shift_arxiv_up__stackexchange_down,1.0000000000000004,0.36787944117144217,2.3489103009426024,2.4474584815603726,0.09854818061777015,1.0,150.0,1.0
mixture_l1,1.0,0.09999999999999995,shift_arxiv_up__pile_cc_down,1.0000000000000004,0.36787944117144217,2.3489103009426024,2.4474584815603726,0.09854818061777015,1.0,150.0,1.0
mixture_l1,1.0,0.09999999999999995,shift_arxiv_up__pubmed_abstracts_down,1.0000000000000004,0.36787944117144217,2.3489103009426024,2.4474584815603726,0.09854818061777015,1.0,150.0,1.0
mixture_l1,1.0,0.09999999999999995,shift_arxiv_up__uspto_backgrounds_down,1.0000000000000004,0.36787944117144217,2.3489103009426024,2.4474584815603726,0.09854818061777015,1.0,150.0,1.0
mixture_l1,1.0,0.09999999999999995,shift_freelaw_up__arxiv_down,1.0000000000000004,0.36787944117144217,2.3489103009426024,2.4474584815603726,0.09854818061777015,1.0,150.0,1.0
mixture_l1,1.0,0.09999999999999995,shift_freelaw_up__pubmed_central_down,1.0000000000000004,0.36787944117144217,2.3489103009426024,2.4474584815603726,0.09854818061777015,1.0,150.0,1.0
mixture_l1,1.0,0.09999999999999995,shift_freelaw_up__wikipedia_en_down,1.0000000000000004,0.36787944117144217,2.3489103009426024,2.4474584815603726,0.09854818061777015,1.0,150.0,1.0
mixture_l1,1.0,0.09999999999999995,shift_freelaw_up__github_down,1.0000000000000004,0.36787944117144217,2.3489103009426024,2.4474584815603726,0.09854818061777015,1.0,150.0,1.0
mixture_l1,1.0,0.09999999999999995,shift_freelaw_up__stackexchange_down,1.0000000000000004,0.36787944117144217,2.3489103009426024,2.4474584815603726,0.09854818061777015,1.0,150.0,1.0
mixture_l1,1.0,0.09999999999999995,shift_freelaw_up__pile_cc_down,1.0000000000000004,0.36787944117144217,2.3489103009426024,2.4474584815603726,0.09854818061777015,1.0,150.0,1.0
mixture_l1,1.0,0.09999999999999995,shift_freelaw_up__pubmed_abstracts_down,1.0000000000000004,0.36787944117144217,2.3489103009426024,2.4474584815603726,0.09854818061777015,1.0,150.0,1.0
mixture_l1,1.0,0.09999999999999995,shift_freelaw_up__uspto_backgrounds_down,1.0000000000000004,0.36787944117144217,2.3489103009426024,2.4474584815603726,0.09854818061777015,1.0,150.0,1.0
mixture_l1,1.0,0.09999999999999995,shift_nih_exporter_up__arxiv_down,1.0000000000000007,0.36787944117144206,2.3489103009426024,2.4474584815603726,0.09854818061777015,1.0,150.0,1.0
mixture_l1,1.0,0.09999999999999995,shift_nih_exporter_up__freelaw_down,1.0000000000000007,0.36787944117144206,2.3489103009426024,2.4474584815603726,0.09854818061777015,1.0,150.0,1.0
mixture_l1,1.0,0.09999999999999995,shift_nih_exporter_up__pubmed_central_down,1.0000000000000007,0.36787944117144206,2.3489103009426024,2.4474584815603726,0.09854818061777015,1.0,150.0,1.0
mixture_l1,1.0,0.09999999999999995,shift_nih_exporter_up__wikipedia_en_down,1.0000000000000007,0.36787944117144206,2.3489103009426024,2.4474584815603726,0.09854818061777015,1.0,150.0,1.0
mixture_l1,1.0,0.09999999999999995,shift_nih_exporter_up__github_down,1.0000000000000007,0.36787944117144206,2.3489103009426024,2.4474584815603726,0.09854818061777015,1.0,150.0,1.0
mixture_l1,1.0,0.09999999999999995,shift_nih_exporter_up__stackexchange_down,1.0000000000000007,0.36787944117144206,2.3489103009426024,2.4474584815603726,0.09854818061777015,1.0,150.0,1.0
mixture_l1,1.0,0.09999999999999995,shift_nih_exporter_up__pile_cc_down,1.0000000000000007,0.36787944117144206,2.3489103009426024,2.4474584815603726,0.09854818061777015,1.0,150.0,1.0
mixture_l1,1.0,0.09999999999999995,shift_nih_exporter_up__pubmed_abstracts_down,1.0000000000000007,0.36787944117144206,2.3489103009426024,2.4474584815603726,0.09854818061777015,1.0,150.0,1.0
mixture_l1,1.0,0.09999999999999995,shift_nih_exporter_up__uspto_backgrounds_down,1.0000000000000007,0.36787944117144206,2.3489103009426024,2.4474584815603726,0.09854818061777015,1.0,150.0,1.0
mixture_l1,1.0,0.09999999999999995,shift_pubmed_central_up__arxiv_down,1.0000000000000007,0.36787944117144206,2.3489103009426024,2.4474584815603726,0.09854818061777015,1.0,150.0,1.0
mixture_l1,1.0,0.09999999999999995,shift_pubmed_central_up__freelaw_down,1.0000000000000007,0.36787944117144206,2.3489103009426024,2.4474584815603726,0.09854818061777015,1.0,150.0,1.0
mixture_l1,1.0,0.09999999999999995,shift_pubmed_central_up__wikipedia_en_down,1.0000000000000007,0.36787944117144206,2.3489103009426024,2.4474584815603726,0.09854818061777015,1.0,150.0,1.0
mixture_l1,1.0,0.09999999999999995,shift_pubmed_central_up__github_down,1.0000000000000007,0.36787944117144206,2.3489103009426024,2.4474584815603726,0.09854818061777015,1.0,150.0,1.0
mixture_l1,1.0,0.09999999999999995,shift_pubmed_central_up__stackexchange_down,1.0000000000000007,0.36787944117144206,2.3489103009426024,2.4474584815603726,0.09854818061777015,1.0,150.0,1.0
mixture_l1,1.0,0.09999999999999995,shift_pubmed_central_up__pile_cc_down,1.0000000000000007,0.36787944117144206,2.3489103009426024,2.4474584815603726,0.09854818061777015,1.0,150.0,1.0
mixture_l1,1.0,0.09999999999999995,shift_pubmed_central_up__pubmed_abstracts_down,1.0000000000000007,0.36787944117144206,2.3489103009426024,2.4474584815603726,0.09854818061777015,1.0,150.0,1.0
mixture_l1,1.0,0.09999999999999995,shift_pubmed_central_up__uspto_backgrounds_down,1.0000000000000007,0.36787944117144206,2.3489103009426024,2.4474584815603726,0.09854818061777015,1.0,150.0,1.0
mixture_l1,1.0,0.09999999999999995,shift_wikipedia_en_up__arxiv_down,1.0000000000000007,0.36787944117144206,2.3489103009426024,2.4474584815603726,0.09854818061777015,1.0,150.0,1.0
mixture_l1,1.0,0.09999999999999995,shift_wikipedia_en_up__freelaw_down,1.0000000000000007,0.36787944117144206,2.3489103009426024,2.4474584815603726,0.09854818061777015,1.0,150.0,1.0
mixture_l1,1.0,0.09999999999999995,shift_wikipedia_en_up__pubmed_central_down,1.0000000000000007,0.36787944117144206,2.3489103009426024,2.4474584815603726,0.09854818061777015,1.0,150.0,1.0
mixture_l1,1.0,0.09999999999999995,shift_wikipedia_en_up__github_down,1.0000000000000007,0.36787944117144206,2.3489103009426024,2.4474584815603726,0.09854818061777015,1.0,150.0,1.0
mixture_l1,1.0,0.09999999999999995,shift_wikipedia_en_up__stackexchange_down,1.0000000000000007,0.36787944117144206,2.3489103009426024,2.4474584815603726,0.09854818061777015,1.0,150.0,1.0
mixture_l1,1.0,0.09999999999999995,shift_wikipedia_en_up__pile_cc_down,1.0000000000000007,0.36787944117144206,2.3489103009426024,2.4474584815603726,0.09854818061777015,1.0,150.0,1.0
mixture_l1,1.0,0.09999999999999995,shift_wikipedia_en_up__pubmed_abstracts_down,1.0000000000000007,0.36787944117144206,2.3489103009426024,2.4474584815603726,0.09854818061777015,1.0,150.0,1.0
mixture_l1,1.0,0.09999999999999995,shift_wikipedia_en_up__uspto_backgrounds_down,1.0000000000000007,0.36787944117144206,2.3489103009426024,2.4474584815603726,0.09854818061777015,1.0,150.0,1.0
mixture_l1,1.0,0.09999999999999995,shift_dm_mathematics_up__arxiv_down,1.0000000000000007,0.36787944117144206,2.3489103009426024,2.4474584815603726,0.09854818061777015,1.0,150.0,1.0
mixture_l1,1.0,0.09999999999999995,shift_dm_mathematics_up__freelaw_down,1.0000000000000007,0.36787944117144206,2.3489103009426024,2.4474584815603726,0.09854818061777015,1.0,150.0,1.0
mixture_l1,1.0,0.09999999999999995,shift_dm_mathematics_up__pubmed_central_down,1.0000000000000007,0.36787944117144206,2.3489103009426024,2.4474584815603726,0.09854818061777015,1.0,150.0,1.0
mixture_l1,1.0,0.09999999999999995,shift_dm_mathematics_up__wikipedia_en_down,1.0000000000000007,0.36787944117144206,2.3489103009426024,2.4474584815603726,0.09854818061777015,1.0,150.0,1.0
mixture_l1,1.0,0.09999999999999995,shift_dm_mathematics_up__github_down,1.0000000000000007,0.36787944117144206,2.3489103009426024,2.4474584815603726,0.09854818061777015,1.0,150.0,1.0
mixture_l1,1.0,0.09999999999999995,shift_dm_mathematics_up__stackexchange_down,1.0000000000000007,0.36787944117144206,2.3489103009426024,2.4474584815603726,0.09854818061777015,1.0,150.0,1.0
mixture_l1,1.0,0.09999999999999995,shift_dm_mathematics_up__pile_cc_down,1.0000000000000007,0.36787944117144206,2.3489103009426024,2.4474584815603726,0.09854818061777015,1.0,150.0,1.0
mixture_l1,1.0,0.09999999999999995,shift_dm_mathematics_up__pubmed_abstracts_down,1.0000000000000007,0.36787944117144206,2.3489103009426024,2.4474584815603726,0.09854818061777015,1.0,150.0,1.0
mixture_l1,1.0,0.09999999999999995,shift_dm_mathematics_up__uspto_backgrounds_down,1.0000000000000007,0.36787944117144206,2.3489103009426024,2.4474584815603726,0.09854818061777015,1.0,150.0,1.0
mixture_l1,1.0,0.09999999999999995,shift_github_up__arxiv_down,1.0000000000000004,0.36787944117144217,2.3489103009426024,2.4474584815603726,0.09854818061777015,1.0,150.0,1.0
mixture_l1,1.0,0.09999999999999995,shift_github_up__freelaw_down,1.0000000000000004,0.36787944117144217,2.3489103009426024,2.4474584815603726,0.09854818061777015,1.0,150.0,1.0
mixture_l1,1.0,0.09999999999999995,shift_github_up__pubmed_central_down,1.0000000000000004,0.36787944117144217,2.3489103009426024,2.4474584815603726,0.09854818061777015,1.0,150.0,1.0
mixture_l1,1.0,0.09999999999999995,shift_github_up__wikipedia_en_down,1.0000000000000004,0.36787944117144217,2.3489103009426024,2.4474584815603726,0.09854818061777015,1.0,150.0,1.0
mixture_l1,1.0,0.09999999999999995,shift_github_up__stackexchange_down,1.0000000000000004,0.36787944117144217,2.3489103009426024,2.4474584815603726,0.09854818061777015,1.0,150.0,1.0
mixture_l1,1.0,0.09999999999999995,shift_github_up__pile_cc_down,1.0000000000000004,0.36787944117144217,2.3489103009426024,2.4474584815603726,0.09854818061777015,1.0,150.0,1.0
mixture_l1,1.0,0.09999999999999995,shift_github_up__pubmed_abstracts_down,1.0000000000000004,0.36787944117144217,2.3489103009426024,2.4474584815603726,0.09854818061777015,1.0,150.0,1.0
mixture_l1,1.0,0.09999999999999995,shift_github_up__uspto_backgrounds_down,1.0000000000000004,0.36787944117144217,2.3489103009426024,2.4474584815603726,0.09854818061777015,1.0,150.0,1.0
mixture_l1,1.0,0.09999999999999995,shift_philpapers_up__arxiv_down,1.0000000000000007,0.36787944117144206,2.3489103009426024,2.4474584815603726,0.09854818061777015,1.0,150.0,1.0
mixture_l1,1.0,0.09999999999999995,shift_philpapers_up__freelaw_down,1.0000000000000007,0.36787944117144206,2.3489103009426024,2.4474584815603726,0.09854818061777015,1.0,150.0,1.0
mixture_l1,1.0,0.09999999999999995,shift_philpapers_up__pubmed_central_down,1.0000000000000007,0.36787944117144206,2.3489103009426024,2.4474584815603726,0.09854818061777015,1.0,150.0,1.0
mixture_l1,1.0,0.09999999999999995,shift_philpapers_up__wikipedia_en_down,1.0000000000000007,0.36787944117144206,2.3489103009426024,2.4474584815603726,0.09854818061777015,1.0,150.0,1.0
mixture_l1,1.0,0.09999999999999995,shift_philpapers_up__github_down,1.0000000000000007,0.36787944117144206,2.3489103009426024,2.4474584815603726,0.09854818061777015,1.0,150.0,1.0
mixture_l1,2.0,0.09999999999999995,reference_p0,0.0,1.0,2.3489103009426024,2.3489103009426024,0.0,1.0,150.0,1.0
mixture_l1,2.0,0.09999999999999995,shift_arxiv_up__freelaw_down,1.0000000000000004,0.13533528323661256,2.3489103009426024,2.5778346271886234,0.228924326246021,1.0,150.0,1.0
mixture_l1,2.0,0.09999999999999995,shift_arxiv_up__pubmed_central_down,1.0000000000000004,0.13533528323661256,2.3489103009426024,2.5778346271886234,0.228924326246021,1.0,150.0,1.0
mixture_l1,2.0,0.09999999999999995,shift_arxiv_up__wikipedia_en_down,1.0000000000000004,0.13533528323661256,2.3489103009426024,2.5778346271886234,0.228924326246021,1.0,150.0,1.0
mixture_l1,2.0,0.09999999999999995,shift_arxiv_up__github_down,1.0000000000000004,0.13533528323661256,2.3489103009426024,2.5778346271886234,0.228924326246021,1.0,150.0,1.0
mixture_l1,2.0,0.09999999999999995,shift_arxiv_up__stackexchange_down,1.0000000000000004,0.13533528323661256,2.3489103009426024,2.5778346271886234,0.228924326246021,1.0,150.0,1.0
mixture_l1,2.0,0.09999999999999995,shift_arxiv_up__pile_cc_down,1.0000000000000004,0.13533528323661256,2.3489103009426024,2.5778346271886234,0.228924326246021,1.0,150.0,1.0
mixture_l1,2.0,0.09999999999999995,shift_arxiv_up__pubmed_abstracts_down,1.0000000000000004,0.13533528323661256,2.3489103009426024,2.5778346271886234,0.228924326246021,1.0,150.0,1.0
mixture_l1,2.0,0.09999999999999995,shift_arxiv_up__uspto_backgrounds_down,1.0000000000000004,0.13533528323661256,2.3489103009426024,2.5778346271886234,0.228924326246021,1.0,150.0,1.0
mixture_l1,2.0,0.09999999999999995,shift_freelaw_up__arxiv_down,1.0000000000000004,0.13533528323661256,2.3489103009426024,2.5778346271886234,0.228924326246021,1.0,150.0,1.0
mixture_l1,2.0,0.09999999999999995,shift_freelaw_up__pubmed_central_down,1.0000000000000004,0.13533528323661256,2.3489103009426024,2.5778346271886234,0.228924326246021,1.0,150.0,1.0
mixture_l1,2.0,0.09999999999999995,shift_freelaw_up__wikipedia_en_down,1.0000000000000004,0.13533528323661256,2.3489103009426024,2.5778346271886234,0.228924326246021,1.0,150.0,1.0
mixture_l1,2.0,0.09999999999999995,shift_freelaw_up__github_down,1.0000000000000004,0.13533528323661256,2.3489103009426024,2.5778346271886234,0.228924326246021,1.0,150.0,1.0
mixture_l1,2.0,0.09999999999999995,shift_freelaw_up__stackexchange_down,1.0000000000000004,0.13533528323661256,2.3489103009426024,2.5778346271886234,0.228924326246021,1.0,150.0,1.0
mixture_l1,2.0,0.09999999999999995,shift_freelaw_up__pile_cc_down,1.0000000000000004,0.13533528323661256,2.3489103009426024,2.5778346271886234,0.228924326246021,1.0,150.0,1.0
mixture_l1,2.0,0.09999999999999995,shift_freelaw_up__pubmed_abstracts_down,1.0000000000000004,0.13533528323661256,2.3489103009426024,2.5778346271886234,0.228924326246021,1.0,150.0,1.0
mixture_l1,2.0,0.09999999999999995,shift_freelaw_up__uspto_backgrounds_down,1.0000000000000004,0.13533528323661256,2.3489103009426024,2.5778346271886234,0.228924326246021,1.0,150.0,1.0
mixture_l1,2.0,0.09999999999999995,shift_nih_exporter_up__arxiv_down,1.0000000000000007,0.1353352832366125,2.3489103009426024,2.5778346271886234,0.228924326246021,1.0,150.0,1.0
mixture_l1,2.0,0.09999999999999995,shift_nih_exporter_up__freelaw_down,1.0000000000000007,0.1353352832366125,2.3489103009426024,2.5778346271886234,0.228924326246021,1.0,150.0,1.0
mixture_l1,2.0,0.09999999999999995,shift_nih_exporter_up__pubmed_central_down,1.0000000000000007,0.1353352832366125,2.3489103009426024,2.5778346271886234,0.228924326246021,1.0,150.0,1.0
mixture_l1,2.0,0.09999999999999995,shift_nih_exporter_up__wikipedia_en_down,1.0000000000000007,0.1353352832366125,2.3489103009426024,2.5778346271886234,0.228924326246021,1.0,150.0,1.0
mixture_l1,2.0,0.09999999999999995,shift_nih_exporter_up__github_down,1.0000000000000007,0.1353352832366125,2.3489103009426024,2.5778346271886234,0.228924326246021,1.0,150.0,1.0
mixture_l1,2.0,0.09999999999999995,shift_nih_exporter_up__stackexchange_down,1.0000000000000007,0.1353352832366125,2.3489103009426024,2.5778346271886234,0.228924326246021,1.0,150.0,1.0
mixture_l1,2.0,0.09999999999999995,shift_nih_exporter_up__pile_cc_down,1.0000000000000007,0.1353352832366125,2.3489103009426024,2.5778346271886234,0.228924326246021,1.0,150.0,1.0
mixture_l1,2.0,0.09999999999999995,shift_nih_exporter_up__pubmed_abstracts_down,1.0000000000000007,0.1353352832366125,2.3489103009426024,2.5778346271886234,0.228924326246021,1.0,150.0,1.0
mixture_l1,2.0,0.09999999999999995,shift_nih_exporter_up__uspto_backgrounds_down,1.0000000000000007,0.1353352832366125,2.3489103009426024,2.5778346271886234,0.228924326246021,1.0,150.0,1.0
mixture_l1,2.0,0.09999999999999995,shift_pubmed_central_up__arxiv_down,1.0000000000000007,0.1353352832366125,2.3489103009426024,2.5778346271886234,0.228924326246021,1.0,150.0,1.0
mixture_l1,2.0,0.09999999999999995,shift_pubmed_central_up__freelaw_down,1.0000000000000007,0.1353352832366125,2.3489103009426024,2.5778346271886234,0.228924326246021,1.0,150.0,1.0
mixture_l1,2.0,0.09999999999999995,shift_pubmed_central_up__wikipedia_en_down,1.0000000000000007,0.1353352832366125,2.3489103009426024,2.5778346271886234,0.228924326246021,1.0,150.0,1.0
mixture_l1,2.0,0.09999999999999995,shift_pubmed_central_up__github_down,1.0000000000000007,0.1353352832366125,2.3489103009426024,2.5778346271886234,0.228924326246021,1.0,150.0,1.0
mixture_l1,2.0,0.09999999999999995,shift_pubmed_central_up__stackexchange_down,1.0000000000000007,0.1353352832366125,2.3489103009426024,2.5778346271886234,0.228924326246021,1.0,150.0,1.0
mixture_l1,2.0,0.09999999999999995,shift_pubmed_central_up__pile_cc_down,1.0000000000000007,0.1353352832366125,2.3489103009426024,2.5778346271886234,0.228924326246021,1.0,150.0,1.0
mixture_l1,2.0,0.09999999999999995,shift_pubmed_central_up__pubmed_abstracts_down,1.0000000000000007,0.1353352832366125,2.3489103009426024,2.5778346271886234,0.228924326246021,1.0,150.0,1.0
mixture_l1,2.0,0.09999999999999995,shift_pubmed_central_up__uspto_backgrounds_down,1.0000000000000007,0.1353352832366125,2.3489103009426024,2.5778346271886234,0.228924326246021,1.0,150.0,1.0
mixture_l1,2.0,0.09999999999999995,shift_wikipedia_en_up__arxiv_down,1.0000000000000007,0.1353352832366125,2.3489103009426024,2.5778346271886234,0.228924326246021,1.0,150.0,1.0
mixture_l1,2.0,0.09999999999999995,shift_wikipedia_en_up__freelaw_down,1.0000000000000007,0.1353352832366125,2.3489103009426024,2.5778346271886234,0.228924326246021,1.0,150.0,1.0
mixture_l1,2.0,0.09999999999999995,shift_wikipedia_en_up__pubmed_central_down,1.0000000000000007,0.1353352832366125,2.3489103009426024,2.5778346271886234,0.228924326246021,1.0,150.0,1.0
mixture_l1,2.0,0.09999999999999995,shift_wikipedia_en_up__github_down,1.0000000000000007,0.1353352832366125,2.3489103009426024,2.5778346271886234,0.228924326246021,1.0,150.0,1.0
mixture_l1,2.0,0.09999999999999995,shift_wikipedia_en_up__stackexchange_down,1.0000000000000007,0.1353352832366125,2.3489103009426024,2.5778346271886234,0.228924326246021,1.0,150.0,1.0
mixture_l1,2.0,0.09999999999999995,shift_wikipedia_en_up__pile_cc_down,1.0000000000000007,0.1353352832366125,2.3489103009426024,2.5778346271886234,0.228924326246021,1.0,150.0,1.0
mixture_l1,2.0,0.09999999999999995,shift_wikipedia_en_up__pubmed_abstracts_down,1.0000000000000007,0.1353352832366125,2.3489103009426024,2.5778346271886234,0.228924326246021,1.0,150.0,1.0
mixture_l1,2.0,0.09999999999999995,shift_wikipedia_en_up__uspto_backgrounds_down,1.0000000000000007,0.1353352832366125,2.3489103009426024,2.5778346271886234,0.228924326246021,1.0,150.0,1.0
mixture_l1,2.0,0.09999999999999995,shift_dm_mathematics_up__arxiv_down,1.0000000000000007,0.1353352832366125,2.3489103009426024,2.5778346271886234,0.228924326246021,1.0,150.0,1.0
mixture_l1,2.0,0.09999999999999995,shift_dm_mathematics_up__freelaw_down,1.0000000000000007,0.1353352832366125,2.3489103009426024,2.5778346271886234,0.228924326246021,1.0,150.0,1.0
mixture_l1,2.0,0.09999999999999995,shift_dm_mathematics_up__pubmed_central_down,1.0000000000000007,0.1353352832366125,2.3489103009426024,2.5778346271886234,0.228924326246021,1.0,150.0,1.0
mixture_l1,2.0,0.09999999999999995,shift_dm_mathematics_up__wikipedia_en_down,1.0000000000000007,0.1353352832366125,2.3489103009426024,2.5778346271886234,0.228924326246021,1.0,150.0,1.0
mixture_l1,2.0,0.09999999999999995,shift_dm_mathematics_up__github_down,1.0000000000000007,0.1353352832366125,2.3489103009426024,2.5778346271886234,0.228924326246021,1.0,150.0,1.0
mixture_l1,2.0,0.09999999999999995,shift_dm_mathematics_up__stackexchange_down,1.0000000000000007,0.1353352832366125,2.3489103009426024,2.5778346271886234,0.228924326246021,1.0,150.0,1.0
mixture_l1,2.0,0.09999999999999995,shift_dm_mathematics_up__pile_cc_down,1.0000000000000007,0.1353352832366125,2.3489103009426024,2.5778346271886234,0.228924326246021,1.0,150.0,1.0
mixture_l1,2.0,0.09999999999999995,shift_dm_mathematics_up__pubmed_abstracts_down,1.0000000000000007,0.1353352832366125,2.3489103009426024,2.5778346271886234,0.228924326246021,1.0,150.0,1.0
mixture_l1,2.0,0.09999999999999995,shift_dm_mathematics_up__uspto_backgrounds_down,1.0000000000000007,0.1353352832366125,2.3489103009426024,2.5778346271886234,0.228924326246021,1.0,150.0,1.0
mixture_l1,2.0,0.09999999999999995,shift_github_up__arxiv_down,1.0000000000000004,0.13533528323661256,2.3489103009426024,2.5778346271886234,0.228924326246021,1.0,150.0,1.0
mixture_l1,2.0,0.09999999999999995,shift_github_up__freelaw_down,1.0000000000000004,0.13533528323661256,2.3489103009426024,2.5778346271886234,0.228924326246021,1.0,150.0,1.0
mixture_l1,2.0,0.09999999999999995,shift_github_up__pubmed_central_down,1.0000000000000004,0.13533528323661256,2.3489103009426024,2.5778346271886234,0.228924326246021,1.0,150.0,1.0
mixture_l1,2.0,0.09999999999999995,shift_github_up__wikipedia_en_down,1.0000000000000004,0.13533528323661256,2.3489103009426024,2.5778346271886234,0.228924326246021,1.0,150.0,1.0
mixture_l1,2.0,0.09999999999999995,shift_github_up__stackexchange_down,1.0000000000000004,0.13533528323661256,2.3489103009426024,2.5778346271886234,0.228924326246021,1.0,150.0,1.0
mixture_l1,2.0,0.09999999999999995,shift_github_up__pile_cc_down,1.0000000000000004,0.13533528323661256,2.3489103009426024,2.5778346271886234,0.228924326246021,1.0,150.0,1.0
mixture_l1,2.0,0.09999999999999995,shift_github_up__pubmed_abstracts_down,1.0000000000000004,0.13533528323661256,2.3489103009426024,2.5778346271886234,0.228924326246021,1.0,150.0,1.0
mixture_l1,2.0,0.09999999999999995,shift_github_up__uspto_backgrounds_down,1.0000000000000004,0.13533528323661256,2.3489103009426024,2.5778346271886234,0.228924326246021,1.0,150.0,1.0
mixture_l1,2.0,0.09999999999999995,shift_philpapers_up__arxiv_down,1.0000000000000007,0.1353352832366125,2.3489103009426024,2.5778346271886234,0.228924326246021,1.0,150.0,1.0
mixture_l1,2.0,0.09999999999999995,shift_philpapers_up__freelaw_down,1.0000000000000007,0.1353352832366125,2.3489103009426024,2.5778346271886234,0.228924326246021,1.0,150.0,1.0
mixture_l1,2.0,0.09999999999999995,shift_philpapers_up__pubmed_central_down,1.0000000000000007,0.1353352832366125,2.3489103009426024,2.5778346271886234,0.228924326246021,1.0,150.0,1.0
mixture_l1,2.0,0.09999999999999995,shift_philpapers_up__wikipedia_en_down,1.0000000000000007,0.1353352832366125,2.3489103009426024,2.5778346271886234,0.228924326246021,1.0,150.0,1.0
mixture_l1,2.0,0.09999999999999995,shift_philpapers_up__github_down,1.0000000000000007,0.1353352832366125,2.3489103009426024,2.5778346271886234,0.228924326246021,1.0,150.0,1.0
mixture_l1,5.0,0.09999999999999995,reference_p0,0.0,1.0,2.3489103009426024,2.3489103009426024,0.0,1.0,150.0,1.0
mixture_l1,5.0,0.09999999999999995,shift_arxiv_up__freelaw_down,1.0000000000000004,0.006737946999085455,2.3489103009426024,3.280397079787881,0.9314867788452785,1.0,150.0,1.0
mixture_l1,5.0,0.09999999999999995,shift_arxiv_up__pubmed_central_down,1.0000000000000004,0.006737946999085455,2.3489103009426024,3.280397079787881,0.9314867788452785,1.0,150.0,1.0
mixture_l1,5.0,0.09999999999999995,shift_arxiv_up__wikipedia_en_down,1.0000000000000004,0.006737946999085455,2.3489103009426024,3.280397079787881,0.9314867788452785,1.0,150.0,1.0
mixture_l1,5.0,0.09999999999999995,shift_arxiv_up__github_down,1.0000000000000004,0.006737946999085455,2.3489103009426024,3.280397079787881,0.9314867788452785,1.0,150.0,1.0
mixture_l1,5.0,0.09999999999999995,shift_arxiv_up__stackexchange_down,1.0000000000000004,0.006737946999085455,2.3489103009426024,3.280397079787881,0.9314867788452785,1.0,150.0,1.0
mixture_l1,5.0,0.09999999999999995,shift_arxiv_up__pile_cc_down,1.0000000000000004,0.006737946999085455,2.3489103009426024,3.280397079787881,0.9314867788452785,1.0,150.0,1.0
mixture_l1,5.0,0.09999999999999995,shift_arxiv_up__pubmed_abstracts_down,1.0000000000000004,0.006737946999085455,2.3489103009426024,3.280397079787881,0.9314867788452785,1.0,150.0,1.0
mixture_l1,5.0,0.09999999999999995,shift_arxiv_up__uspto_backgrounds_down,1.0000000000000004,0.006737946999085455,2.3489103009426024,3.280397079787881,0.9314867788452785,1.0,150.0,1.0
mixture_l1,5.0,0.09999999999999995,shift_freelaw_up__arxiv_down,1.0000000000000004,0.006737946999085455,2.3489103009426024,3.280397079787881,0.9314867788452785,1.0,150.0,1.0
mixture_l1,5.0,0.09999999999999995,shift_freelaw_up__pubmed_central_down,1.0000000000000004,0.006737946999085455,2.3489103009426024,3.280397079787881,0.9314867788452785,1.0,150.0,1.0
mixture_l1,5.0,0.09999999999999995,shift_freelaw_up__wikipedia_en_down,1.0000000000000004,0.006737946999085455,2.3489103009426024,3.280397079787881,0.9314867788452785,1.0,150.0,1.0
mixture_l1,5.0,0.09999999999999995,shift_freelaw_up__github_down,1.0000000000000004,0.006737946999085455,2.3489103009426024,3.280397079787881,0.9314867788452785,1.0,150.0,1.0
mixture_l1,5.0,0.09999999999999995,shift_freelaw_up__stackexchange_down,1.0000000000000004,0.006737946999085455,2.3489103009426024,3.280397079787881,0.9314867788452785,1.0,150.0,1.0
mixture_l1,5.0,0.09999999999999995,shift_freelaw_up__pile_cc_down,1.0000000000000004,0.006737946999085455,2.3489103009426024,3.280397079787881,0.9314867788452785,1.0,150.0,1.0
mixture_l1,5.0,0.09999999999999995,shift_freelaw_up__pubmed_abstracts_down,1.0000000000000004,0.006737946999085455,2.3489103009426024,3.280397079787881,0.9314867788452785,1.0,150.0,1.0
mixture_l1,5.0,0.09999999999999995,shift_freelaw_up__uspto_backgrounds_down,1.0000000000000004,0.006737946999085455,2.3489103009426024,3.280397079787881,0.9314867788452785,1.0,150.0,1.0
mixture_l1,5.0,0.09999999999999995,shift_nih_exporter_up__arxiv_down,1.0000000000000007,0.006737946999085444,2.3489103009426024,3.280397079787882,0.9314867788452794,1.0,150.0,1.0
mixture_l1,5.0,0.09999999999999995,shift_nih_exporter_up__freelaw_down,1.0000000000000007,0.006737946999085444,2.3489103009426024,3.280397079787882,0.9314867788452794,1.0,150.0,1.0
mixture_l1,5.0,0.09999999999999995,shift_nih_exporter_up__pubmed_central_down,1.0000000000000007,0.006737946999085444,2.3489103009426024,3.280397079787882,0.9314867788452794,1.0,150.0,1.0
mixture_l1,5.0,0.09999999999999995,shift_nih_exporter_up__wikipedia_en_down,1.0000000000000007,0.006737946999085444,2.3489103009426024,3.280397079787882,0.9314867788452794,1.0,150.0,1.0
mixture_l1,5.0,0.09999999999999995,shift_nih_exporter_up__github_down,1.0000000000000007,0.006737946999085444,2.3489103009426024,3.280397079787882,0.9314867788452794,1.0,150.0,1.0
mixture_l1,5.0,0.09999999999999995,shift_nih_exporter_up__stackexchange_down,1.0000000000000007,0.006737946999085444,2.3489103009426024,3.280397079787882,0.9314867788452794,1.0,150.0,1.0
mixture_l1,5.0,0.09999999999999995,shift_nih_exporter_up__pile_cc_down,1.0000000000000007,0.006737946999085444,2.3489103009426024,3.280397079787882,0.9314867788452794,1.0,150.0,1.0
mixture_l1,5.0,0.09999999999999995,shift_nih_exporter_up__pubmed_abstracts_down,1.0000000000000007,0.006737946999085444,2.3489103009426024,3.280397079787882,0.9314867788452794,1.0,150.0,1.0
mixture_l1,5.0,0.09999999999999995,shift_nih_exporter_up__uspto_backgrounds_down,1.0000000000000007,0.006737946999085444,2.3489103009426024,3.280397079787882,0.9314867788452794,1.0,150.0,1.0
mixture_l1,5.0,0.09999999999999995,shift_pubmed_central_up__arxiv_down,1.0000000000000007,0.006737946999085444,2.3489103009426024,3.280397079787882,0.9314867788452794,1.0,150.0,1.0
mixture_l1,5.0,0.09999999999999995,shift_pubmed_central_up__freelaw_down,1.0000000000000007,0.006737946999085444,2.3489103009426024,3.280397079787882,0.9314867788452794,1.0,150.0,1.0
mixture_l1,5.0,0.09999999999999995,shift_pubmed_central_up__wikipedia_en_down,1.0000000000000007,0.006737946999085444,2.3489103009426024,3.280397079787882,0.9314867788452794,1.0,150.0,1.0
mixture_l1,5.0,0.09999999999999995,shift_pubmed_central_up__github_down,1.0000000000000007,0.006737946999085444,2.3489103009426024,3.280397079787882,0.9314867788452794,1.0,150.0,1.0
mixture_l1,5.0,0.09999999999999995,shift_pubmed_central_up__stackexchange_down,1.0000000000000007,0.006737946999085444,2.3489103009426024,3.280397079787882,0.9314867788452794,1.0,150.0,1.0
mixture_l1,5.0,0.09999999999999995,shift_pubmed_central_up__pile_cc_down,1.0000000000000007,0.006737946999085444,2.3489103009426024,3.280397079787882,0.9314867788452794,1.0,150.0,1.0
mixture_l1,5.0,0.09999999999999995,shift_pubmed_central_up__pubmed_abstracts_down,1.0000000000000007,0.006737946999085444,2.3489103009426024,3.280397079787882,0.9314867788452794,1.0,150.0,1.0
mixture_l1,5.0,0.09999999999999995,shift_pubmed_central_up__uspto_backgrounds_down,1.0000000000000007,0.006737946999085444,2.3489103009426024,3.280397079787882,0.9314867788452794,1.0,150.0,1.0
mixture_l1,5.0,0.09999999999999995,shift_wikipedia_en_up__arxiv_down,1.0000000000000007,0.006737946999085444,2.3489103009426024,3.280397079787882,0.9314867788452794,1.0,150.0,1.0
mixture_l1,5.0,0.09999999999999995,shift_wikipedia_en_up__freelaw_down,1.0000000000000007,0.006737946999085444,2.3489103009426024,3.280397079787882,0.9314867788452794,1.0,150.0,1.0
mixture_l1,5.0,0.09999999999999995,shift_wikipedia_en_up__pubmed_central_down,1.0000000000000007,0.006737946999085444,2.3489103009426024,3.280397079787882,0.9314867788452794,1.0,150.0,1.0
mixture_l1,5.0,0.09999999999999995,shift_wikipedia_en_up__github_down,1.0000000000000007,0.006737946999085444,2.3489103009426024,3.280397079787882,0.9314867788452794,1.0,150.0,1.0
mixture_l1,5.0,0.09999999999999995,shift_wikipedia_en_up__stackexchange_down,1.0000000000000007,0.006737946999085444,2.3489103009426024,3.280397079787882,0.9314867788452794,1.0,150.0,1.0
mixture_l1,5.0,0.09999999999999995,shift_wikipedia_en_up__pile_cc_down,1.0000000000000007,0.006737946999085444,2.3489103009426024,3.280397079787882,0.9314867788452794,1.0,150.0,1.0
mixture_l1,5.0,0.09999999999999995,shift_wikipedia_en_up__pubmed_abstracts_down,1.0000000000000007,0.006737946999085444,2.3489103009426024,3.280397079787882,0.9314867788452794,1.0,150.0,1.0
mixture_l1,5.0,0.09999999999999995,shift_wikipedia_en_up__uspto_backgrounds_down,1.0000000000000007,0.006737946999085444,2.3489103009426024,3.280397079787882,0.9314867788452794,1.0,150.0,1.0
mixture_l1,5.0,0.09999999999999995,shift_dm_mathematics_up__arxiv_down,1.0000000000000007,0.006737946999085444,2.3489103009426024,3.280397079787882,0.9314867788452794,1.0,150.0,1.0
mixture_l1,5.0,0.09999999999999995,shift_dm_mathematics_up__freelaw_down,1.0000000000000007,0.006737946999085444,2.3489103009426024,3.280397079787882,0.9314867788452794,1.0,150.0,1.0
mixture_l1,5.0,0.09999999999999995,shift_dm_mathematics_up__pubmed_central_down,1.0000000000000007,0.006737946999085444,2.3489103009426024,3.280397079787882,0.9314867788452794,1.0,150.0,1.0
mixture_l1,5.0,0.09999999999999995,shift_dm_mathematics_up__wikipedia_en_down,1.0000000000000007,0.006737946999085444,2.3489103009426024,3.280397079787882,0.9314867788452794,1.0,150.0,1.0
mixture_l1,5.0,0.09999999999999995,shift_dm_mathematics_up__github_down,1.0000000000000007,0.006737946999085444,2.3489103009426024,3.280397079787882,0.9314867788452794,1.0,150.0,1.0
mixture_l1,5.0,0.09999999999999995,shift_dm_mathematics_up__stackexchange_down,1.0000000000000007,0.006737946999085444,2.3489103009426024,3.280397079787882,0.9314867788452794,1.0,150.0,1.0
mixture_l1,5.0,0.09999999999999995,shift_dm_mathematics_up__pile_cc_down,1.0000000000000007,0.006737946999085444,2.3489103009426024,3.280397079787882,0.9314867788452794,1.0,150.0,1.0
mixture_l1,5.0,0.09999999999999995,shift_dm_mathematics_up__pubmed_abstracts_down,1.0000000000000007,0.006737946999085444,2.3489103009426024,3.280397079787882,0.9314867788452794,1.0,150.0,1.0
mixture_l1,5.0,0.09999999999999995,shift_dm_mathematics_up__uspto_backgrounds_down,1.0000000000000007,0.006737946999085444,2.3489103009426024,3.280397079787882,0.9314867788452794,1.0,150.0,1.0
mixture_l1,5.0,0.09999999999999995,shift_github_up__arxiv_down,1.0000000000000004,0.006737946999085455,2.3489103009426024,3.280397079787881,0.9314867788452785,1.0,150.0,1.0
mixture_l1,5.0,0.09999999999999995,shift_github_up__freelaw_down,1.0000000000000004,0.006737946999085455,2.3489103009426024,3.280397079787881,0.9314867788452785,1.0,150.0,1.0
mixture_l1,5.0,0.09999999999999995,shift_github_up__pubmed_central_down,1.0000000000000004,0.006737946999085455,2.3489103009426024,3.280397079787881,0.9314867788452785,1.0,150.0,1.0
mixture_l1,5.0,0.09999999999999995,shift_github_up__wikipedia_en_down,1.0000000000000004,0.006737946999085455,2.3489103009426024,3.280397079787881,0.9314867788452785,1.0,150.0,1.0
mixture_l1,5.0,0.09999999999999995,shift_github_up__stackexchange_down,1.0000000000000004,0.006737946999085455,2.3489103009426024,3.280397079787881,0.9314867788452785,1.0,150.0,1.0
mixture_l1,5.0,0.09999999999999995,shift_github_up__pile_cc_down,1.0000000000000004,0.006737946999085455,2.3489103009426024,3.280397079787881,0.9314867788452785,1.0,150.0,1.0
mixture_l1,5.0,0.09999999999999995,shift_github_up__pubmed_abstracts_down,1.0000000000000004,0.006737946999085455,2.3489103009426024,3.280397079787881,0.9314867788452785,1.0,150.0,1.0
mixture_l1,5.0,0.09999999999999995,shift_github_up__uspto_backgrounds_down,1.0000000000000004,0.006737946999085455,2.3489103009426024,3.280397079787881,0.9314867788452785,1.0,150.0,1.0
mixture_l1,5.0,0.09999999999999995,shift_philpapers_up__arxiv_down,1.0000000000000007,0.006737946999085444,2.3489103009426024,3.280397079787882,0.9314867788452794,1.0,150.0,1.0
mixture_l1,5.0,0.09999999999999995,shift_philpapers_up__freelaw_down,1.0000000000000007,0.006737946999085444,2.3489103009426024,3.280397079787882,0.9314867788452794,1.0,150.0,1.0
mixture_l1,5.0,0.09999999999999995,shift_philpapers_up__pubmed_central_down,1.0000000000000007,0.006737946999085444,2.3489103009426024,3.280397079787882,0.9314867788452794,1.0,150.0,1.0
mixture_l1,5.0,0.09999999999999995,shift_philpapers_up__wikipedia_en_down,1.0000000000000007,0.006737946999085444,2.3489103009426024,3.280397079787882,0.9314867788452794,1.0,150.0,1.0
mixture_l1,5.0,0.09999999999999995,shift_philpapers_up__github_down,1.0000000000000007,0.006737946999085444,2.3489103009426024,3.280397079787882,0.9314867788452794,1.0,150.0,1.0
