candidate,source,in_trust_box,in_trust_l1,trust_status,train_the_pile_arxiv,train_the_pile_freelaw,train_the_pile_nih_exporter,train_the_pile_pubmed_central,train_the_pile_wikipedia_en,train_the_pile_dm_mathematics,train_the_pile_github,train_the_pile_philpapers,train_the_pile_stackexchange,train_the_pile_enron_emails,train_the_pile_gutenberg_pg_19,train_the_pile_pile_cc,train_the_pile_ubuntu_irc,train_the_pile_europarl,train_the_pile_hackernews,train_the_pile_pubmed_abstracts,train_the_pile_uspto_backgrounds,select_rank,select_rank_low,Q,delta,aliases,delta_ref,delta_mixture_l1,is_p0
reference_p0,first_question_reference,True,True,in,0.11302252583269279,0.0968248321520278,0.00588968021709595,0.11375419105058357,0.07507775607983627,0.0254628540970504,0.11070066007050916,0.005487697351193036,0.09943242344413017,0.002211033043406226,0.04691494424753537,0.11948759779188561,0.019599998284005892,0.012737064754031531,0.011650822378108678,0.06618116611257162,0.07556475309333588,,,0.41663254110330095,0.0,reference_p0,0.0,0.0,True
shift_arxiv_up__freelaw_down,simplex_perturbation,True,True,in,0.16302252583269278,0.046824832152027804,0.00588968021709595,0.11375419105058357,0.07507775607983627,0.0254628540970504,0.11070066007050916,0.005487697351193036,0.09943242344413017,0.002211033043406226,0.04691494424753537,0.11948759779188561,0.019599998284005892,0.012737064754031531,0.011650822378108678,0.06618116611257162,0.07556475309333588,,,0.42083385779990545,-0.9816522163185311,shift_arxiv_up__freelaw_down,-0.9816522163185311,1.0000000000000004,False
shift_arxiv_up__pubmed_central_down,simplex_perturbation,True,True,in,0.1630225258326928,0.09682483215202783,0.005889680217095952,0.06375419105058358,0.07507775607983629,0.025462854097050406,0.11070066007050919,0.005487697351193037,0.0994324234441302,0.0022110330434062264,0.04691494424753538,0.11948759779188564,0.019599998284005896,0.012737064754031534,0.01165082237810868,0.06618116611257163,0.07556475309333589,,,0.4208338577999056,-0.9816522163185699,shift_arxiv_up__pubmed_central_down,-0.9816522163185699,1.0000000000000024,False
shift_arxiv_up__wikipedia_en_down,simplex_perturbation,True,True,in,0.1630225258326928,0.09682483215202782,0.005889680217095951,0.11375419105058358,0.025077756079836273,0.025462854097050402,0.11070066007050917,0.005487697351193037,0.09943242344413018,0.0022110330434062264,0.046914944247535374,0.11948759779188563,0.019599998284005896,0.012737064754031533,0.01165082237810868,0.06618116611257163,0.07556475309333589,,,0.42263566477155895,-1.4026506639079102,shift_arxiv_up__wikipedia_en_down,-1.4026506639079102,1.0000000000000018,False
shift_arxiv_up__github_down,simplex_perturbation|topQ,True,True,in,0.1630225258326928,0.09682483215202782,0.005889680217095951,0.11375419105058358,0.07507775607983629,0.025462854097050402,0.060700660070509165,0.005487697351193037,0.09943242344413018,0.0022110330434062264,0.046914944247535374,0.11948759779188563,0.019599998284005896,0.012737064754031533,0.01165082237810868,0.06618116611257163,0.07556475309333589,5.0,,0.4263161357952343,-2.262605482454919,shift_arxiv_up__github_down,-2.262605482454919,1.0000000000000018,False
shift_arxiv_up__stackexchange_down,simplex_perturbation,True,True,in,0.16302252583269278,0.0968248321520278,0.00588968021709595,0.11375419105058357,0.07507775607983627,0.0254628540970504,0.11070066007050916,0.005487697351193036,0.049432423444130166,0.002211033043406226,0.04691494424753537,0.11948759779188561,0.019599998284005892,0.012737064754031531,0.011650822378108678,0.06618116611257162,0.07556475309333588,,,0.41496032483094986,0.39071913127711705,shift_arxiv_up__stackexchange_down,0.39071913127711705,1.0000000000000004,False
shift_arxiv_up__pile_cc_down,simplex_perturbation,True,True,in,0.1630225258326928,0.09682483215202783,0.005889680217095952,0.1137541910505836,0.07507775607983629,0.025462854097050406,0.11070066007050919,0.005487697351193037,0.0994324234441302,0.0022110330434062264,0.04691494424753538,0.06948759779188562,0.019599998284005896,0.012737064754031534,0.01165082237810868,0.06618116611257163,0.07556475309333589,,,0.4228767237206731,-1.4589749233603235,shift_arxiv_up__pile_cc_down,-1.4589749233603235,1.0000000000000022,False
shift_arxiv_up__pubmed_abstracts_down,simplex_perturbation,True,True,in,0.1630225258326928,0.09682483215202782,0.005889680217095951,0.11375419105058358,0.07507775607983629,0.025462854097050402,0.11070066007050917,0.005487697351193037,0.09943242344413018,0.0022110330434062264,0.046914944247535374,0.11948759779188563,0.019599998284005896,0.012737064754031533,0.01165082237810868,0.01618116611257162,0.07556475309333589,,,0.4208338577999056,-0.9816522163185699,shift_arxiv_up__pubmed_abstracts_down,-0.9816522163185699,1.0000000000000018,False
shift_arxiv_up__uspto_backgrounds_down,simplex_perturbation,True,True,in,0.1630225258326928,0.09682483215202783,0.005889680217095952,0.1137541910505836,0.07507775607983629,0.025462854097050406,0.11070066007050919,0.005487697351193037,0.0994324234441302,0.0022110330434062264,0.04691494424753538,0.11948759779188564,0.019599998284005896,0.012737064754031534,0.01165082237810868,0.06618116611257163,0.025564753093335883,,,0.4208338577999056,-0.9816522163185699,shift_arxiv_up__uspto_backgrounds_down,-0.9816522163185699,1.0000000000000024,False
shift_freelaw_up__arxiv_down,simplex_perturbation,True,True,in,0.06302252583269279,0.1468248321520278,0.00588968021709595,0.11375419105058357,0.07507775607983627,0.0254628540970504,0.11070066007050916,0.005487697351193036,0.09943242344413017,0.002211033043406226,0.04691494424753537,0.11948759779188561,0.019599998284005892,0.012737064754031531,0.011650822378108678,0.06618116611257162,0.07556475309333588,,,0.4116148576053034,1.1723991506222478,shift_freelaw_up__arxiv_down,1.1723991506222478,1.0000000000000004,False
shift_freelaw_up__pubmed_central_down,simplex_perturbation,True,True,in,0.11302252583269282,0.14682483215202782,0.005889680217095952,0.06375419105058358,0.07507775607983629,0.025462854097050406,0.11070066007050919,0.005487697351193037,0.0994324234441302,0.0022110330434062264,0.04691494424753538,0.11948759779188564,0.019599998284005896,0.012737064754031534,0.01165082237810868,0.06618116611257163,0.07556475309333589,,,0.416632541103301,-1.2970372997731452e-14,shift_freelaw_up__pubmed_central_down,-1.2970372997731452e-14,1.0000000000000024,False
shift_freelaw_up__wikipedia_en_down,simplex_perturbation,True,True,in,0.1130225258326928,0.14682483215202782,0.005889680217095951,0.11375419105058358,0.025077756079836273,0.025462854097050402,0.11070066007050917,0.005487697351193037,0.09943242344413018,0.0022110330434062264,0.046914944247535374,0.11948759779188563,0.019599998284005896,0.012737064754031533,0.01165082237810868,0.06618116611257163,0.07556475309333589,,,0.41820122115064357,-0.3665275332404914,shift_freelaw_up__wikipedia_en_down,-0.3665275332404914,1.0000000000000018,False
shift_freelaw_up__github_down,simplex_perturbation,True,True,in,0.1130225258326928,0.14682483215202782,0.005889680217095951,0.11375419105058358,0.07507775607983629,0.025462854097050402,0.060700660070509165,0.005487697351193037,0.09943242344413018,0.0022110330434062264,0.046914944247535374,0.11948759779188563,0.019599998284005896,0.012737064754031533,0.01165082237810868,0.06618116611257163,0.07556475309333589,,,0.42223927225863445,-1.3100321785747533,shift_freelaw_up__github_down,-1.3100321785747533,1.0000000000000018,False
shift_freelaw_up__stackexchange_down,simplex_perturbation,True,True,in,0.11302252583269279,0.1468248321520278,0.00588968021709595,0.11375419105058357,0.07507775607983627,0.0254628540970504,0.11070066007050916,0.005487697351193036,0.049432423444130166,0.002211033043406226,0.04691494424753537,0.11948759779188561,0.019599998284005892,0.012737064754031531,0.011650822378108678,0.06618116611257162,0.07556475309333588,,,0.4097801753790527,1.6010790154595766,shift_freelaw_up__stackexchange_down,1.6010790154595766,1.0000000000000004,False
shift_freelaw_up__pile_cc_down,simplex_perturbation,True,True,in,0.11302252583269282,0.14682483215202782,0.005889680217095952,0.1137541910505836,0.07507775607983629,0.025462854097050406,0.11070066007050919,0.005487697351193037,0.0994324234441302,0.0022110330434062264,0.04691494424753538,0.06948759779188562,0.019599998284005896,0.012737064754031534,0.01165082237810868,0.06618116611257163,0.07556475309333589,,,0.41846570043883785,-0.428324036140665,shift_freelaw_up__pile_cc_down,-0.428324036140665,1.0000000000000022,False
shift_freelaw_up__pubmed_abstracts_down,simplex_perturbation,True,True,in,0.1130225258326928,0.14682483215202782,0.005889680217095951,0.11375419105058358,0.07507775607983629,0.025462854097050402,0.11070066007050917,0.005487697351193037,0.09943242344413018,0.0022110330434062264,0.046914944247535374,0.11948759779188563,0.019599998284005896,0.012737064754031533,0.01165082237810868,0.01618116611257162,0.07556475309333589,,,0.416632541103301,-1.2970372997731452e-14,shift_freelaw_up__pubmed_abstracts_down,-1.2970372997731452e-14,1.0000000000000018,False
shift_freelaw_up__uspto_backgrounds_down,simplex_perturbation,True,True,in,0.11302252583269282,0.14682483215202782,0.005889680217095952,0.1137541910505836,0.07507775607983629,0.025462854097050406,0.11070066007050919,0.005487697351193037,0.0994324234441302,0.0022110330434062264,0.04691494424753538,0.11948759779188564,0.019599998284005896,0.012737064754031534,0.01165082237810868,0.06618116611257163,0.025564753093335883,,,0.416632541103301,-1.2970372997731452e-14,shift_freelaw_up__uspto_backgrounds_down,-1.2970372997731452e-14,1.0000000000000024,False
shift_nih_exporter_up__arxiv_down,simplex_perturbation,False,True,outside,0.06302252583269279,0.0968248321520278,0.05588968021709595,0.11375419105058357,0.07507775607983627,0.0254628540970504,0.11070066007050916,0.005487697351193036,0.09943242344413017,0.002211033043406226,0.04691494424753537,0.11948759779188561,0.019599998284005892,0.012737064754031531,0.011650822378108678,0.06618116611257162,0.07556475309333588,,,0.4116148576053034,1.1723991506222478,shift_nih_exporter_up__arxiv_down,1.1723991506222478,1.0000000000000007,False
shift_nih_exporter_up__freelaw_down,simplex_perturbation,False,True,outside,0.11302252583269279,0.046824832152027804,0.05588968021709595,0.11375419105058357,0.07507775607983627,0.0254628540970504,0.11070066007050916,0.005487697351193036,0.09943242344413017,0.002211033043406226,0.04691494424753537,0.11948759779188561,0.019599998284005892,0.012737064754031531,0.011650822378108678,0.06618116611257162,0.07556475309333588,,,0.41663254110330095,0.0,shift_nih_exporter_up__freelaw_down,0.0,1.0000000000000007,False
shift_nih_exporter_up__pubmed_central_down,simplex_perturbation,False,True,outside,0.11302252583269279,0.0968248321520278,0.05588968021709595,0.06375419105058357,0.07507775607983627,0.0254628540970504,0.11070066007050916,0.005487697351193036,0.09943242344413017,0.002211033043406226,0.04691494424753537,0.11948759779188561,0.019599998284005892,0.012737064754031531,0.011650822378108678,0.06618116611257162,0.07556475309333588,,,0.41663254110330095,0.0,shift_nih_exporter_up__pubmed_central_down,0.0,1.0000000000000007,False
shift_nih_exporter_up__wikipedia_en_down,simplex_perturbation,False,True,outside,0.11302252583269279,0.0968248321520278,0.05588968021709595,0.11375419105058357,0.02507775607983627,0.0254628540970504,0.11070066007050916,0.005487697351193036,0.09943242344413017,0.002211033043406226,0.04691494424753537,0.11948759779188561,0.019599998284005892,0.012737064754031531,0.011650822378108678,0.06618116611257162,0.07556475309333588,,,0.41820122115064357,-0.3665275332404914,shift_nih_exporter_up__wikipedia_en_down,-0.3665275332404914,1.0000000000000007,False
shift_nih_exporter_up__github_down,simplex_perturbation,False,True,outside,0.11302252583269279,0.0968248321520278,0.05588968021709595,0.11375419105058357,0.07507775607983627,0.0254628540970504,0.06070066007050916,0.005487697351193036,0.09943242344413017,0.002211033043406226,0.04691494424753537,0.11948759779188561,0.019599998284005892,0.012737064754031531,0.011650822378108678,0.06618116611257162,0.07556475309333588,,,0.4222392722586345,-1.3100321785747664,shift_nih_exporter_up__github_down,-1.3100321785747664,1.0000000000000007,False
shift_nih_exporter_up__stackexchange_down,simplex_perturbation,False,True,outside,0.11302252583269279,0.0968248321520278,0.05588968021709595,0.11375419105058357,0.07507775607983627,0.0254628540970504,0.11070066007050916,0.005487697351193036,0.049432423444130166,0.002211033043406226,0.04691494424753537,0.11948759779188561,0.019599998284005892,0.012737064754031531,0.011650822378108678,0.06618116611257162,0.07556475309333588,,,0.4097801753790527,1.6010790154595766,shift_nih_exporter_up__stackexchange_down,1.6010790154595766,1.0000000000000007,False
shift_nih_exporter_up__pile_cc_down,simplex_perturbation,False,True,outside,0.11302252583269279,0.0968248321520278,0.05588968021709595,0.11375419105058357,0.07507775607983627,0.0254628540970504,0.11070066007050916,0.005487697351193036,0.09943242344413017,0.002211033043406226,0.04691494424753537,0.06948759779188561,0.019599998284005892,0.012737064754031531,0.011650822378108678,0.06618116611257162,0.07556475309333588,,,0.41846570043883785,-0.428324036140665,shift_nih_exporter_up__pile_cc_down,-0.428324036140665,1.0000000000000007,False
shift_nih_exporter_up__pubmed_abstracts_down,simplex_perturbation,False,True,outside,0.11302252583269279,0.0968248321520278,0.05588968021709595,0.11375419105058357,0.07507775607983627,0.0254628540970504,0.11070066007050916,0.005487697351193036,0.09943242344413017,0.002211033043406226,0.04691494424753537,0.11948759779188561,0.019599998284005892,0.012737064754031531,0.011650822378108678,0.016181166112571616,0.07556475309333588,,,0.41663254110330095,0.0,shift_nih_exporter_up__pubmed_abstracts_down,0.0,1.0000000000000007,False
shift_nih_exporter_up__uspto_backgrounds_down,simplex_perturbation,False,True,outside,0.11302252583269279,0.0968248321520278,0.05588968021709595,0.11375419105058357,0.07507775607983627,0.0254628540970504,0.11070066007050916,0.005487697351193036,0.09943242344413017,0.002211033043406226,0.04691494424753537,0.11948759779188561,0.019599998284005892,0.012737064754031531,0.011650822378108678,0.06618116611257162,0.025564753093335876,,,0.41663254110330095,0.0,shift_nih_exporter_up__uspto_backgrounds_down,0.0,1.0000000000000007,False
shift_pubmed_central_up__arxiv_down,simplex_perturbation,True,True,in,0.06302252583269279,0.0968248321520278,0.00588968021709595,0.1637541910505836,0.07507775607983627,0.0254628540970504,0.11070066007050916,0.005487697351193036,0.09943242344413017,0.002211033043406226,0.04691494424753537,0.11948759779188561,0.019599998284005892,0.012737064754031531,0.011650822378108678,0.06618116611257162,0.07556475309333588,,,0.4116148576053034,1.1723991506222478,shift_pubmed_central_up__arxiv_down,1.1723991506222478,1.0000000000000007,False
shift_pubmed_central_up__freelaw_down,simplex_perturbation,True,True,in,0.11302252583269279,0.046824832152027804,0.00588968021709595,0.1637541910505836,0.07507775607983627,0.0254628540970504,0.11070066007050916,0.005487697351193036,0.09943242344413017,0.002211033043406226,0.04691494424753537,0.11948759779188561,0.019599998284005892,0.012737064754031531,0.011650822378108678,0.06618116611257162,0.07556475309333588,,,0.41663254110330095,0.0,shift_pubmed_central_up__freelaw_down,0.0,1.0000000000000007,False
shift_pubmed_central_up__wikipedia_en_down,simplex_perturbation,True,True,in,0.11302252583269279,0.0968248321520278,0.00588968021709595,0.1637541910505836,0.02507775607983627,0.0254628540970504,0.11070066007050916,0.005487697351193036,0.09943242344413017,0.002211033043406226,0.04691494424753537,0.11948759779188561,0.019599998284005892,0.012737064754031531,0.011650822378108678,0.06618116611257162,0.07556475309333588,,,0.41820122115064357,-0.3665275332404914,shift_pubmed_central_up__wikipedia_en_down,-0.3665275332404914,1.0000000000000007,False
shift_pubmed_central_up__github_down,simplex_perturbation,True,True,in,0.11302252583269279,0.0968248321520278,0.00588968021709595,0.1637541910505836,0.07507775607983627,0.0254628540970504,0.06070066007050916,0.005487697351193036,0.09943242344413017,0.002211033043406226,0.04691494424753537,0.11948759779188561,0.019599998284005892,0.012737064754031531,0.011650822378108678,0.06618116611257162,0.07556475309333588,,,0.4222392722586345,-1.3100321785747664,shift_pubmed_central_up__github_down,-1.3100321785747664,1.0000000000000007,False
shift_pubmed_central_up__stackexchange_down,simplex_perturbation,True,True,in,0.11302252583269279,0.0968248321520278,0.00588968021709595,0.1637541910505836,0.07507775607983627,0.0254628540970504,0.11070066007050916,0.005487697351193036,0.049432423444130166,0.002211033043406226,0.04691494424753537,0.11948759779188561,0.019599998284005892,0.012737064754031531,0.011650822378108678,0.06618116611257162,0.07556475309333588,,,0.4097801753790527,1.6010790154595766,shift_pubmed_central_up__stackexchange_down,1.6010790154595766,1.0000000000000007,False
shift_pubmed_central_up__pile_cc_down,simplex_perturbation,True,True,in,0.11302252583269279,0.0968248321520278,0.00588968021709595,0.1637541910505836,0.07507775607983627,0.0254628540970504,0.11070066007050916,0.005487697351193036,0.09943242344413017,0.002211033043406226,0.04691494424753537,0.06948759779188561,0.019599998284005892,0.012737064754031531,0.011650822378108678,0.06618116611257162,0.07556475309333588,,,0.41846570043883785,-0.428324036140665,shift_pubmed_central_up__pile_cc_down,-0.428324036140665,1.0000000000000007,False
shift_pubmed_central_up__pubmed_abstracts_down,simplex_perturbation,True,True,in,0.11302252583269279,0.0968248321520278,0.00588968021709595,0.1637541910505836,0.07507775607983627,0.0254628540970504,0.11070066007050916,0.005487697351193036,0.09943242344413017,0.002211033043406226,0.04691494424753537,0.11948759779188561,0.019599998284005892,0.012737064754031531,0.011650822378108678,0.016181166112571616,0.07556475309333588,,,0.41663254110330095,0.0,shift_pubmed_central_up__pubmed_abstracts_down,0.0,1.0000000000000007,False
shift_pubmed_central_up__uspto_backgrounds_down,simplex_perturbation,True,True,in,0.11302252583269279,0.0968248321520278,0.00588968021709595,0.1637541910505836,0.07507775607983627,0.0254628540970504,0.11070066007050916,0.005487697351193036,0.09943242344413017,0.002211033043406226,0.04691494424753537,0.11948759779188561,0.019599998284005892,0.012737064754031531,0.011650822378108678,0.06618116611257162,0.025564753093335876,,,0.41663254110330095,0.0,shift_pubmed_central_up__uspto_backgrounds_down,0.0,1.0000000000000007,False
shift_wikipedia_en_up__arxiv_down,simplex_perturbation,True,True,in,0.06302252583269279,0.0968248321520278,0.00588968021709595,0.11375419105058357,0.1250777560798363,0.0254628540970504,0.11070066007050916,0.005487697351193036,0.09943242344413017,0.002211033043406226,0.04691494424753537,0.11948759779188561,0.019599998284005892,0.012737064754031531,0.011650822378108678,0.06618116611257162,0.07556475309333588,,,0.410629417435043,1.402650663907897,shift_wikipedia_en_up__arxiv_down,1.402650663907897,1.0000000000000007,False
shift_wikipedia_en_up__freelaw_down,simplex_perturbation,True,True,in,0.11302252583269279,0.046824832152027804,0.00588968021709595,0.11375419105058357,0.1250777560798363,0.0254628540970504,0.11070066007050916,0.005487697351193036,0.09943242344413017,0.002211033043406226,0.04691494424753537,0.11948759779188561,0.019599998284005892,0.012737064754031531,0.011650822378108678,0.06618116611257162,0.07556475309333588,,,0.415319082078402,0.3068942562405904,shift_wikipedia_en_up__freelaw_down,0.3068942562405904,1.0000000000000007,False
shift_wikipedia_en_up__pubmed_central_down,simplex_perturbation,True,True,in,0.11302252583269279,0.0968248321520278,0.00588968021709595,0.06375419105058357,0.1250777560798363,0.0254628540970504,0.11070066007050916,0.005487697351193036,0.09943242344413017,0.002211033043406226,0.04691494424753537,0.11948759779188561,0.019599998284005892,0.012737064754031531,0.011650822378108678,0.06618116611257162,0.07556475309333588,,,0.415319082078402,0.3068942562405904,shift_wikipedia_en_up__pubmed_central_down,0.3068942562405904,1.0000000000000007,False
shift_wikipedia_en_up__github_down,simplex_perturbation,True,True,in,0.11302252583269279,0.0968248321520278,0.00588968021709595,0.11375419105058357,0.1250777560798363,0.0254628540970504,0.06070066007050916,0.005487697351193036,0.09943242344413017,0.002211033043406226,0.04691494424753537,0.11948759779188561,0.019599998284005892,0.012737064754031531,0.011650822378108678,0.06618116611257162,0.07556475309333588,,,0.4203130121269762,-0.8599548185469831,shift_wikipedia_en_up__github_down,-0.8599548185469831,1.0000000000000007,False
shift_wikipedia_en_up__stackexchange_down,simplex_perturbation,True,True,in,0.11302252583269279,0.0968248321520278,0.00588968021709595,0.11375419105058357,0.1250777560798363,0.0254628540970504,0.11070066007050916,0.005487697351193036,0.049432423444130166,0.002211033043406226,0.04691494424753537,0.11948759779188561,0.019599998284005892,0.012737064754031531,0.011650822378108678,0.06618116611257162,0.07556475309333588,,,0.4089572011626919,1.7933697951850143,shift_wikipedia_en_up__stackexchange_down,1.7933697951850143,1.0000000000000007,False
shift_wikipedia_en_up__pile_cc_down,simplex_perturbation,True,True,in,0.11302252583269279,0.0968248321520278,0.00588968021709595,0.11375419105058357,0.1250777560798363,0.0254628540970504,0.11070066007050916,0.005487697351193036,0.09943242344413017,0.002211033043406226,0.04691494424753537,0.06948759779188561,0.019599998284005892,0.012737064754031531,0.011650822378108678,0.06618116611257162,0.07556475309333588,,,0.416873600052415,-0.056324259452400376,shift_wikipedia_en_up__pile_cc_down,-0.056324259452400376,1.0000000000000007,False
shift_wikipedia_en_up__pubmed_abstracts_down,simplex_perturbation,True,True,in,0.11302252583269279,0.0968248321520278,0.00588968021709595,0.11375419105058357,0.1250777560798363,0.0254628540970504,0.11070066007050916,0.005487697351193036,0.09943242344413017,0.002211033043406226,0.04691494424753537,0.11948759779188561,0.019599998284005892,0.012737064754031531,0.011650822378108678,0.016181166112571616,0.07556475309333588,,,0.415319082078402,0.3068942562405904,shift_wikipedia_en_up__pubmed_abstracts_down,0.3068942562405904,1.0000000000000007,False
shift_wikipedia_en_up__uspto_backgrounds_down,simplex_perturbation,True,True,in,0.11302252583269279,0.0968248321520278,0.00588968021709595,0.11375419105058357,0.1250777560798363,0.0254628540970504,0.11070066007050916,0.005487697351193036,0.09943242344413017,0.002211033043406226,0.04691494424753537,0.11948759779188561,0.019599998284005892,0.012737064754031531,0.011650822378108678,0.06618116611257162,0.025564753093335876,,,0.415319082078402,0.3068942562405904,shift_wikipedia_en_up__uspto_backgrounds_down,0.3068942562405904,1.0000000000000007,False
shift_dm_mathematics_up__arxiv_down,simplex_perturbation,True,True,in,0.06302252583269279,0.0968248321520278,0.00588968021709595,0.11375419105058357,0.07507775607983627,0.0754628540970504,0.11070066007050916,0.005487697351193036,0.09943242344413017,0.002211033043406226,0.04691494424753537,0.11948759779188561,0.019599998284005892,0.012737064754031531,0.011650822378108678,0.06618116611257162,0.07556475309333588,,,0.4116148576053034,1.1723991506222478,shift_dm_mathematics_up__arxiv_down,1.1723991506222478,1.0000000000000007,False
shift_dm_mathematics_up__freelaw_down,simplex_perturbation,True,True,in,0.11302252583269279,0.046824832152027804,0.00588968021709595,0.11375419105058357,0.07507775607983627,0.0754628540970504,0.11070066007050916,0.005487697351193036,0.09943242344413017,0.002211033043406226,0.04691494424753537,0.11948759779188561,0.019599998284005892,0.012737064754031531,0.011650822378108678,0.06618116611257162,0.07556475309333588,,,0.41663254110330095,0.0,shift_dm_mathematics_up__freelaw_down,0.0,1.0000000000000007,False
shift_dm_mathematics_up__pubmed_central_down,simplex_perturbation,True,True,in,0.11302252583269279,0.0968248321520278,0.00588968021709595,0.06375419105058357,0.07507775607983627,0.0754628540970504,0.11070066007050916,0.005487697351193036,0.09943242344413017,0.002211033043406226,0.04691494424753537,0.11948759779188561,0.019599998284005892,0.012737064754031531,0.011650822378108678,0.06618116611257162,0.07556475309333588,,,0.41663254110330095,0.0,shift_dm_mathematics_up__pubmed_central_down,0.0,1.0000000000000007,False
shift_dm_mathematics_up__wikipedia_en_down,simplex_perturbation,True,True,in,0.11302252583269279,0.0968248321520278,0.00588968021709595,0.11375419105058357,0.02507775607983627,0.0754628540970504,0.11070066007050916,0.005487697351193036,0.09943242344413017,0.002211033043406226,0.04691494424753537,0.11948759779188561,0.019599998284005892,0.012737064754031531,0.011650822378108678,0.06618116611257162,0.07556475309333588,,,0.41820122115064357,-0.3665275332404914,shift_dm_mathematics_up__wikipedia_en_down,-0.3665275332404914,1.0000000000000007,False
shift_dm_mathematics_up__github_down,simplex_perturbation,True,True,in,0.11302252583269279,0.0968248321520278,0.00588968021709595,0.11375419105058357,0.07507775607983627,0.0754628540970504,0.06070066007050916,0.005487697351193036,0.09943242344413017,0.002211033043406226,0.04691494424753537,0.11948759779188561,0.019599998284005892,0.012737064754031531,0.011650822378108678,0.06618116611257162,0.07556475309333588,,,0.4222392722586345,-1.3100321785747664,shift_dm_mathematics_up__github_down,-1.3100321785747664,1.0000000000000007,False
shift_dm_mathematics_up__stackexchange_down,simplex_perturbation,True,True,in,0.11302252583269279,0.0968248321520278,0.00588968021709595,0.11375419105058357,0.07507775607983627,0.0754628540970504,0.11070066007050916,0.005487697351193036,0.049432423444130166,0.002211033043406226,0.04691494424753537,0.11948759779188561,0.019599998284005892,0.012737064754031531,0.011650822378108678,0.06618116611257162,0.07556475309333588,,,0.4097801753790527,1.6010790154595766,shift_dm_mathematics_up__stackexchange_down,1.6010790154595766,1.0000000000000007,False
shift_dm_mathematics_up__pile_cc_down,simplex_perturbation,True,True,in,0.11302252583269279,0.0968248321520278,0.00588968021709595,0.11375419105058357,0.07507775607983627,0.0754628540970504,0.11070066007050916,0.005487697351193036,0.09943242344413017,0.002211033043406226,0.04691494424753537,0.06948759779188561,0.019599998284005892,0.012737064754031531,0.011650822378108678,0.06618116611257162,0.07556475309333588,,,0.41846570043883785,-0.428324036140665,shift_dm_mathematics_up__pile_cc_down,-0.428324036140665,1.0000000000000007,False
shift_dm_mathematics_up__pubmed_abstracts_down,simplex_perturbation,True,True,in,0.11302252583269279,0.0968248321520278,0.00588968021709595,0.11375419105058357,0.07507775607983627,0.0754628540970504,0.11070066007050916,0.005487697351193036,0.09943242344413017,0.002211033043406226,0.04691494424753537,0.11948759779188561,0.019599998284005892,0.012737064754031531,0.011650822378108678,0.016181166112571616,0.07556475309333588,,,0.41663254110330095,0.0,shift_dm_mathematics_up__pubmed_abstracts_down,0.0,1.0000000000000007,False
shift_dm_mathematics_up__uspto_backgrounds_down,simplex_perturbation,True,True,in,0.11302252583269279,0.0968248321520278,0.00588968021709595,0.11375419105058357,0.07507775607983627,0.0754628540970504,0.11070066007050916,0.005487697351193036,0.09943242344413017,0.002211033043406226,0.04691494424753537,0.11948759779188561,0.019599998284005892,0.012737064754031531,0.011650822378108678,0.06618116611257162,0.025564753093335876,,,0.41663254110330095,0.0,shift_dm_mathematics_up__uspto_backgrounds_down,0.0,1.0000000000000007,False
shift_github_up__arxiv_down,simplex_perturbation,True,True,in,0.06302252583269279,0.0968248321520278,0.00588968021709595,0.11375419105058357,0.07507775607983627,0.0254628540970504,0.16070066007050915,0.005487697351193036,0.09943242344413017,0.002211033043406226,0.04691494424753537,0.11948759779188561,0.019599998284005892,0.012737064754031531,0.011650822378108678,0.06618116611257162,0.07556475309333588,,,0.4069489464113676,2.262605482454919,shift_github_up__arxiv_down,2.262605482454919,1.0000000000000004,False
shift_github_up__freelaw_down,simplex_perturbation,True,True,in,0.11302252583269279,0.046824832152027804,0.00588968021709595,0.11375419105058357,0.07507775607983627,0.0254628540970504,0.16070066007050915,0.005487697351193036,0.09943242344413017,0.002211033043406226,0.04691494424753537,0.11948759779188561,0.019599998284005892,0.012737064754031531,0.011650822378108678,0.06618116611257162,0.07556475309333588,,,0.4119380135936091,1.0968926332503828,shift_github_up__freelaw_down,1.0968926332503828,1.0000000000000004,False
shift_github_up__pubmed_central_down,simplex_perturbation,True,True,in,0.11302252583269279,0.0968248321520278,0.00588968021709595,0.06375419105058357,0.07507775607983627,0.0254628540970504,0.16070066007050915,0.005487697351193036,0.09943242344413017,0.002211033043406226,0.04691494424753537,0.11948759779188561,0.019599998284005892,0.012737064754031531,0.011650822378108678,0.06618116611257162,0.07556475309333588,,,0.4119380135936091,1.0968926332503828,shift_github_up__pubmed_central_down,1.0968926332503828,1.0000000000000004,False
shift_github_up__wikipedia_en_down,simplex_perturbation,True,True,in,0.11302252583269279,0.0968248321520278,0.00588968021709595,0.11375419105058357,0.02507775607983627,0.0254628540970504,0.16070066007050915,0.005487697351193036,0.09943242344413017,0.002211033043406226,0.04691494424753537,0.11948759779188561,0.019599998284005892,0.012737064754031531,0.011650822378108678,0.06618116611257162,0.07556475309333588,,,0.41295207007962564,0.859954818546996,shift_github_up__wikipedia_en_down,0.859954818546996,1.0000000000000004,False
shift_github_up__stackexchange_down,simplex_perturbation,True,True,in,0.11302252583269279,0.0968248321520278,0.00588968021709595,0.11375419105058357,0.07507775607983627,0.0254628540970504,0.16070066007050915,0.005487697351193036,0.049432423444130166,0.002211033043406226,0.04691494424753537,0.11948759779188561,0.019599998284005892,0.012737064754031531,0.011650822378108678,0.06618116611257162,0.07556475309333588,,,0.4052767301390166,2.65332461373201,shift_github_up__stackexchange_down,2.65332461373201,1.0000000000000004,False
shift_github_up__pile_cc_down,simplex_perturbation,True,True,in,0.11302252583269279,0.0968248321520278,0.00588968021709595,0.11375419105058357,0.07507775607983627,0.0254628540970504,0.16070066007050915,0.005487697351193036,0.09943242344413017,0.002211033043406226,0.04691494424753537,0.06948759779188561,0.019599998284005892,0.012737064754031531,0.011650822378108678,0.06618116611257162,0.07556475309333588,,,0.4131931290287397,0.8036305590945956,shift_github_up__pile_cc_down,0.8036305590945956,1.0000000000000004,False
shift_github_up__pubmed_abstracts_down,simplex_perturbation,True,True,in,0.11302252583269279,0.0968248321520278,0.00588968021709595,0.11375419105058357,0.07507775607983627,0.0254628540970504,0.16070066007050915,0.005487697351193036,0.09943242344413017,0.002211033043406226,0.04691494424753537,0.11948759779188561,0.019599998284005892,0.012737064754031531,0.011650822378108678,0.016181166112571616,0.07556475309333588,,,0.4119380135936091,1.0968926332503828,shift_github_up__pubmed_abstracts_down,1.0968926332503828,1.0000000000000004,False
shift_github_up__uspto_backgrounds_down,simplex_perturbation,True,True,in,0.11302252583269279,0.0968248321520278,0.00588968021709595,0.11375419105058357,0.07507775607983627,0.0254628540970504,0.16070066007050915,0.005487697351193036,0.09943242344413017,0.002211033043406226,0.04691494424753537,0.11948759779188561,0.019599998284005892,0.012737064754031531,0.011650822378108678,0.06618116611257162,0.025564753093335876,,,0.4119380135936091,1.0968926332503828,shift_github_up__uspto_backgrounds_down,1.0968926332503828,1.0000000000000004,False
shift_philpapers_up__arxiv_down,simplex_perturbation,False,True,outside,0.06302252583269279,0.0968248321520278,0.00588968021709595,0.11375419105058357,0.07507775607983627,0.0254628540970504,0.11070066007050916,0.055487697351193035,0.09943242344413017,0.002211033043406226,0.04691494424753537,0.11948759779188561,0.019599998284005892,0.012737064754031531,0.011650822378108678,0.06618116611257162,0.07556475309333588,,,0.4116148576053034,1.1723991506222478,shift_philpapers_up__arxiv_down,1.1723991506222478,1.0000000000000007,False
shift_philpapers_up__freelaw_down,simplex_perturbation,False,True,outside,0.11302252583269279,0.046824832152027804,0.00588968021709595,0.11375419105058357,0.07507775607983627,0.0254628540970504,0.11070066007050916,0.055487697351193035,0.09943242344413017,0.002211033043406226,0.04691494424753537,0.11948759779188561,0.019599998284005892,0.012737064754031531,0.011650822378108678,0.06618116611257162,0.07556475309333588,,,0.41663254110330095,0.0,shift_philpapers_up__freelaw_down,0.0,1.0000000000000007,False
shift_philpapers_up__pubmed_central_down,simplex_perturbation,False,True,outside,0.11302252583269279,0.0968248321520278,0.00588968021709595,0.06375419105058357,0.07507775607983627,0.0254628540970504,0.11070066007050916,0.055487697351193035,0.09943242344413017,0.002211033043406226,0.04691494424753537,0.11948759779188561,0.019599998284005892,0.012737064754031531,0.011650822378108678,0.06618116611257162,0.07556475309333588,,,0.41663254110330095,0.0,shift_philpapers_up__pubmed_central_down,0.0,1.0000000000000007,False
shift_philpapers_up__wikipedia_en_down,simplex_perturbation,False,True,outside,0.11302252583269279,0.0968248321520278,0.00588968021709595,0.11375419105058357,0.02507775607983627,0.0254628540970504,0.11070066007050916,0.055487697351193035,0.09943242344413017,0.002211033043406226,0.04691494424753537,0.11948759779188561,0.019599998284005892,0.012737064754031531,0.011650822378108678,0.06618116611257162,0.07556475309333588,,,0.41820122115064357,-0.3665275332404914,shift_philpapers_up__wikipedia_en_down,-0.3665275332404914,1.0000000000000007,False
shift_philpapers_up__github_down,simplex_perturbation,False,True,outside,0.11302252583269279,0.0968248321520278,0.00588968021709595,0.11375419105058357,0.07507775607983627,0.0254628540970504,0.06070066007050916,0.055487697351193035,0.09943242344413017,0.002211033043406226,0.04691494424753537,0.11948759779188561,0.019599998284005892,0.012737064754031531,0.011650822378108678,0.06618116611257162,0.07556475309333588,,,0.4222392722586345,-1.3100321785747664,shift_philpapers_up__github_down,-1.3100321785747664,1.0000000000000007,False
shift_philpapers_up__stackexchange_down,simplex_perturbation,False,True,outside,0.11302252583269279,0.0968248321520278,0.00588968021709595,0.11375419105058357,0.07507775607983627,0.0254628540970504,0.11070066007050916,0.055487697351193035,0.049432423444130166,0.002211033043406226,0.04691494424753537,0.11948759779188561,0.019599998284005892,0.012737064754031531,0.011650822378108678,0.06618116611257162,0.07556475309333588,,,0.4097801753790527,1.6010790154595766,shift_philpapers_up__stackexchange_down,1.6010790154595766,1.0000000000000007,False
shift_philpapers_up__pile_cc_down,simplex_perturbation,False,True,outside,0.11302252583269279,0.0968248321520278,0.00588968021709595,0.11375419105058357,0.07507775607983627,0.0254628540970504,0.11070066007050916,0.055487697351193035,0.09943242344413017,0.002211033043406226,0.04691494424753537,0.06948759779188561,0.019599998284005892,0.012737064754031531,0.011650822378108678,0.06618116611257162,0.07556475309333588,,,0.41846570043883785,-0.428324036140665,shift_philpapers_up__pile_cc_down,-0.428324036140665,1.0000000000000007,False
shift_philpapers_up__pubmed_abstracts_down,simplex_perturbation,False,True,outside,0.11302252583269279,0.0968248321520278,0.00588968021709595,0.11375419105058357,0.07507775607983627,0.0254628540970504,0.11070066007050916,0.055487697351193035,0.09943242344413017,0.002211033043406226,0.04691494424753537,0.11948759779188561,0.019599998284005892,0.012737064754031531,0.011650822378108678,0.016181166112571616,0.07556475309333588,,,0.41663254110330095,0.0,shift_philpapers_up__pubmed_abstracts_down,0.0,1.0000000000000007,False
shift_philpapers_up__uspto_backgrounds_down,simplex_perturbation,False,True,outside,0.11302252583269279,0.0968248321520278,0.00588968021709595,0.11375419105058357,0.07507775607983627,0.0254628540970504,0.11070066007050916,0.055487697351193035,0.09943242344413017,0.002211033043406226,0.04691494424753537,0.11948759779188561,0.019599998284005892,0.012737064754031531,0.011650822378108678,0.06618116611257162,0.025564753093335876,,,0.41663254110330095,0.0,shift_philpapers_up__uspto_backgrounds_down,0.0,1.0000000000000007,False
shift_stackexchange_up__arxiv_down,simplex_perturbation,True,True,in,0.06302252583269279,0.0968248321520278,0.00588968021709595,0.11375419105058357,0.07507775607983627,0.0254628540970504,0.11070066007050916,0.005487697351193036,0.14943242344413016,0.002211033043406226,0.04691494424753537,0.11948759779188561,0.019599998284005892,0.012737064754031531,0.011650822378108678,0.06618116611257162,0.07556475309333588,,,0.41830475737565204,-0.39071913127711705,shift_stackexchange_up__arxiv_down,-0.39071913127711705,1.0000000000000004,False
shift_stackexchange_up__freelaw_down,simplex_perturbation,True,True,in,0.11302252583269279,0.046824832152027804,0.00588968021709595,0.11375419105058357,0.07507775607983627,0.0254628540970504,0.11070066007050916,0.005487697351193036,0.14943242344413016,0.002211033043406226,0.04691494424753537,0.11948759779188561,0.019599998284005892,0.012737064754031531,0.011650822378108678,0.06618116611257162,0.07556475309333588,,,0.42237004099543535,-1.34058674743397,shift_stackexchange_up__freelaw_down,-1.34058674743397,1.0000000000000004,False
shift_stackexchange_up__pubmed_central_down,simplex_perturbation,True,True,in,0.11302252583269282,0.09682483215202783,0.005889680217095952,0.06375419105058358,0.07507775607983629,0.025462854097050406,0.11070066007050919,0.005487697351193037,0.14943242344413019,0.0022110330434062264,0.04691494424753538,0.11948759779188564,0.019599998284005896,0.012737064754031534,0.01165082237810868,0.06618116611257163,0.07556475309333589,,,0.4223700409954353,-1.3405867474339572,shift_stackexchange_up__pubmed_central_down,-1.3405867474339572,1.0000000000000024,False
shift_stackexchange_up__wikipedia_en_down,simplex_perturbation|topQ,True,True,in,0.1130225258326928,0.09682483215202782,0.005889680217095951,0.11375419105058358,0.025077756079836273,0.025462854097050402,0.11070066007050917,0.005487697351193037,0.14943242344413019,0.0022110330434062264,0.046914944247535374,0.11948759779188563,0.019599998284005896,0.012737064754031533,0.01165082237810868,0.06618116611257163,0.07556475309333589,10.0,,0.42430788104390993,-1.7933697951850012,shift_stackexchange_up__wikipedia_en_down,-1.7933697951850012,1.0000000000000018,False
shift_stackexchange_up__github_down,simplex_perturbation|topQ,True,True,in,0.1130225258326928,0.09682483215202782,0.005889680217095951,0.11375419105058358,0.07507775607983629,0.025462854097050402,0.060700660070509165,0.005487697351193037,0.14943242344413019,0.0022110330434062264,0.046914944247535374,0.11948759779188563,0.019599998284005896,0.012737064754031533,0.01165082237810868,0.06618116611257163,0.07556475309333589,3.0,,0.42798835206758523,-2.6533246137319972,shift_stackexchange_up__github_down,-2.6533246137319972,1.0000000000000018,False
shift_stackexchange_up__pile_cc_down,simplex_perturbation|topQ,True,True,in,0.11302252583269282,0.09682483215202783,0.005889680217095952,0.1137541910505836,0.07507775607983629,0.025462854097050406,0.11070066007050919,0.005487697351193037,0.14943242344413019,0.0022110330434062264,0.04691494424753538,0.06948759779188562,0.019599998284005896,0.012737064754031534,0.01165082237810868,0.06618116611257163,0.07556475309333589,9.0,,0.42454893999302407,-1.8496940546374145,shift_stackexchange_up__pile_cc_down,-1.8496940546374145,1.0000000000000022,False
shift_stackexchange_up__pubmed_abstracts_down,simplex_perturbation,True,True,in,0.1130225258326928,0.09682483215202782,0.005889680217095951,0.11375419105058358,0.07507775607983629,0.025462854097050402,0.11070066007050917,0.005487697351193037,0.14943242344413019,0.0022110330434062264,0.046914944247535374,0.11948759779188563,0.019599998284005896,0.012737064754031533,0.01165082237810868,0.01618116611257162,0.07556475309333589,,,0.4223700409954353,-1.3405867474339572,shift_stackexchange_up__pubmed_abstracts_down,-1.3405867474339572,1.0000000000000018,False
shift_stackexchange_up__uspto_backgrounds_down,simplex_perturbation,True,True,in,0.11302252583269282,0.09682483215202783,0.005889680217095952,0.1137541910505836,0.07507775607983629,0.025462854097050406,0.11070066007050919,0.005487697351193037,0.14943242344413019,0.0022110330434062264,0.04691494424753538,0.11948759779188564,0.019599998284005896,0.012737064754031534,0.01165082237810868,0.06618116611257163,0.025564753093335883,,,0.4223700409954353,-1.3405867474339572,shift_stackexchange_up__uspto_backgrounds_down,-1.3405867474339572,1.0000000000000024,False
shift_enron_emails_up__arxiv_down,simplex_perturbation,False,True,outside,0.06302252583269279,0.0968248321520278,0.00588968021709595,0.11375419105058357,0.07507775607983627,0.0254628540970504,0.11070066007050916,0.005487697351193036,0.09943242344413017,0.05221103304340623,0.04691494424753537,0.11948759779188561,0.019599998284005892,0.012737064754031531,0.011650822378108678,0.06618116611257162,0.07556475309333588,,,0.4116148576053034,1.1723991506222478,shift_enron_emails_up__arxiv_down,1.1723991506222478,1.0000000000000007,False
shift_enron_emails_up__freelaw_down,simplex_perturbation,False,True,outside,0.11302252583269279,0.046824832152027804,0.00588968021709595,0.11375419105058357,0.07507775607983627,0.0254628540970504,0.11070066007050916,0.005487697351193036,0.09943242344413017,0.05221103304340623,0.04691494424753537,0.11948759779188561,0.019599998284005892,0.012737064754031531,0.011650822378108678,0.06618116611257162,0.07556475309333588,,,0.41663254110330095,0.0,shift_enron_emails_up__freelaw_down,0.0,1.0000000000000007,False
shift_enron_emails_up__pubmed_central_down,simplex_perturbation,False,True,outside,0.11302252583269279,0.0968248321520278,0.00588968021709595,0.06375419105058357,0.07507775607983627,0.0254628540970504,0.11070066007050916,0.005487697351193036,0.09943242344413017,0.05221103304340623,0.04691494424753537,0.11948759779188561,0.019599998284005892,0.012737064754031531,0.011650822378108678,0.06618116611257162,0.07556475309333588,,,0.41663254110330095,0.0,shift_enron_emails_up__pubmed_central_down,0.0,1.0000000000000007,False
shift_enron_emails_up__wikipedia_en_down,simplex_perturbation,False,True,outside,0.11302252583269279,0.0968248321520278,0.00588968021709595,0.11375419105058357,0.02507775607983627,0.0254628540970504,0.11070066007050916,0.005487697351193036,0.09943242344413017,0.05221103304340623,0.04691494424753537,0.11948759779188561,0.019599998284005892,0.012737064754031531,0.011650822378108678,0.06618116611257162,0.07556475309333588,,,0.41820122115064357,-0.3665275332404914,shift_enron_emails_up__wikipedia_en_down,-0.3665275332404914,1.0000000000000007,False
shift_enron_emails_up__github_down,simplex_perturbation,False,True,outside,0.11302252583269279,0.0968248321520278,0.00588968021709595,0.11375419105058357,0.07507775607983627,0.0254628540970504,0.06070066007050916,0.005487697351193036,0.09943242344413017,0.05221103304340623,0.04691494424753537,0.11948759779188561,0.019599998284005892,0.012737064754031531,0.011650822378108678,0.06618116611257162,0.07556475309333588,,,0.4222392722586345,-1.3100321785747664,shift_enron_emails_up__github_down,-1.3100321785747664,1.0000000000000007,False
shift_enron_emails_up__stackexchange_down,simplex_perturbation,False,True,outside,0.11302252583269279,0.0968248321520278,0.00588968021709595,0.11375419105058357,0.07507775607983627,0.0254628540970504,0.11070066007050916,0.005487697351193036,0.049432423444130166,0.05221103304340623,0.04691494424753537,0.11948759779188561,0.019599998284005892,0.012737064754031531,0.011650822378108678,0.06618116611257162,0.07556475309333588,,,0.4097801753790527,1.6010790154595766,shift_enron_emails_up__stackexchange_down,1.6010790154595766,1.0000000000000007,False
shift_enron_emails_up__pile_cc_down,simplex_perturbation,False,True,outside,0.11302252583269279,0.0968248321520278,0.00588968021709595,0.11375419105058357,0.07507775607983627,0.0254628540970504,0.11070066007050916,0.005487697351193036,0.09943242344413017,0.05221103304340623,0.04691494424753537,0.06948759779188561,0.019599998284005892,0.012737064754031531,0.011650822378108678,0.06618116611257162,0.07556475309333588,,,0.41846570043883785,-0.428324036140665,shift_enron_emails_up__pile_cc_down,-0.428324036140665,1.0000000000000007,False
shift_enron_emails_up__pubmed_abstracts_down,simplex_perturbation,False,True,outside,0.11302252583269279,0.0968248321520278,0.00588968021709595,0.11375419105058357,0.07507775607983627,0.0254628540970504,0.11070066007050916,0.005487697351193036,0.09943242344413017,0.05221103304340623,0.04691494424753537,0.11948759779188561,0.019599998284005892,0.012737064754031531,0.011650822378108678,0.016181166112571616,0.07556475309333588,,,0.41663254110330095,0.0,shift_enron_emails_up__pubmed_abstracts_down,0.0,1.0000000000000007,False
shift_enron_emails_up__uspto_backgrounds_down,simplex_perturbation,False,True,outside,0.11302252583269279,0.0968248321520278,0.00588968021709595,0.11375419105058357,0.07507775607983627,0.0254628540970504,0.11070066007050916,0.005487697351193036,0.09943242344413017,0.05221103304340623,0.04691494424753537,0.11948759779188561,0.019599998284005892,0.012737064754031531,0.011650822378108678,0.06618116611257162,0.025564753093335876,,,0.41663254110330095,0.0,shift_enron_emails_up__uspto_backgrounds_down,0.0,1.0000000000000007,False
shift_gutenberg_pg_19_up__arxiv_down,simplex_perturbation,True,True,in,0.06302252583269279,0.0968248321520278,0.00588968021709595,0.11375419105058357,0.07507775607983627,0.0254628540970504,0.11070066007050916,0.005487697351193036,0.09943242344413017,0.002211033043406226,0.09691494424753537,0.11948759779188561,0.019599998284005892,0.012737064754031531,0.011650822378108678,0.06618116611257162,0.07556475309333588,,,0.40640618648024507,2.38942322265192,shift_gutenberg_pg_19_up__arxiv_down,2.38942322265192,1.0000000000000007,False
shift_gutenberg_pg_19_up__freelaw_down,simplex_perturbation,True,True,in,0.11302252583269279,0.046824832152027804,0.00588968021709595,0.11375419105058357,0.07507775607983627,0.0254628540970504,0.11070066007050916,0.005487697351193036,0.09943242344413017,0.002211033043406226,0.09691494424753537,0.11948759779188561,0.019599998284005892,0.012737064754031531,0.011650822378108678,0.06618116611257162,0.07556475309333588,,,0.411439406625609,1.2133938804914495,shift_gutenberg_pg_19_up__freelaw_down,1.2133938804914495,1.0000000000000007,False
shift_gutenberg_pg_19_up__pubmed_central_down,simplex_perturbation,True,True,in,0.11302252583269279,0.0968248321520278,0.00588968021709595,0.06375419105058357,0.07507775607983627,0.0254628540970504,0.11070066007050916,0.005487697351193036,0.09943242344413017,0.002211033043406226,0.09691494424753537,0.11948759779188561,0.019599998284005892,0.012737064754031531,0.011650822378108678,0.06618116611257162,0.07556475309333588,,,0.411439406625609,1.2133938804914495,shift_gutenberg_pg_19_up__pubmed_central_down,1.2133938804914495,1.0000000000000007,False
shift_gutenberg_pg_19_up__wikipedia_en_down,simplex_perturbation,True,True,in,0.11302252583269279,0.0968248321520278,0.00588968021709595,0.11375419105058357,0.02507775607983627,0.0254628540970504,0.11070066007050916,0.005487697351193036,0.09943242344413017,0.002211033043406226,0.09691494424753537,0.11948759779188561,0.019599998284005892,0.012737064754031531,0.011650822378108678,0.06618116611257162,0.07556475309333588,,,0.412409310148503,0.9867725587440226,shift_gutenberg_pg_19_up__wikipedia_en_down,0.9867725587440226,1.0000000000000007,False
shift_gutenberg_pg_19_up__github_down,simplex_perturbation,True,True,in,0.11302252583269279,0.0968248321520278,0.00588968021709595,0.11375419105058357,0.07507775607983627,0.0254628540970504,0.06070066007050916,0.005487697351193036,0.09943242344413017,0.002211033043406226,0.09691494424753537,0.11948759779188561,0.019599998284005892,0.012737064754031531,0.011650822378108678,0.06618116611257162,0.07556475309333588,,,0.4160897811721784,0.1268177401970136,shift_gutenberg_pg_19_up__github_down,0.1268177401970136,1.0000000000000007,False
shift_gutenberg_pg_19_up__stackexchange_down,simplex_perturbation|lowQ,True,True,in,0.11302252583269279,0.0968248321520278,0.00588968021709595,0.11375419105058357,0.07507775607983627,0.0254628540970504,0.11070066007050916,0.005487697351193036,0.049432423444130166,0.002211033043406226,0.09691494424753537,0.11948759779188561,0.019599998284005892,0.012737064754031531,0.011650822378108678,0.06618116611257162,0.07556475309333588,,2.0,0.404733970207894,2.780142353929037,shift_gutenberg_pg_19_up__stackexchange_down,2.780142353929037,1.0000000000000007,False
shift_gutenberg_pg_19_up__pile_cc_down,simplex_perturbation,True,True,in,0.11302252583269279,0.0968248321520278,0.00588968021709595,0.11375419105058357,0.07507775607983627,0.0254628540970504,0.11070066007050916,0.005487697351193036,0.09943242344413017,0.002211033043406226,0.09691494424753537,0.06948759779188561,0.019599998284005892,0.012737064754031531,0.011650822378108678,0.06618116611257162,0.07556475309333588,,,0.4126503690976172,0.9304482992915962,shift_gutenberg_pg_19_up__pile_cc_down,0.9304482992915962,1.0000000000000007,False
shift_gutenberg_pg_19_up__pubmed_abstracts_down,simplex_perturbation,True,True,in,0.11302252583269279,0.0968248321520278,0.00588968021709595,0.11375419105058357,0.07507775607983627,0.0254628540970504,0.11070066007050916,0.005487697351193036,0.09943242344413017,0.002211033043406226,0.09691494424753537,0.11948759779188561,0.019599998284005892,0.012737064754031531,0.011650822378108678,0.016181166112571616,0.07556475309333588,,,0.411439406625609,1.2133938804914495,shift_gutenberg_pg_19_up__pubmed_abstracts_down,1.2133938804914495,1.0000000000000007,False
shift_gutenberg_pg_19_up__uspto_backgrounds_down,simplex_perturbation,True,True,in,0.11302252583269279,0.0968248321520278,0.00588968021709595,0.11375419105058357,0.07507775607983627,0.0254628540970504,0.11070066007050916,0.005487697351193036,0.09943242344413017,0.002211033043406226,0.09691494424753537,0.11948759779188561,0.019599998284005892,0.012737064754031531,0.011650822378108678,0.06618116611257162,0.025564753093335876,,,0.411439406625609,1.2133938804914495,shift_gutenberg_pg_19_up__uspto_backgrounds_down,1.2133938804914495,1.0000000000000007,False
shift_pile_cc_up__arxiv_down,simplex_perturbation,True,True,in,0.06302252583269279,0.0968248321520278,0.00588968021709595,0.11375419105058357,0.07507775607983627,0.0254628540970504,0.11070066007050916,0.005487697351193036,0.09943242344413017,0.002211033043406226,0.04691494424753537,0.1694875977918856,0.019599998284005892,0.012737064754031531,0.011650822378108678,0.06618116611257162,0.07556475309333588,,,0.410388358485929,1.4589749233602844,shift_pile_cc_up__arxiv_down,1.4589749233602844,1.0000000000000004,False
shift_pile_cc_up__freelaw_down,simplex_perturbation,True,True,in,0.11302252583269279,0.046824832152027804,0.00588968021709595,0.11375419105058357,0.07507775607983627,0.0254628540970504,0.11070066007050916,0.005487697351193036,0.09943242344413017,0.002211033043406226,0.04691494424753537,0.1694875977918856,0.019599998284005892,0.012737064754031531,0.011650822378108678,0.06618116611257162,0.07556475309333588,,,0.41509763302729313,0.3586365950169931,shift_pile_cc_up__freelaw_down,0.3586365950169931,1.0000000000000004,False
shift_pile_cc_up__pubmed_central_down,simplex_perturbation,True,True,in,0.11302252583269279,0.0968248321520278,0.00588968021709595,0.06375419105058357,0.07507775607983627,0.0254628540970504,0.11070066007050916,0.005487697351193036,0.09943242344413017,0.002211033043406226,0.04691494424753537,0.1694875977918856,0.019599998284005892,0.012737064754031531,0.011650822378108678,0.06618116611257162,0.07556475309333588,,,0.41509763302729313,0.3586365950169931,shift_pile_cc_up__pubmed_central_down,0.3586365950169931,1.0000000000000004,False
shift_pile_cc_up__wikipedia_en_down,simplex_perturbation,True,True,in,0.11302252583269279,0.0968248321520278,0.00588968021709595,0.11375419105058357,0.02507775607983627,0.0254628540970504,0.11070066007050916,0.005487697351193036,0.09943242344413017,0.002211033043406226,0.04691494424753537,0.1694875977918856,0.019599998284005892,0.012737064754031531,0.011650822378108678,0.06618116611257162,0.07556475309333588,,,0.4163914821541869,0.05632425945238741,shift_pile_cc_up__wikipedia_en_down,0.05632425945238741,1.0000000000000004,False
shift_pile_cc_up__github_down,simplex_perturbation,True,True,in,0.11302252583269279,0.0968248321520278,0.00588968021709595,0.11375419105058357,0.07507775607983627,0.0254628540970504,0.06070066007050916,0.005487697351193036,0.09943242344413017,0.002211033043406226,0.04691494424753537,0.1694875977918856,0.019599998284005892,0.012737064754031531,0.011650822378108678,0.06618116611257162,0.07556475309333588,,,0.4200719531778622,-0.8036305590946086,shift_pile_cc_up__github_down,-0.8036305590946086,1.0000000000000004,False
shift_pile_cc_up__stackexchange_down,simplex_perturbation,True,True,in,0.11302252583269279,0.0968248321520278,0.00588968021709595,0.11375419105058357,0.07507775607983627,0.0254628540970504,0.11070066007050916,0.005487697351193036,0.049432423444130166,0.002211033043406226,0.04691494424753537,0.1694875977918856,0.019599998284005892,0.012737064754031531,0.011650822378108678,0.06618116611257162,0.07556475309333588,,,0.4087161422135779,1.8496940546374017,shift_pile_cc_up__stackexchange_down,1.8496940546374017,1.0000000000000004,False
shift_pile_cc_up__pubmed_abstracts_down,simplex_perturbation,True,True,in,0.11302252583269279,0.0968248321520278,0.00588968021709595,0.11375419105058357,0.07507775607983627,0.0254628540970504,0.11070066007050916,0.005487697351193036,0.09943242344413017,0.002211033043406226,0.04691494424753537,0.1694875977918856,0.019599998284005892,0.012737064754031531,0.011650822378108678,0.016181166112571616,0.07556475309333588,,,0.41509763302729313,0.3586365950169931,shift_pile_cc_up__pubmed_abstracts_down,0.3586365950169931,1.0000000000000004,False
shift_pile_cc_up__uspto_backgrounds_down,simplex_perturbation,True,True,in,0.11302252583269279,0.0968248321520278,0.00588968021709595,0.11375419105058357,0.07507775607983627,0.0254628540970504,0.11070066007050916,0.005487697351193036,0.09943242344413017,0.002211033043406226,0.04691494424753537,0.1694875977918856,0.019599998284005892,0.012737064754031531,0.011650822378108678,0.06618116611257162,0.025564753093335876,,,0.41509763302729313,0.3586365950169931,shift_pile_cc_up__uspto_backgrounds_down,0.3586365950169931,1.0000000000000004,False
shift_ubuntu_irc_up__arxiv_down,simplex_perturbation,True,True,in,0.06302252583269279,0.0968248321520278,0.00588968021709595,0.11375419105058357,0.07507775607983627,0.0254628540970504,0.11070066007050916,0.005487697351193036,0.09943242344413017,0.002211033043406226,0.04691494424753537,0.11948759779188561,0.0695999982840059,0.012737064754031531,0.011650822378108678,0.06618116611257162,0.07556475309333588,,,0.4116148576053034,1.1723991506222478,shift_ubuntu_irc_up__arxiv_down,1.1723991506222478,1.0000000000000007,False
shift_ubuntu_irc_up__freelaw_down,simplex_perturbation,True,True,in,0.11302252583269279,0.046824832152027804,0.00588968021709595,0.11375419105058357,0.07507775607983627,0.0254628540970504,0.11070066007050916,0.005487697351193036,0.09943242344413017,0.002211033043406226,0.04691494424753537,0.11948759779188561,0.0695999982840059,0.012737064754031531,0.011650822378108678,0.06618116611257162,0.07556475309333588,,,0.41663254110330095,0.0,shift_ubuntu_irc_up__freelaw_down,0.0,1.0000000000000007,False
shift_ubuntu_irc_up__pubmed_central_down,simplex_perturbation,True,True,in,0.11302252583269279,0.0968248321520278,0.00588968021709595,0.06375419105058357,0.07507775607983627,0.0254628540970504,0.11070066007050916,0.005487697351193036,0.09943242344413017,0.002211033043406226,0.04691494424753537,0.11948759779188561,0.0695999982840059,0.012737064754031531,0.011650822378108678,0.06618116611257162,0.07556475309333588,,,0.41663254110330095,0.0,shift_ubuntu_irc_up__pubmed_central_down,0.0,1.0000000000000007,False
shift_ubuntu_irc_up__wikipedia_en_down,simplex_perturbation,True,True,in,0.11302252583269279,0.0968248321520278,0.00588968021709595,0.11375419105058357,0.02507775607983627,0.0254628540970504,0.11070066007050916,0.005487697351193036,0.09943242344413017,0.002211033043406226,0.04691494424753537,0.11948759779188561,0.0695999982840059,0.012737064754031531,0.011650822378108678,0.06618116611257162,0.07556475309333588,,,0.41820122115064357,-0.3665275332404914,shift_ubuntu_irc_up__wikipedia_en_down,-0.3665275332404914,1.0000000000000007,False
shift_ubuntu_irc_up__github_down,simplex_perturbation,True,True,in,0.11302252583269279,0.0968248321520278,0.00588968021709595,0.11375419105058357,0.07507775607983627,0.0254628540970504,0.06070066007050916,0.005487697351193036,0.09943242344413017,0.002211033043406226,0.04691494424753537,0.11948759779188561,0.0695999982840059,0.012737064754031531,0.011650822378108678,0.06618116611257162,0.07556475309333588,,,0.4222392722586345,-1.3100321785747664,shift_ubuntu_irc_up__github_down,-1.3100321785747664,1.0000000000000007,False
shift_ubuntu_irc_up__stackexchange_down,simplex_perturbation,True,True,in,0.11302252583269279,0.0968248321520278,0.00588968021709595,0.11375419105058357,0.07507775607983627,0.0254628540970504,0.11070066007050916,0.005487697351193036,0.049432423444130166,0.002211033043406226,0.04691494424753537,0.11948759779188561,0.0695999982840059,0.012737064754031531,0.011650822378108678,0.06618116611257162,0.07556475309333588,,,0.4097801753790527,1.6010790154595766,shift_ubuntu_irc_up__stackexchange_down,1.6010790154595766,1.0000000000000007,False
shift_ubuntu_irc_up__pile_cc_down,simplex_perturbation,True,True,in,0.11302252583269279,0.0968248321520278,0.00588968021709595,0.11375419105058357,0.07507775607983627,0.0254628540970504,0.11070066007050916,0.005487697351193036,0.09943242344413017,0.002211033043406226,0.04691494424753537,0.06948759779188561,0.0695999982840059,0.012737064754031531,0.011650822378108678,0.06618116611257162,0.07556475309333588,,,0.41846570043883785,-0.428324036140665,shift_ubuntu_irc_up__pile_cc_down,-0.428324036140665,1.0000000000000007,False
shift_ubuntu_irc_up__pubmed_abstracts_down,simplex_perturbation,True,True,in,0.11302252583269279,0.0968248321520278,0.00588968021709595,0.11375419105058357,0.07507775607983627,0.0254628540970504,0.11070066007050916,0.005487697351193036,0.09943242344413017,0.002211033043406226,0.04691494424753537,0.11948759779188561,0.0695999982840059,0.012737064754031531,0.011650822378108678,0.016181166112571616,0.07556475309333588,,,0.41663254110330095,0.0,shift_ubuntu_irc_up__pubmed_abstracts_down,0.0,1.0000000000000007,False
shift_ubuntu_irc_up__uspto_backgrounds_down,simplex_perturbation,True,True,in,0.11302252583269279,0.0968248321520278,0.00588968021709595,0.11375419105058357,0.07507775607983627,0.0254628540970504,0.11070066007050916,0.005487697351193036,0.09943242344413017,0.002211033043406226,0.04691494424753537,0.11948759779188561,0.0695999982840059,0.012737064754031531,0.011650822378108678,0.06618116611257162,0.025564753093335876,,,0.41663254110330095,0.0,shift_ubuntu_irc_up__uspto_backgrounds_down,0.0,1.0000000000000007,False
shift_europarl_up__arxiv_down,simplex_perturbation,True,True,in,0.06302252583269279,0.0968248321520278,0.00588968021709595,0.11375419105058357,0.07507775607983627,0.0254628540970504,0.11070066007050916,0.005487697351193036,0.09943242344413017,0.002211033043406226,0.04691494424753537,0.11948759779188561,0.019599998284005892,0.06273706475403154,0.011650822378108678,0.06618116611257162,0.07556475309333588,,,0.4116148576053034,1.1723991506222478,shift_europarl_up__arxiv_down,1.1723991506222478,1.0000000000000007,False
shift_europarl_up__freelaw_down,simplex_perturbation,True,True,in,0.11302252583269279,0.046824832152027804,0.00588968021709595,0.11375419105058357,0.07507775607983627,0.0254628540970504,0.11070066007050916,0.005487697351193036,0.09943242344413017,0.002211033043406226,0.04691494424753537,0.11948759779188561,0.019599998284005892,0.06273706475403154,0.011650822378108678,0.06618116611257162,0.07556475309333588,,,0.41663254110330095,0.0,shift_europarl_up__freelaw_down,0.0,1.0000000000000007,False
shift_europarl_up__pubmed_central_down,simplex_perturbation,True,True,in,0.11302252583269279,0.0968248321520278,0.00588968021709595,0.06375419105058357,0.07507775607983627,0.0254628540970504,0.11070066007050916,0.005487697351193036,0.09943242344413017,0.002211033043406226,0.04691494424753537,0.11948759779188561,0.019599998284005892,0.06273706475403154,0.011650822378108678,0.06618116611257162,0.07556475309333588,,,0.41663254110330095,0.0,shift_europarl_up__pubmed_central_down,0.0,1.0000000000000007,False
shift_europarl_up__wikipedia_en_down,simplex_perturbation,True,True,in,0.11302252583269279,0.0968248321520278,0.00588968021709595,0.11375419105058357,0.02507775607983627,0.0254628540970504,0.11070066007050916,0.005487697351193036,0.09943242344413017,0.002211033043406226,0.04691494424753537,0.11948759779188561,0.019599998284005892,0.06273706475403154,0.011650822378108678,0.06618116611257162,0.07556475309333588,,,0.41820122115064357,-0.3665275332404914,shift_europarl_up__wikipedia_en_down,-0.3665275332404914,1.0000000000000007,False
shift_europarl_up__github_down,simplex_perturbation,True,True,in,0.11302252583269279,0.0968248321520278,0.00588968021709595,0.11375419105058357,0.07507775607983627,0.0254628540970504,0.06070066007050916,0.005487697351193036,0.09943242344413017,0.002211033043406226,0.04691494424753537,0.11948759779188561,0.019599998284005892,0.06273706475403154,0.011650822378108678,0.06618116611257162,0.07556475309333588,,,0.4222392722586345,-1.3100321785747664,shift_europarl_up__github_down,-1.3100321785747664,1.0000000000000007,False
shift_europarl_up__stackexchange_down,simplex_perturbation,True,True,in,0.11302252583269279,0.0968248321520278,0.00588968021709595,0.11375419105058357,0.07507775607983627,0.0254628540970504,0.11070066007050916,0.005487697351193036,0.049432423444130166,0.002211033043406226,0.04691494424753537,0.11948759779188561,0.019599998284005892,0.06273706475403154,0.011650822378108678,0.06618116611257162,0.07556475309333588,,,0.4097801753790527,1.6010790154595766,shift_europarl_up__stackexchange_down,1.6010790154595766,1.0000000000000007,False
shift_europarl_up__pile_cc_down,simplex_perturbation,True,True,in,0.11302252583269279,0.0968248321520278,0.00588968021709595,0.11375419105058357,0.07507775607983627,0.0254628540970504,0.11070066007050916,0.005487697351193036,0.09943242344413017,0.002211033043406226,0.04691494424753537,0.06948759779188561,0.019599998284005892,0.06273706475403154,0.011650822378108678,0.06618116611257162,0.07556475309333588,,,0.41846570043883785,-0.428324036140665,shift_europarl_up__pile_cc_down,-0.428324036140665,1.0000000000000007,False
shift_europarl_up__pubmed_abstracts_down,simplex_perturbation,True,True,in,0.11302252583269279,0.0968248321520278,0.00588968021709595,0.11375419105058357,0.07507775607983627,0.0254628540970504,0.11070066007050916,0.005487697351193036,0.09943242344413017,0.002211033043406226,0.04691494424753537,0.11948759779188561,0.019599998284005892,0.06273706475403154,0.011650822378108678,0.016181166112571616,0.07556475309333588,,,0.41663254110330095,0.0,shift_europarl_up__pubmed_abstracts_down,0.0,1.0000000000000007,False
shift_europarl_up__uspto_backgrounds_down,simplex_perturbation,True,True,in,0.11302252583269279,0.0968248321520278,0.00588968021709595,0.11375419105058357,0.07507775607983627,0.0254628540970504,0.11070066007050916,0.005487697351193036,0.09943242344413017,0.002211033043406226,0.04691494424753537,0.11948759779188561,0.019599998284005892,0.06273706475403154,0.011650822378108678,0.06618116611257162,0.025564753093335876,,,0.41663254110330095,0.0,shift_europarl_up__uspto_backgrounds_down,0.0,1.0000000000000007,False
shift_hackernews_up__arxiv_down,simplex_perturbation,True,True,in,0.06302252583269279,0.0968248321520278,0.00588968021709595,0.11375419105058357,0.07507775607983627,0.0254628540970504,0.11070066007050916,0.005487697351193036,0.09943242344413017,0.002211033043406226,0.04691494424753537,0.11948759779188561,0.019599998284005892,0.012737064754031531,0.06165082237810868,0.06618116611257162,0.07556475309333588,,,0.4116148576053034,1.1723991506222478,shift_hackernews_up__arxiv_down,1.1723991506222478,1.0000000000000007,False
shift_hackernews_up__freelaw_down,simplex_perturbation,True,True,in,0.11302252583269279,0.046824832152027804,0.00588968021709595,0.11375419105058357,0.07507775607983627,0.0254628540970504,0.11070066007050916,0.005487697351193036,0.09943242344413017,0.002211033043406226,0.04691494424753537,0.11948759779188561,0.019599998284005892,0.012737064754031531,0.06165082237810868,0.06618116611257162,0.07556475309333588,,,0.41663254110330095,0.0,shift_hackernews_up__freelaw_down,0.0,1.0000000000000007,False
shift_hackernews_up__pubmed_central_down,simplex_perturbation,True,True,in,0.11302252583269279,0.0968248321520278,0.00588968021709595,0.06375419105058357,0.07507775607983627,0.0254628540970504,0.11070066007050916,0.005487697351193036,0.09943242344413017,0.002211033043406226,0.04691494424753537,0.11948759779188561,0.019599998284005892,0.012737064754031531,0.06165082237810868,0.06618116611257162,0.07556475309333588,,,0.41663254110330095,0.0,shift_hackernews_up__pubmed_central_down,0.0,1.0000000000000007,False
shift_hackernews_up__wikipedia_en_down,simplex_perturbation,True,True,in,0.11302252583269279,0.0968248321520278,0.00588968021709595,0.11375419105058357,0.02507775607983627,0.0254628540970504,0.11070066007050916,0.005487697351193036,0.09943242344413017,0.002211033043406226,0.04691494424753537,0.11948759779188561,0.019599998284005892,0.012737064754031531,0.06165082237810868,0.06618116611257162,0.07556475309333588,,,0.41820122115064357,-0.3665275332404914,shift_hackernews_up__wikipedia_en_down,-0.3665275332404914,1.0000000000000007,False
shift_hackernews_up__github_down,simplex_perturbation,True,True,in,0.11302252583269279,0.0968248321520278,0.00588968021709595,0.11375419105058357,0.07507775607983627,0.0254628540970504,0.06070066007050916,0.005487697351193036,0.09943242344413017,0.002211033043406226,0.04691494424753537,0.11948759779188561,0.019599998284005892,0.012737064754031531,0.06165082237810868,0.06618116611257162,0.07556475309333588,,,0.4222392722586345,-1.3100321785747664,shift_hackernews_up__github_down,-1.3100321785747664,1.0000000000000007,False
shift_hackernews_up__stackexchange_down,simplex_perturbation,True,True,in,0.11302252583269279,0.0968248321520278,0.00588968021709595,0.11375419105058357,0.07507775607983627,0.0254628540970504,0.11070066007050916,0.005487697351193036,0.049432423444130166,0.002211033043406226,0.04691494424753537,0.11948759779188561,0.019599998284005892,0.012737064754031531,0.06165082237810868,0.06618116611257162,0.07556475309333588,,,0.4097801753790527,1.6010790154595766,shift_hackernews_up__stackexchange_down,1.6010790154595766,1.0000000000000007,False
shift_hackernews_up__pile_cc_down,simplex_perturbation,True,True,in,0.11302252583269279,0.0968248321520278,0.00588968021709595,0.11375419105058357,0.07507775607983627,0.0254628540970504,0.11070066007050916,0.005487697351193036,0.09943242344413017,0.002211033043406226,0.04691494424753537,0.06948759779188561,0.019599998284005892,0.012737064754031531,0.06165082237810868,0.06618116611257162,0.07556475309333588,,,0.41846570043883785,-0.428324036140665,shift_hackernews_up__pile_cc_down,-0.428324036140665,1.0000000000000007,False
shift_hackernews_up__pubmed_abstracts_down,simplex_perturbation,True,True,in,0.11302252583269279,0.0968248321520278,0.00588968021709595,0.11375419105058357,0.07507775607983627,0.0254628540970504,0.11070066007050916,0.005487697351193036,0.09943242344413017,0.002211033043406226,0.04691494424753537,0.11948759779188561,0.019599998284005892,0.012737064754031531,0.06165082237810868,0.016181166112571616,0.07556475309333588,,,0.41663254110330095,0.0,shift_hackernews_up__pubmed_abstracts_down,0.0,1.0000000000000007,False
shift_hackernews_up__uspto_backgrounds_down,simplex_perturbation,True,True,in,0.11302252583269279,0.0968248321520278,0.00588968021709595,0.11375419105058357,0.07507775607983627,0.0254628540970504,0.11070066007050916,0.005487697351193036,0.09943242344413017,0.002211033043406226,0.04691494424753537,0.11948759779188561,0.019599998284005892,0.012737064754031531,0.06165082237810868,0.06618116611257162,0.025564753093335876,,,0.41663254110330095,0.0,shift_hackernews_up__uspto_backgrounds_down,0.0,1.0000000000000007,False
shift_pubmed_abstracts_up__arxiv_down,simplex_perturbation,True,True,in,0.06302252583269279,0.0968248321520278,0.00588968021709595,0.11375419105058357,0.07507775607983627,0.0254628540970504,0.11070066007050916,0.005487697351193036,0.09943242344413017,0.002211033043406226,0.04691494424753537,0.11948759779188561,0.019599998284005892,0.012737064754031531,0.011650822378108678,0.11618116611257162,0.07556475309333588,,,0.4116148576053034,1.1723991506222478,shift_pubmed_abstracts_up__arxiv_down,1.1723991506222478,1.0000000000000007,False
shift_pubmed_abstracts_up__freelaw_down,simplex_perturbation,True,True,in,0.11302252583269279,0.046824832152027804,0.00588968021709595,0.11375419105058357,0.07507775607983627,0.0254628540970504,0.11070066007050916,0.005487697351193036,0.09943242344413017,0.002211033043406226,0.04691494424753537,0.11948759779188561,0.019599998284005892,0.012737064754031531,0.011650822378108678,0.11618116611257162,0.07556475309333588,,,0.41663254110330095,0.0,shift_pubmed_abstracts_up__freelaw_down,0.0,1.0000000000000007,False
shift_pubmed_abstracts_up__pubmed_central_down,simplex_perturbation,True,True,in,0.11302252583269279,0.0968248321520278,0.00588968021709595,0.06375419105058357,0.07507775607983627,0.0254628540970504,0.11070066007050916,0.005487697351193036,0.09943242344413017,0.002211033043406226,0.04691494424753537,0.11948759779188561,0.019599998284005892,0.012737064754031531,0.011650822378108678,0.11618116611257162,0.07556475309333588,,,0.41663254110330095,0.0,shift_pubmed_abstracts_up__pubmed_central_down,0.0,1.0000000000000007,False
shift_pubmed_abstracts_up__wikipedia_en_down,simplex_perturbation,True,True,in,0.11302252583269279,0.0968248321520278,0.00588968021709595,0.11375419105058357,0.02507775607983627,0.0254628540970504,0.11070066007050916,0.005487697351193036,0.09943242344413017,0.002211033043406226,0.04691494424753537,0.11948759779188561,0.019599998284005892,0.012737064754031531,0.011650822378108678,0.11618116611257162,0.07556475309333588,,,0.41820122115064357,-0.3665275332404914,shift_pubmed_abstracts_up__wikipedia_en_down,-0.3665275332404914,1.0000000000000007,False
shift_pubmed_abstracts_up__github_down,simplex_perturbation,True,True,in,0.11302252583269279,0.0968248321520278,0.00588968021709595,0.11375419105058357,0.07507775607983627,0.0254628540970504,0.06070066007050916,0.005487697351193036,0.09943242344413017,0.002211033043406226,0.04691494424753537,0.11948759779188561,0.019599998284005892,0.012737064754031531,0.011650822378108678,0.11618116611257162,0.07556475309333588,,,0.4222392722586345,-1.3100321785747664,shift_pubmed_abstracts_up__github_down,-1.3100321785747664,1.0000000000000007,False
shift_pubmed_abstracts_up__stackexchange_down,simplex_perturbation,True,True,in,0.11302252583269279,0.0968248321520278,0.00588968021709595,0.11375419105058357,0.07507775607983627,0.0254628540970504,0.11070066007050916,0.005487697351193036,0.049432423444130166,0.002211033043406226,0.04691494424753537,0.11948759779188561,0.019599998284005892,0.012737064754031531,0.011650822378108678,0.11618116611257162,0.07556475309333588,,,0.4097801753790527,1.6010790154595766,shift_pubmed_abstracts_up__stackexchange_down,1.6010790154595766,1.0000000000000007,False
shift_pubmed_abstracts_up__pile_cc_down,simplex_perturbation,True,True,in,0.11302252583269279,0.0968248321520278,0.00588968021709595,0.11375419105058357,0.07507775607983627,0.0254628540970504,0.11070066007050916,0.005487697351193036,0.09943242344413017,0.002211033043406226,0.04691494424753537,0.06948759779188561,0.019599998284005892,0.012737064754031531,0.011650822378108678,0.11618116611257162,0.07556475309333588,,,0.41846570043883785,-0.428324036140665,shift_pubmed_abstracts_up__pile_cc_down,-0.428324036140665,1.0000000000000007,False
shift_pubmed_abstracts_up__uspto_backgrounds_down,simplex_perturbation,True,True,in,0.11302252583269279,0.0968248321520278,0.00588968021709595,0.11375419105058357,0.07507775607983627,0.0254628540970504,0.11070066007050916,0.005487697351193036,0.09943242344413017,0.002211033043406226,0.04691494424753537,0.11948759779188561,0.019599998284005892,0.012737064754031531,0.011650822378108678,0.11618116611257162,0.025564753093335876,,,0.41663254110330095,0.0,shift_pubmed_abstracts_up__uspto_backgrounds_down,0.0,1.0000000000000007,False
shift_uspto_backgrounds_up__arxiv_down,simplex_perturbation,True,True,in,0.06302252583269279,0.0968248321520278,0.00588968021709595,0.11375419105058357,0.07507775607983627,0.0254628540970504,0.11070066007050916,0.005487697351193036,0.09943242344413017,0.002211033043406226,0.04691494424753537,0.11948759779188561,0.019599998284005892,0.012737064754031531,0.011650822378108678,0.06618116611257162,0.12556475309333587,,,0.4116148576053034,1.1723991506222478,shift_uspto_backgrounds_up__arxiv_down,1.1723991506222478,1.0000000000000004,False
shift_uspto_backgrounds_up__freelaw_down,simplex_perturbation,True,True,in,0.11302252583269279,0.046824832152027804,0.00588968021709595,0.11375419105058357,0.07507775607983627,0.0254628540970504,0.11070066007050916,0.005487697351193036,0.09943242344413017,0.002211033043406226,0.04691494424753537,0.11948759779188561,0.019599998284005892,0.012737064754031531,0.011650822378108678,0.06618116611257162,0.12556475309333587,,,0.41663254110330095,0.0,shift_uspto_backgrounds_up__freelaw_down,0.0,1.0000000000000004,False
shift_uspto_backgrounds_up__pubmed_central_down,simplex_perturbation,True,True,in,0.11302252583269279,0.0968248321520278,0.00588968021709595,0.06375419105058357,0.07507775607983627,0.0254628540970504,0.11070066007050916,0.005487697351193036,0.09943242344413017,0.002211033043406226,0.04691494424753537,0.11948759779188561,0.019599998284005892,0.012737064754031531,0.011650822378108678,0.06618116611257162,0.12556475309333587,,,0.41663254110330095,0.0,shift_uspto_backgrounds_up__pubmed_central_down,0.0,1.0000000000000004,False
shift_uspto_backgrounds_up__wikipedia_en_down,simplex_perturbation,True,True,in,0.11302252583269279,0.0968248321520278,0.00588968021709595,0.11375419105058357,0.02507775607983627,0.0254628540970504,0.11070066007050916,0.005487697351193036,0.09943242344413017,0.002211033043406226,0.04691494424753537,0.11948759779188561,0.019599998284005892,0.012737064754031531,0.011650822378108678,0.06618116611257162,0.12556475309333587,,,0.41820122115064357,-0.3665275332404914,shift_uspto_backgrounds_up__wikipedia_en_down,-0.3665275332404914,1.0000000000000004,False
shift_uspto_backgrounds_up__github_down,simplex_perturbation,True,True,in,0.11302252583269279,0.0968248321520278,0.00588968021709595,0.11375419105058357,0.07507775607983627,0.0254628540970504,0.06070066007050916,0.005487697351193036,0.09943242344413017,0.002211033043406226,0.04691494424753537,0.11948759779188561,0.019599998284005892,0.012737064754031531,0.011650822378108678,0.06618116611257162,0.12556475309333587,,,0.4222392722586345,-1.3100321785747664,shift_uspto_backgrounds_up__github_down,-1.3100321785747664,1.0000000000000004,False
shift_uspto_backgrounds_up__stackexchange_down,simplex_perturbation,True,True,in,0.11302252583269279,0.0968248321520278,0.00588968021709595,0.11375419105058357,0.07507775607983627,0.0254628540970504,0.11070066007050916,0.005487697351193036,0.049432423444130166,0.002211033043406226,0.04691494424753537,0.11948759779188561,0.019599998284005892,0.012737064754031531,0.011650822378108678,0.06618116611257162,0.12556475309333587,,,0.4097801753790527,1.6010790154595766,shift_uspto_backgrounds_up__stackexchange_down,1.6010790154595766,1.0000000000000004,False
shift_uspto_backgrounds_up__pile_cc_down,simplex_perturbation,True,True,in,0.11302252583269279,0.0968248321520278,0.00588968021709595,0.11375419105058357,0.07507775607983627,0.0254628540970504,0.11070066007050916,0.005487697351193036,0.09943242344413017,0.002211033043406226,0.04691494424753537,0.06948759779188561,0.019599998284005892,0.012737064754031531,0.011650822378108678,0.06618116611257162,0.12556475309333587,,,0.41846570043883785,-0.428324036140665,shift_uspto_backgrounds_up__pile_cc_down,-0.428324036140665,1.0000000000000004,False
shift_uspto_backgrounds_up__pubmed_abstracts_down,simplex_perturbation,True,True,in,0.11302252583269279,0.0968248321520278,0.00588968021709595,0.11375419105058357,0.07507775607983627,0.0254628540970504,0.11070066007050916,0.005487697351193036,0.09943242344413017,0.002211033043406226,0.04691494424753537,0.11948759779188561,0.019599998284005892,0.012737064754031531,0.011650822378108678,0.016181166112571616,0.12556475309333587,,,0.41663254110330095,0.0,shift_uspto_backgrounds_up__pubmed_abstracts_down,0.0,1.0000000000000004,False
dirichlet_a200_0,dirichlet_around_p0,True,True,in,0.06899431914885519,0.1335252001409432,0.008329580337601757,0.11472198253568104,0.07948519697921265,0.01676323971787137,0.0791381347320553,0.0028880639993809124,0.12063437381556523,0.00045764818005469056,0.04441853885098863,0.13493574518579848,0.0271201405719786,0.016519567505088855,0.0020757916690215625,0.037674657515867065,0.11231781911403546,,,0.4182239719720059,-0.37184334155159665,dirichlet_a200_0,-0.37184334155159665,2.584426186379453,False
dirichlet_a200_1,dirichlet_around_p0,True,True,in,0.09849606106423658,0.12505153204732172,0.0035526733211543662,0.11516916101132281,0.07877742840459862,0.013198849144329464,0.1223466740963667,0.001324208913022586,0.07327050075820783,2.8909419241356127e-06,0.03527889073430843,0.11714347343920001,0.03249874140984121,0.009107161052175086,0.015352798714168135,0.0955930119991762,0.06383594294864627,,,0.4117969962957837,1.1298418139349595,dirichlet_a200_1,1.1298418139349595,1.8199984311030468,False
dirichlet_a200_2,dirichlet_around_p0,True,True,in,0.12591500512977263,0.1022081514160939,0.013450499324114393,0.09510677005258072,0.08324150371968321,0.011819988281449,0.10938738778830094,0.003914259513419683,0.11781422078618298,0.004834190337353846,0.03886087019538425,0.1416490752540418,0.010850835944084397,0.016522754915934103,0.00830778942917145,0.05563861342107803,0.060478084491354674,,,0.41987842218216304,-0.7584113707844342,dirichlet_a200_2,-0.7584113707844342,1.6190497513614104,False
dirichlet_a200_3,dirichlet_around_p0,True,True,in,0.08621261344541965,0.1013935715237712,0.006340123436478563,0.11799136000842624,0.050133655217940706,0.03314226701120971,0.15456391334776257,0.009015551816256082,0.10831231465004937,0.0003101266804341684,0.043525258783943095,0.08457450771437976,0.017520282096253087,0.01961769617775356,0.0065903311729546095,0.07653453706502442,0.0842218898519433,,,0.4128175703487907,0.8913811471013491,dirichlet_a200_3,0.8913811471013491,1.9819580509229167,False
dirichlet_a200_4,dirichlet_around_p0,True,True,in,0.08670565074247615,0.07549008211700294,0.008356631261811326,0.1284728515746661,0.09024663003349082,0.038319636086820666,0.1081844033965912,0.0033642081832808797,0.0753669243498296,0.0004222013996770419,0.0700740504944891,0.1473584965119349,0.03385788373909504,0.0055786126108903055,0.011461577361255875,0.0696172512203422,0.04712290891634583,,,0.40770338330713346,2.0863286853737586,dirichlet_a200_4,2.0863286853737586,2.2787048608417106,False
dirichlet_a200_5,dirichlet_around_p0,True,True,in,0.12465830313597369,0.07849084570606067,0.005681665070166022,0.11378129523427105,0.07285705749411486,0.010538029546434494,0.09521254196283108,0.0023737747474211223,0.10455375882768543,0.0007209294942007915,0.03098271791495688,0.1521008352121407,0.018879841009108087,0.016288383803591325,0.0044782195598233356,0.0772571296400816,0.09114467164113883,,,0.4205843936070318,-0.9233640425123436,dirichlet_a200_5,-0.9233640425123436,1.5920931083130299,False
dirichlet_a200_6,dirichlet_around_p0,True,True,in,0.11800925894821679,0.08051107806039667,0.01110821548265883,0.08478942074073643,0.06296063993870503,0.014757241800014698,0.09855394453484166,0.0006691389292711126,0.11260487602192971,0.000942431285172803,0.047713826147372976,0.15403795914969515,0.0183587248212446,0.03291416655717398,0.023823352678453327,0.07232521982008638,0.06592050508402986,,,0.41895674393804994,-0.5430580526693234,dirichlet_a200_6,-0.5430580526693234,1.9444130005507092,False
dirichlet_a200_7,dirichlet_around_p0,True,True,in,0.13482948462553934,0.09897588786345335,0.004886818432333463,0.09831610357719085,0.11453588758902576,0.008216185513288291,0.09131834511345854,0.011947927987910298,0.09057332041988918,1.364158904457012e-05,0.04201033129412371,0.1060133658485875,0.025664909583083102,0.003870276692115985,0.0114144122684171,0.04385838606405335,0.11355471553848562,,,0.4193085727989088,-0.6252640861507023,dirichlet_a200_7,-0.6252640861507023,2.2786250078881163,False
dirichlet_a200_8,dirichlet_around_p0,True,True,in,0.1014014922716231,0.14464314893680968,0.006315724170958725,0.11326417788442358,0.09277006890993812,0.020143668239780435,0.07791213382527994,8.8190219395421e-05,0.06201667504820433,0.003869162987073811,0.040876678629415505,0.15475494584572128,0.010616136307655141,0.0024615870816588397,0.008335292358267217,0.09806424725934183,0.06246667002445312,,,0.41302216260300095,0.8435774573796411,dirichlet_a200_8,0.8435774573796411,2.6949046542604,False
dirichlet_a200_9,dirichlet_around_p0,True,True,in,0.137216206119456,0.07916498669443145,0.002381948079864579,0.10722462423901163,0.06855164663705074,0.03412057508271143,0.1638798805262345,0.0014611142821039083,0.08055565145531063,6.5533761677513e-05,0.04633732744043334,0.1343012764737696,0.009790317259374438,0.009816801874865368,0.0020625640275319518,0.07596842157628059,0.047101124469892335,,,0.4114204151539919,1.2178313036971664,dirichlet_a200_9,1.2178313036971664,2.212631117474851,False
dirichlet_a200_10,dirichlet_around_p0,True,True,in,0.10606242633956098,0.10443171828994678,0.0016049124935117896,0.10839434255422019,0.08083416689336366,0.01679309714100932,0.11818768818653978,0.00016599452743059603,0.10803238616879997,0.0048760260553738395,0.05402742364053452,0.14911959251013557,0.01697873555359829,0.0164714485021617,0.01929755418181827,0.04995386919729991,0.04476861776469503,,,0.41453755704917494,0.48950028964654524,dirichlet_a200_10,0.48950028964654524,1.604817409344064,False
dirichlet_a200_11,dirichlet_around_p0,True,True,in,0.0869177105056955,0.09818930981430958,0.010914620085669126,0.09931390557923479,0.07630075191418388,0.018165398153314104,0.12549770956532919,0.0008924635849960065,0.0656687015674867,0.0018940374597461683,0.0427565243064419,0.18454869434516832,0.021728976337285832,0.007550927409706755,0.023452444002428005,0.0761873254666253,0.06002049990237881,,,0.40706504190320947,2.2354793681671574,dirichlet_a200_11,2.2354793681671574,2.2281463688991656,False
dirichlet_a200_12,dirichlet_around_p0|topQ,True,True,in,0.13555892133400194,0.07993063299622664,0.009710071939218941,0.1446124882068037,0.05967546311654209,0.024572273193288155,0.09032386443906365,0.0037920021727915715,0.11888584811601305,0.0008571645645320805,0.033016342600240355,0.12694047144204562,0.017364069687687993,0.012023864299821711,0.01265816493490431,0.06406804856278041,0.06601030839403775,8.0,,0.424972672910653,-1.948700720346222,dirichlet_a200_12,-1.948700720346222,1.7025745051698162,False
dirichlet_a200_13,dirichlet_around_p0,True,True,in,0.10523639324437631,0.09435277213056986,0.004089363271076929,0.10359317962877602,0.05264535278355913,0.02869549337237814,0.11405218472392763,0.0006551901414338731,0.0708155291258685,0.0019282436714389735,0.025636642155510227,0.09718509541811607,0.017708004085488588,0.017759675019104085,0.025958711388116944,0.0834012505584655,0.1562869192817934,,,0.4156176467482548,0.23713358570788115,dirichlet_a200_13,0.23713358570788115,2.4771382767635677,False
dirichlet_a200_14,dirichlet_around_p0,True,True,in,0.11806665955937479,0.07669911085256995,0.005415485523592425,0.12154161720455914,0.08533784046584064,0.0245470993966201,0.10771813692864317,0.0004187754808920071,0.11060708589557852,0.0006940390029659793,0.045106572993041015,0.14149389256007625,0.006922633210601584,0.015592273411957234,0.008177974910690796,0.06337144052267814,0.06828936208031834,,,0.41787418830205786,-0.2901151740192551,dirichlet_a200_14,-0.2901151740192551,1.1825562028845318,False
dirichlet_a200_15,dirichlet_around_p0,True,True,in,0.1414277022168964,0.10686618957540987,0.00145125267603545,0.1279714464781745,0.05920823040526348,0.026554000715065865,0.1218426700463363,0.0006575162437623989,0.11291838498677934,0.0002020315107743396,0.06056328498026187,0.10916473632462827,0.022392632431228066,0.015724445640386532,0.008157913806480595,0.04203231923066787,0.042865242731848746,,,0.41887157435965594,-0.5231578853096595,dirichlet_a200_15,-0.5231578853096595,1.9562252627594428,False
dirichlet_a200_16,dirichlet_around_p0,True,True,in,0.07308544659408217,0.09810663097888211,0.026586976106899363,0.08113801442811137,0.07279167919168164,0.022612166189315927,0.1213304921682344,0.0007464284458333146,0.10504323102667579,0.004730325461525998,0.07416473818325969,0.11995766450105352,0.028282925199191827,0.018447680335191546,0.011405860206128793,0.05257469485492334,0.08899504612900938,,,0.4095845343640433,1.6467912170991261,dirichlet_a200_16,1.6467912170991261,1.9256544598391994,False
dirichlet_a200_17,dirichlet_around_p0,True,True,in,0.09492225723252047,0.11970281123533852,0.0014174073888835298,0.11609060243821609,0.14319160576845005,0.019048864321887484,0.08971495683424607,0.02241439541570248,0.08287477989788897,0.00011161957411465118,0.05230604810272482,0.08710391910201086,0.021127867660016616,0.005819600013797955,0.00615948914360205,0.04395322100131989,0.09404055486927936,,,0.41349783035762394,0.7324360368972729,dirichlet_a200_17,0.7324360368972729,2.7129942646242053,False
dirichlet_a200_18,dirichlet_around_p0,True,True,in,0.13684067320886456,0.08618245328282337,0.0013899880059604212,0.12074466698422885,0.06830759570103928,0.016485979787181648,0.12436900333704069,0.013561018943080339,0.10987292588932172,0.0014649451678941413,0.06047050388207618,0.10674672134933842,0.011039800098466576,0.005241555265363822,0.013021759357005596,0.058472821499477905,0.06578758824083647,,,0.41772391901111844,-0.25500423305769543,dirichlet_a200_18,-0.25500423305769543,1.558345744537304,False
dirichlet_a200_19,dirichlet_around_p0,True,True,in,0.1091850297790158,0.0886706954815767,0.003348292420987589,0.09213877574858828,0.059724244480857704,0.039944077967625356,0.11722950005549448,0.009137315012002526,0.09238765929432144,0.0003573376365383631,0.07158051404162556,0.13409491152841063,0.015812297537335703,0.016320420672597882,0.002162347502717526,0.09027344523593651,0.05763313560436779,,,0.41205512818481205,1.069528402862674,dirichlet_a200_19,1.069528402862674,1.8321640017783265,False
dirichlet_a50_0,dirichlet_around_p0|lowQ,True,True,in,0.08724241631373292,0.10307868453174224,0.0008791610939579559,0.18319318967317844,0.10318069980519834,0.10006547421739466,0.07026102578646377,3.715964492246172e-05,0.022514420553895076,2.2949196706147332e-08,0.059454954088504916,0.10107501289019456,0.01715713152604788,0.003194817922266509,0.043188910307618594,0.06735055061762221,0.03812636807806271,,3.0,0.40462166657937887,2.806382486200324,dirichlet_a50_0,2.806382486200324,4.472917942470916,False
dirichlet_a50_1,dirichlet_around_p0,True,True,in,0.07183368368750648,0.1473354073038777,0.0026814020847723908,0.11105426655093313,0.08954907028516546,0.03742363769382856,0.12564194078478166,0.002962576564744101,0.05487803891614284,2.4436211271261005e-09,0.019474812440378714,0.10976437574834443,0.00317828049209613,0.003963761593342579,0.07762804592611545,0.06012799411323176,0.08250270337111752,,,0.40722913977084857,2.1971373323022445,dirichlet_a50_1,2.1971373323022445,3.295982549880364,False
dirichlet_a50_2,dirichlet_around_p0,True,True,in,0.09138467204094013,0.16416977311680742,0.0025582328568027665,0.07406354505905823,0.056263936994971335,0.037606953444858524,0.06594737866286904,3.5812037205999255e-06,0.09980996408692386,2.8626733314927955e-07,0.06961703946272103,0.15645024257856469,0.020658098827381084,0.0002641742158124929,0.0015133432047297818,0.08113638595831281,0.07855239201819304,,,0.4159816682584526,0.15207869742437882,dirichlet_a50_2,0.15207869742437882,3.170645605424396,False
dirichlet_a50_3,dirichlet_around_p0|topQ,True,True,in,0.20710326305804788,0.20876899318286618,9.828233278692559e-08,0.06357736038775079,0.0846267579258742,0.04832148956853838,0.04913901078814618,0.006344723433349429,0.08406175201277899,9.33580954715254e-12,0.04419263132899601,0.04789586840149506,0.009243283048644035,0.01676905914487853,0.02175470395326775,0.07660569634219899,0.031595309131498994,2.0,,0.4334555431879409,-3.930752779209648,dirichlet_a50_3,-3.930752779209648,5.276999357030186,False
dirichlet_a50_4,dirichlet_around_p0,True,True,in,0.09321076839306666,0.041704434989060346,0.030448313167475937,0.20224465142524206,0.12837816102676491,0.008628761219595774,0.11305608954680081,0.0003926934486211889,0.10885512255527921,3.5656027136838185e-05,0.016231069741007218,0.09953235304116809,0.02278537722759018,0.001120727609308141,0.01001907042252917,0.02146087628616399,0.1018958738731894,,,0.41838516861665787,-0.40950749660413255,dirichlet_a50_4,-0.40950749660413255,4.152882531656915,False
dirichlet_a50_5,dirichlet_around_p0,True,True,in,0.05365703251534072,0.07671595758458218,0.0056164203788766414,0.1272014204966123,0.060984408022368874,0.006403362395764404,0.15971197897328554,0.00935600178096965,0.13672593481507153,1.8481005067258877e-10,0.08431511725030527,0.1508775235132981,0.04940959436177037,0.0002883758810422541,0.004691197221743854,0.023534803087075375,0.05051087153708294,,,0.4073232910039031,2.1751385701827934,dirichlet_a50_5,2.1751385701827934,4.0444011790294,False
dirichlet_a50_6,dirichlet_around_p0|lowQ,True,True,in,0.060653195217348826,0.08344995647287771,0.00041666336803112403,0.0990703423376882,0.06718173187779866,0.05673516636169769,0.1135825495798798,4.010972912398717e-06,0.05319667183519394,0.0016949001313636396,0.05263867503353262,0.20131489898637128,0.004255358685907851,0.0026534997419792247,0.002848041198137679,0.1063387296755577,0.09396560852372167,,4.0,0.40220629608094693,3.370742179658421,dirichlet_a50_6,3.370742179658421,3.6052730549574563,False
dirichlet_a50_7,dirichlet_around_p0,True,True,in,0.0556864959459347,0.0690390253328862,0.014410434989471149,0.20831076460409045,0.10379978798276768,0.001100995078888836,0.121309191995609,0.0021339188717708116,0.0917197255973312,1.503727328063874e-13,0.04088868573240774,0.02719258568454701,0.033275777918393215,0.006404557955302886,0.012110003494943494,0.06982240310525602,0.14279564571024936,,,0.4110607048359076,1.3018788669921386,dirichlet_a50_7,1.3018788669921386,4.548299650294667,False
dirichlet_a50_8,dirichlet_around_p0,True,True,in,0.06903467798587357,0.23101189433821853,0.006797866018034506,0.13217022571410805,0.04032402908917396,0.015062931121081207,0.12313915272718742,0.0010950514909652295,0.07971501287365734,0.0002208947416875773,0.06874273264403409,0.10292379899024322,0.029406485989273874,0.001312694435025948,0.005442150478914649,0.03351815367918746,0.060082247683333534,,,0.4065060120476754,2.3660986326269806,dirichlet_a50_8,2.3660986326269806,3.951681028181974,False
dirichlet_a50_9,dirichlet_around_p0,True,True,in,0.10041571130903616,0.05027782918007744,0.007397322988405661,0.134313127417821,0.0564505386434213,0.014550903906616496,0.16569310083162278,1.5122515927251913e-06,0.08656937217165273,0.002364394587831945,0.04842976638835176,0.12318482276395634,0.01500485099197091,0.00803117314112155,0.002533260103176944,0.0811306167146372,0.10365169660870721,,,0.4087158761511305,1.8497562210509422,dirichlet_a50_9,1.8497562210509422,2.5092164534882095,False
dirichlet_a50_10,dirichlet_around_p0,True,True,in,0.11406274912562586,0.15710108306967757,0.000408266341345756,0.10657276263997986,0.03539675371372692,0.0018755599400149853,0.11189608656659181,0.03214145755735064,0.11328479289663172,0.0001350119421647145,0.039383432866390906,0.09764577804456372,0.05067022084629452,0.008477072832215254,0.006682966403773834,0.015925313790292963,0.10834069142335885,,,0.42150939136724613,-1.1394929770765785,dirichlet_a50_10,-1.1394929770765785,3.3372838251527273,False
dirichlet_a50_11,dirichlet_around_p0|topQ,True,True,in,0.10126253019578565,0.049192001973131526,8.931123110136004e-05,0.18524413046347266,0.04745645334191378,0.005848737376069567,0.05302974712954038,6.410135839738102e-08,0.17208015649439892,0.000127619981249621,0.09286391893823036,0.08711381316996665,0.029670380099063712,0.014451939548285721,0.0006709782008053875,0.10504458513504467,0.05585363262058166,4.0,,0.427409019884782,-2.5179616400973166,dirichlet_a50_11,-2.5179616400973166,4.814706455712759,False
dirichlet_a50_12,dirichlet_around_p0,True,True,in,0.11703557826351724,0.1316081040729318,0.006849613323429985,0.0752222294536314,0.03655415610089425,0.08583427783325853,0.135497325822428,2.684422663590488e-06,0.0995014403854136,1.5416511710119902e-06,0.025282175326494304,0.13246385009049724,0.0019240900821527298,0.007333710106666113,0.0018677750135828802,0.0612696050522879,0.08175184299897952,,,0.4176196574107922,-0.2306431485624761,dirichlet_a50_12,-0.2306431485624761,2.8831341218345634,False
dirichlet_a50_13,dirichlet_around_p0,True,True,in,0.07936627867044053,0.1720410868915732,0.0056844721475873715,0.15313010862331747,0.025009725964290457,0.004519968482833471,0.1021887686554134,0.0023903660229284687,0.12454412035544768,7.464667049613892e-09,0.043562489309432274,0.08996409895447113,0.009168305820810775,0.013915671209681268,0.007172898620658637,0.07634870545646638,0.09099292734998052,,,0.4211599433171253,-1.0578432282807928,dirichlet_a50_13,-1.0578432282807928,3.329563785595719,False
dirichlet_a50_14,dirichlet_around_p0,False,True,outside,0.0600488716979745,0.05419714646693139,1.41735992425947e-07,0.06920582472683708,0.09416173399153928,0.0351808954696855,0.10686635313395394,0.00019971027983485838,0.1521868209770865,0.03628091834448044,0.04428387976096445,0.10951575069603792,0.022364948675093043,0.009255989800117468,0.11197219131105815,0.06374722927255311,0.03053159365985997,,,0.41884417716084554,-0.516756434794186,dirichlet_a50_14,-0.516756434794186,4.3742524288481075,False
dirichlet_a50_15,dirichlet_around_p0,True,True,in,0.13709854523910867,0.0905182953177948,0.0003551819996444346,0.09413384104276154,0.11972834099337346,0.041266759062958666,0.1703757745191001,0.005250756196169944,0.09537526418005615,4.64123661130045e-12,0.021924752766460595,0.07896069313168558,6.205089113470925e-05,3.7000776870903886e-06,0.004348071485850784,0.0718481867568906,0.06874978633468166,,,0.41527330951703734,0.3175891739425873,dirichlet_a50_15,0.3175891739425873,2.997452887575426,False
dirichlet_a50_16,dirichlet_around_p0,True,True,in,0.1630379096886033,0.0809580327150543,0.014959177709003506,0.12674487279241917,0.06061090267330912,0.0034907613099443295,0.1101751477187628,8.361805177624312e-07,0.05408968420722223,0.000492187695103438,0.020656358181106133,0.09703394242227294,0.009765327746687648,0.0016567085876056722,0.003505422088023207,0.12435937482853555,0.128463353455829,,,0.4200916359558906,-0.8082295084407708,dirichlet_a50_16,-0.8082295084407708,3.663047443362214,False
dirichlet_a50_17,dirichlet_around_p0,True,True,in,0.10065333975269314,0.09165804466457998,2.9533119314403664e-06,0.11306680390187313,0.14029078048940657,0.0011838115315848635,0.09003558745841081,0.00392793295954629,0.12819972536127416,4.735264298133514e-05,0.026640137639465756,0.0838492526995335,0.02339227830197031,0.004633094338901092,0.011687886979889432,0.0923129732338009,0.08841804473215717,,,0.4227702818416431,-1.4341044091847723,dirichlet_a50_17,-1.4341044091847723,2.7358953941302038,False
dirichlet_a50_18,dirichlet_around_p0|lowQ,True,True,in,0.057472777838797236,0.13117309675637095,5.422443916625847e-07,0.10825731563571368,0.09275874459847994,0.00026193423632523685,0.0902021276789799,0.02663260678862048,0.06887312884529105,7.753348651979005e-05,0.11809193108706006,0.08752262205702484,0.06043536940077315,0.002056326872907061,2.6461223364532813e-06,0.09860428241510777,0.05757701393530061,,5.0,0.40096524526424504,3.6607180069422696,dirichlet_a50_18,3.6607180069422696,4.3521927363848505,False
dirichlet_a50_19,dirichlet_around_p0,True,True,in,0.09100430694771162,0.11232274970124963,0.004661560793367201,0.08518697830001247,0.08541133548973667,0.017543839326084783,0.11225571898480549,3.517035249672905e-06,0.14073218183344666,0.00098830615990742,0.025400503658878904,0.12687133470199824,0.004379941166850108,0.037248549271915454,0.009624111550332862,0.0518513773168137,0.09451368776163922,,,0.4213658262067192,-1.1059484794358048,dirichlet_a50_19,-1.1059484794358048,2.3906094071806985,False
dirichlet_a20_0,dirichlet_around_p0,True,True,in,0.033009772527663836,0.18101223284193885,1.318067657705241e-08,0.10099543925891473,0.04798102219017742,0.0003389510003520785,0.1138529503178463,0.016548778571343847,0.10886123013889176,7.694392404538395e-24,0.013663587664765043,0.02270662867969758,0.07790858645370896,0.041699322103459655,9.356304103086545e-06,0.1019184268215046,0.1394937019449557,,,0.418799899076811,-0.5064107069032135,dirichlet_a20_0,-0.5064107069032135,5.895332678636894,False
dirichlet_a20_1,dirichlet_around_p0|lowQ,True,True,in,0.0630460462385235,0.05119447165955246,0.002145773839831995,0.07488715106495071,0.1636296602049057,0.009707283651834224,0.14583263864465765,6.100857989063662e-06,0.032801664886877246,0.00024091314067686443,0.03719609711604797,0.17796151297032842,0.0524008209645908,0.0074811175866546014,0.00545490965677315,0.06876919387021926,0.10724464364558649,,6.0,0.3985485408784806,4.22538936780153,dirichlet_a20_1,4.22538936780153,4.984530777362879,False
dirichlet_a20_2,dirichlet_around_p0,False,False,outside,0.037215973627343794,0.03252261976040695,0.04060259633606608,0.09553690143691349,0.031375033151726656,0.006954593093808348,0.2262516616417402,0.0004945126856124346,0.31984554590996017,2.7837968590600145e-08,0.08022478958104652,0.025070355548776544,0.002625374181118178,1.5401262689148666e-06,6.683970120195367e-08,0.07752843978763825,0.023749968453903723,,,0.42402569940304774,-1.7274370761922526,dirichlet_a20_2,-1.7274370761922526,8.306683183292181,False
dirichlet_a20_3,dirichlet_around_p0|lowQ,True,True,in,0.103760370839929,0.03434031753150835,0.0011034474671832212,0.20578312251275913,0.015362002072794345,0.03133579263650582,0.2101458286155628,4.571613384598686e-09,0.079043884720153,1.7774087326342047e-08,0.051601142560830975,0.06707926554540611,0.0728626288071658,7.60876202468045e-07,0.0008846515956404503,0.1021329259642881,0.024563835908369903,,1.0,0.4052446927984013,2.6608102494722004,dirichlet_a20_3,2.6608102494722004,5.824952544697132,False
dirichlet_a20_4,dirichlet_around_p0|lowQ,False,False,outside,0.07975675893679825,0.15912348484004943,2.3916072319625646e-05,0.04412291332471955,0.006575218355045986,0.17830182371649192,0.10733470897284486,9.068824045565561e-08,0.04560213780581783,2.4674381484862554e-07,0.13022419207132135,0.09768966083516943,3.454312847749183e-05,0.036344172522635734,0.02597204058680974,0.04244271850151176,0.04645137289793162,,7.0,0.39710837194347914,4.561889833967253,dirichlet_a20_4,4.561889833967253,6.727503922171091,False
dirichlet_a20_5,dirichlet_around_p0,True,True,in,0.14712989111219604,0.13440620203585202,8.101633725784404e-07,0.10458724152807689,0.09921115157385632,0.013090912614011312,0.1676246696359793,1.1019174185089696e-07,0.0660152870487058,3.527741498966262e-08,0.03922485913619846,0.17346451646139294,0.009331893975179244,1.1281973552984891e-05,0.0011169777212096674,0.002845276485024633,0.04193888306623513,,,0.4097063267645335,1.6183340003488176,dirichlet_a20_5,1.6183340003488176,4.134461177846499,False
dirichlet_a20_6,dirichlet_around_p0|topQ,True,True,in,0.07616666882788874,0.09793266783734515,3.181868408798614e-08,0.17892082145619478,0.06270598471300767,0.02221083688767869,0.07296835404979532,0.00023650234072057657,0.1345951683333905,2.067704480436339e-09,0.03455849820183041,0.0845768739837425,3.991001232862429e-05,0.020677813747697307,0.007135834274264842,0.13513869481752888,0.07213533663019744,7.0,,0.42608609545753384,-2.2088557597718297,dirichlet_a20_6,-2.2088557597718297,3.5667097735762394,False
dirichlet_a20_7,dirichlet_around_p0,True,True,in,0.09432413477981007,0.14909509003042123,0.006434351614080367,0.12488100013901719,0.2118982917464656,0.049593622639479695,0.07451501777735534,0.00020085305428137873,0.07679629291513414,4.02423949330099e-07,0.01713598618894041,0.12909711040421126,0.010008298808422496,0.00020489554782545015,0.0013176649997885754,0.04419778529960269,0.010299201631214928,,,0.4150369262767956,0.372820937801613,dirichlet_a20_7,0.372820937801613,4.690051103703916,False
dirichlet_a20_8,dirichlet_around_p0|lowQ,True,False,box_only,0.06400146128244773,0.038883964048890336,6.308139911301345e-07,0.11351092547360107,0.15689906920044155,0.026477470288674868,0.33404373489746114,0.0013357925479445317,0.04743356067169885,9.203789084770849e-06,0.007741526487970296,0.06782561656018614,0.06908705138135743,0.0006513699135554094,0.008979543918236976,0.04717684497779784,0.015942233746660064,,9.0,0.39165478511524476,5.836139309411115,dirichlet_a20_8,5.836139309411115,7.113321144730669,False
dirichlet_a20_9,dirichlet_around_p0|topQ,True,False,box_only,0.05810687736176396,0.021198370055456404,8.216335496787069e-14,0.0601158796267127,0.31823304724010115,0.024777037397092243,0.07381834588247924,0.0027322971157212597,0.2470560675447655,1.0171150666079516e-09,0.026053903744503473,0.08708898322028007,0.008393976962663889,0.00042900734661892656,0.0005358061304590875,0.06024296694252038,0.011217432411664474,6.0,,0.42616060171350606,-2.2262644048672673,dirichlet_a20_9,-2.2262644048672673,7.815578705218006,False
dirichlet_a20_10,dirichlet_around_p0,True,True,in,0.11985252849883204,0.18258938411876013,0.00037749288057744906,0.11066617025541958,0.020648421828152505,0.03781273615197019,0.16693732792179267,0.011151066319858568,0.05973362067688834,2.6336910153387953e-16,0.014824947038695477,0.20645189097097183,0.004497290108798602,5.2943701779255006e-05,7.053928503868619e-05,0.030170112948387798,0.034163527294076734,,,0.4091450223357501,1.7494847267365559,dirichlet_a20_10,1.7494847267365559,5.076175333736533,False
dirichlet_a20_11,dirichlet_around_p0,False,True,outside,0.08975169474940492,0.10308686744548733,0.05170820424003653,0.12255411928084073,0.054701607167070156,0.011771133044842915,0.13652136915836394,0.002882012885212719,0.07742793281602259,2.0029768357918056e-14,0.014907952077636403,0.1508713809990125,0.0008770240753351841,0.00964828680688933,0.0004016639110013695,0.02586756551224414,0.1470211858305792,,,0.4119322953151962,1.0982287288325316,dirichlet_a20_11,1.0982287288325316,3.7908282515776466,False
dirichlet_a20_12,dirichlet_around_p0,False,True,outside,0.062404929955083926,0.11357126677084535,1.2679972243360606e-05,0.052572511714115165,0.15171874266009036,0.0037080190868630713,0.03209760128432309,0.005138408235078645,0.1254960506294127,8.729082341333203e-16,0.051279122999747406,0.09557658547621994,0.006550937315375429,0.07994820779018935,0.021837577481809204,0.048303221498557244,0.149784137130045,,,0.4218299899071628,-1.214401937763127,dirichlet_a20_12,-1.214401937763127,5.508650186262674,False
dirichlet_a20_13,dirichlet_around_p0,True,True,in,0.13447422777630266,0.09460161382792052,5.967915727953938e-06,0.06983859629052024,0.07410365790988743,0.008982794849984517,0.20153349609041235,6.31639746412051e-09,0.07244000227073064,2.2167492675172696e-16,0.024348701496969768,0.2005270456803113,0.011126906540024975,4.158293908835186e-05,0.005363516829656525,0.09319053328086764,0.009421349985197457,,,0.40799495277971815,2.0182024669420695,dirichlet_a20_13,2.0182024669420695,4.406667060404697,False
dirichlet_a20_14,dirichlet_around_p0,True,True,in,0.12919526915596866,0.0933327139307883,3.141573237537689e-09,0.1269650046222673,0.11316780232764488,0.026691951091980654,0.1257455863154815,2.43065267867575e-10,0.10025767399279072,3.2589746182651037e-07,0.06614285707908434,0.07958598619922563,2.054059302828743e-05,2.7650996888106813e-07,0.0005904601675938614,0.04990095967439168,0.08840258905768497,,,0.4148993227896084,0.40497246979149243,dirichlet_a20_14,0.40497246979149243,2.332772514544589,False
dirichlet_a20_15,dirichlet_around_p0,True,True,in,0.11882479748695222,0.09086675487000805,0.01830231872572365,0.11473725490368243,0.10592836949162494,0.00010940237222116916,0.051077140966298555,0.00044716144732908074,0.15656758580997981,6.336347853324952e-06,0.07411187710313069,0.15475510438917203,0.002890363672130699,0.0008904051556331454,4.226125590173848e-05,0.09380337371987157,0.016639492282486908,,,0.4239978503795349,-1.7209300552681295,dirichlet_a20_15,-1.7209300552681295,3.945407937076121,False
dirichlet_a20_16,dirichlet_around_p0,True,True,in,0.08867268197309448,0.06442500587086737,0.0010167243953870442,0.10024535862706237,0.13781340000153683,0.0003858688844285542,0.15298500520554104,0.00022523021718610673,0.1532484119491896,7.671847709076411e-18,0.0235170380093929,0.13462163051441703,0.010331733318931915,2.936926805532891e-05,0.0001183764494735043,0.07206385889793791,0.060300306417497965,,,0.41705675769450656,-0.09911967771738005,dirichlet_a20_16,-0.09911967771738005,3.5970540613937936,False
dirichlet_a20_17,dirichlet_around_p0|lowQ,False,False,outside,0.05912373407532305,0.07922539354746762,0.03762677880576529,0.056687383410496006,0.09476954152452846,0.00196784949434842,0.14938321481954647,1.0208717214885775e-07,0.0033925218730221575,1.786468938116038e-15,0.2085292997579858,0.024896239037005427,0.012787343663448775,0.03249985432957523,1.6988967330689238e-06,0.0431588437845442,0.19595020089303614,,10.0,0.37841726689299515,8.929131349723264,dirichlet_a20_17,8.929131349723264,7.837480633361867,False
dirichlet_a20_18,dirichlet_around_p0|lowQ,True,False,box_only,0.0829721656064807,0.032043331032621684,0.004487871222720677,0.32096540752820546,0.0916059459177831,0.004047153436258731,0.17326450879697058,3.3664194290053333e-09,0.011346881443443289,2.2889717108996786e-08,0.05103294233375079,0.10777986664572244,0.002781989219285522,0.0002067121396382795,0.0004367731623962035,0.012724559282315676,0.10430386597627031,,8.0,0.39407683989185316,5.270217811176026,dirichlet_a20_18,5.270217811176026,6.383207320223604,False
dirichlet_a20_19,dirichlet_around_p0|topQ,True,True,in,0.12725546748977906,0.04967201114118213,0.0003141777653633049,0.05601973705114616,0.033517558987981394,0.00018459431506036742,0.09188128337370738,8.910657060262394e-05,0.30137023601809015,2.4921988098818152e-08,0.03467398948322252,0.1731232213893753,0.005107366341015014,3.465640148608479e-07,0.015259549326868222,0.07072157430785242,0.04080975495275117,1.0,,0.43829657372764846,-5.061876353495387,dirichlet_a20_19,-5.061876353495387,5.559110259451526,False
lp_vertex_box,analytic_lp_charnes_cooper,True,False,box_only,0.0,0.0,0.0,0.11988006012024059,0.0,0.0,0.0,0.0,0.49689999999999995,0.0,0.0,0.0,0.0,0.0,0.0,0.0,0.3832199398797595,,,0.4871620101591301,-16.479455040935093,lp_vertex_box,-16.479455040935093,14.224972648239014,False
slsqp_maxQ_nol1,numeric_slsqp_reference,True,False,box_only,0.0,0.1016555327519549,0.01319024673273496,0.013190246732735169,6.882208778338095e-17,0.013190246732735625,3.9282736958870626e-17,0.03403403403403399,0.4968999999999999,0.013190246732730063,5.17942025848223e-18,0.0,0.013190246732729184,0.013190246732729687,0.08186268731268725,0.1932160187721912,0.013190246732738031,,,0.48716201015913013,-16.479455040935107,slsqp_maxQ_nol1,-16.479455040935107,12.936485872329943,False
slsqp_maxQ_l1,numeric_slsqp_reference,True,True,in,0.1130225209214766,0.09682483174279688,0.005889680612703577,0.11375418973818978,0.052180922609848364,0.025462854096987897,1.1612798682761018e-18,0.0054876968684300954,0.39943242304845566,0.0022110319344232033,1.6535600887785625e-18,4.5794194380972975e-08,0.019599997477914192,0.012737064592886446,0.011650821975088252,0.06618116611199802,0.07556475247460663,,,0.4753719146496539,-13.72465833712118,slsqp_maxQ_l1,-13.72465833712118,5.999999999998665,False
