functional,omega,C,cost_form,ell,q0_mode,kappa,candidate,source,trust_status,in_trust_box,in_trust_l1,N_B,D_B,Q,Q0,h,h_true,L_pred,c_quality,u,budget_residual,budget_residual_rel,boundary_n_lower,boundary_n_upper,boundary_q_lower,boundary_q_upper,n_evals,C_train,C_attn,C_quality,used,unused,share_train,share_attn,share_quality,share_unused,D_used,aliases,Q_cand,N_in_support,D_in_support,extrapolation,regime,train_the_pile_arxiv,train_the_pile_freelaw,train_the_pile_nih_exporter,train_the_pile_pubmed_central,train_the_pile_wikipedia_en,train_the_pile_dm_mathematics,train_the_pile_github,train_the_pile_philpapers,train_the_pile_stackexchange,train_the_pile_enron_emails,train_the_pile_gutenberg_pg_19,train_the_pile_pile_cc,train_the_pile_ubuntu_irc,train_the_pile_europarl,train_the_pile_hackernews,train_the_pile_pubmed_abstracts,train_the_pile_uspto_backgrounds
quality_linear,0.0,1e+19,exponential,2048,fixed_ref,0.8047071577351047,reference_p0,first_question_reference,in,True,True,0.22232416335630398,5.966798050391992,0.6030456680355448,0.41663254110330095,1.0,1.0,3.123094642754934,250931792.60632232,1675940750.0548885,0.0,0.0,False,False,False,False,35185,7.959380306816552e+18,5.433603622786766e+17,1.4972593309047716e+18,1e+19,0.0,0.7959380306816551,0.05433603622786766,0.14972593309047716,0.0,5966798050.391992,reference_p0,0.41663254110330095,True,True,Q_above_A_supported,interior,0.11302252583269279,0.0968248321520278,0.00588968021709595,0.11375419105058357,0.07507775607983627,0.0254628540970504,0.11070066007050916,0.005487697351193036,0.09943242344413017,0.002211033043406226,0.04691494424753537,0.11948759779188561,0.019599998284005892,0.012737064754031531,0.011650822378108678,0.06618116611257162,0.07556475309333588
quality_linear,0.0,1e+19,exponential,2048,mixture,0.8047071577351047,dirichlet_a20_19,dirichlet_around_p0|topQ,in,True,True,0.2184808281542475,6.151576874513573,0.5990635837058125,0.43829657372764846,1.0,1.0,3.1206863263355347,225224736.48918158,1625599452.6266463,0.0,0.0,False,False,False,False,35185,8.064009659989457e+18,5.5050305945528026e+17,1.3854872805552627e+18,1e+19,0.0,0.8064009659989457,0.055050305945528025,0.13854872805552626,0.0,6151576874.513573,dirichlet_a20_19,0.43829657372764846,True,True,Q_above_A_supported,interior,0.12725546748977906,0.04967201114118213,0.0003141777653633049,0.05601973705114616,0.033517558987981394,0.00018459431506036742,0.09188128337370738,8.910657060262394e-05,0.30137023601809015,2.4921988098818152e-08,0.03467398948322252,0.1731232213893753,0.005107366341015014,3.465640148608479e-07,0.015259549326868222,0.07072157430785242,0.04080975495275117
quality_linear,0.0,1e+19,exponential,4096,fixed_ref,0.8047071577351047,reference_p0,first_question_reference,in,True,True,0.21719675544437037,5.734461504030816,0.608241527536118,0.41663254110330095,1.0,1.0,3.1355734585409953,262734788.9135925,1743842903.639843,2048.0,2.048e-16,False,False,False,False,35185,7.473038597376824e+18,1.0203188698285158e+18,1.5066425327946586e+18,9.999999999999998e+18,2048.0,0.7473038597376824,0.10203188698285158,0.15066425327946587,2.048e-16,5734461504.030816,reference_p0,0.41663254110330095,True,True,Q_above_A_supported,interior,0.11302252583269279,0.0968248321520278,0.00588968021709595,0.11375419105058357,0.07507775607983627,0.0254628540970504,0.11070066007050916,0.005487697351193036,0.09943242344413017,0.002211033043406226,0.04691494424753537,0.11948759779188561,0.019599998284005892,0.012737064754031531,0.011650822378108678,0.06618116611257162,0.07556475309333588
quality_linear,0.0,1e+19,exponential,4096,mixture,0.8047071577351047,dirichlet_a20_19,dirichlet_around_p0|topQ,in,True,True,0.21349448788910338,5.907312427475681,0.6043510852917896,0.43829657372764846,1.0,1.0,3.1332382661140215,236955574.13546747,1692817185.9488413,2048.0,2.048e-16,False,False,False,False,35185,7.567071849029138e+18,1.0331575431207785e+18,1.3997706078500818e+18,9.999999999999998e+18,2048.0,0.7567071849029139,0.10331575431207785,0.13997706078500818,2.048e-16,5907312427.47568,dirichlet_a20_19,0.43829657372764846,True,True,Q_above_A_supported,interior,0.12725546748977906,0.04967201114118213,0.0003141777653633049,0.05601973705114616,0.033517558987981394,0.00018459431506036742,0.09188128337370738,8.910657060262394e-05,0.30137023601809015,2.4921988098818152e-08,0.03467398948322252,0.1731232213893753,0.005107366341015014,3.465640148608479e-07,0.015259549326868222,0.07072157430785242,0.04080975495275117
quality_linear,0.0,1e+19,exponential,8192,fixed_ref,0.8047071577351047,reference_p0,first_question_reference,in,True,True,0.2079058294626956,5.338947776503678,0.6176065198096063,0.41663254110330095,1.0,1.0,3.158689755020952,284960360.23435986,1873028248.002214,-2048.0,-2.048e-16,False,False,False,False,35185,6.65999019559207e+18,1.8186213227430077e+18,1.521388481664923e+18,1.0000000000000002e+19,-2048.0,0.665999019559207,0.1818621322743008,0.15213884816649229,-2.048e-16,5338947776.503678,reference_p0,0.41663254110330095,True,True,Q_above_A_supported,interior,0.11302252583269279,0.0968248321520278,0.00588968021709595,0.11375419105058357,0.07507775607983627,0.0254628540970504,0.11070066007050916,0.005487697351193036,0.09943242344413017,0.002211033043406226,0.04691494424753537,0.11948759779188561,0.019599998284005892,0.012737064754031531,0.011650822378108678,0.06618116611257162,0.07556475309333588
quality_linear,0.0,1e+19,exponential,8192,mixture,0.8047071577351047,dirichlet_a20_19,dirichlet_around_p0|topQ,in,True,True,0.20466331299215407,5.4863318351976,0.6140273629817079,0.43829657372764846,1.0,1.0,3.15648142432891,259411226.55859834,1822711476.5178678,0.0,0.0,False,False,False,False,35185,6.737105097395192e+18,1.8396788319287135e+18,1.423216070676095e+18,1e+19,0.0,0.6737105097395192,0.18396788319287136,0.1423216070676095,0.0,5486331835.197599,dirichlet_a20_19,0.43829657372764846,True,True,Q_above_A_supported,interior,0.12725546748977906,0.04967201114118213,0.0003141777653633049,0.05601973705114616,0.033517558987981394,0.00018459431506036742,0.09188128337370738,8.910657060262394e-05,0.30137023601809015,2.4921988098818152e-08,0.03467398948322252,0.1731232213893753,0.005107366341015014,3.465640148608479e-07,0.015259549326868222,0.07072157430785242,0.04080975495275117
quality_linear,0.0,1e+19,exponential,32768,fixed_ref,0.8047071577351047,reference_p0,first_question_reference,in,True,True,0.17090181171661814,3.934256663762259,0.6579444350341169,0.41663254110330095,1.0,1.0,3.264133767913078,396343228.47152686,2541776212.0372643,0.0,0.0,False,False,False,False,35185,4.034229549570887e+18,4.4064544626779617e+18,1.559315987751152e+18,1e+19,0.0,0.40342295495708874,0.44064544626779617,0.15593159877511523,0.0,3934256663.762259,reference_p0,0.41663254110330095,True,True,Q_above_A_supported,interior,0.11302252583269279,0.0968248321520278,0.00588968021709595,0.11375419105058357,0.07507775607983627,0.0254628540970504,0.11070066007050916,0.005487697351193036,0.09943242344413017,0.002211033043406226,0.04691494424753537,0.11948759779188561,0.019599998284005892,0.012737064754031531,0.011650822378108678,0.06618116611257162,0.07556475309333588
quality_linear,0.0,1e+19,exponential,32768,mixture,0.8047071577351047,dirichlet_a20_19,dirichlet_around_p0|topQ,in,True,True,0.16898182648953963,4.011594151118347,0.6553537563973189,0.43829657372764846,1.0,1.0,3.262391456133365,371444341.6307348,2492774598.6498194,0.0,0.0,False,False,False,False,35185,4.067319040744395e+18,4.4425970109037445e+18,1.4900839483518607e+18,1e+19,0.0,0.4067319040744395,0.44425970109037444,0.14900839483518608,0.0,4011594151.1183467,dirichlet_a20_19,0.43829657372764846,True,True,Q_above_A_supported,interior,0.12725546748977906,0.04967201114118213,0.0003141777653633049,0.05601973705114616,0.033517558987981394,0.00018459431506036742,0.09188128337370738,8.910657060262394e-05,0.30137023601809015,2.4921988098818152e-08,0.03467398948322252,0.1731232213893753,0.005107366341015014,3.465640148608479e-07,0.015259549326868222,0.07072157430785242,0.04080975495275117
quality_linear,0.0,1e+19,exponential,131072,fixed_ref,0.8047071577351047,reference_p0,first_question_reference,in,True,True,0.11604862524256605,2.2587687157931424,0.7325221309794708,0.41663254110330095,1.0,1.0,3.4850599226598504,688753932.5037249,4427190765.517844,0.0,0.0,False,False,False,False,35185,1.5727620252522634e+18,6.871502139128822e+18,1.5557358356189153e+18,1e+19,0.0,0.15727620252522634,0.6871502139128822,0.15557358356189152,0.0,2258768715.7931423,reference_p0,0.41663254110330095,True,True,Q_above_A_supported,interior,0.11302252583269279,0.0968248321520278,0.00588968021709595,0.11375419105058357,0.07507775607983627,0.0254628540970504,0.11070066007050916,0.005487697351193036,0.09943242344413017,0.002211033043406226,0.04691494424753537,0.11948759779188561,0.019599998284005892,0.012737064754031531,0.011650822378108678,0.06618116611257162,0.07556475309333588
quality_linear,0.0,1e+19,exponential,131072,mixture,0.8047071577351047,dirichlet_a20_19,dirichlet_around_p0|topQ,in,True,True,0.11536657513340255,2.282321509617671,0.7311163145329339,0.43829657372764846,1.0,1.0,3.483923347325088,665038641.1286367,4381503639.10612,0.0,0.0,False,False,False,False,35185,1.5798216955073267e+18,6.902346309117878e+18,1.5178319953747948e+18,1e+19,0.0,0.15798216955073266,0.6902346309117878,0.15178319953747949,0.0,2282321509.617671,dirichlet_a20_19,0.43829657372764846,True,True,Q_above_A_supported,interior,0.12725546748977906,0.04967201114118213,0.0003141777653633049,0.05601973705114616,0.033517558987981394,0.00018459431506036742,0.09188128337370738,8.910657060262394e-05,0.30137023601809015,2.4921988098818152e-08,0.03467398948322252,0.1731232213893753,0.005107366341015014,3.465640148608479e-07,0.015259549326868222,0.07072157430785242,0.04080975495275117
quality_linear,0.0,1e+19,power,2048,fixed_ref,0.8047071577351047,reference_p0,first_question_reference,in,True,True,0.1885905816663073,7.549384584392674,0.48047627580495555,0.41663254110330095,1.0,1.0,3.144776393094138,115821090.72609812,1324611282.9744613,0.0,0.0,False,False,False,False,35185,8.542456979959607e+18,5.831650631652425e+17,8.743779568751503e+17,1e+19,0.0,0.8542456979959607,0.05831650631652425,0.08743779568751503,0.0,7549384584.3926735,reference_p0,0.41663254110330095,True,True,,interior,0.11302252583269279,0.0968248321520278,0.00588968021709595,0.11375419105058357,0.07507775607983627,0.0254628540970504,0.11070066007050916,0.005487697351193036,0.09943242344413017,0.002211033043406226,0.04691494424753537,0.11948759779188561,0.019599998284005892,0.012737064754031531,0.011650822378108678,0.06618116611257162,0.07556475309333588
quality_linear,0.0,1e+19,power,2048,mixture,0.8047071577351047,dirichlet_a20_19,dirichlet_around_p0|topQ,in,True,True,0.17757698035627412,8.376213096464657,0.46815672786828666,0.43829657372764846,1.0,1.0,3.138592489300019,55659510.45606661,1193856923.7476413,0.0,0.0,False,False,False,False,35185,8.924535770945223e+18,6.092483086298606e+17,4.662159204249166e+17,1e+19,0.0,0.8924535770945222,0.060924830862986064,0.04662159204249166,0.0,8376213096.464657,dirichlet_a20_19,0.43829657372764846,True,True,,interior,0.12725546748977906,0.04967201114118213,0.0003141777653633049,0.05601973705114616,0.033517558987981394,0.00018459431506036742,0.09188128337370738,8.910657060262394e-05,0.30137023601809015,2.4921988098818152e-08,0.03467398948322252,0.1731232213893753,0.005107366341015014,3.465640148608479e-07,0.015259549326868222,0.07072157430785242,0.04080975495275117
quality_linear,0.0,1e+19,power,4096,fixed_ref,0.8047071577351047,reference_p0,first_question_reference,in,True,True,0.1856493073940922,7.16230445500069,0.4868388702233223,0.41663254110330095,1.0,1.0,3.157956094805795,130218919.41181356,1396198676.3936071,0.0,0.0,False,False,False,False,35185,7.978061168498995e+18,1.0892712848723962e+18,9.326675466286081e+17,1e+19,0.0,0.7978061168498995,0.10892712848723962,0.09326675466286082,0.0,7162304455.00069,reference_p0,0.41663254110330095,True,True,,interior,0.11302252583269279,0.0968248321520278,0.00588968021709595,0.11375419105058357,0.07507775607983627,0.0254628540970504,0.11070066007050916,0.005487697351193036,0.09943242344413017,0.002211033043406226,0.04691494424753537,0.11948759779188561,0.019599998284005892,0.012737064754031531,0.011650822378108678,0.06618116611257162,0.07556475309333588
quality_linear,0.0,1e+19,power,4096,mixture,0.8047071577351047,dirichlet_a20_19,dirichlet_around_p0|topQ,in,True,True,0.17549577549630938,7.891781008184855,0.4751802675103962,0.43829657372764846,1.0,1.0,3.152035529197699,70400299.16076416,1267141091.4251971,2048.0,2.048e-16,False,False,False,False,35185,8.309845368470684e+18,1.1345708876418642e+18,5.555837438874508e+17,9.999999999999998e+18,2048.0,0.8309845368470684,0.11345708876418642,0.05555837438874508,2.048e-16,7891781008.184855,dirichlet_a20_19,0.43829657372764846,True,True,,interior,0.12725546748977906,0.04967201114118213,0.0003141777653633049,0.05601973705114616,0.033517558987981394,0.00018459431506036742,0.09188128337370738,8.910657060262394e-05,0.30137023601809015,2.4921988098818152e-08,0.03467398948322252,0.1731232213893753,0.005107366341015014,3.465640148608479e-07,0.015259549326868222,0.07072157430785242,0.04080975495275117
quality_linear,0.0,1e+19,power,8192,fixed_ref,0.8047071577351047,reference_p0,first_question_reference,in,True,True,0.18012472606044141,6.519920481705887,0.4984128806078329,0.41663254110330095,1.0,1.0,3.1822819379431824,157896329.58588284,1533761037.1259584,0.0,0.0,False,False,False,False,35185,7.046393344218804e+18,1.9241351425280148e+18,1.0294715132531807e+18,1e+19,0.0,0.7046393344218804,0.19241351425280148,0.10294715132531806,0.0,6519920481.705887,reference_p0,0.41663254110330095,True,True,Q_above_A_supported,interior,0.11302252583269279,0.0968248321520278,0.00588968021709595,0.11375419105058357,0.07507775607983627,0.0254628540970504,0.11070066007050916,0.005487697351193036,0.09943242344413017,0.002211033043406226,0.04691494424753537,0.11948759779188561,0.019599998284005892,0.012737064754031531,0.011650822378108678,0.06618116611257162,0.07556475309333588
quality_linear,0.0,1e+19,power,8192,mixture,0.8047071577351047,dirichlet_a20_19,dirichlet_around_p0|topQ,in,True,True,0.17140625516074073,7.102179923787838,0.48787326706834794,0.43829657372764846,1.0,1.0,3.176801107740833,98748858.77738914,1408018398.197191,0.0,0.0,False,False,False,False,35185,7.30414838528561e+18,1.9945194524086574e+18,7.013321623057336e+17,1e+19,0.0,0.730414838528561,0.19945194524086574,0.07013321623057336,0.0,7102179923.787838,dirichlet_a20_19,0.43829657372764846,True,True,Q_above_A_supported,interior,0.12725546748977906,0.04967201114118213,0.0003141777653633049,0.05601973705114616,0.033517558987981394,0.00018459431506036742,0.09188128337370738,8.910657060262394e-05,0.30137023601809015,2.4921988098818152e-08,0.03467398948322252,0.1731232213893753,0.005107366341015014,3.465640148608479e-07,0.015259549326868222,0.07072157430785242,0.04080975495275117
quality_linear,0.0,1e+19,power,32768,fixed_ref,0.8047071577351047,reference_p0,first_question_reference,in,True,True,0.15532928149277236,4.439653811293352,0.5486758208663725,0.41663254110330095,1.0,1.0,3.2920403920010926,302486206.87324995,2252427875.020917,-2048.0,-2.048e-16,False,False,False,False,35185,4.137649419509069e+18,4.519416539282439e+18,1.3429340412084936e+18,1.0000000000000002e+19,-2048.0,0.4137649419509069,0.4519416539282439,0.13429340412084936,-2.048e-16,4439653811.293352,reference_p0,0.41663254110330095,True,True,Q_above_A_supported,interior,0.11302252583269279,0.0968248321520278,0.00588968021709595,0.11375419105058357,0.07507775607983627,0.0254628540970504,0.11070066007050916,0.005487697351193036,0.09943242344413017,0.002211033043406226,0.04691494424753537,0.11948759779188561,0.019599998284005892,0.012737064754031531,0.011650822378108678,0.06618116611257162,0.07556475309333588
quality_linear,0.0,1e+19,power,32768,mixture,0.8047071577351047,dirichlet_a20_19,dirichlet_around_p0|topQ,in,True,True,0.15063295644686522,4.681164019756984,0.54145528030732,0.43829657372764846,1.0,1.0,3.288022668441628,245234929.22435775,2136220811.2757251,0.0,0.0,False,False,False,False,35185,4.2308254554521185e+18,4.621189617475167e+18,1.1479849270727142e+18,1e+19,0.0,0.42308254554521185,0.4621189617475167,0.11479849270727142,0.0,4681164019.756985,dirichlet_a20_19,0.43829657372764846,True,True,Q_above_A_supported,interior,0.12725546748977906,0.04967201114118213,0.0003141777653633049,0.05601973705114616,0.033517558987981394,0.00018459431506036742,0.09188128337370738,8.910657060262394e-05,0.30137023601809015,2.4921988098818152e-08,0.03467398948322252,0.1731232213893753,0.005107366341015014,3.465640148608479e-07,0.015259549326868222,0.07072157430785242,0.04080975495275117
quality_linear,0.0,1e+19,power,131072,fixed_ref,0.8047071577351047,reference_p0,first_question_reference,in,True,True,0.11259523197215576,2.2977564920998907,0.6468837880134354,0.41663254110330095,1.0,1.0,3.5175301707482776,724883422.7482328,4352071263.592047,-2048.0,-2.048e-16,False,False,False,False,35185,1.5522985514610844e+18,6.782095857903576e+18,1.6656055906353416e+18,1.0000000000000002e+19,-2048.0,0.15522985514610843,0.6782095857903576,0.16656055906353415,-2.048e-16,2297756492.0998907,reference_p0,0.41663254110330095,True,True,Q_above_A_supported,interior,0.11302252583269279,0.0968248321520278,0.00588968021709595,0.11375419105058357,0.07507775607983627,0.0254628540970504,0.11070066007050916,0.005487697351193036,0.09943242344413017,0.002211033043406226,0.04691494424753537,0.11948759779188561,0.019599998284005892,0.012737064754031531,0.011650822378108678,0.06618116611257162,0.07556475309333588
quality_linear,0.0,1e+19,power,131072,mixture,0.8047071577351047,dirichlet_a20_19,dirichlet_around_p0|topQ,in,True,True,0.11100264651850404,2.3554421567747936,0.6428914297130898,0.43829657372764846,1.0,1.0,3.515146744752241,669603744.8365186,4245487400.842215,0.0,0.0,False,False,False,False,35185,1.568761878739531e+18,6.854025232338261e+18,1.577212888922208e+18,1e+19,0.0,0.1568761878739531,0.6854025232338261,0.1577212888922208,0.0,2355442156.7747936,dirichlet_a20_19,0.43829657372764846,True,True,Q_above_A_supported,interior,0.12725546748977906,0.04967201114118213,0.0003141777653633049,0.05601973705114616,0.033517558987981394,0.00018459431506036742,0.09188128337370738,8.910657060262394e-05,0.30137023601809015,2.4921988098818152e-08,0.03467398948322252,0.1731232213893753,0.005107366341015014,3.465640148608479e-07,0.015259549326868222,0.07072157430785242,0.04080975495275117
quality_linear,0.0,1e+19,logarithmic,2048,fixed_ref,0.8047071577351047,reference_p0,first_question_reference,in,True,True,0.3854073564678233,2.51144328432725,1.0,0.41663254110330095,1.0,1.0,3.1378169416872645,1511467178.4002495,3981774170.41641,0.0,0.0,False,False,False,True,35185,5.807572302788601e+18,3.9646360253703514e+17,3.795964094674364e+18,1e+19,0.0,0.5807572302788601,0.039646360253703515,0.3795964094674364,0.0,2511443284.32725,reference_p0,0.41663254110330095,True,True,Q_above_A_supported,upper_bound,0.11302252583269279,0.0968248321520278,0.00588968021709595,0.11375419105058357,0.07507775607983627,0.0254628540970504,0.11070066007050916,0.005487697351193036,0.09943242344413017,0.002211033043406226,0.04691494424753537,0.11948759779188561,0.019599998284005892,0.012737064754031531,0.011650822378108678,0.06618116611257162,0.07556475309333588
quality_linear,0.0,1e+19,logarithmic,2048,mixture,0.8047071577351047,dirichlet_a20_19,dirichlet_around_p0|topQ,in,True,True,0.3789308813682308,2.5919447201033194,1.0,0.43829657372764846,1.0,1.0,3.1322186041584374,1429311596.453055,3858106973.670867,0.0,0.0,False,False,False,True,35185,5.893007383478899e+18,4.022959707121595e+17,3.7046966458089426e+18,1e+19,0.0,0.5893007383478899,0.04022959707121595,0.37046966458089425,0.0,2591944720.1033196,dirichlet_a20_19,0.43829657372764846,True,True,Q_above_A_supported,upper_bound,0.12725546748977906,0.04967201114118213,0.0003141777653633049,0.05601973705114616,0.033517558987981394,0.00018459431506036742,0.09188128337370738,8.910657060262394e-05,0.30137023601809015,2.4921988098818152e-08,0.03467398948322252,0.1731232213893753,0.005107366341015014,3.465640148608479e-07,0.015259549326868222,0.07072157430785242,0.04080975495275117
quality_linear,0.0,1e+19,logarithmic,4096,fixed_ref,0.8047071577351047,reference_p0,first_question_reference,in,True,True,0.3708286954532517,2.4751113823321806,1.0,0.41663254110330095,1.0,1.0,3.148193680538305,1511467178.4002495,4040222218.435064,0.0,0.0,False,False,False,True,35185,5.507053950070423e+18,7.51896432649615e+17,3.741049617279962e+18,1e+19,0.0,0.5507053950070423,0.0751896432649615,0.37410496172799623,0.0,2475111382.3321805,reference_p0,0.41663254110330095,True,True,Q_above_A_supported,upper_bound,0.11302252583269279,0.0968248321520278,0.00588968021709595,0.11375419105058357,0.07507775607983627,0.0254628540970504,0.11070066007050916,0.005487697351193036,0.09943242344413017,0.002211033043406226,0.04691494424753537,0.11948759779188561,0.019599998284005892,0.012737064754031531,0.011650822378108678,0.06618116611257162,0.07556475309333588
quality_linear,0.0,1e+19,logarithmic,4096,mixture,0.8047071577351047,dirichlet_a20_19,dirichlet_around_p0|topQ,in,True,True,0.3646867629536067,2.553506448374586,1.0,0.43829657372764846,1.0,1.0,3.1426550389632872,1429311596.453055,3916183570.3862896,0.0,0.0,False,False,False,True,35185,5.587380005033333e+18,7.628636166872177e+17,3.64975637827945e+18,1e+19,0.0,0.5587380005033332,0.07628636166872177,0.364975637827945,0.0,2553506448.374586,dirichlet_a20_19,0.43829657372764846,True,True,Q_above_A_supported,upper_bound,0.12725546748977906,0.04967201114118213,0.0003141777653633049,0.05601973705114616,0.033517558987981394,0.00018459431506036742,0.09188128337370738,8.910657060262394e-05,0.30137023601809015,2.4921988098818152e-08,0.03467398948322252,0.1731232213893753,0.005107366341015014,3.465640148608479e-07,0.015259549326868222,0.07072157430785242,0.04080975495275117
quality_linear,0.0,1e+19,logarithmic,8192,fixed_ref,0.8047071577351047,reference_p0,first_question_reference,in,True,True,0.3459287572577628,2.4074287099463434,1.0,0.41663254110330095,1.0,1.0,3.1675507884615346,1511467178.4002495,4153809397.8379445,0.0,0.0,False,False,False,True,35185,4.996792930910386e+18,1.3644575896672627e+18,3.6387494794223524e+18,1e+19,0.0,0.4996792930910386,0.13644575896672628,0.36387494794223524,0.0,2407428709.9463434,reference_p0,0.41663254110330095,True,True,Q_above_A_supported,upper_bound,0.11302252583269279,0.0968248321520278,0.00588968021709595,0.11375419105058357,0.07507775607983627,0.0254628540970504,0.11070066007050916,0.005487697351193036,0.09943242344413017,0.002211033043406226,0.04691494424753537,0.11948759779188561,0.019599998284005892,0.012737064754031531,0.011650822378108678,0.06618116611257162,0.07556475309333588
quality_linear,0.0,1e+19,logarithmic,8192,mixture,0.8047071577351047,dirichlet_a20_19,dirichlet_around_p0|topQ,in,True,True,0.3401992355060376,2.482689794879559,1.0,0.43829657372764846,1.0,1.0,3.1621218503809407,1429311596.453055,4027889436.9423723,-2048.0,-2.048e-16,False,False,False,True,35185,5.067655021300004e+18,1.3838076644829878e+18,3.54853731421701e+18,1.0000000000000002e+19,-2048.0,0.5067655021300004,0.13838076644829878,0.354853731421701,-2.048e-16,2482689794.879559,dirichlet_a20_19,0.43829657372764846,True,True,Q_above_A_supported,upper_bound,0.12725546748977906,0.04967201114118213,0.0003141777653633049,0.05601973705114616,0.033517558987981394,0.00018459431506036742,0.09188128337370738,8.910657060262394e-05,0.30137023601809015,2.4921988098818152e-08,0.03467398948322252,0.1731232213893753,0.005107366341015014,3.465640148608479e-07,0.015259549326868222,0.07072157430785242,0.04080975495275117
quality_linear,0.0,1e+19,logarithmic,32768,fixed_ref,0.8047071577351047,reference_p0,first_question_reference,in,True,True,0.2557957552154107,2.1174665540343502,1.0,0.41663254110330095,1.0,1.0,3.2579055861422845,1511467178.4002495,4722624771.07243,0.0,0.0,False,False,False,True,35185,3.2498337379955395e+18,3.549685064221262e+18,3.200481197783199e+18,1e+19,0.0,0.32498337379955394,0.3549685064221262,0.32004811977831993,0.0,2117466554.0343504,reference_p0,0.41663254110330095,True,True,Q_above_A_supported,upper_bound,0.11302252583269279,0.0968248321520278,0.00588968021709595,0.11375419105058357,0.07507775607983627,0.0254628540970504,0.11070066007050916,0.005487697351193036,0.09943242344413017,0.002211033043406226,0.04691494424753537,0.11948759779188561,0.019599998284005892,0.012737064754031531,0.011650822378108678,0.06618116611257162,0.07556475309333588
quality_linear,0.0,1e+19,logarithmic,32768,mixture,0.8047071577351047,dirichlet_a20_19,dirichlet_around_p0|topQ,in,True,True,0.25193006574328075,2.1777283905891065,1.0,0.43829657372764846,1.0,1.0,3.2529608872715605,1429311596.453055,4591940869.767904,0.0,0.0,False,False,False,True,35185,3.291811539672735e+18,3.5955360177332065e+18,3.1126524425940577e+18,1e+19,0.0,0.32918115396727354,0.35955360177332063,0.31126524425940577,0.0,2177728390.5891066,dirichlet_a20_19,0.43829657372764846,True,True,Q_above_A_supported,upper_bound,0.12725546748977906,0.04967201114118213,0.0003141777653633049,0.05601973705114616,0.033517558987981394,0.00018459431506036742,0.09188128337370738,8.910657060262394e-05,0.30137023601809015,2.4921988098818152e-08,0.03467398948322252,0.1731232213893753,0.005107366341015014,3.465640148608479e-07,0.015259549326868222,0.07072157430785242,0.04080975495275117
quality_linear,0.0,1e+19,logarithmic,131072,fixed_ref,0.8047071577351047,reference_p0,first_question_reference,in,True,True,0.1471950933522666,1.5991636262453182,1.0,0.41663254110330095,1.0,1.0,3.4563929533589386,1511467178.4002495,6253268793.687507,0.0,0.0,False,False,False,True,35185,1.4123342355043727e+18,6.170582430534305e+18,2.417083333961322e+18,1e+19,0.0,0.14123342355043728,0.6170582430534305,0.2417083333961322,0.0,1599163626.2453182,reference_p0,0.41663254110330095,True,True,Q_above_A_supported,upper_bound,0.11302252583269279,0.0968248321520278,0.00588968021709595,0.11375419105058357,0.07507775607983627,0.0254628540970504,0.11070066007050916,0.005487697351193036,0.09943242344413017,0.002211033043406226,0.04691494424753537,0.11948759779188561,0.019599998284005892,0.012737064754031531,0.011650822378108678,0.06618116611257162,0.07556475309333588
quality_linear,0.0,1e+19,logarithmic,131072,mixture,0.8047071577351047,dirichlet_a20_19,dirichlet_around_p0|topQ,in,True,True,0.1454699646614145,1.6351787847941721,1.0,0.43829657372764846,1.0,1.0,3.452361792281061,1429311596.453055,6115539226.041725,-2048.0,-2.048e-16,False,False,False,True,35185,1.4272164002346173e+18,6.23560360038506e+18,2.3371799993803244e+18,1.0000000000000002e+19,-2048.0,0.14272164002346174,0.623560360038506,0.23371799993803244,-2.048e-16,1635178784.794172,dirichlet_a20_19,0.43829657372764846,True,True,Q_above_A_supported,upper_bound,0.12725546748977906,0.04967201114118213,0.0003141777653633049,0.05601973705114616,0.033517558987981394,0.00018459431506036742,0.09188128337370738,8.910657060262394e-05,0.30137023601809015,2.4921988098818152e-08,0.03467398948322252,0.1731232213893753,0.005107366341015014,3.465640148608479e-07,0.015259549326868222,0.07072157430785242,0.04080975495275117
quality_linear,0.0,1e+22,exponential,2048,fixed_ref,0.8047071577351047,reference_p0,first_question_reference,in,True,True,5.6424363238385595,249.51190606869363,1.0,0.41663254110330095,1.0,1.0,2.1509865641797186,3912487936.8349757,40078247798.1106,0.0,0.0,False,False,False,True,35185,8.44713025219315e+21,5.766574252163857e+20,9.762123225904655e+20,1e+22,0.0,0.8447130252193149,0.05766574252163857,0.09762123225904655,0.0,249511906068.69363,reference_p0,0.41663254110330095,True,True,Q_above_A_supported,upper_bound,0.11302252583269279,0.0968248321520278,0.00588968021709595,0.11375419105058357,0.07507775607983627,0.0254628540970504,0.11070066007050916,0.005487697351193036,0.09943242344413017,0.002211033043406226,0.04691494424753537,0.11948759779188561,0.019599998284005892,0.012737064754031531,0.011650822378108678,0.06618116611257162,0.07556475309333588
quality_linear,0.0,1e+22,exponential,2048,mixture,0.8047071577351047,dirichlet_a20_19,dirichlet_around_p0|topQ,in,True,True,5.639665337323335,249.72792281222488,1.0,0.43829657372764846,1.0,1.0,2.150955307672904,3895580832.190464,40043579778.29811,-2097152.0,-2.097152e-16,False,False,False,True,35185,8.450291460275173e+21,5.768732303547852e+20,9.72835309370043e+20,1.0000000000000002e+22,-2097152.0,0.8450291460275173,0.057687323035478515,0.0972835309370043,-2.097152e-16,249727922812.22488,dirichlet_a20_19,0.43829657372764846,True,True,Q_above_A_supported,upper_bound,0.12725546748977906,0.04967201114118213,0.0003141777653633049,0.05601973705114616,0.033517558987981394,0.00018459431506036742,0.09188128337370738,8.910657060262394e-05,0.30137023601809015,2.4921988098818152e-08,0.03467398948322252,0.1731232213893753,0.005107366341015014,3.465640148608479e-07,0.015259549326868222,0.07072157430785242,0.04080975495275117
quality_linear,0.0,1e+22,exponential,4096,fixed_ref,0.8047071577351047,reference_p0,first_question_reference,in,True,True,5.466466194047263,242.78082591016923,1.0,0.41663254110330095,1.0,1.0,2.155148529080297,3912487936.8349757,41189414207.282074,0.0,0.0,False,False,False,True,35185,7.962919064404883e+21,1.0872038829267468e+21,9.498770526683694e+20,1e+22,0.0,0.7962919064404883,0.10872038829267468,0.09498770526683695,0.0,242780825910.16922,reference_p0,0.41663254110330095,True,True,Q_above_A_supported,upper_bound,0.11302252583269279,0.0968248321520278,0.00588968021709595,0.11375419105058357,0.07507775607983627,0.0254628540970504,0.11070066007050916,0.005487697351193036,0.09943242344413017,0.002211033043406226,0.04691494424753537,0.11948759779188561,0.019599998284005892,0.012737064754031531,0.011650822378108678,0.06618116611257162,0.07556475309333588
quality_linear,0.0,1e+22,exponential,4096,mixture,0.8047071577351047,dirichlet_a20_19,dirichlet_around_p0|topQ,in,True,True,5.463781626027282,242.98856202724198,1.0,0.43829657372764846,1.0,1.0,2.155117889001272,3895580832.190464,41154200496.395706,0.0,0.0,False,False,False,True,35185,7.965818643235412e+21,1.0875997720897416e+21,9.465815846748475e+20,1e+22,0.0,0.7965818643235412,0.10875997720897417,0.09465815846748475,0.0,242988562027.24197,dirichlet_a20_19,0.43829657372764846,True,True,Q_above_A_supported,upper_bound,0.12725546748977906,0.04967201114118213,0.0003141777653633049,0.05601973705114616,0.033517558987981394,0.00018459431506036742,0.09188128337370738,8.910657060262394e-05,0.30137023601809015,2.4921988098818152e-08,0.03467398948322252,0.1731232213893753,0.005107366341015014,3.465640148608479e-07,0.015259549326868222,0.07072157430785242,0.04080975495275117
quality_linear,0.0,1e+22,exponential,8192,fixed_ref,0.8047071577351047,reference_p0,first_question_reference,in,True,True,5.163688077570455,230.65495215991172,1.0,0.41663254110330095,1.0,1.0,2.1628865766765566,3912487936.8349757,43354802948.54913,0.0,0.0,False,False,False,True,35185,7.146181359004317e+21,1.9513839230987794e+21,9.02434717896903e+20,1e+22,0.0,0.7146181359004318,0.19513839230987795,0.09024347178969029,0.0,230654952159.9117,reference_p0,0.41663254110330095,True,True,Q_above_A_supported,upper_bound,0.11302252583269279,0.0968248321520278,0.00588968021709595,0.11375419105058357,0.07507775607983627,0.0254628540970504,0.11070066007050916,0.005487697351193036,0.09943242344413017,0.002211033043406226,0.04691494424753537,0.11948759779188561,0.019599998284005892,0.012737064754031531,0.011650822378108678,0.06618116611257162,0.07556475309333588
quality_linear,0.0,1e+22,exponential,8192,mixture,0.8047071577351047,dirichlet_a20_19,dirichlet_around_p0|topQ,in,True,True,5.1611522031342085,230.84811430129588,1.0,0.43829657372764846,1.0,1.0,2.16285704050283,3895580832.190464,43318525820.61081,2097152.0,2.097152e-16,False,False,False,True,35185,7.148653522293064e+21,1.952058988487493e+21,8.992874892194415e+20,9.999999999999998e+21,2097152.0,0.7148653522293064,0.1952058988487493,0.08992874892194415,2.097152e-16,230848114301.29587,dirichlet_a20_19,0.43829657372764846,True,True,Q_above_A_supported,upper_bound,0.12725546748977906,0.04967201114118213,0.0003141777653633049,0.05601973705114616,0.033517558987981394,0.00018459431506036742,0.09188128337370738,8.910657060262394e-05,0.30137023601809015,2.4921988098818152e-08,0.03467398948322252,0.1731232213893753,0.005107366341015014,3.465640148608479e-07,0.015259549326868222,0.07072157430785242,0.04080975495275117
quality_linear,0.0,1e+22,exponential,32768,fixed_ref,0.8047071577351047,reference_p0,first_question_reference,in,True,True,4.030262497227182,183.46337723800943,1.0,0.41663254110330095,1.0,1.0,2.198591790044161,3912487936.8349757,54506791222.02612,0.0,0.0,False,False,False,True,35185,4.4364334133819547e+21,4.845768336323329e+21,7.177982502947164e+20,1e+22,0.0,0.4436433413381955,0.4845768336323329,0.07177982502947164,0.0,183463377238.00943,reference_p0,0.41663254110330095,True,True,Q_above_A_supported,upper_bound,0.11302252583269279,0.0968248321520278,0.00588968021709595,0.11375419105058357,0.07507775607983627,0.0254628540970504,0.11070066007050916,0.005487697351193036,0.09943242344413017,0.002211033043406226,0.04691494424753537,0.11948759779188561,0.019599998284005892,0.012737064754031531,0.011650822378108678,0.06618116611257162,0.07556475309333588
quality_linear,0.0,1e+22,exponential,32768,mixture,0.8047071577351047,dirichlet_a20_19,dirichlet_around_p0|topQ,in,True,True,4.028283245288539,183.60402344325132,1.0,0.43829657372764846,1.0,1.0,2.198566747022271,3895580832.190464,54465037380.24466,0.0,0.0,False,False,False,True,35185,4.4376540684240793e+21,4.847101617137341e+21,7.152443144385785e+20,1e+22,0.0,0.44376540684240795,0.48471016171373416,0.07152443144385785,0.0,183604023443.2513,dirichlet_a20_19,0.43829657372764846,True,True,Q_above_A_supported,upper_bound,0.12725546748977906,0.04967201114118213,0.0003141777653633049,0.05601973705114616,0.033517558987981394,0.00018459431506036742,0.09188128337370738,8.910657060262394e-05,0.30137023601809015,2.4921988098818152e-08,0.03467398948322252,0.1731232213893753,0.005107366341015014,3.465640148608479e-07,0.015259549326868222,0.07072157430785242,0.04080975495275117
quality_linear,0.0,1e+22,exponential,131072,fixed_ref,0.8047071577351047,reference_p0,first_question_reference,in,True,True,2.549177050509118,116.23487738497646,1.0,0.41663254110330095,1.0,1.0,2.2750259140022036,3912487936.8349757,86032697112.7559,-2097152.0,-2.097152e-16,False,False,False,True,35185,1.7778196913911397e+21,7.767412753000649e+21,4.547675556082129e+20,1.0000000000000002e+22,-2097152.0,0.17778196913911398,0.7767412753000649,0.04547675556082129,-2.097152e-16,116234877384.97646,reference_p0,0.41663254110330095,True,True,Q_above_A_supported,upper_bound,0.11302252583269279,0.0968248321520278,0.00588968021709595,0.11375419105058357,0.07507775607983627,0.0254628540970504,0.11070066007050916,0.005487697351193036,0.09943242344413017,0.002211033043406226,0.04691494424753537,0.11948759779188561,0.019599998284005892,0.012737064754031531,0.011650822378108678,0.06618116611257162,0.07556475309333588
quality_linear,0.0,1e+22,exponential,131072,mixture,0.8047071577351047,dirichlet_a20_19,dirichlet_around_p0|topQ,in,True,True,2.549177050509118,116.25772429756198,1.0,0.43829657372764846,1.0,1.0,2.2750078883249256,3895580832.190464,86015790008.11139,-2097152.0,-2.097152e-16,False,False,False,True,35185,1.7781691363425675e+21,7.768939501289768e+21,4.5289136236766606e+20,1.0000000000000002e+22,-2097152.0,0.17781691363425675,0.7768939501289768,0.04528913623676661,-2.097152e-16,116257724297.56198,dirichlet_a20_19,0.43829657372764846,True,True,Q_above_A_supported,upper_bound,0.12725546748977906,0.04967201114118213,0.0003141777653633049,0.05601973705114616,0.033517558987981394,0.00018459431506036742,0.09188128337370738,8.910657060262394e-05,0.30137023601809015,2.4921988098818152e-08,0.03467398948322252,0.1731232213893753,0.005107366341015014,3.465640148608479e-07,0.015259549326868222,0.07072157430785242,0.04080975495275117
quality_linear,0.0,1e+22,power,2048,fixed_ref,0.8047071577351047,reference_p0,first_question_reference,in,True,True,5.777057187393709,238.78902810778465,1.0,0.41663254110330095,1.0,1.0,2.15269061051389,4849345275.903549,41877971024.22226,0.0,0.0,False,False,False,True,35185,8.276987226605012e+21,5.650423280029022e+20,1.1579704453920853e+21,1e+22,0.0,0.8276987226605013,0.056504232800290224,0.11579704453920853,0.0,238789028107.78464,reference_p0,0.41663254110330095,True,True,Q_above_A_supported,upper_bound,0.11302252583269279,0.0968248321520278,0.00588968021709595,0.11375419105058357,0.07507775607983627,0.0254628540970504,0.11070066007050916,0.005487697351193036,0.09943242344413017,0.002211033043406226,0.04691494424753537,0.11948759779188561,0.019599998284005892,0.012737064754031531,0.011650822378108678,0.06618116611257162,0.07556475309333588
quality_linear,0.0,1e+22,power,2048,mixture,0.8047071577351047,dirichlet_a20_19,dirichlet_around_p0|topQ,in,True,True,5.771384383709395,239.19012617263684,1.0,0.43829657372764846,1.0,1.0,2.1526299403242453,4815480483.878452,41807745829.702194,0.0,0.0,False,False,False,True,35185,8.282748953581418e+21,5.654356618978248e+20,1.1518153845207573e+21,1e+22,0.0,0.8282748953581418,0.05654356618978248,0.11518153845207574,0.0,239190126172.63684,dirichlet_a20_19,0.43829657372764846,True,True,Q_above_A_supported,upper_bound,0.12725546748977906,0.04967201114118213,0.0003141777653633049,0.05601973705114616,0.033517558987981394,0.00018459431506036742,0.09188128337370738,8.910657060262394e-05,0.30137023601809015,2.4921988098818152e-08,0.03467398948322252,0.1731232213893753,0.005107366341015014,3.465640148608479e-07,0.015259549326868222,0.07072157430785242,0.04080975495275117
quality_linear,0.0,1e+22,power,4096,fixed_ref,0.8047071577351047,reference_p0,first_question_reference,in,True,True,5.595514171565783,232.52420444069142,1.0,0.41663254110330095,1.0,1.0,2.156819664290905,4849345275.903549,43006275514.644936,0.0,0.0,False,False,False,True,35185,7.806554887079688e+21,1.0658549605826135e+21,1.1275901523376979e+21,1e+22,0.0,0.7806554887079689,0.10658549605826136,0.1127590152337698,0.0,232524204440.6914,reference_p0,0.41663254110330095,True,True,Q_above_A_supported,upper_bound,0.11302252583269279,0.0968248321520278,0.00588968021709595,0.11375419105058357,0.07507775607983627,0.0254628540970504,0.11070066007050916,0.005487697351193036,0.09943242344413017,0.002211033043406226,0.04691494424753537,0.11948759779188561,0.019599998284005892,0.012737064754031531,0.011650822378108678,0.06618116611257162,0.07556475309333588
quality_linear,0.0,1e+22,power,4096,mixture,0.8047071577351047,dirichlet_a20_19,dirichlet_around_p0|topQ,in,True,True,5.5900196347491224,232.9105257008509,1.0,0.43829657372764846,1.0,1.0,2.156760144360044,4815480483.878452,42934942377.15967,0.0,0.0,False,False,False,True,35185,7.81184647084498e+21,1.0665774381527014e+21,1.1215760910023184e+21,1e+22,0.0,0.781184647084498,0.10665774381527014,0.11215760910023184,0.0,232910525700.85092,dirichlet_a20_19,0.43829657372764846,True,True,Q_above_A_supported,upper_bound,0.12725546748977906,0.04967201114118213,0.0003141777653633049,0.05601973705114616,0.033517558987981394,0.00018459431506036742,0.09188128337370738,8.910657060262394e-05,0.30137023601809015,2.4921988098818152e-08,0.03467398948322252,0.1731232213893753,0.005107366341015014,3.465640148608479e-07,0.015259549326868222,0.07072157430785242,0.04080975495275117
quality_linear,0.0,1e+22,power,8192,fixed_ref,0.8047071577351047,reference_p0,first_question_reference,in,True,True,5.279101352242082,221.3700310107812,1.0,0.41663254110330095,1.0,1.0,2.16449858381103,4849345275.903549,45173233044.86947,0.0,0.0,False,False,False,True,35185,7.01180898032932e+21,1.9146913055619264e+21,1.073499714108754e+21,1e+22,0.0,0.701180898032932,0.19146913055619263,0.10734997141087539,0.0,221370031010.7812,reference_p0,0.41663254110330095,True,True,Q_above_A_supported,upper_bound,0.11302252583269279,0.0968248321520278,0.00588968021709595,0.11375419105058357,0.07507775607983627,0.0254628540970504,0.11070066007050916,0.005487697351193036,0.09943242344413017,0.002211033043406226,0.04691494424753537,0.11948759779188561,0.019599998284005892,0.012737064754031531,0.011650822378108678,0.06618116611257162,0.07556475309333588
quality_linear,0.0,1e+22,power,8192,mixture,0.8047071577351047,dirichlet_a20_19,dirichlet_around_p0|topQ,in,True,True,5.273917518219099,221.7306106956646,1.0,0.43829657372764846,1.0,1.0,2.1644411322856136,4815480483.878452,45099772055.04321,-4194304.0,-4.194304e-16,False,False,False,True,35185,7.016333712439709e+21,1.9159268590768698e+21,1.0677394284834238e+21,1.0000000000000004e+22,-4194304.0,0.701633371243971,0.191592685907687,0.10677394284834238,-4.194304e-16,221730610695.6646,dirichlet_a20_19,0.43829657372764846,True,True,Q_above_A_supported,upper_bound,0.12725546748977906,0.04967201114118213,0.0003141777653633049,0.05601973705114616,0.033517558987981394,0.00018459431506036742,0.09188128337370738,8.910657060262394e-05,0.30137023601809015,2.4921988098818152e-08,0.03467398948322252,0.1731232213893753,0.005107366341015014,3.465640148608479e-07,0.015259549326868222,0.07072157430785242,0.04080975495275117
quality_linear,0.0,1e+22,power,32768,fixed_ref,0.8047071577351047,reference_p0,first_question_reference,in,True,True,4.1041825229933595,177.394256137393,1.0,0.41663254110330095,1.0,1.0,2.19996248004066,4849345275.903549,56371610996.552986,0.0,0.0,False,False,False,True,35185,4.368350434310975e+21,4.771403567716734e+21,8.602459979722909e+20,1e+22,0.0,0.4368350434310975,0.47714035677167344,0.0860245997972291,0.0,177394256137.393,reference_p0,0.41663254110330095,True,True,Q_above_A_supported,upper_bound,0.11302252583269279,0.0968248321520278,0.00588968021709595,0.11375419105058357,0.07507775607983627,0.0254628540970504,0.11070066007050916,0.005487697351193036,0.09943242344413017,0.002211033043406226,0.04691494424753537,0.11948759779188561,0.019599998284005892,0.012737064754031531,0.011650822378108678,0.06618116611257162,0.07556475309333588
quality_linear,0.0,1e+22,power,32768,mixture,0.8047071577351047,dirichlet_a20_19,dirichlet_around_p0|topQ,in,True,True,4.10015240506615,177.66043119598478,1.0,0.43829657372764846,1.0,1.0,2.199913502101224,4815480483.878452,56287153716.11687,0.0,0.0,False,False,False,True,35185,4.370609065519838e+21,4.773870595298468e+21,8.555203391816953e+20,1e+22,0.0,0.43706090655198376,0.4773870595298468,0.08555203391816953,0.0,177660431195.98477,dirichlet_a20_19,0.43829657372764846,True,True,Q_above_A_supported,upper_bound,0.12725546748977906,0.04967201114118213,0.0003141777653633049,0.05601973705114616,0.033517558987981394,0.00018459431506036742,0.09188128337370738,8.910657060262394e-05,0.30137023601809015,2.4921988098818152e-08,0.03467398948322252,0.1731232213893753,0.005107366341015014,3.465640148608479e-07,0.015259549326868222,0.07072157430785242,0.04080975495275117
quality_linear,0.0,1e+22,power,131072,fixed_ref,0.8047071577351047,reference_p0,first_question_reference,in,True,True,2.5794077478089608,113.70947595187835,1.0,0.41663254110330095,1.0,1.0,2.2760167243969756,4849345275.903549,87943418226.92053,-2097152.0,-2.097152e-16,False,False,False,True,35185,1.7598186196174302e+21,7.688764870349862e+21,5.514165100327095e+20,1.0000000000000002e+22,-2097152.0,0.175981861961743,0.7688764870349862,0.055141651003270946,-2.097152e-16,113709475951.87834,reference_p0,0.41663254110330095,True,True,Q_above_A_supported,upper_bound,0.11302252583269279,0.0968248321520278,0.00588968021709595,0.11375419105058357,0.07507775607983627,0.0254628540970504,0.11070066007050916,0.005487697351193036,0.09943242344413017,0.002211033043406226,0.04691494424753537,0.11948759779188561,0.019599998284005892,0.012737064754031531,0.011650822378108678,0.06618116611257162,0.07556475309333588
quality_linear,0.0,1e+22,power,131072,mixture,0.8047071577351047,dirichlet_a20_19,dirichlet_around_p0|topQ,in,True,True,2.578141007047307,113.80610784998379,1.0,0.43829657372764846,1.0,1.0,2.2759811812595974,4815480483.878452,87868746141.3032,-2097152.0,-2.097152e-16,False,False,False,True,35185,1.76044916100295e+21,7.691519747699288e+21,5.4803109129776326e+20,1.0000000000000002e+22,-2097152.0,0.17604491610029502,0.7691519747699288,0.054803109129776324,-2.097152e-16,113806107849.9838,dirichlet_a20_19,0.43829657372764846,True,True,Q_above_A_supported,upper_bound,0.12725546748977906,0.04967201114118213,0.0003141777653633049,0.05601973705114616,0.033517558987981394,0.00018459431506036742,0.09188128337370738,8.910657060262394e-05,0.30137023601809015,2.4921988098818152e-08,0.03467398948322252,0.1731232213893753,0.005107366341015014,3.465640148608479e-07,0.015259549326868222,0.07072157430785242,0.04080975495275117
quality_linear,0.0,1e+22,logarithmic,2048,fixed_ref,0.8047071577351047,reference_p0,first_question_reference,in,True,True,5.268738774482015,283.4308435276214,1.0,0.41663254110330095,1.0,1.0,2.1463457390253806,1511467178.4002495,35281975227.320175,0.0,0.0,False,False,False,True,35185,8.959938451068744e+21,6.116651315929595e+20,4.283964173382965e+20,1e+22,0.0,0.8959938451068744,0.06116651315929595,0.04283964173382965,0.0,283430843527.6214,reference_p0,0.41663254110330095,True,True,Q_above_A_supported,upper_bound,0.11302252583269279,0.0968248321520278,0.00588968021709595,0.11375419105058357,0.07507775607983627,0.0254628540970504,0.11070066007050916,0.005487697351193036,0.09943242344413017,0.002211033043406226,0.04691494424753537,0.11948759779188561,0.019599998284005892,0.012737064754031531,0.011650822378108678,0.06618116611257162,0.07556475309333588
quality_linear,0.0,1e+22,logarithmic,2048,mixture,0.8047071577351047,dirichlet_a20_19,dirichlet_around_p0|topQ,in,True,True,5.255814152350005,284.7625443055106,1.0,0.43829657372764846,1.0,1.0,2.1461790227700903,1429311596.453055,35116977987.355644,0.0,0.0,False,False,False,True,35185,8.979954062520586e+21,6.13031530668072e+20,4.0701440681134306e+20,1e+22,0.0,0.8979954062520585,0.0613031530668072,0.04070144068113431,0.0,284762544305.51056,dirichlet_a20_19,0.43829657372764846,True,True,Q_above_A_supported,upper_bound,0.12725546748977906,0.04967201114118213,0.0003141777653633049,0.05601973705114616,0.033517558987981394,0.00018459431506036742,0.09188128337370738,8.910657060262394e-05,0.30137023601809015,2.4921988098818152e-08,0.03467398948322252,0.1731232213893753,0.005107366341015014,3.465640148608479e-07,0.015259549326868222,0.07072157430785242,0.04080975495275117
quality_linear,0.0,1e+22,logarithmic,4096,fixed_ref,0.8047071577351047,reference_p0,first_question_reference,in,True,True,5.1157188286534,274.75111178577185,1.0,0.41663254110330095,1.0,1.0,2.150604408716601,1511467178.4002495,36396577014.753525,2097152.0,2.097152e-16,False,False,False,True,35185,8.43329661453557e+21,1.1514260977712563e+21,4.152772876931721e+20,9.999999999999998e+21,2097152.0,0.843329661453557,0.11514260977712563,0.04152772876931721,2.097152e-16,274751111785.77185,reference_p0,0.41663254110330095,True,True,Q_above_A_supported,upper_bound,0.11302252583269279,0.0968248321520278,0.00588968021709595,0.11375419105058357,0.07507775607983627,0.0254628540970504,0.11070066007050916,0.005487697351193036,0.09943242344413017,0.002211033043406226,0.04691494424753537,0.11948759779188561,0.019599998284005892,0.012737064754031531,0.011650822378108678,0.06618116611257162,0.07556475309333588
quality_linear,0.0,1e+22,logarithmic,4096,mixture,0.8047071577351047,dirichlet_a20_19,dirichlet_around_p0|topQ,in,True,True,5.100663422287558,276.1534157272785,1.0,0.43829657372764846,1.0,1.0,2.150441383243405,1429311596.453055,36211755605.71637,0.0,0.0,False,False,False,True,35185,8.451393759239394e+21,1.1538969612614853e+21,3.947092794991206e+20,1e+22,0.0,0.8451393759239394,0.11538969612614854,0.03947092794991206,0.0,276153415727.2785,dirichlet_a20_19,0.43829657372764846,True,True,Q_above_A_supported,upper_bound,0.12725546748977906,0.04967201114118213,0.0003141777653633049,0.05601973705114616,0.033517558987981394,0.00018459431506036742,0.09188128337370738,8.910657060262394e-05,0.30137023601809015,2.4921988098818152e-08,0.03467398948322252,0.1731232213893753,0.005107366341015014,3.465640148608479e-07,0.015259549326868222,0.07072157430785242,0.04080975495275117
quality_linear,0.0,1e+22,logarithmic,8192,fixed_ref,0.8047071577351047,reference_p0,first_question_reference,in,True,True,4.845441262588582,259.5859529594611,1.0,0.41663254110330095,1.0,1.0,2.1585153775285373,1511467178.4002495,38522885718.55687,0.0,0.0,False,False,False,True,35185,7.546850925948908e+21,2.0607934261791157e+21,3.923556478719766e+20,1e+22,0.0,0.7546850925948908,0.20607934261791158,0.03923556478719766,0.0,259585952959.46112,reference_p0,0.41663254110330095,True,True,Q_above_A_supported,upper_bound,0.11302252583269279,0.0968248321520278,0.00588968021709595,0.11375419105058357,0.07507775607983627,0.0254628540970504,0.11070066007050916,0.005487697351193036,0.09943242344413017,0.002211033043406226,0.04691494424753537,0.11948759779188561,0.019599998284005892,0.012737064754031531,0.011650822378108678,0.06618116611257162,0.07556475309333588
quality_linear,0.0,1e+22,logarithmic,8192,mixture,0.8047071577351047,dirichlet_a20_19,dirichlet_around_p0|topQ,in,True,True,4.833555021865256,260.75661264875407,1.0,0.43829657372764846,1.0,1.0,2.1583589261908838,1429311596.453055,38349938275.46863,-2097152.0,-2.097152e-16,False,False,False,True,35185,7.562288607317751e+21,2.0650089423715676e+21,3.727024503106815e+20,1.0000000000000002e+22,-2097152.0,0.7562288607317752,0.20650089423715676,0.037270245031068155,-2.097152e-16,260756612648.75406,dirichlet_a20_19,0.43829657372764846,True,True,Q_above_A_supported,upper_bound,0.12725546748977906,0.04967201114118213,0.0003141777653633049,0.05601973705114616,0.033517558987981394,0.00018459431506036742,0.09188128337370738,8.910657060262394e-05,0.30137023601809015,2.4921988098818152e-08,0.03467398948322252,0.1731232213893753,0.005107366341015014,3.465640148608479e-07,0.015259549326868222,0.07072157430785242,0.04080975495275117
quality_linear,0.0,1e+22,logarithmic,32768,fixed_ref,0.8047071577351047,reference_p0,first_question_reference,in,True,True,3.831422100345774,201.5738578115588,1.0,0.41663254110330095,1.0,1.0,2.194915683808947,1511467178.4002495,49609607657.30095,-2097152.0,-2.097152e-16,False,False,False,True,35185,4.633887202026978e+21,5.061440527867334e+21,3.0467227010568985e+20,1.0000000000000002e+22,-2097152.0,0.4633887202026978,0.5061440527867334,0.030467227010568986,-2.097152e-16,201573857811.5588,reference_p0,0.41663254110330095,True,True,Q_above_A_supported,upper_bound,0.11302252583269279,0.0968248321520278,0.00588968021709595,0.11375419105058357,0.07507775607983627,0.0254628540970504,0.11070066007050916,0.005487697351193036,0.09943242344413017,0.002211033043406226,0.04691494424753537,0.11948759779188561,0.019599998284005892,0.012737064754031531,0.011650822378108678,0.06618116611257162,0.07556475309333588
quality_linear,0.0,1e+22,logarithmic,32768,mixture,0.8047071577351047,dirichlet_a20_19,dirichlet_around_p0|topQ,in,True,True,3.823901235183825,202.2938580303699,1.0,0.43829657372764846,1.0,1.0,2.194785322374066,1429311596.453055,49433038142.45672,-2097152.0,-2.097152e-16,False,False,False,True,35185,4.641310401554597e+21,5.069548641271368e+21,2.8914095717403564e+20,1.0000000000000002e+22,-2097152.0,0.4641310401554597,0.5069548641271368,0.028914095717403564,-2.097152e-16,202293858030.3699,dirichlet_a20_19,0.43829657372764846,True,True,Q_above_A_supported,upper_bound,0.12725546748977906,0.04967201114118213,0.0003141777653633049,0.05601973705114616,0.033517558987981394,0.00018459431506036742,0.09188128337370738,8.910657060262394e-05,0.30137023601809015,2.4921988098818152e-08,0.03467398948322252,0.1731232213893753,0.005107366341015014,3.465640148608479e-07,0.015259549326868222,0.07072157430785242,0.04080975495275117
quality_linear,0.0,1e+22,logarithmic,131072,fixed_ref,0.8047071577351047,reference_p0,first_question_reference,in,True,True,2.46906960572935,123.37901095124617,1.0,0.41663254110330095,1.0,1.0,2.272411180898094,1511467178.4002495,81051063085.20782,0.0,0.0,False,False,False,True,35185,1.8277881955480235e+21,7.985728478895684e+21,1.8648332555629353e+20,1e+22,0.0,0.18277881955480235,0.7985728478895684,0.01864833255562935,0.0,123379010951.24617,reference_p0,0.41663254110330095,True,True,Q_above_A_supported,upper_bound,0.11302252583269279,0.0968248321520278,0.00588968021709595,0.11375419105058357,0.07507775607983627,0.0254628540970504,0.11070066007050916,0.005487697351193036,0.09943242344413017,0.002211033043406226,0.04691494424753537,0.11948759779188561,0.019599998284005892,0.012737064754031531,0.011650822378108678,0.06618116611257162,0.07556475309333588
quality_linear,0.0,1e+22,logarithmic,131072,mixture,0.8047071577351047,dirichlet_a20_19,dirichlet_around_p0|topQ,in,True,True,2.465433729964255,123.68311503535892,1.0,0.43829657372764846,1.0,1.0,2.2723196680522832,1429311596.453055,80851779947.01353,-2097152.0,-2.097152e-16,False,False,False,True,35185,1.829595141811338e+21,7.993623147583189e+21,1.7678171060547568e+20,1.0000000000000002e+22,-2097152.0,0.1829595141811338,0.7993623147583189,0.017678171060547566,-2.097152e-16,123683115035.35892,dirichlet_a20_19,0.43829657372764846,True,True,Q_above_A_supported,upper_bound,0.12725546748977906,0.04967201114118213,0.0003141777653633049,0.05601973705114616,0.033517558987981394,0.00018459431506036742,0.09188128337370738,8.910657060262394e-05,0.30137023601809015,2.4921988098818152e-08,0.03467398948322252,0.1731232213893753,0.005107366341015014,3.465640148608479e-07,0.015259549326868222,0.07072157430785242,0.04080975495275117
quality_linear,0.0,1e+24,exponential,2048,fixed_ref,0.8047071577351047,reference_p0,first_question_reference,in,True,True,40.74052926455529,3772.9729107897265,1.0,0.41663254110330095,1.0,1.0,1.913903619152281,3912487936.8349757,265042984310.92856,0.0,0.0,False,False,False,True,35185,9.222774797184193e+23,6.2960809282110765e+22,1.476171099946995e+22,1e+24,0.0,0.9222774797184193,0.06296080928211077,0.01476171099946995,0.0,3772972910789.7266,reference_p0,0.41663254110330095,False,False,N_above_support;D_above_support;Q_above_A_supported,upper_bound,0.11302252583269279,0.0968248321520278,0.00588968021709595,0.11375419105058357,0.07507775607983627,0.0254628540970504,0.11070066007050916,0.005487697351193036,0.09943242344413017,0.002211033043406226,0.04691494424753537,0.11948759779188561,0.019599998284005892,0.012737064754031531,0.011650822378108678,0.06618116611257162,0.07556475309333588
quality_linear,0.0,1e+24,exponential,2048,mixture,0.8047071577351047,dirichlet_a20_19,dirichlet_around_p0|topQ,in,True,True,40.74052926455529,3773.2136042659913,1.0,0.43829657372764846,1.0,1.0,1.913901410003191,3895580832.190464,265026077206.28406,134217728.0,1.3421772800000001e-16,False,False,False,True,35185,9.223363155961005e+23,6.296482581136047e+22,1.469885859253889e+22,9.999999999999998e+23,134217728.0,0.9223363155961005,0.06296482581136047,0.01469885859253889,1.3421772800000001e-16,3773213604265.991,dirichlet_a20_19,0.43829657372764846,False,False,N_above_support;D_above_support;Q_above_A_supported,upper_bound,0.12725546748977906,0.04967201114118213,0.0003141777653633049,0.05601973705114616,0.033517558987981394,0.00018459431506036742,0.09188128337370738,8.910657060262394e-05,0.30137023601809015,2.4921988098818152e-08,0.03467398948322252,0.1731232213893753,0.005107366341015014,3.465640148608479e-07,0.015259549326868222,0.07072157430785242,0.04080975495275117
quality_linear,0.0,1e+24,exponential,4096,fixed_ref,0.8047071577351047,reference_p0,first_question_reference,in,True,True,39.59618396534492,3650.610500495647,1.0,0.41663254110330095,1.0,1.0,1.9160275710896768,3912487936.8349757,273926785633.31503,0.0,0.0,False,False,False,True,35185,8.673014697806731e+23,1.1841556067405458e+23,1.4282969545272312e+22,1e+24,0.0,0.8673014697806731,0.11841556067405458,0.014282969545272313,0.0,3650610500495.647,reference_p0,0.41663254110330095,False,False,N_above_support;D_above_support;Q_above_A_supported,upper_bound,0.11302252583269279,0.0968248321520278,0.00588968021709595,0.11375419105058357,0.07507775607983627,0.0254628540970504,0.11070066007050916,0.005487697351193036,0.09943242344413017,0.002211033043406226,0.04691494424753537,0.11948759779188561,0.019599998284005892,0.012737064754031531,0.011650822378108678,0.06618116611257162,0.07556475309333588
quality_linear,0.0,1e+24,exponential,4096,mixture,0.8047071577351047,dirichlet_a20_19,dirichlet_around_p0|topQ,in,True,True,39.59618396534492,3650.835834660591,1.0,0.43829657372764846,1.0,1.0,1.9160254137731916,3895580832.190464,273909878528.67053,0.0,0.0,False,False,False,True,35185,8.67355004018966e+23,1.1842286988205615e+23,1.422212609897787e+22,1e+24,0.0,0.867355004018966,0.11842286988205615,0.014222126098977871,0.0,3650835834660.591,dirichlet_a20_19,0.43829657372764846,False,False,N_above_support;D_above_support;Q_above_A_supported,upper_bound,0.12725546748977906,0.04967201114118213,0.0003141777653633049,0.05601973705114616,0.033517558987981394,0.00018459431506036742,0.09188128337370738,8.910657060262394e-05,0.30137023601809015,2.4921988098818152e-08,0.03467398948322252,0.1731232213893753,0.005107366341015014,3.465640148608479e-07,0.015259549326868222,0.07072157430785242,0.04080975495275117
quality_linear,0.0,1e+24,exponential,8192,fixed_ref,0.8047071577351047,reference_p0,first_question_reference,in,True,True,37.59643507049264,3435.374283393157,1.0,0.41663254110330095,1.0,1.0,1.9199711532667088,3912487936.8349757,291089097579.2859,-268435456.0,-2.6843545600000003e-16,False,False,False,True,35185,7.74946957130586e+23,2.1161218242712537e+23,1.3440860442288825e+22,1.0000000000000003e+24,-268435456.0,0.774946957130586,0.21161218242712537,0.013440860442288824,-2.6843545600000003e-16,3435374283393.1567,reference_p0,0.41663254110330095,False,False,N_above_support;D_above_support;Q_above_A_supported,upper_bound,0.11302252583269279,0.0968248321520278,0.00588968021709595,0.11375419105058357,0.07507775607983627,0.0254628540970504,0.11070066007050916,0.005487697351193036,0.09943242344413017,0.002211033043406226,0.04691494424753537,0.11948759779188561,0.019599998284005892,0.012737064754031531,0.011650822378108678,0.06618116611257162,0.07556475309333588
quality_linear,0.0,1e+24,exponential,8192,mixture,0.8047071577351047,dirichlet_a20_19,dirichlet_around_p0|topQ,in,True,True,37.57797155426993,3437.2392571787577,1.0,0.43829657372764846,1.0,1.0,1.91996908773344,3895580832.190464,290931158752.3259,134217728.0,1.3421772800000001e-16,False,False,False,True,35185,7.749868741888996e+23,2.1162308244518215e+23,1.3390043365918158e+22,9.999999999999998e+23,134217728.0,0.7749868741888996,0.21162308244518216,0.013390043365918158,1.3421772800000001e-16,3437239257178.758,dirichlet_a20_19,0.43829657372764846,False,False,N_above_support;D_above_support;Q_above_A_supported,upper_bound,0.12725546748977906,0.04967201114118213,0.0003141777653633049,0.05601973705114616,0.033517558987981394,0.00018459431506036742,0.09188128337370738,8.910657060262394e-05,0.30137023601809015,2.4921988098818152e-08,0.03467398948322252,0.1731232213893753,0.005107366341015014,3.465640148608479e-07,0.015259549326868222,0.07072157430785242,0.04080975495275117
quality_linear,0.0,1e+24,exponential,32768,fixed_ref,0.8047071577351047,reference_p0,first_question_reference,in,True,True,29.918971954932235,2635.023239845255,1.0,0.41663254110330095,1.0,1.0,1.9380887958974857,3912487936.8349757,379503294270.2723,0.0,0.0,False,False,False,True,35185,4.7302311848114916e+23,5.166673848796765e+23,1.0309496639174375e+22,1e+24,0.0,0.4730231184811492,0.5166673848796766,0.010309496639174374,0.0,2635023239845.255,reference_p0,0.41663254110330095,False,False,N_above_support;D_above_support;Q_above_A_supported,upper_bound,0.11302252583269279,0.0968248321520278,0.00588968021709595,0.11375419105058357,0.07507775607983627,0.0254628540970504,0.11070066007050916,0.005487697351193036,0.09943242344413017,0.002211033043406226,0.04691494424753537,0.11948759779188561,0.019599998284005892,0.012737064754031531,0.011650822378108678,0.06618116611257162,0.07556475309333588
quality_linear,0.0,1e+24,exponential,32768,mixture,0.8047071577351047,dirichlet_a20_19,dirichlet_around_p0|topQ,in,True,True,29.918971954932235,2635.1406369777037,1.0,0.43829657372764846,1.0,1.0,1.9380870899896376,3895580832.190464,379486387165.6278,134217728.0,1.3421772800000001e-16,False,False,False,True,35185,4.7304419289022915e+23,5.1669040375423427e+23,1.0265403355536512e+22,9.999999999999998e+23,134217728.0,0.47304419289022914,0.5166904037542343,0.010265403355536513,1.3421772800000001e-16,2635140636977.7036,dirichlet_a20_19,0.43829657372764846,False,False,N_above_support;D_above_support;Q_above_A_supported,upper_bound,0.12725546748977906,0.04967201114118213,0.0003141777653633049,0.05601973705114616,0.033517558987981394,0.00018459431506036742,0.09188128337370738,8.910657060262394e-05,0.30137023601809015,2.4921988098818152e-08,0.03467398948322252,0.1731232213893753,0.005107366341015014,3.465640148608479e-07,0.015259549326868222,0.07072157430785242,0.04080975495275117
quality_linear,0.0,1e+24,exponential,131072,fixed_ref,0.8047071577351047,reference_p0,first_question_reference,in,True,True,19.461366584855774,1585.1660524813324,1.0,0.41663254110330095,1.0,1.0,1.9765514600318008,3912487936.8349757,630848735648.0128,0.0,0.0,False,False,False,True,35185,1.8509698587124762e+23,8.087010710705389e+23,6.20194305821353e+21,1e+24,0.0,0.18509698587124762,0.8087010710705389,0.00620194305821353,0.0,1585166052481.3323,reference_p0,0.41663254110330095,False,False,N_above_support;D_above_support;Q_above_A_supported,upper_bound,0.11302252583269279,0.0968248321520278,0.00588968021709595,0.11375419105058357,0.07507775607983627,0.0254628540970504,0.11070066007050916,0.005487697351193036,0.09943242344413017,0.002211033043406226,0.04691494424753537,0.11948759779188561,0.019599998284005892,0.012737064754031531,0.011650822378108678,0.06618116611257162,0.07556475309333588
quality_linear,0.0,1e+24,exponential,131072,mixture,0.8047071577351047,dirichlet_a20_19,dirichlet_around_p0|topQ,in,True,True,19.461366584855774,1585.208536971042,1.0,0.43829657372764846,1.0,1.0,1.9765502769496048,3895580832.190464,630831828543.3683,-134217728.0,-1.3421772800000001e-16,False,False,False,True,35185,1.8510194670861807e+23,8.08722745299733e+23,6.17530799164908e+21,1.0000000000000001e+24,-134217728.0,0.18510194670861807,0.8087227452997331,0.00617530799164908,-1.3421772800000001e-16,1585208536971.042,dirichlet_a20_19,0.43829657372764846,False,False,N_above_support;D_above_support;Q_above_A_supported,upper_bound,0.12725546748977906,0.04967201114118213,0.0003141777653633049,0.05601973705114616,0.033517558987981394,0.00018459431506036742,0.09188128337370738,8.910657060262394e-05,0.30137023601809015,2.4921988098818152e-08,0.03467398948322252,0.1731232213893753,0.005107366341015014,3.465640148608479e-07,0.015259549326868222,0.07072157430785242,0.04080975495275117
quality_linear,0.0,1e+24,power,2048,fixed_ref,0.8047071577351047,reference_p0,first_question_reference,in,True,True,40.92104037495471,3743.399745240413,1.0,0.41663254110330095,1.0,1.0,1.9140256838178147,4849345275.903549,267136845663.21326,134217728.0,1.3421772800000001e-16,False,False,False,True,35185,9.191028726874685e+23,6.274408944213118e+22,1.8153037870400144e+22,9.999999999999998e+23,134217728.0,0.9191028726874685,0.06274408944213118,0.018153037870400145,1.3421772800000001e-16,3743399745240.4126,reference_p0,0.41663254110330095,False,False,N_above_support;D_above_support;Q_above_A_supported,upper_bound,0.11302252583269279,0.0968248321520278,0.00588968021709595,0.11375419105058357,0.07507775607983627,0.0254628540970504,0.11070066007050916,0.005487697351193036,0.09943242344413017,0.002211033043406226,0.04691494424753537,0.11948759779188561,0.019599998284005892,0.012737064754031531,0.011650822378108678,0.06618116611257162,0.07556475309333588
quality_linear,0.0,1e+24,power,2048,mixture,0.8047071577351047,dirichlet_a20_19,dirichlet_around_p0|topQ,in,True,True,40.90094415329442,3745.6806852365767,1.0,0.43829657372764846,1.0,1.0,1.9140212826368048,4815480483.878452,266974172128.83435,-134217728.0,-1.3421772800000001e-16,False,False,False,True,35185,9.192112591376088e+23,6.27514886237941e+22,1.8037252238597203e+22,1.0000000000000001e+24,-134217728.0,0.9192112591376088,0.0627514886237941,0.018037252238597205,-1.3421772800000001e-16,3745680685236.5767,dirichlet_a20_19,0.43829657372764846,False,False,N_above_support;D_above_support;Q_above_A_supported,upper_bound,0.12725546748977906,0.04967201114118213,0.0003141777653633049,0.05601973705114616,0.033517558987981394,0.00018459431506036742,0.09188128337370738,8.910657060262394e-05,0.30137023601809015,2.4921988098818152e-08,0.03467398948322252,0.1731232213893753,0.005107366341015014,3.465640148608479e-07,0.015259549326868222,0.07072157430785242,0.04080975495275117
quality_linear,0.0,1e+24,power,4096,fixed_ref,0.8047071577351047,reference_p0,first_question_reference,in,True,True,39.75209302101873,3624.149356814165,1.0,0.41663254110330095,1.0,1.0,1.9161467854608134,4849345275.903549,275926818004.8345,-134217728.0,-1.3421772800000001e-16,False,False,False,True,35185,8.644051341248514e+23,1.1802011431251305e+23,1.7574751562635657e+22,1.0000000000000001e+24,-134217728.0,0.8644051341248514,0.11802011431251305,0.017574751562635656,-1.3421772800000001e-16,3624149356814.165,reference_p0,0.41663254110330095,False,False,N_above_support;D_above_support;Q_above_A_supported,upper_bound,0.11302252583269279,0.0968248321520278,0.00588968021709595,0.11375419105058357,0.07507775607983627,0.0254628540970504,0.11070066007050916,0.005487697351193036,0.09943242344413017,0.002211033043406226,0.04691494424753537,0.11948759779188561,0.019599998284005892,0.012737064754031531,0.011650822378108678,0.06618116611257162,0.07556475309333588
quality_linear,0.0,1e+24,power,4096,mixture,0.8047071577351047,dirichlet_a20_19,dirichlet_around_p0|topQ,in,True,True,39.75209302101873,3624.5942071186296,1.0,0.43829657372764846,1.0,1.0,1.9161424868570553,4815480483.878452,275892953212.8094,0.0,0.0,False,False,False,True,35185,8.645112365089524e+23,1.1803460082468896e+23,1.7454162666358653e+22,1e+24,0.0,0.8645112365089523,0.11803460082468896,0.017454162666358655,0.0,3624594207118.6294,dirichlet_a20_19,0.43829657372764846,False,False,N_above_support;D_above_support;Q_above_A_supported,upper_bound,0.12725546748977906,0.04967201114118213,0.0003141777653633049,0.05601973705114616,0.033517558987981394,0.00018459431506036742,0.09188128337370738,8.910657060262394e-05,0.30137023601809015,2.4921988098818152e-08,0.03467398948322252,0.1731232213893753,0.005107366341015014,3.465640148608479e-07,0.015259549326868222,0.07072157430785242,0.04080975495275117
quality_linear,0.0,1e+24,power,8192,fixed_ref,0.8047071577351047,reference_p0,first_question_reference,in,True,True,37.72593394540078,3412.793179369246,1.0,0.41663254110330095,1.0,1.0,1.9200853111210283,4849345275.903549,293015119124.4529,134217728.0,1.3421772800000001e-16,False,False,False,True,35185,7.72504860325191e+23,2.1094532719279882e+23,1.6549812482010107e+22,9.999999999999998e+23,134217728.0,0.7725048603251911,0.21094532719279882,0.016549812482010106,1.3421772800000001e-16,3412793179369.246,reference_p0,0.41663254110330095,False,False,N_above_support;D_above_support;Q_above_A_supported,upper_bound,0.11302252583269279,0.0968248321520278,0.00588968021709595,0.11375419105058357,0.07507775607983627,0.0254628540970504,0.11070066007050916,0.005487697351193036,0.09943242344413017,0.002211033043406226,0.04691494424753537,0.11948759779188561,0.019599998284005892,0.012737064754031531,0.011650822378108678,0.06618116611257162,0.07556475309333588
quality_linear,0.0,1e+24,power,8192,mixture,0.8047071577351047,dirichlet_a20_19,dirichlet_around_p0|topQ,in,True,True,37.72593394540078,3413.187653519162,1.0,0.43829657372764846,1.0,1.0,1.920081194566145,4815480483.878452,292981254332.4278,268435456.0,2.6843545600000003e-16,False,False,False,True,35185,7.725941517595282e+23,2.109697097071352e+23,1.643613853333641e+22,9.999999999999997e+23,268435456.0,0.7725941517595282,0.2109697097071352,0.016436138533336413,2.6843545600000003e-16,3413187653519.1616,dirichlet_a20_19,0.43829657372764846,False,False,N_above_support;D_above_support;Q_above_A_supported,upper_bound,0.12725546748977906,0.04967201114118213,0.0003141777653633049,0.05601973705114616,0.033517558987981394,0.00018459431506036742,0.09188128337370738,8.910657060262394e-05,0.30137023601809015,2.4921988098818152e-08,0.03467398948322252,0.1731232213893753,0.005107366341015014,3.465640148608479e-07,0.015259549326868222,0.07072157430785242,0.04080975495275117
quality_linear,0.0,1e+24,power,32768,fixed_ref,0.8047071577351047,reference_p0,first_question_reference,in,True,True,30.007282483100177,2620.8969531337625,1.0,0.41663254110330095,1.0,1.0,1.9381831316850204,4849345275.903549,381548766655.74994,0.0,0.0,False,False,False,True,35185,4.718759713906883e+23,5.154143943510025e+23,1.2709634258309218e+22,1e+24,0.0,0.47187597139068826,0.5154143943510024,0.012709634258309219,0.0,2620896953133.7627,reference_p0,0.41663254110330095,False,False,N_above_support;D_above_support;Q_above_A_supported,upper_bound,0.11302252583269279,0.0968248321520278,0.00588968021709595,0.11375419105058357,0.07507775607983627,0.0254628540970504,0.11070066007050916,0.005487697351193036,0.09943242344413017,0.002211033043406226,0.04691494424753537,0.11948759779188561,0.019599998284005892,0.012737064754031531,0.011650822378108678,0.06618116611257162,0.07556475309333588
quality_linear,0.0,1e+24,power,32768,mixture,0.8047071577351047,dirichlet_a20_19,dirichlet_around_p0|topQ,in,True,True,30.007282483100177,2621.129594453416,1.0,0.43829657372764846,1.0,1.0,1.9381797279125226,4815480483.878452,381514901863.72485,0.0,0.0,False,False,False,True,35185,4.719178569934648e+23,5.154601445987285e+23,1.2621998407806668e+22,1e+24,0.0,0.4719178569934648,0.5154601445987286,0.012621998407806667,0.0,2621129594453.416,dirichlet_a20_19,0.43829657372764846,False,False,N_above_support;D_above_support;Q_above_A_supported,upper_bound,0.12725546748977906,0.04967201114118213,0.0003141777653633049,0.05601973705114616,0.033517558987981394,0.00018459431506036742,0.09188128337370738,8.910657060262394e-05,0.30137023601809015,2.4921988098818152e-08,0.03467398948322252,0.1731232213893753,0.005107366341015014,3.465640148608479e-07,0.015259549326868222,0.07072157430785242,0.04080975495275117
quality_linear,0.0,1e+24,power,131072,fixed_ref,0.8047071577351047,reference_p0,first_question_reference,in,True,True,19.4900670566069,1580.50251269196,1.0,0.41663254110330095,1.0,1.0,1.9766169459038456,4849345275.903549,632710161464.2609,0.0,0.0,False,False,False,True,35185,1.8482459973301198e+23,8.075109978735116e+23,7.664402393476445e+21,1e+24,0.0,0.184824599733012,0.8075109978735115,0.007664402393476445,0.0,1580502512691.96,reference_p0,0.41663254110330095,False,False,N_above_support;D_above_support;Q_above_A_supported,upper_bound,0.11302252583269279,0.0968248321520278,0.00588968021709595,0.11375419105058357,0.07507775607983627,0.0254628540970504,0.11070066007050916,0.005487697351193036,0.09943242344413017,0.002211033043406226,0.04691494424753537,0.11948759779188561,0.019599998284005892,0.012737064754031531,0.011650822378108678,0.06618116611257162,0.07556475309333588
quality_linear,0.0,1e+24,power,131072,mixture,0.8047071577351047,dirichlet_a20_19,dirichlet_around_p0|topQ,in,True,True,19.4900670566069,1580.5871110705764,1.0,0.43829657372764846,1.0,1.0,1.9766145811996512,4815480483.878452,632676296672.2357,-134217728.0,-1.3421772800000001e-16,False,False,False,True,35185,1.848344927014447e+23,8.075542209121252e+23,7.611286386430185e+21,1.0000000000000001e+24,-134217728.0,0.1848344927014447,0.8075542209121253,0.007611286386430185,-1.3421772800000001e-16,1580587111070.5764,dirichlet_a20_19,0.43829657372764846,False,False,N_above_support;D_above_support;Q_above_A_supported,upper_bound,0.12725546748977906,0.04967201114118213,0.0003141777653633049,0.05601973705114616,0.033517558987981394,0.00018459431506036742,0.09188128337370738,8.910657060262394e-05,0.30137023601809015,2.4921988098818152e-08,0.03467398948322252,0.1731232213893753,0.005107366341015014,3.465640148608479e-07,0.015259549326868222,0.07072157430785242,0.04080975495275117
quality_linear,0.0,1e+24,logarithmic,2048,fixed_ref,0.8047071577351047,reference_p0,first_question_reference,in,True,True,40.322427216491384,3846.714628124383,1.0,0.41663254110330095,1.0,1.0,1.9135877364974414,1511467178.4002495,259962096665.22345,0.0,0.0,False,False,False,True,35185,9.30653223690949e+23,6.3532593403968795e+22,5.814182905082127e+21,1e+24,0.0,0.930653223690949,0.0635325934039688,0.005814182905082127,0.0,3846714628124.3833,reference_p0,0.41663254110330095,False,False,N_above_support;D_above_support;Q_above_A_supported,upper_bound,0.11302252583269279,0.0968248321520278,0.00588968021709595,0.11375419105058357,0.07507775607983627,0.0254628540970504,0.11070066007050916,0.005487697351193036,0.09943242344413017,0.002211033043406226,0.04691494424753537,0.11948759779188561,0.019599998284005892,0.012737064754031531,0.011650822378108678,0.06618116611257162,0.07556475309333588
quality_linear,0.0,1e+24,logarithmic,2048,mixture,0.8047071577351047,dirichlet_a20_19,dirichlet_around_p0|topQ,in,True,True,40.30262497227182,3849.8109204553757,1.0,0.43829657372764846,1.0,1.0,1.913576848918821,1429311596.453055,259753016618.72653,0.0,0.0,False,False,False,True,35185,9.309449144476175e+23,6.355250615962402e+22,5.502579392758477e+21,1e+24,0.0,0.9309449144476175,0.06355250615962402,0.005502579392758477,0.0,3849810920455.3755,dirichlet_a20_19,0.43829657372764846,False,False,N_above_support;D_above_support;Q_above_A_supported,upper_bound,0.12725546748977906,0.04967201114118213,0.0003141777653633049,0.05601973705114616,0.033517558987981394,0.00018459431506036742,0.09188128337370738,8.910657060262394e-05,0.30137023601809015,2.4921988098818152e-08,0.03467398948322252,0.1731232213893753,0.005107366341015014,3.465640148608479e-07,0.015259549326868222,0.07072157430785242,0.04080975495275117
quality_linear,0.0,1e+24,logarithmic,4096,fixed_ref,0.8047071577351047,reference_p0,first_question_reference,in,True,True,39.20908131018585,3719.0477447066605,1.0,0.41663254110330095,1.0,1.0,1.915719160482562,1511467178.4002495,268886034448.8196,0.0,0.0,False,False,False,True,35185,8.749226725120007e+23,1.1945610888697183e+23,5.621218601027588e+21,1e+24,0.0,0.8749226725120007,0.11945610888697183,0.005621218601027588,0.0,3719047744706.6606,reference_p0,0.41663254110330095,False,False,N_above_support;D_above_support;Q_above_A_supported,upper_bound,0.11302252583269279,0.0968248321520278,0.00588968021709595,0.11375419105058357,0.07507775607983627,0.0254628540970504,0.11070066007050916,0.005487697351193036,0.09943242344413017,0.002211033043406226,0.04691494424753537,0.11948759779188561,0.019599998284005892,0.012737064754031531,0.011650822378108678,0.06618116611257162,0.07556475309333588
quality_linear,0.0,1e+24,logarithmic,4096,mixture,0.8047071577351047,dirichlet_a20_19,dirichlet_around_p0|topQ,in,True,True,39.18982582738567,3722.0025587576342,1.0,0.43829657372764846,1.0,1.0,1.9157085324100362,1429311596.453055,268672571878.5614,134217728.0,1.3421772800000001e-16,False,False,False,True,35185,8.751877920407728e+23,1.1949230653996685e+23,5.31990141926023e+21,9.999999999999998e+23,134217728.0,0.8751877920407728,0.11949230653996686,0.00531990141926023,1.3421772800000001e-16,3722002558757.6343,dirichlet_a20_19,0.43829657372764846,False,False,N_above_support;D_above_support;Q_above_A_supported,upper_bound,0.12725546748977906,0.04967201114118213,0.0003141777653633049,0.05601973705114616,0.033517558987981394,0.00018459431506036742,0.09188128337370738,8.910657060262394e-05,0.30137023601809015,2.4921988098818152e-08,0.03467398948322252,0.1731232213893753,0.005107366341015014,3.465640148608479e-07,0.015259549326868222,0.07072157430785242,0.04080975495275117
quality_linear,0.0,1e+24,logarithmic,8192,fixed_ref,0.8047071577351047,reference_p0,first_question_reference,in,True,True,37.228882483782755,3497.964286230427,1.0,0.41663254110330095,1.0,1.0,1.9196759830034493,1511467178.4002495,285880563142.5264,0.0,0.0,False,False,False,True,35185,7.813518080672495e+23,2.1336113372289698e+23,5.287058209853547e+21,1e+24,0.0,0.7813518080672495,0.21336113372289697,0.005287058209853547,0.0,3497964286230.4272,reference_p0,0.41663254110330095,False,False,N_above_support;D_above_support;Q_above_A_supported,upper_bound,0.11302252583269279,0.0968248321520278,0.00588968021709595,0.11375419105058357,0.07507775607983627,0.0254628540970504,0.11070066007050916,0.005487697351193036,0.09943242344413017,0.002211033043406226,0.04691494424753537,0.11948759779188561,0.019599998284005892,0.012737064754031531,0.011650822378108678,0.06618116611257162,0.07556475309333588
quality_linear,0.0,1e+24,logarithmic,8192,mixture,0.8047071577351047,dirichlet_a20_19,dirichlet_around_p0|topQ,in,True,True,37.210599471725786,3500.680388373813,1.0,0.43829657372764846,1.0,1.0,1.9196658161393667,1429311596.453055,285658754601.28326,-134217728.0,-1.3421772800000001e-16,False,False,False,True,35185,7.815744948618205e+23,2.1342194206360113e+23,5.003563074578475e+21,1.0000000000000001e+24,-134217728.0,0.7815744948618205,0.21342194206360113,0.005003563074578475,-1.3421772800000001e-16,3500680388373.813,dirichlet_a20_19,0.43829657372764846,False,False,N_above_support;D_above_support;Q_above_A_supported,upper_bound,0.12725546748977906,0.04967201114118213,0.0003141777653633049,0.05601973705114616,0.033517558987981394,0.00018459431506036742,0.09188128337370738,8.910657060262394e-05,0.30137023601809015,2.4921988098818152e-08,0.03467398948322252,0.1731232213893753,0.005107366341015014,3.465640148608479e-07,0.015259549326868222,0.07072157430785242,0.04080975495275117
quality_linear,0.0,1e+24,logarithmic,32768,fixed_ref,0.8047071577351047,reference_p0,first_question_reference,in,True,True,29.69933100359089,2671.332673723647,1.0,0.41663254110330095,1.0,1.0,1.9378453784718424,1511467178.4002495,374344988865.07886,0.0,0.0,False,False,False,True,35185,4.760207597857563e+23,5.199416085553221e+23,4.037631658921475e+21,1e+24,0.0,0.4760207597857563,0.5199416085553221,0.004037631658921475,0.0,2671332673723.647,reference_p0,0.41663254110330095,False,False,N_above_support;D_above_support;Q_above_A_supported,upper_bound,0.11302252583269279,0.0968248321520278,0.00588968021709595,0.11375419105058357,0.07507775607983627,0.0254628540970504,0.11070066007050916,0.005487697351193036,0.09943242344413017,0.002211033043406226,0.04691494424753537,0.11948759779188561,0.019599998284005892,0.012737064754031531,0.011650822378108678,0.06618116611257162,0.07556475309333588
quality_linear,0.0,1e+24,logarithmic,32768,mixture,0.8047071577351047,dirichlet_a20_19,dirichlet_around_p0|topQ,in,True,True,29.69933100359089,2671.9190661486155,1.0,0.43829657372764846,1.0,1.0,1.937837006440978,1429311596.453055,374262833283.13165,0.0,0.0,False,False,False,True,35185,4.761252525621191e+23,5.2005574253185065e+23,3.819004906030233e+21,1e+24,0.0,0.47612525256211913,0.5200557425318506,0.003819004906030233,0.0,2671919066148.615,dirichlet_a20_19,0.43829657372764846,False,False,N_above_support;D_above_support;Q_above_A_supported,upper_bound,0.12725546748977906,0.04967201114118213,0.0003141777653633049,0.05601973705114616,0.033517558987981394,0.00018459431506036742,0.09188128337370738,8.910657060262394e-05,0.30137023601809015,2.4921988098818152e-08,0.03467398948322252,0.1731232213893753,0.005107366341015014,3.465640148608479e-07,0.015259549326868222,0.07072157430785242,0.04080975495275117
quality_linear,0.0,1e+24,logarithmic,131072,fixed_ref,0.8047071577351047,reference_p0,first_question_reference,in,True,True,19.375518501328656,1598.25554782952,1.0,0.41663254110330095,1.0,1.0,1.976382940542712,1511467178.4002495,625682170387.602,0.0,0.0,False,False,False,True,35185,1.8580217962093222e+23,8.117821095758275e+23,2.41571080324043e+21,1e+24,0.0,0.18580217962093223,0.8117821095758275,0.00241571080324043,0.0,1598255547829.52,reference_p0,0.41663254110330095,False,False,N_above_support;D_above_support;Q_above_A_supported,upper_bound,0.11302252583269279,0.0968248321520278,0.00588968021709595,0.11375419105058357,0.07507775607983627,0.0254628540970504,0.11070066007050916,0.005487697351193036,0.09943242344413017,0.002211033043406226,0.04691494424753537,0.11948759779188561,0.019599998284005892,0.012737064754031531,0.011650822378108678,0.06618116611257162,0.07556475309333588
quality_linear,0.0,1e+24,logarithmic,131072,mixture,0.8047071577351047,dirichlet_a20_19,dirichlet_around_p0|topQ,in,True,True,19.375518501328656,1598.4654353159726,1.0,0.43829657372764846,1.0,1.0,1.9763771573058238,1429311596.453055,625600014805.6548,-268435456.0,-2.6843545600000003e-16,False,False,False,True,35185,1.8582657969419393e+23,8.118887151225797e+23,2.2847051832265002e+21,1.0000000000000003e+24,-268435456.0,0.18582657969419394,0.8118887151225798,0.0022847051832265,-2.6843545600000003e-16,1598465435315.9727,dirichlet_a20_19,0.43829657372764846,False,False,N_above_support;D_above_support;Q_above_A_supported,upper_bound,0.12725546748977906,0.04967201114118213,0.0003141777653633049,0.05601973705114616,0.033517558987981394,0.00018459431506036742,0.09188128337370738,8.910657060262394e-05,0.30137023601809015,2.4921988098818152e-08,0.03467398948322252,0.1731232213893753,0.005107366341015014,3.465640148608479e-07,0.015259549326868222,0.07072157430785242,0.04080975495275117
quality_linear,0.5,1e+19,exponential,2048,fixed_ref,0.8047071577351047,dirichlet_a20_19,dirichlet_around_p0|topQ,in,True,True,0.7653146026480584,1.725994575517714,0.7692198332604658,0.41663254110330095,12.565289070600741,12.565289070600741,2.633655943569734,888400489.3523649,5793760966.48536,0.0,0.0,False,False,False,False,35185,7.925573116410263e+18,5.410524580802738e+17,1.5333744255094646e+18,1e+19,0.0,0.7925573116410263,0.05410524580802738,0.15333744255094645,0.0,1725994575.517714,dirichlet_a20_19,0.43829657372764846,True,True,Q_above_A_supported,interior,0.12725546748977906,0.04967201114118213,0.0003141777653633049,0.05601973705114616,0.033517558987981394,0.00018459431506036742,0.09188128337370738,8.910657060262394e-05,0.30137023601809015,2.4921988098818152e-08,0.03467398948322252,0.1731232213893753,0.005107366341015014,3.465640148608479e-07,0.015259549326868222,0.07072157430785242,0.04080975495275117
quality_linear,0.5,1e+19,exponential,2048,mixture,0.8047071577351047,dirichlet_a20_19,dirichlet_around_p0|topQ,in,True,True,0.7619386428126521,1.7395193947075682,0.7681438043928072,0.43829657372764846,12.565289070600741,12.565289070600741,2.6332003764826943,864992363.8279536,5748714288.799929,0.0,0.0,False,False,False,False,35185,7.952442280498623e+18,5.4288672634870605e+17,1.5046709931526705e+18,1e+19,0.0,0.7952442280498624,0.054288672634870604,0.15046709931526706,0.0,1739519394.7075682,dirichlet_a20_19,0.43829657372764846,True,True,Q_above_A_supported,interior,0.12725546748977906,0.04967201114118213,0.0003141777653633049,0.05601973705114616,0.033517558987981394,0.00018459431506036742,0.09188128337370738,8.910657060262394e-05,0.30137023601809015,2.4921988098818152e-08,0.03467398948322252,0.1731232213893753,0.005107366341015014,3.465640148608479e-07,0.015259549326868222,0.07072157430785242,0.04080975495275117
quality_linear,0.5,1e+19,exponential,4096,fixed_ref,0.8047071577351047,dirichlet_a20_19,dirichlet_around_p0|topQ,in,True,True,0.7456471003614655,1.6658424893984578,0.7740734505184863,0.41663254110330095,12.565289070600741,12.565289070600741,2.641856609134538,918251799.3258003,6002968506.110706,0.0,0.0,False,False,False,False,35185,7.452783731273313e+18,1.0175534054431831e+18,1.529662863283504e+18,1e+19,0.0,0.7452783731273314,0.10175534054431831,0.1529662863283504,0.0,1665842489.3984578,dirichlet_a20_19,0.43829657372764846,True,True,Q_above_A_supported,interior,0.12725546748977906,0.04967201114118213,0.0003141777653633049,0.05601973705114616,0.033517558987981394,0.00018459431506036742,0.09188128337370738,8.910657060262394e-05,0.30137023601809015,2.4921988098818152e-08,0.03467398948322252,0.1731232213893753,0.005107366341015014,3.465640148608479e-07,0.015259549326868222,0.07072157430785242,0.04080975495275117
quality_linear,0.5,1e+19,exponential,4096,mixture,0.8047071577351047,dirichlet_a20_19,dirichlet_around_p0|topQ,in,True,True,0.7423578979164842,1.6786631753588421,0.7730268795118681,0.43829657372764846,12.565289070600741,12.565289070600741,2.641413163692953,894834228.7295859,5957121206.201675,0.0,0.0,False,False,False,False,35185,7.477013197015204e+18,1.0208615351658092e+18,1.502125267818987e+18,1e+19,0.0,0.7477013197015204,0.10208615351658092,0.1502125267818987,0.0,1678663175.3588421,dirichlet_a20_19,0.43829657372764846,True,True,Q_above_A_supported,interior,0.12725546748977906,0.04967201114118213,0.0003141777653633049,0.05601973705114616,0.033517558987981394,0.00018459431506036742,0.09188128337370738,8.910657060262394e-05,0.30137023601809015,2.4921988098818152e-08,0.03467398948322252,0.1731232213893753,0.005107366341015014,3.465640148608479e-07,0.015259549326868222,0.07072157430785242,0.04080975495275117
quality_linear,0.5,1e+19,exponential,8192,fixed_ref,0.8047071577351047,dirichlet_a20_19,dirichlet_around_p0|topQ,in,True,True,0.7107769464622671,1.561405155334715,0.7829717488248573,0.41663254110330095,12.565289070600741,12.565289070600741,2.657065998560811,975289000.3753581,6404487628.2327385,-2048.0,-2.048e-16,False,False,False,False,35185,6.658864730995504e+18,1.818313995877172e+18,1.5228212731273252e+18,1.0000000000000002e+19,-2048.0,0.6658864730995504,0.18183139958771719,0.15228212731273252,-2.048e-16,1561405155.3347151,dirichlet_a20_19,0.43829657372764846,True,True,Q_above_A_supported,interior,0.12725546748977906,0.04967201114118213,0.0003141777653633049,0.05601973705114616,0.033517558987981394,0.00018459431506036742,0.09188128337370738,8.910657060262394e-05,0.30137023601809015,2.4921988098818152e-08,0.03467398948322252,0.1731232213893753,0.005107366341015014,3.465640148608479e-07,0.015259549326868222,0.07072157430785242,0.04080975495275117
quality_linear,0.5,1e+19,exponential,8192,mixture,0.8047071577351047,dirichlet_a20_19,dirichlet_around_p0|topQ,in,True,True,0.7076415634251647,1.5731047657705213,0.7819392405420561,0.43829657372764846,12.565289070600741,12.565289070600741,2.656643872139241,951606383.8494949,6356855701.916273,-2048.0,-2.048e-16,False,False,False,False,35185,6.679165895288575e+18,1.8238575671401334e+18,1.4969765375712924e+18,1.0000000000000002e+19,-2048.0,0.6679165895288575,0.18238575671401333,0.14969765375712923,-2.048e-16,1573104765.7705212,dirichlet_a20_19,0.43829657372764846,True,True,Q_above_A_supported,interior,0.12725546748977906,0.04967201114118213,0.0003141777653633049,0.05601973705114616,0.033517558987981394,0.00018459431506036742,0.09188128337370738,8.910657060262394e-05,0.30137023601809015,2.4921988098818152e-08,0.03467398948322252,0.1731232213893753,0.005107366341015014,3.465640148608479e-07,0.015259549326868222,0.07072157430785242,0.04080975495275117
quality_linear,0.5,1e+19,exponential,32768,fixed_ref,0.8047071577351047,dirichlet_a20_19,dirichlet_around_p0|topQ,in,True,True,0.5751573402079794,1.1788260553142758,0.8217540174923098,0.41663254110330095,12.565289070600741,12.565289070600741,2.726687941144956,1262720569.2743137,8483015755.309203,2048.0,2.048e-16,False,False,False,False,35185,4.068062751254539e+18,4.443409341103624e+18,1.4885279076418358e+18,9.999999999999998e+18,2048.0,0.40680627512545386,0.4443409341103624,0.1488527907641836,2.048e-16,1178826055.3142757,dirichlet_a20_19,0.43829657372764846,True,True,Q_above_A_supported,interior,0.12725546748977906,0.04967201114118213,0.0003141777653633049,0.05601973705114616,0.033517558987981394,0.00018459431506036742,0.09188128337370738,8.910657060262394e-05,0.30137023601809015,2.4921988098818152e-08,0.03467398948322252,0.1731232213893753,0.005107366341015014,3.465640148608479e-07,0.015259549326868222,0.07072157430785242,0.04080975495275117
quality_linear,0.5,1e+19,exponential,32768,mixture,0.8047071577351047,dirichlet_a20_19,dirichlet_around_p0|topQ,in,True,True,0.5734646694863956,1.1849900386846597,0.8210337990106118,0.43829657372764846,12.565289070600741,12.565289070600741,2.7263472034880207,1239843429.3039162,8438889504.168331,-2048.0,-2.048e-16,False,False,False,False,35185,4.077299525273817e+18,4.453498361472415e+18,1.469202113253769e+18,1.0000000000000002e+19,-2048.0,0.4077299525273817,0.4453498361472415,0.1469202113253769,-2.048e-16,1184990038.6846597,dirichlet_a20_19,0.43829657372764846,True,True,Q_above_A_supported,interior,0.12725546748977906,0.04967201114118213,0.0003141777653633049,0.05601973705114616,0.033517558987981394,0.00018459431506036742,0.09188128337370738,8.910657060262394e-05,0.30137023601809015,2.4921988098818152e-08,0.03467398948322252,0.1731232213893753,0.005107366341015014,3.465640148608479e-07,0.015259549326868222,0.07072157430785242,0.04080975495275117
quality_linear,0.5,1e+19,exponential,131072,fixed_ref,0.8047071577351047,dirichlet_a20_19,dirichlet_around_p0|topQ,in,True,True,0.38389577575772255,0.6943596610058026,0.8956161160214173,0.41663254110330095,12.565289070600741,12.565289070600741,2.873405374024268,2034786205.4797494,14401758284.049326,0.0,0.0,False,False,False,False,35185,1.599370444300151e+18,6.987756095843647e+18,1.4128734598562022e+18,1e+19,0.0,0.1599370444300151,0.6987756095843648,0.14128734598562023,0.0,694359661.0058026,dirichlet_a20_19,0.43829657372764846,True,True,Q_above_A_supported,interior,0.12725546748977906,0.04967201114118213,0.0003141777653633049,0.05601973705114616,0.033517558987981394,0.00018459431506036742,0.09188128337370738,8.910657060262394e-05,0.30137023601809015,2.4921988098818152e-08,0.03467398948322252,0.1731232213893753,0.005107366341015014,3.465640148608479e-07,0.015259549326868222,0.07072157430785242,0.04080975495275117
quality_linear,0.5,1e+19,exponential,131072,mixture,0.8047071577351047,dirichlet_a20_19,dirichlet_around_p0|topQ,in,True,True,0.3831422100345774,0.6966345352001593,0.8951636725205284,0.43829657372764846,12.565289070600741,12.565289070600741,2.8731772418968826,2012032639.5344179,14354729050.472307,0.0,0.0,False,False,False,False,35185,1.6014605724179978e+18,6.996888004932393e+18,1.401651422649609e+18,1e+19,0.0,0.16014605724179978,0.6996888004932393,0.1401651422649609,0.0,696634535.2001593,dirichlet_a20_19,0.43829657372764846,True,True,Q_above_A_supported,interior,0.12725546748977906,0.04967201114118213,0.0003141777653633049,0.05601973705114616,0.033517558987981394,0.00018459431506036742,0.09188128337370738,8.910657060262394e-05,0.30137023601809015,2.4921988098818152e-08,0.03467398948322252,0.1731232213893753,0.005107366341015014,3.465640148608479e-07,0.015259549326868222,0.07072157430785242,0.04080975495275117
quality_linear,0.5,1e+19,power,2048,fixed_ref,0.8047071577351047,dirichlet_a20_19,dirichlet_around_p0|topQ,in,True,True,0.7626875668233886,1.686032665620843,0.6989357218125916,0.41663254110330095,12.565289070600741,12.565289070600741,2.6499805268803684,1042560961.1818944,5931083189.493086,0.0,0.0,False,False,False,False,35185,7.715496907962677e+18,5.267112555835854e+17,1.7577918364537377e+18,1e+19,0.0,0.7715496907962677,0.05267112555835854,0.17577918364537376,0.0,1686032665.6208432,dirichlet_a20_19,0.43829657372764846,True,True,Q_above_A_supported,interior,0.12725546748977906,0.04967201114118213,0.0003141777653633049,0.05601973705114616,0.033517558987981394,0.00018459431506036742,0.09188128337370738,8.910657060262394e-05,0.30137023601809015,2.4921988098818152e-08,0.03467398948322252,0.1731232213893753,0.005107366341015014,3.465640148608479e-07,0.015259549326868222,0.07072157430785242,0.04080975495275117
quality_linear,0.5,1e+19,power,2048,mixture,0.8047071577351047,dirichlet_a20_19,dirichlet_around_p0|topQ,in,True,True,0.7548604413667972,1.716485682336031,0.6958113818469622,0.43829657372764846,12.565289070600741,12.565289070600741,2.6490599021504453,987503440.5392857,5825856925.52391,2048.0,2.048e-16,False,False,False,False,35185,7.774242838607786e+18,5.307216444489583e+17,1.695035516943254e+18,9.999999999999998e+18,2048.0,0.7774242838607786,0.05307216444489583,0.1695035516943254,2.048e-16,1716485682.336031,dirichlet_a20_19,0.43829657372764846,True,True,Q_above_A_supported,interior,0.12725546748977906,0.04967201114118213,0.0003141777653633049,0.05601973705114616,0.033517558987981394,0.00018459431506036742,0.09188128337370738,8.910657060262394e-05,0.30137023601809015,2.4921988098818152e-08,0.03467398948322252,0.1731232213893753,0.005107366341015014,3.465640148608479e-07,0.015259549326868222,0.07072157430785242,0.04080975495275117
quality_linear,0.5,1e+19,power,4096,fixed_ref,0.8047071577351047,dirichlet_a20_19,dirichlet_around_p0|topQ,in,True,True,0.745280914915741,1.6198196978017567,0.7059672442504932,0.41663254110330095,12.565289070600741,12.565289070600741,2.6581866972794277,1091306990.2027698,6173526605.196192,2048.0,2.048e-16,False,False,False,False,35185,7.243324238257393e+18,9.889552026634094e+17,1.7677205590791951e+18,9.999999999999998e+18,2048.0,0.7243324238257393,0.09889552026634094,0.1767720559079195,2.048e-16,1619819697.8017566,dirichlet_a20_19,0.43829657372764846,True,True,Q_above_A_supported,interior,0.12725546748977906,0.04967201114118213,0.0003141777653633049,0.05601973705114616,0.033517558987981394,0.00018459431506036742,0.09188128337370738,8.910657060262394e-05,0.30137023601809015,2.4921988098818152e-08,0.03467398948322252,0.1731232213893753,0.005107366341015014,3.465640148608479e-07,0.015259549326868222,0.07072157430785242,0.04080975495275117
quality_linear,0.5,1e+19,power,4096,mixture,0.8047071577351047,dirichlet_a20_19,dirichlet_around_p0|topQ,in,True,True,0.7379948536817624,1.647738628214457,0.7029562494291465,0.43829657372764846,12.565289070600741,12.565289070600741,2.6572946656871643,1036389186.3836772,6068923692.6103525,0.0,0.0,False,False,False,False,35185,7.296135767009498e+18,9.961657367223634e+17,1.7076984962681375e+18,1e+19,0.0,0.7296135767009498,0.09961657367223634,0.17076984962681374,0.0,1647738628.214457,dirichlet_a20_19,0.43829657372764846,True,True,Q_above_A_supported,interior,0.12725546748977906,0.04967201114118213,0.0003141777653633049,0.05601973705114616,0.033517558987981394,0.00018459431506036742,0.09188128337370738,8.910657060262394e-05,0.30137023601809015,2.4921988098818152e-08,0.03467398948322252,0.1731232213893753,0.005107366341015014,3.465640148608479e-07,0.015259549326868222,0.07072157430785242,0.04080975495275117
quality_linear,0.5,1e+19,power,8192,fixed_ref,0.8047071577351047,dirichlet_a20_19,dirichlet_around_p0|topQ,in,True,True,0.7146279532856085,1.5049606643645956,0.7190657882609203,0.41663254110330095,12.565289070600741,12.565289070600741,2.6733824251333145,1186077783.9352465,6644691942.312037,0.0,0.0,False,False,False,False,35185,6.452921756101323e+18,1.7620778341994012e+18,1.7850004096992758e+18,1e+19,0.0,0.6452921756101323,0.17620778341994012,0.17850004096992758,0.0,1504960664.3645957,dirichlet_a20_19,0.43829657372764846,True,True,Q_above_A_supported,interior,0.12725546748977906,0.04967201114118213,0.0003141777653633049,0.05601973705114616,0.033517558987981394,0.00018459431506036742,0.09188128337370738,8.910657060262394e-05,0.30137023601809015,2.4921988098818152e-08,0.03467398948322252,0.1731232213893753,0.005107366341015014,3.465640148608479e-07,0.015259549326868222,0.07072157430785242,0.04080975495275117
quality_linear,0.5,1e+19,power,8192,mixture,0.8047071577351047,dirichlet_a20_19,dirichlet_around_p0|topQ,in,True,True,0.7079892551963212,1.5293310282741726,0.7161824927731062,0.43829657372764846,12.565289070600741,12.565289070600741,2.6725402506204876,1130901589.9804711,6538806716.872051,0.0,0.0,False,False,False,False,35185,6.496499613938732e+18,1.7739774945795364e+18,1.7295228914817306e+18,1e+19,0.0,0.6496499613938732,0.17739774945795364,0.17295228914817307,0.0,1529331028.2741725,dirichlet_a20_19,0.43829657372764846,True,True,Q_above_A_supported,interior,0.12725546748977906,0.04967201114118213,0.0003141777653633049,0.05601973705114616,0.033517558987981394,0.00018459431506036742,0.09188128337370738,8.910657060262394e-05,0.30137023601809015,2.4921988098818152e-08,0.03467398948322252,0.1731232213893753,0.005107366341015014,3.465640148608479e-07,0.015259549326868222,0.07072157430785242,0.04080975495275117
quality_linear,0.5,1e+19,power,32768,fixed_ref,0.8047071577351047,dirichlet_a20_19,dirichlet_around_p0|topQ,in,True,True,0.5929435283396179,1.0953448546802944,0.7785070432061013,0.41663254110330095,12.565289070600741,12.565289070600741,2.7425740933287654,1685968993.6150274,9129544870.979256,0.0,0.0,False,False,False,False,35185,3.8968658572966794e+18,4.2564166803965865e+18,1.8467174623067346e+18,1e+19,0.0,0.38968658572966797,0.42564166803965864,0.18467174623067345,0.0,1095344854.6802945,dirichlet_a20_19,0.43829657372764846,True,True,Q_above_A_supported,interior,0.12725546748977906,0.04967201114118213,0.0003141777653633049,0.05601973705114616,0.033517558987981394,0.00018459431506036742,0.09188128337370738,8.910657060262394e-05,0.30137023601809015,2.4921988098818152e-08,0.03467398948322252,0.1731232213893753,0.005107366341015014,3.465640148608479e-07,0.015259549326868222,0.07072157430785242,0.04080975495275117
quality_linear,0.5,1e+19,power,32768,mixture,0.8047071577351047,dirichlet_a20_19,dirichlet_around_p0|topQ,in,True,True,0.5888798128022633,1.1082427215816584,0.776232333731129,0.43829657372764846,12.565289070600741,12.565289070600741,2.7419171412616654,1630732472.0656998,9023294090.060192,0.0,0.0,False,False,False,False,35185,3.915730598546866e+18,4.2770220084394573e+18,1.8072473930136768e+18,1e+19,0.0,0.3915730598546866,0.4277022008439457,0.18072473930136768,0.0,1108242721.5816584,dirichlet_a20_19,0.43829657372764846,True,True,Q_above_A_supported,interior,0.12725546748977906,0.04967201114118213,0.0003141777653633049,0.05601973705114616,0.033517558987981394,0.00018459431506036742,0.09188128337370738,8.910657060262394e-05,0.30137023601809015,2.4921988098818152e-08,0.03467398948322252,0.1731232213893753,0.005107366341015014,3.465640148608479e-07,0.015259549326868222,0.07072157430785242,0.04080975495275117
quality_linear,0.5,1e+19,power,131072,fixed_ref,0.8047071577351047,dirichlet_a20_19,dirichlet_around_p0|topQ,in,True,True,0.41304750199016105,0.6072190284706601,0.9022276138889133,0.41663254110330095,12.565289070600741,12.565289070600741,2.8866883882025913,3162444668.5055633,16468522116.617407,-2048.0,-2.048e-16,False,False,False,False,35185,1.5048618172241917e+18,6.574841603573643e+18,1.9202965792021668e+18,1.0000000000000002e+19,-2048.0,0.15048618172241918,0.6574841603573643,0.19202965792021667,-2.048e-16,607219028.4706601,dirichlet_a20_19,0.43829657372764846,True,True,Q_above_A_supported,interior,0.12725546748977906,0.04967201114118213,0.0003141777653633049,0.05601973705114616,0.033517558987981394,0.00018459431506036742,0.09188128337370738,8.910657060262394e-05,0.30137023601809015,2.4921988098818152e-08,0.03467398948322252,0.1731232213893753,0.005107366341015014,3.465640148608479e-07,0.015259549326868222,0.07072157430785242,0.04080975495275117
quality_linear,0.5,1e+19,power,131072,mixture,0.8047071577351047,dirichlet_a20_19,dirichlet_around_p0|topQ,in,True,True,0.4116296660031529,0.6109155089244485,0.9008556005734214,0.43829657372764846,12.565289070600741,12.565289070600741,2.886273736927755,3108472940.387707,16368875652.879675,-2048.0,-2.048e-16,False,False,False,False,35185,1.5088256813683016e+18,6.592159990276867e+18,1.899014328354833e+18,1.0000000000000002e+19,-2048.0,0.15088256813683015,0.6592159990276867,0.1899014328354833,-2.048e-16,610915508.9244485,dirichlet_a20_19,0.43829657372764846,True,True,Q_above_A_supported,interior,0.12725546748977906,0.04967201114118213,0.0003141777653633049,0.05601973705114616,0.033517558987981394,0.00018459431506036742,0.09188128337370738,8.910657060262394e-05,0.30137023601809015,2.4921988098818152e-08,0.03467398948322252,0.1731232213893753,0.005107366341015014,3.465640148608479e-07,0.015259549326868222,0.07072157430785242,0.04080975495275117
quality_linear,0.5,1e+19,logarithmic,2048,fixed_ref,0.8047071577351047,dirichlet_a20_19,dirichlet_around_p0|topQ,in,True,True,0.907541861754907,1.3645454929075105,1.0,0.41663254110330095,12.565289070600741,12.565289070600741,2.615552673781248,1511467178.4002495,7328447495.504501,0.0,0.0,False,False,False,True,35185,7.430292942495295e+18,5.072413315410122e+17,2.0624657259636925e+18,1e+19,0.0,0.7430292942495296,0.05072413315410122,0.20624657259636925,0.0,1364545492.9075105,dirichlet_a20_19,0.43829657372764846,True,True,Q_above_A_supported,upper_bound,0.12725546748977906,0.04967201114118213,0.0003141777653633049,0.05601973705114616,0.033517558987981394,0.00018459431506036742,0.09188128337370738,8.910657060262394e-05,0.30137023601809015,2.4921988098818152e-08,0.03467398948322252,0.1731232213893753,0.005107366341015014,3.465640148608479e-07,0.015259549326868222,0.07072157430785242,0.04080975495275117
quality_linear,0.5,1e+19,logarithmic,2048,mixture,0.8047071577351047,dirichlet_a20_19,dirichlet_around_p0|topQ,in,True,True,0.8977870430556073,1.3920272476457183,1.0,0.43829657372764846,12.565289070600741,12.565289070600741,2.6137833462025437,1429311596.453055,7183767427.622276,2048.0,2.048e-16,False,False,False,True,35185,7.49846415910011e+18,5.1189515326123424e+17,1.9896406876386537e+18,9.999999999999998e+18,2048.0,0.749846415910011,0.051189515326123425,0.19896406876386538,2.048e-16,1392027247.6457183,dirichlet_a20_19,0.43829657372764846,True,True,Q_above_A_supported,upper_bound,0.12725546748977906,0.04967201114118213,0.0003141777653633049,0.05601973705114616,0.033517558987981394,0.00018459431506036742,0.09188128337370738,8.910657060262394e-05,0.30137023601809015,2.4921988098818152e-08,0.03467398948322252,0.1731232213893753,0.005107366341015014,3.465640148608479e-07,0.015259549326868222,0.07072157430785242,0.04080975495275117
quality_linear,0.5,1e+19,logarithmic,4096,fixed_ref,0.8047071577351047,dirichlet_a20_19,dirichlet_around_p0|topQ,in,True,True,0.8768662068747741,1.3349364645282138,1.0,0.41663254110330095,12.565289070600741,12.565289070600741,2.6233029540989854,1511467178.4002495,7490993216.320709,0.0,0.0,False,False,False,True,35185,7.023364044418057e+18,9.589233041978788e+17,2.017712651384064e+18,1e+19,0.0,0.7023364044418057,0.09589233041978788,0.2017712651384064,0.0,1334936464.5282137,dirichlet_a20_19,0.43829657372764846,True,True,Q_above_A_supported,upper_bound,0.12725546748977906,0.04967201114118213,0.0003141777653633049,0.05601973705114616,0.033517558987981394,0.00018459431506036742,0.09188128337370738,8.910657060262394e-05,0.30137023601809015,2.4921988098818152e-08,0.03467398948322252,0.1731232213893753,0.005107366341015014,3.465640148608479e-07,0.015259549326868222,0.07072157430785242,0.04080975495275117
quality_linear,0.5,1e+19,logarithmic,4096,mixture,0.8047071577351047,dirichlet_a20_19,dirichlet_around_p0|topQ,in,True,True,0.86765418657657,1.3612815274791812,1.0,0.43829657372764846,12.565289070600741,12.565289070600741,2.6215614811607915,1429311596.453055,7346019025.556002,0.0,0.0,False,False,False,True,35185,7.086729698559959e+18,9.675748281767197e+17,1.9456954732633219e+18,1e+19,0.0,0.7086729698559959,0.09675748281767198,0.1945695473263322,0.0,1361281527.4791813,dirichlet_a20_19,0.43829657372764846,True,True,Q_above_A_supported,upper_bound,0.12725546748977906,0.04967201114118213,0.0003141777653633049,0.05601973705114616,0.033517558987981394,0.00018459431506036742,0.09188128337370738,8.910657060262394e-05,0.30137023601809015,2.4921988098818152e-08,0.03467398948322252,0.1731232213893753,0.005107366341015014,3.465640148608479e-07,0.015259549326868222,0.07072157430785242,0.04080975495275117
quality_linear,0.5,1e+19,logarithmic,8192,fixed_ref,0.8047071577351047,dirichlet_a20_19,dirichlet_around_p0|topQ,in,True,True,0.8232277470872489,1.2821153875327593,1.0,0.41663254110330095,12.565289070600741,12.565289070600741,2.6377338233130505,1511467178.4002495,7799610001.751492,0.0,0.0,False,False,False,True,35185,6.332837771906932e+18,1.729286900915386e+18,1.9378753271776822e+18,1e+19,0.0,0.6332837771906932,0.1729286900915386,0.19378753271776822,0.0,1282115387.5327594,dirichlet_a20_19,0.43829657372764846,True,True,Q_above_A_supported,upper_bound,0.12725546748977906,0.04967201114118213,0.0003141777653633049,0.05601973705114616,0.033517558987981394,0.00018459431506036742,0.09188128337370738,8.910657060262394e-05,0.30137023601809015,2.4921988098818152e-08,0.03467398948322252,0.1731232213893753,0.005107366341015014,3.465640148608479e-07,0.015259549326868222,0.07072157430785242,0.04080975495275117
quality_linear,0.5,1e+19,logarithmic,8192,mixture,0.8047071577351047,dirichlet_a20_19,dirichlet_around_p0|topQ,in,True,True,0.8151796572264398,1.3061685301427504,1.0,0.43829657372764846,12.565289070600741,12.565289070600741,2.636042906437284,1429311596.453055,7655979890.211493,0.0,0.0,False,False,False,True,35185,6.388572088090379e+18,1.7445060848545464e+18,1.8669218270550746e+18,1e+19,0.0,0.638857208809038,0.17445060848545466,0.18669218270550744,0.0,1306168530.1427503,dirichlet_a20_19,0.43829657372764846,True,True,Q_above_A_supported,upper_bound,0.12725546748977906,0.04967201114118213,0.0003141777653633049,0.05601973705114616,0.033517558987981394,0.00018459431506036742,0.09188128337370738,8.910657060262394e-05,0.30137023601809015,2.4921988098818152e-08,0.03467398948322252,0.1731232213893753,0.005107366341015014,3.465640148608479e-07,0.015259549326868222,0.07072157430785242,0.04080975495275117
quality_linear,0.5,1e+19,logarithmic,32768,fixed_ref,0.8047071577351047,dirichlet_a20_19,dirichlet_around_p0|topQ,in,True,True,0.6281740620948204,1.0641339615141943,1.0,0.41663254110330095,12.565289070600741,12.565289070600741,2.70465455825838,1511467178.4002495,9397313084.313786,-2048.0,-2.048e-16,False,False,False,True,35185,4.010768119304548e+18,4.3808283244457144e+18,1.6084035562497388e+18,1.0000000000000002e+19,-2048.0,0.4010768119304548,0.43808283244457147,0.16084035562497387,-2.048e-16,1064133961.5141943,dirichlet_a20_19,0.43829657372764846,True,True,Q_above_A_supported,upper_bound,0.12725546748977906,0.04967201114118213,0.0003141777653633049,0.05601973705114616,0.033517558987981394,0.00018459431506036742,0.09188128337370738,8.910657060262394e-05,0.30137023601809015,2.4921988098818152e-08,0.03467398948322252,0.1731232213893753,0.005107366341015014,3.465640148608479e-07,0.015259549326868222,0.07072157430785242,0.04080975495275117
quality_linear,0.5,1e+19,logarithmic,32768,mixture,0.8047071577351047,dirichlet_a20_19,dirichlet_around_p0|topQ,in,True,True,0.6226442760550016,1.0815793348247047,1.0,0.43829657372764846,12.565289070600741,12.565289070600741,2.7031770985419925,1429311596.453055,9245738780.337122,-2048.0,-2.048e-16,False,False,False,True,35185,4.0406350915678705e+18,4.4134510226831995e+18,1.5459138857489318e+18,1.0000000000000002e+19,-2048.0,0.40406350915678707,0.44134510226831997,0.15459138857489318,-2.048e-16,1081579334.8247046,dirichlet_a20_19,0.43829657372764846,True,True,Q_above_A_supported,upper_bound,0.12725546748977906,0.04967201114118213,0.0003141777653633049,0.05601973705114616,0.033517558987981394,0.00018459431506036742,0.09188128337370738,8.910657060262394e-05,0.30137023601809015,2.4921988098818152e-08,0.03467398948322252,0.1731232213893753,0.005107366341015014,3.465640148608479e-07,0.015259549326868222,0.07072157430785242,0.04080975495275117
quality_linear,0.5,1e+19,logarithmic,131072,fixed_ref,0.8047071577351047,dirichlet_a20_19,dirichlet_around_p0|topQ,in,True,True,0.38276598205722007,0.7224366767462177,1.0,0.41663254110330095,12.565289070600741,12.565289070600741,2.849427926460723,1511467178.4002495,13842043630.784357,0.0,0.0,False,False,False,True,35185,1.6591451042935227e+18,7.24891557033202e+18,1.0919393253744589e+18,1e+19,0.0,0.16591451042935226,0.724891557033202,0.10919393253744589,0.0,722436676.7462177,dirichlet_a20_19,0.43829657372764846,True,True,Q_above_A_supported,upper_bound,0.12725546748977906,0.04967201114118213,0.0003141777653633049,0.05601973705114616,0.033517558987981394,0.00018459431506036742,0.09188128337370738,8.910657060262394e-05,0.30137023601809015,2.4921988098818152e-08,0.03467398948322252,0.1731232213893753,0.005107366341015014,3.465640148608479e-07,0.015259549326868222,0.07072157430785242,0.04080975495275117
quality_linear,0.5,1e+19,logarithmic,131072,mixture,0.8047071577351047,dirichlet_a20_19,dirichlet_around_p0|topQ,in,True,True,0.380516359717442,0.7305979941000119,1.0,0.43829657372764846,12.565289070600741,12.565289070600741,2.84831219509561,1429311596.453055,13687417814.934618,-2048.0,-2.048e-16,False,False,False,True,35185,1.6680269347908106e+18,7.287720879896704e+18,1.0442521853124877e+18,1.0000000000000002e+19,-2048.0,0.16680269347908105,0.7287720879896704,0.10442521853124877,-2.048e-16,730597994.100012,dirichlet_a20_19,0.43829657372764846,True,True,Q_above_A_supported,upper_bound,0.12725546748977906,0.04967201114118213,0.0003141777653633049,0.05601973705114616,0.033517558987981394,0.00018459431506036742,0.09188128337370738,8.910657060262394e-05,0.30137023601809015,2.4921988098818152e-08,0.03467398948322252,0.1731232213893753,0.005107366341015014,3.465640148608479e-07,0.015259549326868222,0.07072157430785242,0.04080975495275117
quality_linear,0.5,1e+22,exponential,2048,fixed_ref,0.8047071577351047,dirichlet_a20_19,dirichlet_around_p0|topQ,in,True,True,16.3792244160332,91.83009268094207,1.0,0.41663254110330095,12.565289070600741,12.565289070600741,1.9990013374766733,3912487936.8349757,108896764753.84137,0.0,0.0,False,False,False,True,35185,9.024634176997668e+21,6.160816931497075e+20,3.592841298526237e+20,1e+22,0.0,0.9024634176997668,0.06160816931497075,0.03592841298526237,0.0,91830092680.94208,dirichlet_a20_19,0.43829657372764846,False,True,N_above_support;Q_above_A_supported,upper_bound,0.12725546748977906,0.04967201114118213,0.0003141777653633049,0.05601973705114616,0.033517558987981394,0.00018459431506036742,0.09188128337370738,8.910657060262394e-05,0.30137023601809015,2.4921988098818152e-08,0.03467398948322252,0.1731232213893753,0.005107366341015014,3.465640148608479e-07,0.015259549326868222,0.07072157430785242,0.04080975495275117
quality_linear,0.5,1e+22,exponential,2048,mixture,0.8047071577351047,dirichlet_a20_19,dirichlet_around_p0|topQ,in,True,True,16.3792244160332,91.84435226044553,1.0,0.43829657372764846,12.565289070600741,12.565289070600741,1.9989938463819164,3895580832.190464,108879857649.19685,0.0,0.0,False,False,False,True,35185,9.026035542114259e+21,6.161773596750001e+20,3.5778709821074054e+20,1e+22,0.0,0.9026035542114259,0.06161773596750001,0.035778709821074055,0.0,91844352260.44553,dirichlet_a20_19,0.43829657372764846,False,True,N_above_support;Q_above_A_supported,upper_bound,0.12725546748977906,0.04967201114118213,0.0003141777653633049,0.05601973705114616,0.033517558987981394,0.00018459431506036742,0.09188128337370738,8.910657060262394e-05,0.30137023601809015,2.4921988098818152e-08,0.03467398948322252,0.1731232213893753,0.005107366341015014,3.465640148608479e-07,0.015259549326868222,0.07072157430785242,0.04080975495275117
quality_linear,0.5,1e+22,exponential,4096,fixed_ref,0.8047071577351047,dirichlet_a20_19,dirichlet_around_p0|topQ,in,True,True,15.903522708255416,88.99822618509035,1.0,0.41663254110330095,12.565289070600741,12.565289070600741,2.0018970835313223,3912487936.8349757,112361789988.9703,0.0,0.0,False,False,False,True,35185,8.492311866774217e+21,1.1594836468769064e+21,3.482044863488767e+20,1e+22,0.0,0.8492311866774217,0.11594836468769064,0.03482044863488767,0.0,88998226185.09035,dirichlet_a20_19,0.43829657372764846,False,True,N_above_support;Q_above_A_supported,upper_bound,0.12725546748977906,0.04967201114118213,0.0003141777653633049,0.05601973705114616,0.033517558987981394,0.00018459431506036742,0.09188128337370738,8.910657060262394e-05,0.30137023601809015,2.4921988098818152e-08,0.03467398948322252,0.1731232213893753,0.005107366341015014,3.465640148608479e-07,0.015259549326868222,0.07072157430785242,0.04080975495275117
quality_linear,0.5,1e+22,exponential,4096,mixture,0.8047071577351047,dirichlet_a20_19,dirichlet_around_p0|topQ,in,True,True,15.903522708255416,89.01161978419924,1.0,0.43829657372764846,12.565289070600741,12.565289070600741,2.0018897595329306,3895580832.190464,112344882884.32579,-2097152.0,-2.097152e-16,False,False,False,True,35185,8.493589899219658e+21,1.1596581409067906e+21,3.46751959873552e+20,1.0000000000000002e+22,-2097152.0,0.8493589899219658,0.11596581409067906,0.0346751959873552,-2.097152e-16,89011619784.19923,dirichlet_a20_19,0.43829657372764846,False,True,N_above_support;Q_above_A_supported,upper_bound,0.12725546748977906,0.04967201114118213,0.0003141777653633049,0.05601973705114616,0.033517558987981394,0.00018459431506036742,0.09188128337370738,8.910657060262394e-05,0.30137023601809015,2.4921988098818152e-08,0.03467398948322252,0.1731232213893753,0.005107366341015014,3.465640148608479e-07,0.015259549326868222,0.07072157430785242,0.04080975495275117
quality_linear,0.5,1e+22,exponential,8192,fixed_ref,0.8047071577351047,dirichlet_a20_19,dirichlet_around_p0|topQ,in,True,True,15.078101645006292,83.97359029298569,1.0,0.41663254110330095,12.565289070600741,12.565289070600741,2.0072756376514063,3912487936.8349757,119085059542.05104,0.0,0.0,False,False,False,True,35185,7.596973979602512e+21,2.0744803613634595e+21,3.285456590340291e+20,1e+22,0.0,0.7596973979602512,0.20744803613634596,0.03285456590340291,0.0,83973590292.98569,dirichlet_a20_19,0.43829657372764846,False,True,N_above_support;Q_above_A_supported,upper_bound,0.12725546748977906,0.04967201114118213,0.0003141777653633049,0.05601973705114616,0.033517558987981394,0.00018459431506036742,0.09188128337370738,8.910657060262394e-05,0.30137023601809015,2.4921988098818152e-08,0.03467398948322252,0.1731232213893753,0.005107366341015014,3.465640148608479e-07,0.015259549326868222,0.07072157430785242,0.04080975495275117
quality_linear,0.5,1e+22,exponential,8192,mixture,0.8047071577351047,dirichlet_a20_19,dirichlet_around_p0|topQ,in,True,True,15.078101645006292,83.98551413869419,1.0,0.43829657372764846,12.565289070600741,12.565289070600741,2.0072686138532463,3895580832.190464,119068152437.40652,0.0,0.0,False,False,False,True,35185,7.598052713348064e+21,2.074774927591578e+21,3.271723590603583e+20,1e+22,0.0,0.7598052713348064,0.2074774927591578,0.03271723590603583,0.0,83985514138.69418,dirichlet_a20_19,0.43829657372764846,False,True,N_above_support;Q_above_A_supported,upper_bound,0.12725546748977906,0.04967201114118213,0.0003141777653633049,0.05601973705114616,0.033517558987981394,0.00018459431506036742,0.09188128337370738,8.910657060262394e-05,0.30137023601809015,2.4921988098818152e-08,0.03467398948322252,0.1731232213893753,0.005107366341015014,3.465640148608479e-07,0.015259549326868222,0.07072157430785242,0.04080975495275117
quality_linear,0.5,1e+22,exponential,32768,fixed_ref,0.8047071577351047,dirichlet_a20_19,dirichlet_around_p0|topQ,in,True,True,11.940247618164557,65.01714678776844,1.0,0.41663254110330095,12.565289070600741,12.565289070600741,2.032014492899323,3912487936.8349757,153805580436.22552,0.0,0.0,False,False,False,True,35185,4.657924992435044e+21,5.087696205070384e+21,2.543788024945729e+20,1e+22,0.0,0.4657924992435044,0.5087696205070384,0.025437880249457288,0.0,65017146787.76843,dirichlet_a20_19,0.43829657372764846,True,True,Q_above_A_supported,upper_bound,0.12725546748977906,0.04967201114118213,0.0003141777653633049,0.05601973705114616,0.033517558987981394,0.00018459431506036742,0.09188128337370738,8.910657060262394e-05,0.30137023601809015,2.4921988098818152e-08,0.03467398948322252,0.1731232213893753,0.005107366341015014,3.465640148608479e-07,0.015259549326868222,0.07072157430785242,0.04080975495275117
quality_linear,0.5,1e+22,exponential,32768,mixture,0.8047071577351047,dirichlet_a20_19,dirichlet_around_p0|topQ,in,True,True,11.940247618164557,65.02429459443465,1.0,0.43829657372764846,12.565289070600741,12.565289070600741,2.0320086510439315,3895580832.190464,153788673331.58102,-2097152.0,-2.097152e-16,False,False,False,True,35185,4.658437071924173e+21,5.088255532427043e+21,2.533073956487856e+20,1.0000000000000002e+22,-2097152.0,0.4658437071924173,0.5088255532427043,0.025330739564878562,-2.097152e-16,65024294594.43465,dirichlet_a20_19,0.43829657372764846,True,True,Q_above_A_supported,upper_bound,0.12725546748977906,0.04967201114118213,0.0003141777653633049,0.05601973705114616,0.033517558987981394,0.00018459431506036742,0.09188128337370738,8.910657060262394e-05,0.30137023601809015,2.4921988098818152e-08,0.03467398948322252,0.1731232213893753,0.005107366341015014,3.465640148608479e-07,0.015259549326868222,0.07072157430785242,0.04080975495275117
quality_linear,0.5,1e+22,exponential,131072,fixed_ref,0.8047071577351047,dirichlet_a20_19,dirichlet_around_p0|topQ,in,True,True,7.709744751677701,39.63892282624198,1.0,0.41663254110330095,12.565289070600741,12.565289070600741,2.084646222641722,3912487936.8349757,252277289265.28107,-2097152.0,-2.097152e-16,False,False,False,True,35185,1.8336358633306592e+21,8.011277329282538e+21,1.5508680738680432e+20,1.0000000000000002e+22,-2097152.0,0.18336358633306593,0.8011277329282538,0.015508680738680431,-2.097152e-16,39638922826.24198,dirichlet_a20_19,0.43829657372764846,True,True,Q_above_A_supported,upper_bound,0.12725546748977906,0.04967201114118213,0.0003141777653633049,0.05601973705114616,0.033517558987981394,0.00018459431506036742,0.09188128337370738,8.910657060262394e-05,0.30137023601809015,2.4921988098818152e-08,0.03467398948322252,0.1731232213893753,0.005107366341015014,3.465640148608479e-07,0.015259549326868222,0.07072157430785242,0.04080975495275117
quality_linear,0.5,1e+22,exponential,131072,mixture,0.8047071577351047,dirichlet_a20_19,dirichlet_around_p0|topQ,in,True,True,7.709744751677701,39.641579523304266,1.0,0.43829657372764846,12.565289070600741,12.565289070600741,2.084642132055642,3895580832.190464,252260382160.63657,-2097152.0,-2.097152e-16,False,False,False,True,35185,1.833758758068056e+21,8.011814264583206e+21,1.544269773487381e+20,1.0000000000000002e+22,-2097152.0,0.1833758758068056,0.8011814264583207,0.01544269773487381,-2.097152e-16,39641579523.30427,dirichlet_a20_19,0.43829657372764846,True,True,Q_above_A_supported,upper_bound,0.12725546748977906,0.04967201114118213,0.0003141777653633049,0.05601973705114616,0.033517558987981394,0.00018459431506036742,0.09188128337370738,8.910657060262394e-05,0.30137023601809015,2.4921988098818152e-08,0.03467398948322252,0.1731232213893753,0.005107366341015014,3.465640148608479e-07,0.015259549326868222,0.07072157430785242,0.04080975495275117
quality_linear,0.5,1e+22,power,2048,fixed_ref,0.8047071577351047,dirichlet_a20_19,dirichlet_around_p0|topQ,in,True,True,16.53280969298006,90.23801353907542,1.0,0.41663254110330095,12.565289070600741,12.565289070600741,1.9994137571874298,4849345275.903549,110818042284.02853,0.0,0.0,False,False,False,True,35185,8.951327429484551e+21,6.11077285852812e+20,4.375952846626359e+20,1e+22,0.0,0.8951327429484551,0.0611077285852812,0.04375952846626359,0.0,90238013539.07542,dirichlet_a20_19,0.43829657372764846,False,True,N_above_support;Q_above_A_supported,upper_bound,0.12725546748977906,0.04967201114118213,0.0003141777653633049,0.05601973705114616,0.033517558987981394,0.00018459431506036742,0.09188128337370738,8.910657060262394e-05,0.30137023601809015,2.4921988098818152e-08,0.03467398948322252,0.1731232213893753,0.005107366341015014,3.465640148608479e-07,0.015259549326868222,0.07072157430785242,0.04080975495275117
quality_linear,0.5,1e+22,power,2048,mixture,0.8047071577351047,dirichlet_a20_19,dirichlet_around_p0|topQ,in,True,True,16.53280969298006,90.26559772691199,1.0,0.43829657372764846,12.565289070600741,12.565289070600741,1.999398939572936,4815480483.878452,110784177492.00343,2097152.0,2.097152e-16,False,False,False,True,35185,8.954063694252775e+21,6.112640815276562e+20,4.346722242195679e+20,9.999999999999998e+21,2097152.0,0.8954063694252775,0.06112640815276561,0.04346722242195679,2.097152e-16,90265597726.91199,dirichlet_a20_19,0.43829657372764846,False,True,N_above_support;Q_above_A_supported,upper_bound,0.12725546748977906,0.04967201114118213,0.0003141777653633049,0.05601973705114616,0.033517558987981394,0.00018459431506036742,0.09188128337370738,8.910657060262394e-05,0.30137023601809015,2.4921988098818152e-08,0.03467398948322252,0.1731232213893753,0.005107366341015014,3.465640148608479e-07,0.015259549326868222,0.07072157430785242,0.04080975495275117
quality_linear,0.5,1e+22,power,4096,fixed_ref,0.8047071577351047,dirichlet_a20_19,dirichlet_around_p0|topQ,in,True,True,16.05264740900664,87.47715649836125,1.0,0.41663254110330095,12.565289070600741,12.565289070600741,2.0023003333753087,4849345275.903549,114315558487.40161,0.0,0.0,False,False,False,True,35185,8.425439697664121e+21,1.1503533667210747e+21,4.242069356148036e+20,1e+22,0.0,0.8425439697664121,0.11503533667210747,0.04242069356148036,0.0,87477156498.36125,dirichlet_a20_19,0.43829657372764846,False,True,N_above_support;Q_above_A_supported,upper_bound,0.12725546748977906,0.04967201114118213,0.0003141777653633049,0.05601973705114616,0.033517558987981394,0.00018459431506036742,0.09188128337370738,8.910657060262394e-05,0.30137023601809015,2.4921988098818152e-08,0.03467398948322252,0.1731232213893753,0.005107366341015014,3.465640148608479e-07,0.015259549326868222,0.07072157430785242,0.04080975495275117
quality_linear,0.5,1e+22,power,4096,mixture,0.8047071577351047,dirichlet_a20_19,dirichlet_around_p0|topQ,in,True,True,16.05264740900664,87.50307837277502,1.0,0.43829657372764846,12.565289070600741,12.565289070600741,2.002285843692479,4815480483.878452,114281693695.37651,0.0,0.0,False,False,False,True,35185,8.42793638592499e+21,1.1506942478916256e+21,4.213693661833848e+20,1e+22,0.0,0.842793638592499,0.11506942478916256,0.04213693661833848,0.0,87503078372.77502,dirichlet_a20_19,0.43829657372764846,False,True,N_above_support;Q_above_A_supported,upper_bound,0.12725546748977906,0.04967201114118213,0.0003141777653633049,0.05601973705114616,0.033517558987981394,0.00018459431506036742,0.09188128337370738,8.910657060262394e-05,0.30137023601809015,2.4921988098818152e-08,0.03467398948322252,0.1731232213893753,0.005107366341015014,3.465640148608479e-07,0.015259549326868222,0.07072157430785242,0.04080975495275117
quality_linear,0.5,1e+22,power,8192,fixed_ref,0.8047071577351047,dirichlet_a20_19,dirichlet_around_p0|topQ,in,True,True,15.208276507378107,82.63353434240685,1.0,0.41663254110330095,12.565289070600741,12.565289070600741,2.0076625639788106,4849345275.903549,121016244549.86047,-2097152.0,-2.097152e-16,False,False,False,True,35185,7.540281834367488e+21,2.058999626237949e+21,4.0071853939456436e+20,1.0000000000000002e+22,-2097152.0,0.7540281834367488,0.2058999626237949,0.040071853939456434,-2.097152e-16,82633534342.40685,dirichlet_a20_19,0.43829657372764846,False,True,N_above_support;Q_above_A_supported,upper_bound,0.12725546748977906,0.04967201114118213,0.0003141777653633049,0.05601973705114616,0.033517558987981394,0.00018459431506036742,0.09188128337370738,8.910657060262394e-05,0.30137023601809015,2.4921988098818152e-08,0.03467398948322252,0.1731232213893753,0.005107366341015014,3.465640148608479e-07,0.015259549326868222,0.07072157430785242,0.04080975495275117
quality_linear,0.5,1e+22,power,8192,mixture,0.8047071577351047,dirichlet_a20_19,dirichlet_around_p0|topQ,in,True,True,15.200807760421458,82.69565987718725,1.0,0.43829657372764846,12.565289070600741,12.565289070600741,2.0076486566244416,4815480483.878452,120925330481.08173,0.0,0.0,False,False,False,True,35185,7.54224497048593e+21,2.0595356932740245e+21,3.982193362400456e+20,1e+22,0.0,0.754224497048593,0.20595356932740244,0.03982193362400456,0.0,82695659877.18726,dirichlet_a20_19,0.43829657372764846,False,True,N_above_support;Q_above_A_supported,upper_bound,0.12725546748977906,0.04967201114118213,0.0003141777653633049,0.05601973705114616,0.033517558987981394,0.00018459431506036742,0.09188128337370738,8.910657060262394e-05,0.30137023601809015,2.4921988098818152e-08,0.03467398948322252,0.1731232213893753,0.005107366341015014,3.465640148608479e-07,0.015259549326868222,0.07072157430785242,0.04080975495275117
quality_linear,0.5,1e+22,power,32768,fixed_ref,0.8047071577351047,dirichlet_a20_19,dirichlet_around_p0|topQ,in,True,True,12.02264434617413,64.19440599398865,1.0,0.41663254110330095,12.565289070600741,12.565289070600741,2.0323366940043015,4849345275.903549,155776813340.0351,-2097152.0,-2.097152e-16,False,False,False,True,35185,4.630719073677806e+21,5.057980086875812e+21,3.1130083944638336e+20,1.0000000000000002e+22,-2097152.0,0.4630719073677806,0.5057980086875812,0.031130083944638336,-2.097152e-16,64194405993.98865,dirichlet_a20_19,0.43829657372764846,False,True,N_above_support;Q_above_A_supported,upper_bound,0.12725546748977906,0.04967201114118213,0.0003141777653633049,0.05601973705114616,0.033517558987981394,0.00018459431506036742,0.09188128337370738,8.910657060262394e-05,0.30137023601809015,2.4921988098818152e-08,0.03467398948322252,0.1731232213893753,0.005107366341015014,3.465640148608479e-07,0.015259549326868222,0.07072157430785242,0.04080975495275117
quality_linear,0.5,1e+22,power,32768,mixture,0.8047071577351047,dirichlet_a20_19,dirichlet_around_p0|topQ,in,True,True,12.02264434617413,64.20836444429685,1.0,0.43829657372764846,12.565289070600741,12.565289070600741,2.0323250991849298,4815480483.878452,155742948548.01,-2097152.0,-2.097152e-16,False,False,False,True,35185,4.631725978579882e+21,5.059079895536853e+21,3.091941258832666e+20,1.0000000000000002e+22,-2097152.0,0.4631725978579882,0.5059079895536853,0.030919412588326662,-2.097152e-16,64208364444.29685,dirichlet_a20_19,0.43829657372764846,False,True,N_above_support;Q_above_A_supported,upper_bound,0.12725546748977906,0.04967201114118213,0.0003141777653633049,0.05601973705114616,0.033517558987981394,0.00018459431506036742,0.09188128337370738,8.910657060262394e-05,0.30137023601809015,2.4921988098818152e-08,0.03467398948322252,0.1731232213893753,0.005107366341015014,3.465640148608479e-07,0.015259549326868222,0.07072157430785242,0.04080975495275117
quality_linear,0.5,1e+22,power,131072,fixed_ref,0.8047071577351047,dirichlet_a20_19,dirichlet_around_p0|topQ,in,True,True,7.743904705196817,39.321377664132456,1.0,0.41663254110330095,12.565289070600741,12.565289070600741,2.084872209609496,4849345275.903549,254314589010.9959,2097152.0,2.097152e-16,False,False,False,True,35185,1.827006009048578e+21,7.982311053933841e+21,1.9068293701758006e+20,9.999999999999998e+21,2097152.0,0.18270060090485782,0.7982311053933842,0.019068293701758006,2.097152e-16,39321377664.132454,dirichlet_a20_19,0.43829657372764846,True,True,Q_above_A_supported,upper_bound,0.12725546748977906,0.04967201114118213,0.0003141777653633049,0.05601973705114616,0.033517558987981394,0.00018459431506036742,0.09188128337370738,8.910657060262394e-05,0.30137023601809015,2.4921988098818152e-08,0.03467398948322252,0.1731232213893753,0.005107366341015014,3.465640148608479e-07,0.015259549326868222,0.07072157430785242,0.04080975495275117
quality_linear,0.5,1e+22,power,131072,mixture,0.8047071577351047,dirichlet_a20_19,dirichlet_around_p0|topQ,in,True,True,7.743904705196817,39.32661443652575,1.0,0.43829657372764846,12.565289070600741,12.565289070600741,2.0848640633248543,4815480483.878452,254280724218.9708,0.0,0.0,False,False,False,True,35185,1.827249327446837e+21,7.983374128237061e+21,1.8937654431610234e+20,1e+22,0.0,0.18272493274468368,0.7983374128237061,0.018937654431610235,0.0,39326614436.52575,dirichlet_a20_19,0.43829657372764846,True,True,Q_above_A_supported,upper_bound,0.12725546748977906,0.04967201114118213,0.0003141777653633049,0.05601973705114616,0.033517558987981394,0.00018459431506036742,0.09188128337370738,8.910657060262394e-05,0.30137023601809015,2.4921988098818152e-08,0.03467398948322252,0.1731232213893753,0.005107366341015014,3.465640148608479e-07,0.015259549326868222,0.07072157430785242,0.04080975495275117
quality_linear,0.5,1e+22,logarithmic,2048,fixed_ref,0.8047071577351047,dirichlet_a20_19,dirichlet_around_p0|topQ,in,True,True,15.966142459934106,96.29453442268165,1.0,0.41663254110330095,12.565289070600741,12.565289070600741,1.9979194792237023,1511467178.4002495,103848053889.5939,0.0,0.0,False,False,False,True,35185,9.224713528233385e+21,6.297404435273991e+20,1.4554602823921635e+20,1e+22,0.0,0.9224713528233385,0.06297404435273991,0.014554602823921634,0.0,96294534422.68166,dirichlet_a20_19,0.43829657372764846,False,True,N_above_support;Q_above_A_supported,upper_bound,0.12725546748977906,0.04967201114118213,0.0003141777653633049,0.05601973705114616,0.033517558987981394,0.00018459431506036742,0.09188128337370738,8.910657060262394e-05,0.30137023601809015,2.4921988098818152e-08,0.03467398948322252,0.1731232213893753,0.005107366341015014,3.465640148608479e-07,0.015259549326868222,0.07072157430785242,0.04080975495275117
quality_linear,0.5,1e+22,logarithmic,2048,mixture,0.8047071577351047,dirichlet_a20_19,dirichlet_around_p0|topQ,in,True,True,15.950464444496033,96.46419326086142,1.0,0.43829657372764846,12.565289070600741,12.565289070600741,1.9978817958594377,1429311596.453055,103665408499.89482,0.0,0.0,False,False,False,True,35185,9.231892108646183e+21,6.302305012835796e+20,1.3787739007023786e+20,1e+22,0.0,0.9231892108646182,0.06302305012835796,0.013787739007023786,0.0,96464193260.86142,dirichlet_a20_19,0.43829657372764846,False,True,N_above_support;Q_above_A_supported,upper_bound,0.12725546748977906,0.04967201114118213,0.0003141777653633049,0.05601973705114616,0.033517558987981394,0.00018459431506036742,0.09188128337370738,8.910657060262394e-05,0.30137023601809015,2.4921988098818152e-08,0.03467398948322252,0.1731232213893753,0.005107366341015014,3.465640148608479e-07,0.015259549326868222,0.07072157430785242,0.04080975495275117
quality_linear,0.5,1e+22,logarithmic,4096,fixed_ref,0.8047071577351047,dirichlet_a20_19,dirichlet_around_p0|topQ,in,True,True,15.51767553030963,93.17094245751035,1.0,0.41663254110330095,12.565289070600741,12.565289070600741,2.000840020369381,1511467178.4002495,107329600154.68768,0.0,0.0,False,False,False,True,35185,8.674778723452768e+21,1.1843964550420848e+21,1.4082482150514518e+20,1e+22,0.0,0.8674778723452768,0.11843964550420848,0.014082482150514518,0.0,93170942457.51035,dirichlet_a20_19,0.43829657372764846,False,True,N_above_support;Q_above_A_supported,upper_bound,0.12725546748977906,0.04967201114118213,0.0003141777653633049,0.05601973705114616,0.033517558987981394,0.00018459431506036742,0.09188128337370738,8.910657060262394e-05,0.30137023601809015,2.4921988098818152e-08,0.03467398948322252,0.1731232213893753,0.005107366341015014,3.465640148608479e-07,0.015259549326868222,0.07072157430785242,0.04080975495275117
quality_linear,0.5,1e+22,logarithmic,4096,mixture,0.8047071577351047,dirichlet_a20_19,dirichlet_around_p0|topQ,in,True,True,15.50243788871037,93.33274193601058,1.0,0.43829657372764846,12.565289070600741,12.565289070600741,2.0008032212208606,1429311596.453055,107143536047.1468,0.0,0.0,False,False,False,True,35185,8.681310209076226e+21,1.1852882205458741e+21,1.3340157037790026e+20,1e+22,0.0,0.8681310209076226,0.11852882205458741,0.013340157037790026,0.0,93332741936.01057,dirichlet_a20_19,0.43829657372764846,False,True,N_above_support;Q_above_A_supported,upper_bound,0.12725546748977906,0.04967201114118213,0.0003141777653633049,0.05601973705114616,0.033517558987981394,0.00018459431506036742,0.09188128337370738,8.910657060262394e-05,0.30137023601809015,2.4921988098818152e-08,0.03467398948322252,0.1731232213893753,0.005107366341015014,3.465640148608479e-07,0.015259549326868222,0.07072157430785242,0.04080975495275117
quality_linear,0.5,1e+22,logarithmic,8192,fixed_ref,0.8047071577351047,dirichlet_a20_19,dirichlet_around_p0|topQ,in,True,True,14.726741601582853,87.71913648234607,1.0,0.41663254110330095,12.565289070600741,12.565289070600741,2.0062626251419986,1511467178.4002495,114000210227.93073,0.0,0.0,False,False,False,True,35185,7.750902338936941e+21,2.1165130653523805e+21,1.3258459571067799e+20,1e+22,0.0,0.775090233893694,0.21165130653523806,0.0132584595710678,0.0,87719136482.34607,dirichlet_a20_19,0.43829657372764846,False,True,N_above_support;Q_above_A_supported,upper_bound,0.12725546748977906,0.04967201114118213,0.0003141777653633049,0.05601973705114616,0.033517558987981394,0.00018459431506036742,0.09188128337370738,8.910657060262394e-05,0.30137023601809015,2.4921988098818152e-08,0.03467398948322252,0.1731232213893753,0.005107366341015014,3.465640148608479e-07,0.015259549326868222,0.07072157430785242,0.04080975495275117
quality_linear,0.5,1e+22,logarithmic,8192,mixture,0.8047071577351047,dirichlet_a20_19,dirichlet_around_p0|topQ,in,True,True,14.719509335226661,87.82498737265423,1.0,0.43829657372764846,12.565289070600741,12.565289070600741,2.0062273927095053,1429311596.453055,113862811702.64838,-2097152.0,-2.097152e-16,False,False,False,True,35185,7.756444328987686e+21,2.1180263981022377e+21,1.2552927291007782e+20,1.0000000000000002e+22,-2097152.0,0.7756444328987686,0.21180263981022376,0.012552927291007782,-2.097152e-16,87824987372.65424,dirichlet_a20_19,0.43829657372764846,False,True,N_above_support;Q_above_A_supported,upper_bound,0.12725546748977906,0.04967201114118213,0.0003141777653633049,0.05601973705114616,0.033517558987981394,0.00018459431506036742,0.09188128337370738,8.910657060262394e-05,0.30137023601809015,2.4921988098818152e-08,0.03467398948322252,0.1731232213893753,0.005107366341015014,3.465640148608479e-07,0.015259549326868222,0.07072157430785242,0.04080975495275117
quality_linear,0.5,1e+22,logarithmic,32768,fixed_ref,0.8047071577351047,dirichlet_a20_19,dirichlet_around_p0|topQ,in,True,True,11.72519299848221,67.24730228853436,1.0,0.41663254110330095,12.565289070600741,12.565289070600741,2.031174921568808,1511467178.4002495,148704850004.1465,0.0,0.0,False,False,False,True,35185,4.730925587762038e+21,5.167432321992883e+21,1.0164209024507966e+20,1e+22,0.0,0.47309255877620376,0.5167432321992883,0.010164209024507966,0.0,67247302288.534355,dirichlet_a20_19,0.43829657372764846,True,True,Q_above_A_supported,upper_bound,0.12725546748977906,0.04967201114118213,0.0003141777653633049,0.05601973705114616,0.033517558987981394,0.00018459431506036742,0.09188128337370738,8.910657060262394e-05,0.30137023601809015,2.4921988098818152e-08,0.03467398948322252,0.1731232213893753,0.005107366341015014,3.465640148608479e-07,0.015259549326868222,0.07072157430785242,0.04080975495275117
quality_linear,0.5,1e+22,logarithmic,32768,mixture,0.8047071577351047,dirichlet_a20_19,dirichlet_around_p0|topQ,in,True,True,11.71943478521715,67.31721660556305,1.0,0.43829657372764846,12.565289070600741,12.565289070600741,2.0311458289467166,1429311596.453055,148550408116.15506,-2097152.0,-2.097152e-16,False,False,False,True,35185,4.733518379587398e+21,5.170264342077329e+21,9.62172783352734e+19,1.0000000000000002e+22,-2097152.0,0.4733518379587398,0.517026434207733,0.009621727833527341,-2.097152e-16,67317216605.56304,dirichlet_a20_19,0.43829657372764846,True,True,Q_above_A_supported,upper_bound,0.12725546748977906,0.04967201114118213,0.0003141777653633049,0.05601973705114616,0.033517558987981394,0.00018459431506036742,0.09188128337370738,8.910657060262394e-05,0.30137023601809015,2.4921988098818152e-08,0.03467398948322252,0.1731232213893753,0.005107366341015014,3.465640148608479e-07,0.015259549326868222,0.07072157430785242,0.04080975495275117
quality_linear,0.5,1e+22,logarithmic,131072,fixed_ref,0.8047071577351047,dirichlet_a20_19,dirichlet_around_p0|topQ,in,True,True,7.626875668233886,40.45197956202208,1.0,0.41663254110330095,12.565289070600741,12.565289070600741,2.0840611199066807,1511467178.4002495,247206690705.1539,0.0,0.0,False,False,False,True,35185,1.851133311920884e+21,8.087724848669803e+21,6.114183940931407e+19,1e+22,0.0,0.1851133311920884,0.8087724848669803,0.006114183940931407,0.0,40451979562.02208,dirichlet_a20_19,0.43829657372764846,True,True,Q_above_A_supported,upper_bound,0.12725546748977906,0.04967201114118213,0.0003141777653633049,0.05601973705114616,0.033517558987981394,0.00018459431506036742,0.09188128337370738,8.910657060262394e-05,0.30137023601809015,2.4921988098818152e-08,0.03467398948322252,0.1731232213893753,0.005107366341015014,3.465640148608479e-07,0.015259549326868222,0.07072157430785242,0.04080975495275117
quality_linear,0.5,1e+22,logarithmic,131072,mixture,0.8047071577351047,dirichlet_a20_19,dirichlet_around_p0|topQ,in,True,True,7.623130128467548,40.485194848928344,1.0,0.43829657372764846,12.565289070600741,12.565289070600741,2.0840409454369024,1429311596.453055,247003874806.95804,0.0,0.0,False,False,False,True,35185,1.8517434516584692e+21,8.090390589859295e+21,5.786595848223477e+19,1e+22,0.0,0.18517434516584694,0.8090390589859295,0.005786595848223477,0.0,40485194848.928345,dirichlet_a20_19,0.43829657372764846,True,True,Q_above_A_supported,upper_bound,0.12725546748977906,0.04967201114118213,0.0003141777653633049,0.05601973705114616,0.033517558987981394,0.00018459431506036742,0.09188128337370738,8.910657060262394e-05,0.30137023601809015,2.4921988098818152e-08,0.03467398948322252,0.1731232213893753,0.005107366341015014,3.465640148608479e-07,0.015259549326868222,0.07072157430785242,0.04080975495275117
quality_linear,0.5,1e+24,exponential,2048,fixed_ref,0.8047071577351047,dirichlet_a20_19,dirichlet_around_p0|topQ,in,True,True,126.31065871285514,1229.236224142052,1.0,0.41663254110330095,12.565289070600741,12.565289070600741,1.8415174618421466,3912487936.8349757,813513286022.7513,-134217728.0,-1.3421772800000001e-16,False,False,False,True,35185,9.315938231105127e+23,6.3596804991011005e+22,4.809371898476353e+21,1.0000000000000001e+24,-134217728.0,0.9315938231105128,0.063596804991011,0.004809371898476353,-1.3421772800000001e-16,1229236224142.052,dirichlet_a20_19,0.43829657372764846,False,False,N_above_support;D_above_support;Q_above_A_supported,upper_bound,0.12725546748977906,0.04967201114118213,0.0003141777653633049,0.05601973705114616,0.033517558987981394,0.00018459431506036742,0.09188128337370738,8.910657060262394e-05,0.30137023601809015,2.4921988098818152e-08,0.03467398948322252,0.1731232213893753,0.005107366341015014,3.465640148608479e-07,0.015259549326868222,0.07072157430785242,0.04080975495275117
quality_linear,0.5,1e+24,exponential,2048,mixture,0.8047071577351047,dirichlet_a20_19,dirichlet_around_p0|topQ,in,True,True,126.24862786094292,1229.8628619982676,1.0,0.43829657372764846,12.565289070600741,12.565289070600741,1.8415169767077686,3895580832.190464,813098785969.6902,0.0,0.0,False,False,False,True,35185,9.316109927064808e+23,6.359797710209577e+22,4.791030191423357e+21,1e+24,0.0,0.9316109927064808,0.06359797710209576,0.004791030191423357,0.0,1229862861998.2676,dirichlet_a20_19,0.43829657372764846,False,False,N_above_support;D_above_support;Q_above_A_supported,upper_bound,0.12725546748977906,0.04967201114118213,0.0003141777653633049,0.05601973705114616,0.033517558987981394,0.00018459431506036742,0.09188128337370738,8.910657060262394e-05,0.30137023601809015,2.4921988098818152e-08,0.03467398948322252,0.1731232213893753,0.005107366341015014,3.465640148608479e-07,0.015259549326868222,0.07072157430785242,0.04080975495275117
quality_linear,0.5,1e+24,exponential,4096,fixed_ref,0.8047071577351047,dirichlet_a20_19,dirichlet_around_p0|topQ,in,True,True,122.79292180336135,1188.690352612148,1.0,0.41663254110330095,12.565289070600741,12.565289070600741,1.842963265455576,3912487936.8349757,841261980298.3168,-134217728.0,-1.3421772800000001e-16,False,False,False,True,35185,8.757765691002812e+23,1.1957269423449173e+23,4.6507366652271426e+21,1.0000000000000001e+24,-134217728.0,0.8757765691002811,0.11957269423449172,0.004650736665227142,-1.3421772800000001e-16,1188690352612.148,dirichlet_a20_19,0.43829657372764846,False,False,N_above_support;D_above_support;Q_above_A_supported,upper_bound,0.12725546748977906,0.04967201114118213,0.0003141777653633049,0.05601973705114616,0.033517558987981394,0.00018459431506036742,0.09188128337370738,8.910657060262394e-05,0.30137023601809015,2.4921988098818152e-08,0.03467398948322252,0.1731232213893753,0.005107366341015014,3.465640148608479e-07,0.015259549326868222,0.07072157430785242,0.04080975495275117
quality_linear,0.5,1e+24,exponential,4096,mixture,0.8047071577351047,dirichlet_a20_19,dirichlet_around_p0|topQ,in,True,True,122.79292180336135,1188.7142425733755,1.0,0.43829657372764846,12.565289070600741,12.565289070600741,1.8429627919119884,3895580832.190464,841245073193.6722,0.0,0.0,False,False,False,True,35185,8.757941702091266e+23,1.1957509737255274e+23,4.630732418320647e+21,1e+24,0.0,0.8757941702091266,0.11957509737255274,0.0046307324183206475,0.0,1188714242573.3755,dirichlet_a20_19,0.43829657372764846,False,False,N_above_support;D_above_support;Q_above_A_supported,upper_bound,0.12725546748977906,0.04967201114118213,0.0003141777653633049,0.05601973705114616,0.033517558987981394,0.00018459431506036742,0.09188128337370738,8.910657060262394e-05,0.30137023601809015,2.4921988098818152e-08,0.03467398948322252,0.1731232213893753,0.005107366341015014,3.465640148608479e-07,0.015259549326868222,0.07072157430785242,0.04080975495275117
quality_linear,0.5,1e+24,exponential,8192,fixed_ref,0.8047071577351047,dirichlet_a20_19,dirichlet_around_p0|topQ,in,True,True,116.62007955083686,1117.6889545405363,1.0,0.41663254110330095,12.565289070600741,12.565289070600741,1.845647239718149,3912487936.8349757,894703303577.9473,-134217728.0,-1.3421772800000001e-16,False,False,False,True,35185,7.820698487496543e+23,2.1355720669857228e+23,4.372944551773544e+21,1.0000000000000001e+24,-134217728.0,0.7820698487496542,0.21355720669857228,0.0043729445517735445,-1.3421772800000001e-16,1117688954540.5364,dirichlet_a20_19,0.43829657372764846,False,False,N_above_support;D_above_support;Q_above_A_supported,upper_bound,0.12725546748977906,0.04967201114118213,0.0003141777653633049,0.05601973705114616,0.033517558987981394,0.00018459431506036742,0.09188128337370738,8.910657060262394e-05,0.30137023601809015,2.4921988098818152e-08,0.03467398948322252,0.1731232213893753,0.005107366341015014,3.465640148608479e-07,0.015259549326868222,0.07072157430785242,0.04080975495275117
quality_linear,0.5,1e+24,exponential,8192,mixture,0.8047071577351047,dirichlet_a20_19,dirichlet_around_p0|topQ,in,True,True,116.62007955083686,1117.7100757783119,1.0,0.43829657372764846,12.565289070600741,12.565289070600741,1.8456467867182433,3895580832.190464,894686396473.3027,-134217728.0,-1.3421772800000001e-16,False,False,False,True,35185,7.820846277122318e+23,2.135612423406201e+23,4.354129947148142e+21,1.0000000000000001e+24,-134217728.0,0.7820846277122319,0.2135612423406201,0.004354129947148142,-1.3421772800000001e-16,1117710075778.3118,dirichlet_a20_19,0.43829657372764846,False,False,N_above_support;D_above_support;Q_above_A_supported,upper_bound,0.12725546748977906,0.04967201114118213,0.0003141777653633049,0.05601973705114616,0.033517558987981394,0.00018459431506036742,0.09188128337370738,8.910657060262394e-05,0.30137023601809015,2.4921988098818152e-08,0.03467398948322252,0.1731232213893753,0.005107366341015014,3.465640148608479e-07,0.015259549326868222,0.07072157430785242,0.04080975495275117
quality_linear,0.5,1e+24,exponential,32768,fixed_ref,0.8047071577351047,dirichlet_a20_19,dirichlet_around_p0|topQ,in,True,True,93.0564898552747,853.1648378852058,1.0,0.41663254110330095,12.565289070600741,12.565289070600741,1.8579711265108332,3912487936.8349757,1172106438984.0115,-268435456.0,-2.6843545600000003e-16,False,False,False,True,35185,4.7635515048925044e+23,5.2030685237439204e+23,3.3379971363576354e+21,1.0000000000000003e+24,-268435456.0,0.4763551504892504,0.520306852374392,0.0033379971363576354,-2.6843545600000003e-16,853164837885.2058,dirichlet_a20_19,0.43829657372764846,False,False,N_above_support;D_above_support;Q_above_A_supported,upper_bound,0.12725546748977906,0.04967201114118213,0.0003141777653633049,0.05601973705114616,0.033517558987981394,0.00018459431506036742,0.09188128337370738,8.910657060262394e-05,0.30137023601809015,2.4921988098818152e-08,0.03467398948322252,0.1731232213893753,0.005107366341015014,3.465640148608479e-07,0.015259549326868222,0.07072157430785242,0.04080975495275117
quality_linear,0.5,1e+24,exponential,32768,mixture,0.8047071577351047,dirichlet_a20_19,dirichlet_around_p0|topQ,in,True,True,93.0564898552747,853.1771445791919,1.0,0.43829657372764846,12.565289070600741,12.565289070600741,1.857970753573595,3895580832.190464,1172089531879.367,-134217728.0,-1.3421772800000001e-16,False,False,False,True,35185,4.763620217957149e+23,5.203143576733995e+23,3.323620530885692e+21,1.0000000000000001e+24,-134217728.0,0.4763620217957149,0.5203143576733995,0.003323620530885692,-1.3421772800000001e-16,853177144579.1919,dirichlet_a20_19,0.43829657372764846,False,False,N_above_support;D_above_support;Q_above_A_supported,upper_bound,0.12725546748977906,0.04967201114118213,0.0003141777653633049,0.05601973705114616,0.033517558987981394,0.00018459431506036742,0.09188128337370738,8.910657060262394e-05,0.30137023601809015,2.4921988098818152e-08,0.03467398948322252,0.1731232213893753,0.005107366341015014,3.465640148608479e-07,0.015259549326868222,0.07072157430785242,0.04080975495275117
quality_linear,0.5,1e+24,exponential,131072,fixed_ref,0.8047071577351047,dirichlet_a20_19,dirichlet_around_p0|topQ,in,True,True,60.72394804283068,510.1785623531686,1.0,0.41663254110330095,12.565289070600741,12.565289070600741,1.884107616283792,3912487936.8349757,1960098039767.7996,-134217728.0,-1.3421772800000001e-16,False,False,False,True,35185,1.858803390773992e+23,8.121235934517622e+23,1.9960674708385827e+21,1.0000000000000001e+24,-134217728.0,0.1858803390773992,0.8121235934517622,0.0019960674708385828,-1.3421772800000001e-16,510178562353.16864,dirichlet_a20_19,0.43829657372764846,False,True,N_above_support;Q_above_A_supported,upper_bound,0.12725546748977906,0.04967201114118213,0.0003141777653633049,0.05601973705114616,0.033517558987981394,0.00018459431506036742,0.09188128337370738,8.910657060262394e-05,0.30137023601809015,2.4921988098818152e-08,0.03467398948322252,0.1731232213893753,0.005107366341015014,3.465640148608479e-07,0.015259549326868222,0.07072157430785242,0.04080975495275117
quality_linear,0.5,1e+24,exponential,131072,mixture,0.8047071577351047,dirichlet_a20_19,dirichlet_around_p0|topQ,in,True,True,60.72394804283068,510.1829630089361,1.0,0.43829657372764846,12.565289070600741,12.565289070600741,1.8841073587561248,3895580832.190464,1960081132663.155,-134217728.0,-1.3421772800000001e-16,False,False,False,True,35185,1.8588194242855225e+23,8.1213059859984e+23,1.987458971607748e+21,1.0000000000000001e+24,-134217728.0,0.18588194242855224,0.81213059859984,0.001987458971607748,-1.3421772800000001e-16,510182963008.9361,dirichlet_a20_19,0.43829657372764846,False,True,N_above_support;Q_above_A_supported,upper_bound,0.12725546748977906,0.04967201114118213,0.0003141777653633049,0.05601973705114616,0.033517558987981394,0.00018459431506036742,0.09188128337370738,8.910657060262394e-05,0.30137023601809015,2.4921988098818152e-08,0.03467398948322252,0.1731232213893753,0.005107366341015014,3.465640148608479e-07,0.015259549326868222,0.07072157430785242,0.04080975495275117
quality_linear,0.5,1e+24,power,2048,fixed_ref,0.8047071577351047,dirichlet_a20_19,dirichlet_around_p0|topQ,in,True,True,126.43481186614949,1226.6237476248982,1.0,0.41663254110330095,12.565289070600741,12.565289070600741,1.8415443232999245,4849345275.903549,815245915413.1754,134217728.0,1.3421772800000001e-16,False,False,False,True,35185,9.305276565690314e+23,6.352402135511255e+22,5.948322075855907e+21,9.999999999999998e+23,134217728.0,0.9305276565690315,0.06352402135511255,0.005948322075855907,1.3421772800000001e-16,1226623747624.8982,dirichlet_a20_19,0.43829657372764846,False,False,N_above_support;D_above_support;Q_above_A_supported,upper_bound,0.12725546748977906,0.04967201114118213,0.0003141777653633049,0.05601973705114616,0.033517558987981394,0.00018459431506036742,0.09188128337370738,8.910657060262394e-05,0.30137023601809015,2.4921988098818152e-08,0.03467398948322252,0.1731232213893753,0.005107366341015014,3.465640148608479e-07,0.015259549326868222,0.07072157430785242,0.04080975495275117
quality_linear,0.5,1e+24,power,2048,mixture,0.8047071577351047,dirichlet_a20_19,dirichlet_around_p0|topQ,in,True,True,126.43481186614949,1226.6747029046624,1.0,0.43829657372764846,12.565289070600741,12.565289070600741,1.8415433530874779,4815480483.878452,815212050621.1503,-134217728.0,-1.3421772800000001e-16,False,False,False,True,35185,9.305663116962949e+23,6.35266602118004e+22,5.907028091904801e+21,1.0000000000000001e+24,-134217728.0,0.9305663116962949,0.0635266602118004,0.0059070280919048005,-1.3421772800000001e-16,1226674702904.6624,dirichlet_a20_19,0.43829657372764846,False,False,N_above_support;D_above_support;Q_above_A_supported,upper_bound,0.12725546748977906,0.04967201114118213,0.0003141777653633049,0.05601973705114616,0.033517558987981394,0.00018459431506036742,0.09188128337370738,8.910657060262394e-05,0.30137023601809015,2.4921988098818152e-08,0.03467398948322252,0.1731232213893753,0.005107366341015014,3.465640148608479e-07,0.015259549326868222,0.07072157430785242,0.04080975495275117
quality_linear,0.5,1e+24,power,4096,fixed_ref,0.8047071577351047,dirichlet_a20_19,dirichlet_around_p0|topQ,in,True,True,122.913617306017,1186.2088262405396,1.0,0.41663254110330095,12.565289070600741,12.565289070600741,1.8429894852934188,4849345275.903549,843021884409.0947,-134217728.0,-1.3421772800000001e-16,False,False,False,True,35185,8.748073062812958e+23,1.1944035755093958e+23,5.752336167764655e+21,1.0000000000000001e+24,-134217728.0,0.8748073062812958,0.11944035755093958,0.005752336167764655,-1.3421772800000001e-16,1186208826240.5396,dirichlet_a20_19,0.43829657372764846,False,False,N_above_support;D_above_support;Q_above_A_supported,upper_bound,0.12725546748977906,0.04967201114118213,0.0003141777653633049,0.05601973705114616,0.033517558987981394,0.00018459431506036742,0.09188128337370738,8.910657060262394e-05,0.30137023601809015,2.4921988098818152e-08,0.03467398948322252,0.1731232213893753,0.005107366341015014,3.465640148608479e-07,0.015259549326868222,0.07072157430785242,0.04080975495275117
quality_linear,0.5,1e+24,power,4096,mixture,0.8047071577351047,dirichlet_a20_19,dirichlet_around_p0|topQ,in,True,True,122.913617306017,1186.256479011711,1.0,0.43829657372764846,12.565289070600741,12.565289070600741,1.8429885382089861,4815480483.878452,842988019617.0696,-134217728.0,-1.3421772800000001e-16,False,False,False,True,35185,8.748424493281718e+23,1.1944515574827305e+23,5.712394923555263e+21,1.0000000000000001e+24,-134217728.0,0.8748424493281718,0.11944515574827305,0.005712394923555263,-1.3421772800000001e-16,1186256479011.711,dirichlet_a20_19,0.43829657372764846,False,False,N_above_support;D_above_support;Q_above_A_supported,upper_bound,0.12725546748977906,0.04967201114118213,0.0003141777653633049,0.05601973705114616,0.033517558987981394,0.00018459431506036742,0.09188128337370738,8.910657060262394e-05,0.30137023601809015,2.4921988098818152e-08,0.03467398948322252,0.1731232213893753,0.005107366341015014,3.465640148608479e-07,0.015259549326868222,0.07072157430785242,0.04080975495275117
quality_linear,0.5,1e+24,power,8192,fixed_ref,0.8047071577351047,dirichlet_a20_19,dirichlet_around_p0|topQ,in,True,True,116.73470764921919,1115.4293891781685,1.0,0.41663254110330095,12.565289070600741,12.565289070600741,1.8456723227742466,4849345275.903549,896515736183.6995,134217728.0,1.3421772800000001e-16,False,False,False,True,35185,7.812559418943639e+23,2.1333495586662095e+23,5.409102239015133e+21,9.999999999999998e+23,134217728.0,0.7812559418943639,0.21333495586662096,0.005409102239015133,1.3421772800000001e-16,1115429389178.1685,dirichlet_a20_19,0.43829657372764846,False,False,N_above_support;D_above_support;Q_above_A_supported,upper_bound,0.12725546748977906,0.04967201114118213,0.0003141777653633049,0.05601973705114616,0.033517558987981394,0.00018459431506036742,0.09188128337370738,8.910657060262394e-05,0.30137023601809015,2.4921988098818152e-08,0.03467398948322252,0.1731232213893753,0.005107366341015014,3.465640148608479e-07,0.015259549326868222,0.07072157430785242,0.04080975495275117
quality_linear,0.5,1e+24,power,8192,mixture,0.8047071577351047,dirichlet_a20_19,dirichlet_around_p0|topQ,in,True,True,116.73470764921919,1115.471524758919,1.0,0.43829657372764846,12.565289070600741,12.565289070600741,1.8456714167343165,4815480483.878452,896481871391.6743,-134217728.0,-1.3421772800000001e-16,False,False,False,True,35185,7.81285454002567e+23,2.1334301463963433e+23,5.371531357798714e+21,1.0000000000000001e+24,-134217728.0,0.7812854540025671,0.21334301463963434,0.005371531357798714,-1.3421772800000001e-16,1115471524758.919,dirichlet_a20_19,0.43829657372764846,False,False,N_above_support;D_above_support;Q_above_A_supported,upper_bound,0.12725546748977906,0.04967201114118213,0.0003141777653633049,0.05601973705114616,0.033517558987981394,0.00018459431506036742,0.09188128337370738,8.910657060262394e-05,0.30137023601809015,2.4921988098818152e-08,0.03467398948322252,0.1731232213893753,0.005107366341015014,3.465640148608479e-07,0.015259549326868222,0.07072157430785242,0.04080975495275117
quality_linear,0.5,1e+24,power,32768,fixed_ref,0.8047071577351047,dirichlet_a20_19,dirichlet_around_p0|topQ,in,True,True,93.1479568523422,851.6498109423135,1.0,0.41663254110330095,12.565289070600741,12.565289070600741,1.8579917776250225,4849345275.903549,1174191536417.4666,-134217728.0,-1.3421772800000001e-16,False,False,False,True,35185,4.759766390577601e+23,5.1989341695482276e+23,4.1299439874172587e+21,1.0000000000000001e+24,-134217728.0,0.47597663905776005,0.5198934169548227,0.004129943987417259,-1.3421772800000001e-16,851649810942.3135,dirichlet_a20_19,0.43829657372764846,False,False,N_above_support;D_above_support;Q_above_A_supported,upper_bound,0.12725546748977906,0.04967201114118213,0.0003141777653633049,0.05601973705114616,0.033517558987981394,0.00018459431506036742,0.09188128337370738,8.910657060262394e-05,0.30137023601809015,2.4921988098818152e-08,0.03467398948322252,0.1731232213893753,0.005107366341015014,3.465640148608479e-07,0.015259549326868222,0.07072157430785242,0.04080975495275117
quality_linear,0.5,1e+24,power,32768,mixture,0.8047071577351047,dirichlet_a20_19,dirichlet_around_p0|topQ,in,True,True,93.1479568523422,851.6743740350076,1.0,0.43829657372764846,12.565289070600741,12.565289070600741,1.8579910315863868,4815480483.878452,1174157671625.4414,-134217728.0,-1.3421772800000001e-16,False,False,False,True,35185,4.759903670691507e+23,5.199084116040645e+23,4.101221326784977e+21,1.0000000000000001e+24,-134217728.0,0.4759903670691507,0.5199084116040645,0.004101221326784977,-1.3421772800000001e-16,851674374035.0077,dirichlet_a20_19,0.43829657372764846,False,False,N_above_support;D_above_support;Q_above_A_supported,upper_bound,0.12725546748977906,0.04967201114118213,0.0003141777653633049,0.05601973705114616,0.033517558987981394,0.00018459431506036742,0.09188128337370738,8.910657060262394e-05,0.30137023601809015,2.4921988098818152e-08,0.03467398948322252,0.1731232213893753,0.005107366341015014,3.465640148608479e-07,0.015259549326868222,0.07072157430785242,0.04080975495275117
quality_linear,0.5,1e+24,power,131072,fixed_ref,0.8047071577351047,dirichlet_a20_19,dirichlet_around_p0|topQ,in,True,True,60.75378407584237,509.68502282387914,1.0,0.41663254110330095,12.565289070600741,12.565289070600741,1.8841218823276915,4849345275.903549,1961996047008.7197,-134217728.0,-1.3421772800000001e-16,False,False,False,True,35185,1.8579176293999647e+23,8.11736598402374e+23,2.4716386576297713e+21,1.0000000000000001e+24,-134217728.0,0.18579176293999647,0.811736598402374,0.0024716386576297713,-1.3421772800000001e-16,509685022823.87915,dirichlet_a20_19,0.43829657372764846,False,True,N_above_support;Q_above_A_supported,upper_bound,0.12725546748977906,0.04967201114118213,0.0003141777653633049,0.05601973705114616,0.033517558987981394,0.00018459431506036742,0.09188128337370738,8.910657060262394e-05,0.30137023601809015,2.4921988098818152e-08,0.03467398948322252,0.1731232213893753,0.005107366341015014,3.465640148608479e-07,0.015259549326868222,0.07072157430785242,0.04080975495275117
quality_linear,0.5,1e+24,power,131072,mixture,0.8047071577351047,dirichlet_a20_19,dirichlet_around_p0|topQ,in,True,True,60.75378407584237,509.6938203315236,1.0,0.43829657372764846,12.565289070600741,12.565289070600741,1.8841213668596737,4815480483.878452,1961962182216.6946,-134217728.0,-1.3421772800000001e-16,False,False,False,True,35185,1.8579496983127547e+23,8.117506095241648e+23,2.4544206445599025e+21,1.0000000000000001e+24,-134217728.0,0.18579496983127547,0.8117506095241648,0.0024544206445599025,-1.3421772800000001e-16,509693820331.5236,dirichlet_a20_19,0.43829657372764846,False,True,N_above_support;Q_above_A_supported,upper_bound,0.12725546748977906,0.04967201114118213,0.0003141777653633049,0.05601973705114616,0.033517558987981394,0.00018459431506036742,0.09188128337370738,8.910657060262394e-05,0.30137023601809015,2.4921988098818152e-08,0.03467398948322252,0.1731232213893753,0.005107366341015014,3.465640148608479e-07,0.015259549326868222,0.07072157430785242,0.04080975495275117
quality_linear,0.5,1e+24,logarithmic,2048,fixed_ref,0.8047071577351047,dirichlet_a20_19,dirichlet_around_p0|topQ,in,True,True,125.84616919579467,1237.4169035521008,1.0,0.41663254110330095,12.565289070600741,12.565289070600741,1.8414483995470097,1511467178.4002495,808135073255.7659,0.0,0.0,False,False,False,True,35185,9.343450620609242e+23,6.37846229033591e+22,1.8703150357166676e+21,1e+24,0.0,0.9343450620609243,0.0637846229033591,0.0018703150357166677,0.0,1237416903552.1008,dirichlet_a20_19,0.43829657372764846,False,False,N_above_support;D_above_support;Q_above_A_supported,upper_bound,0.12725546748977906,0.04967201114118213,0.0003141777653633049,0.05601973705114616,0.033517558987981394,0.00018459431506036742,0.09188128337370738,8.910657060262394e-05,0.30137023601809015,2.4921988098818152e-08,0.03467398948322252,0.1731232213893753,0.005107366341015014,3.465640148608479e-07,0.015259549326868222,0.07072157430785242,0.04080975495275117
quality_linear,0.5,1e+24,logarithmic,2048,mixture,0.8047071577351047,dirichlet_a20_19,dirichlet_around_p0|topQ,in,True,True,125.84616919579467,1237.542713017792,1.0,0.43829657372764846,12.565289070600741,12.565289070600741,1.8414460308760396,1429311596.453055,808052917673.8186,0.0,0.0,False,False,False,True,35185,9.34440057896759e+23,6.379110795241875e+22,1.768834150822305e+21,1e+24,0.0,0.934440057896759,0.06379110795241875,0.0017688341508223051,0.0,1237542713017.792,dirichlet_a20_19,0.43829657372764846,False,False,N_above_support;D_above_support;Q_above_A_supported,upper_bound,0.12725546748977906,0.04967201114118213,0.0003141777653633049,0.05601973705114616,0.033517558987981394,0.00018459431506036742,0.09188128337370738,8.910657060262394e-05,0.30137023601809015,2.4921988098818152e-08,0.03467398948322252,0.1731232213893753,0.005107366341015014,3.465640148608479e-07,0.015259549326868222,0.07072157430785242,0.04080975495275117
quality_linear,0.5,1e+24,logarithmic,4096,fixed_ref,0.8047071577351047,dirichlet_a20_19,dirichlet_around_p0|topQ,in,True,True,122.37142010526551,1196.1913432796819,1.0,0.41663254110330095,12.565289070600741,12.565289070600741,1.8428958609221038,1511467178.4002495,835986655160.2269,-134217728.0,-1.3421772800000001e-16,False,False,False,True,35185,8.78277800368559e+23,1.1991419567698726e+23,1.808003954453745e+21,1.0000000000000001e+24,-134217728.0,0.878277800368559,0.11991419567698727,0.001808003954453745,-1.3421772800000001e-16,1196191343279.682,dirichlet_a20_19,0.43829657372764846,False,False,N_above_support;D_above_support;Q_above_A_supported,upper_bound,0.12725546748977906,0.04967201114118213,0.0003141777653633049,0.05601973705114616,0.033517558987981394,0.00018459431506036742,0.09188128337370738,8.910657060262394e-05,0.30137023601809015,2.4921988098818152e-08,0.03467398948322252,0.1731232213893753,0.005107366341015014,3.465640148608479e-07,0.015259549326868222,0.07072157430785242,0.04080975495275117
quality_linear,0.5,1e+24,logarithmic,4096,mixture,0.8047071577351047,dirichlet_a20_19,dirichlet_around_p0|topQ,in,True,True,122.37142010526551,1196.3089090972805,1.0,0.43829657372764846,12.565289070600741,12.565289070600741,1.8428935493505882,1429311596.453055,835904499578.2797,0.0,0.0,False,False,False,True,35185,8.783641205448914e+23,1.1992598125839581e+23,1.7098981967128465e+21,1e+24,0.0,0.8783641205448913,0.11992598125839582,0.0017098981967128466,0.0,1196308909097.2805,dirichlet_a20_19,0.43829657372764846,False,False,N_above_support;D_above_support;Q_above_A_supported,upper_bound,0.12725546748977906,0.04967201114118213,0.0003141777653633049,0.05601973705114616,0.033517558987981394,0.00018459431506036742,0.09188128337370738,8.910657060262394e-05,0.30137023601809015,2.4921988098818152e-08,0.03467398948322252,0.1731232213893753,0.005107366341015014,3.465640148608479e-07,0.015259549326868222,0.07072157430785242,0.04080975495275117
quality_linear,0.5,1e+24,logarithmic,8192,fixed_ref,0.8047071577351047,dirichlet_a20_19,dirichlet_around_p0|topQ,in,True,True,116.21976688752711,1124.5500659514416,1.0,0.41663254110330095,12.565289070600741,12.565289070600741,1.8455827696800045,1511467178.4002495,889244534572.0874,0.0,0.0,False,False,False,True,35185,7.841696791093788e+23,2.141306003754677e+23,1.69972051515344e+21,1e+24,0.0,0.7841696791093787,0.2141306003754677,0.0016997205151534401,0.0,1124550065951.4417,dirichlet_a20_19,0.43829657372764846,False,False,N_above_support;D_above_support;Q_above_A_supported,upper_bound,0.12725546748977906,0.04967201114118213,0.0003141777653633049,0.05601973705114616,0.033517558987981394,0.00018459431506036742,0.09188128337370738,8.910657060262394e-05,0.30137023601809015,2.4921988098818152e-08,0.03467398948322252,0.1731232213893753,0.005107366341015014,3.465640148608479e-07,0.015259549326868222,0.07072157430785242,0.04080975495275117
quality_linear,0.5,1e+24,logarithmic,8192,mixture,0.8047071577351047,dirichlet_a20_19,dirichlet_around_p0|topQ,in,True,True,116.21976688752711,1124.653970555685,1.0,0.43829657372764846,12.565289070600741,12.565289070600741,1.8455805586664453,1429311596.453055,889162378990.1401,0.0,0.0,False,False,False,True,35185,7.84242133722681e+23,2.141503853152068e+23,1.6074809621122132e+21,1e+24,0.0,0.784242133722681,0.2141503853152068,0.0016074809621122134,0.0,1124653970555.685,dirichlet_a20_19,0.43829657372764846,False,False,N_above_support;D_above_support;Q_above_A_supported,upper_bound,0.12725546748977906,0.04967201114118213,0.0003141777653633049,0.05601973705114616,0.033517558987981394,0.00018459431506036742,0.09188128337370738,8.910657060262394e-05,0.30137023601809015,2.4921988098818152e-08,0.03467398948322252,0.1731232213893753,0.005107366341015014,3.465640148608479e-07,0.015259549326868222,0.07072157430785242,0.04080975495275117
quality_linear,0.5,1e+24,logarithmic,32768,fixed_ref,0.8047071577351047,dirichlet_a20_19,dirichlet_around_p0|topQ,in,True,True,92.82821511632999,857.0157138693969,1.0,0.41663254110330095,12.565289070600741,12.565289070600741,1.857918083757221,1511467178.4002495,1166839748462.7603,0.0,0.0,False,False,False,True,35185,4.7733143427086086e+23,5.213732146062523e+23,1.295351122886853e+21,1e+24,0.0,0.4773314342708609,0.5213732146062523,0.001295351122886853,0.0,857015713869.3969,dirichlet_a20_19,0.43829657372764846,False,False,N_above_support;D_above_support;Q_above_A_supported,upper_bound,0.12725546748977906,0.04967201114118213,0.0003141777653633049,0.05601973705114616,0.033517558987981394,0.00018459431506036742,0.09188128337370738,8.910657060262394e-05,0.30137023601809015,2.4921988098818152e-08,0.03467398948322252,0.1731232213893753,0.005107366341015014,3.465640148608479e-07,0.015259549326868222,0.07072157430785242,0.04080975495275117
quality_linear,0.5,1e+24,logarithmic,32768,mixture,0.8047071577351047,dirichlet_a20_19,dirichlet_around_p0|topQ,in,True,True,92.82821511632999,857.0760594160129,1.0,0.43829657372764846,12.565289070600741,12.565289070600741,1.8579162656445998,1429311596.453055,1166757592880.8132,0.0,0.0,False,False,False,True,35185,4.773650448871564e+23,5.21409926362078e+23,1.2250287507655945e+21,1e+24,0.0,0.47736504488715636,0.5214099263620781,0.0012250287507655946,0.0,857076059416.0128,dirichlet_a20_19,0.43829657372764846,False,False,N_above_support;D_above_support;Q_above_A_supported,upper_bound,0.12725546748977906,0.04967201114118213,0.0003141777653633049,0.05601973705114616,0.033517558987981394,0.00018459431506036742,0.09188128337370738,8.910657060262394e-05,0.30137023601809015,2.4921988098818152e-08,0.03467398948322252,0.1731232213893753,0.005107366341015014,3.465640148608479e-07,0.015259549326868222,0.07072157430785242,0.04080975495275117
quality_linear,0.5,1e+24,logarithmic,131072,fixed_ref,0.8047071577351047,dirichlet_a20_19,dirichlet_around_p0|topQ,in,True,True,60.63452782942873,511.55699315342366,1.0,0.41663254110330095,12.565289070600741,12.565289070600741,1.8840710057794372,1511467178.4002495,1954816400486.7488,-268435456.0,-2.6843545600000003e-16,False,False,False,True,35185,1.8610810042620088e+23,8.131186979687667e+23,7.73201605032521e+20,1.0000000000000003e+24,-268435456.0,0.18610810042620088,0.8131186979687668,0.000773201605032521,-2.6843545600000003e-16,511556993153.42365,dirichlet_a20_19,0.43829657372764846,False,True,N_above_support;Q_above_A_supported,upper_bound,0.12725546748977906,0.04967201114118213,0.0003141777653633049,0.05601973705114616,0.033517558987981394,0.00018459431506036742,0.09188128337370738,8.910657060262394e-05,0.30137023601809015,2.4921988098818152e-08,0.03467398948322252,0.1731232213893753,0.005107366341015014,3.465640148608479e-07,0.015259549326868222,0.07072157430785242,0.04080975495275117
quality_linear,0.5,1e+24,logarithmic,131072,mixture,0.8047071577351047,dirichlet_a20_19,dirichlet_around_p0|topQ,in,True,True,60.63452782942873,511.57849339704046,1.0,0.43829657372764846,12.565289070600741,12.565289070600741,1.8840697519432321,1429311596.453055,1954734244904.8018,-268435456.0,-2.6843545600000003e-16,False,False,False,True,35185,1.8611592236892043e+23,8.131528725579714e+23,7.312050731083726e+20,1.0000000000000003e+24,-268435456.0,0.18611592236892044,0.8131528725579714,0.0007312050731083726,-2.6843545600000003e-16,511578493397.04047,dirichlet_a20_19,0.43829657372764846,False,True,N_above_support;Q_above_A_supported,upper_bound,0.12725546748977906,0.04967201114118213,0.0003141777653633049,0.05601973705114616,0.033517558987981394,0.00018459431506036742,0.09188128337370738,8.910657060262394e-05,0.30137023601809015,2.4921988098818152e-08,0.03467398948322252,0.1731232213893753,0.005107366341015014,3.465640148608479e-07,0.015259549326868222,0.07072157430785242,0.04080975495275117
quality_linear,1.0,1e+19,exponential,2048,fixed_ref,0.8047071577351047,dirichlet_a20_19,dirichlet_around_p0|topQ,in,True,True,2.518063435114489,0.5345088564966977,0.9325004958892592,0.41663254110330095,157.88648942775845,157.88648942775845,2.312508083963645,2568984508.8051953,18708763902.515026,0.0,0.0,False,False,False,False,35185,8.075563243735151e+18,5.51291784105653e+17,1.3731449721591954e+18,1e+19,0.0,0.8075563243735151,0.0551291784105653,0.13731449721591954,0.0,534508856.4966976,dirichlet_a20_19,0.43829657372764846,True,True,Q_above_A_supported,interior,0.12725546748977906,0.04967201114118213,0.0003141777653633049,0.05601973705114616,0.033517558987981394,0.00018459431506036742,0.09188128337370738,8.910657060262394e-05,0.30137023601809015,2.4921988098818152e-08,0.03467398948322252,0.1731232213893753,0.005107366341015014,3.465640148608479e-07,0.015259549326868222,0.07072157430785242,0.04080975495275117
quality_linear,1.0,1e+19,exponential,2048,mixture,0.8047071577351047,dirichlet_a20_19,dirichlet_around_p0|topQ,in,True,True,2.5155908129699203,0.535575563601103,0.9322211198964694,0.43829657372764846,157.88648942775845,157.88648942775845,2.3124159169612617,2547570738.8202543,18671501613.632256,2048.0,2.048e-16,False,False,False,False,35185,8.083733804676731e+18,5.518495610659316e+17,1.364416634257336e+18,9.999999999999998e+18,2048.0,0.808373380467673,0.05518495610659316,0.1364416634257336,2.048e-16,535575563.601103,dirichlet_a20_19,0.43829657372764846,True,True,Q_above_A_supported,interior,0.12725546748977906,0.04967201114118213,0.0003141777653633049,0.05601973705114616,0.033517558987981394,0.00018459431506036742,0.09188128337370738,8.910657060262394e-05,0.30137023601809015,2.4921988098818152e-08,0.03467398948322252,0.1731232213893753,0.005107366341015014,3.465640148608479e-07,0.015259549326868222,0.07072157430785242,0.04080975495275117
quality_linear,1.0,1e+19,exponential,4096,fixed_ref,0.8047071577351047,dirichlet_a20_19,dirichlet_around_p0|topQ,in,True,True,2.452147932686194,0.5162228915354901,0.9374318954751326,0.41663254110330095,157.88648942775845,157.88648942775845,2.317978888240677,2649790068.7649465,19371477251.338642,0.0,0.0,False,False,False,False,35185,7.595129377704247e+18,1.0369883310358866e+18,1.3678822912598656e+18,1e+19,0.0,0.7595129377704247,0.10369883310358866,0.13678822912598657,0.0,516222891.53549004,dirichlet_a20_19,0.43829657372764846,True,True,Q_above_A_supported,interior,0.12725546748977906,0.04967201114118213,0.0003141777653633049,0.05601973705114616,0.033517558987981394,0.00018459431506036742,0.09188128337370738,8.910657060262394e-05,0.30137023601809015,2.4921988098818152e-08,0.03467398948322252,0.1731232213893753,0.005107366341015014,3.465640148608479e-07,0.015259549326868222,0.07072157430785242,0.04080975495275117
quality_linear,1.0,1e+19,exponential,4096,mixture,0.8047071577351047,dirichlet_a20_19,dirichlet_around_p0|topQ,in,True,True,2.4485369752550445,0.5174910688802338,0.9370742374994626,0.43829657372764846,157.88648942775845,157.88648942775845,2.3178890923444686,2626941653.5156317,19324004995.17483,0.0,0.0,False,False,False,False,35185,7.602576099105044e+18,1.0380050567311421e+18,1.3594188441638129e+18,1e+19,0.0,0.7602576099105044,0.10380050567311422,0.13594188441638128,0.0,517491068.88023376,dirichlet_a20_19,0.43829657372764846,True,True,Q_above_A_supported,interior,0.12725546748977906,0.04967201114118213,0.0003141777653633049,0.05601973705114616,0.033517558987981394,0.00018459431506036742,0.09188128337370738,8.910657060262394e-05,0.30137023601809015,2.4921988098818152e-08,0.03467398948322252,0.1731232213893753,0.005107366341015014,3.465640148608479e-07,0.015259549326868222,0.07072157430785242,0.04080975495275117
quality_linear,1.0,1e+19,exponential,8192,fixed_ref,0.8047071577351047,dirichlet_a20_19,dirichlet_around_p0|topQ,in,True,True,2.33403125114825,0.4847233780359177,0.9463457502470741,0.41663254110330095,157.88648942775845,157.88648942775845,2.328128164770892,2802058991.334213,20630323300.105007,0.0,0.0,False,False,False,False,35185,6.788157074987875e+18,1.8536194252766892e+18,1.3582234997354358e+18,1e+19,0.0,0.6788157074987875,0.1853619425276689,0.1358223499735436,0.0,484723378.0359177,dirichlet_a20_19,0.43829657372764846,True,True,Q_above_A_supported,interior,0.12725546748977906,0.04967201114118213,0.0003141777653633049,0.05601973705114616,0.033517558987981394,0.00018459431506036742,0.09188128337370738,8.910657060262394e-05,0.30137023601809015,2.4921988098818152e-08,0.03467398948322252,0.1731232213893753,0.005107366341015014,3.465640148608479e-07,0.015259549326868222,0.07072157430785242,0.04080975495275117
quality_linear,1.0,1e+19,exponential,8192,mixture,0.8047071577351047,dirichlet_a20_19,dirichlet_around_p0|topQ,in,True,True,2.3317393401196105,0.4856446012659195,0.9460764710778541,0.43829657372764846,157.88648942775845,157.88648942775845,2.328042556106305,2780431694.9468994,20591189470.51653,-2048.0,-2.048e-16,False,False,False,False,35185,6.794379732530679e+18,1.8553186256297108e+18,1.3503016418396116e+18,1.0000000000000002e+19,-2048.0,0.6794379732530679,0.18553186256297108,0.13503016418396116,-2.048e-16,485644601.2659195,dirichlet_a20_19,0.43829657372764846,True,True,Q_above_A_supported,interior,0.12725546748977906,0.04967201114118213,0.0003141777653633049,0.05601973705114616,0.033517558987981394,0.00018459431506036742,0.09188128337370738,8.910657060262394e-05,0.30137023601809015,2.4921988098818152e-08,0.03467398948322252,0.1731232213893753,0.005107366341015014,3.465640148608479e-07,0.015259549326868222,0.07072157430785242,0.04080975495275117
quality_linear,1.0,1e+19,exponential,32768,fixed_ref,0.8047071577351047,dirichlet_a20_19,dirichlet_around_p0|topQ,in,True,True,1.8822038900718976,0.3675280056805608,0.9856818290888394,0.41663254110330095,157.88648942775845,157.88648942775845,2.3746268495843212,3580376126.502354,27208810880.908924,-2048.0,-2.048e-16,False,False,False,False,35185,4.150575852013908e+18,4.5335356506263916e+18,1.3158884973597015e+18,1.0000000000000002e+19,-2048.0,0.4150575852013908,0.45335356506263913,0.13158884973597015,-2.048e-16,367528005.6805608,dirichlet_a20_19,0.43829657372764846,True,True,Q_above_A_supported,interior,0.12725546748977906,0.04967201114118213,0.0003141777653633049,0.05601973705114616,0.033517558987981394,0.00018459431506036742,0.09188128337370738,8.910657060262394e-05,0.30137023601809015,2.4921988098818152e-08,0.03467398948322252,0.1731232213893753,0.005107366341015014,3.465640148608479e-07,0.015259549326868222,0.07072157430785242,0.04080975495275117
quality_linear,1.0,1e+19,exponential,32768,mixture,0.8047071577351047,dirichlet_a20_19,dirichlet_around_p0|topQ,in,True,True,1.8803556526707719,0.36814312856969417,0.9854406471910206,0.43829657372764846,157.88648942775845,157.88648942775845,2.374557363853362,3558115509.1204166,27163348230.48822,2048.0,2.048e-16,False,False,False,False,35185,4.153440076787563e+18,4.536664147872495e+18,1.3098957753399404e+18,9.999999999999998e+18,2048.0,0.4153440076787563,0.4536664147872495,0.13098957753399404,2.048e-16,368143128.56969416,dirichlet_a20_19,0.43829657372764846,True,True,Q_above_A_supported,interior,0.12725546748977906,0.04967201114118213,0.0003141777653633049,0.05601973705114616,0.033517558987981394,0.00018459431506036742,0.09188128337370738,8.910657060262394e-05,0.30137023601809015,2.4921988098818152e-08,0.03467398948322252,0.1731232213893753,0.005107366341015014,3.465640148608479e-07,0.015259549326868222,0.07072157430785242,0.04080975495275117
quality_linear,1.0,1e+19,exponential,131072,fixed_ref,0.8047071577351047,dirichlet_a20_19,dirichlet_around_p0|topQ,in,True,True,1.176557978777581,0.23915093408736304,1.0,0.41663254110330095,157.88648942775845,157.88648942775845,2.4736483226607935,3912487936.8349757,41814597288.36748,0.0,0.0,False,False,False,True,35185,1.6882496377955901e+18,7.376075217504786e+18,9.356751446996243e+17,1e+19,0.0,0.16882496377955902,0.7376075217504786,0.09356751446996243,0.0,239150934.08736303,dirichlet_a20_19,0.43829657372764846,True,True,Q_above_A_supported,upper_bound,0.12725546748977906,0.04967201114118213,0.0003141777653633049,0.05601973705114616,0.033517558987981394,0.00018459431506036742,0.09188128337370738,8.910657060262394e-05,0.30137023601809015,2.4921988098818152e-08,0.03467398948322252,0.1731232213893753,0.005107366341015014,3.465640148608479e-07,0.015259549326868222,0.07072157430785242,0.04080975495275117
quality_linear,1.0,1e+19,exponential,131072,mixture,0.8047071577351047,dirichlet_a20_19,dirichlet_around_p0|topQ,in,True,True,1.175980174065847,0.23935426116097086,1.0,0.43829657372764846,157.88648942775845,157.88648942775845,2.4735975030324915,3895580832.190464,41779076551.617294,0.0,0.0,False,False,False,True,35185,1.6888551942208845e+18,7.378720933897327e+18,9.324238718817885e+17,1e+19,0.0,0.16888551942208846,0.7378720933897327,0.09324238718817886,0.0,239354261.16097087,dirichlet_a20_19,0.43829657372764846,True,True,Q_above_A_supported,upper_bound,0.12725546748977906,0.04967201114118213,0.0003141777653633049,0.05601973705114616,0.033517558987981394,0.00018459431506036742,0.09188128337370738,8.910657060262394e-05,0.30137023601809015,2.4921988098818152e-08,0.03467398948322252,0.1731232213893753,0.005107366341015014,3.465640148608479e-07,0.015259549326868222,0.07072157430785242,0.04080975495275117
quality_linear,1.0,1e+19,power,2048,fixed_ref,0.8047071577351047,dirichlet_a20_19,dirichlet_around_p0|topQ,in,True,True,2.7664320028659026,0.454366680190062,0.9700615820094214,0.41663254110330095,157.88648942775845,157.88648942775845,2.317930950511933,4276933517.700264,22008656083.269554,0.0,0.0,False,False,False,False,35185,7.541847150682344e+18,5.1485676548658144e+17,1.9432960838310728e+18,1e+19,0.0,0.7541847150682345,0.05148567654865814,0.19432960838310728,0.0,454366680.190062,dirichlet_a20_19,0.43829657372764846,True,True,Q_above_A_supported,interior,0.12725546748977906,0.04967201114118213,0.0003141777653633049,0.05601973705114616,0.033517558987981394,0.00018459431506036742,0.09188128337370738,8.910657060262394e-05,0.30137023601809015,2.4921988098818152e-08,0.03467398948322252,0.1731232213893753,0.005107366341015014,3.465640148608479e-07,0.015259549326868222,0.07072157430785242,0.04080975495275117
quality_linear,1.0,1e+19,power,2048,mixture,0.8047071577351047,dirichlet_a20_19,dirichlet_around_p0|topQ,in,True,True,2.7582904768396324,0.4565985481225096,0.9688801323087083,0.43829657372764846,157.88648942775845,157.88648942775845,2.3177679803970164,4221538446.1157007,21901077086.46701,0.0,0.0,False,False,False,False,35185,7.556588562150726e+18,5.1586311250948954e+17,1.9275483253397842e+18,1e+19,0.0,0.7556588562150726,0.05158631125094895,0.19275483253397843,0.0,456598548.1225096,dirichlet_a20_19,0.43829657372764846,True,True,Q_above_A_supported,interior,0.12725546748977906,0.04967201114118213,0.0003141777653633049,0.05601973705114616,0.033517558987981394,0.00018459431506036742,0.09188128337370738,8.910657060262394e-05,0.30137023601809015,2.4921988098818152e-08,0.03467398948322252,0.1731232213893753,0.005107366341015014,3.465640148608479e-07,0.015259549326868222,0.07072157430785242,0.04080975495275117
quality_linear,1.0,1e+19,power,4096,fixed_ref,0.8047071577351047,dirichlet_a20_19,dirichlet_around_p0|topQ,in,True,True,2.6993135410718607,0.4375552238007282,0.9792507862219623,0.41663254110330095,157.88648942775845,157.88648942775845,2.323227728747676,4447099160.167643,22854258059.444878,2048.0,2.048e-16,False,False,False,False,35185,7.086592443432204e+18,9.675560882766104e+17,1.9458514682911834e+18,9.999999999999998e+18,2048.0,0.7086592443432205,0.09675560882766104,0.19458514682911834,2.048e-16,437555223.8007282,dirichlet_a20_19,0.43829657372764846,True,True,Q_above_A_supported,interior,0.12725546748977906,0.04967201114118213,0.0003141777653633049,0.05601973705114616,0.033517558987981394,0.00018459431506036742,0.09188128337370738,8.910657060262394e-05,0.30137023601809015,2.4921988098818152e-08,0.03467398948322252,0.1731232213893753,0.005107366341015014,3.465640148608479e-07,0.015259549326868222,0.07072157430785242,0.04080975495275117
quality_linear,1.0,1e+19,power,4096,mixture,0.8047071577351047,dirichlet_a20_19,dirichlet_around_p0|topQ,in,True,True,2.6926919169930303,0.43945677593229443,0.9781909283025989,0.43829657372764846,157.88648942775845,157.88648942775845,2.3230695235330954,4393361785.903995,22755366506.26287,0.0,0.0,False,False,False,False,35185,7.09993025052424e+18,9.69377143538243e+17,1.9306926059375165e+18,1e+19,0.0,0.709993025052424,0.0969377143538243,0.19306926059375165,0.0,439456775.9322944,dirichlet_a20_19,0.43829657372764846,True,True,Q_above_A_supported,interior,0.12725546748977906,0.04967201114118213,0.0003141777653633049,0.05601973705114616,0.033517558987981394,0.00018459431506036742,0.09188128337370738,8.910657060262394e-05,0.30137023601809015,2.4921988098818152e-08,0.03467398948322252,0.1731232213893753,0.005107366341015014,3.465640148608479e-07,0.015259549326868222,0.07072157430785242,0.04080975495275117
quality_linear,1.0,1e+19,power,8192,fixed_ref,0.8047071577351047,dirichlet_a20_19,dirichlet_around_p0|topQ,in,True,True,2.5832117057107786,0.4079595212332695,0.9965464646433316,0.41663254110330095,157.88648942775845,157.88648942775845,2.333041670991813,4780631552.875367,24512235845.776577,0.0,0.0,False,False,False,False,35185,6.323074864235681e+18,1.7266209762606234e+18,1.9503041595036966e+18,1e+19,0.0,0.632307486423568,0.17266209762606233,0.19503041595036966,0.0,407959521.2332695,dirichlet_a20_19,0.43829657372764846,True,True,Q_above_A_supported,interior,0.12725546748977906,0.04967201114118213,0.0003141777653633049,0.05601973705114616,0.033517558987981394,0.00018459431506036742,0.09188128337370738,8.910657060262394e-05,0.30137023601809015,2.4921988098818152e-08,0.03467398948322252,0.1731232213893753,0.005107366341015014,3.465640148608479e-07,0.015259549326868222,0.07072157430785242,0.04080975495275117
quality_linear,1.0,1e+19,power,8192,mixture,0.8047071577351047,dirichlet_a20_19,dirichlet_around_p0|topQ,in,True,True,2.576874888378896,0.4096809959353319,0.995497385335001,0.43829657372764846,157.88648942775845,157.88648942775845,2.332891824067292,4726034573.119534,24409235720.51289,-2048.0,-2.048e-16,False,False,False,False,35185,6.334180024030881e+18,1.7296534252286991e+18,1.936166550740422e+18,1.0000000000000002e+19,-2048.0,0.6334180024030881,0.1729653425228699,0.1936166550740422,-2.048e-16,409680995.93533194,dirichlet_a20_19,0.43829657372764846,True,True,Q_above_A_supported,interior,0.12725546748977906,0.04967201114118213,0.0003141777653633049,0.05601973705114616,0.033517558987981394,0.00018459431506036742,0.09188128337370738,8.910657060262394e-05,0.30137023601809015,2.4921988098818152e-08,0.03467398948322252,0.1731232213893753,0.005107366341015014,3.465640148608479e-07,0.015259549326868222,0.07072157430785242,0.04080975495275117
quality_linear,1.0,1e+19,power,32768,fixed_ref,0.8047071577351047,dirichlet_a20_19,dirichlet_around_p0|topQ,in,True,True,1.9759987552140406,0.3372084968554864,1.0,0.41663254110330095,157.88648942775845,157.88648942775845,2.3783585707240755,4849345275.903549,29655243249.35853,2048.0,2.048e-16,False,False,False,True,35185,3.9979414202042327e+18,4.3668181485750764e+18,1.6352404312206897e+18,9.999999999999998e+18,2048.0,0.3997941420204233,0.4366818148575076,0.16352404312206897,2.048e-16,337208496.8554864,dirichlet_a20_19,0.43829657372764846,True,True,Q_above_A_supported,upper_bound,0.12725546748977906,0.04967201114118213,0.0003141777653633049,0.05601973705114616,0.033517558987981394,0.00018459431506036742,0.09188128337370738,8.910657060262394e-05,0.30137023601809015,2.4921988098818152e-08,0.03467398948322252,0.1731232213893753,0.005107366341015014,3.465640148608479e-07,0.015259549326868222,0.07072157430785242,0.04080975495275117
quality_linear,1.0,1e+19,power,32768,mixture,0.8047071577351047,dirichlet_a20_19,dirichlet_around_p0|topQ,in,True,True,1.9740584155817384,0.3378718509207921,1.0,0.43829657372764846,157.88648942775845,157.88648942775845,2.37822816687644,4815480483.878452,29597020209.725365,0.0,0.0,False,False,False,True,35185,4.001872624190209e+18,4.3711120716488264e+18,1.6270153041609644e+18,1e+19,0.0,0.4001872624190209,0.4371112071648826,0.16270153041609645,0.0,337871850.9207921,dirichlet_a20_19,0.43829657372764846,True,True,Q_above_A_supported,upper_bound,0.12725546748977906,0.04967201114118213,0.0003141777653633049,0.05601973705114616,0.033517558987981394,0.00018459431506036742,0.09188128337370738,8.910657060262394e-05,0.30137023601809015,2.4921988098818152e-08,0.03467398948322252,0.1731232213893753,0.005107366341015014,3.465640148608479e-07,0.015259549326868222,0.07072157430785242,0.04080975495275117
quality_linear,1.0,1e+19,power,131072,fixed_ref,0.8047071577351047,dirichlet_a20_19,dirichlet_around_p0|topQ,in,True,True,1.203446163239308,0.22926503334193551,1.0,0.41663254110330095,157.88648942775845,157.88648942775845,2.4764205652795725,4849345275.903549,43617641356.959915,-2048.0,-2.048e-16,False,False,False,True,35185,1.655448748441706e+18,7.232765945191711e+18,1.1117853063665847e+18,1.0000000000000002e+19,-2048.0,0.1655448748441706,0.723276594519171,0.11117853063665847,-2.048e-16,229265033.34193552,dirichlet_a20_19,0.43829657372764846,True,True,Q_above_A_supported,upper_bound,0.12725546748977906,0.04967201114118213,0.0003141777653633049,0.05601973705114616,0.033517558987981394,0.00018459431506036742,0.09188128337370738,8.910657060262394e-05,0.30137023601809015,2.4921988098818152e-08,0.03467398948322252,0.1731232213893753,0.005107366341015014,3.465640148608479e-07,0.015259549326868222,0.07072157430785242,0.04080975495275117
quality_linear,1.0,1e+19,power,131072,mixture,0.8047071577351047,dirichlet_a20_19,dirichlet_around_p0|topQ,in,True,True,1.202264434617413,0.22964375791257044,1.0,0.43829657372764846,157.88648942775845,157.88648942775845,2.476321811487191,4815480483.878452,43545707886.41763,-4096.0,-4.096e-16,False,False,False,True,35185,1.6565551366210473e+18,7.237599828906465e+18,1.1058450344724909e+18,1.0000000000000004e+19,-4096.0,0.16565551366210474,0.7237599828906466,0.11058450344724909,-4.096e-16,229643757.91257045,dirichlet_a20_19,0.43829657372764846,True,True,Q_above_A_supported,upper_bound,0.12725546748977906,0.04967201114118213,0.0003141777653633049,0.05601973705114616,0.033517558987981394,0.00018459431506036742,0.09188128337370738,8.910657060262394e-05,0.30137023601809015,2.4921988098818152e-08,0.03467398948322252,0.1731232213893753,0.005107366341015014,3.465640148608479e-07,0.015259549326868222,0.07072157430785242,0.04080975495275117
quality_linear,1.0,1e+19,logarithmic,2048,fixed_ref,0.8047071577351047,dirichlet_a20_19,dirichlet_around_p0|topQ,in,True,True,2.4234087223188467,0.5866978790729158,1.0,0.41663254110330095,157.88648942775845,157.88648942775845,2.3009877666892304,1511467178.4002495,17044547724.97513,0.0,0.0,False,False,False,True,35185,8.530852545067633e+18,5.823728670766171e+17,8.867745878557508e+17,1e+19,0.0,0.8530852545067633,0.058237286707661706,0.08867745878557508,0.0,586697879.0729158,dirichlet_a20_19,0.43829657372764846,True,True,Q_above_A_supported,upper_bound,0.12725546748977906,0.04967201114118213,0.0003141777653633049,0.05601973705114616,0.033517558987981394,0.00018459431506036742,0.09188128337370738,8.910657060262394e-05,0.30137023601809015,2.4921988098818152e-08,0.03467398948322252,0.1731232213893753,0.005107366341015014,3.465640148608479e-07,0.015259549326868222,0.07072157430785242,0.04080975495275117
quality_linear,1.0,1e+19,logarithmic,2048,mixture,0.8047071577351047,dirichlet_a20_19,dirichlet_around_p0|topQ,in,True,True,2.411533688787699,0.5921968146310862,1.0,0.43829657372764846,157.88648942775845,157.88648942775845,2.3005150881824212,1429311596.453055,16886277928.10669,0.0,0.0,False,False,False,True,35185,8.56861541325377e+18,5.849508122114574e+17,8.464337745347717e+17,1e+19,0.0,0.8568615413253771,0.05849508122114574,0.08464337745347716,0.0,592196814.6310862,dirichlet_a20_19,0.43829657372764846,True,True,Q_above_A_supported,upper_bound,0.12725546748977906,0.04967201114118213,0.0003141777653633049,0.05601973705114616,0.033517558987981394,0.00018459431506036742,0.09188128337370738,8.910657060262394e-05,0.30137023601809015,2.4921988098818152e-08,0.03467398948322252,0.1731232213893753,0.005107366341015014,3.465640148608479e-07,0.015259549326868222,0.07072157430785242,0.04080975495275117
quality_linear,1.0,1e+19,logarithmic,4096,fixed_ref,0.8047071577351047,dirichlet_a20_19,dirichlet_around_p0|topQ,in,True,True,2.348983682993269,0.5704618273898596,1.0,0.41663254110330095,157.88648942775845,157.88648942775845,2.3065344327099977,1511467178.4002495,17529656709.46795,-2048.0,-2.048e-16,False,False,False,True,35185,8.040033145855819e+18,1.0977325255141811e+18,8.622343286300014e+17,1.0000000000000002e+19,-2048.0,0.8040033145855818,0.10977325255141811,0.08622343286300015,-2.048e-16,570461827.3898597,dirichlet_a20_19,0.43829657372764846,True,True,Q_above_A_supported,upper_bound,0.12725546748977906,0.04967201114118213,0.0003141777653633049,0.05601973705114616,0.033517558987981394,0.00018459431506036742,0.09188128337370738,8.910657060262394e-05,0.30137023601809015,2.4921988098818152e-08,0.03467398948322252,0.1731232213893753,0.005107366341015014,3.465640148608479e-07,0.015259549326868222,0.07072157430785242,0.04080975495275117
quality_linear,1.0,1e+19,logarithmic,4096,mixture,0.8047071577351047,dirichlet_a20_19,dirichlet_around_p0|topQ,in,True,True,2.3374733423137264,0.5757380592234198,1.0,0.43829657372764846,157.88648942775845,157.88648942775845,2.3060712773107,1429311596.453055,17369009812.358818,0.0,0.0,False,False,False,True,35185,8.074634193541112e+18,1.1024567218914798e+18,8.229090845674097e+17,1e+19,0.0,0.8074634193541111,0.11024567218914798,0.08229090845674096,0.0,575738059.2234198,dirichlet_a20_19,0.43829657372764846,True,True,Q_above_A_supported,upper_bound,0.12725546748977906,0.04967201114118213,0.0003141777653633049,0.05601973705114616,0.033517558987981394,0.00018459431506036742,0.09188128337370738,8.910657060262394e-05,0.30137023601809015,2.4921988098818152e-08,0.03467398948322252,0.1731232213893753,0.005107366341015014,3.465640148608479e-07,0.015259549326868222,0.07072157430785242,0.04080975495275117
quality_linear,1.0,1e+19,logarithmic,8192,fixed_ref,0.8047071577351047,dirichlet_a20_19,dirichlet_around_p0|topQ,in,True,True,2.219967756489407,0.5414634022882124,1.0,0.41663254110330095,157.88648942775845,157.88648942775845,2.3168455553851195,1511467178.4002495,18468468889.568935,-2048.0,-2.048e-16,False,False,False,True,35185,7.212187766393306e+18,1.969408072743132e+18,8.184041608635636e+17,1.0000000000000002e+19,-2048.0,0.7212187766393306,0.19694080727431318,0.08184041608635637,-2.048e-16,541463402.2882124,dirichlet_a20_19,0.43829657372764846,True,True,Q_above_A_supported,upper_bound,0.12725546748977906,0.04967201114118213,0.0003141777653633049,0.05601973705114616,0.033517558987981394,0.00018459431506036742,0.09188128337370738,8.910657060262394e-05,0.30137023601809015,2.4921988098818152e-08,0.03467398948322252,0.1731232213893753,0.005107366341015014,3.465640148608479e-07,0.015259549326868222,0.07072157430785242,0.04080975495275117
quality_linear,1.0,1e+19,logarithmic,8192,mixture,0.8047071577351047,dirichlet_a20_19,dirichlet_around_p0|topQ,in,True,True,2.209089611460221,0.5463519030858369,1.0,0.43829657372764846,157.88648942775845,157.88648942775845,2.3163994682190436,1429311596.453055,18303221684.63081,0.0,0.0,False,False,False,True,35185,7.241641879850663e+18,1.9774510093245545e+18,7.809071108247822e+17,1e+19,0.0,0.7241641879850663,0.19774510093245545,0.07809071108247823,0.0,546351903.0858369,dirichlet_a20_19,0.43829657372764846,True,True,Q_above_A_supported,upper_bound,0.12725546748977906,0.04967201114118213,0.0003141777653633049,0.05601973705114616,0.033517558987981394,0.00018459431506036742,0.09188128337370738,8.910657060262394e-05,0.30137023601809015,2.4921988098818152e-08,0.03467398948322252,0.1731232213893753,0.005107366341015014,3.465640148608479e-07,0.015259549326868222,0.07072157430785242,0.04080975495275117
quality_linear,1.0,1e+19,logarithmic,32768,fixed_ref,0.8047071577351047,dirichlet_a20_19,dirichlet_around_p0|topQ,in,True,True,1.736094388493704,0.4290795502056272,1.0,0.41663254110330095,157.88648942775845,157.88648942775845,2.3644023043014806,1511467178.4002495,23305701693.794807,-2048.0,-2.048e-16,False,False,False,True,35185,4.469535595976351e+18,4.881924746965103e+18,6.485396570585476e+17,1.0000000000000002e+19,-2048.0,0.4469535595976351,0.4881924746965103,0.06485396570585476,-2.048e-16,429079550.2056272,dirichlet_a20_19,0.43829657372764846,True,True,Q_above_A_supported,upper_bound,0.12725546748977906,0.04967201114118213,0.0003141777653633049,0.05601973705114616,0.033517558987981394,0.00018459431506036742,0.09188128337370738,8.910657060262394e-05,0.30137023601809015,2.4921988098818152e-08,0.03467398948322252,0.1731232213893753,0.005107366341015014,3.465640148608479e-07,0.015259549326868222,0.07072157430785242,0.04080975495275117
quality_linear,1.0,1e+19,logarithmic,32768,mixture,0.8047071577351047,dirichlet_a20_19,dirichlet_around_p0|topQ,in,True,True,1.7292853674812048,0.4321881945078601,1.0,0.43829657372764846,157.88648942775845,157.88648942775845,2.3640253108571327,1429311596.453055,23138068385.665108,-2048.0,-2.048e-16,False,False,False,True,35185,4.4842603245633797e+18,4.898008077176429e+18,6.17731598260193e+17,1.0000000000000002e+19,-2048.0,0.448426032456338,0.48980080771764284,0.0617731598260193,-2.048e-16,432188194.5078601,dirichlet_a20_19,0.43829657372764846,True,True,Q_above_A_supported,upper_bound,0.12725546748977906,0.04967201114118213,0.0003141777653633049,0.05601973705114616,0.033517558987981394,0.00018459431506036742,0.09188128337370738,8.910657060262394e-05,0.30137023601809015,2.4921988098818152e-08,0.03467398948322252,0.1731232213893753,0.005107366341015014,3.465640148608479e-07,0.015259549326868222,0.07072157430785242,0.04080975495275117
quality_linear,1.0,1e+19,logarithmic,131072,fixed_ref,0.8047071577351047,dirichlet_a20_19,dirichlet_around_p0|topQ,in,True,True,1.101877546525851,0.2702133705410788,1.0,0.41663254110330095,157.88648942775845,157.88648942775845,2.466116262719092,1511467178.4002495,37007791213.20262,0.0,0.0,False,False,False,True,35185,1.7864522746217075e+18,7.805129084640548e+18,4.084186407377455e+17,1e+19,0.0,0.17864522746217076,0.7805129084640547,0.04084186407377455,0.0,270213370.5410788,dirichlet_a20_19,0.43829657372764846,True,True,Q_above_A_supported,upper_bound,0.12725546748977906,0.04967201114118213,0.0003141777653633049,0.05601973705114616,0.033517558987981394,0.00018459431506036742,0.09188128337370738,8.910657060262394e-05,0.30137023601809015,2.4921988098818152e-08,0.03467398948322252,0.1731232213893753,0.005107366341015014,3.465640148608479e-07,0.015259549326868222,0.07072157430785242,0.04080975495275117
quality_linear,1.0,1e+19,logarithmic,131072,mixture,0.8047071577351047,dirichlet_a20_19,dirichlet_around_p0|topQ,in,True,True,1.0986347541082138,0.27158288895229615,1.0,0.43829657372764846,157.88648942775845,157.88648942775845,2.4658462296184296,1429311596.453055,36821171019.19669,0.0,0.0,False,False,False,True,35185,1.790222402544625e+18,7.821601024877637e+18,3.8817657257773914e+17,1e+19,0.0,0.17902224025446248,0.7821601024877637,0.03881765725777391,0.0,271582888.95229614,dirichlet_a20_19,0.43829657372764846,True,True,Q_above_A_supported,upper_bound,0.12725546748977906,0.04967201114118213,0.0003141777653633049,0.05601973705114616,0.033517558987981394,0.00018459431506036742,0.09188128337370738,8.910657060262394e-05,0.30137023601809015,2.4921988098818152e-08,0.03467398948322252,0.1731232213893753,0.005107366341015014,3.465640148608479e-07,0.015259549326868222,0.07072157430785242,0.04080975495275117
quality_linear,1.0,1e+22,exponential,2048,fixed_ref,0.8047071577351047,dirichlet_a20_19,dirichlet_around_p0|topQ,in,True,True,49.92828707539431,30.870596817380292,1.0,0.41663254110330095,157.88648942775845,157.88648942775845,1.8986412030606303,3912487936.8349757,323932836775.28235,-2097152.0,-2.097152e-16,False,False,False,True,35185,9.247896120521502e+21,6.313230418276013e+20,1.2078083765089658e+20,1.0000000000000002e+22,-2097152.0,0.9247896120521503,0.06313230418276013,0.012078083765089658,-2.097152e-16,30870596817.38029,dirichlet_a20_19,0.43829657372764846,False,True,N_above_support;Q_above_A_supported,upper_bound,0.12725546748977906,0.04967201114118213,0.0003141777653633049,0.05601973705114616,0.033517558987981394,0.00018459431506036742,0.09188128337370738,8.910657060262394e-05,0.30137023601809015,2.4921988098818152e-08,0.03467398948322252,0.1731232213893753,0.005107366341015014,3.465640148608479e-07,0.015259549326868222,0.07072157430785242,0.04080975495275117
quality_linear,1.0,1e+22,exponential,2048,mixture,0.8047071577351047,dirichlet_a20_19,dirichlet_around_p0|topQ,in,True,True,49.92828707539431,30.872208137982394,1.0,0.43829657372764846,157.88648942775845,157.88648942775845,1.8986395205402313,3895580832.190464,323915929670.6379,0.0,0.0,False,False,False,True,35185,9.248378823387057e+21,6.313559943432231e+20,1.2026518226971868e+20,1e+22,0.0,0.9248378823387057,0.0631355994343223,0.012026518226971868,0.0,30872208137.982395,dirichlet_a20_19,0.43829657372764846,False,True,N_above_support;Q_above_A_supported,upper_bound,0.12725546748977906,0.04967201114118213,0.0003141777653633049,0.05601973705114616,0.033517558987981394,0.00018459431506036742,0.09188128337370738,8.910657060262394e-05,0.30137023601809015,2.4921988098818152e-08,0.03467398948322252,0.1731232213893753,0.005107366341015014,3.465640148608479e-07,0.015259549326868222,0.07072157430785242,0.04080975495275117
quality_linear,1.0,1e+22,exponential,4096,fixed_ref,0.8047071577351047,dirichlet_a20_19,dirichlet_around_p0|topQ,in,True,True,48.52587032618282,29.866784922492574,1.0,0.41663254110330095,157.88648942775845,157.88648942775845,1.9006234407477633,3912487936.8349757,334820102865.1408,-2097152.0,-2.097152e-16,False,False,False,True,35185,8.6958703932532e+21,1.1872761710255035e+21,1.1685343572129692e+20,1.0000000000000002e+22,-2097152.0,0.86958703932532,0.11872761710255035,0.011685343572129692,-2.097152e-16,29866784922.492573,dirichlet_a20_19,0.43829657372764846,False,True,N_above_support;Q_above_A_supported,upper_bound,0.12725546748977906,0.04967201114118213,0.0003141777653633049,0.05601973705114616,0.033517558987981394,0.00018459431506036742,0.09188128337370738,8.910657060262394e-05,0.30137023601809015,2.4921988098818152e-08,0.03467398948322252,0.1731232213893753,0.005107366341015014,3.465640148608479e-07,0.015259549326868222,0.07072157430785242,0.04080975495275117
quality_linear,1.0,1e+22,exponential,4096,mixture,0.8047071577351047,dirichlet_a20_19,dirichlet_around_p0|topQ,in,True,True,48.52587032618282,29.86829315438663,1.0,0.43829657372764846,157.88648942775845,157.88648942775845,1.90062179780813,3895580832.190464,334803195760.49634,0.0,0.0,False,False,False,True,35185,8.696309522845078e+21,1.1873361268524479e+21,1.163543503024742e+20,1e+22,0.0,0.8696309522845078,0.11873361268524478,0.01163543503024742,0.0,29868293154.38663,dirichlet_a20_19,0.43829657372764846,False,True,N_above_support;Q_above_A_supported,upper_bound,0.12725546748977906,0.04967201114118213,0.0003141777653633049,0.05601973705114616,0.033517558987981394,0.00018459431506036742,0.09188128337370738,8.910657060262394e-05,0.30137023601809015,2.4921988098818152e-08,0.03467398948322252,0.1731232213893753,0.005107366341015014,3.465640148608479e-07,0.015259549326868222,0.07072157430785242,0.04080975495275117
quality_linear,1.0,1e+22,exponential,8192,fixed_ref,0.8047071577351047,dirichlet_a20_19,dirichlet_around_p0|topQ,in,True,True,46.06382525252854,28.10833091026846,1.0,0.41663254110330095,157.88648942775845,157.88648942775845,1.9043037241040912,3912487936.8349757,355766410745.74896,0.0,0.0,False,False,False,True,35185,7.768663459145117e+21,2.1213630352438932e+21,1.0997350561099103e+20,1e+22,0.0,0.7768663459145118,0.21213630352438934,0.010997350561099102,0.0,28108330910.26846,dirichlet_a20_19,0.43829657372764846,False,True,N_above_support;Q_above_A_supported,upper_bound,0.12725546748977906,0.04967201114118213,0.0003141777653633049,0.05601973705114616,0.033517558987981394,0.00018459431506036742,0.09188128337370738,8.910657060262394e-05,0.30137023601809015,2.4921988098818152e-08,0.03467398948322252,0.1731232213893753,0.005107366341015014,3.465640148608479e-07,0.015259549326868222,0.07072157430785242,0.04080975495275117
quality_linear,1.0,1e+22,exponential,8192,mixture,0.8047071577351047,dirichlet_a20_19,dirichlet_around_p0|topQ,in,True,True,46.06382525252854,28.109666767345466,1.0,0.43829657372764846,157.88648942775845,157.88648942775845,1.904302151412844,3895580832.190464,355749503641.1045,0.0,0.0,False,False,False,True,35185,7.769032667266863e+21,2.1214638536750046e+21,1.0950347905813229e+20,1e+22,0.0,0.7769032667266863,0.21214638536750047,0.01095034790581323,0.0,28109666767.345467,dirichlet_a20_19,0.43829657372764846,False,True,N_above_support;Q_above_A_supported,upper_bound,0.12725546748977906,0.04967201114118213,0.0003141777653633049,0.05601973705114616,0.033517558987981394,0.00018459431506036742,0.09188128337370738,8.910657060262394e-05,0.30137023601809015,2.4921988098818152e-08,0.03467398948322252,0.1731232213893753,0.005107366341015014,3.465640148608479e-07,0.015259549326868222,0.07072157430785242,0.04080975495275117
quality_linear,1.0,1e+22,exponential,32768,fixed_ref,0.8047071577351047,dirichlet_a20_19,dirichlet_around_p0|topQ,in,True,True,36.70230444259141,21.521179971933307,1.0,0.41663254110330095,157.88648942775845,157.88648942775845,1.9212091993004061,3912487936.8349757,464658536987.3505,-2097152.0,-2.097152e-16,False,False,False,True,35185,4.739261395762184e+21,5.176537247211174e+21,8.420135702664354e+19,1.0000000000000002e+22,-2097152.0,0.4739261395762184,0.5176537247211175,0.008420135702664354,-2.097152e-16,21521179971.933308,dirichlet_a20_19,0.43829657372764846,False,True,N_above_support;Q_above_A_supported,upper_bound,0.12725546748977906,0.04967201114118213,0.0003141777653633049,0.05601973705114616,0.033517558987981394,0.00018459431506036742,0.09188128337370738,8.910657060262394e-05,0.30137023601809015,2.4921988098818152e-08,0.03467398948322252,0.1731232213893753,0.005107366341015014,3.465640148608479e-07,0.015259549326868222,0.07072157430785242,0.04080975495275117
quality_linear,1.0,1e+22,exponential,32768,mixture,0.8047071577351047,dirichlet_a20_19,dirichlet_around_p0|topQ,in,True,True,36.70230444259141,21.521963071893484,1.0,0.43829657372764846,157.88648942775845,157.88648942775845,1.9212079017329926,3895580832.190464,464641629882.70605,0.0,0.0,False,False,False,True,35185,4.739433845201068e+21,5.176725607984953e+21,8.384054681397926e+19,1e+22,0.0,0.47394338452010676,0.5176725607984953,0.008384054681397926,0.0,21521963071.893486,dirichlet_a20_19,0.43829657372764846,False,True,N_above_support;Q_above_A_supported,upper_bound,0.12725546748977906,0.04967201114118213,0.0003141777653633049,0.05601973705114616,0.033517558987981394,0.00018459431506036742,0.09188128337370738,8.910657060262394e-05,0.30137023601809015,2.4921988098818152e-08,0.03467398948322252,0.1731232213893753,0.005107366341015014,3.465640148608479e-07,0.015259549326868222,0.07072157430785242,0.04080975495275117
quality_linear,1.0,1e+22,exponential,131072,fixed_ref,0.8047071577351047,dirichlet_a20_19,dirichlet_around_p0|topQ,in,True,True,23.88544480612743,12.930458836019938,1.0,0.41663254110330095,157.88648942775845,157.88648942775845,1.9570887572000557,3912487936.8349757,773367761099.3464,0.0,0.0,False,False,False,True,35185,1.8530985650739418e+21,8.09631117071239e+21,5.0590264213669224e+19,1e+22,0.0,0.18530985650739418,0.809631117071239,0.005059026421366923,0.0,12930458836.019938,dirichlet_a20_19,0.43829657372764846,False,True,N_above_support;Q_above_A_supported,upper_bound,0.12725546748977906,0.04967201114118213,0.0003141777653633049,0.05601973705114616,0.033517558987981394,0.00018459431506036742,0.09188128337370738,8.910657060262394e-05,0.30137023601809015,2.4921988098818152e-08,0.03467398948322252,0.1731232213893753,0.005107366341015014,3.465640148608479e-07,0.015259549326868222,0.07072157430785242,0.04080975495275117
quality_linear,1.0,1e+22,exponential,131072,mixture,0.8047071577351047,dirichlet_a20_19,dirichlet_around_p0|topQ,in,True,True,23.88544480612743,12.930741523521364,1.0,0.43829657372764846,157.88648942775845,157.88648942775845,1.9570878581183693,3895580832.190464,773350853994.7019,0.0,0.0,False,False,False,True,35185,1.853139077774218e+21,8.096488173400744e+21,5.037274882503914e+19,1e+22,0.0,0.18531390777742182,0.8096488173400743,0.005037274882503914,0.0,12930741523.521364,dirichlet_a20_19,0.43829657372764846,False,True,N_above_support;Q_above_A_supported,upper_bound,0.12725546748977906,0.04967201114118213,0.0003141777653633049,0.05601973705114616,0.033517558987981394,0.00018459431506036742,0.09188128337370738,8.910657060262394e-05,0.30137023601809015,2.4921988098818152e-08,0.03467398948322252,0.1731232213893753,0.005107366341015014,3.465640148608479e-07,0.015259549326868222,0.07072157430785242,0.04080975495275117
quality_linear,1.0,1e+22,power,2048,fixed_ref,0.8047071577351047,dirichlet_a20_19,dirichlet_around_p0|topQ,in,True,True,50.07565822868114,30.69233143893505,1.0,0.41663254110330095,157.88648942775845,157.88648942775845,1.89873423501555,4849345275.903549,325814284258.45825,2097152.0,2.097152e-16,False,False,False,True,35185,9.221632196265101e+21,6.29530091265031e+20,1.4883771246986566e+20,9.999999999999998e+21,2097152.0,0.92216321962651,0.0629530091265031,0.014883771246986565,2.097152e-16,30692331438.93505,dirichlet_a20_19,0.43829657372764846,False,True,N_above_support;Q_above_A_supported,upper_bound,0.12725546748977906,0.04967201114118213,0.0003141777653633049,0.05601973705114616,0.033517558987981394,0.00018459431506036742,0.09188128337370738,8.910657060262394e-05,0.30137023601809015,2.4921988098818152e-08,0.03467398948322252,0.1731232213893753,0.005107366341015014,3.465640148608479e-07,0.015259549326868222,0.07072157430785242,0.04080975495275117
quality_linear,1.0,1e+22,power,2048,mixture,0.8047071577351047,dirichlet_a20_19,dirichlet_around_p0|topQ,in,True,True,50.07565822868114,30.69552189900827,1.0,0.43829657372764846,157.88648942775845,157.88648942775845,1.8987308789039747,4815480483.878452,325780419466.43317,2097152.0,2.097152e-16,False,False,False,True,35185,9.222590782594415e+21,6.295955307584453e+20,1.4781368664713796e+20,9.999999999999998e+21,2097152.0,0.9222590782594415,0.06295955307584453,0.014781368664713796,2.097152e-16,30695521899.00827,dirichlet_a20_19,0.43829657372764846,False,True,N_above_support;Q_above_A_supported,upper_bound,0.12725546748977906,0.04967201114118213,0.0003141777653633049,0.05601973705114616,0.033517558987981394,0.00018459431506036742,0.09188128337370738,8.910657060262394e-05,0.30137023601809015,2.4921988098818152e-08,0.03467398948322252,0.1731232213893753,0.005107366341015014,3.465640148608479e-07,0.015259549326868222,0.07072157430785242,0.04080975495275117
quality_linear,1.0,1e+22,power,4096,fixed_ref,0.8047071577351047,dirichlet_a20_19,dirichlet_around_p0|topQ,in,True,True,48.66910202695012,29.697058599009406,1.0,0.41663254110330095,157.88648942775845,157.88648942775845,1.900714286782681,4849345275.903549,336733685818.08185,0.0,0.0,False,False,False,True,35185,8.671975049133031e+21,1.18401366004163e+21,1.4401129082533714e+20,1e+22,0.0,0.8671975049133032,0.118401366004163,0.014401129082533715,0.0,29697058599.009407,dirichlet_a20_19,0.43829657372764846,False,True,N_above_support;Q_above_A_supported,upper_bound,0.12725546748977906,0.04967201114118213,0.0003141777653633049,0.05601973705114616,0.033517558987981394,0.00018459431506036742,0.09188128337370738,8.910657060262394e-05,0.30137023601809015,2.4921988098818152e-08,0.03467398948322252,0.1731232213893753,0.005107366341015014,3.465640148608479e-07,0.015259549326868222,0.07072157430785242,0.04080975495275117
quality_linear,1.0,1e+22,power,4096,mixture,0.8047071577351047,dirichlet_a20_19,dirichlet_around_p0|topQ,in,True,True,48.66910202695012,29.700045487182223,1.0,0.43829657372764846,157.88648942775845,157.88648942775845,1.900711009406602,4815480483.878452,336699821026.05676,2097152.0,2.097152e-16,False,False,False,True,35185,8.672847264124387e+21,1.184132746461783e+21,1.430199894138283e+20,9.999999999999998e+21,2097152.0,0.8672847264124387,0.1184132746461783,0.014301998941382829,2.097152e-16,29700045487.182224,dirichlet_a20_19,0.43829657372764846,False,True,N_above_support;Q_above_A_supported,upper_bound,0.12725546748977906,0.04967201114118213,0.0003141777653633049,0.05601973705114616,0.033517558987981394,0.00018459431506036742,0.09188128337370738,8.910657060262394e-05,0.30137023601809015,2.4921988098818152e-08,0.03467398948322252,0.1731232213893753,0.005107366341015014,3.465640148608479e-07,0.015259549326868222,0.07072157430785242,0.04080975495275117
quality_linear,1.0,1e+22,power,8192,fixed_ref,0.8047071577351047,dirichlet_a20_19,dirichlet_around_p0|topQ,in,True,True,46.199789841940905,27.95311993401229,1.0,0.41663254110330095,157.88648942775845,157.88648942775845,1.9043906940714426,4849345275.903549,357741820004.58496,0.0,0.0,False,False,False,True,35185,7.74856959826762e+21,2.1158760716336114e+21,1.3555433009876782e+20,1e+22,0.0,0.7748569598267621,0.21158760716336114,0.013555433009876782,0.0,27953119934.012287,dirichlet_a20_19,0.43829657372764846,False,True,N_above_support;Q_above_A_supported,upper_bound,0.12725546748977906,0.04967201114118213,0.0003141777653633049,0.05601973705114616,0.033517558987981394,0.00018459431506036742,0.09188128337370738,8.910657060262394e-05,0.30137023601809015,2.4921988098818152e-08,0.03467398948322252,0.1731232213893753,0.005107366341015014,3.465640148608479e-07,0.015259549326868222,0.07072157430785242,0.04080975495275117
quality_linear,1.0,1e+22,power,8192,mixture,0.8047071577351047,dirichlet_a20_19,dirichlet_around_p0|topQ,in,True,True,46.199789841940905,27.955766301193176,1.0,0.43829657372764846,157.88648942775845,157.88648942775845,1.904387556466314,4815480483.878452,357707955212.5599,2097152.0,2.097152e-16,False,False,False,True,35185,7.74930316791323e+21,2.116076385051506e+21,1.3462044703526265e+20,9.999999999999998e+21,2097152.0,0.774930316791323,0.2116076385051506,0.013462044703526264,2.097152e-16,27955766301.193176,dirichlet_a20_19,0.43829657372764846,False,True,N_above_support;Q_above_A_supported,upper_bound,0.12725546748977906,0.04967201114118213,0.0003141777653633049,0.05601973705114616,0.033517558987981394,0.00018459431506036742,0.09188128337370738,8.910657060262394e-05,0.30137023601809015,2.4921988098818152e-08,0.03467398948322252,0.1731232213893753,0.005107366341015014,3.465640148608479e-07,0.015259549326868222,0.07072157430785242,0.04080975495275117
quality_linear,1.0,1e+22,power,32768,fixed_ref,0.8047071577351047,dirichlet_a20_19,dirichlet_around_p0|topQ,in,True,True,36.77449069057981,21.436154087932827,1.0,0.41663254110330095,157.88648942775845,157.88648942775845,1.9212809967920286,4849345275.903549,466501591609.16626,2097152.0,2.097152e-16,False,False,False,True,35185,4.72982189369112e+21,5.166226793749022e+21,1.0395131255985761e+20,9.999999999999998e+21,2097152.0,0.472982189369112,0.5166226793749021,0.010395131255985762,2.097152e-16,21436154087.932827,dirichlet_a20_19,0.43829657372764846,False,True,N_above_support;Q_above_A_supported,upper_bound,0.12725546748977906,0.04967201114118213,0.0003141777653633049,0.05601973705114616,0.033517558987981394,0.00018459431506036742,0.09188128337370738,8.910657060262394e-05,0.30137023601809015,2.4921988098818152e-08,0.03467398948322252,0.1731232213893753,0.005107366341015014,3.465640148608479e-07,0.015259549326868222,0.07072157430785242,0.04080975495275117
quality_linear,1.0,1e+22,power,32768,mixture,0.8047071577351047,dirichlet_a20_19,dirichlet_around_p0|topQ,in,True,True,36.77449069057981,21.43771031756732,1.0,0.43829657372764846,157.88648942775845,157.88648942775845,1.9212784051397946,4815480483.878452,466467726817.1412,0.0,0.0,False,False,False,True,35185,4.730165271004357e+21,5.166601853342358e+21,1.0323287565328515e+20,1e+22,0.0,0.4730165271004357,0.5166601853342359,0.010323287565328515,0.0,21437710317.567318,dirichlet_a20_19,0.43829657372764846,False,True,N_above_support;Q_above_A_supported,upper_bound,0.12725546748977906,0.04967201114118213,0.0003141777653633049,0.05601973705114616,0.033517558987981394,0.00018459431506036742,0.09188128337370738,8.910657060262394e-05,0.30137023601809015,2.4921988098818152e-08,0.03467398948322252,0.1731232213893753,0.005107366341015014,3.465640148608479e-07,0.015259549326868222,0.07072157430785242,0.04080975495275117
quality_linear,1.0,1e+22,power,131072,fixed_ref,0.8047071577351047,dirichlet_a20_19,dirichlet_around_p0|topQ,in,True,True,23.920669646630596,12.895914812155656,1.0,0.41663254110330095,157.88648942775845,157.88648942775845,1.9571385322900978,4849345275.903549,775439365540.3202,0.0,0.0,False,False,False,True,35185,1.8508735080759943e+21,8.086589748351224e+21,6.253674357278164e+19,1e+22,0.0,0.18508735080759944,0.8086589748351224,0.0062536743572781635,0.0,12895914812.155657,dirichlet_a20_19,0.43829657372764846,False,True,N_above_support;Q_above_A_supported,upper_bound,0.12725546748977906,0.04967201114118213,0.0003141777653633049,0.05601973705114616,0.033517558987981394,0.00018459431506036742,0.09188128337370738,8.910657060262394e-05,0.30137023601809015,2.4921988098818152e-08,0.03467398948322252,0.1731232213893753,0.005107366341015014,3.465640148608479e-07,0.015259549326868222,0.07072157430785242,0.04080975495275117
quality_linear,1.0,1e+22,power,131072,mixture,0.8047071577351047,dirichlet_a20_19,dirichlet_around_p0|topQ,in,True,True,23.920669646630596,12.89647802388509,1.0,0.43829657372764846,157.88648942775845,157.88648942775845,1.957136734888552,4815480483.878452,775405500748.295,-2097152.0,-2.097152e-16,False,False,False,True,35185,1.8509543424863198e+21,8.086942919278896e+21,6.2102738234786e+19,1.0000000000000002e+22,-2097152.0,0.18509543424863198,0.8086942919278897,0.0062102738234786,-2.097152e-16,12896478023.88509,dirichlet_a20_19,0.43829657372764846,False,True,N_above_support;Q_above_A_supported,upper_bound,0.12725546748977906,0.04967201114118213,0.0003141777653633049,0.05601973705114616,0.033517558987981394,0.00018459431506036742,0.09188128337370738,8.910657060262394e-05,0.30137023601809015,2.4921988098818152e-08,0.03467398948322252,0.1731232213893753,0.005107366341015014,3.465640148608479e-07,0.015259549326868222,0.07072157430785242,0.04080975495275117
quality_linear,1.0,1e+22,logarithmic,2048,fixed_ref,0.8047071577351047,dirichlet_a20_19,dirichlet_around_p0|topQ,in,True,True,49.48877076690352,31.37602451984918,1.0,0.41663254110330095,157.88648942775845,157.88648942775845,1.8984008736254554,1511467178.4002495,318714692285.94507,2097152.0,2.097152e-16,False,False,False,True,35185,9.316565310237361e+21,6.360108585122039e+20,4.742383125043348e+19,9.999999999999998e+21,2097152.0,0.9316565310237361,0.06360108585122039,0.004742383125043348,2.097152e-16,31376024519.849182,dirichlet_a20_19,0.43829657372764846,False,True,N_above_support;Q_above_A_supported,upper_bound,0.12725546748977906,0.04967201114118213,0.0003141777653633049,0.05601973705114616,0.033517558987981394,0.00018459431506036742,0.09188128337370738,8.910657060262394e-05,0.30137023601809015,2.4921988098818152e-08,0.03467398948322252,0.1731232213893753,0.005107366341015014,3.465640148608479e-07,0.015259549326868222,0.07072157430785242,0.04080975495275117
quality_linear,1.0,1e+22,logarithmic,2048,mixture,0.8047071577351047,dirichlet_a20_19,dirichlet_around_p0|topQ,in,True,True,49.48877076690352,31.38411445184509,1.0,0.43829657372764846,157.88648942775845,157.88648942775845,1.89839260107804,1429311596.453055,318632536703.99786,0.0,0.0,False,False,False,True,35185,9.318967474977753e+21,6.361748462918146e+20,4.4857678730432094e+19,1e+22,0.0,0.9318967474977753,0.06361748462918146,0.00448576787304321,0.0,31384114451.84509,dirichlet_a20_19,0.43829657372764846,False,True,N_above_support;Q_above_A_supported,upper_bound,0.12725546748977906,0.04967201114118213,0.0003141777653633049,0.05601973705114616,0.033517558987981394,0.00018459431506036742,0.09188128337370738,8.910657060262394e-05,0.30137023601809015,2.4921988098818152e-08,0.03467398948322252,0.1731232213893753,0.005107366341015014,3.465640148608479e-07,0.015259549326868222,0.07072157430785242,0.04080975495275117
quality_linear,1.0,1e+22,logarithmic,4096,fixed_ref,0.8047071577351047,dirichlet_a20_19,dirichlet_around_p0|topQ,in,True,True,48.1223321830946,30.33361441782628,1.0,0.41663254110330095,157.88648942775845,157.88648942775845,1.9003888181897524,1511467178.4002495,329667274801.35895,0.0,0.0,False,False,False,True,35185,8.758345615971263e+21,1.1958061214339432e+21,4.584826259479301e+19,1e+22,0.0,0.8758345615971264,0.11958061214339433,0.004584826259479301,0.0,30333614417.82628,dirichlet_a20_19,0.43829657372764846,False,True,N_above_support;Q_above_A_supported,upper_bound,0.12725546748977906,0.04967201114118213,0.0003141777653633049,0.05601973705114616,0.033517558987981394,0.00018459431506036742,0.09188128337370738,8.910657060262394e-05,0.30137023601809015,2.4921988098818152e-08,0.03467398948322252,0.1731232213893753,0.005107366341015014,3.465640148608479e-07,0.015259549326868222,0.07072157430785242,0.04080975495275117
quality_linear,1.0,1e+22,logarithmic,4096,mixture,0.8047071577351047,dirichlet_a20_19,dirichlet_around_p0|topQ,in,True,True,48.09869942484846,30.35601878382567,1.0,0.43829657372764846,157.88648942775845,157.88648942775845,1.9003807439016611,1429311596.453055,329423962714.37976,0.0,0.0,False,False,False,True,35185,8.76051013930971e+21,1.1961016510204192e+21,4.338820966986879e+19,1e+22,0.0,0.8760510139309711,0.11961016510204192,0.004338820966986879,0.0,30356018783.825672,dirichlet_a20_19,0.43829657372764846,False,True,N_above_support;Q_above_A_supported,upper_bound,0.12725546748977906,0.04967201114118213,0.0003141777653633049,0.05601973705114616,0.033517558987981394,0.00018459431506036742,0.09188128337370738,8.910657060262394e-05,0.30137023601809015,2.4921988098818152e-08,0.03467398948322252,0.1731232213893753,0.005107366341015014,3.465640148608479e-07,0.015259549326868222,0.07072157430785242,0.04080975495275117
quality_linear,1.0,1e+22,logarithmic,8192,fixed_ref,0.8047071577351047,dirichlet_a20_19,dirichlet_around_p0|topQ,in,True,True,45.71443255657665,28.5146771278515,1.0,0.41663254110330095,157.88648942775845,157.88648942775845,1.9040792128463009,1511467178.4002495,350696588818.5553,0.0,0.0,False,False,False,True,35185,7.821193706602355e+21,2.1357072948162165e+21,4.309899858142783e+19,1e+22,0.0,0.7821193706602355,0.21357072948162165,0.004309899858142783,0.0,28514677127.851498,dirichlet_a20_19,0.43829657372764846,False,True,N_above_support;Q_above_A_supported,upper_bound,0.12725546748977906,0.04967201114118213,0.0003141777653633049,0.05601973705114616,0.033517558987981394,0.00018459431506036742,0.09188128337370738,8.910657060262394e-05,0.30137023601809015,2.4921988098818152e-08,0.03467398948322252,0.1731232213893753,0.005107366341015014,3.465640148608479e-07,0.015259549326868222,0.07072157430785242,0.04080975495275117
quality_linear,1.0,1e+22,logarithmic,8192,mixture,0.8047071577351047,dirichlet_a20_19,dirichlet_around_p0|topQ,in,True,True,45.691982311878235,28.535315149958944,1.0,0.43829657372764846,157.88648942775845,157.88648942775845,1.904071488281833,1429311596.453055,350442949287.5038,0.0,0.0,False,False,False,True,35185,7.82301069057477e+21,2.1362034525729506e+21,4.078585685227886e+19,1e+22,0.0,0.7823010690574771,0.21362034525729506,0.004078585685227887,0.0,28535315149.958942,dirichlet_a20_19,0.43829657372764846,False,True,N_above_support;Q_above_A_supported,upper_bound,0.12725546748977906,0.04967201114118213,0.0003141777653633049,0.05601973705114616,0.033517558987981394,0.00018459431506036742,0.09188128337370738,8.910657060262394e-05,0.30137023601809015,2.4921988098818152e-08,0.03467398948322252,0.1731232213893753,0.005107366341015014,3.465640148608479e-07,0.015259549326868222,0.07072157430785242,0.04080975495275117
quality_linear,1.0,1e+22,logarithmic,32768,fixed_ref,0.8047071577351047,dirichlet_a20_19,dirichlet_around_p0|topQ,in,True,True,36.468676295360666,21.771094096330177,1.0,0.41663254110330095,157.88648942775845,157.88648942775845,1.921024167681607,1511467178.4002495,459324641919.8399,2097152.0,2.097152e-16,False,False,False,True,35185,4.763777899169418e+21,5.203315806666114e+21,3.2906294164466504e+19,9.999999999999998e+21,2097152.0,0.47637778991694174,0.5203315806666114,0.0032906294164466504,2.097152e-16,21771094096.330177,dirichlet_a20_19,0.43829657372764846,False,True,N_above_support;Q_above_A_supported,upper_bound,0.12725546748977906,0.04967201114118213,0.0003141777653633049,0.05601973705114616,0.033517558987981394,0.00018459431506036742,0.09188128337370738,8.910657060262394e-05,0.30137023601809015,2.4921988098818152e-08,0.03467398948322252,0.1731232213893753,0.005107366341015014,3.465640148608479e-07,0.015259549326868222,0.07072157430785242,0.04080975495275117
quality_linear,1.0,1e+22,logarithmic,32768,mixture,0.8047071577351047,dirichlet_a20_19,dirichlet_around_p0|topQ,in,True,True,36.468676295360666,21.774988807639176,1.0,0.43829657372764846,157.88648942775845,157.88648942775845,1.921017809530214,1429311596.453055,459242486337.8927,0.0,0.0,False,False,False,True,35185,4.764630108965367e+21,5.204246647019239e+21,3.1123244015394152e+19,1e+22,0.0,0.4764630108965367,0.5204246647019238,0.003112324401539415,0.0,21774988807.639175,dirichlet_a20_19,0.43829657372764846,False,True,N_above_support;Q_above_A_supported,upper_bound,0.12725546748977906,0.04967201114118213,0.0003141777653633049,0.05601973705114616,0.033517558987981394,0.00018459431506036742,0.09188128337370738,8.910657060262394e-05,0.30137023601809015,2.4921988098818152e-08,0.03467398948322252,0.1731232213893753,0.005107366341015014,3.465640148608479e-07,0.015259549326868222,0.07072157430785242,0.04080975495275117
quality_linear,1.0,1e+22,logarithmic,131072,fixed_ref,0.8047071577351047,dirichlet_a20_19,dirichlet_around_p0|topQ,in,True,True,23.8034551002252,13.015317225664361,1.0,0.41663254110330095,157.88648942775845,157.88648942775845,1.956960764599062,1511467178.4002495,768325491159.095,0.0,0.0,False,False,False,True,35185,1.8588571151777357e+21,8.121470660019206e+21,1.9672224803059077e+19,1e+22,0.0,0.18588571151777356,0.8121470660019205,0.0019672224803059077,0.0,13015317225.664362,dirichlet_a20_19,0.43829657372764846,False,True,N_above_support;Q_above_A_supported,upper_bound,0.12725546748977906,0.04967201114118213,0.0003141777653633049,0.05601973705114616,0.033517558987981394,0.00018459431506036742,0.09188128337370738,8.910657060262394e-05,0.30137023601809015,2.4921988098818152e-08,0.03467398948322252,0.1731232213893753,0.005107366341015014,3.465640148608479e-07,0.015259549326868222,0.07072157430785242,0.04080975495275117
quality_linear,1.0,1e+22,logarithmic,131072,mixture,0.8047071577351047,dirichlet_a20_19,dirichlet_around_p0|topQ,in,True,True,23.79176528233211,13.02309278723566,1.0,0.43829657372764846,157.88648942775845,157.88648942775845,1.9569563737509301,1429311596.453055,767866755107.6125,-2097152.0,-2.097152e-16,False,False,False,True,35185,1.859054201063659e+21,8.122331741393863e+21,1.8614057542480065e+19,1.0000000000000002e+22,-2097152.0,0.1859054201063659,0.8122331741393862,0.0018614057542480065,-2.097152e-16,13023092787.23566,dirichlet_a20_19,0.43829657372764846,False,True,N_above_support;Q_above_A_supported,upper_bound,0.12725546748977906,0.04967201114118213,0.0003141777653633049,0.05601973705114616,0.033517558987981394,0.00018459431506036742,0.09188128337370738,8.910657060262394e-05,0.30137023601809015,2.4921988098818152e-08,0.03467398948322252,0.1731232213893753,0.005107366341015014,3.465640148608479e-07,0.015259549326868222,0.07072157430785242,0.04080975495275117
quality_linear,1.0,1e+24,exponential,2048,fixed_ref,0.8047071577351047,dirichlet_a20_19,dirichlet_around_p0|topQ,in,True,True,394.40886390269674,394.95788204969045,1.0,0.41663254110330095,157.88648942775845,157.88648942775845,1.7926210707629724,3912487936.8349757,2531915542007.56,0.0,0.0,False,False,False,True,35185,9.346493372918022e+23,6.380539475912037e+22,1.545267949077305e+21,1e+24,0.0,0.9346493372918022,0.06380539475912038,0.001545267949077305,0.0,394957882049.6904,dirichlet_a20_19,0.43829657372764846,False,True,N_above_support;Q_above_A_supported,upper_bound,0.12725546748977906,0.04967201114118213,0.0003141777653633049,0.05601973705114616,0.033517558987981394,0.00018459431506036742,0.09188128337370738,8.910657060262394e-05,0.30137023601809015,2.4921988098818152e-08,0.03467398948322252,0.1731232213893753,0.005107366341015014,3.465640148608479e-07,0.015259549326868222,0.07072157430785242,0.04080975495275117
quality_linear,1.0,1e+24,exponential,2048,mixture,0.8047071577351047,dirichlet_a20_19,dirichlet_around_p0|topQ,in,True,True,394.40886390269674,394.9605194357809,1.0,0.43829657372764846,157.88648942775845,157.88648942775845,1.7926209652921625,3895580832.190464,2531898634902.9155,0.0,0.0,False,False,False,True,35185,9.346555785425119e+23,6.380582082850214e+22,1.5386006289860172e+21,1e+24,0.0,0.9346555785425119,0.06380582082850214,0.0015386006289860173,0.0,394960519435.7809,dirichlet_a20_19,0.43829657372764846,False,True,N_above_support;Q_above_A_supported,upper_bound,0.12725546748977906,0.04967201114118213,0.0003141777653633049,0.05601973705114616,0.033517558987981394,0.00018459431506036742,0.09188128337370738,8.910657060262394e-05,0.30137023601809015,2.4921988098818152e-08,0.03467398948322252,0.1731232213893753,0.005107366341015014,3.465640148608479e-07,0.015259549326868222,0.07072157430785242,0.04080975495275117
quality_linear,1.0,1e+24,exponential,4096,fixed_ref,0.8047071577351047,dirichlet_a20_19,dirichlet_around_p0|topQ,in,True,True,383.5188078135842,381.7953935912225,1.0,0.41663254110330095,157.88648942775845,157.88648942775845,1.793602663387185,3912487936.8349757,2619203942179.2285,-134217728.0,-1.3421772800000001e-16,False,False,False,True,35185,8.785542850729429e+23,1.1995194505529246e+23,1.4937698717648195e+21,1.0000000000000001e+24,-134217728.0,0.8785542850729429,0.11995194505529246,0.0014937698717648197,-1.3421772800000001e-16,381795393591.2225,dirichlet_a20_19,0.43829657372764846,False,True,N_above_support;Q_above_A_supported,upper_bound,0.12725546748977906,0.04967201114118213,0.0003141777653633049,0.05601973705114616,0.033517558987981394,0.00018459431506036742,0.09188128337370738,8.910657060262394e-05,0.30137023601809015,2.4921988098818152e-08,0.03467398948322252,0.1731232213893753,0.005107366341015014,3.465640148608479e-07,0.015259549326868222,0.07072157430785242,0.04080975495275117
quality_linear,1.0,1e+24,exponential,4096,mixture,0.8047071577351047,dirichlet_a20_19,dirichlet_around_p0|topQ,in,True,True,383.5188078135842,381.7978581172703,1.0,0.43829657372764846,157.88648942775845,157.88648942775845,1.7936025604595538,3895580832.190464,2619187035074.584,0.0,0.0,False,False,False,True,35185,8.78559956225493e+23,1.1995271935665397e+23,1.4873244178530126e+21,1e+24,0.0,0.878559956225493,0.11995271935665397,0.0014873244178530125,0.0,381797858117.2703,dirichlet_a20_19,0.43829657372764846,False,True,N_above_support;Q_above_A_supported,upper_bound,0.12725546748977906,0.04967201114118213,0.0003141777653633049,0.05601973705114616,0.033517558987981394,0.00018459431506036742,0.09188128337370738,8.910657060262394e-05,0.30137023601809015,2.4921988098818152e-08,0.03467398948322252,0.1731232213893753,0.005107366341015014,3.465640148608479e-07,0.015259549326868222,0.07072157430785242,0.04080975495275117
quality_linear,1.0,1e+24,exponential,8192,fixed_ref,0.8047071577351047,dirichlet_a20_19,dirichlet_around_p0|topQ,in,True,True,364.3286573740016,358.8344405755229,1.0,0.41663254110330095,157.88648942775845,157.88648942775845,1.795424773467696,3912487936.8349757,2786800504422.4087,0.0,0.0,False,False,False,True,35185,7.844020197265873e+23,2.141940448533401e+23,1.4039354200726603e+21,1e+24,0.0,0.7844020197265873,0.21419404485334012,0.0014039354200726603,0.0,358834440575.5229,dirichlet_a20_19,0.43829657372764846,False,True,N_above_support;Q_above_A_supported,upper_bound,0.12725546748977906,0.04967201114118213,0.0003141777653633049,0.05601973705114616,0.033517558987981394,0.00018459431506036742,0.09188128337370738,8.910657060262394e-05,0.30137023601809015,2.4921988098818152e-08,0.03467398948322252,0.1731232213893753,0.005107366341015014,3.465640148608479e-07,0.015259549326868222,0.07072157430785242,0.04080975495275117
quality_linear,1.0,1e+24,exponential,8192,mixture,0.8047071577351047,dirichlet_a20_19,dirichlet_around_p0|topQ,in,True,True,364.3286573740016,358.8366175839719,1.0,0.43829657372764846,157.88648942775845,157.88648942775845,1.7954246750361496,3895580832.190464,2786783597317.764,0.0,0.0,False,False,False,True,35185,7.844067786059791e+23,2.1419534434467267e+23,1.3978770493481804e+21,1e+24,0.0,0.7844067786059792,0.2141953443446727,0.0013978770493481803,0.0,358836617583.97186,dirichlet_a20_19,0.43829657372764846,False,True,N_above_support;Q_above_A_supported,upper_bound,0.12725546748977906,0.04967201114118213,0.0003141777653633049,0.05601973705114616,0.033517558987981394,0.00018459431506036742,0.09188128337370738,8.910657060262394e-05,0.30137023601809015,2.4921988098818152e-08,0.03467398948322252,0.1731232213893753,0.005107366341015014,3.465640148608479e-07,0.015259549326868222,0.07072157430785242,0.04080975495275117
quality_linear,1.0,1e+24,exponential,32768,fixed_ref,0.8047071577351047,dirichlet_a20_19,dirichlet_around_p0|topQ,in,True,True,291.0717118066608,273.38012963231,1.0,0.41663254110330095,157.88648942775845,157.88648942775845,1.8037897358484944,3912487936.8349757,3657910329272.932,0.0,0.0,False,False,False,True,35185,4.774393338360198e+23,5.214910697046233e+23,1.0695964593567948e+21,1e+24,0.0,0.47743933383601983,0.5214910697046233,0.0010695964593567947,0.0,273380129632.31,dirichlet_a20_19,0.43829657372764846,False,True,N_above_support;Q_above_A_supported,upper_bound,0.12725546748977906,0.04967201114118213,0.0003141777653633049,0.05601973705114616,0.033517558987981394,0.00018459431506036742,0.09188128337370738,8.910657060262394e-05,0.30137023601809015,2.4921988098818152e-08,0.03467398948322252,0.1731232213893753,0.005107366341015014,3.465640148608479e-07,0.015259549326868222,0.07072157430785242,0.04080975495275117
quality_linear,1.0,1e+24,exponential,32768,mixture,0.8047071577351047,dirichlet_a20_19,dirichlet_around_p0|topQ,in,True,True,291.0717118066608,273.3813932192782,1.0,0.43829657372764846,157.88648942775845,157.88648942775845,1.8037896549262127,3895580832.190464,3657893422168.2876,0.0,0.0,False,False,False,True,35185,4.7744154060255106e+23,5.214934800821464e+23,1.0649793153025443e+21,1e+24,0.0,0.47744154060255106,0.5214934800821465,0.0010649793153025442,0.0,273381393219.27823,dirichlet_a20_19,0.43829657372764846,False,True,N_above_support;Q_above_A_supported,upper_bound,0.12725546748977906,0.04967201114118213,0.0003141777653633049,0.05601973705114616,0.033517558987981394,0.00018459431506036742,0.09188128337370738,8.910657060262394e-05,0.30137023601809015,2.4921988098818152e-08,0.03467398948322252,0.1731232213893753,0.005107366341015014,3.465640148608479e-07,0.015259549326868222,0.07072157430785242,0.04080975495275117
quality_linear,1.0,1e+24,exponential,131072,fixed_ref,0.8047071577351047,dirichlet_a20_19,dirichlet_around_p0|topQ,in,True,True,190.07864760201244,163.20716245176786,1.0,0.41663254110330095,157.88648942775845,157.88648942775845,1.8215242648890926,3912487936.8349757,6127182073247.1045,0.0,0.0,False,False,False,True,35185,1.861331803067639e+23,8.132282736389385e+23,6.385460542976079e+20,1e+24,0.0,0.1861331803067639,0.8132282736389386,0.0006385460542976079,0.0,163207162451.76785,dirichlet_a20_19,0.43829657372764846,False,True,N_above_support;Q_above_A_supported,upper_bound,0.12725546748977906,0.04967201114118213,0.0003141777653633049,0.05601973705114616,0.033517558987981394,0.00018459431506036742,0.09188128337370738,8.910657060262394e-05,0.30137023601809015,2.4921988098818152e-08,0.03467398948322252,0.1731232213893753,0.005107366341015014,3.465640148608479e-07,0.015259549326868222,0.07072157430785242,0.04080975495275117
quality_linear,1.0,1e+24,exponential,131072,mixture,0.8047071577351047,dirichlet_a20_19,dirichlet_around_p0|topQ,in,True,True,190.07864760201244,163.20761280042004,1.0,0.43829657372764846,157.88648942775845,157.88648942775845,1.8215242090754251,3895580832.190464,6127165166142.46,-134217728.0,-1.3421772800000001e-16,False,False,False,True,35185,1.8613369391674043e+23,8.132305176351668e+23,6.357884480928793e+20,1.0000000000000001e+24,-134217728.0,0.18613369391674042,0.8132305176351668,0.0006357884480928793,-1.3421772800000001e-16,163207612800.42004,dirichlet_a20_19,0.43829657372764846,False,True,N_above_support;Q_above_A_supported,upper_bound,0.12725546748977906,0.04967201114118213,0.0003141777653633049,0.05601973705114616,0.033517558987981394,0.00018459431506036742,0.09188128337370738,8.910657060262394e-05,0.30137023601809015,2.4921988098818152e-08,0.03467398948322252,0.1731232213893753,0.005107366341015014,3.465640148608479e-07,0.015259549326868222,0.07072157430785242,0.04080975495275117
quality_linear,1.0,1e+24,power,2048,fixed_ref,0.8047071577351047,dirichlet_a20_19,dirichlet_around_p0|topQ,in,True,True,394.6026522887072,394.6182740520306,1.0,0.41663254110330095,157.88648942775845,157.88648942775845,1.7926269129528813,4849345275.903549,2534094505385.601,-134217728.0,-1.3421772800000001e-16,False,False,False,True,35185,9.343045054951392e+23,6.378185424180151e+22,1.9136402630594265e+21,1.0000000000000001e+24,-134217728.0,0.9343045054951392,0.06378185424180151,0.0019136402630594265,-1.3421772800000001e-16,394618274052.0306,dirichlet_a20_19,0.43829657372764846,False,True,N_above_support;Q_above_A_supported,upper_bound,0.12725546748977906,0.04967201114118213,0.0003141777653633049,0.05601973705114616,0.033517558987981394,0.00018459431506036742,0.09188128337370738,8.910657060262394e-05,0.30137023601809015,2.4921988098818152e-08,0.03467398948322252,0.1731232213893753,0.005107366341015014,3.465640148608479e-07,0.015259549326868222,0.07072157430785242,0.04080975495275117
quality_linear,1.0,1e+24,power,2048,mixture,0.8047071577351047,dirichlet_a20_19,dirichlet_around_p0|topQ,in,True,True,394.6026522887072,394.6235476692305,1.0,0.43829657372764846,157.88648942775845,157.88648942775845,1.7926267018260325,4815480483.878452,2534060640593.576,0.0,0.0,False,False,False,True,35185,9.343169913951448e+23,6.378270661257522e+22,1.9003019922800577e+21,1e+24,0.0,0.9343169913951448,0.06378270661257522,0.0019003019922800577,0.0,394623547669.2305,dirichlet_a20_19,0.43829657372764846,False,True,N_above_support;Q_above_A_supported,upper_bound,0.12725546748977906,0.04967201114118213,0.0003141777653633049,0.05601973705114616,0.033517558987981394,0.00018459431506036742,0.09188128337370738,8.910657060262394e-05,0.30137023601809015,2.4921988098818152e-08,0.03467398948322252,0.1731232213893753,0.005107366341015014,3.465640148608479e-07,0.015259549326868222,0.07072157430785242,0.04080975495275117
quality_linear,1.0,1e+24,power,4096,fixed_ref,0.8047071577351047,dirichlet_a20_19,dirichlet_around_p0|topQ,in,True,True,383.70724549228004,381.47179385707256,1.0,0.41663254110330095,157.88648942775845,157.88648942775845,1.7936083649016221,4849345275.903549,2621425793736.8594,-134217728.0,-1.3421772800000001e-16,False,False,False,True,35185,8.782409475233772e+23,1.1990916403519176e+23,1.8498884414312476e+21,1.0000000000000001e+24,-134217728.0,0.8782409475233772,0.11990916403519176,0.0018498884414312475,-1.3421772800000001e-16,381471793857.0726,dirichlet_a20_19,0.43829657372764846,False,True,N_above_support;Q_above_A_supported,upper_bound,0.12725546748977906,0.04967201114118213,0.0003141777653633049,0.05601973705114616,0.033517558987981394,0.00018459431506036742,0.09188128337370738,8.910657060262394e-05,0.30137023601809015,2.4921988098818152e-08,0.03467398948322252,0.1731232213893753,0.005107366341015014,3.465640148608479e-07,0.015259549326868222,0.07072157430785242,0.04080975495275117
quality_linear,1.0,1e+24,power,4096,mixture,0.8047071577351047,dirichlet_a20_19,dirichlet_around_p0|topQ,in,True,True,383.70724549228004,381.4767219499761,1.0,0.43829657372764846,157.88648942775845,157.88648942775845,1.7936081588637887,4815480483.878452,2621391928944.8345,0.0,0.0,False,False,False,True,35185,8.782522931930983e+23,1.1991071309729769e+23,1.8369937096040367e+21,1e+24,0.0,0.8782522931930983,0.1199107130972977,0.0018369937096040366,0.0,381476721949.9761,dirichlet_a20_19,0.43829657372764846,False,True,N_above_support;Q_above_A_supported,upper_bound,0.12725546748977906,0.04967201114118213,0.0003141777653633049,0.05601973705114616,0.033517558987981394,0.00018459431506036742,0.09188128337370738,8.910657060262394e-05,0.30137023601809015,2.4921988098818152e-08,0.03467398948322252,0.1731232213893753,0.005107366341015014,3.465640148608479e-07,0.015259549326868222,0.07072157430785242,0.04080975495275117
quality_linear,1.0,1e+24,power,8192,fixed_ref,0.8047071577351047,dirichlet_a20_19,dirichlet_around_p0|topQ,in,True,True,364.5076661868154,358.5379921521395,1.0,0.41663254110330095,157.88648942775845,157.88648942775845,1.795430226001274,4849345275.903549,2789104702677.2744,-134217728.0,-1.3421772800000001e-16,False,False,False,True,35185,7.841390805520988e+23,2.1412224492942645e+23,1.7386745184749216e+21,1.0000000000000001e+24,-134217728.0,0.7841390805520988,0.21412224492942644,0.0017386745184749216,-1.3421772800000001e-16,358537992152.1395,dirichlet_a20_19,0.43829657372764846,False,True,N_above_support;Q_above_A_supported,upper_bound,0.12725546748977906,0.04967201114118213,0.0003141777653633049,0.05601973705114616,0.033517558987981394,0.00018459431506036742,0.09188128337370738,8.910657060262394e-05,0.30137023601809015,2.4921988098818152e-08,0.03467398948322252,0.1731232213893753,0.005107366341015014,3.465640148608479e-07,0.015259549326868222,0.07072157430785242,0.04080975495275117
quality_linear,1.0,1e+24,power,8192,mixture,0.8047071577351047,dirichlet_a20_19,dirichlet_around_p0|topQ,in,True,True,364.5076661868154,358.54234550680235,1.0,0.43829657372764846,157.88648942775845,157.88648942775845,1.7954300289605694,4815480483.878452,2789070837885.2495,134217728.0,1.3421772800000001e-16,False,False,False,True,35185,7.841486015389881e+23,2.141248447935797e+23,1.7265536674320118e+21,9.999999999999998e+23,134217728.0,0.7841486015389881,0.21412484479357968,0.0017265536674320118,1.3421772800000001e-16,358542345506.80237,dirichlet_a20_19,0.43829657372764846,False,True,N_above_support;Q_above_A_supported,upper_bound,0.12725546748977906,0.04967201114118213,0.0003141777653633049,0.05601973705114616,0.033517558987981394,0.00018459431506036742,0.09188128337370738,8.910657060262394e-05,0.30137023601809015,2.4921988098818152e-08,0.03467398948322252,0.1731232213893753,0.005107366341015014,3.465640148608479e-07,0.015259549326868222,0.07072157430785242,0.04080975495275117
quality_linear,1.0,1e+24,power,32768,fixed_ref,0.8047071577351047,dirichlet_a20_19,dirichlet_around_p0|topQ,in,True,True,291.0717118066608,273.3101299390354,1.0,0.41663254110330095,157.88648942775845,157.88648942775845,1.8037942194971635,4849345275.903549,3658847186612.0005,0.0,0.0,False,False,False,True,35185,4.773170842527356e+23,5.2135754055978804e+23,1.3253751874764464e+21,1e+24,0.0,0.4773170842527356,0.521357540559788,0.0013253751874764464,0.0,273310129939.0354,dirichlet_a20_19,0.43829657372764846,False,True,N_above_support;Q_above_A_supported,upper_bound,0.12725546748977906,0.04967201114118213,0.0003141777653633049,0.05601973705114616,0.033517558987981394,0.00018459431506036742,0.09188128337370738,8.910657060262394e-05,0.30137023601809015,2.4921988098818152e-08,0.03467398948322252,0.1731232213893753,0.005107366341015014,3.465640148608479e-07,0.015259549326868222,0.07072157430785242,0.04080975495275117
quality_linear,1.0,1e+24,power,32768,mixture,0.8047071577351047,dirichlet_a20_19,dirichlet_around_p0|topQ,in,True,True,291.0717118066608,273.3126596091482,1.0,0.43829657372764846,157.88648942775845,157.88648942775845,1.803794057440114,4815480483.878452,3658813321819.9756,-134217728.0,-1.3421772800000001e-16,False,False,False,True,35185,4.77321502145196e+23,5.213623660764594e+23,1.316131778344768e+21,1.0000000000000001e+24,-134217728.0,0.477321502145196,0.5213623660764595,0.001316131778344768,-1.3421772800000001e-16,273312659609.14825,dirichlet_a20_19,0.43829657372764846,False,True,N_above_support;Q_above_A_supported,upper_bound,0.12725546748977906,0.04967201114118213,0.0003141777653633049,0.05601973705114616,0.033517558987981394,0.00018459431506036742,0.09188128337370738,8.910657060262394e-05,0.30137023601809015,2.4921988098818152e-08,0.03467398948322252,0.1731232213893753,0.005107366341015014,3.465640148608479e-07,0.015259549326868222,0.07072157430785242,0.04080975495275117
quality_linear,1.0,1e+24,power,131072,fixed_ref,0.8047071577351047,dirichlet_a20_19,dirichlet_around_p0|topQ,in,True,True,190.07864760201244,163.18221159332936,1.0,0.41663254110330095,157.88648942775845,157.88648942775845,1.8215273574655353,4849345275.903549,6128118930586.173,-134217728.0,-1.3421772800000001e-16,False,False,False,True,35185,1.8610472455419288e+23,8.131039485589057e+23,7.913268869016051e+20,1.0000000000000001e+24,-134217728.0,0.18610472455419289,0.8131039485589057,0.0007913268869016051,-1.3421772800000001e-16,163182211593.32935,dirichlet_a20_19,0.43829657372764846,False,True,N_above_support;Q_above_A_supported,upper_bound,0.12725546748977906,0.04967201114118213,0.0003141777653633049,0.05601973705114616,0.033517558987981394,0.00018459431506036742,0.09188128337370738,8.910657060262394e-05,0.30137023601809015,2.4921988098818152e-08,0.03467398948322252,0.1731232213893753,0.005107366341015014,3.465640148608479e-07,0.015259549326868222,0.07072157430785242,0.04080975495275117
quality_linear,1.0,1e+24,power,131072,mixture,0.8047071577351047,dirichlet_a20_19,dirichlet_around_p0|topQ,in,True,True,190.07864760201244,163.18311336469813,1.0,0.43829657372764846,157.88648942775845,157.88648942775845,1.8215272456834133,4815480483.878452,6128085065794.148,0.0,0.0,False,False,False,True,35185,1.861057529990862e+23,8.131084419032076e+23,7.858050977062288e+20,1e+24,0.0,0.18610575299908622,0.8131084419032075,0.0007858050977062288,0.0,163183113364.69812,dirichlet_a20_19,0.43829657372764846,False,True,N_above_support;Q_above_A_supported,upper_bound,0.12725546748977906,0.04967201114118213,0.0003141777653633049,0.05601973705114616,0.033517558987981394,0.00018459431506036742,0.09188128337370738,8.910657060262394e-05,0.30137023601809015,2.4921988098818152e-08,0.03467398948322252,0.1731232213893753,0.005107366341015014,3.465640148608479e-07,0.015259549326868222,0.07072157430785242,0.04080975495275117
quality_linear,1.0,1e+24,logarithmic,2048,fixed_ref,0.8047071577351047,dirichlet_a20_19,dirichlet_around_p0|topQ,in,True,True,394.0215725909289,395.721124643956,1.0,0.41663254110330095,157.88648942775845,157.88648942775845,1.792606082618224,1511467178.4002495,2527032138857.2183,134217728.0,1.3421772800000001e-16,False,False,False,True,35185,9.355359590379752e+23,6.386592147032577e+22,5.981194916989736e+20,9.999999999999998e+23,134217728.0,0.9355359590379752,0.06386592147032577,0.0005981194916989736,1.3421772800000001e-16,395721124643.956,dirichlet_a20_19,0.43829657372764846,False,True,N_above_support;Q_above_A_supported,upper_bound,0.12725546748977906,0.04967201114118213,0.0003141777653633049,0.05601973705114616,0.033517558987981394,0.00018459431506036742,0.09188128337370738,8.910657060262394e-05,0.30137023601809015,2.4921988098818152e-08,0.03467398948322252,0.1731232213893753,0.005107366341015014,3.465640148608479e-07,0.015259549326868222,0.07072157430785242,0.04080975495275117
quality_linear,1.0,1e+24,logarithmic,2048,mixture,0.8047071577351047,dirichlet_a20_19,dirichlet_around_p0|topQ,in,True,True,394.0215725909289,395.73399023270883,1.0,0.43829657372764846,157.88648942775845,157.88648942775845,1.7926055693930611,1429311596.453055,2526949983275.271,268435456.0,2.6843545600000003e-16,False,False,False,True,35185,9.355663749550513e+23,6.386799786359818e+22,5.6562718135025074e+20,9.999999999999997e+23,268435456.0,0.9355663749550513,0.06386799786359819,0.0005656271813502508,2.6843545600000003e-16,395733990232.70886,dirichlet_a20_19,0.43829657372764846,False,True,N_above_support;Q_above_A_supported,upper_bound,0.12725546748977906,0.04967201114118213,0.0003141777653633049,0.05601973705114616,0.033517558987981394,0.00018459431506036742,0.09188128337370738,8.910657060262394e-05,0.30137023601809015,2.4921988098818152e-08,0.03467398948322252,0.1731232213893753,0.005107366341015014,3.465640148608479e-07,0.015259549326868222,0.07072157430785242,0.04080975495275117
quality_linear,1.0,1e+24,logarithmic,4096,fixed_ref,0.8047071577351047,dirichlet_a20_19,dirichlet_around_p0|topQ,in,True,True,383.1422100345774,382.521107175716,1.0,0.41663254110330095,157.88648942775845,157.88648942775845,1.7935880367105834,1511467178.4002495,2614234825846.191,134217728.0,1.3421772800000001e-16,False,False,False,True,35185,8.793598943290636e+23,1.2006193757239482e+23,5.781680985414189e+20,9.999999999999998e+23,134217728.0,0.8793598943290636,0.12006193757239482,0.000578168098541419,1.3421772800000001e-16,382521107175.716,dirichlet_a20_19,0.43829657372764846,False,True,N_above_support;Q_above_A_supported,upper_bound,0.12725546748977906,0.04967201114118213,0.0003141777653633049,0.05601973705114616,0.033517558987981394,0.00018459431506036742,0.09188128337370738,8.910657060262394e-05,0.30137023601809015,2.4921988098818152e-08,0.03467398948322252,0.1731232213893753,0.005107366341015014,3.465640148608479e-07,0.015259549326868222,0.07072157430785242,0.04080975495275117
quality_linear,1.0,1e+24,logarithmic,4096,mixture,0.8047071577351047,dirichlet_a20_19,dirichlet_around_p0|topQ,in,True,True,383.1422100345774,382.5331287552222,1.0,0.43829657372764846,157.88648942775845,157.88648942775845,1.7935875358721851,1429311596.453055,2614152670264.2437,134217728.0,1.3421772800000001e-16,False,False,False,True,35185,8.793875301763044e+23,1.200657107867381e+23,5.467590369573087e+20,9.999999999999998e+23,134217728.0,0.8793875301763044,0.1200657107867381,0.0005467590369573087,1.3421772800000001e-16,382533128755.2222,dirichlet_a20_19,0.43829657372764846,False,True,N_above_support;Q_above_A_supported,upper_bound,0.12725546748977906,0.04967201114118213,0.0003141777653633049,0.05601973705114616,0.033517558987981394,0.00018459431506036742,0.09188128337370738,8.910657060262394e-05,0.30137023601809015,2.4921988098818152e-08,0.03467398948322252,0.1731232213893753,0.005107366341015014,3.465640148608479e-07,0.015259549326868222,0.07072157430785242,0.04080975495275117
quality_linear,1.0,1e+24,logarithmic,8192,fixed_ref,0.8047071577351047,dirichlet_a20_19,dirichlet_around_p0|topQ,in,True,True,363.9709034375591,359.4966853145546,1.0,0.41663254110330095,157.88648942775845,157.88648942775845,1.7954107863669797,1511467178.4002495,2781666815995.852,134217728.0,1.3421772800000001e-16,False,False,False,True,35185,7.85078000020478e+23,2.1437863253892522e+23,5.433674405966323e+20,9.999999999999998e+23,134217728.0,0.785078000020478,0.21437863253892522,0.0005433674405966323,1.3421772800000001e-16,359496685314.5546,dirichlet_a20_19,0.43829657372764846,False,True,N_above_support;Q_above_A_supported,upper_bound,0.12725546748977906,0.04967201114118213,0.0003141777653633049,0.05601973705114616,0.033517558987981394,0.00018459431506036742,0.09188128337370738,8.910657060262394e-05,0.30137023601809015,2.4921988098818152e-08,0.03467398948322252,0.1731232213893753,0.005107366341015014,3.465640148608479e-07,0.015259549326868222,0.07072157430785242,0.04080975495275117
quality_linear,1.0,1e+24,logarithmic,8192,mixture,0.8047071577351047,dirichlet_a20_19,dirichlet_around_p0|topQ,in,True,True,363.9709034375591,359.50730324030405,1.0,0.43829657372764846,157.88648942775845,157.88648942775845,1.7954103074254835,1429311596.453055,2781584660413.905,134217728.0,1.3421772800000001e-16,False,False,False,True,35185,7.85101187716644e+23,2.1438496432582492e+23,5.1384795753093156e+20,9.999999999999998e+23,134217728.0,0.7851011877166441,0.21438496432582493,0.0005138479575309316,1.3421772800000001e-16,359507303240.3041,dirichlet_a20_19,0.43829657372764846,False,True,N_above_support;Q_above_A_supported,upper_bound,0.12725546748977906,0.04967201114118213,0.0003141777653633049,0.05601973705114616,0.033517558987981394,0.00018459431506036742,0.09188128337370738,8.910657060262394e-05,0.30137023601809015,2.4921988098818152e-08,0.03467398948322252,0.1731232213893753,0.005107366341015014,3.465640148608479e-07,0.015259549326868222,0.07072157430785242,0.04080975495275117
quality_linear,1.0,1e+24,logarithmic,32768,fixed_ref,0.8047071577351047,dirichlet_a20_19,dirichlet_around_p0|topQ,in,True,True,290.7858928117005,273.8284675982694,1.0,0.41663254110330095,157.88648942775845,157.88648942775845,1.8037782366743038,1511467178.4002495,3651921251179.364,0.0,0.0,False,False,False,True,35185,4.777527325669355e+23,5.2183338469177814e+23,4.138827412864205e+20,1e+24,0.0,0.4777527325669355,0.5218333846917782,0.0004138827412864205,0.0,273828467598.26944,dirichlet_a20_19,0.43829657372764846,False,True,N_above_support;Q_above_A_supported,upper_bound,0.12725546748977906,0.04967201114118213,0.0003141777653633049,0.05601973705114616,0.033517558987981394,0.00018459431506036742,0.09188128337370738,8.910657060262394e-05,0.30137023601809015,2.4921988098818152e-08,0.03467398948322252,0.1731232213893753,0.005107366341015014,3.465640148608479e-07,0.015259549326868222,0.07072157430785242,0.04080975495275117
quality_linear,1.0,1e+24,logarithmic,32768,mixture,0.8047071577351047,dirichlet_a20_19,dirichlet_around_p0|topQ,in,True,True,290.7858928117005,273.83462792913843,1.0,0.43829657372764846,157.88648942775845,157.88648942775845,1.8037778429871656,1429311596.453055,3651839095597.4165,0.0,0.0,False,False,False,True,35185,4.7776348059080605e+23,5.2184512439998445e+23,3.913950092095252e+20,1e+24,0.0,0.47776348059080603,0.5218451243999844,0.00039139500920952523,0.0,273834627929.13846,dirichlet_a20_19,0.43829657372764846,False,True,N_above_support;Q_above_A_supported,upper_bound,0.12725546748977906,0.04967201114118213,0.0003141777653633049,0.05601973705114616,0.033517558987981394,0.00018459431506036742,0.09188128337370738,8.910657060262394e-05,0.30137023601809015,2.4921988098818152e-08,0.03467398948322252,0.1731232213893753,0.005107366341015014,3.465640148608479e-07,0.015259549326868222,0.07072157430785242,0.04080975495275117
quality_linear,1.0,1e+24,logarithmic,131072,fixed_ref,0.8047071577351047,dirichlet_a20_19,dirichlet_around_p0|topQ,in,True,True,189.9853004485653,163.35134414354079,1.0,0.41663254110330095,157.88648942775845,157.88648942775845,1.8215163360162288,1511467178.4002495,6121773929948.662,-134217728.0,-1.3421772800000001e-16,False,False,False,True,35185,1.8620612517472548e+23,8.135469746300541e+23,2.4690019522052568e+20,1.0000000000000001e+24,-134217728.0,0.18620612517472548,0.8135469746300541,0.00024690019522052566,-1.3421772800000001e-16,163351344143.54077,dirichlet_a20_19,0.43829657372764846,False,True,N_above_support;Q_above_A_supported,upper_bound,0.12725546748977906,0.04967201114118213,0.0003141777653633049,0.05601973705114616,0.033517558987981394,0.00018459431506036742,0.09188128337370738,8.910657060262394e-05,0.30137023601809015,2.4921988098818152e-08,0.03467398948322252,0.1731232213893753,0.005107366341015014,3.465640148608479e-07,0.015259549326868222,0.07072157430785242,0.04080975495275117
quality_linear,1.0,1e+24,logarithmic,131072,mixture,0.8047071577351047,dirichlet_a20_19,dirichlet_around_p0|topQ,in,True,True,189.9853004485653,163.35353638471113,1.0,0.43829657372764846,157.88648942775845,157.88648942775845,1.8215160646309858,1429311596.453055,6121691774366.715,-134217728.0,-1.3421772800000001e-16,False,False,False,True,35185,1.8620862413630992e+23,8.135578927598139e+23,2.3348310387628363e+20,1.0000000000000001e+24,-134217728.0,0.18620862413630992,0.8135578927598139,0.00023348310387628365,-1.3421772800000001e-16,163353536384.71112,dirichlet_a20_19,0.43829657372764846,False,True,N_above_support;Q_above_A_supported,upper_bound,0.12725546748977906,0.04967201114118213,0.0003141777653633049,0.05601973705114616,0.033517558987981394,0.00018459431506036742,0.09188128337370738,8.910657060262394e-05,0.30137023601809015,2.4921988098818152e-08,0.03467398948322252,0.1731232213893753,0.005107366341015014,3.465640148608479e-07,0.015259549326868222,0.07072157430785242,0.04080975495275117
quality_linear,2.0,1e+19,exponential,2048,fixed_ref,0.8047071577351047,dirichlet_a20_19,dirichlet_around_p0|topQ,in,True,True,22.080047330188968,0.06875840776312242,1.0,0.41663254110330095,24928.143543821683,24928.143543821683,1.9677182514594243,3912487936.8349757,145436759304.41418,2048.0,2.048e-16,False,False,False,True,35185,9.109133386549053e+18,6.218501725217489e+17,2.6901644092919683e+17,9.999999999999998e+18,2048.0,0.9109133386549053,0.06218501725217489,0.026901644092919685,2.048e-16,68758407.76312242,dirichlet_a20_19,0.43829657372764846,False,False,N_above_support;D_below_support;Q_above_A_supported,upper_bound,0.12725546748977906,0.04967201114118213,0.0003141777653633049,0.05601973705114616,0.033517558987981394,0.00018459431506036742,0.09188128337370738,8.910657060262394e-05,0.30137023601809015,2.4921988098818152e-08,0.03467398948322252,0.1731232213893753,0.005107366341015014,3.465640148608479e-07,0.015259549326868222,0.07072157430785242,0.04080975495275117
quality_linear,2.0,1e+19,exponential,2048,mixture,0.8047071577351047,dirichlet_a20_19,dirichlet_around_p0|topQ,in,True,True,22.080047330188968,0.06876640189581927,1.0,0.43829657372764846,24928.143543821683,24928.143543821683,1.9677132305704745,3895580832.190464,145419852199.76968,0.0,0.0,False,False,False,True,35185,9.110192451518917e+18,6.219224713570248e+17,2.6788507712405955e+17,1e+19,0.0,0.9110192451518917,0.062192247135702476,0.026788507712405957,0.0,68766401.89581928,dirichlet_a20_19,0.43829657372764846,False,False,N_above_support;D_below_support;Q_above_A_supported,upper_bound,0.12725546748977906,0.04967201114118213,0.0003141777653633049,0.05601973705114616,0.033517558987981394,0.00018459431506036742,0.09188128337370738,8.910657060262394e-05,0.30137023601809015,2.4921988098818152e-08,0.03467398948322252,0.1731232213893753,0.005107366341015014,3.465640148608479e-07,0.015259549326868222,0.07072157430785242,0.04080975495275117
quality_linear,2.0,1e+19,exponential,4096,fixed_ref,0.8047071577351047,dirichlet_a20_19,dirichlet_around_p0|topQ,in,True,True,21.44404286456106,0.06660285889050425,1.0,0.41663254110330095,24928.143543821683,24928.143543821683,1.9703344028394887,3912487936.8349757,150143705038.84973,-2048.0,-2.048e-16,False,False,False,True,35185,8.569407365701708e+18,1.1700097523304732e+18,2.6058288196782e+17,1.0000000000000002e+19,-2048.0,0.8569407365701708,0.11700097523304732,0.026058288196782,-2.048e-16,66602858.89050425,dirichlet_a20_19,0.43829657372764846,False,False,N_above_support;D_below_support;Q_above_A_supported,upper_bound,0.12725546748977906,0.04967201114118213,0.0003141777653633049,0.05601973705114616,0.033517558987981394,0.00018459431506036742,0.09188128337370738,8.910657060262394e-05,0.30137023601809015,2.4921988098818152e-08,0.03467398948322252,0.1731232213893753,0.005107366341015014,3.465640148608479e-07,0.015259549326868222,0.07072157430785242,0.04080975495275117
quality_linear,2.0,1e+19,exponential,4096,mixture,0.8047071577351047,dirichlet_a20_19,dirichlet_around_p0|topQ,in,True,True,21.44404286456106,0.06661035962668446,1.0,0.43829657372764846,24928.143543821683,24928.143543821683,1.9703294958102753,3895580832.190464,150126797934.20523,0.0,0.0,False,False,False,True,35185,8.570372442350693e+18,1.1701415174622812e+18,2.5948604018702554e+17,1e+19,0.0,0.8570372442350693,0.11701415174622812,0.025948604018702554,0.0,66610359.62668446,dirichlet_a20_19,0.43829657372764846,False,False,N_above_support;D_below_support;Q_above_A_supported,upper_bound,0.12725546748977906,0.04967201114118213,0.0003141777653633049,0.05601973705114616,0.033517558987981394,0.00018459431506036742,0.09188128337370738,8.910657060262394e-05,0.30137023601809015,2.4921988098818152e-08,0.03467398948322252,0.1731232213893753,0.005107366341015014,3.465640148608479e-07,0.015259549326868222,0.07072157430785242,0.04080975495275117
quality_linear,2.0,1e+19,exponential,8192,fixed_ref,0.8047071577351047,dirichlet_a20_19,dirichlet_around_p0|topQ,in,True,True,20.336053074600695,0.06279537541831887,1.0,0.41663254110330095,24928.143543821683,24928.143543821683,1.9751928906223082,3912487936.8349757,159247395741.86493,0.0,0.0,False,False,False,True,35185,7.66206052407845e+18,2.0922533271083553e+18,2.456861488131961e+17,1e+19,0.0,0.766206052407845,0.20922533271083554,0.02456861488131961,0.0,62795375.41831886,dirichlet_a20_19,0.43829657372764846,False,False,N_above_support;D_below_support;Q_above_A_supported,upper_bound,0.12725546748977906,0.04967201114118213,0.0003141777653633049,0.05601973705114616,0.033517558987981394,0.00018459431506036742,0.09188128337370738,8.910657060262394e-05,0.30137023601809015,2.4921988098818152e-08,0.03467398948322252,0.1731232213893753,0.005107366341015014,3.465640148608479e-07,0.015259549326868222,0.07072157430785242,0.04080975495275117
quality_linear,2.0,1e+19,exponential,8192,mixture,0.8047071577351047,dirichlet_a20_19,dirichlet_around_p0|topQ,in,True,True,20.336053074600695,0.06280204303576119,1.0,0.43829657372764846,24928.143543821683,24928.143543821683,1.975188187269365,3895580832.190464,159230488637.22043,0.0,0.0,False,False,False,True,35185,7.662874082211579e+18,2.0924754827159086e+18,2.446504350725119e+17,1e+19,0.0,0.7662874082211579,0.20924754827159087,0.02446504350725119,0.0,62802043.035761185,dirichlet_a20_19,0.43829657372764846,False,False,N_above_support;D_below_support;Q_above_A_supported,upper_bound,0.12725546748977906,0.04967201114118213,0.0003141777653633049,0.05601973705114616,0.033517558987981394,0.00018459431506036742,0.09188128337370738,8.910657060262394e-05,0.30137023601809015,2.4921988098818152e-08,0.03467398948322252,0.1731232213893753,0.005107366341015014,3.465640148608479e-07,0.015259549326868222,0.07072157430785242,0.04080975495275117
quality_linear,2.0,1e+19,exponential,32768,fixed_ref,0.8047071577351047,dirichlet_a20_19,dirichlet_around_p0|topQ,in,True,True,16.147551066370333,0.04839746671119262,1.0,0.41663254110330095,24928.143543821683,24928.143543821683,1.9975287355711724,3912487936.8349757,206622385003.62158,-2048.0,-2.048e-16,False,False,False,True,35185,4.689003391211647e+18,5.121642104107441e+18,1.893545046809134e+17,1.0000000000000002e+19,-2048.0,0.4689003391211647,0.5121642104107441,0.01893545046809134,-2.048e-16,48397466.711192615,dirichlet_a20_19,0.43829657372764846,False,False,N_above_support;D_below_support;Q_above_A_supported,upper_bound,0.12725546748977906,0.04967201114118213,0.0003141777653633049,0.05601973705114616,0.033517558987981394,0.00018459431506036742,0.09188128337370738,8.910657060262394e-05,0.30137023601809015,2.4921988098818152e-08,0.03467398948322252,0.1731232213893753,0.005107366341015014,3.465640148608479e-07,0.015259549326868222,0.07072157430785242,0.04080975495275117
quality_linear,2.0,1e+19,exponential,32768,mixture,0.8047071577351047,dirichlet_a20_19,dirichlet_around_p0|topQ,in,True,True,16.13962104400207,0.04842476009121724,1.0,0.43829657372764846,24928.143543821683,24928.143543821683,1.9975248362887377,3895580832.190464,206505927570.17484,-2048.0,-2.048e-16,False,False,False,True,35185,4.689343662113768e+18,5.122013770671465e+18,1.8864256721476765e+17,1.0000000000000002e+19,-2048.0,0.46893436621137685,0.5122013770671465,0.018864256721476763,-2.048e-16,48424760.09121724,dirichlet_a20_19,0.43829657372764846,False,False,N_above_support;D_below_support;Q_above_A_supported,upper_bound,0.12725546748977906,0.04967201114118213,0.0003141777653633049,0.05601973705114616,0.033517558987981394,0.00018459431506036742,0.09188128337370738,8.910657060262394e-05,0.30137023601809015,2.4921988098818152e-08,0.03467398948322252,0.1731232213893753,0.005107366341015014,3.465640148608479e-07,0.015259549326868222,0.07072157430785242,0.04080975495275117
quality_linear,2.0,1e+19,exponential,131072,fixed_ref,0.8047071577351047,dirichlet_a20_19,dirichlet_around_p0|topQ,in,True,True,10.457149895019388,0.029344161151446627,1.0,0.41663254110330095,24928.143543821683,24928.143543821683,2.0450047478679982,3912487936.8349757,340783297514.9475,-2048.0,-2.048e-16,False,False,False,True,35185,1.8411377502256924e+18,8.044053573252733e+18,1.1480867652157645e+17,1.0000000000000002e+19,-2048.0,0.18411377502256923,0.8044053573252733,0.011480867652157644,-2.048e-16,29344161.151446626,dirichlet_a20_19,0.43829657372764846,True,False,D_below_support;Q_above_A_supported,upper_bound,0.12725546748977906,0.04967201114118213,0.0003141777653633049,0.05601973705114616,0.033517558987981394,0.00018459431506036742,0.09188128337370738,8.910657060262394e-05,0.30137023601809015,2.4921988098818152e-08,0.03467398948322252,0.1731232213893753,0.005107366341015014,3.465640148608479e-07,0.015259549326868222,0.07072157430785242,0.04080975495275117
quality_linear,2.0,1e+19,exponential,131072,mixture,0.8047071577351047,dirichlet_a20_19,dirichlet_around_p0|topQ,in,True,True,10.457149895019388,0.029345617060295776,1.0,0.43829657372764846,24928.143543821683,24928.143543821683,2.0450020285113766,3895580832.190464,340766390410.30304,2048.0,2.048e-16,False,False,False,True,35185,1.8412290981681068e+18,8.044452678503003e+18,1.143182233288897e+17,9.999999999999998e+18,2048.0,0.18412290981681068,0.8044452678503003,0.01143182233288897,2.048e-16,29345617.060295776,dirichlet_a20_19,0.43829657372764846,True,False,D_below_support;Q_above_A_supported,upper_bound,0.12725546748977906,0.04967201114118213,0.0003141777653633049,0.05601973705114616,0.033517558987981394,0.00018459431506036742,0.09188128337370738,8.910657060262394e-05,0.30137023601809015,2.4921988098818152e-08,0.03467398948322252,0.1731232213893753,0.005107366341015014,3.465640148608479e-07,0.015259549326868222,0.07072157430785242,0.04080975495275117
quality_linear,2.0,1e+19,power,2048,fixed_ref,0.8047071577351047,dirichlet_a20_19,dirichlet_around_p0|topQ,in,True,True,22.232416335630397,0.06786551505260927,1.0,0.41663254110330095,24928.143543821683,24928.143543821683,1.9679951358790564,4849345275.903549,147350241020.76013,-2048.0,-2.048e-16,False,False,False,True,35185,9.052886312889605e+18,6.180103722932637e+17,3.2910331481713197e+17,1.0000000000000002e+19,-2048.0,0.9052886312889605,0.061801037229326374,0.0329103314817132,-2.048e-16,67865515.05260926,dirichlet_a20_19,0.43829657372764846,False,False,N_above_support;D_below_support;Q_above_A_supported,upper_bound,0.12725546748977906,0.04967201114118213,0.0003141777653633049,0.05601973705114616,0.033517558987981394,0.00018459431506036742,0.09188128337370738,8.910657060262394e-05,0.30137023601809015,2.4921988098818152e-08,0.03467398948322252,0.1731232213893753,0.005107366341015014,3.465640148608479e-07,0.015259549326868222,0.07072157430785242,0.04080975495275117
quality_linear,2.0,1e+19,power,2048,mixture,0.8047071577351047,dirichlet_a20_19,dirichlet_around_p0|topQ,in,True,True,22.232416335630397,0.0678811158405988,1.0,0.43829657372764846,24928.143543821683,24928.143543821683,1.9679851728897975,4815480483.878452,147316376228.73505,0.0,0.0,False,False,False,True,35185,9.054967372172089e+18,6.181524392736147e+17,3.26880188554296e+17,1e+19,0.0,0.9054967372172089,0.06181524392736147,0.0326880188554296,0.0,67881115.8405988,dirichlet_a20_19,0.43829657372764846,False,False,N_above_support;D_below_support;Q_above_A_supported,upper_bound,0.12725546748977906,0.04967201114118213,0.0003141777653633049,0.05601973705114616,0.033517558987981394,0.00018459431506036742,0.09188128337370738,8.910657060262394e-05,0.30137023601809015,2.4921988098818152e-08,0.03467398948322252,0.1731232213893753,0.005107366341015014,3.465640148608479e-07,0.015259549326868222,0.07072157430785242,0.04080975495275117
quality_linear,2.0,1e+19,power,4096,fixed_ref,0.8047071577351047,dirichlet_a20_19,dirichlet_around_p0|topQ,in,True,True,21.592022958763447,0.06575068586817415,1.0,0.41663254110330095,24928.143543821683,24928.143543821683,1.9706050020737444,4849345275.903549,152089668236.30328,2048.0,2.048e-16,False,False,False,True,35185,8.518141912920357e+18,1.163010309177393e+18,3.188477779022485e+17,9.999999999999998e+18,2048.0,0.8518141912920357,0.11630103091773929,0.031884777790224854,2.048e-16,65750685.86817414,dirichlet_a20_19,0.43829657372764846,False,False,N_above_support;D_below_support;Q_above_A_supported,upper_bound,0.12725546748977906,0.04967201114118213,0.0003141777653633049,0.05601973705114616,0.033517558987981394,0.00018459431506036742,0.09188128337370738,8.910657060262394e-05,0.30137023601809015,2.4921988098818152e-08,0.03467398948322252,0.1731232213893753,0.005107366341015014,3.465640148608479e-07,0.015259549326868222,0.07072157430785242,0.04080975495275117
quality_linear,2.0,1e+19,power,4096,mixture,0.8047071577351047,dirichlet_a20_19,dirichlet_around_p0|topQ,in,True,True,21.592022958763447,0.06576532939543188,1.0,0.43829657372764846,24928.143543821683,24928.143543821683,1.970595263672023,4815480483.878452,152055803444.27817,2048.0,2.048e-16,False,False,False,True,35185,8.520039013180835e+18,1.1632693265996234e+18,3.1669166021954016e+17,9.999999999999998e+18,2048.0,0.8520039013180835,0.11632693265996234,0.031669166021954014,2.048e-16,65765329.39543188,dirichlet_a20_19,0.43829657372764846,False,False,N_above_support;D_below_support;Q_above_A_supported,upper_bound,0.12725546748977906,0.04967201114118213,0.0003141777653633049,0.05601973705114616,0.033517558987981394,0.00018459431506036742,0.09188128337370738,8.910657060262394e-05,0.30137023601809015,2.4921988098818152e-08,0.03467398948322252,0.1731232213893753,0.005107366341015014,3.465640148608479e-07,0.015259549326868222,0.07072157430785242,0.04080975495275117
quality_linear,2.0,1e+19,power,8192,fixed_ref,0.8047071577351047,dirichlet_a20_19,dirichlet_around_p0|topQ,in,True,True,20.476387202297264,0.062013126693832465,1.0,0.41663254110330095,24928.143543821683,24928.143543821683,1.9754523153842884,4849345275.903549,161256181281.93097,-2048.0,-2.048e-16,False,False,False,True,35185,7.61882876284818e+18,2.080448174175076e+18,3.0072306297674477e+17,1.0000000000000002e+19,-2048.0,0.761882876284818,0.2080448174175076,0.030072306297674475,-2.048e-16,62013126.693832465,dirichlet_a20_19,0.43829657372764846,False,False,N_above_support;D_below_support;Q_above_A_supported,upper_bound,0.12725546748977906,0.04967201114118213,0.0003141777653633049,0.05601973705114616,0.033517558987981394,0.00018459431506036742,0.09188128337370738,8.910657060262394e-05,0.30137023601809015,2.4921988098818152e-08,0.03467398948322252,0.1731232213893753,0.005107366341015014,3.465640148608479e-07,0.015259549326868222,0.07072157430785242,0.04080975495275117
quality_linear,2.0,1e+19,power,8192,mixture,0.8047071577351047,dirichlet_a20_19,dirichlet_around_p0|topQ,in,True,True,20.46633129921541,0.06205571772061113,1.0,0.43829657372764846,24928.143543821683,24928.143543821683,1.975442977859473,4815480483.878452,161145505479.80542,0.0,0.0,False,False,False,True,35185,7.620317267283719e+18,2.0808546351196078e+18,2.9882809759667315e+17,1e+19,0.0,0.7620317267283719,0.20808546351196078,0.029882809759667315,0.0,62055717.72061113,dirichlet_a20_19,0.43829657372764846,False,False,N_above_support;D_below_support;Q_above_A_supported,upper_bound,0.12725546748977906,0.04967201114118213,0.0003141777653633049,0.05601973705114616,0.033517558987981394,0.00018459431506036742,0.09188128337370738,8.910657060262394e-05,0.30137023601809015,2.4921988098818152e-08,0.03467398948322252,0.1731232213893753,0.005107366341015014,3.465640148608479e-07,0.015259549326868222,0.07072157430785242,0.04080975495275117
quality_linear,2.0,1e+19,power,32768,fixed_ref,0.8047071577351047,dirichlet_a20_19,dirichlet_around_p0|topQ,in,True,True,16.227065904272294,0.04794842135109173,1.0,0.41663254110330095,24928.143543821683,24928.143543821683,1.9977440660886072,4849345275.903549,208557439811.77625,2048.0,2.048e-16,False,False,False,True,35185,4.668373159619893e+18,5.099108389814156e+18,2.3251845056594954e+17,9.999999999999998e+18,2048.0,0.46683731596198935,0.5099108389814156,0.023251845056594955,2.048e-16,47948421.35109173,dirichlet_a20_19,0.43829657372764846,False,False,N_above_support;D_below_support;Q_above_A_supported,upper_bound,0.12725546748977906,0.04967201114118213,0.0003141777653633049,0.05601973705114616,0.033517558987981394,0.00018459431506036742,0.09188128337370738,8.910657060262394e-05,0.30137023601809015,2.4921988098818152e-08,0.03467398948322252,0.1731232213893753,0.005107366341015014,3.465640148608479e-07,0.015259549326868222,0.07072157430785242,0.04080975495275117
quality_linear,2.0,1e+19,power,32768,mixture,0.8047071577351047,dirichlet_a20_19,dirichlet_around_p0|topQ,in,True,True,16.227065904272294,0.04795620830427836,1.0,0.43829657372764846,24928.143543821683,24928.143543821683,1.9977363084267807,4815480483.878452,208523575019.75113,0.0,0.0,False,False,False,True,35185,4.669131316035211e+18,5.099936498794727e+18,2.309321851700622e+17,1e+19,0.0,0.4669131316035211,0.5099936498794727,0.02309321851700622,0.0,47956208.30427836,dirichlet_a20_19,0.43829657372764846,False,False,N_above_support;D_below_support;Q_above_A_supported,upper_bound,0.12725546748977906,0.04967201114118213,0.0003141777653633049,0.05601973705114616,0.033517558987981394,0.00018459431506036742,0.09188128337370738,8.910657060262394e-05,0.30137023601809015,2.4921988098818152e-08,0.03467398948322252,0.1731232213893753,0.005107366341015014,3.465640148608479e-07,0.015259549326868222,0.07072157430785242,0.04080975495275117
quality_linear,2.0,1e+19,power,131072,fixed_ref,0.8047071577351047,dirichlet_a20_19,dirichlet_around_p0|topQ,in,True,True,10.490592077764394,0.02917174348667899,1.0,0.41663254110330095,24928.143543821683,24928.143543821683,2.0451551139850377,4849345275.903549,342797474705.8368,0.0,0.0,False,False,False,True,35185,1.8361731666955776e+18,8.022362976837425e+18,1.4146385646699688e+17,1e+19,0.0,0.18361731666955777,0.8022362976837425,0.014146385646699688,0.0,29171743.486678988,dirichlet_a20_19,0.43829657372764846,True,False,D_below_support;Q_above_A_supported,upper_bound,0.12725546748977906,0.04967201114118213,0.0003141777653633049,0.05601973705114616,0.033517558987981394,0.00018459431506036742,0.09188128337370738,8.910657060262394e-05,0.30137023601809015,2.4921988098818152e-08,0.03467398948322252,0.1731232213893753,0.005107366341015014,3.465640148608479e-07,0.015259549326868222,0.07072157430785242,0.04080975495275117
quality_linear,2.0,1e+19,power,131072,mixture,0.8047071577351047,dirichlet_a20_19,dirichlet_around_p0|topQ,in,True,True,10.490592077764394,0.0291746256334344,1.0,0.43829657372764846,24928.143543821683,24928.143543821683,2.0451496901058075,4815480483.878452,342763609913.8117,0.0,0.0,False,False,False,True,35185,1.8363545792510935e+18,8.023155580386644e+18,1.4048984036226338e+17,1e+19,0.0,0.18363545792510935,0.8023155580386644,0.014048984036226338,0.0,29174625.6334344,dirichlet_a20_19,0.43829657372764846,True,False,D_below_support;Q_above_A_supported,upper_bound,0.12725546748977906,0.04967201114118213,0.0003141777653633049,0.05601973705114616,0.033517558987981394,0.00018459431506036742,0.09188128337370738,8.910657060262394e-05,0.30137023601809015,2.4921988098818152e-08,0.03467398948322252,0.1731232213893753,0.005107366341015014,3.465640148608479e-07,0.015259549326868222,0.07072157430785242,0.04080975495275117
quality_linear,2.0,1e+19,logarithmic,2048,fixed_ref,0.8047071577351047,dirichlet_a20_19,dirichlet_around_p0|topQ,in,True,True,21.6557551937673,0.07126761064442196,1.0,0.41663254110330095,24928.143543821683,24928.143543821683,1.9669960863221976,1511467178.4002495,140316195668.37112,0.0,0.0,False,False,False,True,35185,9.260123576161958e+18,6.321577694659898e+17,1.0771865437205203e+17,1e+19,0.0,0.9260123576161958,0.06321577694659898,0.010771865437205203,0.0,71267610.64442195,dirichlet_a20_19,0.43829657372764846,False,False,N_above_support;D_below_support;Q_above_A_supported,upper_bound,0.12725546748977906,0.04967201114118213,0.0003141777653633049,0.05601973705114616,0.033517558987981394,0.00018459431506036742,0.09188128337370738,8.910657060262394e-05,0.30137023601809015,2.4921988098818152e-08,0.03467398948322252,0.1731232213893753,0.005107366341015014,3.465640148608479e-07,0.015259549326868222,0.07072157430785242,0.04080975495275117
quality_linear,2.0,1e+19,logarithmic,2048,mixture,0.8047071577351047,dirichlet_a20_19,dirichlet_around_p0|topQ,in,True,True,21.64512010598334,0.07134404227968955,1.0,0.43829657372764846,24928.143543821683,24928.143543821683,1.9669710436611965,1429311596.453055,140165873427.7639,0.0,0.0,False,False,False,True,35185,9.265502183941403e+18,6.325249490903999e+17,1.0197286696819731e+17,1e+19,0.0,0.9265502183941403,0.06325249490903999,0.010197286696819732,0.0,71344042.27968955,dirichlet_a20_19,0.43829657372764846,False,False,N_above_support;D_below_support;Q_above_A_supported,upper_bound,0.12725546748977906,0.04967201114118213,0.0003141777653633049,0.05601973705114616,0.033517558987981394,0.00018459431506036742,0.09188128337370738,8.910657060262394e-05,0.30137023601809015,2.4921988098818152e-08,0.03467398948322252,0.1731232213893753,0.005107366341015014,3.465640148608479e-07,0.015259549326868222,0.07072157430785242,0.04080975495275117
quality_linear,2.0,1e+19,logarithmic,4096,fixed_ref,0.8047071577351047,dirichlet_a20_19,dirichlet_around_p0|topQ,in,True,True,21.0578163280464,0.06891374719909717,1.0,0.41663254110330095,24928.143543821683,24928.143543821683,1.9696290139882144,1511467178.4002495,145108928282.61426,0.0,0.0,False,False,False,True,35185,8.707038185976062e+18,1.1888009469919316e+18,1.041608670320075e+17,1e+19,0.0,0.8707038185976061,0.11888009469919317,0.01041608670320075,0.0,68913747.19909717,dirichlet_a20_19,0.43829657372764846,False,False,N_above_support;D_below_support;Q_above_A_supported,upper_bound,0.12725546748977906,0.04967201114118213,0.0003141777653633049,0.05601973705114616,0.033517558987981394,0.00018459431506036742,0.09188128337370738,8.910657060262394e-05,0.30137023601809015,2.4921988098818152e-08,0.03467398948322252,0.1731232213893753,0.005107366341015014,3.465640148608479e-07,0.015259549326868222,0.07072157430785242,0.04080975495275117
quality_linear,2.0,1e+19,logarithmic,4096,mixture,0.8047071577351047,dirichlet_a20_19,dirichlet_around_p0|topQ,in,True,True,21.037138523729435,0.06901989224657422,1.0,0.43829657372764846,24928.143543821683,24928.143543821683,1.969604563926836,1429311596.453055,144885766617.46884,2048.0,2.048e-16,False,False,False,True,35185,8.711886204504367e+18,1.189462863121663e+18,9.865093237396883e+16,9.999999999999998e+18,2048.0,0.8711886204504367,0.11894628631216629,0.009865093237396884,2.048e-16,69019892.24657422,dirichlet_a20_19,0.43829657372764846,False,False,N_above_support;D_below_support;Q_above_A_supported,upper_bound,0.12725546748977906,0.04967201114118213,0.0003141777653633049,0.05601973705114616,0.033517558987981394,0.00018459431506036742,0.09188128337370738,8.910657060262394e-05,0.30137023601809015,2.4921988098818152e-08,0.03467398948322252,0.1731232213893753,0.005107366341015014,3.465640148608479e-07,0.015259549326868222,0.07072157430785242,0.04080975495275117
quality_linear,2.0,1e+19,logarithmic,8192,fixed_ref,0.8047071577351047,dirichlet_a20_19,dirichlet_around_p0|topQ,in,True,True,19.989411112356546,0.06485143815532572,1.0,0.41663254110330095,24928.143543821683,24928.143543821683,1.9745172741522854,1511467178.4002495,154198585019.02448,-2048.0,-2.048e-16,False,False,False,True,35185,7.778052351086227e+18,2.1239268286699459e+18,9.802082024382845e+16,1.0000000000000002e+19,-2048.0,0.7778052351086228,0.2123926828669946,0.009802082024382845,-2.048e-16,64851438.15532572,dirichlet_a20_19,0.43829657372764846,False,False,N_above_support;D_below_support;Q_above_A_supported,upper_bound,0.12725546748977906,0.04967201114118213,0.0003141777653633049,0.05601973705114616,0.033517558987981394,0.00018459431506036742,0.09188128337370738,8.910657060262394e-05,0.30137023601809015,2.4921988098818152e-08,0.03467398948322252,0.1731232213893753,0.005107366341015014,3.465640148608479e-07,0.015259549326868222,0.07072157430785242,0.04080975495275117
quality_linear,2.0,1e+19,logarithmic,8192,mixture,0.8047071577351047,dirichlet_a20_19,dirichlet_around_p0|topQ,in,True,True,19.97959436202733,0.06491759402072311,1.0,0.43829657372764846,24928.143543821683,24928.143543821683,1.9744938738505433,1429311596.453055,154041445171.36264,2048.0,2.048e-16,False,False,False,True,35185,7.782163172956914e+18,2.1250493570954348e+18,9.278746994765106e+16,9.999999999999998e+18,2048.0,0.7782163172956914,0.21250493570954349,0.009278746994765106,2.048e-16,64917594.02072312,dirichlet_a20_19,0.43829657372764846,False,False,N_above_support;D_below_support;Q_above_A_supported,upper_bound,0.12725546748977906,0.04967201114118213,0.0003141777653633049,0.05601973705114616,0.033517558987981394,0.00018459431506036742,0.09188128337370738,8.910657060262394e-05,0.30137023601809015,2.4921988098818152e-08,0.03467398948322252,0.1731232213893753,0.005107366341015014,3.465640148608479e-07,0.015259549326868222,0.07072157430785242,0.04080975495275117
quality_linear,2.0,1e+19,logarithmic,32768,fixed_ref,0.8047071577351047,dirichlet_a20_19,dirichlet_around_p0|topQ,in,True,True,15.926976282404116,0.04963952850653314,1.0,0.41663254110330095,24928.143543821683,24928.143543821683,1.9969699826085436,1511467178.4002495,201452356637.18854,-2048.0,-2.048e-16,False,False,False,True,35185,4.743645559159657e+18,5.181325922751456e+18,7.50285180888884e+16,1.0000000000000002e+19,-2048.0,0.47436455591596577,0.5181325922751456,0.00750285180888884,-2.048e-16,49639528.50653314,dirichlet_a20_19,0.43829657372764846,False,False,N_above_support;D_below_support;Q_above_A_supported,upper_bound,0.12725546748977906,0.04967201114118213,0.0003141777653633049,0.05601973705114616,0.033517558987981394,0.00018459431506036742,0.09188128337370738,8.910657060262394e-05,0.30137023601809015,2.4921988098818152e-08,0.03467398948322252,0.1731232213893753,0.005107366341015014,3.465640148608479e-07,0.015259549326868222,0.07072157430785242,0.04080975495275117
quality_linear,2.0,1e+19,logarithmic,32768,mixture,0.8047071577351047,dirichlet_a20_19,dirichlet_around_p0|topQ,in,True,True,15.919154583766531,0.049684007086836374,1.0,0.43829657372764846,24928.143543821683,24928.143543821683,1.996950683705171,1429311596.453055,201272010579.22458,0.0,0.0,False,False,False,True,35185,4.745564334937801e+18,5.183421737574729e+18,7.101392748747099e+16,1e+19,0.0,0.47455643349378007,0.5183421737574728,0.007101392748747099,0.0,49684007.086836375,dirichlet_a20_19,0.43829657372764846,False,False,N_above_support;D_below_support;Q_above_A_supported,upper_bound,0.12725546748977906,0.04967201114118213,0.0003141777653633049,0.05601973705114616,0.033517558987981394,0.00018459431506036742,0.09188128337370738,8.910657060262394e-05,0.30137023601809015,2.4921988098818152e-08,0.03467398948322252,0.1731232213893753,0.005107366341015014,3.465640148608479e-07,0.015259549326868222,0.07072157430785242,0.04080975495275117
quality_linear,2.0,1e+19,logarithmic,131072,fixed_ref,0.8047071577351047,dirichlet_a20_19,dirichlet_around_p0|topQ,in,True,True,10.370188881805898,0.029799075570708752,1.0,0.41663254110330095,24928.143543821683,24928.143543821683,2.044616457664235,1511467178.4002495,335580879892.4482,0.0,0.0,False,False,False,True,35185,1.854132253028746e+18,8.10082742229946e+18,4.504032467179496e+16,1e+19,0.0,0.1854132253028746,0.8100827422299459,0.004504032467179496,0.0,29799075.57070875,dirichlet_a20_19,0.43829657372764846,True,False,D_below_support;Q_above_A_supported,upper_bound,0.12725546748977906,0.04967201114118213,0.0003141777653633049,0.05601973705114616,0.033517558987981394,0.00018459431506036742,0.09188128337370738,8.910657060262394e-05,0.30137023601809015,2.4921988098818152e-08,0.03467398948322252,0.1731232213893753,0.005107366341015014,3.465640148608479e-07,0.015259549326868222,0.07072157430785242,0.04080975495275117
quality_linear,2.0,1e+19,logarithmic,131072,mixture,0.8047071577351047,dirichlet_a20_19,dirichlet_around_p0|topQ,in,True,True,10.370188881805898,0.029806372648812494,1.0,0.43829657372764846,24928.143543821683,24928.143543821683,2.044603095533086,1429311596.453055,335498724310.501,0.0,0.0,False,False,False,True,35185,1.8545862854980726e+18,8.10281112042678e+18,4.2602594075148856e+16,1e+19,0.0,0.18545862854980727,0.8102811120426779,0.004260259407514885,0.0,29806372.648812495,dirichlet_a20_19,0.43829657372764846,True,False,D_below_support;Q_above_A_supported,upper_bound,0.12725546748977906,0.04967201114118213,0.0003141777653633049,0.05601973705114616,0.033517558987981394,0.00018459431506036742,0.09188128337370738,8.910657060262394e-05,0.30137023601809015,2.4921988098818152e-08,0.03467398948322252,0.1731232213893753,0.005107366341015014,3.465640148608479e-07,0.015259549326868222,0.07072157430785242,0.04080975495275117
quality_linear,2.0,1e+22,exponential,2048,fixed_ref,0.8047071577351047,dirichlet_a20_19,dirichlet_around_p0|topQ,in,True,True,484.54412625885817,3.2157995891019384,1.0,0.41663254110330095,24928.143543821683,24928.143543821683,1.7856550128043733,3912487936.8349757,3109646519605.6123,0.0,0.0,False,False,False,True,35185,9.349180812749962e+21,6.382374101503974e+20,1.2581777099640205e+19,1e+22,0.0,0.9349180812749962,0.06382374101503974,0.0012581777099640206,0.0,3215799589.1019382,dirichlet_a20_19,0.43829657372764846,False,True,N_above_support;Q_above_A_supported,upper_bound,0.12725546748977906,0.04967201114118213,0.0003141777653633049,0.05601973705114616,0.033517558987981394,0.00018459431506036742,0.09188128337370738,8.910657060262394e-05,0.30137023601809015,2.4921988098818152e-08,0.03467398948322252,0.1731232213893753,0.005107366341015014,3.465640148608479e-07,0.015259549326868222,0.07072157430785242,0.04080975495275117
quality_linear,2.0,1e+22,exponential,2048,mixture,0.8047071577351047,dirichlet_a20_19,dirichlet_around_p0|topQ,in,True,True,484.54412625885817,3.215817073454399,1.0,0.43829657372764846,24928.143543821683,24928.143543821683,1.7856549327582532,3895580832.190464,3109629612500.968,0.0,0.0,False,False,False,True,35185,9.349231644391681e+21,6.382408802571388e+20,1.252747535117979e+19,1e+22,0.0,0.9349231644391681,0.06382408802571388,0.001252747535117979,0.0,3215817073.454399,dirichlet_a20_19,0.43829657372764846,False,True,N_above_support;Q_above_A_supported,upper_bound,0.12725546748977906,0.04967201114118213,0.0003141777653633049,0.05601973705114616,0.033517558987981394,0.00018459431506036742,0.09188128337370738,8.910657060262394e-05,0.30137023601809015,2.4921988098818152e-08,0.03467398948322252,0.1731232213893753,0.005107366341015014,3.465640148608479e-07,0.015259549326868222,0.07072157430785242,0.04080975495275117
quality_linear,2.0,1e+22,exponential,4096,fixed_ref,0.8047071577351047,dirichlet_a20_19,dirichlet_around_p0|topQ,in,True,True,471.1653379111653,3.1085990699500807,1.0,0.41663254110330095,24928.143543821683,24928.143543821683,1.7865702474458556,3912487936.8349757,3216883160220.6533,0.0,0.0,False,False,False,True,35185,8.787984787340184e+21,1.19985285629818e+21,1.2162356361636116e+19,1e+22,0.0,0.8787984787340184,0.11998528562981799,0.0012162356361636116,0.0,3108599069.950081,dirichlet_a20_19,0.43829657372764846,False,True,N_above_support;Q_above_A_supported,upper_bound,0.12725546748977906,0.04967201114118213,0.0003141777653633049,0.05601973705114616,0.033517558987981394,0.00018459431506036742,0.09188128337370738,8.910657060262394e-05,0.30137023601809015,2.4921988098818152e-08,0.03467398948322252,0.1731232213893753,0.005107366341015014,3.465640148608479e-07,0.015259549326868222,0.07072157430785242,0.04080975495275117
quality_linear,2.0,1e+22,exponential,4096,mixture,0.8047071577351047,dirichlet_a20_19,dirichlet_around_p0|topQ,in,True,True,471.1653379111653,3.1086154080274637,1.0,0.43829657372764846,24928.143543821683,24928.143543821683,1.7865701693303957,3895580832.190464,3216866253116.009,-2097152.0,-2.097152e-16,False,False,False,True,35185,8.78803097495469e+21,1.1998591624471472e+21,1.2109862598163726e+19,1.0000000000000002e+22,-2097152.0,0.878803097495469,0.11998591624471472,0.0012109862598163727,-2.097152e-16,3108615408.027464,dirichlet_a20_19,0.43829657372764846,False,True,N_above_support;Q_above_A_supported,upper_bound,0.12725546748977906,0.04967201114118213,0.0003141777653633049,0.05601973705114616,0.033517558987981394,0.00018459431506036742,0.09188128337370738,8.910657060262394e-05,0.30137023601809015,2.4921988098818152e-08,0.03467398948322252,0.1731232213893753,0.005107366341015014,3.465640148608479e-07,0.015259549326868222,0.07072157430785242,0.04080975495275117
quality_linear,2.0,1e+22,exponential,8192,fixed_ref,0.8047071577351047,dirichlet_a20_19,dirichlet_around_p0|topQ,in,True,True,447.58961350803185,2.9216008923983066,1.0,0.41663254110330095,24928.143543821683,24928.143543821683,1.7882691697497557,3912487936.8349757,3422780991756.5854,-2097152.0,-2.097152e-16,False,False,False,True,35185,7.846069285519674e+21,2.1424999862325724e+21,1.1430728247754674e+19,1.0000000000000002e+22,-2097152.0,0.7846069285519673,0.21424999862325725,0.0011430728247754675,-2.097152e-16,2921600892.3983064,dirichlet_a20_19,0.43829657372764846,False,True,N_above_support;Q_above_A_supported,upper_bound,0.12725546748977906,0.04967201114118213,0.0003141777653633049,0.05601973705114616,0.033517558987981394,0.00018459431506036742,0.09188128337370738,8.910657060262394e-05,0.30137023601809015,2.4921988098818152e-08,0.03467398948322252,0.1731232213893753,0.005107366341015014,3.465640148608479e-07,0.015259549326868222,0.07072157430785242,0.04080975495275117
quality_linear,2.0,1e+22,exponential,8192,mixture,0.8047071577351047,dirichlet_a20_19,dirichlet_around_p0|topQ,in,True,True,447.58961350803185,2.9216153239544393,1.0,0.43829657372764846,24928.143543821683,24928.143543821683,1.7882690950474327,3895580832.190464,3422764084651.941,0.0,0.0,False,False,False,True,35185,7.846108042007464e+21,2.1425105693375052e+21,1.1381388655030845e+19,1e+22,0.0,0.7846108042007464,0.21425105693375052,0.0011381388655030845,0.0,2921615323.954439,dirichlet_a20_19,0.43829657372764846,False,True,N_above_support;Q_above_A_supported,upper_bound,0.12725546748977906,0.04967201114118213,0.0003141777653633049,0.05601973705114616,0.033517558987981394,0.00018459431506036742,0.09188128337370738,8.910657060262394e-05,0.30137023601809015,2.4921988098818152e-08,0.03467398948322252,0.1731232213893753,0.005107366341015014,3.465640148608479e-07,0.015259549326868222,0.07072157430785242,0.04080975495275117
quality_linear,2.0,1e+22,exponential,32768,fixed_ref,0.8047071577351047,dirichlet_a20_19,dirichlet_around_p0|topQ,in,True,True,357.59107156076635,2.2257003667793227,1.0,0.41663254110330095,24928.143543821683,24928.143543821683,1.796068473423365,3912487936.8349757,4492967763882.071,0.0,0.0,False,False,False,True,35185,4.775343474778852e+21,5.215948499385115e+21,8.708025836033281e+18,1e+22,0.0,0.4775343474778852,0.5215948499385115,0.0008708025836033282,0.0,2225700366.7793226,dirichlet_a20_19,0.43829657372764846,False,True,N_above_support;Q_above_A_supported,upper_bound,0.12725546748977906,0.04967201114118213,0.0003141777653633049,0.05601973705114616,0.033517558987981394,0.00018459431506036742,0.09188128337370738,8.910657060262394e-05,0.30137023601809015,2.4921988098818152e-08,0.03467398948322252,0.1731232213893753,0.005107366341015014,3.465640148608479e-07,0.015259549326868222,0.07072157430785242,0.04080975495275117
quality_linear,2.0,1e+22,exponential,32768,mixture,0.8047071577351047,dirichlet_a20_19,dirichlet_around_p0|topQ,in,True,True,357.59107156076635,2.2257087421544846,1.0,0.43829657372764846,24928.143543821683,24928.143543821683,1.7960684120120345,3895580832.190464,4492950856777.427,-2097152.0,-2.097152e-16,False,False,False,True,35185,4.775361444535126e+21,5.2159681271509e+21,8.670428313975759e+18,1.0000000000000002e+22,-2097152.0,0.4775361444535126,0.5215968127150901,0.0008670428313975758,-2.097152e-16,2225708742.1544847,dirichlet_a20_19,0.43829657372764846,False,True,N_above_support;Q_above_A_supported,upper_bound,0.12725546748977906,0.04967201114118213,0.0003141777653633049,0.05601973705114616,0.033517558987981394,0.00018459431506036742,0.09188128337370738,8.910657060262394e-05,0.30137023601809015,2.4921988098818152e-08,0.03467398948322252,0.1731232213893753,0.005107366341015014,3.465640148608479e-07,0.015259549326868222,0.07072157430785242,0.04080975495275117
quality_linear,2.0,1e+22,exponential,131072,fixed_ref,0.8047071577351047,dirichlet_a20_19,dirichlet_around_p0|topQ,in,True,True,233.51780513103517,1.3286302533567302,1.0,0.41663254110330095,24928.143543821683,24928.143543821683,1.8126032703813226,3912487936.8349757,7526548469550.055,0.0,0.0,False,False,False,True,35185,1.8615529235673289e+21,8.133248826593899e+21,5.198249838772205e+18,1e+22,0.0,0.1861552923567329,0.81332488265939,0.0005198249838772205,0.0,1328630253.3567302,dirichlet_a20_19,0.43829657372764846,False,True,N_above_support;Q_above_A_supported,upper_bound,0.12725546748977906,0.04967201114118213,0.0003141777653633049,0.05601973705114616,0.033517558987981394,0.00018459431506036742,0.09188128337370738,8.910657060262394e-05,0.30137023601809015,2.4921988098818152e-08,0.03467398948322252,0.1731232213893753,0.005107366341015014,3.465640148608479e-07,0.015259549326868222,0.07072157430785242,0.04080975495275117
quality_linear,2.0,1e+22,exponential,131072,mixture,0.8047071577351047,dirichlet_a20_19,dirichlet_around_p0|topQ,in,True,True,233.51780513103517,1.3286332379041996,1.0,0.43829657372764846,24928.143543821683,24928.143543821683,1.8126032280271778,3895580832.190464,7526531562445.41,0.0,0.0,False,False,False,True,35185,1.861557105237175e+21,8.133267096588234e+21,5.175798174590753e+18,1e+22,0.0,0.18615571052371752,0.8133267096588235,0.0005175798174590753,0.0,1328633237.9041996,dirichlet_a20_19,0.43829657372764846,False,True,N_above_support;Q_above_A_supported,upper_bound,0.12725546748977906,0.04967201114118213,0.0003141777653633049,0.05601973705114616,0.033517558987981394,0.00018459431506036742,0.09188128337370738,8.910657060262394e-05,0.30137023601809015,2.4921988098818152e-08,0.03467398948322252,0.1731232213893753,0.005107366341015014,3.465640148608479e-07,0.015259549326868222,0.07072157430785242,0.04080975495275117
quality_linear,2.0,1e+22,power,2048,fixed_ref,0.8047071577351047,dirichlet_a20_19,dirichlet_around_p0|topQ,in,True,True,484.7822015983661,3.2132547068824895,1.0,0.41663254110330095,24928.143543821683,24928.143543821683,1.7856594466504128,4849345275.903549,3112109344640.7905,0.0,0.0,False,False,False,True,35185,9.346372146592835e+21,6.38045671874071e+20,1.5582181533095444e+19,1e+22,0.0,0.9346372146592835,0.0638045671874071,0.0015582181533095444,0.0,3213254706.8824897,dirichlet_a20_19,0.43829657372764846,False,True,N_above_support;Q_above_A_supported,upper_bound,0.12725546748977906,0.04967201114118213,0.0003141777653633049,0.05601973705114616,0.033517558987981394,0.00018459431506036742,0.09188128337370738,8.910657060262394e-05,0.30137023601809015,2.4921988098818152e-08,0.03467398948322252,0.1731232213893753,0.005107366341015014,3.465640148608479e-07,0.015259549326868222,0.07072157430785242,0.04080975495275117
quality_linear,2.0,1e+22,power,2048,mixture,0.8047071577351047,dirichlet_a20_19,dirichlet_around_p0|topQ,in,True,True,484.7822015983661,3.2132896726804194,1.0,0.43829657372764846,24928.143543821683,24928.143543821683,1.7856592864097565,4815480483.878452,3112075479848.7656,0.0,0.0,False,False,False,True,35185,9.346473851371841e+21,6.380526149203177e+20,1.547353370784074e+19,1e+22,0.0,0.934647385137184,0.06380526149203176,0.001547353370784074,0.0,3213289672.6804194,dirichlet_a20_19,0.43829657372764846,False,True,N_above_support;Q_above_A_supported,upper_bound,0.12725546748977906,0.04967201114118213,0.0003141777653633049,0.05601973705114616,0.033517558987981394,0.00018459431506036742,0.09188128337370738,8.910657060262394e-05,0.30137023601809015,2.4921988098818152e-08,0.03467398948322252,0.1731232213893753,0.005107366341015014,3.465640148608479e-07,0.015259549326868222,0.07072157430785242,0.04080975495275117
quality_linear,2.0,1e+22,power,4096,fixed_ref,0.8047071577351047,dirichlet_a20_19,dirichlet_around_p0|topQ,in,True,True,471.3968397325858,3.1061701299489606,1.0,0.41663254110330095,24928.143543821683,24928.143543821683,1.7865745744651051,4849345275.903549,3219398674780.3525,0.0,0.0,False,False,False,True,35185,8.785432697578173e+21,1.1995044109760067e+21,1.5062891445820707e+19,1e+22,0.0,0.8785432697578173,0.11995044109760067,0.0015062891445820708,0.0,3106170129.948961,dirichlet_a20_19,0.43829657372764846,False,True,N_above_support;Q_above_A_supported,upper_bound,0.12725546748977906,0.04967201114118213,0.0003141777653633049,0.05601973705114616,0.033517558987981394,0.00018459431506036742,0.09188128337370738,8.910657060262394e-05,0.30137023601809015,2.4921988098818152e-08,0.03467398948322252,0.1731232213893753,0.005107366341015014,3.465640148608479e-07,0.015259549326868222,0.07072157430785242,0.04080975495275117
quality_linear,2.0,1e+22,power,4096,mixture,0.8047071577351047,dirichlet_a20_19,dirichlet_around_p0|topQ,in,True,True,471.3968397325858,3.106202804035824,1.0,0.43829657372764846,24928.143543821683,24928.143543821683,1.7865744180882313,4815480483.878452,3219364809988.3276,0.0,0.0,False,False,False,True,35185,8.785525112345903e+21,1.199517028672294e+21,1.4957858981803035e+19,1e+22,0.0,0.8785525112345903,0.1199517028672294,0.0014957858981803035,0.0,3106202804.035824,dirichlet_a20_19,0.43829657372764846,False,True,N_above_support;Q_above_A_supported,upper_bound,0.12725546748977906,0.04967201114118213,0.0003141777653633049,0.05601973705114616,0.033517558987981394,0.00018459431506036742,0.09188128337370738,8.910657060262394e-05,0.30137023601809015,2.4921988098818152e-08,0.03467398948322252,0.1731232213893753,0.005107366341015014,3.465640148608479e-07,0.015259549326868222,0.07072157430785242,0.04080975495275117
quality_linear,2.0,1e+22,power,8192,fixed_ref,0.8047071577351047,dirichlet_a20_19,dirichlet_around_p0|topQ,in,True,True,447.8095316608302,2.919369065376973,1.0,0.41663254110330095,24928.143543821683,24928.143543821683,1.7882733076521609,4849345275.903549,3425397671913.989,-2097152.0,-2.097152e-16,False,False,False,True,35185,7.843927763469467e+21,2.1419152079447293e+21,1.4157028585804782e+19,1.0000000000000002e+22,-2097152.0,0.7843927763469467,0.21419152079447293,0.0014157028585804782,-2.097152e-16,2919369065.3769727,dirichlet_a20_19,0.43829657372764846,False,True,N_above_support;Q_above_A_supported,upper_bound,0.12725546748977906,0.04967201114118213,0.0003141777653633049,0.05601973705114616,0.033517558987981394,0.00018459431506036742,0.09188128337370738,8.910657060262394e-05,0.30137023601809015,2.4921988098818152e-08,0.03467398948322252,0.1731232213893753,0.005107366341015014,3.465640148608479e-07,0.015259549326868222,0.07072157430785242,0.04080975495275117
quality_linear,2.0,1e+22,power,8192,mixture,0.8047071577351047,dirichlet_a20_19,dirichlet_around_p0|topQ,in,True,True,447.8095316608302,2.919397927661918,1.0,0.43829657372764846,24928.143543821683,24928.143543821683,1.7882731581060736,4815480483.878452,3425363807121.964,0.0,0.0,False,False,False,True,35185,7.844005312307291e+21,2.1419363839473777e+21,1.4058303745331165e+19,1e+22,0.0,0.7844005312307291,0.21419363839473776,0.0014058303745331166,0.0,2919397927.661918,dirichlet_a20_19,0.43829657372764846,False,True,N_above_support;Q_above_A_supported,upper_bound,0.12725546748977906,0.04967201114118213,0.0003141777653633049,0.05601973705114616,0.033517558987981394,0.00018459431506036742,0.09188128337370738,8.910657060262394e-05,0.30137023601809015,2.4921988098818152e-08,0.03467398948322252,0.1731232213893753,0.005107366341015014,3.465640148608479e-07,0.015259549326868222,0.07072157430785242,0.04080975495275117
quality_linear,2.0,1e+22,power,32768,fixed_ref,0.8047071577351047,dirichlet_a20_19,dirichlet_around_p0|topQ,in,True,True,357.76676993611176,2.2241447391544984,1.0,0.41663254110330095,24928.143543821683,24928.143543821683,1.7960718760573922,4849345275.903549,4496110268345.876,0.0,0.0,False,False,False,True,35185,4.774350475186204e+21,5.214863879030052e+21,1.07856457837446e+19,1e+22,0.0,0.4774350475186204,0.5214863879030052,0.00107856457837446,0.0,2224144739.1544986,dirichlet_a20_19,0.43829657372764846,False,True,N_above_support;Q_above_A_supported,upper_bound,0.12725546748977906,0.04967201114118213,0.0003141777653633049,0.05601973705114616,0.033517558987981394,0.00018459431506036742,0.09188128337370738,8.910657060262394e-05,0.30137023601809015,2.4921988098818152e-08,0.03467398948322252,0.1731232213893753,0.005107366341015014,3.465640148608479e-07,0.015259549326868222,0.07072157430785242,0.04080975495275117
quality_linear,2.0,1e+22,power,32768,mixture,0.8047071577351047,dirichlet_a20_19,dirichlet_around_p0|topQ,in,True,True,357.59107156076635,2.2252531374413898,1.0,0.43829657372764846,24928.143543821683,24928.143543821683,1.79607175310296,4815480483.878452,4493870756429.115,0.0,0.0,False,False,False,True,35185,4.774383923469743e+21,5.214900413475218e+21,1.0715663055038306e+19,1e+22,0.0,0.4774383923469743,0.5214900413475217,0.0010715663055038307,0.0,2225253137.4413896,dirichlet_a20_19,0.43829657372764846,False,True,N_above_support;Q_above_A_supported,upper_bound,0.12725546748977906,0.04967201114118213,0.0003141777653633049,0.05601973705114616,0.033517558987981394,0.00018459431506036742,0.09188128337370738,8.910657060262394e-05,0.30137023601809015,2.4921988098818152e-08,0.03467398948322252,0.1731232213893753,0.005107366341015014,3.465640148608479e-07,0.015259549326868222,0.07072157430785242,0.04080975495275117
quality_linear,2.0,1e+22,power,131072,fixed_ref,0.8047071577351047,dirichlet_a20_19,dirichlet_around_p0|topQ,in,True,True,233.6325414939893,1.3278129086790507,1.0,0.41663254110330095,24928.143543821683,24928.143543821683,1.812605616539914,4849345275.903549,7531181489979.871,0.0,0.0,False,False,False,True,35185,1.8613218268992776e+21,8.132239149844737e+21,6.439023255986505e+18,1e+22,0.0,0.18613218268992776,0.8132239149844737,0.0006439023255986505,0.0,1327812908.6790507,dirichlet_a20_19,0.43829657372764846,False,True,N_above_support;Q_above_A_supported,upper_bound,0.12725546748977906,0.04967201114118213,0.0003141777653633049,0.05601973705114616,0.033517558987981394,0.00018459431506036742,0.09188128337370738,8.910657060262394e-05,0.30137023601809015,2.4921988098818152e-08,0.03467398948322252,0.1731232213893753,0.005107366341015014,3.465640148608479e-07,0.015259549326868222,0.07072157430785242,0.04080975495275117
quality_linear,2.0,1e+22,power,131072,mixture,0.8047071577351047,dirichlet_a20_19,dirichlet_around_p0|topQ,in,True,True,233.6325414939893,1.327818879363764,1.0,0.43829657372764846,24928.143543821683,24928.143543821683,1.8126055317424257,4815480483.878452,7531147625187.847,0.0,0.0,False,False,False,True,35185,1.861330196576742e+21,8.132275717523558e+21,6.394085899701562e+18,1e+22,0.0,0.18613301965767418,0.8132275717523557,0.0006394085899701562,0.0,1327818879.363764,dirichlet_a20_19,0.43829657372764846,False,True,N_above_support;Q_above_A_supported,upper_bound,0.12725546748977906,0.04967201114118213,0.0003141777653633049,0.05601973705114616,0.033517558987981394,0.00018459431506036742,0.09188128337370738,8.910657060262394e-05,0.30137023601809015,2.4921988098818152e-08,0.03467398948322252,0.1731232213893753,0.005107366341015014,3.465640148608479e-07,0.015259549326868222,0.07072157430785242,0.04080975495275117
quality_linear,2.0,1e+22,logarithmic,2048,fixed_ref,0.8047071577351047,dirichlet_a20_19,dirichlet_around_p0|topQ,in,True,True,484.3061678375603,3.219864989975526,1.0,0.41663254110330095,24928.143543821683,24928.143543821683,1.785643639913324,1511467178.4002495,3105720280550.027,0.0,0.0,False,False,False,True,35185,9.35640284549623e+21,6.387304342525426e+20,4.866720251228056e+18,1e+22,0.0,0.935640284549623,0.06387304342525425,0.00048667202512280553,0.0,3219864989.975526,dirichlet_a20_19,0.43829657372764846,False,True,N_above_support;Q_above_A_supported,upper_bound,0.12725546748977906,0.04967201114118213,0.0003141777653633049,0.05601973705114616,0.033517558987981394,0.00018459431506036742,0.09188128337370738,8.910657060262394e-05,0.30137023601809015,2.4921988098818152e-08,0.03467398948322252,0.1731232213893753,0.005107366341015014,3.465640148608479e-07,0.015259549326868222,0.07072157430785242,0.04080975495275117
quality_linear,2.0,1e+22,logarithmic,2048,mixture,0.8047071577351047,dirichlet_a20_19,dirichlet_around_p0|topQ,in,True,True,484.06832627705427,3.2215315253136034,1.0,0.43829657372764846,24928.143543821683,24928.143543821683,1.7856432504577024,1429311596.453055,3104113655701.8604,0.0,0.0,False,False,False,True,35185,9.356648241043931e+21,6.387471865885989e+20,4.6045723674698317e+18,1e+22,0.0,0.9356648241043931,0.0638747186588599,0.0004604572367469832,0.0,3221531525.3136034,dirichlet_a20_19,0.43829657372764846,False,True,N_above_support;Q_above_A_supported,upper_bound,0.12725546748977906,0.04967201114118213,0.0003141777653633049,0.05601973705114616,0.033517558987981394,0.00018459431506036742,0.09188128337370738,8.910657060262394e-05,0.30137023601809015,2.4921988098818152e-08,0.03467398948322252,0.1731232213893753,0.005107366341015014,3.465640148608479e-07,0.015259549326868222,0.07072157430785242,0.04080975495275117
quality_linear,2.0,1e+22,logarithmic,4096,fixed_ref,0.8047071577351047,dirichlet_a20_19,dirichlet_around_p0|topQ,in,True,True,470.93394977971434,3.112448799744382,1.0,0.41663254110330095,24928.143543821683,24928.143543821683,1.7865591489388752,1511467178.4002495,3212904257516.2285,-2097152.0,-2.097152e-16,False,False,False,True,35185,8.794546840504519e+21,1.200748795290217e+21,4.704364205264884e+18,1.0000000000000002e+22,-2097152.0,0.8794546840504519,0.12007487952902171,0.0004704364205264884,-2.097152e-16,3112448799.744382,dirichlet_a20_19,0.43829657372764846,False,True,N_above_support;Q_above_A_supported,upper_bound,0.12725546748977906,0.04967201114118213,0.0003141777653633049,0.05601973705114616,0.033517558987981394,0.00018459431506036742,0.09188128337370738,8.910657060262394e-05,0.30137023601809015,2.4921988098818152e-08,0.03467398948322252,0.1731232213893753,0.005107366341015014,3.465640148608479e-07,0.015259549326868222,0.07072157430785242,0.04080975495275117
quality_linear,2.0,1e+22,logarithmic,4096,mixture,0.8047071577351047,dirichlet_a20_19,dirichlet_around_p0|topQ,in,True,True,470.70267528240413,3.114057014004552,1.0,0.43829657372764846,24928.143543821683,24928.143543821683,1.7865587689330955,1429311596.453055,3211244994882.2236,0.0,0.0,False,False,False,True,35185,8.794769804843267e+21,1.2007792373546007e+21,4.450957802132679e+18,1e+22,0.0,0.8794769804843267,0.12007792373546007,0.0004450957802132679,0.0,3114057014.004552,dirichlet_a20_19,0.43829657372764846,False,True,N_above_support;Q_above_A_supported,upper_bound,0.12725546748977906,0.04967201114118213,0.0003141777653633049,0.05601973705114616,0.033517558987981394,0.00018459431506036742,0.09188128337370738,8.910657060262394e-05,0.30137023601809015,2.4921988098818152e-08,0.03467398948322252,0.1731232213893753,0.005107366341015014,3.465640148608479e-07,0.015259549326868222,0.07072157430785242,0.04080975495275117
quality_linear,2.0,1e+22,logarithmic,8192,fixed_ref,0.8047071577351047,dirichlet_a20_19,dirichlet_around_p0|topQ,in,True,True,447.36980335649406,2.9250876512972823,1.0,0.41663254110330095,24928.143543821683,24928.143543821683,1.7882585565623768,1511467178.4002495,3418700973136.6445,-2097152.0,-2.097152e-16,False,False,False,True,35185,7.851575324168245e+21,2.1440035018528758e+21,4.421173978879716e+18,1.0000000000000002e+22,-2097152.0,0.7851575324168245,0.21440035018528758,0.0004421173978879716,-2.097152e-16,2925087651.297282,dirichlet_a20_19,0.43829657372764846,False,True,N_above_support;Q_above_A_supported,upper_bound,0.12725546748977906,0.04967201114118213,0.0003141777653633049,0.05601973705114616,0.033517558987981394,0.00018459431506036742,0.09188128337370738,8.910657060262394e-05,0.30137023601809015,2.4921988098818152e-08,0.03467398948322252,0.1731232213893753,0.005107366341015014,3.465640148608479e-07,0.015259549326868222,0.07072157430785242,0.04080975495275117
quality_linear,2.0,1e+22,logarithmic,8192,mixture,0.8047071577351047,dirichlet_a20_19,dirichlet_around_p0|topQ,in,True,True,447.36980335649406,2.9251579464343136,1.0,0.43829657372764846,24928.143543821683,24928.143543821683,1.7882581932518775,1429311596.453055,3418618817554.6973,0.0,0.0,False,False,False,True,35185,7.851764011698029e+21,2.1440550261276753e+21,4.1809621742953687e+18,1e+22,0.0,0.7851764011698029,0.21440550261276753,0.00041809621742953685,0.0,2925157946.434314,dirichlet_a20_19,0.43829657372764846,False,True,N_above_support;Q_above_A_supported,upper_bound,0.12725546748977906,0.04967201114118213,0.0003141777653633049,0.05601973705114616,0.033517558987981394,0.00018459431506036742,0.09188128337370738,8.910657060262394e-05,0.30137023601809015,2.4921988098818152e-08,0.03467398948322252,0.1731232213893753,0.005107366341015014,3.465640148608479e-07,0.015259549326868222,0.07072157430785242,0.04080975495275117
quality_linear,2.0,1e+22,logarithmic,32768,fixed_ref,0.8047071577351047,dirichlet_a20_19,dirichlet_around_p0|topQ,in,True,True,357.4154594704583,2.2279841957432938,1.0,0.41663254110330095,24928.143543821683,24928.143543821683,1.7960597487663617,1511467178.4002495,4488362179186.746,0.0,0.0,False,False,False,True,35185,4.777895970087053e+21,5.218736504927086e+21,3.367524985860465e+18,1e+22,0.0,0.4777895970087053,0.5218736504927086,0.00033675249858604653,0.0,2227984195.743294,dirichlet_a20_19,0.43829657372764846,False,True,N_above_support;Q_above_A_supported,upper_bound,0.12725546748977906,0.04967201114118213,0.0003141777653633049,0.05601973705114616,0.033517558987981394,0.00018459431506036742,0.09188128337370738,8.910657060262394e-05,0.30137023601809015,2.4921988098818152e-08,0.03467398948322252,0.1731232213893753,0.005107366341015014,3.465640148608479e-07,0.015259549326868222,0.07072157430785242,0.04080975495275117
quality_linear,2.0,1e+22,logarithmic,32768,mixture,0.8047071577351047,dirichlet_a20_19,dirichlet_around_p0|topQ,in,True,True,357.4154594704583,2.2280249778106356,1.0,0.43829657372764846,24928.143543821683,24928.143543821683,1.7960594501322842,1429311596.453055,4488280023604.799,0.0,0.0,False,False,False,True,35185,4.777983426935076e+21,5.218832031126953e+21,3.1845419379718016e+18,1e+22,0.0,0.47779834269350757,0.5218832031126953,0.00031845419379718015,0.0,2228024977.8106356,dirichlet_a20_19,0.43829657372764846,False,True,N_above_support;Q_above_A_supported,upper_bound,0.12725546748977906,0.04967201114118213,0.0003141777653633049,0.05601973705114616,0.033517558987981394,0.00018459431506036742,0.09188128337370738,8.910657060262394e-05,0.30137023601809015,2.4921988098818152e-08,0.03467398948322252,0.1731232213893753,0.005107366341015014,3.465640148608479e-07,0.015259549326868222,0.07072157430785242,0.04080975495275117
quality_linear,2.0,1e+22,logarithmic,131072,fixed_ref,0.8047071577351047,dirichlet_a20_19,dirichlet_around_p0|topQ,in,True,True,233.51780513103517,1.329054230802721,1.0,0.41663254110330095,24928.143543821683,24928.143543821683,1.81259725487577,1511467178.4002495,7524147448791.62,0.0,0.0,False,False,False,True,35185,1.8621469612630055e+21,8.135844216888822e+21,2.0088218481723023e+18,1e+22,0.0,0.18621469612630057,0.8135844216888822,0.00020088218481723022,0.0,1329054230.8027208,dirichlet_a20_19,0.43829657372764846,False,True,N_above_support;Q_above_A_supported,upper_bound,0.12725546748977906,0.04967201114118213,0.0003141777653633049,0.05601973705114616,0.033517558987981394,0.00018459431506036742,0.09188128337370738,8.910657060262394e-05,0.30137023601809015,2.4921988098818152e-08,0.03467398948322252,0.1731232213893753,0.005107366341015014,3.465640148608479e-07,0.015259549326868222,0.07072157430785242,0.04080975495275117
quality_linear,2.0,1e+22,logarithmic,131072,mixture,0.8047071577351047,dirichlet_a20_19,dirichlet_around_p0|topQ,in,True,True,233.51780513103517,1.3290687428011572,1.0,0.43829657372764846,24928.143543821683,24928.143543821683,1.8125970490191232,1429311596.453055,7524065293209.673,-2097152.0,-2.097152e-16,False,False,False,True,35185,1.8621672941231436e+21,8.135933052510289e+21,1.8996533665689766e+18,1.0000000000000002e+22,-2097152.0,0.18621672941231435,0.8135933052510289,0.00018996533665689767,-2.097152e-16,1329068742.8011572,dirichlet_a20_19,0.43829657372764846,False,True,N_above_support;Q_above_A_supported,upper_bound,0.12725546748977906,0.04967201114118213,0.0003141777653633049,0.05601973705114616,0.033517558987981394,0.00018459431506036742,0.09188128337370738,8.910657060262394e-05,0.30137023601809015,2.4921988098818152e-08,0.03467398948322252,0.1731232213893753,0.005107366341015014,3.465640148608479e-07,0.015259549326868222,0.07072157430785242,0.04080975495275117
quality_linear,2.0,1e+24,exponential,2048,fixed_ref,0.8047071577351047,dirichlet_a20_19,dirichlet_around_p0|topQ,in,True,True,3871.1500021050224,40.295875623659754,1.0,0.41663254110330095,24928.143543821683,24928.143543821683,1.7370624328962956,3912487936.8349757,24816435541429.188,268435456.0,2.6843545600000003e-16,False,False,False,True,35185,9.359482740321249e+23,6.389406884059307e+22,1.5765712728177135e+20,9.999999999999997e+23,268435456.0,0.935948274032125,0.06389406884059307,0.00015765712728177134,2.6843545600000003e-16,40295875623.65975,dirichlet_a20_19,0.43829657372764846,False,True,N_above_support;Q_above_A_supported,upper_bound,0.12725546748977906,0.04967201114118213,0.0003141777653633049,0.05601973705114616,0.033517558987981394,0.00018459431506036742,0.09188128337370738,8.910657060262394e-05,0.30137023601809015,2.4921988098818152e-08,0.03467398948322252,0.1731232213893753,0.005107366341015014,3.465640148608479e-07,0.015259549326868222,0.07072157430785242,0.04080975495275117
quality_linear,2.0,1e+24,exponential,2048,mixture,0.8047071577351047,dirichlet_a20_19,dirichlet_around_p0|topQ,in,True,True,3871.1500021050224,40.295903076717984,1.0,0.43829657372764846,24928.143543821683,24928.143543821683,1.7370624279530418,3895580832.190464,24816418634324.543,134217728.0,1.3421772800000001e-16,False,False,False,True,35185,9.359489116815637e+23,6.389411237079475e+22,1.5697594764146734e+20,9.999999999999998e+23,134217728.0,0.9359489116815637,0.06389411237079476,0.00015697594764146734,1.3421772800000001e-16,40295903076.71799,dirichlet_a20_19,0.43829657372764846,False,True,N_above_support;Q_above_A_supported,upper_bound,0.12725546748977906,0.04967201114118213,0.0003141777653633049,0.05601973705114616,0.033517558987981394,0.00018459431506036742,0.09188128337370738,8.910657060262394e-05,0.30137023601809015,2.4921988098818152e-08,0.03467398948322252,0.1731232213893753,0.005107366341015014,3.465640148608479e-07,0.015259549326868222,0.07072157430785242,0.04080975495275117
quality_linear,2.0,1e+24,exponential,4096,fixed_ref,0.8047071577351047,dirichlet_a20_19,dirichlet_around_p0|topQ,in,True,True,3764.910587720395,38.9444636393667,1.0,0.41663254110330095,24928.143543821683,24928.143543821683,1.737513981215727,3912487936.8349757,25677590767719.754,134217728.0,1.3421772800000001e-16,False,False,False,True,35185,8.797345409336618e+23,1.2011308932214263e+23,1.5236974419553056e+20,9.999999999999998e+23,134217728.0,0.8797345409336619,0.12011308932214262,0.00015236974419553055,1.3421772800000001e-16,38944463639.3667,dirichlet_a20_19,0.43829657372764846,False,True,N_above_support;Q_above_A_supported,upper_bound,0.12725546748977906,0.04967201114118213,0.0003141777653633049,0.05601973705114616,0.033517558987981394,0.00018459431506036742,0.09188128337370738,8.910657060262394e-05,0.30137023601809015,2.4921988098818152e-08,0.03467398948322252,0.1731232213893753,0.005107366341015014,3.465640148608479e-07,0.015259549326868222,0.07072157430785242,0.04080975495275117
quality_linear,2.0,1e+24,exponential,4096,mixture,0.8047071577351047,dirichlet_a20_19,dirichlet_around_p0|topQ,in,True,True,3764.910587720395,38.94448928190308,1.0,0.43829657372764846,24928.143543821683,24928.143543821683,1.7375139763924254,3895580832.190464,25677573860615.11,-134217728.0,-1.3421772800000001e-16,False,False,False,True,35185,8.797351201848023e+23,1.2011316840923166e+23,1.5171140596602864e+20,1.0000000000000001e+24,-134217728.0,0.8797351201848023,0.12011316840923165,0.00015171140596602863,-1.3421772800000001e-16,38944489281.90308,dirichlet_a20_19,0.43829657372764846,False,True,N_above_support;Q_above_A_supported,upper_bound,0.12725546748977906,0.04967201114118213,0.0003141777653633049,0.05601973705114616,0.033517558987981394,0.00018459431506036742,0.09188128337370738,8.910657060262394e-05,0.30137023601809015,2.4921988098818152e-08,0.03467398948322252,0.1731232213893753,0.005107366341015014,3.465640148608479e-07,0.015259549326868222,0.07072157430785242,0.04080975495275117
quality_linear,2.0,1e+24,exponential,8192,fixed_ref,0.8047071577351047,dirichlet_a20_19,dirichlet_around_p0|topQ,in,True,True,3576.3059617073313,36.601656341422455,1.0,0.41663254110330095,24928.143543821683,24928.143543821683,1.7383521599389973,3912487936.8349757,27321167945842.117,-134217728.0,-1.3421772800000001e-16,False,False,False,True,35185,7.853923306931525e+23,2.144644657679435e+23,1.4320353890399474e+20,1.0000000000000001e+24,-134217728.0,0.7853923306931525,0.2144644657679435,0.00014320353890399476,-1.3421772800000001e-16,36601656341.422455,dirichlet_a20_19,0.43829657372764846,False,True,N_above_support;Q_above_A_supported,upper_bound,0.12725546748977906,0.04967201114118213,0.0003141777653633049,0.05601973705114616,0.033517558987981394,0.00018459431506036742,0.09188128337370738,8.910657060262394e-05,0.30137023601809015,2.4921988098818152e-08,0.03467398948322252,0.1731232213893753,0.005107366341015014,3.465640148608479e-07,0.015259549326868222,0.07072157430785242,0.04080975495275117
quality_linear,2.0,1e+24,exponential,8192,mixture,0.8047071577351047,dirichlet_a20_19,dirichlet_around_p0|topQ,in,True,True,3576.3059617073313,36.6016789915675,1.0,0.43829657372764846,24928.143543821683,24928.143543821683,1.7383521553264512,3895580832.190464,27321151038737.473,-134217728.0,-1.3421772800000001e-16,False,False,False,True,35185,7.853928167162452e+23,2.1446459848464937e+23,1.4258479910553877e+20,1.0000000000000001e+24,-134217728.0,0.7853928167162453,0.21446459848464938,0.00014258479910553878,-1.3421772800000001e-16,36601678991.567505,dirichlet_a20_19,0.43829657372764846,False,True,N_above_support;Q_above_A_supported,upper_bound,0.12725546748977906,0.04967201114118213,0.0003141777653633049,0.05601973705114616,0.033517558987981394,0.00018459431506036742,0.09188128337370738,8.910657060262394e-05,0.30137023601809015,2.4921988098818152e-08,0.03467398948322252,0.1731232213893753,0.005107366341015014,3.465640148608479e-07,0.015259549326868222,0.07072157430785242,0.04080975495275117
quality_linear,2.0,1e+24,exponential,32768,fixed_ref,0.8047071577351047,dirichlet_a20_19,dirichlet_around_p0|topQ,in,True,True,2857.590543374944,27.873040759666303,1.0,0.41663254110330095,24928.143543821683,24928.143543821683,1.742199777555051,3912487936.8349757,35876961133248.53,0.0,0.0,False,False,False,True,35185,4.778984261395607e+23,5.2199252092470414e+23,1.09052935735104e+20,1e+24,0.0,0.4778984261395607,0.5219925209247042,0.000109052935735104,0.0,27873040759.6663,dirichlet_a20_19,0.43829657372764846,False,True,N_above_support;Q_above_A_supported,upper_bound,0.12725546748977906,0.04967201114118213,0.0003141777653633049,0.05601973705114616,0.033517558987981394,0.00018459431506036742,0.09188128337370738,8.910657060262394e-05,0.30137023601809015,2.4921988098818152e-08,0.03467398948322252,0.1731232213893753,0.005107366341015014,3.465640148608479e-07,0.015259549326868222,0.07072157430785242,0.04080975495275117
quality_linear,2.0,1e+24,exponential,32768,mixture,0.8047071577351047,dirichlet_a20_19,dirichlet_around_p0|topQ,in,True,True,2857.590543374944,27.873053894910317,1.0,0.43829657372764846,24928.143543821683,24928.143543821683,1.7421997737641846,3895580832.190464,35876944226143.88,-134217728.0,-1.3421772800000001e-16,False,False,False,True,35185,4.778986513504552e+23,5.2199276691505726e+23,1.0858173448762438e+20,1.0000000000000001e+24,-134217728.0,0.47789865135045523,0.5219927669150572,0.00010858173448762439,-1.3421772800000001e-16,27873053894.910316,dirichlet_a20_19,0.43829657372764846,False,True,N_above_support;Q_above_A_supported,upper_bound,0.12725546748977906,0.04967201114118213,0.0003141777653633049,0.05601973705114616,0.033517558987981394,0.00018459431506036742,0.09188128337370738,8.910657060262394e-05,0.30137023601809015,2.4921988098818152e-08,0.03467398948322252,0.1731232213893753,0.005107366341015014,3.465640148608479e-07,0.015259549326868222,0.07072157430785242,0.04080975495275117
quality_linear,2.0,1e+24,exponential,131072,fixed_ref,0.8047071577351047,dirichlet_a20_19,dirichlet_around_p0|topQ,in,True,True,1867.2852500403433,16.623062587397154,1.0,0.41663254110330095,24928.143543821683,24928.143543821683,1.7503559506177622,3912487936.8349757,60157386446836.47,-134217728.0,-1.3421772800000001e-16,False,False,False,True,35185,1.8623999747966504e+23,8.136949649884886e+23,6.503753184644417e+19,1.0000000000000001e+24,-134217728.0,0.18623999747966505,0.8136949649884886,6.503753184644417e-05,-1.3421772800000001e-16,16623062587.397156,dirichlet_a20_19,0.43829657372764846,False,True,N_above_support;Q_above_A_supported,upper_bound,0.12725546748977906,0.04967201114118213,0.0003141777653633049,0.05601973705114616,0.033517558987981394,0.00018459431506036742,0.09188128337370738,8.910657060262394e-05,0.30137023601809015,2.4921988098818152e-08,0.03467398948322252,0.1731232213893753,0.005107366341015014,3.465640148608479e-07,0.015259549326868222,0.07072157430785242,0.04080975495275117
quality_linear,2.0,1e+24,exponential,131072,mixture,0.8047071577351047,dirichlet_a20_19,dirichlet_around_p0|topQ,in,True,True,1867.2852500403433,16.623067259274613,1.0,0.43829657372764846,24928.143543821683,24928.143543821683,1.7503559480050574,3895580832.190464,60157369539731.82,0.0,0.0,False,False,False,True,35185,1.8624004982203225e+23,8.136951936757804e+23,6.475650218744306e+19,1e+24,0.0,0.18624004982203224,0.8136951936757805,6.475650218744307e-05,0.0,16623067259.274614,dirichlet_a20_19,0.43829657372764846,False,True,N_above_support;Q_above_A_supported,upper_bound,0.12725546748977906,0.04967201114118213,0.0003141777653633049,0.05601973705114616,0.033517558987981394,0.00018459431506036742,0.09188128337370738,8.910657060262394e-05,0.30137023601809015,2.4921988098818152e-08,0.03467398948322252,0.1731232213893753,0.005107366341015014,3.465640148608479e-07,0.015259549326868222,0.07072157430785242,0.04080975495275117
quality_linear,2.0,1e+24,power,2048,fixed_ref,0.8047071577351047,dirichlet_a20_19,dirichlet_around_p0|topQ,in,True,True,3871.1500021050224,40.29435445186906,1.0,0.41663254110330095,24928.143543821683,24928.143543821683,1.7370627068083433,4849345275.903549,24817372398768.254,-134217728.0,-1.3421772800000001e-16,False,False,False,True,35185,9.359129419270407e+23,6.389165683555264e+22,1.954012374067544e+20,1.0000000000000001e+24,-134217728.0,0.9359129419270407,0.06389165683555265,0.0001954012374067544,-1.3421772800000001e-16,40294354451.869064,dirichlet_a20_19,0.43829657372764846,False,True,N_above_support;Q_above_A_supported,upper_bound,0.12725546748977906,0.04967201114118213,0.0003141777653633049,0.05601973705114616,0.033517558987981394,0.00018459431506036742,0.09188128337370738,8.910657060262394e-05,0.30137023601809015,2.4921988098818152e-08,0.03467398948322252,0.1731232213893753,0.005107366341015014,3.465640148608479e-07,0.015259549326868222,0.07072157430785242,0.04080975495275117
quality_linear,2.0,1e+24,power,2048,mixture,0.8047071577351047,dirichlet_a20_19,dirichlet_around_p0|topQ,in,True,True,3871.1500021050224,40.294409436005715,1.0,0.43829657372764846,24928.143543821683,24928.143543821683,1.7370626969073129,4815480483.878452,24817338533976.23,-134217728.0,-1.3421772800000001e-16,False,False,False,True,35185,9.35914219038085e+23,6.38917440196666e+22,1.940369422484933e+20,1.0000000000000001e+24,-134217728.0,0.935914219038085,0.0638917440196666,0.00019403694224849328,-1.3421772800000001e-16,40294409436.005714,dirichlet_a20_19,0.43829657372764846,False,True,N_above_support;Q_above_A_supported,upper_bound,0.12725546748977906,0.04967201114118213,0.0003141777653633049,0.05601973705114616,0.033517558987981394,0.00018459431506036742,0.09188128337370738,8.910657060262394e-05,0.30137023601809015,2.4921988098818152e-08,0.03467398948322252,0.1731232213893753,0.005107366341015014,3.465640148608479e-07,0.015259549326868222,0.07072157430785242,0.04080975495275117
quality_linear,2.0,1e+24,power,4096,fixed_ref,0.8047071577351047,dirichlet_a20_19,dirichlet_around_p0|topQ,in,True,True,3764.910587720395,38.943042786617305,1.0,0.41663254110330095,24928.143543821683,24928.143543821683,1.737514248481177,4849345275.903549,25678527625058.82,0.0,0.0,False,False,False,True,35185,8.79702444632303e+23,1.2010870710713044e+23,1.888482605665924e+20,1e+24,0.0,0.8797024446323031,0.12010870710713044,0.0001888482605665924,0.0,38943042786.6173,dirichlet_a20_19,0.43829657372764846,False,True,N_above_support;Q_above_A_supported,upper_bound,0.12725546748977906,0.04967201114118213,0.0003141777653633049,0.05601973705114616,0.033517558987981394,0.00018459431506036742,0.09188128337370738,8.910657060262394e-05,0.30137023601809015,2.4921988098818152e-08,0.03467398948322252,0.1731232213893753,0.005107366341015014,3.465640148608479e-07,0.015259549326868222,0.07072157430785242,0.04080975495275117
quality_linear,2.0,1e+24,power,4096,mixture,0.8047071577351047,dirichlet_a20_19,dirichlet_around_p0|topQ,in,True,True,3764.910587720395,38.94309414469372,1.0,0.43829657372764846,24928.143543821683,24928.143543821683,1.7375142388203952,4815480483.878452,25678493760266.797,0.0,0.0,False,False,False,True,35185,8.797036047836969e+23,1.2010886550646744e+23,1.8752970983561383e+20,1e+24,0.0,0.8797036047836969,0.12010886550646745,0.00018752970983561384,0.0,38943094144.69372,dirichlet_a20_19,0.43829657372764846,False,True,N_above_support;Q_above_A_supported,upper_bound,0.12725546748977906,0.04967201114118213,0.0003141777653633049,0.05601973705114616,0.033517558987981394,0.00018459431506036742,0.09188128337370738,8.910657060262394e-05,0.30137023601809015,2.4921988098818152e-08,0.03467398948322252,0.1731232213893753,0.005107366341015014,3.465640148608479e-07,0.015259549326868222,0.07072157430785242,0.04080975495275117
quality_linear,2.0,1e+24,power,8192,fixed_ref,0.8047071577351047,dirichlet_a20_19,dirichlet_around_p0|topQ,in,True,True,3576.3059617073313,36.60040129425049,1.0,0.41663254110330095,24928.143543821683,24928.143543821683,1.7383524155264256,4849345275.903549,27322104803181.184,-134217728.0,-1.3421772800000001e-16,False,False,False,True,35185,7.853654000970526e+23,2.1445711191983514e+23,1.7748798311244775e+20,1.0000000000000001e+24,-134217728.0,0.7853654000970526,0.21445711191983513,0.00017748798311244775,-1.3421772800000001e-16,36600401294.25049,dirichlet_a20_19,0.43829657372764846,False,True,N_above_support;Q_above_A_supported,upper_bound,0.12725546748977906,0.04967201114118213,0.0003141777653633049,0.05601973705114616,0.033517558987981394,0.00018459431506036742,0.09188128337370738,8.910657060262394e-05,0.30137023601809015,2.4921988098818152e-08,0.03467398948322252,0.1731232213893753,0.005107366341015014,3.465640148608479e-07,0.015259549326868222,0.07072157430785242,0.04080975495275117
quality_linear,2.0,1e+24,power,8192,mixture,0.8047071577351047,dirichlet_a20_19,dirichlet_around_p0|topQ,in,True,True,3576.3059617073313,36.60044665922229,1.0,0.43829657372764846,24928.143543821683,24928.143543821683,1.7383524062877596,4815480483.878452,27322070938389.16,0.0,0.0,False,False,False,True,35185,7.853663735311672e+23,2.1445737773224405e+23,1.7624873658871923e+20,1e+24,0.0,0.7853663735311672,0.21445737773224405,0.00017624873658871924,0.0,36600446659.22229,dirichlet_a20_19,0.43829657372764846,False,True,N_above_support;Q_above_A_supported,upper_bound,0.12725546748977906,0.04967201114118213,0.0003141777653633049,0.05601973705114616,0.033517558987981394,0.00018459431506036742,0.09188128337370738,8.910657060262394e-05,0.30137023601809015,2.4921988098818152e-08,0.03467398948322252,0.1731232213893753,0.005107366341015014,3.465640148608479e-07,0.015259549326868222,0.07072157430785242,0.04080975495275117
quality_linear,2.0,1e+24,power,32768,fixed_ref,0.8047071577351047,dirichlet_a20_19,dirichlet_around_p0|topQ,in,True,True,2857.590543374944,27.872312928208483,1.0,0.41663254110330095,24928.143543821683,24928.143543821683,1.7421999876127225,4849345275.903549,35877897990587.6,0.0,0.0,False,False,False,True,35185,4.778859470738145e+23,5.219788904571585e+23,1.3516246902691324e+20,1e+24,0.0,0.47788594707381454,0.5219788904571585,0.00013516246902691323,0.0,27872312928.208485,dirichlet_a20_19,0.43829657372764846,False,True,N_above_support;Q_above_A_supported,upper_bound,0.12725546748977906,0.04967201114118213,0.0003141777653633049,0.05601973705114616,0.033517558987981394,0.00018459431506036742,0.09188128337370738,8.910657060262394e-05,0.30137023601809015,2.4921988098818152e-08,0.03467398948322252,0.1731232213893753,0.005107366341015014,3.465640148608479e-07,0.015259549326868222,0.07072157430785242,0.04080975495275117
quality_linear,2.0,1e+24,power,32768,mixture,0.8047071577351047,dirichlet_a20_19,dirichlet_around_p0|topQ,in,True,True,2857.590543374944,27.872339236633014,1.0,0.43829657372764846,24928.143543821683,24928.143543821683,1.7421999800197898,4815480483.878452,35877864125795.57,0.0,0.0,False,False,False,True,35185,4.7788639814604545e+23,5.219793831483205e+23,1.3421870563404592e+20,1e+24,0.0,0.47788639814604544,0.5219793831483205,0.00013421870563404593,0.0,27872339236.633015,dirichlet_a20_19,0.43829657372764846,False,True,N_above_support;Q_above_A_supported,upper_bound,0.12725546748977906,0.04967201114118213,0.0003141777653633049,0.05601973705114616,0.033517558987981394,0.00018459431506036742,0.09188128337370738,8.910657060262394e-05,0.30137023601809015,2.4921988098818152e-08,0.03467398948322252,0.1731232213893753,0.005107366341015014,3.465640148608479e-07,0.015259549326868222,0.07072157430785242,0.04080975495275117
quality_linear,2.0,1e+24,power,131072,fixed_ref,0.8047071577351047,dirichlet_a20_19,dirichlet_around_p0|topQ,in,True,True,1867.2852500403433,16.622803713191104,1.0,0.41663254110330095,24928.143543821683,24928.143543821683,1.7503560953922561,4849345275.903549,60158323304175.54,-134217728.0,-1.3421772800000001e-16,False,False,False,True,35185,1.8623709712774556e+23,8.136822931575956e+23,8.060971465883525e+19,1.0000000000000001e+24,-134217728.0,0.18623709712774555,0.8136822931575957,8.060971465883526e-05,-1.3421772800000001e-16,16622803713.191103,dirichlet_a20_19,0.43829657372764846,False,True,N_above_support;Q_above_A_supported,upper_bound,0.12725546748977906,0.04967201114118213,0.0003141777653633049,0.05601973705114616,0.033517558987981394,0.00018459431506036742,0.09188128337370738,8.910657060262394e-05,0.30137023601809015,2.4921988098818152e-08,0.03467398948322252,0.1731232213893753,0.005107366341015014,3.465640148608479e-07,0.015259549326868222,0.07072157430785242,0.04080975495275117
quality_linear,2.0,1e+24,power,131072,mixture,0.8047071577351047,dirichlet_a20_19,dirichlet_around_p0|topQ,in,True,True,1867.2852500403433,16.62281307063454,1.0,0.43829657372764846,24928.143543821683,24928.143543821683,1.7503560901590882,4815480483.878452,60158289439383.51,-268435456.0,-2.6843545600000003e-16,False,False,False,True,35185,1.8623720196584225e+23,8.136827512022291e+23,8.004683192880028e+19,1.0000000000000003e+24,-268435456.0,0.18623720196584226,0.8136827512022291,8.004683192880028e-05,-2.6843545600000003e-16,16622813070.63454,dirichlet_a20_19,0.43829657372764846,False,True,N_above_support;Q_above_A_supported,upper_bound,0.12725546748977906,0.04967201114118213,0.0003141777653633049,0.05601973705114616,0.033517558987981394,0.00018459431506036742,0.09188128337370738,8.910657060262394e-05,0.30137023601809015,2.4921988098818152e-08,0.03467398948322252,0.1731232213893753,0.005107366341015014,3.465640148608479e-07,0.015259549326868222,0.07072157430785242,0.04080975495275117
quality_linear,2.0,1e+24,logarithmic,2048,fixed_ref,0.8047071577351047,dirichlet_a20_19,dirichlet_around_p0|topQ,in,True,True,3871.1500021050224,40.29977467658367,1.0,0.41663254110330095,24928.143543821683,24928.143543821683,1.7370617308679968,1511467178.4002495,24814034520670.75,0.0,0.0,False,False,False,True,35185,9.360388369445327e+23,6.3900251268746765e+22,6.091178672058174e+19,1e+24,0.0,0.9360388369445327,0.06390025126874677,6.091178672058174e-05,0.0,40299774676.583664,dirichlet_a20_19,0.43829657372764846,False,True,N_above_support;Q_above_A_supported,upper_bound,0.12725546748977906,0.04967201114118213,0.0003141777653633049,0.05601973705114616,0.033517558987981394,0.00018459431506036742,0.09188128337370738,8.910657060262394e-05,0.30137023601809015,2.4921988098818152e-08,0.03467398948322252,0.1731232213893753,0.005107366341015014,3.465640148608479e-07,0.015259549326868222,0.07072157430785242,0.04080975495275117
quality_linear,2.0,1e+24,logarithmic,2048,mixture,0.8047071577351047,dirichlet_a20_19,dirichlet_around_p0|topQ,in,True,True,3871.1500021050224,40.29990810359248,1.0,0.43829657372764846,24928.143543821683,24928.143543821683,1.7370617068458716,1429311596.453055,24813952365088.805,-134217728.0,-1.3421772800000001e-16,False,False,False,True,35185,9.360419360403254e+23,6.390046283368622e+22,5.760112598845717e+19,1.0000000000000001e+24,-134217728.0,0.9360419360403254,0.06390046283368622,5.760112598845717e-05,-1.3421772800000001e-16,40299908103.592476,dirichlet_a20_19,0.43829657372764846,False,True,N_above_support;Q_above_A_supported,upper_bound,0.12725546748977906,0.04967201114118213,0.0003141777653633049,0.05601973705114616,0.033517558987981394,0.00018459431506036742,0.09188128337370738,8.910657060262394e-05,0.30137023601809015,2.4921988098818152e-08,0.03467398948322252,0.1731232213893753,0.005107366341015014,3.465640148608479e-07,0.015259549326868222,0.07072157430785242,0.04080975495275117
quality_linear,2.0,1e+24,logarithmic,4096,fixed_ref,0.8047071577351047,dirichlet_a20_19,dirichlet_around_p0|topQ,in,True,True,3764.910587720395,38.94810553905842,1.0,0.41663254110330095,24928.143543821683,24928.143543821683,1.7375132962235693,1511467178.4002495,25675189746961.316,-134217728.0,-1.3421772800000001e-16,False,False,False,True,35185,8.798168094939144e+23,1.2012432172290245e+23,5.886878318315576e+19,1.0000000000000001e+24,-134217728.0,0.8798168094939145,0.12012432172290245,5.886878318315576e-05,-1.3421772800000001e-16,38948105539.05842,dirichlet_a20_19,0.43829657372764846,False,True,N_above_support;Q_above_A_supported,upper_bound,0.12725546748977906,0.04967201114118213,0.0003141777653633049,0.05601973705114616,0.033517558987981394,0.00018459431506036742,0.09188128337370738,8.910657060262394e-05,0.30137023601809015,2.4921988098818152e-08,0.03467398948322252,0.1731232213893753,0.005107366341015014,3.465640148608479e-07,0.015259549326868222,0.07072157430785242,0.04080975495275117
quality_linear,2.0,1e+24,logarithmic,4096,mixture,0.8047071577351047,dirichlet_a20_19,dirichlet_around_p0|topQ,in,True,True,3764.910587720395,38.94823016577186,1.0,0.43829657372764846,24928.143543821683,24928.143543821683,1.737513272784418,1429311596.453055,25675107591379.37,-134217728.0,-1.3421772800000001e-16,False,False,False,True,35185,8.798196247445122e+23,1.2012470609845072e+23,5.566915703726041e+19,1.0000000000000001e+24,-134217728.0,0.8798196247445121,0.12012470609845072,5.5669157037260405e-05,-1.3421772800000001e-16,38948230165.77186,dirichlet_a20_19,0.43829657372764846,False,True,N_above_support;Q_above_A_supported,upper_bound,0.12725546748977906,0.04967201114118213,0.0003141777653633049,0.05601973705114616,0.033517558987981394,0.00018459431506036742,0.09188128337370738,8.910657060262394e-05,0.30137023601809015,2.4921988098818152e-08,0.03467398948322252,0.1731232213893753,0.005107366341015014,3.465640148608479e-07,0.015259549326868222,0.07072157430785242,0.04080975495275117
quality_linear,2.0,1e+24,logarithmic,8192,fixed_ref,0.8047071577351047,dirichlet_a20_19,dirichlet_around_p0|topQ,in,True,True,3576.3059617073313,36.60487322661021,1.0,0.41663254110330095,24928.143543821683,24928.143543821683,1.7383515048790523,1511467178.4002495,27318766925083.68,-134217728.0,-1.3421772800000001e-16,False,False,False,True,35185,7.85461358087203e+23,2.1448331484834558e+23,5.532706445152336e+19,1.0000000000000001e+24,-134217728.0,0.7854613580872031,0.2144833148483456,5.532706445152336e-05,-1.3421772800000001e-16,36604873226.61021,dirichlet_a20_19,0.43829657372764846,False,True,N_above_support;Q_above_A_supported,upper_bound,0.12725546748977906,0.04967201114118213,0.0003141777653633049,0.05601973705114616,0.033517558987981394,0.00018459431506036742,0.09188128337370738,8.910657060262394e-05,0.30137023601809015,2.4921988098818152e-08,0.03467398948322252,0.1731232213893753,0.005107366341015014,3.465640148608479e-07,0.015259549326868222,0.07072157430785242,0.04080975495275117
quality_linear,2.0,1e+24,logarithmic,8192,mixture,0.8047071577351047,dirichlet_a20_19,dirichlet_around_p0|topQ,in,True,True,3576.3059617073313,36.60498330858111,1.0,0.43829657372764846,24928.143543821683,24928.143543821683,1.7383514824641721,1429311596.453055,27318684769501.734,134217728.0,1.3421772800000001e-16,False,False,False,True,35185,7.854637202080558e+23,2.1448395986481312e+23,5.231992713092549e+19,9.999999999999998e+23,134217728.0,0.7854637202080558,0.21448395986481314,5.231992713092549e-05,1.3421772800000001e-16,36604983308.58111,dirichlet_a20_19,0.43829657372764846,False,True,N_above_support;Q_above_A_supported,upper_bound,0.12725546748977906,0.04967201114118213,0.0003141777653633049,0.05601973705114616,0.033517558987981394,0.00018459431506036742,0.09188128337370738,8.910657060262394e-05,0.30137023601809015,2.4921988098818152e-08,0.03467398948322252,0.1731232213893753,0.005107366341015014,3.465640148608479e-07,0.015259549326868222,0.07072157430785242,0.04080975495275117
quality_linear,2.0,1e+24,logarithmic,32768,fixed_ref,0.8047071577351047,dirichlet_a20_19,dirichlet_around_p0|topQ,in,True,True,2857.590543374944,27.874906252908723,1.0,0.41663254110330095,24928.143543821683,24928.143543821683,1.742199239191626,1511467178.4002495,35874560112490.09,-134217728.0,-1.3421772800000001e-16,False,False,False,True,35185,4.779304110346503e+23,5.2202745695944745e+23,4.2132005902255415e+19,1.0000000000000001e+24,-134217728.0,0.47793041103465034,0.5220274569594474,4.213200590225542e-05,-1.3421772800000001e-16,27874906252.908722,dirichlet_a20_19,0.43829657372764846,False,True,N_above_support;Q_above_A_supported,upper_bound,0.12725546748977906,0.04967201114118213,0.0003141777653633049,0.05601973705114616,0.033517558987981394,0.00018459431506036742,0.09188128337370738,8.910657060262394e-05,0.30137023601809015,2.4921988098818152e-08,0.03467398948322252,0.1731232213893753,0.005107366341015014,3.465640148608479e-07,0.015259549326868222,0.07072157430785242,0.04080975495275117
quality_linear,2.0,1e+24,logarithmic,32768,mixture,0.8047071577351047,dirichlet_a20_19,dirichlet_around_p0|topQ,in,True,True,2857.590543374944,27.87497008879639,1.0,0.43829657372764846,24928.143543821683,24928.143543821683,1.742199220770018,1429311596.453055,35874477956908.15,134217728.0,1.3421772800000001e-16,False,False,False,True,35185,4.779315055356238e+23,5.220286524463774e+23,3.984201799869872e+19,9.999999999999998e+23,134217728.0,0.47793150553562386,0.5220286524463774,3.984201799869872e-05,1.3421772800000001e-16,27874970088.796387,dirichlet_a20_19,0.43829657372764846,False,True,N_above_support;Q_above_A_supported,upper_bound,0.12725546748977906,0.04967201114118213,0.0003141777653633049,0.05601973705114616,0.033517558987981394,0.00018459431506036742,0.09188128337370738,8.910657060262394e-05,0.30137023601809015,2.4921988098818152e-08,0.03467398948322252,0.1731232213893753,0.005107366341015014,3.465640148608479e-07,0.015259549326868222,0.07072157430785242,0.04080975495275117
quality_linear,2.0,1e+24,logarithmic,131072,fixed_ref,0.8047071577351047,dirichlet_a20_19,dirichlet_around_p0|topQ,in,True,True,1867.2852500403433,16.62372607884443,1.0,0.41663254110330095,24928.143543821683,24928.143543821683,1.7503555795756671,1511467178.4002495,60154985426078.03,-134217728.0,-1.3421772800000001e-16,False,False,False,True,35185,1.862474310464232e+23,8.137274427372261e+23,2.5126216350889636e+19,1.0000000000000001e+24,-134217728.0,0.1862474310464232,0.8137274427372261,2.5126216350889636e-05,-1.3421772800000001e-16,16623726078.84443,dirichlet_a20_19,0.43829657372764846,False,True,N_above_support;Q_above_A_supported,upper_bound,0.12725546748977906,0.04967201114118213,0.0003141777653633049,0.05601973705114616,0.033517558987981394,0.00018459431506036742,0.09188128337370738,8.910657060262394e-05,0.30137023601809015,2.4921988098818152e-08,0.03467398948322252,0.1731232213893753,0.005107366341015014,3.465640148608479e-07,0.015259549326868222,0.07072157430785242,0.04080975495275117
quality_linear,2.0,1e+24,logarithmic,131072,mixture,0.8047071577351047,dirichlet_a20_19,dirichlet_around_p0|topQ,in,True,True,1867.2852500403433,16.623748782428276,1.0,0.43829657372764846,24928.143543821683,24928.143543821683,1.7503555668795534,1429311596.453055,60154903270496.086,-134217728.0,-1.3421772800000001e-16,False,False,False,True,35185,1.8624768541082663e+23,8.137285540722622e+23,2.3760516911247086e+19,1.0000000000000001e+24,-134217728.0,0.18624768541082662,0.8137285540722622,2.3760516911247085e-05,-1.3421772800000001e-16,16623748782.428276,dirichlet_a20_19,0.43829657372764846,False,True,N_above_support;Q_above_A_supported,upper_bound,0.12725546748977906,0.04967201114118213,0.0003141777653633049,0.05601973705114616,0.033517558987981394,0.00018459431506036742,0.09188128337370738,8.910657060262394e-05,0.30137023601809015,2.4921988098818152e-08,0.03467398948322252,0.1731232213893753,0.005107366341015014,3.465640148608479e-07,0.015259549326868222,0.07072157430785242,0.04080975495275117
mixture_l1,0.0,1e+19,exponential,2048,fixed_ref,0.8047071577351047,reference_p0,first_question_reference,in,True,True,0.22232416335630398,5.966798050391992,0.6030456680355448,0.41663254110330095,1.0,1.0,3.123094642754934,250931792.60632232,1675940750.0548885,0.0,0.0,False,False,False,False,35185,7.959380306816552e+18,5.433603622786766e+17,1.4972593309047716e+18,1e+19,0.0,0.7959380306816551,0.05433603622786766,0.14972593309047716,0.0,5966798050.391992,reference_p0,0.41663254110330095,True,True,Q_above_A_supported,interior,0.11302252583269279,0.0968248321520278,0.00588968021709595,0.11375419105058357,0.07507775607983627,0.0254628540970504,0.11070066007050916,0.005487697351193036,0.09943242344413017,0.002211033043406226,0.04691494424753537,0.11948759779188561,0.019599998284005892,0.012737064754031531,0.011650822378108678,0.06618116611257162,0.07556475309333588
mixture_l1,0.0,1e+19,exponential,2048,mixture,0.8047071577351047,dirichlet_a20_19,dirichlet_around_p0|topQ,in,True,True,0.2184808281542475,6.151576874513573,0.5990635837058125,0.43829657372764846,1.0,1.0,3.1206863263355347,225224736.48918158,1625599452.6266463,0.0,0.0,False,False,False,False,35185,8.064009659989457e+18,5.5050305945528026e+17,1.3854872805552627e+18,1e+19,0.0,0.8064009659989457,0.055050305945528025,0.13854872805552626,0.0,6151576874.513573,dirichlet_a20_19,0.43829657372764846,True,True,Q_above_A_supported,interior,0.12725546748977906,0.04967201114118213,0.0003141777653633049,0.05601973705114616,0.033517558987981394,0.00018459431506036742,0.09188128337370738,8.910657060262394e-05,0.30137023601809015,2.4921988098818152e-08,0.03467398948322252,0.1731232213893753,0.005107366341015014,3.465640148608479e-07,0.015259549326868222,0.07072157430785242,0.04080975495275117
mixture_l1,0.0,1e+19,exponential,4096,fixed_ref,0.8047071577351047,reference_p0,first_question_reference,in,True,True,0.21719675544437037,5.734461504030816,0.608241527536118,0.41663254110330095,1.0,1.0,3.1355734585409953,262734788.9135925,1743842903.639843,2048.0,2.048e-16,False,False,False,False,35185,7.473038597376824e+18,1.0203188698285158e+18,1.5066425327946586e+18,9.999999999999998e+18,2048.0,0.7473038597376824,0.10203188698285158,0.15066425327946587,2.048e-16,5734461504.030816,reference_p0,0.41663254110330095,True,True,Q_above_A_supported,interior,0.11302252583269279,0.0968248321520278,0.00588968021709595,0.11375419105058357,0.07507775607983627,0.0254628540970504,0.11070066007050916,0.005487697351193036,0.09943242344413017,0.002211033043406226,0.04691494424753537,0.11948759779188561,0.019599998284005892,0.012737064754031531,0.011650822378108678,0.06618116611257162,0.07556475309333588
mixture_l1,0.0,1e+19,exponential,4096,mixture,0.8047071577351047,dirichlet_a20_19,dirichlet_around_p0|topQ,in,True,True,0.21349448788910338,5.907312427475681,0.6043510852917896,0.43829657372764846,1.0,1.0,3.1332382661140215,236955574.13546747,1692817185.9488413,2048.0,2.048e-16,False,False,False,False,35185,7.567071849029138e+18,1.0331575431207785e+18,1.3997706078500818e+18,9.999999999999998e+18,2048.0,0.7567071849029139,0.10331575431207785,0.13997706078500818,2.048e-16,5907312427.47568,dirichlet_a20_19,0.43829657372764846,True,True,Q_above_A_supported,interior,0.12725546748977906,0.04967201114118213,0.0003141777653633049,0.05601973705114616,0.033517558987981394,0.00018459431506036742,0.09188128337370738,8.910657060262394e-05,0.30137023601809015,2.4921988098818152e-08,0.03467398948322252,0.1731232213893753,0.005107366341015014,3.465640148608479e-07,0.015259549326868222,0.07072157430785242,0.04080975495275117
mixture_l1,0.0,1e+19,exponential,8192,fixed_ref,0.8047071577351047,reference_p0,first_question_reference,in,True,True,0.2079058294626956,5.338947776503678,0.6176065198096063,0.41663254110330095,1.0,1.0,3.158689755020952,284960360.23435986,1873028248.002214,-2048.0,-2.048e-16,False,False,False,False,35185,6.65999019559207e+18,1.8186213227430077e+18,1.521388481664923e+18,1.0000000000000002e+19,-2048.0,0.665999019559207,0.1818621322743008,0.15213884816649229,-2.048e-16,5338947776.503678,reference_p0,0.41663254110330095,True,True,Q_above_A_supported,interior,0.11302252583269279,0.0968248321520278,0.00588968021709595,0.11375419105058357,0.07507775607983627,0.0254628540970504,0.11070066007050916,0.005487697351193036,0.09943242344413017,0.002211033043406226,0.04691494424753537,0.11948759779188561,0.019599998284005892,0.012737064754031531,0.011650822378108678,0.06618116611257162,0.07556475309333588
mixture_l1,0.0,1e+19,exponential,8192,mixture,0.8047071577351047,dirichlet_a20_19,dirichlet_around_p0|topQ,in,True,True,0.20466331299215407,5.4863318351976,0.6140273629817079,0.43829657372764846,1.0,1.0,3.15648142432891,259411226.55859834,1822711476.5178678,0.0,0.0,False,False,False,False,35185,6.737105097395192e+18,1.8396788319287135e+18,1.423216070676095e+18,1e+19,0.0,0.6737105097395192,0.18396788319287136,0.1423216070676095,0.0,5486331835.197599,dirichlet_a20_19,0.43829657372764846,True,True,Q_above_A_supported,interior,0.12725546748977906,0.04967201114118213,0.0003141777653633049,0.05601973705114616,0.033517558987981394,0.00018459431506036742,0.09188128337370738,8.910657060262394e-05,0.30137023601809015,2.4921988098818152e-08,0.03467398948322252,0.1731232213893753,0.005107366341015014,3.465640148608479e-07,0.015259549326868222,0.07072157430785242,0.04080975495275117
mixture_l1,0.0,1e+19,exponential,32768,fixed_ref,0.8047071577351047,reference_p0,first_question_reference,in,True,True,0.17090181171661814,3.934256663762259,0.6579444350341169,0.41663254110330095,1.0,1.0,3.264133767913078,396343228.47152686,2541776212.0372643,0.0,0.0,False,False,False,False,35185,4.034229549570887e+18,4.4064544626779617e+18,1.559315987751152e+18,1e+19,0.0,0.40342295495708874,0.44064544626779617,0.15593159877511523,0.0,3934256663.762259,reference_p0,0.41663254110330095,True,True,Q_above_A_supported,interior,0.11302252583269279,0.0968248321520278,0.00588968021709595,0.11375419105058357,0.07507775607983627,0.0254628540970504,0.11070066007050916,0.005487697351193036,0.09943242344413017,0.002211033043406226,0.04691494424753537,0.11948759779188561,0.019599998284005892,0.012737064754031531,0.011650822378108678,0.06618116611257162,0.07556475309333588
mixture_l1,0.0,1e+19,exponential,32768,mixture,0.8047071577351047,dirichlet_a20_19,dirichlet_around_p0|topQ,in,True,True,0.16898182648953963,4.011594151118347,0.6553537563973189,0.43829657372764846,1.0,1.0,3.262391456133365,371444341.6307348,2492774598.6498194,0.0,0.0,False,False,False,False,35185,4.067319040744395e+18,4.4425970109037445e+18,1.4900839483518607e+18,1e+19,0.0,0.4067319040744395,0.44425970109037444,0.14900839483518608,0.0,4011594151.1183467,dirichlet_a20_19,0.43829657372764846,True,True,Q_above_A_supported,interior,0.12725546748977906,0.04967201114118213,0.0003141777653633049,0.05601973705114616,0.033517558987981394,0.00018459431506036742,0.09188128337370738,8.910657060262394e-05,0.30137023601809015,2.4921988098818152e-08,0.03467398948322252,0.1731232213893753,0.005107366341015014,3.465640148608479e-07,0.015259549326868222,0.07072157430785242,0.04080975495275117
mixture_l1,0.0,1e+19,exponential,131072,fixed_ref,0.8047071577351047,reference_p0,first_question_reference,in,True,True,0.11604862524256605,2.2587687157931424,0.7325221309794708,0.41663254110330095,1.0,1.0,3.4850599226598504,688753932.5037249,4427190765.517844,0.0,0.0,False,False,False,False,35185,1.5727620252522634e+18,6.871502139128822e+18,1.5557358356189153e+18,1e+19,0.0,0.15727620252522634,0.6871502139128822,0.15557358356189152,0.0,2258768715.7931423,reference_p0,0.41663254110330095,True,True,Q_above_A_supported,interior,0.11302252583269279,0.0968248321520278,0.00588968021709595,0.11375419105058357,0.07507775607983627,0.0254628540970504,0.11070066007050916,0.005487697351193036,0.09943242344413017,0.002211033043406226,0.04691494424753537,0.11948759779188561,0.019599998284005892,0.012737064754031531,0.011650822378108678,0.06618116611257162,0.07556475309333588
mixture_l1,0.0,1e+19,exponential,131072,mixture,0.8047071577351047,dirichlet_a20_19,dirichlet_around_p0|topQ,in,True,True,0.11536657513340255,2.282321509617671,0.7311163145329339,0.43829657372764846,1.0,1.0,3.483923347325088,665038641.1286367,4381503639.10612,0.0,0.0,False,False,False,False,35185,1.5798216955073267e+18,6.902346309117878e+18,1.5178319953747948e+18,1e+19,0.0,0.15798216955073266,0.6902346309117878,0.15178319953747949,0.0,2282321509.617671,dirichlet_a20_19,0.43829657372764846,True,True,Q_above_A_supported,interior,0.12725546748977906,0.04967201114118213,0.0003141777653633049,0.05601973705114616,0.033517558987981394,0.00018459431506036742,0.09188128337370738,8.910657060262394e-05,0.30137023601809015,2.4921988098818152e-08,0.03467398948322252,0.1731232213893753,0.005107366341015014,3.465640148608479e-07,0.015259549326868222,0.07072157430785242,0.04080975495275117
mixture_l1,0.0,1e+19,power,2048,fixed_ref,0.8047071577351047,reference_p0,first_question_reference,in,True,True,0.1885905816663073,7.549384584392674,0.48047627580495555,0.41663254110330095,1.0,1.0,3.144776393094138,115821090.72609812,1324611282.9744613,0.0,0.0,False,False,False,False,35185,8.542456979959607e+18,5.831650631652425e+17,8.743779568751503e+17,1e+19,0.0,0.8542456979959607,0.05831650631652425,0.08743779568751503,0.0,7549384584.3926735,reference_p0,0.41663254110330095,True,True,,interior,0.11302252583269279,0.0968248321520278,0.00588968021709595,0.11375419105058357,0.07507775607983627,0.0254628540970504,0.11070066007050916,0.005487697351193036,0.09943242344413017,0.002211033043406226,0.04691494424753537,0.11948759779188561,0.019599998284005892,0.012737064754031531,0.011650822378108678,0.06618116611257162,0.07556475309333588
mixture_l1,0.0,1e+19,power,2048,mixture,0.8047071577351047,dirichlet_a20_19,dirichlet_around_p0|topQ,in,True,True,0.17757698035627412,8.376213096464657,0.46815672786828666,0.43829657372764846,1.0,1.0,3.138592489300019,55659510.45606661,1193856923.7476413,0.0,0.0,False,False,False,False,35185,8.924535770945223e+18,6.092483086298606e+17,4.662159204249166e+17,1e+19,0.0,0.8924535770945222,0.060924830862986064,0.04662159204249166,0.0,8376213096.464657,dirichlet_a20_19,0.43829657372764846,True,True,,interior,0.12725546748977906,0.04967201114118213,0.0003141777653633049,0.05601973705114616,0.033517558987981394,0.00018459431506036742,0.09188128337370738,8.910657060262394e-05,0.30137023601809015,2.4921988098818152e-08,0.03467398948322252,0.1731232213893753,0.005107366341015014,3.465640148608479e-07,0.015259549326868222,0.07072157430785242,0.04080975495275117
mixture_l1,0.0,1e+19,power,4096,fixed_ref,0.8047071577351047,reference_p0,first_question_reference,in,True,True,0.1856493073940922,7.16230445500069,0.4868388702233223,0.41663254110330095,1.0,1.0,3.157956094805795,130218919.41181356,1396198676.3936071,0.0,0.0,False,False,False,False,35185,7.978061168498995e+18,1.0892712848723962e+18,9.326675466286081e+17,1e+19,0.0,0.7978061168498995,0.10892712848723962,0.09326675466286082,0.0,7162304455.00069,reference_p0,0.41663254110330095,True,True,,interior,0.11302252583269279,0.0968248321520278,0.00588968021709595,0.11375419105058357,0.07507775607983627,0.0254628540970504,0.11070066007050916,0.005487697351193036,0.09943242344413017,0.002211033043406226,0.04691494424753537,0.11948759779188561,0.019599998284005892,0.012737064754031531,0.011650822378108678,0.06618116611257162,0.07556475309333588
mixture_l1,0.0,1e+19,power,4096,mixture,0.8047071577351047,dirichlet_a20_19,dirichlet_around_p0|topQ,in,True,True,0.17549577549630938,7.891781008184855,0.4751802675103962,0.43829657372764846,1.0,1.0,3.152035529197699,70400299.16076416,1267141091.4251971,2048.0,2.048e-16,False,False,False,False,35185,8.309845368470684e+18,1.1345708876418642e+18,5.555837438874508e+17,9.999999999999998e+18,2048.0,0.8309845368470684,0.11345708876418642,0.05555837438874508,2.048e-16,7891781008.184855,dirichlet_a20_19,0.43829657372764846,True,True,,interior,0.12725546748977906,0.04967201114118213,0.0003141777653633049,0.05601973705114616,0.033517558987981394,0.00018459431506036742,0.09188128337370738,8.910657060262394e-05,0.30137023601809015,2.4921988098818152e-08,0.03467398948322252,0.1731232213893753,0.005107366341015014,3.465640148608479e-07,0.015259549326868222,0.07072157430785242,0.04080975495275117
mixture_l1,0.0,1e+19,power,8192,fixed_ref,0.8047071577351047,reference_p0,first_question_reference,in,True,True,0.18012472606044141,6.519920481705887,0.4984128806078329,0.41663254110330095,1.0,1.0,3.1822819379431824,157896329.58588284,1533761037.1259584,0.0,0.0,False,False,False,False,35185,7.046393344218804e+18,1.9241351425280148e+18,1.0294715132531807e+18,1e+19,0.0,0.7046393344218804,0.19241351425280148,0.10294715132531806,0.0,6519920481.705887,reference_p0,0.41663254110330095,True,True,Q_above_A_supported,interior,0.11302252583269279,0.0968248321520278,0.00588968021709595,0.11375419105058357,0.07507775607983627,0.0254628540970504,0.11070066007050916,0.005487697351193036,0.09943242344413017,0.002211033043406226,0.04691494424753537,0.11948759779188561,0.019599998284005892,0.012737064754031531,0.011650822378108678,0.06618116611257162,0.07556475309333588
mixture_l1,0.0,1e+19,power,8192,mixture,0.8047071577351047,dirichlet_a20_19,dirichlet_around_p0|topQ,in,True,True,0.17140625516074073,7.102179923787838,0.48787326706834794,0.43829657372764846,1.0,1.0,3.176801107740833,98748858.77738914,1408018398.197191,0.0,0.0,False,False,False,False,35185,7.30414838528561e+18,1.9945194524086574e+18,7.013321623057336e+17,1e+19,0.0,0.730414838528561,0.19945194524086574,0.07013321623057336,0.0,7102179923.787838,dirichlet_a20_19,0.43829657372764846,True,True,Q_above_A_supported,interior,0.12725546748977906,0.04967201114118213,0.0003141777653633049,0.05601973705114616,0.033517558987981394,0.00018459431506036742,0.09188128337370738,8.910657060262394e-05,0.30137023601809015,2.4921988098818152e-08,0.03467398948322252,0.1731232213893753,0.005107366341015014,3.465640148608479e-07,0.015259549326868222,0.07072157430785242,0.04080975495275117
mixture_l1,0.0,1e+19,power,32768,fixed_ref,0.8047071577351047,reference_p0,first_question_reference,in,True,True,0.15532928149277236,4.439653811293352,0.5486758208663725,0.41663254110330095,1.0,1.0,3.2920403920010926,302486206.87324995,2252427875.020917,-2048.0,-2.048e-16,False,False,False,False,35185,4.137649419509069e+18,4.519416539282439e+18,1.3429340412084936e+18,1.0000000000000002e+19,-2048.0,0.4137649419509069,0.4519416539282439,0.13429340412084936,-2.048e-16,4439653811.293352,reference_p0,0.41663254110330095,True,True,Q_above_A_supported,interior,0.11302252583269279,0.0968248321520278,0.00588968021709595,0.11375419105058357,0.07507775607983627,0.0254628540970504,0.11070066007050916,0.005487697351193036,0.09943242344413017,0.002211033043406226,0.04691494424753537,0.11948759779188561,0.019599998284005892,0.012737064754031531,0.011650822378108678,0.06618116611257162,0.07556475309333588
mixture_l1,0.0,1e+19,power,32768,mixture,0.8047071577351047,dirichlet_a20_19,dirichlet_around_p0|topQ,in,True,True,0.15063295644686522,4.681164019756984,0.54145528030732,0.43829657372764846,1.0,1.0,3.288022668441628,245234929.22435775,2136220811.2757251,0.0,0.0,False,False,False,False,35185,4.2308254554521185e+18,4.621189617475167e+18,1.1479849270727142e+18,1e+19,0.0,0.42308254554521185,0.4621189617475167,0.11479849270727142,0.0,4681164019.756985,dirichlet_a20_19,0.43829657372764846,True,True,Q_above_A_supported,interior,0.12725546748977906,0.04967201114118213,0.0003141777653633049,0.05601973705114616,0.033517558987981394,0.00018459431506036742,0.09188128337370738,8.910657060262394e-05,0.30137023601809015,2.4921988098818152e-08,0.03467398948322252,0.1731232213893753,0.005107366341015014,3.465640148608479e-07,0.015259549326868222,0.07072157430785242,0.04080975495275117
mixture_l1,0.0,1e+19,power,131072,fixed_ref,0.8047071577351047,reference_p0,first_question_reference,in,True,True,0.11259523197215576,2.2977564920998907,0.6468837880134354,0.41663254110330095,1.0,1.0,3.5175301707482776,724883422.7482328,4352071263.592047,-2048.0,-2.048e-16,False,False,False,False,35185,1.5522985514610844e+18,6.782095857903576e+18,1.6656055906353416e+18,1.0000000000000002e+19,-2048.0,0.15522985514610843,0.6782095857903576,0.16656055906353415,-2.048e-16,2297756492.0998907,reference_p0,0.41663254110330095,True,True,Q_above_A_supported,interior,0.11302252583269279,0.0968248321520278,0.00588968021709595,0.11375419105058357,0.07507775607983627,0.0254628540970504,0.11070066007050916,0.005487697351193036,0.09943242344413017,0.002211033043406226,0.04691494424753537,0.11948759779188561,0.019599998284005892,0.012737064754031531,0.011650822378108678,0.06618116611257162,0.07556475309333588
mixture_l1,0.0,1e+19,power,131072,mixture,0.8047071577351047,dirichlet_a20_19,dirichlet_around_p0|topQ,in,True,True,0.11100264651850404,2.3554421567747936,0.6428914297130898,0.43829657372764846,1.0,1.0,3.515146744752241,669603744.8365186,4245487400.842215,0.0,0.0,False,False,False,False,35185,1.568761878739531e+18,6.854025232338261e+18,1.577212888922208e+18,1e+19,0.0,0.1568761878739531,0.6854025232338261,0.1577212888922208,0.0,2355442156.7747936,dirichlet_a20_19,0.43829657372764846,True,True,Q_above_A_supported,interior,0.12725546748977906,0.04967201114118213,0.0003141777653633049,0.05601973705114616,0.033517558987981394,0.00018459431506036742,0.09188128337370738,8.910657060262394e-05,0.30137023601809015,2.4921988098818152e-08,0.03467398948322252,0.1731232213893753,0.005107366341015014,3.465640148608479e-07,0.015259549326868222,0.07072157430785242,0.04080975495275117
mixture_l1,0.0,1e+19,logarithmic,2048,fixed_ref,0.8047071577351047,reference_p0,first_question_reference,in,True,True,0.3854073564678233,2.51144328432725,1.0,0.41663254110330095,1.0,1.0,3.1378169416872645,1511467178.4002495,3981774170.41641,0.0,0.0,False,False,False,True,35185,5.807572302788601e+18,3.9646360253703514e+17,3.795964094674364e+18,1e+19,0.0,0.5807572302788601,0.039646360253703515,0.3795964094674364,0.0,2511443284.32725,reference_p0,0.41663254110330095,True,True,Q_above_A_supported,upper_bound,0.11302252583269279,0.0968248321520278,0.00588968021709595,0.11375419105058357,0.07507775607983627,0.0254628540970504,0.11070066007050916,0.005487697351193036,0.09943242344413017,0.002211033043406226,0.04691494424753537,0.11948759779188561,0.019599998284005892,0.012737064754031531,0.011650822378108678,0.06618116611257162,0.07556475309333588
mixture_l1,0.0,1e+19,logarithmic,2048,mixture,0.8047071577351047,dirichlet_a20_19,dirichlet_around_p0|topQ,in,True,True,0.3789308813682308,2.5919447201033194,1.0,0.43829657372764846,1.0,1.0,3.1322186041584374,1429311596.453055,3858106973.670867,0.0,0.0,False,False,False,True,35185,5.893007383478899e+18,4.022959707121595e+17,3.7046966458089426e+18,1e+19,0.0,0.5893007383478899,0.04022959707121595,0.37046966458089425,0.0,2591944720.1033196,dirichlet_a20_19,0.43829657372764846,True,True,Q_above_A_supported,upper_bound,0.12725546748977906,0.04967201114118213,0.0003141777653633049,0.05601973705114616,0.033517558987981394,0.00018459431506036742,0.09188128337370738,8.910657060262394e-05,0.30137023601809015,2.4921988098818152e-08,0.03467398948322252,0.1731232213893753,0.005107366341015014,3.465640148608479e-07,0.015259549326868222,0.07072157430785242,0.04080975495275117
mixture_l1,0.0,1e+19,logarithmic,4096,fixed_ref,0.8047071577351047,reference_p0,first_question_reference,in,True,True,0.3708286954532517,2.4751113823321806,1.0,0.41663254110330095,1.0,1.0,3.148193680538305,1511467178.4002495,4040222218.435064,0.0,0.0,False,False,False,True,35185,5.507053950070423e+18,7.51896432649615e+17,3.741049617279962e+18,1e+19,0.0,0.5507053950070423,0.0751896432649615,0.37410496172799623,0.0,2475111382.3321805,reference_p0,0.41663254110330095,True,True,Q_above_A_supported,upper_bound,0.11302252583269279,0.0968248321520278,0.00588968021709595,0.11375419105058357,0.07507775607983627,0.0254628540970504,0.11070066007050916,0.005487697351193036,0.09943242344413017,0.002211033043406226,0.04691494424753537,0.11948759779188561,0.019599998284005892,0.012737064754031531,0.011650822378108678,0.06618116611257162,0.07556475309333588
mixture_l1,0.0,1e+19,logarithmic,4096,mixture,0.8047071577351047,dirichlet_a20_19,dirichlet_around_p0|topQ,in,True,True,0.3646867629536067,2.553506448374586,1.0,0.43829657372764846,1.0,1.0,3.1426550389632872,1429311596.453055,3916183570.3862896,0.0,0.0,False,False,False,True,35185,5.587380005033333e+18,7.628636166872177e+17,3.64975637827945e+18,1e+19,0.0,0.5587380005033332,0.07628636166872177,0.364975637827945,0.0,2553506448.374586,dirichlet_a20_19,0.43829657372764846,True,True,Q_above_A_supported,upper_bound,0.12725546748977906,0.04967201114118213,0.0003141777653633049,0.05601973705114616,0.033517558987981394,0.00018459431506036742,0.09188128337370738,8.910657060262394e-05,0.30137023601809015,2.4921988098818152e-08,0.03467398948322252,0.1731232213893753,0.005107366341015014,3.465640148608479e-07,0.015259549326868222,0.07072157430785242,0.04080975495275117
mixture_l1,0.0,1e+19,logarithmic,8192,fixed_ref,0.8047071577351047,reference_p0,first_question_reference,in,True,True,0.3459287572577628,2.4074287099463434,1.0,0.41663254110330095,1.0,1.0,3.1675507884615346,1511467178.4002495,4153809397.8379445,0.0,0.0,False,False,False,True,35185,4.996792930910386e+18,1.3644575896672627e+18,3.6387494794223524e+18,1e+19,0.0,0.4996792930910386,0.13644575896672628,0.36387494794223524,0.0,2407428709.9463434,reference_p0,0.41663254110330095,True,True,Q_above_A_supported,upper_bound,0.11302252583269279,0.0968248321520278,0.00588968021709595,0.11375419105058357,0.07507775607983627,0.0254628540970504,0.11070066007050916,0.005487697351193036,0.09943242344413017,0.002211033043406226,0.04691494424753537,0.11948759779188561,0.019599998284005892,0.012737064754031531,0.011650822378108678,0.06618116611257162,0.07556475309333588
mixture_l1,0.0,1e+19,logarithmic,8192,mixture,0.8047071577351047,dirichlet_a20_19,dirichlet_around_p0|topQ,in,True,True,0.3401992355060376,2.482689794879559,1.0,0.43829657372764846,1.0,1.0,3.1621218503809407,1429311596.453055,4027889436.9423723,-2048.0,-2.048e-16,False,False,False,True,35185,5.067655021300004e+18,1.3838076644829878e+18,3.54853731421701e+18,1.0000000000000002e+19,-2048.0,0.5067655021300004,0.13838076644829878,0.354853731421701,-2.048e-16,2482689794.879559,dirichlet_a20_19,0.43829657372764846,True,True,Q_above_A_supported,upper_bound,0.12725546748977906,0.04967201114118213,0.0003141777653633049,0.05601973705114616,0.033517558987981394,0.00018459431506036742,0.09188128337370738,8.910657060262394e-05,0.30137023601809015,2.4921988098818152e-08,0.03467398948322252,0.1731232213893753,0.005107366341015014,3.465640148608479e-07,0.015259549326868222,0.07072157430785242,0.04080975495275117
mixture_l1,0.0,1e+19,logarithmic,32768,fixed_ref,0.8047071577351047,reference_p0,first_question_reference,in,True,True,0.2557957552154107,2.1174665540343502,1.0,0.41663254110330095,1.0,1.0,3.2579055861422845,1511467178.4002495,4722624771.07243,0.0,0.0,False,False,False,True,35185,3.2498337379955395e+18,3.549685064221262e+18,3.200481197783199e+18,1e+19,0.0,0.32498337379955394,0.3549685064221262,0.32004811977831993,0.0,2117466554.0343504,reference_p0,0.41663254110330095,True,True,Q_above_A_supported,upper_bound,0.11302252583269279,0.0968248321520278,0.00588968021709595,0.11375419105058357,0.07507775607983627,0.0254628540970504,0.11070066007050916,0.005487697351193036,0.09943242344413017,0.002211033043406226,0.04691494424753537,0.11948759779188561,0.019599998284005892,0.012737064754031531,0.011650822378108678,0.06618116611257162,0.07556475309333588
mixture_l1,0.0,1e+19,logarithmic,32768,mixture,0.8047071577351047,dirichlet_a20_19,dirichlet_around_p0|topQ,in,True,True,0.25193006574328075,2.1777283905891065,1.0,0.43829657372764846,1.0,1.0,3.2529608872715605,1429311596.453055,4591940869.767904,0.0,0.0,False,False,False,True,35185,3.291811539672735e+18,3.5955360177332065e+18,3.1126524425940577e+18,1e+19,0.0,0.32918115396727354,0.35955360177332063,0.31126524425940577,0.0,2177728390.5891066,dirichlet_a20_19,0.43829657372764846,True,True,Q_above_A_supported,upper_bound,0.12725546748977906,0.04967201114118213,0.0003141777653633049,0.05601973705114616,0.033517558987981394,0.00018459431506036742,0.09188128337370738,8.910657060262394e-05,0.30137023601809015,2.4921988098818152e-08,0.03467398948322252,0.1731232213893753,0.005107366341015014,3.465640148608479e-07,0.015259549326868222,0.07072157430785242,0.04080975495275117
mixture_l1,0.0,1e+19,logarithmic,131072,fixed_ref,0.8047071577351047,reference_p0,first_question_reference,in,True,True,0.1471950933522666,1.5991636262453182,1.0,0.41663254110330095,1.0,1.0,3.4563929533589386,1511467178.4002495,6253268793.687507,0.0,0.0,False,False,False,True,35185,1.4123342355043727e+18,6.170582430534305e+18,2.417083333961322e+18,1e+19,0.0,0.14123342355043728,0.6170582430534305,0.2417083333961322,0.0,1599163626.2453182,reference_p0,0.41663254110330095,True,True,Q_above_A_supported,upper_bound,0.11302252583269279,0.0968248321520278,0.00588968021709595,0.11375419105058357,0.07507775607983627,0.0254628540970504,0.11070066007050916,0.005487697351193036,0.09943242344413017,0.002211033043406226,0.04691494424753537,0.11948759779188561,0.019599998284005892,0.012737064754031531,0.011650822378108678,0.06618116611257162,0.07556475309333588
mixture_l1,0.0,1e+19,logarithmic,131072,mixture,0.8047071577351047,dirichlet_a20_19,dirichlet_around_p0|topQ,in,True,True,0.1454699646614145,1.6351787847941721,1.0,0.43829657372764846,1.0,1.0,3.452361792281061,1429311596.453055,6115539226.041725,-2048.0,-2.048e-16,False,False,False,True,35185,1.4272164002346173e+18,6.23560360038506e+18,2.3371799993803244e+18,1.0000000000000002e+19,-2048.0,0.14272164002346174,0.623560360038506,0.23371799993803244,-2.048e-16,1635178784.794172,dirichlet_a20_19,0.43829657372764846,True,True,Q_above_A_supported,upper_bound,0.12725546748977906,0.04967201114118213,0.0003141777653633049,0.05601973705114616,0.033517558987981394,0.00018459431506036742,0.09188128337370738,8.910657060262394e-05,0.30137023601809015,2.4921988098818152e-08,0.03467398948322252,0.1731232213893753,0.005107366341015014,3.465640148608479e-07,0.015259549326868222,0.07072157430785242,0.04080975495275117
mixture_l1,0.0,1e+22,exponential,2048,fixed_ref,0.8047071577351047,reference_p0,first_question_reference,in,True,True,5.6424363238385595,249.51190606869363,1.0,0.41663254110330095,1.0,1.0,2.1509865641797186,3912487936.8349757,40078247798.1106,0.0,0.0,False,False,False,True,35185,8.44713025219315e+21,5.766574252163857e+20,9.762123225904655e+20,1e+22,0.0,0.8447130252193149,0.05766574252163857,0.09762123225904655,0.0,249511906068.69363,reference_p0,0.41663254110330095,True,True,Q_above_A_supported,upper_bound,0.11302252583269279,0.0968248321520278,0.00588968021709595,0.11375419105058357,0.07507775607983627,0.0254628540970504,0.11070066007050916,0.005487697351193036,0.09943242344413017,0.002211033043406226,0.04691494424753537,0.11948759779188561,0.019599998284005892,0.012737064754031531,0.011650822378108678,0.06618116611257162,0.07556475309333588
mixture_l1,0.0,1e+22,exponential,2048,mixture,0.8047071577351047,dirichlet_a20_19,dirichlet_around_p0|topQ,in,True,True,5.639665337323335,249.72792281222488,1.0,0.43829657372764846,1.0,1.0,2.150955307672904,3895580832.190464,40043579778.29811,-2097152.0,-2.097152e-16,False,False,False,True,35185,8.450291460275173e+21,5.768732303547852e+20,9.72835309370043e+20,1.0000000000000002e+22,-2097152.0,0.8450291460275173,0.057687323035478515,0.0972835309370043,-2.097152e-16,249727922812.22488,dirichlet_a20_19,0.43829657372764846,True,True,Q_above_A_supported,upper_bound,0.12725546748977906,0.04967201114118213,0.0003141777653633049,0.05601973705114616,0.033517558987981394,0.00018459431506036742,0.09188128337370738,8.910657060262394e-05,0.30137023601809015,2.4921988098818152e-08,0.03467398948322252,0.1731232213893753,0.005107366341015014,3.465640148608479e-07,0.015259549326868222,0.07072157430785242,0.04080975495275117
mixture_l1,0.0,1e+22,exponential,4096,fixed_ref,0.8047071577351047,reference_p0,first_question_reference,in,True,True,5.466466194047263,242.78082591016923,1.0,0.41663254110330095,1.0,1.0,2.155148529080297,3912487936.8349757,41189414207.282074,0.0,0.0,False,False,False,True,35185,7.962919064404883e+21,1.0872038829267468e+21,9.498770526683694e+20,1e+22,0.0,0.7962919064404883,0.10872038829267468,0.09498770526683695,0.0,242780825910.16922,reference_p0,0.41663254110330095,True,True,Q_above_A_supported,upper_bound,0.11302252583269279,0.0968248321520278,0.00588968021709595,0.11375419105058357,0.07507775607983627,0.0254628540970504,0.11070066007050916,0.005487697351193036,0.09943242344413017,0.002211033043406226,0.04691494424753537,0.11948759779188561,0.019599998284005892,0.012737064754031531,0.011650822378108678,0.06618116611257162,0.07556475309333588
mixture_l1,0.0,1e+22,exponential,4096,mixture,0.8047071577351047,dirichlet_a20_19,dirichlet_around_p0|topQ,in,True,True,5.463781626027282,242.98856202724198,1.0,0.43829657372764846,1.0,1.0,2.155117889001272,3895580832.190464,41154200496.395706,0.0,0.0,False,False,False,True,35185,7.965818643235412e+21,1.0875997720897416e+21,9.465815846748475e+20,1e+22,0.0,0.7965818643235412,0.10875997720897417,0.09465815846748475,0.0,242988562027.24197,dirichlet_a20_19,0.43829657372764846,True,True,Q_above_A_supported,upper_bound,0.12725546748977906,0.04967201114118213,0.0003141777653633049,0.05601973705114616,0.033517558987981394,0.00018459431506036742,0.09188128337370738,8.910657060262394e-05,0.30137023601809015,2.4921988098818152e-08,0.03467398948322252,0.1731232213893753,0.005107366341015014,3.465640148608479e-07,0.015259549326868222,0.07072157430785242,0.04080975495275117
mixture_l1,0.0,1e+22,exponential,8192,fixed_ref,0.8047071577351047,reference_p0,first_question_reference,in,True,True,5.163688077570455,230.65495215991172,1.0,0.41663254110330095,1.0,1.0,2.1628865766765566,3912487936.8349757,43354802948.54913,0.0,0.0,False,False,False,True,35185,7.146181359004317e+21,1.9513839230987794e+21,9.02434717896903e+20,1e+22,0.0,0.7146181359004318,0.19513839230987795,0.09024347178969029,0.0,230654952159.9117,reference_p0,0.41663254110330095,True,True,Q_above_A_supported,upper_bound,0.11302252583269279,0.0968248321520278,0.00588968021709595,0.11375419105058357,0.07507775607983627,0.0254628540970504,0.11070066007050916,0.005487697351193036,0.09943242344413017,0.002211033043406226,0.04691494424753537,0.11948759779188561,0.019599998284005892,0.012737064754031531,0.011650822378108678,0.06618116611257162,0.07556475309333588
mixture_l1,0.0,1e+22,exponential,8192,mixture,0.8047071577351047,dirichlet_a20_19,dirichlet_around_p0|topQ,in,True,True,5.1611522031342085,230.84811430129588,1.0,0.43829657372764846,1.0,1.0,2.16285704050283,3895580832.190464,43318525820.61081,2097152.0,2.097152e-16,False,False,False,True,35185,7.148653522293064e+21,1.952058988487493e+21,8.992874892194415e+20,9.999999999999998e+21,2097152.0,0.7148653522293064,0.1952058988487493,0.08992874892194415,2.097152e-16,230848114301.29587,dirichlet_a20_19,0.43829657372764846,True,True,Q_above_A_supported,upper_bound,0.12725546748977906,0.04967201114118213,0.0003141777653633049,0.05601973705114616,0.033517558987981394,0.00018459431506036742,0.09188128337370738,8.910657060262394e-05,0.30137023601809015,2.4921988098818152e-08,0.03467398948322252,0.1731232213893753,0.005107366341015014,3.465640148608479e-07,0.015259549326868222,0.07072157430785242,0.04080975495275117
mixture_l1,0.0,1e+22,exponential,32768,fixed_ref,0.8047071577351047,reference_p0,first_question_reference,in,True,True,4.030262497227182,183.46337723800943,1.0,0.41663254110330095,1.0,1.0,2.198591790044161,3912487936.8349757,54506791222.02612,0.0,0.0,False,False,False,True,35185,4.4364334133819547e+21,4.845768336323329e+21,7.177982502947164e+20,1e+22,0.0,0.4436433413381955,0.4845768336323329,0.07177982502947164,0.0,183463377238.00943,reference_p0,0.41663254110330095,True,True,Q_above_A_supported,upper_bound,0.11302252583269279,0.0968248321520278,0.00588968021709595,0.11375419105058357,0.07507775607983627,0.0254628540970504,0.11070066007050916,0.005487697351193036,0.09943242344413017,0.002211033043406226,0.04691494424753537,0.11948759779188561,0.019599998284005892,0.012737064754031531,0.011650822378108678,0.06618116611257162,0.07556475309333588
mixture_l1,0.0,1e+22,exponential,32768,mixture,0.8047071577351047,dirichlet_a20_19,dirichlet_around_p0|topQ,in,True,True,4.028283245288539,183.60402344325132,1.0,0.43829657372764846,1.0,1.0,2.198566747022271,3895580832.190464,54465037380.24466,0.0,0.0,False,False,False,True,35185,4.4376540684240793e+21,4.847101617137341e+21,7.152443144385785e+20,1e+22,0.0,0.44376540684240795,0.48471016171373416,0.07152443144385785,0.0,183604023443.2513,dirichlet_a20_19,0.43829657372764846,True,True,Q_above_A_supported,upper_bound,0.12725546748977906,0.04967201114118213,0.0003141777653633049,0.05601973705114616,0.033517558987981394,0.00018459431506036742,0.09188128337370738,8.910657060262394e-05,0.30137023601809015,2.4921988098818152e-08,0.03467398948322252,0.1731232213893753,0.005107366341015014,3.465640148608479e-07,0.015259549326868222,0.07072157430785242,0.04080975495275117
mixture_l1,0.0,1e+22,exponential,131072,fixed_ref,0.8047071577351047,reference_p0,first_question_reference,in,True,True,2.549177050509118,116.23487738497646,1.0,0.41663254110330095,1.0,1.0,2.2750259140022036,3912487936.8349757,86032697112.7559,-2097152.0,-2.097152e-16,False,False,False,True,35185,1.7778196913911397e+21,7.767412753000649e+21,4.547675556082129e+20,1.0000000000000002e+22,-2097152.0,0.17778196913911398,0.7767412753000649,0.04547675556082129,-2.097152e-16,116234877384.97646,reference_p0,0.41663254110330095,True,True,Q_above_A_supported,upper_bound,0.11302252583269279,0.0968248321520278,0.00588968021709595,0.11375419105058357,0.07507775607983627,0.0254628540970504,0.11070066007050916,0.005487697351193036,0.09943242344413017,0.002211033043406226,0.04691494424753537,0.11948759779188561,0.019599998284005892,0.012737064754031531,0.011650822378108678,0.06618116611257162,0.07556475309333588
mixture_l1,0.0,1e+22,exponential,131072,mixture,0.8047071577351047,dirichlet_a20_19,dirichlet_around_p0|topQ,in,True,True,2.549177050509118,116.25772429756198,1.0,0.43829657372764846,1.0,1.0,2.2750078883249256,3895580832.190464,86015790008.11139,-2097152.0,-2.097152e-16,False,False,False,True,35185,1.7781691363425675e+21,7.768939501289768e+21,4.5289136236766606e+20,1.0000000000000002e+22,-2097152.0,0.17781691363425675,0.7768939501289768,0.04528913623676661,-2.097152e-16,116257724297.56198,dirichlet_a20_19,0.43829657372764846,True,True,Q_above_A_supported,upper_bound,0.12725546748977906,0.04967201114118213,0.0003141777653633049,0.05601973705114616,0.033517558987981394,0.00018459431506036742,0.09188128337370738,8.910657060262394e-05,0.30137023601809015,2.4921988098818152e-08,0.03467398948322252,0.1731232213893753,0.005107366341015014,3.465640148608479e-07,0.015259549326868222,0.07072157430785242,0.04080975495275117
mixture_l1,0.0,1e+22,power,2048,fixed_ref,0.8047071577351047,reference_p0,first_question_reference,in,True,True,5.777057187393709,238.78902810778465,1.0,0.41663254110330095,1.0,1.0,2.15269061051389,4849345275.903549,41877971024.22226,0.0,0.0,False,False,False,True,35185,8.276987226605012e+21,5.650423280029022e+20,1.1579704453920853e+21,1e+22,0.0,0.8276987226605013,0.056504232800290224,0.11579704453920853,0.0,238789028107.78464,reference_p0,0.41663254110330095,True,True,Q_above_A_supported,upper_bound,0.11302252583269279,0.0968248321520278,0.00588968021709595,0.11375419105058357,0.07507775607983627,0.0254628540970504,0.11070066007050916,0.005487697351193036,0.09943242344413017,0.002211033043406226,0.04691494424753537,0.11948759779188561,0.019599998284005892,0.012737064754031531,0.011650822378108678,0.06618116611257162,0.07556475309333588
mixture_l1,0.0,1e+22,power,2048,mixture,0.8047071577351047,dirichlet_a20_19,dirichlet_around_p0|topQ,in,True,True,5.771384383709395,239.19012617263684,1.0,0.43829657372764846,1.0,1.0,2.1526299403242453,4815480483.878452,41807745829.702194,0.0,0.0,False,False,False,True,35185,8.282748953581418e+21,5.654356618978248e+20,1.1518153845207573e+21,1e+22,0.0,0.8282748953581418,0.05654356618978248,0.11518153845207574,0.0,239190126172.63684,dirichlet_a20_19,0.43829657372764846,True,True,Q_above_A_supported,upper_bound,0.12725546748977906,0.04967201114118213,0.0003141777653633049,0.05601973705114616,0.033517558987981394,0.00018459431506036742,0.09188128337370738,8.910657060262394e-05,0.30137023601809015,2.4921988098818152e-08,0.03467398948322252,0.1731232213893753,0.005107366341015014,3.465640148608479e-07,0.015259549326868222,0.07072157430785242,0.04080975495275117
mixture_l1,0.0,1e+22,power,4096,fixed_ref,0.8047071577351047,reference_p0,first_question_reference,in,True,True,5.595514171565783,232.52420444069142,1.0,0.41663254110330095,1.0,1.0,2.156819664290905,4849345275.903549,43006275514.644936,0.0,0.0,False,False,False,True,35185,7.806554887079688e+21,1.0658549605826135e+21,1.1275901523376979e+21,1e+22,0.0,0.7806554887079689,0.10658549605826136,0.1127590152337698,0.0,232524204440.6914,reference_p0,0.41663254110330095,True,True,Q_above_A_supported,upper_bound,0.11302252583269279,0.0968248321520278,0.00588968021709595,0.11375419105058357,0.07507775607983627,0.0254628540970504,0.11070066007050916,0.005487697351193036,0.09943242344413017,0.002211033043406226,0.04691494424753537,0.11948759779188561,0.019599998284005892,0.012737064754031531,0.011650822378108678,0.06618116611257162,0.07556475309333588
mixture_l1,0.0,1e+22,power,4096,mixture,0.8047071577351047,dirichlet_a20_19,dirichlet_around_p0|topQ,in,True,True,5.5900196347491224,232.9105257008509,1.0,0.43829657372764846,1.0,1.0,2.156760144360044,4815480483.878452,42934942377.15967,0.0,0.0,False,False,False,True,35185,7.81184647084498e+21,1.0665774381527014e+21,1.1215760910023184e+21,1e+22,0.0,0.781184647084498,0.10665774381527014,0.11215760910023184,0.0,232910525700.85092,dirichlet_a20_19,0.43829657372764846,True,True,Q_above_A_supported,upper_bound,0.12725546748977906,0.04967201114118213,0.0003141777653633049,0.05601973705114616,0.033517558987981394,0.00018459431506036742,0.09188128337370738,8.910657060262394e-05,0.30137023601809015,2.4921988098818152e-08,0.03467398948322252,0.1731232213893753,0.005107366341015014,3.465640148608479e-07,0.015259549326868222,0.07072157430785242,0.04080975495275117
mixture_l1,0.0,1e+22,power,8192,fixed_ref,0.8047071577351047,reference_p0,first_question_reference,in,True,True,5.279101352242082,221.3700310107812,1.0,0.41663254110330095,1.0,1.0,2.16449858381103,4849345275.903549,45173233044.86947,0.0,0.0,False,False,False,True,35185,7.01180898032932e+21,1.9146913055619264e+21,1.073499714108754e+21,1e+22,0.0,0.701180898032932,0.19146913055619263,0.10734997141087539,0.0,221370031010.7812,reference_p0,0.41663254110330095,True,True,Q_above_A_supported,upper_bound,0.11302252583269279,0.0968248321520278,0.00588968021709595,0.11375419105058357,0.07507775607983627,0.0254628540970504,0.11070066007050916,0.005487697351193036,0.09943242344413017,0.002211033043406226,0.04691494424753537,0.11948759779188561,0.019599998284005892,0.012737064754031531,0.011650822378108678,0.06618116611257162,0.07556475309333588
mixture_l1,0.0,1e+22,power,8192,mixture,0.8047071577351047,dirichlet_a20_19,dirichlet_around_p0|topQ,in,True,True,5.273917518219099,221.7306106956646,1.0,0.43829657372764846,1.0,1.0,2.1644411322856136,4815480483.878452,45099772055.04321,-4194304.0,-4.194304e-16,False,False,False,True,35185,7.016333712439709e+21,1.9159268590768698e+21,1.0677394284834238e+21,1.0000000000000004e+22,-4194304.0,0.701633371243971,0.191592685907687,0.10677394284834238,-4.194304e-16,221730610695.6646,dirichlet_a20_19,0.43829657372764846,True,True,Q_above_A_supported,upper_bound,0.12725546748977906,0.04967201114118213,0.0003141777653633049,0.05601973705114616,0.033517558987981394,0.00018459431506036742,0.09188128337370738,8.910657060262394e-05,0.30137023601809015,2.4921988098818152e-08,0.03467398948322252,0.1731232213893753,0.005107366341015014,3.465640148608479e-07,0.015259549326868222,0.07072157430785242,0.04080975495275117
mixture_l1,0.0,1e+22,power,32768,fixed_ref,0.8047071577351047,reference_p0,first_question_reference,in,True,True,4.1041825229933595,177.394256137393,1.0,0.41663254110330095,1.0,1.0,2.19996248004066,4849345275.903549,56371610996.552986,0.0,0.0,False,False,False,True,35185,4.368350434310975e+21,4.771403567716734e+21,8.602459979722909e+20,1e+22,0.0,0.4368350434310975,0.47714035677167344,0.0860245997972291,0.0,177394256137.393,reference_p0,0.41663254110330095,True,True,Q_above_A_supported,upper_bound,0.11302252583269279,0.0968248321520278,0.00588968021709595,0.11375419105058357,0.07507775607983627,0.0254628540970504,0.11070066007050916,0.005487697351193036,0.09943242344413017,0.002211033043406226,0.04691494424753537,0.11948759779188561,0.019599998284005892,0.012737064754031531,0.011650822378108678,0.06618116611257162,0.07556475309333588
mixture_l1,0.0,1e+22,power,32768,mixture,0.8047071577351047,dirichlet_a20_19,dirichlet_around_p0|topQ,in,True,True,4.10015240506615,177.66043119598478,1.0,0.43829657372764846,1.0,1.0,2.199913502101224,4815480483.878452,56287153716.11687,0.0,0.0,False,False,False,True,35185,4.370609065519838e+21,4.773870595298468e+21,8.555203391816953e+20,1e+22,0.0,0.43706090655198376,0.4773870595298468,0.08555203391816953,0.0,177660431195.98477,dirichlet_a20_19,0.43829657372764846,True,True,Q_above_A_supported,upper_bound,0.12725546748977906,0.04967201114118213,0.0003141777653633049,0.05601973705114616,0.033517558987981394,0.00018459431506036742,0.09188128337370738,8.910657060262394e-05,0.30137023601809015,2.4921988098818152e-08,0.03467398948322252,0.1731232213893753,0.005107366341015014,3.465640148608479e-07,0.015259549326868222,0.07072157430785242,0.04080975495275117
mixture_l1,0.0,1e+22,power,131072,fixed_ref,0.8047071577351047,reference_p0,first_question_reference,in,True,True,2.5794077478089608,113.70947595187835,1.0,0.41663254110330095,1.0,1.0,2.2760167243969756,4849345275.903549,87943418226.92053,-2097152.0,-2.097152e-16,False,False,False,True,35185,1.7598186196174302e+21,7.688764870349862e+21,5.514165100327095e+20,1.0000000000000002e+22,-2097152.0,0.175981861961743,0.7688764870349862,0.055141651003270946,-2.097152e-16,113709475951.87834,reference_p0,0.41663254110330095,True,True,Q_above_A_supported,upper_bound,0.11302252583269279,0.0968248321520278,0.00588968021709595,0.11375419105058357,0.07507775607983627,0.0254628540970504,0.11070066007050916,0.005487697351193036,0.09943242344413017,0.002211033043406226,0.04691494424753537,0.11948759779188561,0.019599998284005892,0.012737064754031531,0.011650822378108678,0.06618116611257162,0.07556475309333588
mixture_l1,0.0,1e+22,power,131072,mixture,0.8047071577351047,dirichlet_a20_19,dirichlet_around_p0|topQ,in,True,True,2.578141007047307,113.80610784998379,1.0,0.43829657372764846,1.0,1.0,2.2759811812595974,4815480483.878452,87868746141.3032,-2097152.0,-2.097152e-16,False,False,False,True,35185,1.76044916100295e+21,7.691519747699288e+21,5.4803109129776326e+20,1.0000000000000002e+22,-2097152.0,0.17604491610029502,0.7691519747699288,0.054803109129776324,-2.097152e-16,113806107849.9838,dirichlet_a20_19,0.43829657372764846,True,True,Q_above_A_supported,upper_bound,0.12725546748977906,0.04967201114118213,0.0003141777653633049,0.05601973705114616,0.033517558987981394,0.00018459431506036742,0.09188128337370738,8.910657060262394e-05,0.30137023601809015,2.4921988098818152e-08,0.03467398948322252,0.1731232213893753,0.005107366341015014,3.465640148608479e-07,0.015259549326868222,0.07072157430785242,0.04080975495275117
mixture_l1,0.0,1e+22,logarithmic,2048,fixed_ref,0.8047071577351047,reference_p0,first_question_reference,in,True,True,5.268738774482015,283.4308435276214,1.0,0.41663254110330095,1.0,1.0,2.1463457390253806,1511467178.4002495,35281975227.320175,0.0,0.0,False,False,False,True,35185,8.959938451068744e+21,6.116651315929595e+20,4.283964173382965e+20,1e+22,0.0,0.8959938451068744,0.06116651315929595,0.04283964173382965,0.0,283430843527.6214,reference_p0,0.41663254110330095,True,True,Q_above_A_supported,upper_bound,0.11302252583269279,0.0968248321520278,0.00588968021709595,0.11375419105058357,0.07507775607983627,0.0254628540970504,0.11070066007050916,0.005487697351193036,0.09943242344413017,0.002211033043406226,0.04691494424753537,0.11948759779188561,0.019599998284005892,0.012737064754031531,0.011650822378108678,0.06618116611257162,0.07556475309333588
mixture_l1,0.0,1e+22,logarithmic,2048,mixture,0.8047071577351047,dirichlet_a20_19,dirichlet_around_p0|topQ,in,True,True,5.255814152350005,284.7625443055106,1.0,0.43829657372764846,1.0,1.0,2.1461790227700903,1429311596.453055,35116977987.355644,0.0,0.0,False,False,False,True,35185,8.979954062520586e+21,6.13031530668072e+20,4.0701440681134306e+20,1e+22,0.0,0.8979954062520585,0.0613031530668072,0.04070144068113431,0.0,284762544305.51056,dirichlet_a20_19,0.43829657372764846,True,True,Q_above_A_supported,upper_bound,0.12725546748977906,0.04967201114118213,0.0003141777653633049,0.05601973705114616,0.033517558987981394,0.00018459431506036742,0.09188128337370738,8.910657060262394e-05,0.30137023601809015,2.4921988098818152e-08,0.03467398948322252,0.1731232213893753,0.005107366341015014,3.465640148608479e-07,0.015259549326868222,0.07072157430785242,0.04080975495275117
mixture_l1,0.0,1e+22,logarithmic,4096,fixed_ref,0.8047071577351047,reference_p0,first_question_reference,in,True,True,5.1157188286534,274.75111178577185,1.0,0.41663254110330095,1.0,1.0,2.150604408716601,1511467178.4002495,36396577014.753525,2097152.0,2.097152e-16,False,False,False,True,35185,8.43329661453557e+21,1.1514260977712563e+21,4.152772876931721e+20,9.999999999999998e+21,2097152.0,0.843329661453557,0.11514260977712563,0.04152772876931721,2.097152e-16,274751111785.77185,reference_p0,0.41663254110330095,True,True,Q_above_A_supported,upper_bound,0.11302252583269279,0.0968248321520278,0.00588968021709595,0.11375419105058357,0.07507775607983627,0.0254628540970504,0.11070066007050916,0.005487697351193036,0.09943242344413017,0.002211033043406226,0.04691494424753537,0.11948759779188561,0.019599998284005892,0.012737064754031531,0.011650822378108678,0.06618116611257162,0.07556475309333588
mixture_l1,0.0,1e+22,logarithmic,4096,mixture,0.8047071577351047,dirichlet_a20_19,dirichlet_around_p0|topQ,in,True,True,5.100663422287558,276.1534157272785,1.0,0.43829657372764846,1.0,1.0,2.150441383243405,1429311596.453055,36211755605.71637,0.0,0.0,False,False,False,True,35185,8.451393759239394e+21,1.1538969612614853e+21,3.947092794991206e+20,1e+22,0.0,0.8451393759239394,0.11538969612614854,0.03947092794991206,0.0,276153415727.2785,dirichlet_a20_19,0.43829657372764846,True,True,Q_above_A_supported,upper_bound,0.12725546748977906,0.04967201114118213,0.0003141777653633049,0.05601973705114616,0.033517558987981394,0.00018459431506036742,0.09188128337370738,8.910657060262394e-05,0.30137023601809015,2.4921988098818152e-08,0.03467398948322252,0.1731232213893753,0.005107366341015014,3.465640148608479e-07,0.015259549326868222,0.07072157430785242,0.04080975495275117
mixture_l1,0.0,1e+22,logarithmic,8192,fixed_ref,0.8047071577351047,reference_p0,first_question_reference,in,True,True,4.845441262588582,259.5859529594611,1.0,0.41663254110330095,1.0,1.0,2.1585153775285373,1511467178.4002495,38522885718.55687,0.0,0.0,False,False,False,True,35185,7.546850925948908e+21,2.0607934261791157e+21,3.923556478719766e+20,1e+22,0.0,0.7546850925948908,0.20607934261791158,0.03923556478719766,0.0,259585952959.46112,reference_p0,0.41663254110330095,True,True,Q_above_A_supported,upper_bound,0.11302252583269279,0.0968248321520278,0.00588968021709595,0.11375419105058357,0.07507775607983627,0.0254628540970504,0.11070066007050916,0.005487697351193036,0.09943242344413017,0.002211033043406226,0.04691494424753537,0.11948759779188561,0.019599998284005892,0.012737064754031531,0.011650822378108678,0.06618116611257162,0.07556475309333588
mixture_l1,0.0,1e+22,logarithmic,8192,mixture,0.8047071577351047,dirichlet_a20_19,dirichlet_around_p0|topQ,in,True,True,4.833555021865256,260.75661264875407,1.0,0.43829657372764846,1.0,1.0,2.1583589261908838,1429311596.453055,38349938275.46863,-2097152.0,-2.097152e-16,False,False,False,True,35185,7.562288607317751e+21,2.0650089423715676e+21,3.727024503106815e+20,1.0000000000000002e+22,-2097152.0,0.7562288607317752,0.20650089423715676,0.037270245031068155,-2.097152e-16,260756612648.75406,dirichlet_a20_19,0.43829657372764846,True,True,Q_above_A_supported,upper_bound,0.12725546748977906,0.04967201114118213,0.0003141777653633049,0.05601973705114616,0.033517558987981394,0.00018459431506036742,0.09188128337370738,8.910657060262394e-05,0.30137023601809015,2.4921988098818152e-08,0.03467398948322252,0.1731232213893753,0.005107366341015014,3.465640148608479e-07,0.015259549326868222,0.07072157430785242,0.04080975495275117
mixture_l1,0.0,1e+22,logarithmic,32768,fixed_ref,0.8047071577351047,reference_p0,first_question_reference,in,True,True,3.831422100345774,201.5738578115588,1.0,0.41663254110330095,1.0,1.0,2.194915683808947,1511467178.4002495,49609607657.30095,-2097152.0,-2.097152e-16,False,False,False,True,35185,4.633887202026978e+21,5.061440527867334e+21,3.0467227010568985e+20,1.0000000000000002e+22,-2097152.0,0.4633887202026978,0.5061440527867334,0.030467227010568986,-2.097152e-16,201573857811.5588,reference_p0,0.41663254110330095,True,True,Q_above_A_supported,upper_bound,0.11302252583269279,0.0968248321520278,0.00588968021709595,0.11375419105058357,0.07507775607983627,0.0254628540970504,0.11070066007050916,0.005487697351193036,0.09943242344413017,0.002211033043406226,0.04691494424753537,0.11948759779188561,0.019599998284005892,0.012737064754031531,0.011650822378108678,0.06618116611257162,0.07556475309333588
mixture_l1,0.0,1e+22,logarithmic,32768,mixture,0.8047071577351047,dirichlet_a20_19,dirichlet_around_p0|topQ,in,True,True,3.823901235183825,202.2938580303699,1.0,0.43829657372764846,1.0,1.0,2.194785322374066,1429311596.453055,49433038142.45672,-2097152.0,-2.097152e-16,False,False,False,True,35185,4.641310401554597e+21,5.069548641271368e+21,2.8914095717403564e+20,1.0000000000000002e+22,-2097152.0,0.4641310401554597,0.5069548641271368,0.028914095717403564,-2.097152e-16,202293858030.3699,dirichlet_a20_19,0.43829657372764846,True,True,Q_above_A_supported,upper_bound,0.12725546748977906,0.04967201114118213,0.0003141777653633049,0.05601973705114616,0.033517558987981394,0.00018459431506036742,0.09188128337370738,8.910657060262394e-05,0.30137023601809015,2.4921988098818152e-08,0.03467398948322252,0.1731232213893753,0.005107366341015014,3.465640148608479e-07,0.015259549326868222,0.07072157430785242,0.04080975495275117
mixture_l1,0.0,1e+22,logarithmic,131072,fixed_ref,0.8047071577351047,reference_p0,first_question_reference,in,True,True,2.46906960572935,123.37901095124617,1.0,0.41663254110330095,1.0,1.0,2.272411180898094,1511467178.4002495,81051063085.20782,0.0,0.0,False,False,False,True,35185,1.8277881955480235e+21,7.985728478895684e+21,1.8648332555629353e+20,1e+22,0.0,0.18277881955480235,0.7985728478895684,0.01864833255562935,0.0,123379010951.24617,reference_p0,0.41663254110330095,True,True,Q_above_A_supported,upper_bound,0.11302252583269279,0.0968248321520278,0.00588968021709595,0.11375419105058357,0.07507775607983627,0.0254628540970504,0.11070066007050916,0.005487697351193036,0.09943242344413017,0.002211033043406226,0.04691494424753537,0.11948759779188561,0.019599998284005892,0.012737064754031531,0.011650822378108678,0.06618116611257162,0.07556475309333588
mixture_l1,0.0,1e+22,logarithmic,131072,mixture,0.8047071577351047,dirichlet_a20_19,dirichlet_around_p0|topQ,in,True,True,2.465433729964255,123.68311503535892,1.0,0.43829657372764846,1.0,1.0,2.2723196680522832,1429311596.453055,80851779947.01353,-2097152.0,-2.097152e-16,False,False,False,True,35185,1.829595141811338e+21,7.993623147583189e+21,1.7678171060547568e+20,1.0000000000000002e+22,-2097152.0,0.1829595141811338,0.7993623147583189,0.017678171060547566,-2.097152e-16,123683115035.35892,dirichlet_a20_19,0.43829657372764846,True,True,Q_above_A_supported,upper_bound,0.12725546748977906,0.04967201114118213,0.0003141777653633049,0.05601973705114616,0.033517558987981394,0.00018459431506036742,0.09188128337370738,8.910657060262394e-05,0.30137023601809015,2.4921988098818152e-08,0.03467398948322252,0.1731232213893753,0.005107366341015014,3.465640148608479e-07,0.015259549326868222,0.07072157430785242,0.04080975495275117
mixture_l1,0.0,1e+24,exponential,2048,fixed_ref,0.8047071577351047,reference_p0,first_question_reference,in,True,True,40.74052926455529,3772.9729107897265,1.0,0.41663254110330095,1.0,1.0,1.913903619152281,3912487936.8349757,265042984310.92856,0.0,0.0,False,False,False,True,35185,9.222774797184193e+23,6.2960809282110765e+22,1.476171099946995e+22,1e+24,0.0,0.9222774797184193,0.06296080928211077,0.01476171099946995,0.0,3772972910789.7266,reference_p0,0.41663254110330095,False,False,N_above_support;D_above_support;Q_above_A_supported,upper_bound,0.11302252583269279,0.0968248321520278,0.00588968021709595,0.11375419105058357,0.07507775607983627,0.0254628540970504,0.11070066007050916,0.005487697351193036,0.09943242344413017,0.002211033043406226,0.04691494424753537,0.11948759779188561,0.019599998284005892,0.012737064754031531,0.011650822378108678,0.06618116611257162,0.07556475309333588
mixture_l1,0.0,1e+24,exponential,2048,mixture,0.8047071577351047,dirichlet_a20_19,dirichlet_around_p0|topQ,in,True,True,40.74052926455529,3773.2136042659913,1.0,0.43829657372764846,1.0,1.0,1.913901410003191,3895580832.190464,265026077206.28406,134217728.0,1.3421772800000001e-16,False,False,False,True,35185,9.223363155961005e+23,6.296482581136047e+22,1.469885859253889e+22,9.999999999999998e+23,134217728.0,0.9223363155961005,0.06296482581136047,0.01469885859253889,1.3421772800000001e-16,3773213604265.991,dirichlet_a20_19,0.43829657372764846,False,False,N_above_support;D_above_support;Q_above_A_supported,upper_bound,0.12725546748977906,0.04967201114118213,0.0003141777653633049,0.05601973705114616,0.033517558987981394,0.00018459431506036742,0.09188128337370738,8.910657060262394e-05,0.30137023601809015,2.4921988098818152e-08,0.03467398948322252,0.1731232213893753,0.005107366341015014,3.465640148608479e-07,0.015259549326868222,0.07072157430785242,0.04080975495275117
mixture_l1,0.0,1e+24,exponential,4096,fixed_ref,0.8047071577351047,reference_p0,first_question_reference,in,True,True,39.59618396534492,3650.610500495647,1.0,0.41663254110330095,1.0,1.0,1.9160275710896768,3912487936.8349757,273926785633.31503,0.0,0.0,False,False,False,True,35185,8.673014697806731e+23,1.1841556067405458e+23,1.4282969545272312e+22,1e+24,0.0,0.8673014697806731,0.11841556067405458,0.014282969545272313,0.0,3650610500495.647,reference_p0,0.41663254110330095,False,False,N_above_support;D_above_support;Q_above_A_supported,upper_bound,0.11302252583269279,0.0968248321520278,0.00588968021709595,0.11375419105058357,0.07507775607983627,0.0254628540970504,0.11070066007050916,0.005487697351193036,0.09943242344413017,0.002211033043406226,0.04691494424753537,0.11948759779188561,0.019599998284005892,0.012737064754031531,0.011650822378108678,0.06618116611257162,0.07556475309333588
mixture_l1,0.0,1e+24,exponential,4096,mixture,0.8047071577351047,dirichlet_a20_19,dirichlet_around_p0|topQ,in,True,True,39.59618396534492,3650.835834660591,1.0,0.43829657372764846,1.0,1.0,1.9160254137731916,3895580832.190464,273909878528.67053,0.0,0.0,False,False,False,True,35185,8.67355004018966e+23,1.1842286988205615e+23,1.422212609897787e+22,1e+24,0.0,0.867355004018966,0.11842286988205615,0.014222126098977871,0.0,3650835834660.591,dirichlet_a20_19,0.43829657372764846,False,False,N_above_support;D_above_support;Q_above_A_supported,upper_bound,0.12725546748977906,0.04967201114118213,0.0003141777653633049,0.05601973705114616,0.033517558987981394,0.00018459431506036742,0.09188128337370738,8.910657060262394e-05,0.30137023601809015,2.4921988098818152e-08,0.03467398948322252,0.1731232213893753,0.005107366341015014,3.465640148608479e-07,0.015259549326868222,0.07072157430785242,0.04080975495275117
mixture_l1,0.0,1e+24,exponential,8192,fixed_ref,0.8047071577351047,reference_p0,first_question_reference,in,True,True,37.59643507049264,3435.374283393157,1.0,0.41663254110330095,1.0,1.0,1.9199711532667088,3912487936.8349757,291089097579.2859,-268435456.0,-2.6843545600000003e-16,False,False,False,True,35185,7.74946957130586e+23,2.1161218242712537e+23,1.3440860442288825e+22,1.0000000000000003e+24,-268435456.0,0.774946957130586,0.21161218242712537,0.013440860442288824,-2.6843545600000003e-16,3435374283393.1567,reference_p0,0.41663254110330095,False,False,N_above_support;D_above_support;Q_above_A_supported,upper_bound,0.11302252583269279,0.0968248321520278,0.00588968021709595,0.11375419105058357,0.07507775607983627,0.0254628540970504,0.11070066007050916,0.005487697351193036,0.09943242344413017,0.002211033043406226,0.04691494424753537,0.11948759779188561,0.019599998284005892,0.012737064754031531,0.011650822378108678,0.06618116611257162,0.07556475309333588
mixture_l1,0.0,1e+24,exponential,8192,mixture,0.8047071577351047,dirichlet_a20_19,dirichlet_around_p0|topQ,in,True,True,37.57797155426993,3437.2392571787577,1.0,0.43829657372764846,1.0,1.0,1.91996908773344,3895580832.190464,290931158752.3259,134217728.0,1.3421772800000001e-16,False,False,False,True,35185,7.749868741888996e+23,2.1162308244518215e+23,1.3390043365918158e+22,9.999999999999998e+23,134217728.0,0.7749868741888996,0.21162308244518216,0.013390043365918158,1.3421772800000001e-16,3437239257178.758,dirichlet_a20_19,0.43829657372764846,False,False,N_above_support;D_above_support;Q_above_A_supported,upper_bound,0.12725546748977906,0.04967201114118213,0.0003141777653633049,0.05601973705114616,0.033517558987981394,0.00018459431506036742,0.09188128337370738,8.910657060262394e-05,0.30137023601809015,2.4921988098818152e-08,0.03467398948322252,0.1731232213893753,0.005107366341015014,3.465640148608479e-07,0.015259549326868222,0.07072157430785242,0.04080975495275117
mixture_l1,0.0,1e+24,exponential,32768,fixed_ref,0.8047071577351047,reference_p0,first_question_reference,in,True,True,29.918971954932235,2635.023239845255,1.0,0.41663254110330095,1.0,1.0,1.9380887958974857,3912487936.8349757,379503294270.2723,0.0,0.0,False,False,False,True,35185,4.7302311848114916e+23,5.166673848796765e+23,1.0309496639174375e+22,1e+24,0.0,0.4730231184811492,0.5166673848796766,0.010309496639174374,0.0,2635023239845.255,reference_p0,0.41663254110330095,False,False,N_above_support;D_above_support;Q_above_A_supported,upper_bound,0.11302252583269279,0.0968248321520278,0.00588968021709595,0.11375419105058357,0.07507775607983627,0.0254628540970504,0.11070066007050916,0.005487697351193036,0.09943242344413017,0.002211033043406226,0.04691494424753537,0.11948759779188561,0.019599998284005892,0.012737064754031531,0.011650822378108678,0.06618116611257162,0.07556475309333588
mixture_l1,0.0,1e+24,exponential,32768,mixture,0.8047071577351047,dirichlet_a20_19,dirichlet_around_p0|topQ,in,True,True,29.918971954932235,2635.1406369777037,1.0,0.43829657372764846,1.0,1.0,1.9380870899896376,3895580832.190464,379486387165.6278,134217728.0,1.3421772800000001e-16,False,False,False,True,35185,4.7304419289022915e+23,5.1669040375423427e+23,1.0265403355536512e+22,9.999999999999998e+23,134217728.0,0.47304419289022914,0.5166904037542343,0.010265403355536513,1.3421772800000001e-16,2635140636977.7036,dirichlet_a20_19,0.43829657372764846,False,False,N_above_support;D_above_support;Q_above_A_supported,upper_bound,0.12725546748977906,0.04967201114118213,0.0003141777653633049,0.05601973705114616,0.033517558987981394,0.00018459431506036742,0.09188128337370738,8.910657060262394e-05,0.30137023601809015,2.4921988098818152e-08,0.03467398948322252,0.1731232213893753,0.005107366341015014,3.465640148608479e-07,0.015259549326868222,0.07072157430785242,0.04080975495275117
mixture_l1,0.0,1e+24,exponential,131072,fixed_ref,0.8047071577351047,reference_p0,first_question_reference,in,True,True,19.461366584855774,1585.1660524813324,1.0,0.41663254110330095,1.0,1.0,1.9765514600318008,3912487936.8349757,630848735648.0128,0.0,0.0,False,False,False,True,35185,1.8509698587124762e+23,8.087010710705389e+23,6.20194305821353e+21,1e+24,0.0,0.18509698587124762,0.8087010710705389,0.00620194305821353,0.0,1585166052481.3323,reference_p0,0.41663254110330095,False,False,N_above_support;D_above_support;Q_above_A_supported,upper_bound,0.11302252583269279,0.0968248321520278,0.00588968021709595,0.11375419105058357,0.07507775607983627,0.0254628540970504,0.11070066007050916,0.005487697351193036,0.09943242344413017,0.002211033043406226,0.04691494424753537,0.11948759779188561,0.019599998284005892,0.012737064754031531,0.011650822378108678,0.06618116611257162,0.07556475309333588
mixture_l1,0.0,1e+24,exponential,131072,mixture,0.8047071577351047,dirichlet_a20_19,dirichlet_around_p0|topQ,in,True,True,19.461366584855774,1585.208536971042,1.0,0.43829657372764846,1.0,1.0,1.9765502769496048,3895580832.190464,630831828543.3683,-134217728.0,-1.3421772800000001e-16,False,False,False,True,35185,1.8510194670861807e+23,8.08722745299733e+23,6.17530799164908e+21,1.0000000000000001e+24,-134217728.0,0.18510194670861807,0.8087227452997331,0.00617530799164908,-1.3421772800000001e-16,1585208536971.042,dirichlet_a20_19,0.43829657372764846,False,False,N_above_support;D_above_support;Q_above_A_supported,upper_bound,0.12725546748977906,0.04967201114118213,0.0003141777653633049,0.05601973705114616,0.033517558987981394,0.00018459431506036742,0.09188128337370738,8.910657060262394e-05,0.30137023601809015,2.4921988098818152e-08,0.03467398948322252,0.1731232213893753,0.005107366341015014,3.465640148608479e-07,0.015259549326868222,0.07072157430785242,0.04080975495275117
mixture_l1,0.0,1e+24,power,2048,fixed_ref,0.8047071577351047,reference_p0,first_question_reference,in,True,True,40.92104037495471,3743.399745240413,1.0,0.41663254110330095,1.0,1.0,1.9140256838178147,4849345275.903549,267136845663.21326,134217728.0,1.3421772800000001e-16,False,False,False,True,35185,9.191028726874685e+23,6.274408944213118e+22,1.8153037870400144e+22,9.999999999999998e+23,134217728.0,0.9191028726874685,0.06274408944213118,0.018153037870400145,1.3421772800000001e-16,3743399745240.4126,reference_p0,0.41663254110330095,False,False,N_above_support;D_above_support;Q_above_A_supported,upper_bound,0.11302252583269279,0.0968248321520278,0.00588968021709595,0.11375419105058357,0.07507775607983627,0.0254628540970504,0.11070066007050916,0.005487697351193036,0.09943242344413017,0.002211033043406226,0.04691494424753537,0.11948759779188561,0.019599998284005892,0.012737064754031531,0.011650822378108678,0.06618116611257162,0.07556475309333588
mixture_l1,0.0,1e+24,power,2048,mixture,0.8047071577351047,dirichlet_a20_19,dirichlet_around_p0|topQ,in,True,True,40.90094415329442,3745.6806852365767,1.0,0.43829657372764846,1.0,1.0,1.9140212826368048,4815480483.878452,266974172128.83435,-134217728.0,-1.3421772800000001e-16,False,False,False,True,35185,9.192112591376088e+23,6.27514886237941e+22,1.8037252238597203e+22,1.0000000000000001e+24,-134217728.0,0.9192112591376088,0.0627514886237941,0.018037252238597205,-1.3421772800000001e-16,3745680685236.5767,dirichlet_a20_19,0.43829657372764846,False,False,N_above_support;D_above_support;Q_above_A_supported,upper_bound,0.12725546748977906,0.04967201114118213,0.0003141777653633049,0.05601973705114616,0.033517558987981394,0.00018459431506036742,0.09188128337370738,8.910657060262394e-05,0.30137023601809015,2.4921988098818152e-08,0.03467398948322252,0.1731232213893753,0.005107366341015014,3.465640148608479e-07,0.015259549326868222,0.07072157430785242,0.04080975495275117
mixture_l1,0.0,1e+24,power,4096,fixed_ref,0.8047071577351047,reference_p0,first_question_reference,in,True,True,39.75209302101873,3624.149356814165,1.0,0.41663254110330095,1.0,1.0,1.9161467854608134,4849345275.903549,275926818004.8345,-134217728.0,-1.3421772800000001e-16,False,False,False,True,35185,8.644051341248514e+23,1.1802011431251305e+23,1.7574751562635657e+22,1.0000000000000001e+24,-134217728.0,0.8644051341248514,0.11802011431251305,0.017574751562635656,-1.3421772800000001e-16,3624149356814.165,reference_p0,0.41663254110330095,False,False,N_above_support;D_above_support;Q_above_A_supported,upper_bound,0.11302252583269279,0.0968248321520278,0.00588968021709595,0.11375419105058357,0.07507775607983627,0.0254628540970504,0.11070066007050916,0.005487697351193036,0.09943242344413017,0.002211033043406226,0.04691494424753537,0.11948759779188561,0.019599998284005892,0.012737064754031531,0.011650822378108678,0.06618116611257162,0.07556475309333588
mixture_l1,0.0,1e+24,power,4096,mixture,0.8047071577351047,dirichlet_a20_19,dirichlet_around_p0|topQ,in,True,True,39.75209302101873,3624.5942071186296,1.0,0.43829657372764846,1.0,1.0,1.9161424868570553,4815480483.878452,275892953212.8094,0.0,0.0,False,False,False,True,35185,8.645112365089524e+23,1.1803460082468896e+23,1.7454162666358653e+22,1e+24,0.0,0.8645112365089523,0.11803460082468896,0.017454162666358655,0.0,3624594207118.6294,dirichlet_a20_19,0.43829657372764846,False,False,N_above_support;D_above_support;Q_above_A_supported,upper_bound,0.12725546748977906,0.04967201114118213,0.0003141777653633049,0.05601973705114616,0.033517558987981394,0.00018459431506036742,0.09188128337370738,8.910657060262394e-05,0.30137023601809015,2.4921988098818152e-08,0.03467398948322252,0.1731232213893753,0.005107366341015014,3.465640148608479e-07,0.015259549326868222,0.07072157430785242,0.04080975495275117
mixture_l1,0.0,1e+24,power,8192,fixed_ref,0.8047071577351047,reference_p0,first_question_reference,in,True,True,37.72593394540078,3412.793179369246,1.0,0.41663254110330095,1.0,1.0,1.9200853111210283,4849345275.903549,293015119124.4529,134217728.0,1.3421772800000001e-16,False,False,False,True,35185,7.72504860325191e+23,2.1094532719279882e+23,1.6549812482010107e+22,9.999999999999998e+23,134217728.0,0.7725048603251911,0.21094532719279882,0.016549812482010106,1.3421772800000001e-16,3412793179369.246,reference_p0,0.41663254110330095,False,False,N_above_support;D_above_support;Q_above_A_supported,upper_bound,0.11302252583269279,0.0968248321520278,0.00588968021709595,0.11375419105058357,0.07507775607983627,0.0254628540970504,0.11070066007050916,0.005487697351193036,0.09943242344413017,0.002211033043406226,0.04691494424753537,0.11948759779188561,0.019599998284005892,0.012737064754031531,0.011650822378108678,0.06618116611257162,0.07556475309333588
mixture_l1,0.0,1e+24,power,8192,mixture,0.8047071577351047,dirichlet_a20_19,dirichlet_around_p0|topQ,in,True,True,37.72593394540078,3413.187653519162,1.0,0.43829657372764846,1.0,1.0,1.920081194566145,4815480483.878452,292981254332.4278,268435456.0,2.6843545600000003e-16,False,False,False,True,35185,7.725941517595282e+23,2.109697097071352e+23,1.643613853333641e+22,9.999999999999997e+23,268435456.0,0.7725941517595282,0.2109697097071352,0.016436138533336413,2.6843545600000003e-16,3413187653519.1616,dirichlet_a20_19,0.43829657372764846,False,False,N_above_support;D_above_support;Q_above_A_supported,upper_bound,0.12725546748977906,0.04967201114118213,0.0003141777653633049,0.05601973705114616,0.033517558987981394,0.00018459431506036742,0.09188128337370738,8.910657060262394e-05,0.30137023601809015,2.4921988098818152e-08,0.03467398948322252,0.1731232213893753,0.005107366341015014,3.465640148608479e-07,0.015259549326868222,0.07072157430785242,0.04080975495275117
mixture_l1,0.0,1e+24,power,32768,fixed_ref,0.8047071577351047,reference_p0,first_question_reference,in,True,True,30.007282483100177,2620.8969531337625,1.0,0.41663254110330095,1.0,1.0,1.9381831316850204,4849345275.903549,381548766655.74994,0.0,0.0,False,False,False,True,35185,4.718759713906883e+23,5.154143943510025e+23,1.2709634258309218e+22,1e+24,0.0,0.47187597139068826,0.5154143943510024,0.012709634258309219,0.0,2620896953133.7627,reference_p0,0.41663254110330095,False,False,N_above_support;D_above_support;Q_above_A_supported,upper_bound,0.11302252583269279,0.0968248321520278,0.00588968021709595,0.11375419105058357,0.07507775607983627,0.0254628540970504,0.11070066007050916,0.005487697351193036,0.09943242344413017,0.002211033043406226,0.04691494424753537,0.11948759779188561,0.019599998284005892,0.012737064754031531,0.011650822378108678,0.06618116611257162,0.07556475309333588
mixture_l1,0.0,1e+24,power,32768,mixture,0.8047071577351047,dirichlet_a20_19,dirichlet_around_p0|topQ,in,True,True,30.007282483100177,2621.129594453416,1.0,0.43829657372764846,1.0,1.0,1.9381797279125226,4815480483.878452,381514901863.72485,0.0,0.0,False,False,False,True,35185,4.719178569934648e+23,5.154601445987285e+23,1.2621998407806668e+22,1e+24,0.0,0.4719178569934648,0.5154601445987286,0.012621998407806667,0.0,2621129594453.416,dirichlet_a20_19,0.43829657372764846,False,False,N_above_support;D_above_support;Q_above_A_supported,upper_bound,0.12725546748977906,0.04967201114118213,0.0003141777653633049,0.05601973705114616,0.033517558987981394,0.00018459431506036742,0.09188128337370738,8.910657060262394e-05,0.30137023601809015,2.4921988098818152e-08,0.03467398948322252,0.1731232213893753,0.005107366341015014,3.465640148608479e-07,0.015259549326868222,0.07072157430785242,0.04080975495275117
mixture_l1,0.0,1e+24,power,131072,fixed_ref,0.8047071577351047,reference_p0,first_question_reference,in,True,True,19.4900670566069,1580.50251269196,1.0,0.41663254110330095,1.0,1.0,1.9766169459038456,4849345275.903549,632710161464.2609,0.0,0.0,False,False,False,True,35185,1.8482459973301198e+23,8.075109978735116e+23,7.664402393476445e+21,1e+24,0.0,0.184824599733012,0.8075109978735115,0.007664402393476445,0.0,1580502512691.96,reference_p0,0.41663254110330095,False,False,N_above_support;D_above_support;Q_above_A_supported,upper_bound,0.11302252583269279,0.0968248321520278,0.00588968021709595,0.11375419105058357,0.07507775607983627,0.0254628540970504,0.11070066007050916,0.005487697351193036,0.09943242344413017,0.002211033043406226,0.04691494424753537,0.11948759779188561,0.019599998284005892,0.012737064754031531,0.011650822378108678,0.06618116611257162,0.07556475309333588
mixture_l1,0.0,1e+24,power,131072,mixture,0.8047071577351047,dirichlet_a20_19,dirichlet_around_p0|topQ,in,True,True,19.4900670566069,1580.5871110705764,1.0,0.43829657372764846,1.0,1.0,1.9766145811996512,4815480483.878452,632676296672.2357,-134217728.0,-1.3421772800000001e-16,False,False,False,True,35185,1.848344927014447e+23,8.075542209121252e+23,7.611286386430185e+21,1.0000000000000001e+24,-134217728.0,0.1848344927014447,0.8075542209121253,0.007611286386430185,-1.3421772800000001e-16,1580587111070.5764,dirichlet_a20_19,0.43829657372764846,False,False,N_above_support;D_above_support;Q_above_A_supported,upper_bound,0.12725546748977906,0.04967201114118213,0.0003141777653633049,0.05601973705114616,0.033517558987981394,0.00018459431506036742,0.09188128337370738,8.910657060262394e-05,0.30137023601809015,2.4921988098818152e-08,0.03467398948322252,0.1731232213893753,0.005107366341015014,3.465640148608479e-07,0.015259549326868222,0.07072157430785242,0.04080975495275117
mixture_l1,0.0,1e+24,logarithmic,2048,fixed_ref,0.8047071577351047,reference_p0,first_question_reference,in,True,True,40.322427216491384,3846.714628124383,1.0,0.41663254110330095,1.0,1.0,1.9135877364974414,1511467178.4002495,259962096665.22345,0.0,0.0,False,False,False,True,35185,9.30653223690949e+23,6.3532593403968795e+22,5.814182905082127e+21,1e+24,0.0,0.930653223690949,0.0635325934039688,0.005814182905082127,0.0,3846714628124.3833,reference_p0,0.41663254110330095,False,False,N_above_support;D_above_support;Q_above_A_supported,upper_bound,0.11302252583269279,0.0968248321520278,0.00588968021709595,0.11375419105058357,0.07507775607983627,0.0254628540970504,0.11070066007050916,0.005487697351193036,0.09943242344413017,0.002211033043406226,0.04691494424753537,0.11948759779188561,0.019599998284005892,0.012737064754031531,0.011650822378108678,0.06618116611257162,0.07556475309333588
mixture_l1,0.0,1e+24,logarithmic,2048,mixture,0.8047071577351047,dirichlet_a20_19,dirichlet_around_p0|topQ,in,True,True,40.30262497227182,3849.8109204553757,1.0,0.43829657372764846,1.0,1.0,1.913576848918821,1429311596.453055,259753016618.72653,0.0,0.0,False,False,False,True,35185,9.309449144476175e+23,6.355250615962402e+22,5.502579392758477e+21,1e+24,0.0,0.9309449144476175,0.06355250615962402,0.005502579392758477,0.0,3849810920455.3755,dirichlet_a20_19,0.43829657372764846,False,False,N_above_support;D_above_support;Q_above_A_supported,upper_bound,0.12725546748977906,0.04967201114118213,0.0003141777653633049,0.05601973705114616,0.033517558987981394,0.00018459431506036742,0.09188128337370738,8.910657060262394e-05,0.30137023601809015,2.4921988098818152e-08,0.03467398948322252,0.1731232213893753,0.005107366341015014,3.465640148608479e-07,0.015259549326868222,0.07072157430785242,0.04080975495275117
mixture_l1,0.0,1e+24,logarithmic,4096,fixed_ref,0.8047071577351047,reference_p0,first_question_reference,in,True,True,39.20908131018585,3719.0477447066605,1.0,0.41663254110330095,1.0,1.0,1.915719160482562,1511467178.4002495,268886034448.8196,0.0,0.0,False,False,False,True,35185,8.749226725120007e+23,1.1945610888697183e+23,5.621218601027588e+21,1e+24,0.0,0.8749226725120007,0.11945610888697183,0.005621218601027588,0.0,3719047744706.6606,reference_p0,0.41663254110330095,False,False,N_above_support;D_above_support;Q_above_A_supported,upper_bound,0.11302252583269279,0.0968248321520278,0.00588968021709595,0.11375419105058357,0.07507775607983627,0.0254628540970504,0.11070066007050916,0.005487697351193036,0.09943242344413017,0.002211033043406226,0.04691494424753537,0.11948759779188561,0.019599998284005892,0.012737064754031531,0.011650822378108678,0.06618116611257162,0.07556475309333588
mixture_l1,0.0,1e+24,logarithmic,4096,mixture,0.8047071577351047,dirichlet_a20_19,dirichlet_around_p0|topQ,in,True,True,39.18982582738567,3722.0025587576342,1.0,0.43829657372764846,1.0,1.0,1.9157085324100362,1429311596.453055,268672571878.5614,134217728.0,1.3421772800000001e-16,False,False,False,True,35185,8.751877920407728e+23,1.1949230653996685e+23,5.31990141926023e+21,9.999999999999998e+23,134217728.0,0.8751877920407728,0.11949230653996686,0.00531990141926023,1.3421772800000001e-16,3722002558757.6343,dirichlet_a20_19,0.43829657372764846,False,False,N_above_support;D_above_support;Q_above_A_supported,upper_bound,0.12725546748977906,0.04967201114118213,0.0003141777653633049,0.05601973705114616,0.033517558987981394,0.00018459431506036742,0.09188128337370738,8.910657060262394e-05,0.30137023601809015,2.4921988098818152e-08,0.03467398948322252,0.1731232213893753,0.005107366341015014,3.465640148608479e-07,0.015259549326868222,0.07072157430785242,0.04080975495275117
mixture_l1,0.0,1e+24,logarithmic,8192,fixed_ref,0.8047071577351047,reference_p0,first_question_reference,in,True,True,37.228882483782755,3497.964286230427,1.0,0.41663254110330095,1.0,1.0,1.9196759830034493,1511467178.4002495,285880563142.5264,0.0,0.0,False,False,False,True,35185,7.813518080672495e+23,2.1336113372289698e+23,5.287058209853547e+21,1e+24,0.0,0.7813518080672495,0.21336113372289697,0.005287058209853547,0.0,3497964286230.4272,reference_p0,0.41663254110330095,False,False,N_above_support;D_above_support;Q_above_A_supported,upper_bound,0.11302252583269279,0.0968248321520278,0.00588968021709595,0.11375419105058357,0.07507775607983627,0.0254628540970504,0.11070066007050916,0.005487697351193036,0.09943242344413017,0.002211033043406226,0.04691494424753537,0.11948759779188561,0.019599998284005892,0.012737064754031531,0.011650822378108678,0.06618116611257162,0.07556475309333588
mixture_l1,0.0,1e+24,logarithmic,8192,mixture,0.8047071577351047,dirichlet_a20_19,dirichlet_around_p0|topQ,in,True,True,37.210599471725786,3500.680388373813,1.0,0.43829657372764846,1.0,1.0,1.9196658161393667,1429311596.453055,285658754601.28326,-134217728.0,-1.3421772800000001e-16,False,False,False,True,35185,7.815744948618205e+23,2.1342194206360113e+23,5.003563074578475e+21,1.0000000000000001e+24,-134217728.0,0.7815744948618205,0.21342194206360113,0.005003563074578475,-1.3421772800000001e-16,3500680388373.813,dirichlet_a20_19,0.43829657372764846,False,False,N_above_support;D_above_support;Q_above_A_supported,upper_bound,0.12725546748977906,0.04967201114118213,0.0003141777653633049,0.05601973705114616,0.033517558987981394,0.00018459431506036742,0.09188128337370738,8.910657060262394e-05,0.30137023601809015,2.4921988098818152e-08,0.03467398948322252,0.1731232213893753,0.005107366341015014,3.465640148608479e-07,0.015259549326868222,0.07072157430785242,0.04080975495275117
mixture_l1,0.0,1e+24,logarithmic,32768,fixed_ref,0.8047071577351047,reference_p0,first_question_reference,in,True,True,29.69933100359089,2671.332673723647,1.0,0.41663254110330095,1.0,1.0,1.9378453784718424,1511467178.4002495,374344988865.07886,0.0,0.0,False,False,False,True,35185,4.760207597857563e+23,5.199416085553221e+23,4.037631658921475e+21,1e+24,0.0,0.4760207597857563,0.5199416085553221,0.004037631658921475,0.0,2671332673723.647,reference_p0,0.41663254110330095,False,False,N_above_support;D_above_support;Q_above_A_supported,upper_bound,0.11302252583269279,0.0968248321520278,0.00588968021709595,0.11375419105058357,0.07507775607983627,0.0254628540970504,0.11070066007050916,0.005487697351193036,0.09943242344413017,0.002211033043406226,0.04691494424753537,0.11948759779188561,0.019599998284005892,0.012737064754031531,0.011650822378108678,0.06618116611257162,0.07556475309333588
mixture_l1,0.0,1e+24,logarithmic,32768,mixture,0.8047071577351047,dirichlet_a20_19,dirichlet_around_p0|topQ,in,True,True,29.69933100359089,2671.9190661486155,1.0,0.43829657372764846,1.0,1.0,1.937837006440978,1429311596.453055,374262833283.13165,0.0,0.0,False,False,False,True,35185,4.761252525621191e+23,5.2005574253185065e+23,3.819004906030233e+21,1e+24,0.0,0.47612525256211913,0.5200557425318506,0.003819004906030233,0.0,2671919066148.615,dirichlet_a20_19,0.43829657372764846,False,False,N_above_support;D_above_support;Q_above_A_supported,upper_bound,0.12725546748977906,0.04967201114118213,0.0003141777653633049,0.05601973705114616,0.033517558987981394,0.00018459431506036742,0.09188128337370738,8.910657060262394e-05,0.30137023601809015,2.4921988098818152e-08,0.03467398948322252,0.1731232213893753,0.005107366341015014,3.465640148608479e-07,0.015259549326868222,0.07072157430785242,0.04080975495275117
mixture_l1,0.0,1e+24,logarithmic,131072,fixed_ref,0.8047071577351047,reference_p0,first_question_reference,in,True,True,19.375518501328656,1598.25554782952,1.0,0.41663254110330095,1.0,1.0,1.976382940542712,1511467178.4002495,625682170387.602,0.0,0.0,False,False,False,True,35185,1.8580217962093222e+23,8.117821095758275e+23,2.41571080324043e+21,1e+24,0.0,0.18580217962093223,0.8117821095758275,0.00241571080324043,0.0,1598255547829.52,reference_p0,0.41663254110330095,False,False,N_above_support;D_above_support;Q_above_A_supported,upper_bound,0.11302252583269279,0.0968248321520278,0.00588968021709595,0.11375419105058357,0.07507775607983627,0.0254628540970504,0.11070066007050916,0.005487697351193036,0.09943242344413017,0.002211033043406226,0.04691494424753537,0.11948759779188561,0.019599998284005892,0.012737064754031531,0.011650822378108678,0.06618116611257162,0.07556475309333588
mixture_l1,0.0,1e+24,logarithmic,131072,mixture,0.8047071577351047,dirichlet_a20_19,dirichlet_around_p0|topQ,in,True,True,19.375518501328656,1598.4654353159726,1.0,0.43829657372764846,1.0,1.0,1.9763771573058238,1429311596.453055,625600014805.6548,-268435456.0,-2.6843545600000003e-16,False,False,False,True,35185,1.8582657969419393e+23,8.118887151225797e+23,2.2847051832265002e+21,1.0000000000000003e+24,-268435456.0,0.18582657969419394,0.8118887151225798,0.0022847051832265,-2.6843545600000003e-16,1598465435315.9727,dirichlet_a20_19,0.43829657372764846,False,False,N_above_support;D_above_support;Q_above_A_supported,upper_bound,0.12725546748977906,0.04967201114118213,0.0003141777653633049,0.05601973705114616,0.033517558987981394,0.00018459431506036742,0.09188128337370738,8.910657060262394e-05,0.30137023601809015,2.4921988098818152e-08,0.03467398948322252,0.1731232213893753,0.005107366341015014,3.465640148608479e-07,0.015259549326868222,0.07072157430785242,0.04080975495275117
mixture_l1,0.5,1e+19,exponential,2048,fixed_ref,0.8047071577351047,reference_p0,first_question_reference,in,True,True,0.22232416335630398,5.966798050391992,0.6030456680355448,0.41663254110330095,1.0,1.0,3.123094642754934,250931792.60632232,1675940750.0548885,0.0,0.0,False,False,False,False,35185,7.959380306816552e+18,5.433603622786766e+17,1.4972593309047716e+18,1e+19,0.0,0.7959380306816551,0.05433603622786766,0.14972593309047716,0.0,5966798050.391992,reference_p0,0.41663254110330095,True,True,Q_above_A_supported,interior,0.11302252583269279,0.0968248321520278,0.00588968021709595,0.11375419105058357,0.07507775607983627,0.0254628540970504,0.11070066007050916,0.005487697351193036,0.09943242344413017,0.002211033043406226,0.04691494424753537,0.11948759779188561,0.019599998284005892,0.012737064754031531,0.011650822378108678,0.06618116611257162,0.07556475309333588
mixture_l1,0.5,1e+19,exponential,2048,mixture,0.8047071577351047,reference_p0,first_question_reference,in,True,True,0.22232416335630398,5.966798050391992,0.6030456680355448,0.41663254110330095,1.0,1.0,3.123094642754934,250931792.60632232,1675940750.0548885,0.0,0.0,False,False,False,False,35185,7.959380306816552e+18,5.433603622786766e+17,1.4972593309047716e+18,1e+19,0.0,0.7959380306816551,0.05433603622786766,0.14972593309047716,0.0,5966798050.391992,reference_p0,0.41663254110330095,True,True,Q_above_A_supported,interior,0.11302252583269279,0.0968248321520278,0.00588968021709595,0.11375419105058357,0.07507775607983627,0.0254628540970504,0.11070066007050916,0.005487697351193036,0.09943242344413017,0.002211033043406226,0.04691494424753537,0.11948759779188561,0.019599998284005892,0.012737064754031531,0.011650822378108678,0.06618116611257162,0.07556475309333588
mixture_l1,0.5,1e+19,exponential,4096,fixed_ref,0.8047071577351047,reference_p0,first_question_reference,in,True,True,0.21719675544437037,5.734461504030816,0.608241527536118,0.41663254110330095,1.0,1.0,3.1355734585409953,262734788.9135925,1743842903.639843,2048.0,2.048e-16,False,False,False,False,35185,7.473038597376824e+18,1.0203188698285158e+18,1.5066425327946586e+18,9.999999999999998e+18,2048.0,0.7473038597376824,0.10203188698285158,0.15066425327946587,2.048e-16,5734461504.030816,reference_p0,0.41663254110330095,True,True,Q_above_A_supported,interior,0.11302252583269279,0.0968248321520278,0.00588968021709595,0.11375419105058357,0.07507775607983627,0.0254628540970504,0.11070066007050916,0.005487697351193036,0.09943242344413017,0.002211033043406226,0.04691494424753537,0.11948759779188561,0.019599998284005892,0.012737064754031531,0.011650822378108678,0.06618116611257162,0.07556475309333588
mixture_l1,0.5,1e+19,exponential,4096,mixture,0.8047071577351047,reference_p0,first_question_reference,in,True,True,0.21719675544437037,5.734461504030816,0.608241527536118,0.41663254110330095,1.0,1.0,3.1355734585409953,262734788.9135925,1743842903.639843,2048.0,2.048e-16,False,False,False,False,35185,7.473038597376824e+18,1.0203188698285158e+18,1.5066425327946586e+18,9.999999999999998e+18,2048.0,0.7473038597376824,0.10203188698285158,0.15066425327946587,2.048e-16,5734461504.030816,reference_p0,0.41663254110330095,True,True,Q_above_A_supported,interior,0.11302252583269279,0.0968248321520278,0.00588968021709595,0.11375419105058357,0.07507775607983627,0.0254628540970504,0.11070066007050916,0.005487697351193036,0.09943242344413017,0.002211033043406226,0.04691494424753537,0.11948759779188561,0.019599998284005892,0.012737064754031531,0.011650822378108678,0.06618116611257162,0.07556475309333588
mixture_l1,0.5,1e+19,exponential,8192,fixed_ref,0.8047071577351047,reference_p0,first_question_reference,in,True,True,0.2079058294626956,5.338947776503678,0.6176065198096063,0.41663254110330095,1.0,1.0,3.158689755020952,284960360.23435986,1873028248.002214,-2048.0,-2.048e-16,False,False,False,False,35185,6.65999019559207e+18,1.8186213227430077e+18,1.521388481664923e+18,1.0000000000000002e+19,-2048.0,0.665999019559207,0.1818621322743008,0.15213884816649229,-2.048e-16,5338947776.503678,reference_p0,0.41663254110330095,True,True,Q_above_A_supported,interior,0.11302252583269279,0.0968248321520278,0.00588968021709595,0.11375419105058357,0.07507775607983627,0.0254628540970504,0.11070066007050916,0.005487697351193036,0.09943242344413017,0.002211033043406226,0.04691494424753537,0.11948759779188561,0.019599998284005892,0.012737064754031531,0.011650822378108678,0.06618116611257162,0.07556475309333588
mixture_l1,0.5,1e+19,exponential,8192,mixture,0.8047071577351047,reference_p0,first_question_reference,in,True,True,0.2079058294626956,5.338947776503678,0.6176065198096063,0.41663254110330095,1.0,1.0,3.158689755020952,284960360.23435986,1873028248.002214,-2048.0,-2.048e-16,False,False,False,False,35185,6.65999019559207e+18,1.8186213227430077e+18,1.521388481664923e+18,1.0000000000000002e+19,-2048.0,0.665999019559207,0.1818621322743008,0.15213884816649229,-2.048e-16,5338947776.503678,reference_p0,0.41663254110330095,True,True,Q_above_A_supported,interior,0.11302252583269279,0.0968248321520278,0.00588968021709595,0.11375419105058357,0.07507775607983627,0.0254628540970504,0.11070066007050916,0.005487697351193036,0.09943242344413017,0.002211033043406226,0.04691494424753537,0.11948759779188561,0.019599998284005892,0.012737064754031531,0.011650822378108678,0.06618116611257162,0.07556475309333588
mixture_l1,0.5,1e+19,exponential,32768,fixed_ref,0.8047071577351047,reference_p0,first_question_reference,in,True,True,0.17090181171661814,3.934256663762259,0.6579444350341169,0.41663254110330095,1.0,1.0,3.264133767913078,396343228.47152686,2541776212.0372643,0.0,0.0,False,False,False,False,35185,4.034229549570887e+18,4.4064544626779617e+18,1.559315987751152e+18,1e+19,0.0,0.40342295495708874,0.44064544626779617,0.15593159877511523,0.0,3934256663.762259,reference_p0,0.41663254110330095,True,True,Q_above_A_supported,interior,0.11302252583269279,0.0968248321520278,0.00588968021709595,0.11375419105058357,0.07507775607983627,0.0254628540970504,0.11070066007050916,0.005487697351193036,0.09943242344413017,0.002211033043406226,0.04691494424753537,0.11948759779188561,0.019599998284005892,0.012737064754031531,0.011650822378108678,0.06618116611257162,0.07556475309333588
mixture_l1,0.5,1e+19,exponential,32768,mixture,0.8047071577351047,reference_p0,first_question_reference,in,True,True,0.17090181171661814,3.934256663762259,0.6579444350341169,0.41663254110330095,1.0,1.0,3.264133767913078,396343228.47152686,2541776212.0372643,0.0,0.0,False,False,False,False,35185,4.034229549570887e+18,4.4064544626779617e+18,1.559315987751152e+18,1e+19,0.0,0.40342295495708874,0.44064544626779617,0.15593159877511523,0.0,3934256663.762259,reference_p0,0.41663254110330095,True,True,Q_above_A_supported,interior,0.11302252583269279,0.0968248321520278,0.00588968021709595,0.11375419105058357,0.07507775607983627,0.0254628540970504,0.11070066007050916,0.005487697351193036,0.09943242344413017,0.002211033043406226,0.04691494424753537,0.11948759779188561,0.019599998284005892,0.012737064754031531,0.011650822378108678,0.06618116611257162,0.07556475309333588
mixture_l1,0.5,1e+19,exponential,131072,fixed_ref,0.8047071577351047,reference_p0,first_question_reference,in,True,True,0.11604862524256605,2.2587687157931424,0.7325221309794708,0.41663254110330095,1.0,1.0,3.4850599226598504,688753932.5037249,4427190765.517844,0.0,0.0,False,False,False,False,35185,1.5727620252522634e+18,6.871502139128822e+18,1.5557358356189153e+18,1e+19,0.0,0.15727620252522634,0.6871502139128822,0.15557358356189152,0.0,2258768715.7931423,reference_p0,0.41663254110330095,True,True,Q_above_A_supported,interior,0.11302252583269279,0.0968248321520278,0.00588968021709595,0.11375419105058357,0.07507775607983627,0.0254628540970504,0.11070066007050916,0.005487697351193036,0.09943242344413017,0.002211033043406226,0.04691494424753537,0.11948759779188561,0.019599998284005892,0.012737064754031531,0.011650822378108678,0.06618116611257162,0.07556475309333588
mixture_l1,0.5,1e+19,exponential,131072,mixture,0.8047071577351047,reference_p0,first_question_reference,in,True,True,0.11604862524256605,2.2587687157931424,0.7325221309794708,0.41663254110330095,1.0,1.0,3.4850599226598504,688753932.5037249,4427190765.517844,0.0,0.0,False,False,False,False,35185,1.5727620252522634e+18,6.871502139128822e+18,1.5557358356189153e+18,1e+19,0.0,0.15727620252522634,0.6871502139128822,0.15557358356189152,0.0,2258768715.7931423,reference_p0,0.41663254110330095,True,True,Q_above_A_supported,interior,0.11302252583269279,0.0968248321520278,0.00588968021709595,0.11375419105058357,0.07507775607983627,0.0254628540970504,0.11070066007050916,0.005487697351193036,0.09943242344413017,0.002211033043406226,0.04691494424753537,0.11948759779188561,0.019599998284005892,0.012737064754031531,0.011650822378108678,0.06618116611257162,0.07556475309333588
mixture_l1,0.5,1e+19,power,2048,fixed_ref,0.8047071577351047,reference_p0,first_question_reference,in,True,True,0.1885905816663073,7.549384584392674,0.48047627580495555,0.41663254110330095,1.0,1.0,3.144776393094138,115821090.72609812,1324611282.9744613,0.0,0.0,False,False,False,False,35185,8.542456979959607e+18,5.831650631652425e+17,8.743779568751503e+17,1e+19,0.0,0.8542456979959607,0.05831650631652425,0.08743779568751503,0.0,7549384584.3926735,reference_p0,0.41663254110330095,True,True,,interior,0.11302252583269279,0.0968248321520278,0.00588968021709595,0.11375419105058357,0.07507775607983627,0.0254628540970504,0.11070066007050916,0.005487697351193036,0.09943242344413017,0.002211033043406226,0.04691494424753537,0.11948759779188561,0.019599998284005892,0.012737064754031531,0.011650822378108678,0.06618116611257162,0.07556475309333588
mixture_l1,0.5,1e+19,power,2048,mixture,0.8047071577351047,reference_p0,first_question_reference,in,True,True,0.1885905816663073,7.549384584392674,0.48047627580495555,0.41663254110330095,1.0,1.0,3.144776393094138,115821090.72609812,1324611282.9744613,0.0,0.0,False,False,False,False,35185,8.542456979959607e+18,5.831650631652425e+17,8.743779568751503e+17,1e+19,0.0,0.8542456979959607,0.05831650631652425,0.08743779568751503,0.0,7549384584.3926735,reference_p0,0.41663254110330095,True,True,,interior,0.11302252583269279,0.0968248321520278,0.00588968021709595,0.11375419105058357,0.07507775607983627,0.0254628540970504,0.11070066007050916,0.005487697351193036,0.09943242344413017,0.002211033043406226,0.04691494424753537,0.11948759779188561,0.019599998284005892,0.012737064754031531,0.011650822378108678,0.06618116611257162,0.07556475309333588
mixture_l1,0.5,1e+19,power,4096,fixed_ref,0.8047071577351047,reference_p0,first_question_reference,in,True,True,0.1856493073940922,7.16230445500069,0.4868388702233223,0.41663254110330095,1.0,1.0,3.157956094805795,130218919.41181356,1396198676.3936071,0.0,0.0,False,False,False,False,35185,7.978061168498995e+18,1.0892712848723962e+18,9.326675466286081e+17,1e+19,0.0,0.7978061168498995,0.10892712848723962,0.09326675466286082,0.0,7162304455.00069,reference_p0,0.41663254110330095,True,True,,interior,0.11302252583269279,0.0968248321520278,0.00588968021709595,0.11375419105058357,0.07507775607983627,0.0254628540970504,0.11070066007050916,0.005487697351193036,0.09943242344413017,0.002211033043406226,0.04691494424753537,0.11948759779188561,0.019599998284005892,0.012737064754031531,0.011650822378108678,0.06618116611257162,0.07556475309333588
mixture_l1,0.5,1e+19,power,4096,mixture,0.8047071577351047,reference_p0,first_question_reference,in,True,True,0.1856493073940922,7.16230445500069,0.4868388702233223,0.41663254110330095,1.0,1.0,3.157956094805795,130218919.41181356,1396198676.3936071,0.0,0.0,False,False,False,False,35185,7.978061168498995e+18,1.0892712848723962e+18,9.326675466286081e+17,1e+19,0.0,0.7978061168498995,0.10892712848723962,0.09326675466286082,0.0,7162304455.00069,reference_p0,0.41663254110330095,True,True,,interior,0.11302252583269279,0.0968248321520278,0.00588968021709595,0.11375419105058357,0.07507775607983627,0.0254628540970504,0.11070066007050916,0.005487697351193036,0.09943242344413017,0.002211033043406226,0.04691494424753537,0.11948759779188561,0.019599998284005892,0.012737064754031531,0.011650822378108678,0.06618116611257162,0.07556475309333588
mixture_l1,0.5,1e+19,power,8192,fixed_ref,0.8047071577351047,reference_p0,first_question_reference,in,True,True,0.18012472606044141,6.519920481705887,0.4984128806078329,0.41663254110330095,1.0,1.0,3.1822819379431824,157896329.58588284,1533761037.1259584,0.0,0.0,False,False,False,False,35185,7.046393344218804e+18,1.9241351425280148e+18,1.0294715132531807e+18,1e+19,0.0,0.7046393344218804,0.19241351425280148,0.10294715132531806,0.0,6519920481.705887,reference_p0,0.41663254110330095,True,True,Q_above_A_supported,interior,0.11302252583269279,0.0968248321520278,0.00588968021709595,0.11375419105058357,0.07507775607983627,0.0254628540970504,0.11070066007050916,0.005487697351193036,0.09943242344413017,0.002211033043406226,0.04691494424753537,0.11948759779188561,0.019599998284005892,0.012737064754031531,0.011650822378108678,0.06618116611257162,0.07556475309333588
mixture_l1,0.5,1e+19,power,8192,mixture,0.8047071577351047,reference_p0,first_question_reference,in,True,True,0.18012472606044141,6.519920481705887,0.4984128806078329,0.41663254110330095,1.0,1.0,3.1822819379431824,157896329.58588284,1533761037.1259584,0.0,0.0,False,False,False,False,35185,7.046393344218804e+18,1.9241351425280148e+18,1.0294715132531807e+18,1e+19,0.0,0.7046393344218804,0.19241351425280148,0.10294715132531806,0.0,6519920481.705887,reference_p0,0.41663254110330095,True,True,Q_above_A_supported,interior,0.11302252583269279,0.0968248321520278,0.00588968021709595,0.11375419105058357,0.07507775607983627,0.0254628540970504,0.11070066007050916,0.005487697351193036,0.09943242344413017,0.002211033043406226,0.04691494424753537,0.11948759779188561,0.019599998284005892,0.012737064754031531,0.011650822378108678,0.06618116611257162,0.07556475309333588
mixture_l1,0.5,1e+19,power,32768,fixed_ref,0.8047071577351047,reference_p0,first_question_reference,in,True,True,0.15532928149277236,4.439653811293352,0.5486758208663725,0.41663254110330095,1.0,1.0,3.2920403920010926,302486206.87324995,2252427875.020917,-2048.0,-2.048e-16,False,False,False,False,35185,4.137649419509069e+18,4.519416539282439e+18,1.3429340412084936e+18,1.0000000000000002e+19,-2048.0,0.4137649419509069,0.4519416539282439,0.13429340412084936,-2.048e-16,4439653811.293352,reference_p0,0.41663254110330095,True,True,Q_above_A_supported,interior,0.11302252583269279,0.0968248321520278,0.00588968021709595,0.11375419105058357,0.07507775607983627,0.0254628540970504,0.11070066007050916,0.005487697351193036,0.09943242344413017,0.002211033043406226,0.04691494424753537,0.11948759779188561,0.019599998284005892,0.012737064754031531,0.011650822378108678,0.06618116611257162,0.07556475309333588
mixture_l1,0.5,1e+19,power,32768,mixture,0.8047071577351047,reference_p0,first_question_reference,in,True,True,0.15532928149277236,4.439653811293352,0.5486758208663725,0.41663254110330095,1.0,1.0,3.2920403920010926,302486206.87324995,2252427875.020917,-2048.0,-2.048e-16,False,False,False,False,35185,4.137649419509069e+18,4.519416539282439e+18,1.3429340412084936e+18,1.0000000000000002e+19,-2048.0,0.4137649419509069,0.4519416539282439,0.13429340412084936,-2.048e-16,4439653811.293352,reference_p0,0.41663254110330095,True,True,Q_above_A_supported,interior,0.11302252583269279,0.0968248321520278,0.00588968021709595,0.11375419105058357,0.07507775607983627,0.0254628540970504,0.11070066007050916,0.005487697351193036,0.09943242344413017,0.002211033043406226,0.04691494424753537,0.11948759779188561,0.019599998284005892,0.012737064754031531,0.011650822378108678,0.06618116611257162,0.07556475309333588
mixture_l1,0.5,1e+19,power,131072,fixed_ref,0.8047071577351047,reference_p0,first_question_reference,in,True,True,0.11259523197215576,2.2977564920998907,0.6468837880134354,0.41663254110330095,1.0,1.0,3.5175301707482776,724883422.7482328,4352071263.592047,-2048.0,-2.048e-16,False,False,False,False,35185,1.5522985514610844e+18,6.782095857903576e+18,1.6656055906353416e+18,1.0000000000000002e+19,-2048.0,0.15522985514610843,0.6782095857903576,0.16656055906353415,-2.048e-16,2297756492.0998907,reference_p0,0.41663254110330095,True,True,Q_above_A_supported,interior,0.11302252583269279,0.0968248321520278,0.00588968021709595,0.11375419105058357,0.07507775607983627,0.0254628540970504,0.11070066007050916,0.005487697351193036,0.09943242344413017,0.002211033043406226,0.04691494424753537,0.11948759779188561,0.019599998284005892,0.012737064754031531,0.011650822378108678,0.06618116611257162,0.07556475309333588
mixture_l1,0.5,1e+19,power,131072,mixture,0.8047071577351047,reference_p0,first_question_reference,in,True,True,0.11259523197215576,2.2977564920998907,0.6468837880134354,0.41663254110330095,1.0,1.0,3.5175301707482776,724883422.7482328,4352071263.592047,-2048.0,-2.048e-16,False,False,False,False,35185,1.5522985514610844e+18,6.782095857903576e+18,1.6656055906353416e+18,1.0000000000000002e+19,-2048.0,0.15522985514610843,0.6782095857903576,0.16656055906353415,-2.048e-16,2297756492.0998907,reference_p0,0.41663254110330095,True,True,Q_above_A_supported,interior,0.11302252583269279,0.0968248321520278,0.00588968021709595,0.11375419105058357,0.07507775607983627,0.0254628540970504,0.11070066007050916,0.005487697351193036,0.09943242344413017,0.002211033043406226,0.04691494424753537,0.11948759779188561,0.019599998284005892,0.012737064754031531,0.011650822378108678,0.06618116611257162,0.07556475309333588
mixture_l1,0.5,1e+19,logarithmic,2048,fixed_ref,0.8047071577351047,reference_p0,first_question_reference,in,True,True,0.3854073564678233,2.51144328432725,1.0,0.41663254110330095,1.0,1.0,3.1378169416872645,1511467178.4002495,3981774170.41641,0.0,0.0,False,False,False,True,35185,5.807572302788601e+18,3.9646360253703514e+17,3.795964094674364e+18,1e+19,0.0,0.5807572302788601,0.039646360253703515,0.3795964094674364,0.0,2511443284.32725,reference_p0,0.41663254110330095,True,True,Q_above_A_supported,upper_bound,0.11302252583269279,0.0968248321520278,0.00588968021709595,0.11375419105058357,0.07507775607983627,0.0254628540970504,0.11070066007050916,0.005487697351193036,0.09943242344413017,0.002211033043406226,0.04691494424753537,0.11948759779188561,0.019599998284005892,0.012737064754031531,0.011650822378108678,0.06618116611257162,0.07556475309333588
mixture_l1,0.5,1e+19,logarithmic,2048,mixture,0.8047071577351047,reference_p0,first_question_reference,in,True,True,0.3854073564678233,2.51144328432725,1.0,0.41663254110330095,1.0,1.0,3.1378169416872645,1511467178.4002495,3981774170.41641,0.0,0.0,False,False,False,True,35185,5.807572302788601e+18,3.9646360253703514e+17,3.795964094674364e+18,1e+19,0.0,0.5807572302788601,0.039646360253703515,0.3795964094674364,0.0,2511443284.32725,reference_p0,0.41663254110330095,True,True,Q_above_A_supported,upper_bound,0.11302252583269279,0.0968248321520278,0.00588968021709595,0.11375419105058357,0.07507775607983627,0.0254628540970504,0.11070066007050916,0.005487697351193036,0.09943242344413017,0.002211033043406226,0.04691494424753537,0.11948759779188561,0.019599998284005892,0.012737064754031531,0.011650822378108678,0.06618116611257162,0.07556475309333588
mixture_l1,0.5,1e+19,logarithmic,4096,fixed_ref,0.8047071577351047,reference_p0,first_question_reference,in,True,True,0.3708286954532517,2.4751113823321806,1.0,0.41663254110330095,1.0,1.0,3.148193680538305,1511467178.4002495,4040222218.435064,0.0,0.0,False,False,False,True,35185,5.507053950070423e+18,7.51896432649615e+17,3.741049617279962e+18,1e+19,0.0,0.5507053950070423,0.0751896432649615,0.37410496172799623,0.0,2475111382.3321805,reference_p0,0.41663254110330095,True,True,Q_above_A_supported,upper_bound,0.11302252583269279,0.0968248321520278,0.00588968021709595,0.11375419105058357,0.07507775607983627,0.0254628540970504,0.11070066007050916,0.005487697351193036,0.09943242344413017,0.002211033043406226,0.04691494424753537,0.11948759779188561,0.019599998284005892,0.012737064754031531,0.011650822378108678,0.06618116611257162,0.07556475309333588
mixture_l1,0.5,1e+19,logarithmic,4096,mixture,0.8047071577351047,reference_p0,first_question_reference,in,True,True,0.3708286954532517,2.4751113823321806,1.0,0.41663254110330095,1.0,1.0,3.148193680538305,1511467178.4002495,4040222218.435064,0.0,0.0,False,False,False,True,35185,5.507053950070423e+18,7.51896432649615e+17,3.741049617279962e+18,1e+19,0.0,0.5507053950070423,0.0751896432649615,0.37410496172799623,0.0,2475111382.3321805,reference_p0,0.41663254110330095,True,True,Q_above_A_supported,upper_bound,0.11302252583269279,0.0968248321520278,0.00588968021709595,0.11375419105058357,0.07507775607983627,0.0254628540970504,0.11070066007050916,0.005487697351193036,0.09943242344413017,0.002211033043406226,0.04691494424753537,0.11948759779188561,0.019599998284005892,0.012737064754031531,0.011650822378108678,0.06618116611257162,0.07556475309333588
mixture_l1,0.5,1e+19,logarithmic,8192,fixed_ref,0.8047071577351047,reference_p0,first_question_reference,in,True,True,0.3459287572577628,2.4074287099463434,1.0,0.41663254110330095,1.0,1.0,3.1675507884615346,1511467178.4002495,4153809397.8379445,0.0,0.0,False,False,False,True,35185,4.996792930910386e+18,1.3644575896672627e+18,3.6387494794223524e+18,1e+19,0.0,0.4996792930910386,0.13644575896672628,0.36387494794223524,0.0,2407428709.9463434,reference_p0,0.41663254110330095,True,True,Q_above_A_supported,upper_bound,0.11302252583269279,0.0968248321520278,0.00588968021709595,0.11375419105058357,0.07507775607983627,0.0254628540970504,0.11070066007050916,0.005487697351193036,0.09943242344413017,0.002211033043406226,0.04691494424753537,0.11948759779188561,0.019599998284005892,0.012737064754031531,0.011650822378108678,0.06618116611257162,0.07556475309333588
mixture_l1,0.5,1e+19,logarithmic,8192,mixture,0.8047071577351047,reference_p0,first_question_reference,in,True,True,0.3459287572577628,2.4074287099463434,1.0,0.41663254110330095,1.0,1.0,3.1675507884615346,1511467178.4002495,4153809397.8379445,0.0,0.0,False,False,False,True,35185,4.996792930910386e+18,1.3644575896672627e+18,3.6387494794223524e+18,1e+19,0.0,0.4996792930910386,0.13644575896672628,0.36387494794223524,0.0,2407428709.9463434,reference_p0,0.41663254110330095,True,True,Q_above_A_supported,upper_bound,0.11302252583269279,0.0968248321520278,0.00588968021709595,0.11375419105058357,0.07507775607983627,0.0254628540970504,0.11070066007050916,0.005487697351193036,0.09943242344413017,0.002211033043406226,0.04691494424753537,0.11948759779188561,0.019599998284005892,0.012737064754031531,0.011650822378108678,0.06618116611257162,0.07556475309333588
mixture_l1,0.5,1e+19,logarithmic,32768,fixed_ref,0.8047071577351047,reference_p0,first_question_reference,in,True,True,0.2557957552154107,2.1174665540343502,1.0,0.41663254110330095,1.0,1.0,3.2579055861422845,1511467178.4002495,4722624771.07243,0.0,0.0,False,False,False,True,35185,3.2498337379955395e+18,3.549685064221262e+18,3.200481197783199e+18,1e+19,0.0,0.32498337379955394,0.3549685064221262,0.32004811977831993,0.0,2117466554.0343504,reference_p0,0.41663254110330095,True,True,Q_above_A_supported,upper_bound,0.11302252583269279,0.0968248321520278,0.00588968021709595,0.11375419105058357,0.07507775607983627,0.0254628540970504,0.11070066007050916,0.005487697351193036,0.09943242344413017,0.002211033043406226,0.04691494424753537,0.11948759779188561,0.019599998284005892,0.012737064754031531,0.011650822378108678,0.06618116611257162,0.07556475309333588
mixture_l1,0.5,1e+19,logarithmic,32768,mixture,0.8047071577351047,reference_p0,first_question_reference,in,True,True,0.2557957552154107,2.1174665540343502,1.0,0.41663254110330095,1.0,1.0,3.2579055861422845,1511467178.4002495,4722624771.07243,0.0,0.0,False,False,False,True,35185,3.2498337379955395e+18,3.549685064221262e+18,3.200481197783199e+18,1e+19,0.0,0.32498337379955394,0.3549685064221262,0.32004811977831993,0.0,2117466554.0343504,reference_p0,0.41663254110330095,True,True,Q_above_A_supported,upper_bound,0.11302252583269279,0.0968248321520278,0.00588968021709595,0.11375419105058357,0.07507775607983627,0.0254628540970504,0.11070066007050916,0.005487697351193036,0.09943242344413017,0.002211033043406226,0.04691494424753537,0.11948759779188561,0.019599998284005892,0.012737064754031531,0.011650822378108678,0.06618116611257162,0.07556475309333588
mixture_l1,0.5,1e+19,logarithmic,131072,fixed_ref,0.8047071577351047,reference_p0,first_question_reference,in,True,True,0.1471950933522666,1.5991636262453182,1.0,0.41663254110330095,1.0,1.0,3.4563929533589386,1511467178.4002495,6253268793.687507,0.0,0.0,False,False,False,True,35185,1.4123342355043727e+18,6.170582430534305e+18,2.417083333961322e+18,1e+19,0.0,0.14123342355043728,0.6170582430534305,0.2417083333961322,0.0,1599163626.2453182,reference_p0,0.41663254110330095,True,True,Q_above_A_supported,upper_bound,0.11302252583269279,0.0968248321520278,0.00588968021709595,0.11375419105058357,0.07507775607983627,0.0254628540970504,0.11070066007050916,0.005487697351193036,0.09943242344413017,0.002211033043406226,0.04691494424753537,0.11948759779188561,0.019599998284005892,0.012737064754031531,0.011650822378108678,0.06618116611257162,0.07556475309333588
mixture_l1,0.5,1e+19,logarithmic,131072,mixture,0.8047071577351047,reference_p0,first_question_reference,in,True,True,0.1471950933522666,1.5991636262453182,1.0,0.41663254110330095,1.0,1.0,3.4563929533589386,1511467178.4002495,6253268793.687507,0.0,0.0,False,False,False,True,35185,1.4123342355043727e+18,6.170582430534305e+18,2.417083333961322e+18,1e+19,0.0,0.14123342355043728,0.6170582430534305,0.2417083333961322,0.0,1599163626.2453182,reference_p0,0.41663254110330095,True,True,Q_above_A_supported,upper_bound,0.11302252583269279,0.0968248321520278,0.00588968021709595,0.11375419105058357,0.07507775607983627,0.0254628540970504,0.11070066007050916,0.005487697351193036,0.09943242344413017,0.002211033043406226,0.04691494424753537,0.11948759779188561,0.019599998284005892,0.012737064754031531,0.011650822378108678,0.06618116611257162,0.07556475309333588
mixture_l1,0.5,1e+22,exponential,2048,fixed_ref,0.8047071577351047,reference_p0,first_question_reference,in,True,True,5.6424363238385595,249.51190606869363,1.0,0.41663254110330095,1.0,1.0,2.1509865641797186,3912487936.8349757,40078247798.1106,0.0,0.0,False,False,False,True,35185,8.44713025219315e+21,5.766574252163857e+20,9.762123225904655e+20,1e+22,0.0,0.8447130252193149,0.05766574252163857,0.09762123225904655,0.0,249511906068.69363,reference_p0,0.41663254110330095,True,True,Q_above_A_supported,upper_bound,0.11302252583269279,0.0968248321520278,0.00588968021709595,0.11375419105058357,0.07507775607983627,0.0254628540970504,0.11070066007050916,0.005487697351193036,0.09943242344413017,0.002211033043406226,0.04691494424753537,0.11948759779188561,0.019599998284005892,0.012737064754031531,0.011650822378108678,0.06618116611257162,0.07556475309333588
mixture_l1,0.5,1e+22,exponential,2048,mixture,0.8047071577351047,reference_p0,first_question_reference,in,True,True,5.6424363238385595,249.51190606869363,1.0,0.41663254110330095,1.0,1.0,2.1509865641797186,3912487936.8349757,40078247798.1106,0.0,0.0,False,False,False,True,35185,8.44713025219315e+21,5.766574252163857e+20,9.762123225904655e+20,1e+22,0.0,0.8447130252193149,0.05766574252163857,0.09762123225904655,0.0,249511906068.69363,reference_p0,0.41663254110330095,True,True,Q_above_A_supported,upper_bound,0.11302252583269279,0.0968248321520278,0.00588968021709595,0.11375419105058357,0.07507775607983627,0.0254628540970504,0.11070066007050916,0.005487697351193036,0.09943242344413017,0.002211033043406226,0.04691494424753537,0.11948759779188561,0.019599998284005892,0.012737064754031531,0.011650822378108678,0.06618116611257162,0.07556475309333588
mixture_l1,0.5,1e+22,exponential,4096,fixed_ref,0.8047071577351047,reference_p0,first_question_reference,in,True,True,5.466466194047263,242.78082591016923,1.0,0.41663254110330095,1.0,1.0,2.155148529080297,3912487936.8349757,41189414207.282074,0.0,0.0,False,False,False,True,35185,7.962919064404883e+21,1.0872038829267468e+21,9.498770526683694e+20,1e+22,0.0,0.7962919064404883,0.10872038829267468,0.09498770526683695,0.0,242780825910.16922,reference_p0,0.41663254110330095,True,True,Q_above_A_supported,upper_bound,0.11302252583269279,0.0968248321520278,0.00588968021709595,0.11375419105058357,0.07507775607983627,0.0254628540970504,0.11070066007050916,0.005487697351193036,0.09943242344413017,0.002211033043406226,0.04691494424753537,0.11948759779188561,0.019599998284005892,0.012737064754031531,0.011650822378108678,0.06618116611257162,0.07556475309333588
mixture_l1,0.5,1e+22,exponential,4096,mixture,0.8047071577351047,reference_p0,first_question_reference,in,True,True,5.466466194047263,242.78082591016923,1.0,0.41663254110330095,1.0,1.0,2.155148529080297,3912487936.8349757,41189414207.282074,0.0,0.0,False,False,False,True,35185,7.962919064404883e+21,1.0872038829267468e+21,9.498770526683694e+20,1e+22,0.0,0.7962919064404883,0.10872038829267468,0.09498770526683695,0.0,242780825910.16922,reference_p0,0.41663254110330095,True,True,Q_above_A_supported,upper_bound,0.11302252583269279,0.0968248321520278,0.00588968021709595,0.11375419105058357,0.07507775607983627,0.0254628540970504,0.11070066007050916,0.005487697351193036,0.09943242344413017,0.002211033043406226,0.04691494424753537,0.11948759779188561,0.019599998284005892,0.012737064754031531,0.011650822378108678,0.06618116611257162,0.07556475309333588
mixture_l1,0.5,1e+22,exponential,8192,fixed_ref,0.8047071577351047,reference_p0,first_question_reference,in,True,True,5.163688077570455,230.65495215991172,1.0,0.41663254110330095,1.0,1.0,2.1628865766765566,3912487936.8349757,43354802948.54913,0.0,0.0,False,False,False,True,35185,7.146181359004317e+21,1.9513839230987794e+21,9.02434717896903e+20,1e+22,0.0,0.7146181359004318,0.19513839230987795,0.09024347178969029,0.0,230654952159.9117,reference_p0,0.41663254110330095,True,True,Q_above_A_supported,upper_bound,0.11302252583269279,0.0968248321520278,0.00588968021709595,0.11375419105058357,0.07507775607983627,0.0254628540970504,0.11070066007050916,0.005487697351193036,0.09943242344413017,0.002211033043406226,0.04691494424753537,0.11948759779188561,0.019599998284005892,0.012737064754031531,0.011650822378108678,0.06618116611257162,0.07556475309333588
mixture_l1,0.5,1e+22,exponential,8192,mixture,0.8047071577351047,reference_p0,first_question_reference,in,True,True,5.163688077570455,230.65495215991172,1.0,0.41663254110330095,1.0,1.0,2.1628865766765566,3912487936.8349757,43354802948.54913,0.0,0.0,False,False,False,True,35185,7.146181359004317e+21,1.9513839230987794e+21,9.02434717896903e+20,1e+22,0.0,0.7146181359004318,0.19513839230987795,0.09024347178969029,0.0,230654952159.9117,reference_p0,0.41663254110330095,True,True,Q_above_A_supported,upper_bound,0.11302252583269279,0.0968248321520278,0.00588968021709595,0.11375419105058357,0.07507775607983627,0.0254628540970504,0.11070066007050916,0.005487697351193036,0.09943242344413017,0.002211033043406226,0.04691494424753537,0.11948759779188561,0.019599998284005892,0.012737064754031531,0.011650822378108678,0.06618116611257162,0.07556475309333588
mixture_l1,0.5,1e+22,exponential,32768,fixed_ref,0.8047071577351047,reference_p0,first_question_reference,in,True,True,4.030262497227182,183.46337723800943,1.0,0.41663254110330095,1.0,1.0,2.198591790044161,3912487936.8349757,54506791222.02612,0.0,0.0,False,False,False,True,35185,4.4364334133819547e+21,4.845768336323329e+21,7.177982502947164e+20,1e+22,0.0,0.4436433413381955,0.4845768336323329,0.07177982502947164,0.0,183463377238.00943,reference_p0,0.41663254110330095,True,True,Q_above_A_supported,upper_bound,0.11302252583269279,0.0968248321520278,0.00588968021709595,0.11375419105058357,0.07507775607983627,0.0254628540970504,0.11070066007050916,0.005487697351193036,0.09943242344413017,0.002211033043406226,0.04691494424753537,0.11948759779188561,0.019599998284005892,0.012737064754031531,0.011650822378108678,0.06618116611257162,0.07556475309333588
mixture_l1,0.5,1e+22,exponential,32768,mixture,0.8047071577351047,reference_p0,first_question_reference,in,True,True,4.030262497227182,183.46337723800943,1.0,0.41663254110330095,1.0,1.0,2.198591790044161,3912487936.8349757,54506791222.02612,0.0,0.0,False,False,False,True,35185,4.4364334133819547e+21,4.845768336323329e+21,7.177982502947164e+20,1e+22,0.0,0.4436433413381955,0.4845768336323329,0.07177982502947164,0.0,183463377238.00943,reference_p0,0.41663254110330095,True,True,Q_above_A_supported,upper_bound,0.11302252583269279,0.0968248321520278,0.00588968021709595,0.11375419105058357,0.07507775607983627,0.0254628540970504,0.11070066007050916,0.005487697351193036,0.09943242344413017,0.002211033043406226,0.04691494424753537,0.11948759779188561,0.019599998284005892,0.012737064754031531,0.011650822378108678,0.06618116611257162,0.07556475309333588
mixture_l1,0.5,1e+22,exponential,131072,fixed_ref,0.8047071577351047,reference_p0,first_question_reference,in,True,True,2.549177050509118,116.23487738497646,1.0,0.41663254110330095,1.0,1.0,2.2750259140022036,3912487936.8349757,86032697112.7559,-2097152.0,-2.097152e-16,False,False,False,True,35185,1.7778196913911397e+21,7.767412753000649e+21,4.547675556082129e+20,1.0000000000000002e+22,-2097152.0,0.17778196913911398,0.7767412753000649,0.04547675556082129,-2.097152e-16,116234877384.97646,reference_p0,0.41663254110330095,True,True,Q_above_A_supported,upper_bound,0.11302252583269279,0.0968248321520278,0.00588968021709595,0.11375419105058357,0.07507775607983627,0.0254628540970504,0.11070066007050916,0.005487697351193036,0.09943242344413017,0.002211033043406226,0.04691494424753537,0.11948759779188561,0.019599998284005892,0.012737064754031531,0.011650822378108678,0.06618116611257162,0.07556475309333588
mixture_l1,0.5,1e+22,exponential,131072,mixture,0.8047071577351047,reference_p0,first_question_reference,in,True,True,2.549177050509118,116.23487738497646,1.0,0.41663254110330095,1.0,1.0,2.2750259140022036,3912487936.8349757,86032697112.7559,-2097152.0,-2.097152e-16,False,False,False,True,35185,1.7778196913911397e+21,7.767412753000649e+21,4.547675556082129e+20,1.0000000000000002e+22,-2097152.0,0.17778196913911398,0.7767412753000649,0.04547675556082129,-2.097152e-16,116234877384.97646,reference_p0,0.41663254110330095,True,True,Q_above_A_supported,upper_bound,0.11302252583269279,0.0968248321520278,0.00588968021709595,0.11375419105058357,0.07507775607983627,0.0254628540970504,0.11070066007050916,0.005487697351193036,0.09943242344413017,0.002211033043406226,0.04691494424753537,0.11948759779188561,0.019599998284005892,0.012737064754031531,0.011650822378108678,0.06618116611257162,0.07556475309333588
mixture_l1,0.5,1e+22,power,2048,fixed_ref,0.8047071577351047,reference_p0,first_question_reference,in,True,True,5.777057187393709,238.78902810778465,1.0,0.41663254110330095,1.0,1.0,2.15269061051389,4849345275.903549,41877971024.22226,0.0,0.0,False,False,False,True,35185,8.276987226605012e+21,5.650423280029022e+20,1.1579704453920853e+21,1e+22,0.0,0.8276987226605013,0.056504232800290224,0.11579704453920853,0.0,238789028107.78464,reference_p0,0.41663254110330095,True,True,Q_above_A_supported,upper_bound,0.11302252583269279,0.0968248321520278,0.00588968021709595,0.11375419105058357,0.07507775607983627,0.0254628540970504,0.11070066007050916,0.005487697351193036,0.09943242344413017,0.002211033043406226,0.04691494424753537,0.11948759779188561,0.019599998284005892,0.012737064754031531,0.011650822378108678,0.06618116611257162,0.07556475309333588
mixture_l1,0.5,1e+22,power,2048,mixture,0.8047071577351047,reference_p0,first_question_reference,in,True,True,5.777057187393709,238.78902810778465,1.0,0.41663254110330095,1.0,1.0,2.15269061051389,4849345275.903549,41877971024.22226,0.0,0.0,False,False,False,True,35185,8.276987226605012e+21,5.650423280029022e+20,1.1579704453920853e+21,1e+22,0.0,0.8276987226605013,0.056504232800290224,0.11579704453920853,0.0,238789028107.78464,reference_p0,0.41663254110330095,True,True,Q_above_A_supported,upper_bound,0.11302252583269279,0.0968248321520278,0.00588968021709595,0.11375419105058357,0.07507775607983627,0.0254628540970504,0.11070066007050916,0.005487697351193036,0.09943242344413017,0.002211033043406226,0.04691494424753537,0.11948759779188561,0.019599998284005892,0.012737064754031531,0.011650822378108678,0.06618116611257162,0.07556475309333588
mixture_l1,0.5,1e+22,power,4096,fixed_ref,0.8047071577351047,reference_p0,first_question_reference,in,True,True,5.595514171565783,232.52420444069142,1.0,0.41663254110330095,1.0,1.0,2.156819664290905,4849345275.903549,43006275514.644936,0.0,0.0,False,False,False,True,35185,7.806554887079688e+21,1.0658549605826135e+21,1.1275901523376979e+21,1e+22,0.0,0.7806554887079689,0.10658549605826136,0.1127590152337698,0.0,232524204440.6914,reference_p0,0.41663254110330095,True,True,Q_above_A_supported,upper_bound,0.11302252583269279,0.0968248321520278,0.00588968021709595,0.11375419105058357,0.07507775607983627,0.0254628540970504,0.11070066007050916,0.005487697351193036,0.09943242344413017,0.002211033043406226,0.04691494424753537,0.11948759779188561,0.019599998284005892,0.012737064754031531,0.011650822378108678,0.06618116611257162,0.07556475309333588
mixture_l1,0.5,1e+22,power,4096,mixture,0.8047071577351047,reference_p0,first_question_reference,in,True,True,5.595514171565783,232.52420444069142,1.0,0.41663254110330095,1.0,1.0,2.156819664290905,4849345275.903549,43006275514.644936,0.0,0.0,False,False,False,True,35185,7.806554887079688e+21,1.0658549605826135e+21,1.1275901523376979e+21,1e+22,0.0,0.7806554887079689,0.10658549605826136,0.1127590152337698,0.0,232524204440.6914,reference_p0,0.41663254110330095,True,True,Q_above_A_supported,upper_bound,0.11302252583269279,0.0968248321520278,0.00588968021709595,0.11375419105058357,0.07507775607983627,0.0254628540970504,0.11070066007050916,0.005487697351193036,0.09943242344413017,0.002211033043406226,0.04691494424753537,0.11948759779188561,0.019599998284005892,0.012737064754031531,0.011650822378108678,0.06618116611257162,0.07556475309333588
mixture_l1,0.5,1e+22,power,8192,fixed_ref,0.8047071577351047,reference_p0,first_question_reference,in,True,True,5.279101352242082,221.3700310107812,1.0,0.41663254110330095,1.0,1.0,2.16449858381103,4849345275.903549,45173233044.86947,0.0,0.0,False,False,False,True,35185,7.01180898032932e+21,1.9146913055619264e+21,1.073499714108754e+21,1e+22,0.0,0.701180898032932,0.19146913055619263,0.10734997141087539,0.0,221370031010.7812,reference_p0,0.41663254110330095,True,True,Q_above_A_supported,upper_bound,0.11302252583269279,0.0968248321520278,0.00588968021709595,0.11375419105058357,0.07507775607983627,0.0254628540970504,0.11070066007050916,0.005487697351193036,0.09943242344413017,0.002211033043406226,0.04691494424753537,0.11948759779188561,0.019599998284005892,0.012737064754031531,0.011650822378108678,0.06618116611257162,0.07556475309333588
mixture_l1,0.5,1e+22,power,8192,mixture,0.8047071577351047,reference_p0,first_question_reference,in,True,True,5.279101352242082,221.3700310107812,1.0,0.41663254110330095,1.0,1.0,2.16449858381103,4849345275.903549,45173233044.86947,0.0,0.0,False,False,False,True,35185,7.01180898032932e+21,1.9146913055619264e+21,1.073499714108754e+21,1e+22,0.0,0.701180898032932,0.19146913055619263,0.10734997141087539,0.0,221370031010.7812,reference_p0,0.41663254110330095,True,True,Q_above_A_supported,upper_bound,0.11302252583269279,0.0968248321520278,0.00588968021709595,0.11375419105058357,0.07507775607983627,0.0254628540970504,0.11070066007050916,0.005487697351193036,0.09943242344413017,0.002211033043406226,0.04691494424753537,0.11948759779188561,0.019599998284005892,0.012737064754031531,0.011650822378108678,0.06618116611257162,0.07556475309333588
mixture_l1,0.5,1e+22,power,32768,fixed_ref,0.8047071577351047,reference_p0,first_question_reference,in,True,True,4.1041825229933595,177.394256137393,1.0,0.41663254110330095,1.0,1.0,2.19996248004066,4849345275.903549,56371610996.552986,0.0,0.0,False,False,False,True,35185,4.368350434310975e+21,4.771403567716734e+21,8.602459979722909e+20,1e+22,0.0,0.4368350434310975,0.47714035677167344,0.0860245997972291,0.0,177394256137.393,reference_p0,0.41663254110330095,True,True,Q_above_A_supported,upper_bound,0.11302252583269279,0.0968248321520278,0.00588968021709595,0.11375419105058357,0.07507775607983627,0.0254628540970504,0.11070066007050916,0.005487697351193036,0.09943242344413017,0.002211033043406226,0.04691494424753537,0.11948759779188561,0.019599998284005892,0.012737064754031531,0.011650822378108678,0.06618116611257162,0.07556475309333588
mixture_l1,0.5,1e+22,power,32768,mixture,0.8047071577351047,reference_p0,first_question_reference,in,True,True,4.1041825229933595,177.394256137393,1.0,0.41663254110330095,1.0,1.0,2.19996248004066,4849345275.903549,56371610996.552986,0.0,0.0,False,False,False,True,35185,4.368350434310975e+21,4.771403567716734e+21,8.602459979722909e+20,1e+22,0.0,0.4368350434310975,0.47714035677167344,0.0860245997972291,0.0,177394256137.393,reference_p0,0.41663254110330095,True,True,Q_above_A_supported,upper_bound,0.11302252583269279,0.0968248321520278,0.00588968021709595,0.11375419105058357,0.07507775607983627,0.0254628540970504,0.11070066007050916,0.005487697351193036,0.09943242344413017,0.002211033043406226,0.04691494424753537,0.11948759779188561,0.019599998284005892,0.012737064754031531,0.011650822378108678,0.06618116611257162,0.07556475309333588
mixture_l1,0.5,1e+22,power,131072,fixed_ref,0.8047071577351047,reference_p0,first_question_reference,in,True,True,2.5794077478089608,113.70947595187835,1.0,0.41663254110330095,1.0,1.0,2.2760167243969756,4849345275.903549,87943418226.92053,-2097152.0,-2.097152e-16,False,False,False,True,35185,1.7598186196174302e+21,7.688764870349862e+21,5.514165100327095e+20,1.0000000000000002e+22,-2097152.0,0.175981861961743,0.7688764870349862,0.055141651003270946,-2.097152e-16,113709475951.87834,reference_p0,0.41663254110330095,True,True,Q_above_A_supported,upper_bound,0.11302252583269279,0.0968248321520278,0.00588968021709595,0.11375419105058357,0.07507775607983627,0.0254628540970504,0.11070066007050916,0.005487697351193036,0.09943242344413017,0.002211033043406226,0.04691494424753537,0.11948759779188561,0.019599998284005892,0.012737064754031531,0.011650822378108678,0.06618116611257162,0.07556475309333588
mixture_l1,0.5,1e+22,power,131072,mixture,0.8047071577351047,reference_p0,first_question_reference,in,True,True,2.5794077478089608,113.70947595187835,1.0,0.41663254110330095,1.0,1.0,2.2760167243969756,4849345275.903549,87943418226.92053,-2097152.0,-2.097152e-16,False,False,False,True,35185,1.7598186196174302e+21,7.688764870349862e+21,5.514165100327095e+20,1.0000000000000002e+22,-2097152.0,0.175981861961743,0.7688764870349862,0.055141651003270946,-2.097152e-16,113709475951.87834,reference_p0,0.41663254110330095,True,True,Q_above_A_supported,upper_bound,0.11302252583269279,0.0968248321520278,0.00588968021709595,0.11375419105058357,0.07507775607983627,0.0254628540970504,0.11070066007050916,0.005487697351193036,0.09943242344413017,0.002211033043406226,0.04691494424753537,0.11948759779188561,0.019599998284005892,0.012737064754031531,0.011650822378108678,0.06618116611257162,0.07556475309333588
mixture_l1,0.5,1e+22,logarithmic,2048,fixed_ref,0.8047071577351047,reference_p0,first_question_reference,in,True,True,5.268738774482015,283.4308435276214,1.0,0.41663254110330095,1.0,1.0,2.1463457390253806,1511467178.4002495,35281975227.320175,0.0,0.0,False,False,False,True,35185,8.959938451068744e+21,6.116651315929595e+20,4.283964173382965e+20,1e+22,0.0,0.8959938451068744,0.06116651315929595,0.04283964173382965,0.0,283430843527.6214,reference_p0,0.41663254110330095,True,True,Q_above_A_supported,upper_bound,0.11302252583269279,0.0968248321520278,0.00588968021709595,0.11375419105058357,0.07507775607983627,0.0254628540970504,0.11070066007050916,0.005487697351193036,0.09943242344413017,0.002211033043406226,0.04691494424753537,0.11948759779188561,0.019599998284005892,0.012737064754031531,0.011650822378108678,0.06618116611257162,0.07556475309333588
mixture_l1,0.5,1e+22,logarithmic,2048,mixture,0.8047071577351047,reference_p0,first_question_reference,in,True,True,5.268738774482015,283.4308435276214,1.0,0.41663254110330095,1.0,1.0,2.1463457390253806,1511467178.4002495,35281975227.320175,0.0,0.0,False,False,False,True,35185,8.959938451068744e+21,6.116651315929595e+20,4.283964173382965e+20,1e+22,0.0,0.8959938451068744,0.06116651315929595,0.04283964173382965,0.0,283430843527.6214,reference_p0,0.41663254110330095,True,True,Q_above_A_supported,upper_bound,0.11302252583269279,0.0968248321520278,0.00588968021709595,0.11375419105058357,0.07507775607983627,0.0254628540970504,0.11070066007050916,0.005487697351193036,0.09943242344413017,0.002211033043406226,0.04691494424753537,0.11948759779188561,0.019599998284005892,0.012737064754031531,0.011650822378108678,0.06618116611257162,0.07556475309333588
mixture_l1,0.5,1e+22,logarithmic,4096,fixed_ref,0.8047071577351047,reference_p0,first_question_reference,in,True,True,5.1157188286534,274.75111178577185,1.0,0.41663254110330095,1.0,1.0,2.150604408716601,1511467178.4002495,36396577014.753525,2097152.0,2.097152e-16,False,False,False,True,35185,8.43329661453557e+21,1.1514260977712563e+21,4.152772876931721e+20,9.999999999999998e+21,2097152.0,0.843329661453557,0.11514260977712563,0.04152772876931721,2.097152e-16,274751111785.77185,reference_p0,0.41663254110330095,True,True,Q_above_A_supported,upper_bound,0.11302252583269279,0.0968248321520278,0.00588968021709595,0.11375419105058357,0.07507775607983627,0.0254628540970504,0.11070066007050916,0.005487697351193036,0.09943242344413017,0.002211033043406226,0.04691494424753537,0.11948759779188561,0.019599998284005892,0.012737064754031531,0.011650822378108678,0.06618116611257162,0.07556475309333588
mixture_l1,0.5,1e+22,logarithmic,4096,mixture,0.8047071577351047,reference_p0,first_question_reference,in,True,True,5.1157188286534,274.75111178577185,1.0,0.41663254110330095,1.0,1.0,2.150604408716601,1511467178.4002495,36396577014.753525,2097152.0,2.097152e-16,False,False,False,True,35185,8.43329661453557e+21,1.1514260977712563e+21,4.152772876931721e+20,9.999999999999998e+21,2097152.0,0.843329661453557,0.11514260977712563,0.04152772876931721,2.097152e-16,274751111785.77185,reference_p0,0.41663254110330095,True,True,Q_above_A_supported,upper_bound,0.11302252583269279,0.0968248321520278,0.00588968021709595,0.11375419105058357,0.07507775607983627,0.0254628540970504,0.11070066007050916,0.005487697351193036,0.09943242344413017,0.002211033043406226,0.04691494424753537,0.11948759779188561,0.019599998284005892,0.012737064754031531,0.011650822378108678,0.06618116611257162,0.07556475309333588
mixture_l1,0.5,1e+22,logarithmic,8192,fixed_ref,0.8047071577351047,reference_p0,first_question_reference,in,True,True,4.845441262588582,259.5859529594611,1.0,0.41663254110330095,1.0,1.0,2.1585153775285373,1511467178.4002495,38522885718.55687,0.0,0.0,False,False,False,True,35185,7.546850925948908e+21,2.0607934261791157e+21,3.923556478719766e+20,1e+22,0.0,0.7546850925948908,0.20607934261791158,0.03923556478719766,0.0,259585952959.46112,reference_p0,0.41663254110330095,True,True,Q_above_A_supported,upper_bound,0.11302252583269279,0.0968248321520278,0.00588968021709595,0.11375419105058357,0.07507775607983627,0.0254628540970504,0.11070066007050916,0.005487697351193036,0.09943242344413017,0.002211033043406226,0.04691494424753537,0.11948759779188561,0.019599998284005892,0.012737064754031531,0.011650822378108678,0.06618116611257162,0.07556475309333588
mixture_l1,0.5,1e+22,logarithmic,8192,mixture,0.8047071577351047,reference_p0,first_question_reference,in,True,True,4.845441262588582,259.5859529594611,1.0,0.41663254110330095,1.0,1.0,2.1585153775285373,1511467178.4002495,38522885718.55687,0.0,0.0,False,False,False,True,35185,7.546850925948908e+21,2.0607934261791157e+21,3.923556478719766e+20,1e+22,0.0,0.7546850925948908,0.20607934261791158,0.03923556478719766,0.0,259585952959.46112,reference_p0,0.41663254110330095,True,True,Q_above_A_supported,upper_bound,0.11302252583269279,0.0968248321520278,0.00588968021709595,0.11375419105058357,0.07507775607983627,0.0254628540970504,0.11070066007050916,0.005487697351193036,0.09943242344413017,0.002211033043406226,0.04691494424753537,0.11948759779188561,0.019599998284005892,0.012737064754031531,0.011650822378108678,0.06618116611257162,0.07556475309333588
mixture_l1,0.5,1e+22,logarithmic,32768,fixed_ref,0.8047071577351047,reference_p0,first_question_reference,in,True,True,3.831422100345774,201.5738578115588,1.0,0.41663254110330095,1.0,1.0,2.194915683808947,1511467178.4002495,49609607657.30095,-2097152.0,-2.097152e-16,False,False,False,True,35185,4.633887202026978e+21,5.061440527867334e+21,3.0467227010568985e+20,1.0000000000000002e+22,-2097152.0,0.4633887202026978,0.5061440527867334,0.030467227010568986,-2.097152e-16,201573857811.5588,reference_p0,0.41663254110330095,True,True,Q_above_A_supported,upper_bound,0.11302252583269279,0.0968248321520278,0.00588968021709595,0.11375419105058357,0.07507775607983627,0.0254628540970504,0.11070066007050916,0.005487697351193036,0.09943242344413017,0.002211033043406226,0.04691494424753537,0.11948759779188561,0.019599998284005892,0.012737064754031531,0.011650822378108678,0.06618116611257162,0.07556475309333588
mixture_l1,0.5,1e+22,logarithmic,32768,mixture,0.8047071577351047,reference_p0,first_question_reference,in,True,True,3.831422100345774,201.5738578115588,1.0,0.41663254110330095,1.0,1.0,2.194915683808947,1511467178.4002495,49609607657.30095,-2097152.0,-2.097152e-16,False,False,False,True,35185,4.633887202026978e+21,5.061440527867334e+21,3.0467227010568985e+20,1.0000000000000002e+22,-2097152.0,0.4633887202026978,0.5061440527867334,0.030467227010568986,-2.097152e-16,201573857811.5588,reference_p0,0.41663254110330095,True,True,Q_above_A_supported,upper_bound,0.11302252583269279,0.0968248321520278,0.00588968021709595,0.11375419105058357,0.07507775607983627,0.0254628540970504,0.11070066007050916,0.005487697351193036,0.09943242344413017,0.002211033043406226,0.04691494424753537,0.11948759779188561,0.019599998284005892,0.012737064754031531,0.011650822378108678,0.06618116611257162,0.07556475309333588
mixture_l1,0.5,1e+22,logarithmic,131072,fixed_ref,0.8047071577351047,reference_p0,first_question_reference,in,True,True,2.46906960572935,123.37901095124617,1.0,0.41663254110330095,1.0,1.0,2.272411180898094,1511467178.4002495,81051063085.20782,0.0,0.0,False,False,False,True,35185,1.8277881955480235e+21,7.985728478895684e+21,1.8648332555629353e+20,1e+22,0.0,0.18277881955480235,0.7985728478895684,0.01864833255562935,0.0,123379010951.24617,reference_p0,0.41663254110330095,True,True,Q_above_A_supported,upper_bound,0.11302252583269279,0.0968248321520278,0.00588968021709595,0.11375419105058357,0.07507775607983627,0.0254628540970504,0.11070066007050916,0.005487697351193036,0.09943242344413017,0.002211033043406226,0.04691494424753537,0.11948759779188561,0.019599998284005892,0.012737064754031531,0.011650822378108678,0.06618116611257162,0.07556475309333588
mixture_l1,0.5,1e+22,logarithmic,131072,mixture,0.8047071577351047,reference_p0,first_question_reference,in,True,True,2.46906960572935,123.37901095124617,1.0,0.41663254110330095,1.0,1.0,2.272411180898094,1511467178.4002495,81051063085.20782,0.0,0.0,False,False,False,True,35185,1.8277881955480235e+21,7.985728478895684e+21,1.8648332555629353e+20,1e+22,0.0,0.18277881955480235,0.7985728478895684,0.01864833255562935,0.0,123379010951.24617,reference_p0,0.41663254110330095,True,True,Q_above_A_supported,upper_bound,0.11302252583269279,0.0968248321520278,0.00588968021709595,0.11375419105058357,0.07507775607983627,0.0254628540970504,0.11070066007050916,0.005487697351193036,0.09943242344413017,0.002211033043406226,0.04691494424753537,0.11948759779188561,0.019599998284005892,0.012737064754031531,0.011650822378108678,0.06618116611257162,0.07556475309333588
mixture_l1,0.5,1e+24,exponential,2048,fixed_ref,0.8047071577351047,reference_p0,first_question_reference,in,True,True,40.74052926455529,3772.9729107897265,1.0,0.41663254110330095,1.0,1.0,1.913903619152281,3912487936.8349757,265042984310.92856,0.0,0.0,False,False,False,True,35185,9.222774797184193e+23,6.2960809282110765e+22,1.476171099946995e+22,1e+24,0.0,0.9222774797184193,0.06296080928211077,0.01476171099946995,0.0,3772972910789.7266,reference_p0,0.41663254110330095,False,False,N_above_support;D_above_support;Q_above_A_supported,upper_bound,0.11302252583269279,0.0968248321520278,0.00588968021709595,0.11375419105058357,0.07507775607983627,0.0254628540970504,0.11070066007050916,0.005487697351193036,0.09943242344413017,0.002211033043406226,0.04691494424753537,0.11948759779188561,0.019599998284005892,0.012737064754031531,0.011650822378108678,0.06618116611257162,0.07556475309333588
mixture_l1,0.5,1e+24,exponential,2048,mixture,0.8047071577351047,reference_p0,first_question_reference,in,True,True,40.74052926455529,3772.9729107897265,1.0,0.41663254110330095,1.0,1.0,1.913903619152281,3912487936.8349757,265042984310.92856,0.0,0.0,False,False,False,True,35185,9.222774797184193e+23,6.2960809282110765e+22,1.476171099946995e+22,1e+24,0.0,0.9222774797184193,0.06296080928211077,0.01476171099946995,0.0,3772972910789.7266,reference_p0,0.41663254110330095,False,False,N_above_support;D_above_support;Q_above_A_supported,upper_bound,0.11302252583269279,0.0968248321520278,0.00588968021709595,0.11375419105058357,0.07507775607983627,0.0254628540970504,0.11070066007050916,0.005487697351193036,0.09943242344413017,0.002211033043406226,0.04691494424753537,0.11948759779188561,0.019599998284005892,0.012737064754031531,0.011650822378108678,0.06618116611257162,0.07556475309333588
mixture_l1,0.5,1e+24,exponential,4096,fixed_ref,0.8047071577351047,reference_p0,first_question_reference,in,True,True,39.59618396534492,3650.610500495647,1.0,0.41663254110330095,1.0,1.0,1.9160275710896768,3912487936.8349757,273926785633.31503,0.0,0.0,False,False,False,True,35185,8.673014697806731e+23,1.1841556067405458e+23,1.4282969545272312e+22,1e+24,0.0,0.8673014697806731,0.11841556067405458,0.014282969545272313,0.0,3650610500495.647,reference_p0,0.41663254110330095,False,False,N_above_support;D_above_support;Q_above_A_supported,upper_bound,0.11302252583269279,0.0968248321520278,0.00588968021709595,0.11375419105058357,0.07507775607983627,0.0254628540970504,0.11070066007050916,0.005487697351193036,0.09943242344413017,0.002211033043406226,0.04691494424753537,0.11948759779188561,0.019599998284005892,0.012737064754031531,0.011650822378108678,0.06618116611257162,0.07556475309333588
mixture_l1,0.5,1e+24,exponential,4096,mixture,0.8047071577351047,reference_p0,first_question_reference,in,True,True,39.59618396534492,3650.610500495647,1.0,0.41663254110330095,1.0,1.0,1.9160275710896768,3912487936.8349757,273926785633.31503,0.0,0.0,False,False,False,True,35185,8.673014697806731e+23,1.1841556067405458e+23,1.4282969545272312e+22,1e+24,0.0,0.8673014697806731,0.11841556067405458,0.014282969545272313,0.0,3650610500495.647,reference_p0,0.41663254110330095,False,False,N_above_support;D_above_support;Q_above_A_supported,upper_bound,0.11302252583269279,0.0968248321520278,0.00588968021709595,0.11375419105058357,0.07507775607983627,0.0254628540970504,0.11070066007050916,0.005487697351193036,0.09943242344413017,0.002211033043406226,0.04691494424753537,0.11948759779188561,0.019599998284005892,0.012737064754031531,0.011650822378108678,0.06618116611257162,0.07556475309333588
mixture_l1,0.5,1e+24,exponential,8192,fixed_ref,0.8047071577351047,reference_p0,first_question_reference,in,True,True,37.59643507049264,3435.374283393157,1.0,0.41663254110330095,1.0,1.0,1.9199711532667088,3912487936.8349757,291089097579.2859,-268435456.0,-2.6843545600000003e-16,False,False,False,True,35185,7.74946957130586e+23,2.1161218242712537e+23,1.3440860442288825e+22,1.0000000000000003e+24,-268435456.0,0.774946957130586,0.21161218242712537,0.013440860442288824,-2.6843545600000003e-16,3435374283393.1567,reference_p0,0.41663254110330095,False,False,N_above_support;D_above_support;Q_above_A_supported,upper_bound,0.11302252583269279,0.0968248321520278,0.00588968021709595,0.11375419105058357,0.07507775607983627,0.0254628540970504,0.11070066007050916,0.005487697351193036,0.09943242344413017,0.002211033043406226,0.04691494424753537,0.11948759779188561,0.019599998284005892,0.012737064754031531,0.011650822378108678,0.06618116611257162,0.07556475309333588
mixture_l1,0.5,1e+24,exponential,8192,mixture,0.8047071577351047,reference_p0,first_question_reference,in,True,True,37.59643507049264,3435.374283393157,1.0,0.41663254110330095,1.0,1.0,1.9199711532667088,3912487936.8349757,291089097579.2859,-268435456.0,-2.6843545600000003e-16,False,False,False,True,35185,7.74946957130586e+23,2.1161218242712537e+23,1.3440860442288825e+22,1.0000000000000003e+24,-268435456.0,0.774946957130586,0.21161218242712537,0.013440860442288824,-2.6843545600000003e-16,3435374283393.1567,reference_p0,0.41663254110330095,False,False,N_above_support;D_above_support;Q_above_A_supported,upper_bound,0.11302252583269279,0.0968248321520278,0.00588968021709595,0.11375419105058357,0.07507775607983627,0.0254628540970504,0.11070066007050916,0.005487697351193036,0.09943242344413017,0.002211033043406226,0.04691494424753537,0.11948759779188561,0.019599998284005892,0.012737064754031531,0.011650822378108678,0.06618116611257162,0.07556475309333588
mixture_l1,0.5,1e+24,exponential,32768,fixed_ref,0.8047071577351047,reference_p0,first_question_reference,in,True,True,29.918971954932235,2635.023239845255,1.0,0.41663254110330095,1.0,1.0,1.9380887958974857,3912487936.8349757,379503294270.2723,0.0,0.0,False,False,False,True,35185,4.7302311848114916e+23,5.166673848796765e+23,1.0309496639174375e+22,1e+24,0.0,0.4730231184811492,0.5166673848796766,0.010309496639174374,0.0,2635023239845.255,reference_p0,0.41663254110330095,False,False,N_above_support;D_above_support;Q_above_A_supported,upper_bound,0.11302252583269279,0.0968248321520278,0.00588968021709595,0.11375419105058357,0.07507775607983627,0.0254628540970504,0.11070066007050916,0.005487697351193036,0.09943242344413017,0.002211033043406226,0.04691494424753537,0.11948759779188561,0.019599998284005892,0.012737064754031531,0.011650822378108678,0.06618116611257162,0.07556475309333588
mixture_l1,0.5,1e+24,exponential,32768,mixture,0.8047071577351047,reference_p0,first_question_reference,in,True,True,29.918971954932235,2635.023239845255,1.0,0.41663254110330095,1.0,1.0,1.9380887958974857,3912487936.8349757,379503294270.2723,0.0,0.0,False,False,False,True,35185,4.7302311848114916e+23,5.166673848796765e+23,1.0309496639174375e+22,1e+24,0.0,0.4730231184811492,0.5166673848796766,0.010309496639174374,0.0,2635023239845.255,reference_p0,0.41663254110330095,False,False,N_above_support;D_above_support;Q_above_A_supported,upper_bound,0.11302252583269279,0.0968248321520278,0.00588968021709595,0.11375419105058357,0.07507775607983627,0.0254628540970504,0.11070066007050916,0.005487697351193036,0.09943242344413017,0.002211033043406226,0.04691494424753537,0.11948759779188561,0.019599998284005892,0.012737064754031531,0.011650822378108678,0.06618116611257162,0.07556475309333588
mixture_l1,0.5,1e+24,exponential,131072,fixed_ref,0.8047071577351047,reference_p0,first_question_reference,in,True,True,19.461366584855774,1585.1660524813324,1.0,0.41663254110330095,1.0,1.0,1.9765514600318008,3912487936.8349757,630848735648.0128,0.0,0.0,False,False,False,True,35185,1.8509698587124762e+23,8.087010710705389e+23,6.20194305821353e+21,1e+24,0.0,0.18509698587124762,0.8087010710705389,0.00620194305821353,0.0,1585166052481.3323,reference_p0,0.41663254110330095,False,False,N_above_support;D_above_support;Q_above_A_supported,upper_bound,0.11302252583269279,0.0968248321520278,0.00588968021709595,0.11375419105058357,0.07507775607983627,0.0254628540970504,0.11070066007050916,0.005487697351193036,0.09943242344413017,0.002211033043406226,0.04691494424753537,0.11948759779188561,0.019599998284005892,0.012737064754031531,0.011650822378108678,0.06618116611257162,0.07556475309333588
mixture_l1,0.5,1e+24,exponential,131072,mixture,0.8047071577351047,reference_p0,first_question_reference,in,True,True,19.461366584855774,1585.1660524813324,1.0,0.41663254110330095,1.0,1.0,1.9765514600318008,3912487936.8349757,630848735648.0128,0.0,0.0,False,False,False,True,35185,1.8509698587124762e+23,8.087010710705389e+23,6.20194305821353e+21,1e+24,0.0,0.18509698587124762,0.8087010710705389,0.00620194305821353,0.0,1585166052481.3323,reference_p0,0.41663254110330095,False,False,N_above_support;D_above_support;Q_above_A_supported,upper_bound,0.11302252583269279,0.0968248321520278,0.00588968021709595,0.11375419105058357,0.07507775607983627,0.0254628540970504,0.11070066007050916,0.005487697351193036,0.09943242344413017,0.002211033043406226,0.04691494424753537,0.11948759779188561,0.019599998284005892,0.012737064754031531,0.011650822378108678,0.06618116611257162,0.07556475309333588
mixture_l1,0.5,1e+24,power,2048,fixed_ref,0.8047071577351047,reference_p0,first_question_reference,in,True,True,40.92104037495471,3743.399745240413,1.0,0.41663254110330095,1.0,1.0,1.9140256838178147,4849345275.903549,267136845663.21326,134217728.0,1.3421772800000001e-16,False,False,False,True,35185,9.191028726874685e+23,6.274408944213118e+22,1.8153037870400144e+22,9.999999999999998e+23,134217728.0,0.9191028726874685,0.06274408944213118,0.018153037870400145,1.3421772800000001e-16,3743399745240.4126,reference_p0,0.41663254110330095,False,False,N_above_support;D_above_support;Q_above_A_supported,upper_bound,0.11302252583269279,0.0968248321520278,0.00588968021709595,0.11375419105058357,0.07507775607983627,0.0254628540970504,0.11070066007050916,0.005487697351193036,0.09943242344413017,0.002211033043406226,0.04691494424753537,0.11948759779188561,0.019599998284005892,0.012737064754031531,0.011650822378108678,0.06618116611257162,0.07556475309333588
mixture_l1,0.5,1e+24,power,2048,mixture,0.8047071577351047,reference_p0,first_question_reference,in,True,True,40.92104037495471,3743.399745240413,1.0,0.41663254110330095,1.0,1.0,1.9140256838178147,4849345275.903549,267136845663.21326,134217728.0,1.3421772800000001e-16,False,False,False,True,35185,9.191028726874685e+23,6.274408944213118e+22,1.8153037870400144e+22,9.999999999999998e+23,134217728.0,0.9191028726874685,0.06274408944213118,0.018153037870400145,1.3421772800000001e-16,3743399745240.4126,reference_p0,0.41663254110330095,False,False,N_above_support;D_above_support;Q_above_A_supported,upper_bound,0.11302252583269279,0.0968248321520278,0.00588968021709595,0.11375419105058357,0.07507775607983627,0.0254628540970504,0.11070066007050916,0.005487697351193036,0.09943242344413017,0.002211033043406226,0.04691494424753537,0.11948759779188561,0.019599998284005892,0.012737064754031531,0.011650822378108678,0.06618116611257162,0.07556475309333588
mixture_l1,0.5,1e+24,power,4096,fixed_ref,0.8047071577351047,reference_p0,first_question_reference,in,True,True,39.75209302101873,3624.149356814165,1.0,0.41663254110330095,1.0,1.0,1.9161467854608134,4849345275.903549,275926818004.8345,-134217728.0,-1.3421772800000001e-16,False,False,False,True,35185,8.644051341248514e+23,1.1802011431251305e+23,1.7574751562635657e+22,1.0000000000000001e+24,-134217728.0,0.8644051341248514,0.11802011431251305,0.017574751562635656,-1.3421772800000001e-16,3624149356814.165,reference_p0,0.41663254110330095,False,False,N_above_support;D_above_support;Q_above_A_supported,upper_bound,0.11302252583269279,0.0968248321520278,0.00588968021709595,0.11375419105058357,0.07507775607983627,0.0254628540970504,0.11070066007050916,0.005487697351193036,0.09943242344413017,0.002211033043406226,0.04691494424753537,0.11948759779188561,0.019599998284005892,0.012737064754031531,0.011650822378108678,0.06618116611257162,0.07556475309333588
mixture_l1,0.5,1e+24,power,4096,mixture,0.8047071577351047,reference_p0,first_question_reference,in,True,True,39.75209302101873,3624.149356814165,1.0,0.41663254110330095,1.0,1.0,1.9161467854608134,4849345275.903549,275926818004.8345,-134217728.0,-1.3421772800000001e-16,False,False,False,True,35185,8.644051341248514e+23,1.1802011431251305e+23,1.7574751562635657e+22,1.0000000000000001e+24,-134217728.0,0.8644051341248514,0.11802011431251305,0.017574751562635656,-1.3421772800000001e-16,3624149356814.165,reference_p0,0.41663254110330095,False,False,N_above_support;D_above_support;Q_above_A_supported,upper_bound,0.11302252583269279,0.0968248321520278,0.00588968021709595,0.11375419105058357,0.07507775607983627,0.0254628540970504,0.11070066007050916,0.005487697351193036,0.09943242344413017,0.002211033043406226,0.04691494424753537,0.11948759779188561,0.019599998284005892,0.012737064754031531,0.011650822378108678,0.06618116611257162,0.07556475309333588
mixture_l1,0.5,1e+24,power,8192,fixed_ref,0.8047071577351047,reference_p0,first_question_reference,in,True,True,37.72593394540078,3412.793179369246,1.0,0.41663254110330095,1.0,1.0,1.9200853111210283,4849345275.903549,293015119124.4529,134217728.0,1.3421772800000001e-16,False,False,False,True,35185,7.72504860325191e+23,2.1094532719279882e+23,1.6549812482010107e+22,9.999999999999998e+23,134217728.0,0.7725048603251911,0.21094532719279882,0.016549812482010106,1.3421772800000001e-16,3412793179369.246,reference_p0,0.41663254110330095,False,False,N_above_support;D_above_support;Q_above_A_supported,upper_bound,0.11302252583269279,0.0968248321520278,0.00588968021709595,0.11375419105058357,0.07507775607983627,0.0254628540970504,0.11070066007050916,0.005487697351193036,0.09943242344413017,0.002211033043406226,0.04691494424753537,0.11948759779188561,0.019599998284005892,0.012737064754031531,0.011650822378108678,0.06618116611257162,0.07556475309333588
mixture_l1,0.5,1e+24,power,8192,mixture,0.8047071577351047,reference_p0,first_question_reference,in,True,True,37.72593394540078,3412.793179369246,1.0,0.41663254110330095,1.0,1.0,1.9200853111210283,4849345275.903549,293015119124.4529,134217728.0,1.3421772800000001e-16,False,False,False,True,35185,7.72504860325191e+23,2.1094532719279882e+23,1.6549812482010107e+22,9.999999999999998e+23,134217728.0,0.7725048603251911,0.21094532719279882,0.016549812482010106,1.3421772800000001e-16,3412793179369.246,reference_p0,0.41663254110330095,False,False,N_above_support;D_above_support;Q_above_A_supported,upper_bound,0.11302252583269279,0.0968248321520278,0.00588968021709595,0.11375419105058357,0.07507775607983627,0.0254628540970504,0.11070066007050916,0.005487697351193036,0.09943242344413017,0.002211033043406226,0.04691494424753537,0.11948759779188561,0.019599998284005892,0.012737064754031531,0.011650822378108678,0.06618116611257162,0.07556475309333588
mixture_l1,0.5,1e+24,power,32768,fixed_ref,0.8047071577351047,reference_p0,first_question_reference,in,True,True,30.007282483100177,2620.8969531337625,1.0,0.41663254110330095,1.0,1.0,1.9381831316850204,4849345275.903549,381548766655.74994,0.0,0.0,False,False,False,True,35185,4.718759713906883e+23,5.154143943510025e+23,1.2709634258309218e+22,1e+24,0.0,0.47187597139068826,0.5154143943510024,0.012709634258309219,0.0,2620896953133.7627,reference_p0,0.41663254110330095,False,False,N_above_support;D_above_support;Q_above_A_supported,upper_bound,0.11302252583269279,0.0968248321520278,0.00588968021709595,0.11375419105058357,0.07507775607983627,0.0254628540970504,0.11070066007050916,0.005487697351193036,0.09943242344413017,0.002211033043406226,0.04691494424753537,0.11948759779188561,0.019599998284005892,0.012737064754031531,0.011650822378108678,0.06618116611257162,0.07556475309333588
mixture_l1,0.5,1e+24,power,32768,mixture,0.8047071577351047,reference_p0,first_question_reference,in,True,True,30.007282483100177,2620.8969531337625,1.0,0.41663254110330095,1.0,1.0,1.9381831316850204,4849345275.903549,381548766655.74994,0.0,0.0,False,False,False,True,35185,4.718759713906883e+23,5.154143943510025e+23,1.2709634258309218e+22,1e+24,0.0,0.47187597139068826,0.5154143943510024,0.012709634258309219,0.0,2620896953133.7627,reference_p0,0.41663254110330095,False,False,N_above_support;D_above_support;Q_above_A_supported,upper_bound,0.11302252583269279,0.0968248321520278,0.00588968021709595,0.11375419105058357,0.07507775607983627,0.0254628540970504,0.11070066007050916,0.005487697351193036,0.09943242344413017,0.002211033043406226,0.04691494424753537,0.11948759779188561,0.019599998284005892,0.012737064754031531,0.011650822378108678,0.06618116611257162,0.07556475309333588
mixture_l1,0.5,1e+24,power,131072,fixed_ref,0.8047071577351047,reference_p0,first_question_reference,in,True,True,19.4900670566069,1580.50251269196,1.0,0.41663254110330095,1.0,1.0,1.9766169459038456,4849345275.903549,632710161464.2609,0.0,0.0,False,False,False,True,35185,1.8482459973301198e+23,8.075109978735116e+23,7.664402393476445e+21,1e+24,0.0,0.184824599733012,0.8075109978735115,0.007664402393476445,0.0,1580502512691.96,reference_p0,0.41663254110330095,False,False,N_above_support;D_above_support;Q_above_A_supported,upper_bound,0.11302252583269279,0.0968248321520278,0.00588968021709595,0.11375419105058357,0.07507775607983627,0.0254628540970504,0.11070066007050916,0.005487697351193036,0.09943242344413017,0.002211033043406226,0.04691494424753537,0.11948759779188561,0.019599998284005892,0.012737064754031531,0.011650822378108678,0.06618116611257162,0.07556475309333588
mixture_l1,0.5,1e+24,power,131072,mixture,0.8047071577351047,reference_p0,first_question_reference,in,True,True,19.4900670566069,1580.50251269196,1.0,0.41663254110330095,1.0,1.0,1.9766169459038456,4849345275.903549,632710161464.2609,0.0,0.0,False,False,False,True,35185,1.8482459973301198e+23,8.075109978735116e+23,7.664402393476445e+21,1e+24,0.0,0.184824599733012,0.8075109978735115,0.007664402393476445,0.0,1580502512691.96,reference_p0,0.41663254110330095,False,False,N_above_support;D_above_support;Q_above_A_supported,upper_bound,0.11302252583269279,0.0968248321520278,0.00588968021709595,0.11375419105058357,0.07507775607983627,0.0254628540970504,0.11070066007050916,0.005487697351193036,0.09943242344413017,0.002211033043406226,0.04691494424753537,0.11948759779188561,0.019599998284005892,0.012737064754031531,0.011650822378108678,0.06618116611257162,0.07556475309333588
mixture_l1,0.5,1e+24,logarithmic,2048,fixed_ref,0.8047071577351047,reference_p0,first_question_reference,in,True,True,40.322427216491384,3846.714628124383,1.0,0.41663254110330095,1.0,1.0,1.9135877364974414,1511467178.4002495,259962096665.22345,0.0,0.0,False,False,False,True,35185,9.30653223690949e+23,6.3532593403968795e+22,5.814182905082127e+21,1e+24,0.0,0.930653223690949,0.0635325934039688,0.005814182905082127,0.0,3846714628124.3833,reference_p0,0.41663254110330095,False,False,N_above_support;D_above_support;Q_above_A_supported,upper_bound,0.11302252583269279,0.0968248321520278,0.00588968021709595,0.11375419105058357,0.07507775607983627,0.0254628540970504,0.11070066007050916,0.005487697351193036,0.09943242344413017,0.002211033043406226,0.04691494424753537,0.11948759779188561,0.019599998284005892,0.012737064754031531,0.011650822378108678,0.06618116611257162,0.07556475309333588
mixture_l1,0.5,1e+24,logarithmic,2048,mixture,0.8047071577351047,reference_p0,first_question_reference,in,True,True,40.322427216491384,3846.714628124383,1.0,0.41663254110330095,1.0,1.0,1.9135877364974414,1511467178.4002495,259962096665.22345,0.0,0.0,False,False,False,True,35185,9.30653223690949e+23,6.3532593403968795e+22,5.814182905082127e+21,1e+24,0.0,0.930653223690949,0.0635325934039688,0.005814182905082127,0.0,3846714628124.3833,reference_p0,0.41663254110330095,False,False,N_above_support;D_above_support;Q_above_A_supported,upper_bound,0.11302252583269279,0.0968248321520278,0.00588968021709595,0.11375419105058357,0.07507775607983627,0.0254628540970504,0.11070066007050916,0.005487697351193036,0.09943242344413017,0.002211033043406226,0.04691494424753537,0.11948759779188561,0.019599998284005892,0.012737064754031531,0.011650822378108678,0.06618116611257162,0.07556475309333588
mixture_l1,0.5,1e+24,logarithmic,4096,fixed_ref,0.8047071577351047,reference_p0,first_question_reference,in,True,True,39.20908131018585,3719.0477447066605,1.0,0.41663254110330095,1.0,1.0,1.915719160482562,1511467178.4002495,268886034448.8196,0.0,0.0,False,False,False,True,35185,8.749226725120007e+23,1.1945610888697183e+23,5.621218601027588e+21,1e+24,0.0,0.8749226725120007,0.11945610888697183,0.005621218601027588,0.0,3719047744706.6606,reference_p0,0.41663254110330095,False,False,N_above_support;D_above_support;Q_above_A_supported,upper_bound,0.11302252583269279,0.0968248321520278,0.00588968021709595,0.11375419105058357,0.07507775607983627,0.0254628540970504,0.11070066007050916,0.005487697351193036,0.09943242344413017,0.002211033043406226,0.04691494424753537,0.11948759779188561,0.019599998284005892,0.012737064754031531,0.011650822378108678,0.06618116611257162,0.07556475309333588
mixture_l1,0.5,1e+24,logarithmic,4096,mixture,0.8047071577351047,reference_p0,first_question_reference,in,True,True,39.20908131018585,3719.0477447066605,1.0,0.41663254110330095,1.0,1.0,1.915719160482562,1511467178.4002495,268886034448.8196,0.0,0.0,False,False,False,True,35185,8.749226725120007e+23,1.1945610888697183e+23,5.621218601027588e+21,1e+24,0.0,0.8749226725120007,0.11945610888697183,0.005621218601027588,0.0,3719047744706.6606,reference_p0,0.41663254110330095,False,False,N_above_support;D_above_support;Q_above_A_supported,upper_bound,0.11302252583269279,0.0968248321520278,0.00588968021709595,0.11375419105058357,0.07507775607983627,0.0254628540970504,0.11070066007050916,0.005487697351193036,0.09943242344413017,0.002211033043406226,0.04691494424753537,0.11948759779188561,0.019599998284005892,0.012737064754031531,0.011650822378108678,0.06618116611257162,0.07556475309333588
mixture_l1,0.5,1e+24,logarithmic,8192,fixed_ref,0.8047071577351047,reference_p0,first_question_reference,in,True,True,37.228882483782755,3497.964286230427,1.0,0.41663254110330095,1.0,1.0,1.9196759830034493,1511467178.4002495,285880563142.5264,0.0,0.0,False,False,False,True,35185,7.813518080672495e+23,2.1336113372289698e+23,5.287058209853547e+21,1e+24,0.0,0.7813518080672495,0.21336113372289697,0.005287058209853547,0.0,3497964286230.4272,reference_p0,0.41663254110330095,False,False,N_above_support;D_above_support;Q_above_A_supported,upper_bound,0.11302252583269279,0.0968248321520278,0.00588968021709595,0.11375419105058357,0.07507775607983627,0.0254628540970504,0.11070066007050916,0.005487697351193036,0.09943242344413017,0.002211033043406226,0.04691494424753537,0.11948759779188561,0.019599998284005892,0.012737064754031531,0.011650822378108678,0.06618116611257162,0.07556475309333588
mixture_l1,0.5,1e+24,logarithmic,8192,mixture,0.8047071577351047,reference_p0,first_question_reference,in,True,True,37.228882483782755,3497.964286230427,1.0,0.41663254110330095,1.0,1.0,1.9196759830034493,1511467178.4002495,285880563142.5264,0.0,0.0,False,False,False,True,35185,7.813518080672495e+23,2.1336113372289698e+23,5.287058209853547e+21,1e+24,0.0,0.7813518080672495,0.21336113372289697,0.005287058209853547,0.0,3497964286230.4272,reference_p0,0.41663254110330095,False,False,N_above_support;D_above_support;Q_above_A_supported,upper_bound,0.11302252583269279,0.0968248321520278,0.00588968021709595,0.11375419105058357,0.07507775607983627,0.0254628540970504,0.11070066007050916,0.005487697351193036,0.09943242344413017,0.002211033043406226,0.04691494424753537,0.11948759779188561,0.019599998284005892,0.012737064754031531,0.011650822378108678,0.06618116611257162,0.07556475309333588
mixture_l1,0.5,1e+24,logarithmic,32768,fixed_ref,0.8047071577351047,reference_p0,first_question_reference,in,True,True,29.69933100359089,2671.332673723647,1.0,0.41663254110330095,1.0,1.0,1.9378453784718424,1511467178.4002495,374344988865.07886,0.0,0.0,False,False,False,True,35185,4.760207597857563e+23,5.199416085553221e+23,4.037631658921475e+21,1e+24,0.0,0.4760207597857563,0.5199416085553221,0.004037631658921475,0.0,2671332673723.647,reference_p0,0.41663254110330095,False,False,N_above_support;D_above_support;Q_above_A_supported,upper_bound,0.11302252583269279,0.0968248321520278,0.00588968021709595,0.11375419105058357,0.07507775607983627,0.0254628540970504,0.11070066007050916,0.005487697351193036,0.09943242344413017,0.002211033043406226,0.04691494424753537,0.11948759779188561,0.019599998284005892,0.012737064754031531,0.011650822378108678,0.06618116611257162,0.07556475309333588
mixture_l1,0.5,1e+24,logarithmic,32768,mixture,0.8047071577351047,reference_p0,first_question_reference,in,True,True,29.69933100359089,2671.332673723647,1.0,0.41663254110330095,1.0,1.0,1.9378453784718424,1511467178.4002495,374344988865.07886,0.0,0.0,False,False,False,True,35185,4.760207597857563e+23,5.199416085553221e+23,4.037631658921475e+21,1e+24,0.0,0.4760207597857563,0.5199416085553221,0.004037631658921475,0.0,2671332673723.647,reference_p0,0.41663254110330095,False,False,N_above_support;D_above_support;Q_above_A_supported,upper_bound,0.11302252583269279,0.0968248321520278,0.00588968021709595,0.11375419105058357,0.07507775607983627,0.0254628540970504,0.11070066007050916,0.005487697351193036,0.09943242344413017,0.002211033043406226,0.04691494424753537,0.11948759779188561,0.019599998284005892,0.012737064754031531,0.011650822378108678,0.06618116611257162,0.07556475309333588
mixture_l1,0.5,1e+24,logarithmic,131072,fixed_ref,0.8047071577351047,reference_p0,first_question_reference,in,True,True,19.375518501328656,1598.25554782952,1.0,0.41663254110330095,1.0,1.0,1.976382940542712,1511467178.4002495,625682170387.602,0.0,0.0,False,False,False,True,35185,1.8580217962093222e+23,8.117821095758275e+23,2.41571080324043e+21,1e+24,0.0,0.18580217962093223,0.8117821095758275,0.00241571080324043,0.0,1598255547829.52,reference_p0,0.41663254110330095,False,False,N_above_support;D_above_support;Q_above_A_supported,upper_bound,0.11302252583269279,0.0968248321520278,0.00588968021709595,0.11375419105058357,0.07507775607983627,0.0254628540970504,0.11070066007050916,0.005487697351193036,0.09943242344413017,0.002211033043406226,0.04691494424753537,0.11948759779188561,0.019599998284005892,0.012737064754031531,0.011650822378108678,0.06618116611257162,0.07556475309333588
mixture_l1,0.5,1e+24,logarithmic,131072,mixture,0.8047071577351047,reference_p0,first_question_reference,in,True,True,19.375518501328656,1598.25554782952,1.0,0.41663254110330095,1.0,1.0,1.976382940542712,1511467178.4002495,625682170387.602,0.0,0.0,False,False,False,True,35185,1.8580217962093222e+23,8.117821095758275e+23,2.41571080324043e+21,1e+24,0.0,0.18580217962093223,0.8117821095758275,0.00241571080324043,0.0,1598255547829.52,reference_p0,0.41663254110330095,False,False,N_above_support;D_above_support;Q_above_A_supported,upper_bound,0.11302252583269279,0.0968248321520278,0.00588968021709595,0.11375419105058357,0.07507775607983627,0.0254628540970504,0.11070066007050916,0.005487697351193036,0.09943242344413017,0.002211033043406226,0.04691494424753537,0.11948759779188561,0.019599998284005892,0.012737064754031531,0.011650822378108678,0.06618116611257162,0.07556475309333588
mixture_l1,1.0,1e+19,exponential,2048,fixed_ref,0.8047071577351047,reference_p0,first_question_reference,in,True,True,0.22232416335630398,5.966798050391992,0.6030456680355448,0.41663254110330095,1.0,1.0,3.123094642754934,250931792.60632232,1675940750.0548885,0.0,0.0,False,False,False,False,35185,7.959380306816552e+18,5.433603622786766e+17,1.4972593309047716e+18,1e+19,0.0,0.7959380306816551,0.05433603622786766,0.14972593309047716,0.0,5966798050.391992,reference_p0,0.41663254110330095,True,True,Q_above_A_supported,interior,0.11302252583269279,0.0968248321520278,0.00588968021709595,0.11375419105058357,0.07507775607983627,0.0254628540970504,0.11070066007050916,0.005487697351193036,0.09943242344413017,0.002211033043406226,0.04691494424753537,0.11948759779188561,0.019599998284005892,0.012737064754031531,0.011650822378108678,0.06618116611257162,0.07556475309333588
mixture_l1,1.0,1e+19,exponential,2048,mixture,0.8047071577351047,reference_p0,first_question_reference,in,True,True,0.22232416335630398,5.966798050391992,0.6030456680355448,0.41663254110330095,1.0,1.0,3.123094642754934,250931792.60632232,1675940750.0548885,0.0,0.0,False,False,False,False,35185,7.959380306816552e+18,5.433603622786766e+17,1.4972593309047716e+18,1e+19,0.0,0.7959380306816551,0.05433603622786766,0.14972593309047716,0.0,5966798050.391992,reference_p0,0.41663254110330095,True,True,Q_above_A_supported,interior,0.11302252583269279,0.0968248321520278,0.00588968021709595,0.11375419105058357,0.07507775607983627,0.0254628540970504,0.11070066007050916,0.005487697351193036,0.09943242344413017,0.002211033043406226,0.04691494424753537,0.11948759779188561,0.019599998284005892,0.012737064754031531,0.011650822378108678,0.06618116611257162,0.07556475309333588
mixture_l1,1.0,1e+19,exponential,4096,fixed_ref,0.8047071577351047,reference_p0,first_question_reference,in,True,True,0.21719675544437037,5.734461504030816,0.608241527536118,0.41663254110330095,1.0,1.0,3.1355734585409953,262734788.9135925,1743842903.639843,2048.0,2.048e-16,False,False,False,False,35185,7.473038597376824e+18,1.0203188698285158e+18,1.5066425327946586e+18,9.999999999999998e+18,2048.0,0.7473038597376824,0.10203188698285158,0.15066425327946587,2.048e-16,5734461504.030816,reference_p0,0.41663254110330095,True,True,Q_above_A_supported,interior,0.11302252583269279,0.0968248321520278,0.00588968021709595,0.11375419105058357,0.07507775607983627,0.0254628540970504,0.11070066007050916,0.005487697351193036,0.09943242344413017,0.002211033043406226,0.04691494424753537,0.11948759779188561,0.019599998284005892,0.012737064754031531,0.011650822378108678,0.06618116611257162,0.07556475309333588
mixture_l1,1.0,1e+19,exponential,4096,mixture,0.8047071577351047,reference_p0,first_question_reference,in,True,True,0.21719675544437037,5.734461504030816,0.608241527536118,0.41663254110330095,1.0,1.0,3.1355734585409953,262734788.9135925,1743842903.639843,2048.0,2.048e-16,False,False,False,False,35185,7.473038597376824e+18,1.0203188698285158e+18,1.5066425327946586e+18,9.999999999999998e+18,2048.0,0.7473038597376824,0.10203188698285158,0.15066425327946587,2.048e-16,5734461504.030816,reference_p0,0.41663254110330095,True,True,Q_above_A_supported,interior,0.11302252583269279,0.0968248321520278,0.00588968021709595,0.11375419105058357,0.07507775607983627,0.0254628540970504,0.11070066007050916,0.005487697351193036,0.09943242344413017,0.002211033043406226,0.04691494424753537,0.11948759779188561,0.019599998284005892,0.012737064754031531,0.011650822378108678,0.06618116611257162,0.07556475309333588
mixture_l1,1.0,1e+19,exponential,8192,fixed_ref,0.8047071577351047,reference_p0,first_question_reference,in,True,True,0.2079058294626956,5.338947776503678,0.6176065198096063,0.41663254110330095,1.0,1.0,3.158689755020952,284960360.23435986,1873028248.002214,-2048.0,-2.048e-16,False,False,False,False,35185,6.65999019559207e+18,1.8186213227430077e+18,1.521388481664923e+18,1.0000000000000002e+19,-2048.0,0.665999019559207,0.1818621322743008,0.15213884816649229,-2.048e-16,5338947776.503678,reference_p0,0.41663254110330095,True,True,Q_above_A_supported,interior,0.11302252583269279,0.0968248321520278,0.00588968021709595,0.11375419105058357,0.07507775607983627,0.0254628540970504,0.11070066007050916,0.005487697351193036,0.09943242344413017,0.002211033043406226,0.04691494424753537,0.11948759779188561,0.019599998284005892,0.012737064754031531,0.011650822378108678,0.06618116611257162,0.07556475309333588
mixture_l1,1.0,1e+19,exponential,8192,mixture,0.8047071577351047,reference_p0,first_question_reference,in,True,True,0.2079058294626956,5.338947776503678,0.6176065198096063,0.41663254110330095,1.0,1.0,3.158689755020952,284960360.23435986,1873028248.002214,-2048.0,-2.048e-16,False,False,False,False,35185,6.65999019559207e+18,1.8186213227430077e+18,1.521388481664923e+18,1.0000000000000002e+19,-2048.0,0.665999019559207,0.1818621322743008,0.15213884816649229,-2.048e-16,5338947776.503678,reference_p0,0.41663254110330095,True,True,Q_above_A_supported,interior,0.11302252583269279,0.0968248321520278,0.00588968021709595,0.11375419105058357,0.07507775607983627,0.0254628540970504,0.11070066007050916,0.005487697351193036,0.09943242344413017,0.002211033043406226,0.04691494424753537,0.11948759779188561,0.019599998284005892,0.012737064754031531,0.011650822378108678,0.06618116611257162,0.07556475309333588
mixture_l1,1.0,1e+19,exponential,32768,fixed_ref,0.8047071577351047,reference_p0,first_question_reference,in,True,True,0.17090181171661814,3.934256663762259,0.6579444350341169,0.41663254110330095,1.0,1.0,3.264133767913078,396343228.47152686,2541776212.0372643,0.0,0.0,False,False,False,False,35185,4.034229549570887e+18,4.4064544626779617e+18,1.559315987751152e+18,1e+19,0.0,0.40342295495708874,0.44064544626779617,0.15593159877511523,0.0,3934256663.762259,reference_p0,0.41663254110330095,True,True,Q_above_A_supported,interior,0.11302252583269279,0.0968248321520278,0.00588968021709595,0.11375419105058357,0.07507775607983627,0.0254628540970504,0.11070066007050916,0.005487697351193036,0.09943242344413017,0.002211033043406226,0.04691494424753537,0.11948759779188561,0.019599998284005892,0.012737064754031531,0.011650822378108678,0.06618116611257162,0.07556475309333588
mixture_l1,1.0,1e+19,exponential,32768,mixture,0.8047071577351047,reference_p0,first_question_reference,in,True,True,0.17090181171661814,3.934256663762259,0.6579444350341169,0.41663254110330095,1.0,1.0,3.264133767913078,396343228.47152686,2541776212.0372643,0.0,0.0,False,False,False,False,35185,4.034229549570887e+18,4.4064544626779617e+18,1.559315987751152e+18,1e+19,0.0,0.40342295495708874,0.44064544626779617,0.15593159877511523,0.0,3934256663.762259,reference_p0,0.41663254110330095,True,True,Q_above_A_supported,interior,0.11302252583269279,0.0968248321520278,0.00588968021709595,0.11375419105058357,0.07507775607983627,0.0254628540970504,0.11070066007050916,0.005487697351193036,0.09943242344413017,0.002211033043406226,0.04691494424753537,0.11948759779188561,0.019599998284005892,0.012737064754031531,0.011650822378108678,0.06618116611257162,0.07556475309333588
mixture_l1,1.0,1e+19,exponential,131072,fixed_ref,0.8047071577351047,reference_p0,first_question_reference,in,True,True,0.11604862524256605,2.2587687157931424,0.7325221309794708,0.41663254110330095,1.0,1.0,3.4850599226598504,688753932.5037249,4427190765.517844,0.0,0.0,False,False,False,False,35185,1.5727620252522634e+18,6.871502139128822e+18,1.5557358356189153e+18,1e+19,0.0,0.15727620252522634,0.6871502139128822,0.15557358356189152,0.0,2258768715.7931423,reference_p0,0.41663254110330095,True,True,Q_above_A_supported,interior,0.11302252583269279,0.0968248321520278,0.00588968021709595,0.11375419105058357,0.07507775607983627,0.0254628540970504,0.11070066007050916,0.005487697351193036,0.09943242344413017,0.002211033043406226,0.04691494424753537,0.11948759779188561,0.019599998284005892,0.012737064754031531,0.011650822378108678,0.06618116611257162,0.07556475309333588
mixture_l1,1.0,1e+19,exponential,131072,mixture,0.8047071577351047,reference_p0,first_question_reference,in,True,True,0.11604862524256605,2.2587687157931424,0.7325221309794708,0.41663254110330095,1.0,1.0,3.4850599226598504,688753932.5037249,4427190765.517844,0.0,0.0,False,False,False,False,35185,1.5727620252522634e+18,6.871502139128822e+18,1.5557358356189153e+18,1e+19,0.0,0.15727620252522634,0.6871502139128822,0.15557358356189152,0.0,2258768715.7931423,reference_p0,0.41663254110330095,True,True,Q_above_A_supported,interior,0.11302252583269279,0.0968248321520278,0.00588968021709595,0.11375419105058357,0.07507775607983627,0.0254628540970504,0.11070066007050916,0.005487697351193036,0.09943242344413017,0.002211033043406226,0.04691494424753537,0.11948759779188561,0.019599998284005892,0.012737064754031531,0.011650822378108678,0.06618116611257162,0.07556475309333588
mixture_l1,1.0,1e+19,power,2048,fixed_ref,0.8047071577351047,reference_p0,first_question_reference,in,True,True,0.1885905816663073,7.549384584392674,0.48047627580495555,0.41663254110330095,1.0,1.0,3.144776393094138,115821090.72609812,1324611282.9744613,0.0,0.0,False,False,False,False,35185,8.542456979959607e+18,5.831650631652425e+17,8.743779568751503e+17,1e+19,0.0,0.8542456979959607,0.05831650631652425,0.08743779568751503,0.0,7549384584.3926735,reference_p0,0.41663254110330095,True,True,,interior,0.11302252583269279,0.0968248321520278,0.00588968021709595,0.11375419105058357,0.07507775607983627,0.0254628540970504,0.11070066007050916,0.005487697351193036,0.09943242344413017,0.002211033043406226,0.04691494424753537,0.11948759779188561,0.019599998284005892,0.012737064754031531,0.011650822378108678,0.06618116611257162,0.07556475309333588
mixture_l1,1.0,1e+19,power,2048,mixture,0.8047071577351047,reference_p0,first_question_reference,in,True,True,0.1885905816663073,7.549384584392674,0.48047627580495555,0.41663254110330095,1.0,1.0,3.144776393094138,115821090.72609812,1324611282.9744613,0.0,0.0,False,False,False,False,35185,8.542456979959607e+18,5.831650631652425e+17,8.743779568751503e+17,1e+19,0.0,0.8542456979959607,0.05831650631652425,0.08743779568751503,0.0,7549384584.3926735,reference_p0,0.41663254110330095,True,True,,interior,0.11302252583269279,0.0968248321520278,0.00588968021709595,0.11375419105058357,0.07507775607983627,0.0254628540970504,0.11070066007050916,0.005487697351193036,0.09943242344413017,0.002211033043406226,0.04691494424753537,0.11948759779188561,0.019599998284005892,0.012737064754031531,0.011650822378108678,0.06618116611257162,0.07556475309333588
mixture_l1,1.0,1e+19,power,4096,fixed_ref,0.8047071577351047,reference_p0,first_question_reference,in,True,True,0.1856493073940922,7.16230445500069,0.4868388702233223,0.41663254110330095,1.0,1.0,3.157956094805795,130218919.41181356,1396198676.3936071,0.0,0.0,False,False,False,False,35185,7.978061168498995e+18,1.0892712848723962e+18,9.326675466286081e+17,1e+19,0.0,0.7978061168498995,0.10892712848723962,0.09326675466286082,0.0,7162304455.00069,reference_p0,0.41663254110330095,True,True,,interior,0.11302252583269279,0.0968248321520278,0.00588968021709595,0.11375419105058357,0.07507775607983627,0.0254628540970504,0.11070066007050916,0.005487697351193036,0.09943242344413017,0.002211033043406226,0.04691494424753537,0.11948759779188561,0.019599998284005892,0.012737064754031531,0.011650822378108678,0.06618116611257162,0.07556475309333588
mixture_l1,1.0,1e+19,power,4096,mixture,0.8047071577351047,reference_p0,first_question_reference,in,True,True,0.1856493073940922,7.16230445500069,0.4868388702233223,0.41663254110330095,1.0,1.0,3.157956094805795,130218919.41181356,1396198676.3936071,0.0,0.0,False,False,False,False,35185,7.978061168498995e+18,1.0892712848723962e+18,9.326675466286081e+17,1e+19,0.0,0.7978061168498995,0.10892712848723962,0.09326675466286082,0.0,7162304455.00069,reference_p0,0.41663254110330095,True,True,,interior,0.11302252583269279,0.0968248321520278,0.00588968021709595,0.11375419105058357,0.07507775607983627,0.0254628540970504,0.11070066007050916,0.005487697351193036,0.09943242344413017,0.002211033043406226,0.04691494424753537,0.11948759779188561,0.019599998284005892,0.012737064754031531,0.011650822378108678,0.06618116611257162,0.07556475309333588
mixture_l1,1.0,1e+19,power,8192,fixed_ref,0.8047071577351047,reference_p0,first_question_reference,in,True,True,0.18012472606044141,6.519920481705887,0.4984128806078329,0.41663254110330095,1.0,1.0,3.1822819379431824,157896329.58588284,1533761037.1259584,0.0,0.0,False,False,False,False,35185,7.046393344218804e+18,1.9241351425280148e+18,1.0294715132531807e+18,1e+19,0.0,0.7046393344218804,0.19241351425280148,0.10294715132531806,0.0,6519920481.705887,reference_p0,0.41663254110330095,True,True,Q_above_A_supported,interior,0.11302252583269279,0.0968248321520278,0.00588968021709595,0.11375419105058357,0.07507775607983627,0.0254628540970504,0.11070066007050916,0.005487697351193036,0.09943242344413017,0.002211033043406226,0.04691494424753537,0.11948759779188561,0.019599998284005892,0.012737064754031531,0.011650822378108678,0.06618116611257162,0.07556475309333588
mixture_l1,1.0,1e+19,power,8192,mixture,0.8047071577351047,reference_p0,first_question_reference,in,True,True,0.18012472606044141,6.519920481705887,0.4984128806078329,0.41663254110330095,1.0,1.0,3.1822819379431824,157896329.58588284,1533761037.1259584,0.0,0.0,False,False,False,False,35185,7.046393344218804e+18,1.9241351425280148e+18,1.0294715132531807e+18,1e+19,0.0,0.7046393344218804,0.19241351425280148,0.10294715132531806,0.0,6519920481.705887,reference_p0,0.41663254110330095,True,True,Q_above_A_supported,interior,0.11302252583269279,0.0968248321520278,0.00588968021709595,0.11375419105058357,0.07507775607983627,0.0254628540970504,0.11070066007050916,0.005487697351193036,0.09943242344413017,0.002211033043406226,0.04691494424753537,0.11948759779188561,0.019599998284005892,0.012737064754031531,0.011650822378108678,0.06618116611257162,0.07556475309333588
mixture_l1,1.0,1e+19,power,32768,fixed_ref,0.8047071577351047,reference_p0,first_question_reference,in,True,True,0.15532928149277236,4.439653811293352,0.5486758208663725,0.41663254110330095,1.0,1.0,3.2920403920010926,302486206.87324995,2252427875.020917,-2048.0,-2.048e-16,False,False,False,False,35185,4.137649419509069e+18,4.519416539282439e+18,1.3429340412084936e+18,1.0000000000000002e+19,-2048.0,0.4137649419509069,0.4519416539282439,0.13429340412084936,-2.048e-16,4439653811.293352,reference_p0,0.41663254110330095,True,True,Q_above_A_supported,interior,0.11302252583269279,0.0968248321520278,0.00588968021709595,0.11375419105058357,0.07507775607983627,0.0254628540970504,0.11070066007050916,0.005487697351193036,0.09943242344413017,0.002211033043406226,0.04691494424753537,0.11948759779188561,0.019599998284005892,0.012737064754031531,0.011650822378108678,0.06618116611257162,0.07556475309333588
mixture_l1,1.0,1e+19,power,32768,mixture,0.8047071577351047,reference_p0,first_question_reference,in,True,True,0.15532928149277236,4.439653811293352,0.5486758208663725,0.41663254110330095,1.0,1.0,3.2920403920010926,302486206.87324995,2252427875.020917,-2048.0,-2.048e-16,False,False,False,False,35185,4.137649419509069e+18,4.519416539282439e+18,1.3429340412084936e+18,1.0000000000000002e+19,-2048.0,0.4137649419509069,0.4519416539282439,0.13429340412084936,-2.048e-16,4439653811.293352,reference_p0,0.41663254110330095,True,True,Q_above_A_supported,interior,0.11302252583269279,0.0968248321520278,0.00588968021709595,0.11375419105058357,0.07507775607983627,0.0254628540970504,0.11070066007050916,0.005487697351193036,0.09943242344413017,0.002211033043406226,0.04691494424753537,0.11948759779188561,0.019599998284005892,0.012737064754031531,0.011650822378108678,0.06618116611257162,0.07556475309333588
mixture_l1,1.0,1e+19,power,131072,fixed_ref,0.8047071577351047,reference_p0,first_question_reference,in,True,True,0.11259523197215576,2.2977564920998907,0.6468837880134354,0.41663254110330095,1.0,1.0,3.5175301707482776,724883422.7482328,4352071263.592047,-2048.0,-2.048e-16,False,False,False,False,35185,1.5522985514610844e+18,6.782095857903576e+18,1.6656055906353416e+18,1.0000000000000002e+19,-2048.0,0.15522985514610843,0.6782095857903576,0.16656055906353415,-2.048e-16,2297756492.0998907,reference_p0,0.41663254110330095,True,True,Q_above_A_supported,interior,0.11302252583269279,0.0968248321520278,0.00588968021709595,0.11375419105058357,0.07507775607983627,0.0254628540970504,0.11070066007050916,0.005487697351193036,0.09943242344413017,0.002211033043406226,0.04691494424753537,0.11948759779188561,0.019599998284005892,0.012737064754031531,0.011650822378108678,0.06618116611257162,0.07556475309333588
mixture_l1,1.0,1e+19,power,131072,mixture,0.8047071577351047,reference_p0,first_question_reference,in,True,True,0.11259523197215576,2.2977564920998907,0.6468837880134354,0.41663254110330095,1.0,1.0,3.5175301707482776,724883422.7482328,4352071263.592047,-2048.0,-2.048e-16,False,False,False,False,35185,1.5522985514610844e+18,6.782095857903576e+18,1.6656055906353416e+18,1.0000000000000002e+19,-2048.0,0.15522985514610843,0.6782095857903576,0.16656055906353415,-2.048e-16,2297756492.0998907,reference_p0,0.41663254110330095,True,True,Q_above_A_supported,interior,0.11302252583269279,0.0968248321520278,0.00588968021709595,0.11375419105058357,0.07507775607983627,0.0254628540970504,0.11070066007050916,0.005487697351193036,0.09943242344413017,0.002211033043406226,0.04691494424753537,0.11948759779188561,0.019599998284005892,0.012737064754031531,0.011650822378108678,0.06618116611257162,0.07556475309333588
mixture_l1,1.0,1e+19,logarithmic,2048,fixed_ref,0.8047071577351047,reference_p0,first_question_reference,in,True,True,0.3854073564678233,2.51144328432725,1.0,0.41663254110330095,1.0,1.0,3.1378169416872645,1511467178.4002495,3981774170.41641,0.0,0.0,False,False,False,True,35185,5.807572302788601e+18,3.9646360253703514e+17,3.795964094674364e+18,1e+19,0.0,0.5807572302788601,0.039646360253703515,0.3795964094674364,0.0,2511443284.32725,reference_p0,0.41663254110330095,True,True,Q_above_A_supported,upper_bound,0.11302252583269279,0.0968248321520278,0.00588968021709595,0.11375419105058357,0.07507775607983627,0.0254628540970504,0.11070066007050916,0.005487697351193036,0.09943242344413017,0.002211033043406226,0.04691494424753537,0.11948759779188561,0.019599998284005892,0.012737064754031531,0.011650822378108678,0.06618116611257162,0.07556475309333588
mixture_l1,1.0,1e+19,logarithmic,2048,mixture,0.8047071577351047,reference_p0,first_question_reference,in,True,True,0.3854073564678233,2.51144328432725,1.0,0.41663254110330095,1.0,1.0,3.1378169416872645,1511467178.4002495,3981774170.41641,0.0,0.0,False,False,False,True,35185,5.807572302788601e+18,3.9646360253703514e+17,3.795964094674364e+18,1e+19,0.0,0.5807572302788601,0.039646360253703515,0.3795964094674364,0.0,2511443284.32725,reference_p0,0.41663254110330095,True,True,Q_above_A_supported,upper_bound,0.11302252583269279,0.0968248321520278,0.00588968021709595,0.11375419105058357,0.07507775607983627,0.0254628540970504,0.11070066007050916,0.005487697351193036,0.09943242344413017,0.002211033043406226,0.04691494424753537,0.11948759779188561,0.019599998284005892,0.012737064754031531,0.011650822378108678,0.06618116611257162,0.07556475309333588
mixture_l1,1.0,1e+19,logarithmic,4096,fixed_ref,0.8047071577351047,reference_p0,first_question_reference,in,True,True,0.3708286954532517,2.4751113823321806,1.0,0.41663254110330095,1.0,1.0,3.148193680538305,1511467178.4002495,4040222218.435064,0.0,0.0,False,False,False,True,35185,5.507053950070423e+18,7.51896432649615e+17,3.741049617279962e+18,1e+19,0.0,0.5507053950070423,0.0751896432649615,0.37410496172799623,0.0,2475111382.3321805,reference_p0,0.41663254110330095,True,True,Q_above_A_supported,upper_bound,0.11302252583269279,0.0968248321520278,0.00588968021709595,0.11375419105058357,0.07507775607983627,0.0254628540970504,0.11070066007050916,0.005487697351193036,0.09943242344413017,0.002211033043406226,0.04691494424753537,0.11948759779188561,0.019599998284005892,0.012737064754031531,0.011650822378108678,0.06618116611257162,0.07556475309333588
mixture_l1,1.0,1e+19,logarithmic,4096,mixture,0.8047071577351047,reference_p0,first_question_reference,in,True,True,0.3708286954532517,2.4751113823321806,1.0,0.41663254110330095,1.0,1.0,3.148193680538305,1511467178.4002495,4040222218.435064,0.0,0.0,False,False,False,True,35185,5.507053950070423e+18,7.51896432649615e+17,3.741049617279962e+18,1e+19,0.0,0.5507053950070423,0.0751896432649615,0.37410496172799623,0.0,2475111382.3321805,reference_p0,0.41663254110330095,True,True,Q_above_A_supported,upper_bound,0.11302252583269279,0.0968248321520278,0.00588968021709595,0.11375419105058357,0.07507775607983627,0.0254628540970504,0.11070066007050916,0.005487697351193036,0.09943242344413017,0.002211033043406226,0.04691494424753537,0.11948759779188561,0.019599998284005892,0.012737064754031531,0.011650822378108678,0.06618116611257162,0.07556475309333588
mixture_l1,1.0,1e+19,logarithmic,8192,fixed_ref,0.8047071577351047,reference_p0,first_question_reference,in,True,True,0.3459287572577628,2.4074287099463434,1.0,0.41663254110330095,1.0,1.0,3.1675507884615346,1511467178.4002495,4153809397.8379445,0.0,0.0,False,False,False,True,35185,4.996792930910386e+18,1.3644575896672627e+18,3.6387494794223524e+18,1e+19,0.0,0.4996792930910386,0.13644575896672628,0.36387494794223524,0.0,2407428709.9463434,reference_p0,0.41663254110330095,True,True,Q_above_A_supported,upper_bound,0.11302252583269279,0.0968248321520278,0.00588968021709595,0.11375419105058357,0.07507775607983627,0.0254628540970504,0.11070066007050916,0.005487697351193036,0.09943242344413017,0.002211033043406226,0.04691494424753537,0.11948759779188561,0.019599998284005892,0.012737064754031531,0.011650822378108678,0.06618116611257162,0.07556475309333588
mixture_l1,1.0,1e+19,logarithmic,8192,mixture,0.8047071577351047,reference_p0,first_question_reference,in,True,True,0.3459287572577628,2.4074287099463434,1.0,0.41663254110330095,1.0,1.0,3.1675507884615346,1511467178.4002495,4153809397.8379445,0.0,0.0,False,False,False,True,35185,4.996792930910386e+18,1.3644575896672627e+18,3.6387494794223524e+18,1e+19,0.0,0.4996792930910386,0.13644575896672628,0.36387494794223524,0.0,2407428709.9463434,reference_p0,0.41663254110330095,True,True,Q_above_A_supported,upper_bound,0.11302252583269279,0.0968248321520278,0.00588968021709595,0.11375419105058357,0.07507775607983627,0.0254628540970504,0.11070066007050916,0.005487697351193036,0.09943242344413017,0.002211033043406226,0.04691494424753537,0.11948759779188561,0.019599998284005892,0.012737064754031531,0.011650822378108678,0.06618116611257162,0.07556475309333588
mixture_l1,1.0,1e+19,logarithmic,32768,fixed_ref,0.8047071577351047,reference_p0,first_question_reference,in,True,True,0.2557957552154107,2.1174665540343502,1.0,0.41663254110330095,1.0,1.0,3.2579055861422845,1511467178.4002495,4722624771.07243,0.0,0.0,False,False,False,True,35185,3.2498337379955395e+18,3.549685064221262e+18,3.200481197783199e+18,1e+19,0.0,0.32498337379955394,0.3549685064221262,0.32004811977831993,0.0,2117466554.0343504,reference_p0,0.41663254110330095,True,True,Q_above_A_supported,upper_bound,0.11302252583269279,0.0968248321520278,0.00588968021709595,0.11375419105058357,0.07507775607983627,0.0254628540970504,0.11070066007050916,0.005487697351193036,0.09943242344413017,0.002211033043406226,0.04691494424753537,0.11948759779188561,0.019599998284005892,0.012737064754031531,0.011650822378108678,0.06618116611257162,0.07556475309333588
mixture_l1,1.0,1e+19,logarithmic,32768,mixture,0.8047071577351047,reference_p0,first_question_reference,in,True,True,0.2557957552154107,2.1174665540343502,1.0,0.41663254110330095,1.0,1.0,3.2579055861422845,1511467178.4002495,4722624771.07243,0.0,0.0,False,False,False,True,35185,3.2498337379955395e+18,3.549685064221262e+18,3.200481197783199e+18,1e+19,0.0,0.32498337379955394,0.3549685064221262,0.32004811977831993,0.0,2117466554.0343504,reference_p0,0.41663254110330095,True,True,Q_above_A_supported,upper_bound,0.11302252583269279,0.0968248321520278,0.00588968021709595,0.11375419105058357,0.07507775607983627,0.0254628540970504,0.11070066007050916,0.005487697351193036,0.09943242344413017,0.002211033043406226,0.04691494424753537,0.11948759779188561,0.019599998284005892,0.012737064754031531,0.011650822378108678,0.06618116611257162,0.07556475309333588
mixture_l1,1.0,1e+19,logarithmic,131072,fixed_ref,0.8047071577351047,reference_p0,first_question_reference,in,True,True,0.1471950933522666,1.5991636262453182,1.0,0.41663254110330095,1.0,1.0,3.4563929533589386,1511467178.4002495,6253268793.687507,0.0,0.0,False,False,False,True,35185,1.4123342355043727e+18,6.170582430534305e+18,2.417083333961322e+18,1e+19,0.0,0.14123342355043728,0.6170582430534305,0.2417083333961322,0.0,1599163626.2453182,reference_p0,0.41663254110330095,True,True,Q_above_A_supported,upper_bound,0.11302252583269279,0.0968248321520278,0.00588968021709595,0.11375419105058357,0.07507775607983627,0.0254628540970504,0.11070066007050916,0.005487697351193036,0.09943242344413017,0.002211033043406226,0.04691494424753537,0.11948759779188561,0.019599998284005892,0.012737064754031531,0.011650822378108678,0.06618116611257162,0.07556475309333588
mixture_l1,1.0,1e+19,logarithmic,131072,mixture,0.8047071577351047,reference_p0,first_question_reference,in,True,True,0.1471950933522666,1.5991636262453182,1.0,0.41663254110330095,1.0,1.0,3.4563929533589386,1511467178.4002495,6253268793.687507,0.0,0.0,False,False,False,True,35185,1.4123342355043727e+18,6.170582430534305e+18,2.417083333961322e+18,1e+19,0.0,0.14123342355043728,0.6170582430534305,0.2417083333961322,0.0,1599163626.2453182,reference_p0,0.41663254110330095,True,True,Q_above_A_supported,upper_bound,0.11302252583269279,0.0968248321520278,0.00588968021709595,0.11375419105058357,0.07507775607983627,0.0254628540970504,0.11070066007050916,0.005487697351193036,0.09943242344413017,0.002211033043406226,0.04691494424753537,0.11948759779188561,0.019599998284005892,0.012737064754031531,0.011650822378108678,0.06618116611257162,0.07556475309333588
mixture_l1,1.0,1e+22,exponential,2048,fixed_ref,0.8047071577351047,reference_p0,first_question_reference,in,True,True,5.6424363238385595,249.51190606869363,1.0,0.41663254110330095,1.0,1.0,2.1509865641797186,3912487936.8349757,40078247798.1106,0.0,0.0,False,False,False,True,35185,8.44713025219315e+21,5.766574252163857e+20,9.762123225904655e+20,1e+22,0.0,0.8447130252193149,0.05766574252163857,0.09762123225904655,0.0,249511906068.69363,reference_p0,0.41663254110330095,True,True,Q_above_A_supported,upper_bound,0.11302252583269279,0.0968248321520278,0.00588968021709595,0.11375419105058357,0.07507775607983627,0.0254628540970504,0.11070066007050916,0.005487697351193036,0.09943242344413017,0.002211033043406226,0.04691494424753537,0.11948759779188561,0.019599998284005892,0.012737064754031531,0.011650822378108678,0.06618116611257162,0.07556475309333588
mixture_l1,1.0,1e+22,exponential,2048,mixture,0.8047071577351047,reference_p0,first_question_reference,in,True,True,5.6424363238385595,249.51190606869363,1.0,0.41663254110330095,1.0,1.0,2.1509865641797186,3912487936.8349757,40078247798.1106,0.0,0.0,False,False,False,True,35185,8.44713025219315e+21,5.766574252163857e+20,9.762123225904655e+20,1e+22,0.0,0.8447130252193149,0.05766574252163857,0.09762123225904655,0.0,249511906068.69363,reference_p0,0.41663254110330095,True,True,Q_above_A_supported,upper_bound,0.11302252583269279,0.0968248321520278,0.00588968021709595,0.11375419105058357,0.07507775607983627,0.0254628540970504,0.11070066007050916,0.005487697351193036,0.09943242344413017,0.002211033043406226,0.04691494424753537,0.11948759779188561,0.019599998284005892,0.012737064754031531,0.011650822378108678,0.06618116611257162,0.07556475309333588
mixture_l1,1.0,1e+22,exponential,4096,fixed_ref,0.8047071577351047,reference_p0,first_question_reference,in,True,True,5.466466194047263,242.78082591016923,1.0,0.41663254110330095,1.0,1.0,2.155148529080297,3912487936.8349757,41189414207.282074,0.0,0.0,False,False,False,True,35185,7.962919064404883e+21,1.0872038829267468e+21,9.498770526683694e+20,1e+22,0.0,0.7962919064404883,0.10872038829267468,0.09498770526683695,0.0,242780825910.16922,reference_p0,0.41663254110330095,True,True,Q_above_A_supported,upper_bound,0.11302252583269279,0.0968248321520278,0.00588968021709595,0.11375419105058357,0.07507775607983627,0.0254628540970504,0.11070066007050916,0.005487697351193036,0.09943242344413017,0.002211033043406226,0.04691494424753537,0.11948759779188561,0.019599998284005892,0.012737064754031531,0.011650822378108678,0.06618116611257162,0.07556475309333588
mixture_l1,1.0,1e+22,exponential,4096,mixture,0.8047071577351047,reference_p0,first_question_reference,in,True,True,5.466466194047263,242.78082591016923,1.0,0.41663254110330095,1.0,1.0,2.155148529080297,3912487936.8349757,41189414207.282074,0.0,0.0,False,False,False,True,35185,7.962919064404883e+21,1.0872038829267468e+21,9.498770526683694e+20,1e+22,0.0,0.7962919064404883,0.10872038829267468,0.09498770526683695,0.0,242780825910.16922,reference_p0,0.41663254110330095,True,True,Q_above_A_supported,upper_bound,0.11302252583269279,0.0968248321520278,0.00588968021709595,0.11375419105058357,0.07507775607983627,0.0254628540970504,0.11070066007050916,0.005487697351193036,0.09943242344413017,0.002211033043406226,0.04691494424753537,0.11948759779188561,0.019599998284005892,0.012737064754031531,0.011650822378108678,0.06618116611257162,0.07556475309333588
mixture_l1,1.0,1e+22,exponential,8192,fixed_ref,0.8047071577351047,reference_p0,first_question_reference,in,True,True,5.163688077570455,230.65495215991172,1.0,0.41663254110330095,1.0,1.0,2.1628865766765566,3912487936.8349757,43354802948.54913,0.0,0.0,False,False,False,True,35185,7.146181359004317e+21,1.9513839230987794e+21,9.02434717896903e+20,1e+22,0.0,0.7146181359004318,0.19513839230987795,0.09024347178969029,0.0,230654952159.9117,reference_p0,0.41663254110330095,True,True,Q_above_A_supported,upper_bound,0.11302252583269279,0.0968248321520278,0.00588968021709595,0.11375419105058357,0.07507775607983627,0.0254628540970504,0.11070066007050916,0.005487697351193036,0.09943242344413017,0.002211033043406226,0.04691494424753537,0.11948759779188561,0.019599998284005892,0.012737064754031531,0.011650822378108678,0.06618116611257162,0.07556475309333588
mixture_l1,1.0,1e+22,exponential,8192,mixture,0.8047071577351047,reference_p0,first_question_reference,in,True,True,5.163688077570455,230.65495215991172,1.0,0.41663254110330095,1.0,1.0,2.1628865766765566,3912487936.8349757,43354802948.54913,0.0,0.0,False,False,False,True,35185,7.146181359004317e+21,1.9513839230987794e+21,9.02434717896903e+20,1e+22,0.0,0.7146181359004318,0.19513839230987795,0.09024347178969029,0.0,230654952159.9117,reference_p0,0.41663254110330095,True,True,Q_above_A_supported,upper_bound,0.11302252583269279,0.0968248321520278,0.00588968021709595,0.11375419105058357,0.07507775607983627,0.0254628540970504,0.11070066007050916,0.005487697351193036,0.09943242344413017,0.002211033043406226,0.04691494424753537,0.11948759779188561,0.019599998284005892,0.012737064754031531,0.011650822378108678,0.06618116611257162,0.07556475309333588
mixture_l1,1.0,1e+22,exponential,32768,fixed_ref,0.8047071577351047,reference_p0,first_question_reference,in,True,True,4.030262497227182,183.46337723800943,1.0,0.41663254110330095,1.0,1.0,2.198591790044161,3912487936.8349757,54506791222.02612,0.0,0.0,False,False,False,True,35185,4.4364334133819547e+21,4.845768336323329e+21,7.177982502947164e+20,1e+22,0.0,0.4436433413381955,0.4845768336323329,0.07177982502947164,0.0,183463377238.00943,reference_p0,0.41663254110330095,True,True,Q_above_A_supported,upper_bound,0.11302252583269279,0.0968248321520278,0.00588968021709595,0.11375419105058357,0.07507775607983627,0.0254628540970504,0.11070066007050916,0.005487697351193036,0.09943242344413017,0.002211033043406226,0.04691494424753537,0.11948759779188561,0.019599998284005892,0.012737064754031531,0.011650822378108678,0.06618116611257162,0.07556475309333588
mixture_l1,1.0,1e+22,exponential,32768,mixture,0.8047071577351047,reference_p0,first_question_reference,in,True,True,4.030262497227182,183.46337723800943,1.0,0.41663254110330095,1.0,1.0,2.198591790044161,3912487936.8349757,54506791222.02612,0.0,0.0,False,False,False,True,35185,4.4364334133819547e+21,4.845768336323329e+21,7.177982502947164e+20,1e+22,0.0,0.4436433413381955,0.4845768336323329,0.07177982502947164,0.0,183463377238.00943,reference_p0,0.41663254110330095,True,True,Q_above_A_supported,upper_bound,0.11302252583269279,0.0968248321520278,0.00588968021709595,0.11375419105058357,0.07507775607983627,0.0254628540970504,0.11070066007050916,0.005487697351193036,0.09943242344413017,0.002211033043406226,0.04691494424753537,0.11948759779188561,0.019599998284005892,0.012737064754031531,0.011650822378108678,0.06618116611257162,0.07556475309333588
mixture_l1,1.0,1e+22,exponential,131072,fixed_ref,0.8047071577351047,reference_p0,first_question_reference,in,True,True,2.549177050509118,116.23487738497646,1.0,0.41663254110330095,1.0,1.0,2.2750259140022036,3912487936.8349757,86032697112.7559,-2097152.0,-2.097152e-16,False,False,False,True,35185,1.7778196913911397e+21,7.767412753000649e+21,4.547675556082129e+20,1.0000000000000002e+22,-2097152.0,0.17778196913911398,0.7767412753000649,0.04547675556082129,-2.097152e-16,116234877384.97646,reference_p0,0.41663254110330095,True,True,Q_above_A_supported,upper_bound,0.11302252583269279,0.0968248321520278,0.00588968021709595,0.11375419105058357,0.07507775607983627,0.0254628540970504,0.11070066007050916,0.005487697351193036,0.09943242344413017,0.002211033043406226,0.04691494424753537,0.11948759779188561,0.019599998284005892,0.012737064754031531,0.011650822378108678,0.06618116611257162,0.07556475309333588
mixture_l1,1.0,1e+22,exponential,131072,mixture,0.8047071577351047,reference_p0,first_question_reference,in,True,True,2.549177050509118,116.23487738497646,1.0,0.41663254110330095,1.0,1.0,2.2750259140022036,3912487936.8349757,86032697112.7559,-2097152.0,-2.097152e-16,False,False,False,True,35185,1.7778196913911397e+21,7.767412753000649e+21,4.547675556082129e+20,1.0000000000000002e+22,-2097152.0,0.17778196913911398,0.7767412753000649,0.04547675556082129,-2.097152e-16,116234877384.97646,reference_p0,0.41663254110330095,True,True,Q_above_A_supported,upper_bound,0.11302252583269279,0.0968248321520278,0.00588968021709595,0.11375419105058357,0.07507775607983627,0.0254628540970504,0.11070066007050916,0.005487697351193036,0.09943242344413017,0.002211033043406226,0.04691494424753537,0.11948759779188561,0.019599998284005892,0.012737064754031531,0.011650822378108678,0.06618116611257162,0.07556475309333588
mixture_l1,1.0,1e+22,power,2048,fixed_ref,0.8047071577351047,reference_p0,first_question_reference,in,True,True,5.777057187393709,238.78902810778465,1.0,0.41663254110330095,1.0,1.0,2.15269061051389,4849345275.903549,41877971024.22226,0.0,0.0,False,False,False,True,35185,8.276987226605012e+21,5.650423280029022e+20,1.1579704453920853e+21,1e+22,0.0,0.8276987226605013,0.056504232800290224,0.11579704453920853,0.0,238789028107.78464,reference_p0,0.41663254110330095,True,True,Q_above_A_supported,upper_bound,0.11302252583269279,0.0968248321520278,0.00588968021709595,0.11375419105058357,0.07507775607983627,0.0254628540970504,0.11070066007050916,0.005487697351193036,0.09943242344413017,0.002211033043406226,0.04691494424753537,0.11948759779188561,0.019599998284005892,0.012737064754031531,0.011650822378108678,0.06618116611257162,0.07556475309333588
mixture_l1,1.0,1e+22,power,2048,mixture,0.8047071577351047,reference_p0,first_question_reference,in,True,True,5.777057187393709,238.78902810778465,1.0,0.41663254110330095,1.0,1.0,2.15269061051389,4849345275.903549,41877971024.22226,0.0,0.0,False,False,False,True,35185,8.276987226605012e+21,5.650423280029022e+20,1.1579704453920853e+21,1e+22,0.0,0.8276987226605013,0.056504232800290224,0.11579704453920853,0.0,238789028107.78464,reference_p0,0.41663254110330095,True,True,Q_above_A_supported,upper_bound,0.11302252583269279,0.0968248321520278,0.00588968021709595,0.11375419105058357,0.07507775607983627,0.0254628540970504,0.11070066007050916,0.005487697351193036,0.09943242344413017,0.002211033043406226,0.04691494424753537,0.11948759779188561,0.019599998284005892,0.012737064754031531,0.011650822378108678,0.06618116611257162,0.07556475309333588
mixture_l1,1.0,1e+22,power,4096,fixed_ref,0.8047071577351047,reference_p0,first_question_reference,in,True,True,5.595514171565783,232.52420444069142,1.0,0.41663254110330095,1.0,1.0,2.156819664290905,4849345275.903549,43006275514.644936,0.0,0.0,False,False,False,True,35185,7.806554887079688e+21,1.0658549605826135e+21,1.1275901523376979e+21,1e+22,0.0,0.7806554887079689,0.10658549605826136,0.1127590152337698,0.0,232524204440.6914,reference_p0,0.41663254110330095,True,True,Q_above_A_supported,upper_bound,0.11302252583269279,0.0968248321520278,0.00588968021709595,0.11375419105058357,0.07507775607983627,0.0254628540970504,0.11070066007050916,0.005487697351193036,0.09943242344413017,0.002211033043406226,0.04691494424753537,0.11948759779188561,0.019599998284005892,0.012737064754031531,0.011650822378108678,0.06618116611257162,0.07556475309333588
mixture_l1,1.0,1e+22,power,4096,mixture,0.8047071577351047,reference_p0,first_question_reference,in,True,True,5.595514171565783,232.52420444069142,1.0,0.41663254110330095,1.0,1.0,2.156819664290905,4849345275.903549,43006275514.644936,0.0,0.0,False,False,False,True,35185,7.806554887079688e+21,1.0658549605826135e+21,1.1275901523376979e+21,1e+22,0.0,0.7806554887079689,0.10658549605826136,0.1127590152337698,0.0,232524204440.6914,reference_p0,0.41663254110330095,True,True,Q_above_A_supported,upper_bound,0.11302252583269279,0.0968248321520278,0.00588968021709595,0.11375419105058357,0.07507775607983627,0.0254628540970504,0.11070066007050916,0.005487697351193036,0.09943242344413017,0.002211033043406226,0.04691494424753537,0.11948759779188561,0.019599998284005892,0.012737064754031531,0.011650822378108678,0.06618116611257162,0.07556475309333588
mixture_l1,1.0,1e+22,power,8192,fixed_ref,0.8047071577351047,reference_p0,first_question_reference,in,True,True,5.279101352242082,221.3700310107812,1.0,0.41663254110330095,1.0,1.0,2.16449858381103,4849345275.903549,45173233044.86947,0.0,0.0,False,False,False,True,35185,7.01180898032932e+21,1.9146913055619264e+21,1.073499714108754e+21,1e+22,0.0,0.701180898032932,0.19146913055619263,0.10734997141087539,0.0,221370031010.7812,reference_p0,0.41663254110330095,True,True,Q_above_A_supported,upper_bound,0.11302252583269279,0.0968248321520278,0.00588968021709595,0.11375419105058357,0.07507775607983627,0.0254628540970504,0.11070066007050916,0.005487697351193036,0.09943242344413017,0.002211033043406226,0.04691494424753537,0.11948759779188561,0.019599998284005892,0.012737064754031531,0.011650822378108678,0.06618116611257162,0.07556475309333588
mixture_l1,1.0,1e+22,power,8192,mixture,0.8047071577351047,reference_p0,first_question_reference,in,True,True,5.279101352242082,221.3700310107812,1.0,0.41663254110330095,1.0,1.0,2.16449858381103,4849345275.903549,45173233044.86947,0.0,0.0,False,False,False,True,35185,7.01180898032932e+21,1.9146913055619264e+21,1.073499714108754e+21,1e+22,0.0,0.701180898032932,0.19146913055619263,0.10734997141087539,0.0,221370031010.7812,reference_p0,0.41663254110330095,True,True,Q_above_A_supported,upper_bound,0.11302252583269279,0.0968248321520278,0.00588968021709595,0.11375419105058357,0.07507775607983627,0.0254628540970504,0.11070066007050916,0.005487697351193036,0.09943242344413017,0.002211033043406226,0.04691494424753537,0.11948759779188561,0.019599998284005892,0.012737064754031531,0.011650822378108678,0.06618116611257162,0.07556475309333588
mixture_l1,1.0,1e+22,power,32768,fixed_ref,0.8047071577351047,reference_p0,first_question_reference,in,True,True,4.1041825229933595,177.394256137393,1.0,0.41663254110330095,1.0,1.0,2.19996248004066,4849345275.903549,56371610996.552986,0.0,0.0,False,False,False,True,35185,4.368350434310975e+21,4.771403567716734e+21,8.602459979722909e+20,1e+22,0.0,0.4368350434310975,0.47714035677167344,0.0860245997972291,0.0,177394256137.393,reference_p0,0.41663254110330095,True,True,Q_above_A_supported,upper_bound,0.11302252583269279,0.0968248321520278,0.00588968021709595,0.11375419105058357,0.07507775607983627,0.0254628540970504,0.11070066007050916,0.005487697351193036,0.09943242344413017,0.002211033043406226,0.04691494424753537,0.11948759779188561,0.019599998284005892,0.012737064754031531,0.011650822378108678,0.06618116611257162,0.07556475309333588
mixture_l1,1.0,1e+22,power,32768,mixture,0.8047071577351047,reference_p0,first_question_reference,in,True,True,4.1041825229933595,177.394256137393,1.0,0.41663254110330095,1.0,1.0,2.19996248004066,4849345275.903549,56371610996.552986,0.0,0.0,False,False,False,True,35185,4.368350434310975e+21,4.771403567716734e+21,8.602459979722909e+20,1e+22,0.0,0.4368350434310975,0.47714035677167344,0.0860245997972291,0.0,177394256137.393,reference_p0,0.41663254110330095,True,True,Q_above_A_supported,upper_bound,0.11302252583269279,0.0968248321520278,0.00588968021709595,0.11375419105058357,0.07507775607983627,0.0254628540970504,0.11070066007050916,0.005487697351193036,0.09943242344413017,0.002211033043406226,0.04691494424753537,0.11948759779188561,0.019599998284005892,0.012737064754031531,0.011650822378108678,0.06618116611257162,0.07556475309333588
mixture_l1,1.0,1e+22,power,131072,fixed_ref,0.8047071577351047,reference_p0,first_question_reference,in,True,True,2.5794077478089608,113.70947595187835,1.0,0.41663254110330095,1.0,1.0,2.2760167243969756,4849345275.903549,87943418226.92053,-2097152.0,-2.097152e-16,False,False,False,True,35185,1.7598186196174302e+21,7.688764870349862e+21,5.514165100327095e+20,1.0000000000000002e+22,-2097152.0,0.175981861961743,0.7688764870349862,0.055141651003270946,-2.097152e-16,113709475951.87834,reference_p0,0.41663254110330095,True,True,Q_above_A_supported,upper_bound,0.11302252583269279,0.0968248321520278,0.00588968021709595,0.11375419105058357,0.07507775607983627,0.0254628540970504,0.11070066007050916,0.005487697351193036,0.09943242344413017,0.002211033043406226,0.04691494424753537,0.11948759779188561,0.019599998284005892,0.012737064754031531,0.011650822378108678,0.06618116611257162,0.07556475309333588
mixture_l1,1.0,1e+22,power,131072,mixture,0.8047071577351047,reference_p0,first_question_reference,in,True,True,2.5794077478089608,113.70947595187835,1.0,0.41663254110330095,1.0,1.0,2.2760167243969756,4849345275.903549,87943418226.92053,-2097152.0,-2.097152e-16,False,False,False,True,35185,1.7598186196174302e+21,7.688764870349862e+21,5.514165100327095e+20,1.0000000000000002e+22,-2097152.0,0.175981861961743,0.7688764870349862,0.055141651003270946,-2.097152e-16,113709475951.87834,reference_p0,0.41663254110330095,True,True,Q_above_A_supported,upper_bound,0.11302252583269279,0.0968248321520278,0.00588968021709595,0.11375419105058357,0.07507775607983627,0.0254628540970504,0.11070066007050916,0.005487697351193036,0.09943242344413017,0.002211033043406226,0.04691494424753537,0.11948759779188561,0.019599998284005892,0.012737064754031531,0.011650822378108678,0.06618116611257162,0.07556475309333588
mixture_l1,1.0,1e+22,logarithmic,2048,fixed_ref,0.8047071577351047,reference_p0,first_question_reference,in,True,True,5.268738774482015,283.4308435276214,1.0,0.41663254110330095,1.0,1.0,2.1463457390253806,1511467178.4002495,35281975227.320175,0.0,0.0,False,False,False,True,35185,8.959938451068744e+21,6.116651315929595e+20,4.283964173382965e+20,1e+22,0.0,0.8959938451068744,0.06116651315929595,0.04283964173382965,0.0,283430843527.6214,reference_p0,0.41663254110330095,True,True,Q_above_A_supported,upper_bound,0.11302252583269279,0.0968248321520278,0.00588968021709595,0.11375419105058357,0.07507775607983627,0.0254628540970504,0.11070066007050916,0.005487697351193036,0.09943242344413017,0.002211033043406226,0.04691494424753537,0.11948759779188561,0.019599998284005892,0.012737064754031531,0.011650822378108678,0.06618116611257162,0.07556475309333588
mixture_l1,1.0,1e+22,logarithmic,2048,mixture,0.8047071577351047,reference_p0,first_question_reference,in,True,True,5.268738774482015,283.4308435276214,1.0,0.41663254110330095,1.0,1.0,2.1463457390253806,1511467178.4002495,35281975227.320175,0.0,0.0,False,False,False,True,35185,8.959938451068744e+21,6.116651315929595e+20,4.283964173382965e+20,1e+22,0.0,0.8959938451068744,0.06116651315929595,0.04283964173382965,0.0,283430843527.6214,reference_p0,0.41663254110330095,True,True,Q_above_A_supported,upper_bound,0.11302252583269279,0.0968248321520278,0.00588968021709595,0.11375419105058357,0.07507775607983627,0.0254628540970504,0.11070066007050916,0.005487697351193036,0.09943242344413017,0.002211033043406226,0.04691494424753537,0.11948759779188561,0.019599998284005892,0.012737064754031531,0.011650822378108678,0.06618116611257162,0.07556475309333588
mixture_l1,1.0,1e+22,logarithmic,4096,fixed_ref,0.8047071577351047,reference_p0,first_question_reference,in,True,True,5.1157188286534,274.75111178577185,1.0,0.41663254110330095,1.0,1.0,2.150604408716601,1511467178.4002495,36396577014.753525,2097152.0,2.097152e-16,False,False,False,True,35185,8.43329661453557e+21,1.1514260977712563e+21,4.152772876931721e+20,9.999999999999998e+21,2097152.0,0.843329661453557,0.11514260977712563,0.04152772876931721,2.097152e-16,274751111785.77185,reference_p0,0.41663254110330095,True,True,Q_above_A_supported,upper_bound,0.11302252583269279,0.0968248321520278,0.00588968021709595,0.11375419105058357,0.07507775607983627,0.0254628540970504,0.11070066007050916,0.005487697351193036,0.09943242344413017,0.002211033043406226,0.04691494424753537,0.11948759779188561,0.019599998284005892,0.012737064754031531,0.011650822378108678,0.06618116611257162,0.07556475309333588
mixture_l1,1.0,1e+22,logarithmic,4096,mixture,0.8047071577351047,reference_p0,first_question_reference,in,True,True,5.1157188286534,274.75111178577185,1.0,0.41663254110330095,1.0,1.0,2.150604408716601,1511467178.4002495,36396577014.753525,2097152.0,2.097152e-16,False,False,False,True,35185,8.43329661453557e+21,1.1514260977712563e+21,4.152772876931721e+20,9.999999999999998e+21,2097152.0,0.843329661453557,0.11514260977712563,0.04152772876931721,2.097152e-16,274751111785.77185,reference_p0,0.41663254110330095,True,True,Q_above_A_supported,upper_bound,0.11302252583269279,0.0968248321520278,0.00588968021709595,0.11375419105058357,0.07507775607983627,0.0254628540970504,0.11070066007050916,0.005487697351193036,0.09943242344413017,0.002211033043406226,0.04691494424753537,0.11948759779188561,0.019599998284005892,0.012737064754031531,0.011650822378108678,0.06618116611257162,0.07556475309333588
mixture_l1,1.0,1e+22,logarithmic,8192,fixed_ref,0.8047071577351047,reference_p0,first_question_reference,in,True,True,4.845441262588582,259.5859529594611,1.0,0.41663254110330095,1.0,1.0,2.1585153775285373,1511467178.4002495,38522885718.55687,0.0,0.0,False,False,False,True,35185,7.546850925948908e+21,2.0607934261791157e+21,3.923556478719766e+20,1e+22,0.0,0.7546850925948908,0.20607934261791158,0.03923556478719766,0.0,259585952959.46112,reference_p0,0.41663254110330095,True,True,Q_above_A_supported,upper_bound,0.11302252583269279,0.0968248321520278,0.00588968021709595,0.11375419105058357,0.07507775607983627,0.0254628540970504,0.11070066007050916,0.005487697351193036,0.09943242344413017,0.002211033043406226,0.04691494424753537,0.11948759779188561,0.019599998284005892,0.012737064754031531,0.011650822378108678,0.06618116611257162,0.07556475309333588
mixture_l1,1.0,1e+22,logarithmic,8192,mixture,0.8047071577351047,reference_p0,first_question_reference,in,True,True,4.845441262588582,259.5859529594611,1.0,0.41663254110330095,1.0,1.0,2.1585153775285373,1511467178.4002495,38522885718.55687,0.0,0.0,False,False,False,True,35185,7.546850925948908e+21,2.0607934261791157e+21,3.923556478719766e+20,1e+22,0.0,0.7546850925948908,0.20607934261791158,0.03923556478719766,0.0,259585952959.46112,reference_p0,0.41663254110330095,True,True,Q_above_A_supported,upper_bound,0.11302252583269279,0.0968248321520278,0.00588968021709595,0.11375419105058357,0.07507775607983627,0.0254628540970504,0.11070066007050916,0.005487697351193036,0.09943242344413017,0.002211033043406226,0.04691494424753537,0.11948759779188561,0.019599998284005892,0.012737064754031531,0.011650822378108678,0.06618116611257162,0.07556475309333588
mixture_l1,1.0,1e+22,logarithmic,32768,fixed_ref,0.8047071577351047,reference_p0,first_question_reference,in,True,True,3.831422100345774,201.5738578115588,1.0,0.41663254110330095,1.0,1.0,2.194915683808947,1511467178.4002495,49609607657.30095,-2097152.0,-2.097152e-16,False,False,False,True,35185,4.633887202026978e+21,5.061440527867334e+21,3.0467227010568985e+20,1.0000000000000002e+22,-2097152.0,0.4633887202026978,0.5061440527867334,0.030467227010568986,-2.097152e-16,201573857811.5588,reference_p0,0.41663254110330095,True,True,Q_above_A_supported,upper_bound,0.11302252583269279,0.0968248321520278,0.00588968021709595,0.11375419105058357,0.07507775607983627,0.0254628540970504,0.11070066007050916,0.005487697351193036,0.09943242344413017,0.002211033043406226,0.04691494424753537,0.11948759779188561,0.019599998284005892,0.012737064754031531,0.011650822378108678,0.06618116611257162,0.07556475309333588
mixture_l1,1.0,1e+22,logarithmic,32768,mixture,0.8047071577351047,reference_p0,first_question_reference,in,True,True,3.831422100345774,201.5738578115588,1.0,0.41663254110330095,1.0,1.0,2.194915683808947,1511467178.4002495,49609607657.30095,-2097152.0,-2.097152e-16,False,False,False,True,35185,4.633887202026978e+21,5.061440527867334e+21,3.0467227010568985e+20,1.0000000000000002e+22,-2097152.0,0.4633887202026978,0.5061440527867334,0.030467227010568986,-2.097152e-16,201573857811.5588,reference_p0,0.41663254110330095,True,True,Q_above_A_supported,upper_bound,0.11302252583269279,0.0968248321520278,0.00588968021709595,0.11375419105058357,0.07507775607983627,0.0254628540970504,0.11070066007050916,0.005487697351193036,0.09943242344413017,0.002211033043406226,0.04691494424753537,0.11948759779188561,0.019599998284005892,0.012737064754031531,0.011650822378108678,0.06618116611257162,0.07556475309333588
mixture_l1,1.0,1e+22,logarithmic,131072,fixed_ref,0.8047071577351047,reference_p0,first_question_reference,in,True,True,2.46906960572935,123.37901095124617,1.0,0.41663254110330095,1.0,1.0,2.272411180898094,1511467178.4002495,81051063085.20782,0.0,0.0,False,False,False,True,35185,1.8277881955480235e+21,7.985728478895684e+21,1.8648332555629353e+20,1e+22,0.0,0.18277881955480235,0.7985728478895684,0.01864833255562935,0.0,123379010951.24617,reference_p0,0.41663254110330095,True,True,Q_above_A_supported,upper_bound,0.11302252583269279,0.0968248321520278,0.00588968021709595,0.11375419105058357,0.07507775607983627,0.0254628540970504,0.11070066007050916,0.005487697351193036,0.09943242344413017,0.002211033043406226,0.04691494424753537,0.11948759779188561,0.019599998284005892,0.012737064754031531,0.011650822378108678,0.06618116611257162,0.07556475309333588
mixture_l1,1.0,1e+22,logarithmic,131072,mixture,0.8047071577351047,reference_p0,first_question_reference,in,True,True,2.46906960572935,123.37901095124617,1.0,0.41663254110330095,1.0,1.0,2.272411180898094,1511467178.4002495,81051063085.20782,0.0,0.0,False,False,False,True,35185,1.8277881955480235e+21,7.985728478895684e+21,1.8648332555629353e+20,1e+22,0.0,0.18277881955480235,0.7985728478895684,0.01864833255562935,0.0,123379010951.24617,reference_p0,0.41663254110330095,True,True,Q_above_A_supported,upper_bound,0.11302252583269279,0.0968248321520278,0.00588968021709595,0.11375419105058357,0.07507775607983627,0.0254628540970504,0.11070066007050916,0.005487697351193036,0.09943242344413017,0.002211033043406226,0.04691494424753537,0.11948759779188561,0.019599998284005892,0.012737064754031531,0.011650822378108678,0.06618116611257162,0.07556475309333588
mixture_l1,1.0,1e+24,exponential,2048,fixed_ref,0.8047071577351047,reference_p0,first_question_reference,in,True,True,40.74052926455529,3772.9729107897265,1.0,0.41663254110330095,1.0,1.0,1.913903619152281,3912487936.8349757,265042984310.92856,0.0,0.0,False,False,False,True,35185,9.222774797184193e+23,6.2960809282110765e+22,1.476171099946995e+22,1e+24,0.0,0.9222774797184193,0.06296080928211077,0.01476171099946995,0.0,3772972910789.7266,reference_p0,0.41663254110330095,False,False,N_above_support;D_above_support;Q_above_A_supported,upper_bound,0.11302252583269279,0.0968248321520278,0.00588968021709595,0.11375419105058357,0.07507775607983627,0.0254628540970504,0.11070066007050916,0.005487697351193036,0.09943242344413017,0.002211033043406226,0.04691494424753537,0.11948759779188561,0.019599998284005892,0.012737064754031531,0.011650822378108678,0.06618116611257162,0.07556475309333588
mixture_l1,1.0,1e+24,exponential,2048,mixture,0.8047071577351047,reference_p0,first_question_reference,in,True,True,40.74052926455529,3772.9729107897265,1.0,0.41663254110330095,1.0,1.0,1.913903619152281,3912487936.8349757,265042984310.92856,0.0,0.0,False,False,False,True,35185,9.222774797184193e+23,6.2960809282110765e+22,1.476171099946995e+22,1e+24,0.0,0.9222774797184193,0.06296080928211077,0.01476171099946995,0.0,3772972910789.7266,reference_p0,0.41663254110330095,False,False,N_above_support;D_above_support;Q_above_A_supported,upper_bound,0.11302252583269279,0.0968248321520278,0.00588968021709595,0.11375419105058357,0.07507775607983627,0.0254628540970504,0.11070066007050916,0.005487697351193036,0.09943242344413017,0.002211033043406226,0.04691494424753537,0.11948759779188561,0.019599998284005892,0.012737064754031531,0.011650822378108678,0.06618116611257162,0.07556475309333588
mixture_l1,1.0,1e+24,exponential,4096,fixed_ref,0.8047071577351047,reference_p0,first_question_reference,in,True,True,39.59618396534492,3650.610500495647,1.0,0.41663254110330095,1.0,1.0,1.9160275710896768,3912487936.8349757,273926785633.31503,0.0,0.0,False,False,False,True,35185,8.673014697806731e+23,1.1841556067405458e+23,1.4282969545272312e+22,1e+24,0.0,0.8673014697806731,0.11841556067405458,0.014282969545272313,0.0,3650610500495.647,reference_p0,0.41663254110330095,False,False,N_above_support;D_above_support;Q_above_A_supported,upper_bound,0.11302252583269279,0.0968248321520278,0.00588968021709595,0.11375419105058357,0.07507775607983627,0.0254628540970504,0.11070066007050916,0.005487697351193036,0.09943242344413017,0.002211033043406226,0.04691494424753537,0.11948759779188561,0.019599998284005892,0.012737064754031531,0.011650822378108678,0.06618116611257162,0.07556475309333588
mixture_l1,1.0,1e+24,exponential,4096,mixture,0.8047071577351047,reference_p0,first_question_reference,in,True,True,39.59618396534492,3650.610500495647,1.0,0.41663254110330095,1.0,1.0,1.9160275710896768,3912487936.8349757,273926785633.31503,0.0,0.0,False,False,False,True,35185,8.673014697806731e+23,1.1841556067405458e+23,1.4282969545272312e+22,1e+24,0.0,0.8673014697806731,0.11841556067405458,0.014282969545272313,0.0,3650610500495.647,reference_p0,0.41663254110330095,False,False,N_above_support;D_above_support;Q_above_A_supported,upper_bound,0.11302252583269279,0.0968248321520278,0.00588968021709595,0.11375419105058357,0.07507775607983627,0.0254628540970504,0.11070066007050916,0.005487697351193036,0.09943242344413017,0.002211033043406226,0.04691494424753537,0.11948759779188561,0.019599998284005892,0.012737064754031531,0.011650822378108678,0.06618116611257162,0.07556475309333588
mixture_l1,1.0,1e+24,exponential,8192,fixed_ref,0.8047071577351047,reference_p0,first_question_reference,in,True,True,37.59643507049264,3435.374283393157,1.0,0.41663254110330095,1.0,1.0,1.9199711532667088,3912487936.8349757,291089097579.2859,-268435456.0,-2.6843545600000003e-16,False,False,False,True,35185,7.74946957130586e+23,2.1161218242712537e+23,1.3440860442288825e+22,1.0000000000000003e+24,-268435456.0,0.774946957130586,0.21161218242712537,0.013440860442288824,-2.6843545600000003e-16,3435374283393.1567,reference_p0,0.41663254110330095,False,False,N_above_support;D_above_support;Q_above_A_supported,upper_bound,0.11302252583269279,0.0968248321520278,0.00588968021709595,0.11375419105058357,0.07507775607983627,0.0254628540970504,0.11070066007050916,0.005487697351193036,0.09943242344413017,0.002211033043406226,0.04691494424753537,0.11948759779188561,0.019599998284005892,0.012737064754031531,0.011650822378108678,0.06618116611257162,0.07556475309333588
mixture_l1,1.0,1e+24,exponential,8192,mixture,0.8047071577351047,reference_p0,first_question_reference,in,True,True,37.59643507049264,3435.374283393157,1.0,0.41663254110330095,1.0,1.0,1.9199711532667088,3912487936.8349757,291089097579.2859,-268435456.0,-2.6843545600000003e-16,False,False,False,True,35185,7.74946957130586e+23,2.1161218242712537e+23,1.3440860442288825e+22,1.0000000000000003e+24,-268435456.0,0.774946957130586,0.21161218242712537,0.013440860442288824,-2.6843545600000003e-16,3435374283393.1567,reference_p0,0.41663254110330095,False,False,N_above_support;D_above_support;Q_above_A_supported,upper_bound,0.11302252583269279,0.0968248321520278,0.00588968021709595,0.11375419105058357,0.07507775607983627,0.0254628540970504,0.11070066007050916,0.005487697351193036,0.09943242344413017,0.002211033043406226,0.04691494424753537,0.11948759779188561,0.019599998284005892,0.012737064754031531,0.011650822378108678,0.06618116611257162,0.07556475309333588
mixture_l1,1.0,1e+24,exponential,32768,fixed_ref,0.8047071577351047,reference_p0,first_question_reference,in,True,True,29.918971954932235,2635.023239845255,1.0,0.41663254110330095,1.0,1.0,1.9380887958974857,3912487936.8349757,379503294270.2723,0.0,0.0,False,False,False,True,35185,4.7302311848114916e+23,5.166673848796765e+23,1.0309496639174375e+22,1e+24,0.0,0.4730231184811492,0.5166673848796766,0.010309496639174374,0.0,2635023239845.255,reference_p0,0.41663254110330095,False,False,N_above_support;D_above_support;Q_above_A_supported,upper_bound,0.11302252583269279,0.0968248321520278,0.00588968021709595,0.11375419105058357,0.07507775607983627,0.0254628540970504,0.11070066007050916,0.005487697351193036,0.09943242344413017,0.002211033043406226,0.04691494424753537,0.11948759779188561,0.019599998284005892,0.012737064754031531,0.011650822378108678,0.06618116611257162,0.07556475309333588
mixture_l1,1.0,1e+24,exponential,32768,mixture,0.8047071577351047,reference_p0,first_question_reference,in,True,True,29.918971954932235,2635.023239845255,1.0,0.41663254110330095,1.0,1.0,1.9380887958974857,3912487936.8349757,379503294270.2723,0.0,0.0,False,False,False,True,35185,4.7302311848114916e+23,5.166673848796765e+23,1.0309496639174375e+22,1e+24,0.0,0.4730231184811492,0.5166673848796766,0.010309496639174374,0.0,2635023239845.255,reference_p0,0.41663254110330095,False,False,N_above_support;D_above_support;Q_above_A_supported,upper_bound,0.11302252583269279,0.0968248321520278,0.00588968021709595,0.11375419105058357,0.07507775607983627,0.0254628540970504,0.11070066007050916,0.005487697351193036,0.09943242344413017,0.002211033043406226,0.04691494424753537,0.11948759779188561,0.019599998284005892,0.012737064754031531,0.011650822378108678,0.06618116611257162,0.07556475309333588
mixture_l1,1.0,1e+24,exponential,131072,fixed_ref,0.8047071577351047,reference_p0,first_question_reference,in,True,True,19.461366584855774,1585.1660524813324,1.0,0.41663254110330095,1.0,1.0,1.9765514600318008,3912487936.8349757,630848735648.0128,0.0,0.0,False,False,False,True,35185,1.8509698587124762e+23,8.087010710705389e+23,6.20194305821353e+21,1e+24,0.0,0.18509698587124762,0.8087010710705389,0.00620194305821353,0.0,1585166052481.3323,reference_p0,0.41663254110330095,False,False,N_above_support;D_above_support;Q_above_A_supported,upper_bound,0.11302252583269279,0.0968248321520278,0.00588968021709595,0.11375419105058357,0.07507775607983627,0.0254628540970504,0.11070066007050916,0.005487697351193036,0.09943242344413017,0.002211033043406226,0.04691494424753537,0.11948759779188561,0.019599998284005892,0.012737064754031531,0.011650822378108678,0.06618116611257162,0.07556475309333588
mixture_l1,1.0,1e+24,exponential,131072,mixture,0.8047071577351047,reference_p0,first_question_reference,in,True,True,19.461366584855774,1585.1660524813324,1.0,0.41663254110330095,1.0,1.0,1.9765514600318008,3912487936.8349757,630848735648.0128,0.0,0.0,False,False,False,True,35185,1.8509698587124762e+23,8.087010710705389e+23,6.20194305821353e+21,1e+24,0.0,0.18509698587124762,0.8087010710705389,0.00620194305821353,0.0,1585166052481.3323,reference_p0,0.41663254110330095,False,False,N_above_support;D_above_support;Q_above_A_supported,upper_bound,0.11302252583269279,0.0968248321520278,0.00588968021709595,0.11375419105058357,0.07507775607983627,0.0254628540970504,0.11070066007050916,0.005487697351193036,0.09943242344413017,0.002211033043406226,0.04691494424753537,0.11948759779188561,0.019599998284005892,0.012737064754031531,0.011650822378108678,0.06618116611257162,0.07556475309333588
mixture_l1,1.0,1e+24,power,2048,fixed_ref,0.8047071577351047,reference_p0,first_question_reference,in,True,True,40.92104037495471,3743.399745240413,1.0,0.41663254110330095,1.0,1.0,1.9140256838178147,4849345275.903549,267136845663.21326,134217728.0,1.3421772800000001e-16,False,False,False,True,35185,9.191028726874685e+23,6.274408944213118e+22,1.8153037870400144e+22,9.999999999999998e+23,134217728.0,0.9191028726874685,0.06274408944213118,0.018153037870400145,1.3421772800000001e-16,3743399745240.4126,reference_p0,0.41663254110330095,False,False,N_above_support;D_above_support;Q_above_A_supported,upper_bound,0.11302252583269279,0.0968248321520278,0.00588968021709595,0.11375419105058357,0.07507775607983627,0.0254628540970504,0.11070066007050916,0.005487697351193036,0.09943242344413017,0.002211033043406226,0.04691494424753537,0.11948759779188561,0.019599998284005892,0.012737064754031531,0.011650822378108678,0.06618116611257162,0.07556475309333588
mixture_l1,1.0,1e+24,power,2048,mixture,0.8047071577351047,reference_p0,first_question_reference,in,True,True,40.92104037495471,3743.399745240413,1.0,0.41663254110330095,1.0,1.0,1.9140256838178147,4849345275.903549,267136845663.21326,134217728.0,1.3421772800000001e-16,False,False,False,True,35185,9.191028726874685e+23,6.274408944213118e+22,1.8153037870400144e+22,9.999999999999998e+23,134217728.0,0.9191028726874685,0.06274408944213118,0.018153037870400145,1.3421772800000001e-16,3743399745240.4126,reference_p0,0.41663254110330095,False,False,N_above_support;D_above_support;Q_above_A_supported,upper_bound,0.11302252583269279,0.0968248321520278,0.00588968021709595,0.11375419105058357,0.07507775607983627,0.0254628540970504,0.11070066007050916,0.005487697351193036,0.09943242344413017,0.002211033043406226,0.04691494424753537,0.11948759779188561,0.019599998284005892,0.012737064754031531,0.011650822378108678,0.06618116611257162,0.07556475309333588
mixture_l1,1.0,1e+24,power,4096,fixed_ref,0.8047071577351047,reference_p0,first_question_reference,in,True,True,39.75209302101873,3624.149356814165,1.0,0.41663254110330095,1.0,1.0,1.9161467854608134,4849345275.903549,275926818004.8345,-134217728.0,-1.3421772800000001e-16,False,False,False,True,35185,8.644051341248514e+23,1.1802011431251305e+23,1.7574751562635657e+22,1.0000000000000001e+24,-134217728.0,0.8644051341248514,0.11802011431251305,0.017574751562635656,-1.3421772800000001e-16,3624149356814.165,reference_p0,0.41663254110330095,False,False,N_above_support;D_above_support;Q_above_A_supported,upper_bound,0.11302252583269279,0.0968248321520278,0.00588968021709595,0.11375419105058357,0.07507775607983627,0.0254628540970504,0.11070066007050916,0.005487697351193036,0.09943242344413017,0.002211033043406226,0.04691494424753537,0.11948759779188561,0.019599998284005892,0.012737064754031531,0.011650822378108678,0.06618116611257162,0.07556475309333588
mixture_l1,1.0,1e+24,power,4096,mixture,0.8047071577351047,reference_p0,first_question_reference,in,True,True,39.75209302101873,3624.149356814165,1.0,0.41663254110330095,1.0,1.0,1.9161467854608134,4849345275.903549,275926818004.8345,-134217728.0,-1.3421772800000001e-16,False,False,False,True,35185,8.644051341248514e+23,1.1802011431251305e+23,1.7574751562635657e+22,1.0000000000000001e+24,-134217728.0,0.8644051341248514,0.11802011431251305,0.017574751562635656,-1.3421772800000001e-16,3624149356814.165,reference_p0,0.41663254110330095,False,False,N_above_support;D_above_support;Q_above_A_supported,upper_bound,0.11302252583269279,0.0968248321520278,0.00588968021709595,0.11375419105058357,0.07507775607983627,0.0254628540970504,0.11070066007050916,0.005487697351193036,0.09943242344413017,0.002211033043406226,0.04691494424753537,0.11948759779188561,0.019599998284005892,0.012737064754031531,0.011650822378108678,0.06618116611257162,0.07556475309333588
mixture_l1,1.0,1e+24,power,8192,fixed_ref,0.8047071577351047,reference_p0,first_question_reference,in,True,True,37.72593394540078,3412.793179369246,1.0,0.41663254110330095,1.0,1.0,1.9200853111210283,4849345275.903549,293015119124.4529,134217728.0,1.3421772800000001e-16,False,False,False,True,35185,7.72504860325191e+23,2.1094532719279882e+23,1.6549812482010107e+22,9.999999999999998e+23,134217728.0,0.7725048603251911,0.21094532719279882,0.016549812482010106,1.3421772800000001e-16,3412793179369.246,reference_p0,0.41663254110330095,False,False,N_above_support;D_above_support;Q_above_A_supported,upper_bound,0.11302252583269279,0.0968248321520278,0.00588968021709595,0.11375419105058357,0.07507775607983627,0.0254628540970504,0.11070066007050916,0.005487697351193036,0.09943242344413017,0.002211033043406226,0.04691494424753537,0.11948759779188561,0.019599998284005892,0.012737064754031531,0.011650822378108678,0.06618116611257162,0.07556475309333588
mixture_l1,1.0,1e+24,power,8192,mixture,0.8047071577351047,reference_p0,first_question_reference,in,True,True,37.72593394540078,3412.793179369246,1.0,0.41663254110330095,1.0,1.0,1.9200853111210283,4849345275.903549,293015119124.4529,134217728.0,1.3421772800000001e-16,False,False,False,True,35185,7.72504860325191e+23,2.1094532719279882e+23,1.6549812482010107e+22,9.999999999999998e+23,134217728.0,0.7725048603251911,0.21094532719279882,0.016549812482010106,1.3421772800000001e-16,3412793179369.246,reference_p0,0.41663254110330095,False,False,N_above_support;D_above_support;Q_above_A_supported,upper_bound,0.11302252583269279,0.0968248321520278,0.00588968021709595,0.11375419105058357,0.07507775607983627,0.0254628540970504,0.11070066007050916,0.005487697351193036,0.09943242344413017,0.002211033043406226,0.04691494424753537,0.11948759779188561,0.019599998284005892,0.012737064754031531,0.011650822378108678,0.06618116611257162,0.07556475309333588
mixture_l1,1.0,1e+24,power,32768,fixed_ref,0.8047071577351047,reference_p0,first_question_reference,in,True,True,30.007282483100177,2620.8969531337625,1.0,0.41663254110330095,1.0,1.0,1.9381831316850204,4849345275.903549,381548766655.74994,0.0,0.0,False,False,False,True,35185,4.718759713906883e+23,5.154143943510025e+23,1.2709634258309218e+22,1e+24,0.0,0.47187597139068826,0.5154143943510024,0.012709634258309219,0.0,2620896953133.7627,reference_p0,0.41663254110330095,False,False,N_above_support;D_above_support;Q_above_A_supported,upper_bound,0.11302252583269279,0.0968248321520278,0.00588968021709595,0.11375419105058357,0.07507775607983627,0.0254628540970504,0.11070066007050916,0.005487697351193036,0.09943242344413017,0.002211033043406226,0.04691494424753537,0.11948759779188561,0.019599998284005892,0.012737064754031531,0.011650822378108678,0.06618116611257162,0.07556475309333588
mixture_l1,1.0,1e+24,power,32768,mixture,0.8047071577351047,reference_p0,first_question_reference,in,True,True,30.007282483100177,2620.8969531337625,1.0,0.41663254110330095,1.0,1.0,1.9381831316850204,4849345275.903549,381548766655.74994,0.0,0.0,False,False,False,True,35185,4.718759713906883e+23,5.154143943510025e+23,1.2709634258309218e+22,1e+24,0.0,0.47187597139068826,0.5154143943510024,0.012709634258309219,0.0,2620896953133.7627,reference_p0,0.41663254110330095,False,False,N_above_support;D_above_support;Q_above_A_supported,upper_bound,0.11302252583269279,0.0968248321520278,0.00588968021709595,0.11375419105058357,0.07507775607983627,0.0254628540970504,0.11070066007050916,0.005487697351193036,0.09943242344413017,0.002211033043406226,0.04691494424753537,0.11948759779188561,0.019599998284005892,0.012737064754031531,0.011650822378108678,0.06618116611257162,0.07556475309333588
mixture_l1,1.0,1e+24,power,131072,fixed_ref,0.8047071577351047,reference_p0,first_question_reference,in,True,True,19.4900670566069,1580.50251269196,1.0,0.41663254110330095,1.0,1.0,1.9766169459038456,4849345275.903549,632710161464.2609,0.0,0.0,False,False,False,True,35185,1.8482459973301198e+23,8.075109978735116e+23,7.664402393476445e+21,1e+24,0.0,0.184824599733012,0.8075109978735115,0.007664402393476445,0.0,1580502512691.96,reference_p0,0.41663254110330095,False,False,N_above_support;D_above_support;Q_above_A_supported,upper_bound,0.11302252583269279,0.0968248321520278,0.00588968021709595,0.11375419105058357,0.07507775607983627,0.0254628540970504,0.11070066007050916,0.005487697351193036,0.09943242344413017,0.002211033043406226,0.04691494424753537,0.11948759779188561,0.019599998284005892,0.012737064754031531,0.011650822378108678,0.06618116611257162,0.07556475309333588
mixture_l1,1.0,1e+24,power,131072,mixture,0.8047071577351047,reference_p0,first_question_reference,in,True,True,19.4900670566069,1580.50251269196,1.0,0.41663254110330095,1.0,1.0,1.9766169459038456,4849345275.903549,632710161464.2609,0.0,0.0,False,False,False,True,35185,1.8482459973301198e+23,8.075109978735116e+23,7.664402393476445e+21,1e+24,0.0,0.184824599733012,0.8075109978735115,0.007664402393476445,0.0,1580502512691.96,reference_p0,0.41663254110330095,False,False,N_above_support;D_above_support;Q_above_A_supported,upper_bound,0.11302252583269279,0.0968248321520278,0.00588968021709595,0.11375419105058357,0.07507775607983627,0.0254628540970504,0.11070066007050916,0.005487697351193036,0.09943242344413017,0.002211033043406226,0.04691494424753537,0.11948759779188561,0.019599998284005892,0.012737064754031531,0.011650822378108678,0.06618116611257162,0.07556475309333588
mixture_l1,1.0,1e+24,logarithmic,2048,fixed_ref,0.8047071577351047,reference_p0,first_question_reference,in,True,True,40.322427216491384,3846.714628124383,1.0,0.41663254110330095,1.0,1.0,1.9135877364974414,1511467178.4002495,259962096665.22345,0.0,0.0,False,False,False,True,35185,9.30653223690949e+23,6.3532593403968795e+22,5.814182905082127e+21,1e+24,0.0,0.930653223690949,0.0635325934039688,0.005814182905082127,0.0,3846714628124.3833,reference_p0,0.41663254110330095,False,False,N_above_support;D_above_support;Q_above_A_supported,upper_bound,0.11302252583269279,0.0968248321520278,0.00588968021709595,0.11375419105058357,0.07507775607983627,0.0254628540970504,0.11070066007050916,0.005487697351193036,0.09943242344413017,0.002211033043406226,0.04691494424753537,0.11948759779188561,0.019599998284005892,0.012737064754031531,0.011650822378108678,0.06618116611257162,0.07556475309333588
mixture_l1,1.0,1e+24,logarithmic,2048,mixture,0.8047071577351047,reference_p0,first_question_reference,in,True,True,40.322427216491384,3846.714628124383,1.0,0.41663254110330095,1.0,1.0,1.9135877364974414,1511467178.4002495,259962096665.22345,0.0,0.0,False,False,False,True,35185,9.30653223690949e+23,6.3532593403968795e+22,5.814182905082127e+21,1e+24,0.0,0.930653223690949,0.0635325934039688,0.005814182905082127,0.0,3846714628124.3833,reference_p0,0.41663254110330095,False,False,N_above_support;D_above_support;Q_above_A_supported,upper_bound,0.11302252583269279,0.0968248321520278,0.00588968021709595,0.11375419105058357,0.07507775607983627,0.0254628540970504,0.11070066007050916,0.005487697351193036,0.09943242344413017,0.002211033043406226,0.04691494424753537,0.11948759779188561,0.019599998284005892,0.012737064754031531,0.011650822378108678,0.06618116611257162,0.07556475309333588
mixture_l1,1.0,1e+24,logarithmic,4096,fixed_ref,0.8047071577351047,reference_p0,first_question_reference,in,True,True,39.20908131018585,3719.0477447066605,1.0,0.41663254110330095,1.0,1.0,1.915719160482562,1511467178.4002495,268886034448.8196,0.0,0.0,False,False,False,True,35185,8.749226725120007e+23,1.1945610888697183e+23,5.621218601027588e+21,1e+24,0.0,0.8749226725120007,0.11945610888697183,0.005621218601027588,0.0,3719047744706.6606,reference_p0,0.41663254110330095,False,False,N_above_support;D_above_support;Q_above_A_supported,upper_bound,0.11302252583269279,0.0968248321520278,0.00588968021709595,0.11375419105058357,0.07507775607983627,0.0254628540970504,0.11070066007050916,0.005487697351193036,0.09943242344413017,0.002211033043406226,0.04691494424753537,0.11948759779188561,0.019599998284005892,0.012737064754031531,0.011650822378108678,0.06618116611257162,0.07556475309333588
mixture_l1,1.0,1e+24,logarithmic,4096,mixture,0.8047071577351047,reference_p0,first_question_reference,in,True,True,39.20908131018585,3719.0477447066605,1.0,0.41663254110330095,1.0,1.0,1.915719160482562,1511467178.4002495,268886034448.8196,0.0,0.0,False,False,False,True,35185,8.749226725120007e+23,1.1945610888697183e+23,5.621218601027588e+21,1e+24,0.0,0.8749226725120007,0.11945610888697183,0.005621218601027588,0.0,3719047744706.6606,reference_p0,0.41663254110330095,False,False,N_above_support;D_above_support;Q_above_A_supported,upper_bound,0.11302252583269279,0.0968248321520278,0.00588968021709595,0.11375419105058357,0.07507775607983627,0.0254628540970504,0.11070066007050916,0.005487697351193036,0.09943242344413017,0.002211033043406226,0.04691494424753537,0.11948759779188561,0.019599998284005892,0.012737064754031531,0.011650822378108678,0.06618116611257162,0.07556475309333588
mixture_l1,1.0,1e+24,logarithmic,8192,fixed_ref,0.8047071577351047,reference_p0,first_question_reference,in,True,True,37.228882483782755,3497.964286230427,1.0,0.41663254110330095,1.0,1.0,1.9196759830034493,1511467178.4002495,285880563142.5264,0.0,0.0,False,False,False,True,35185,7.813518080672495e+23,2.1336113372289698e+23,5.287058209853547e+21,1e+24,0.0,0.7813518080672495,0.21336113372289697,0.005287058209853547,0.0,3497964286230.4272,reference_p0,0.41663254110330095,False,False,N_above_support;D_above_support;Q_above_A_supported,upper_bound,0.11302252583269279,0.0968248321520278,0.00588968021709595,0.11375419105058357,0.07507775607983627,0.0254628540970504,0.11070066007050916,0.005487697351193036,0.09943242344413017,0.002211033043406226,0.04691494424753537,0.11948759779188561,0.019599998284005892,0.012737064754031531,0.011650822378108678,0.06618116611257162,0.07556475309333588
mixture_l1,1.0,1e+24,logarithmic,8192,mixture,0.8047071577351047,reference_p0,first_question_reference,in,True,True,37.228882483782755,3497.964286230427,1.0,0.41663254110330095,1.0,1.0,1.9196759830034493,1511467178.4002495,285880563142.5264,0.0,0.0,False,False,False,True,35185,7.813518080672495e+23,2.1336113372289698e+23,5.287058209853547e+21,1e+24,0.0,0.7813518080672495,0.21336113372289697,0.005287058209853547,0.0,3497964286230.4272,reference_p0,0.41663254110330095,False,False,N_above_support;D_above_support;Q_above_A_supported,upper_bound,0.11302252583269279,0.0968248321520278,0.00588968021709595,0.11375419105058357,0.07507775607983627,0.0254628540970504,0.11070066007050916,0.005487697351193036,0.09943242344413017,0.002211033043406226,0.04691494424753537,0.11948759779188561,0.019599998284005892,0.012737064754031531,0.011650822378108678,0.06618116611257162,0.07556475309333588
mixture_l1,1.0,1e+24,logarithmic,32768,fixed_ref,0.8047071577351047,reference_p0,first_question_reference,in,True,True,29.69933100359089,2671.332673723647,1.0,0.41663254110330095,1.0,1.0,1.9378453784718424,1511467178.4002495,374344988865.07886,0.0,0.0,False,False,False,True,35185,4.760207597857563e+23,5.199416085553221e+23,4.037631658921475e+21,1e+24,0.0,0.4760207597857563,0.5199416085553221,0.004037631658921475,0.0,2671332673723.647,reference_p0,0.41663254110330095,False,False,N_above_support;D_above_support;Q_above_A_supported,upper_bound,0.11302252583269279,0.0968248321520278,0.00588968021709595,0.11375419105058357,0.07507775607983627,0.0254628540970504,0.11070066007050916,0.005487697351193036,0.09943242344413017,0.002211033043406226,0.04691494424753537,0.11948759779188561,0.019599998284005892,0.012737064754031531,0.011650822378108678,0.06618116611257162,0.07556475309333588
mixture_l1,1.0,1e+24,logarithmic,32768,mixture,0.8047071577351047,reference_p0,first_question_reference,in,True,True,29.69933100359089,2671.332673723647,1.0,0.41663254110330095,1.0,1.0,1.9378453784718424,1511467178.4002495,374344988865.07886,0.0,0.0,False,False,False,True,35185,4.760207597857563e+23,5.199416085553221e+23,4.037631658921475e+21,1e+24,0.0,0.4760207597857563,0.5199416085553221,0.004037631658921475,0.0,2671332673723.647,reference_p0,0.41663254110330095,False,False,N_above_support;D_above_support;Q_above_A_supported,upper_bound,0.11302252583269279,0.0968248321520278,0.00588968021709595,0.11375419105058357,0.07507775607983627,0.0254628540970504,0.11070066007050916,0.005487697351193036,0.09943242344413017,0.002211033043406226,0.04691494424753537,0.11948759779188561,0.019599998284005892,0.012737064754031531,0.011650822378108678,0.06618116611257162,0.07556475309333588
mixture_l1,1.0,1e+24,logarithmic,131072,fixed_ref,0.8047071577351047,reference_p0,first_question_reference,in,True,True,19.375518501328656,1598.25554782952,1.0,0.41663254110330095,1.0,1.0,1.976382940542712,1511467178.4002495,625682170387.602,0.0,0.0,False,False,False,True,35185,1.8580217962093222e+23,8.117821095758275e+23,2.41571080324043e+21,1e+24,0.0,0.18580217962093223,0.8117821095758275,0.00241571080324043,0.0,1598255547829.52,reference_p0,0.41663254110330095,False,False,N_above_support;D_above_support;Q_above_A_supported,upper_bound,0.11302252583269279,0.0968248321520278,0.00588968021709595,0.11375419105058357,0.07507775607983627,0.0254628540970504,0.11070066007050916,0.005487697351193036,0.09943242344413017,0.002211033043406226,0.04691494424753537,0.11948759779188561,0.019599998284005892,0.012737064754031531,0.011650822378108678,0.06618116611257162,0.07556475309333588
mixture_l1,1.0,1e+24,logarithmic,131072,mixture,0.8047071577351047,reference_p0,first_question_reference,in,True,True,19.375518501328656,1598.25554782952,1.0,0.41663254110330095,1.0,1.0,1.976382940542712,1511467178.4002495,625682170387.602,0.0,0.0,False,False,False,True,35185,1.8580217962093222e+23,8.117821095758275e+23,2.41571080324043e+21,1e+24,0.0,0.18580217962093223,0.8117821095758275,0.00241571080324043,0.0,1598255547829.52,reference_p0,0.41663254110330095,False,False,N_above_support;D_above_support;Q_above_A_supported,upper_bound,0.11302252583269279,0.0968248321520278,0.00588968021709595,0.11375419105058357,0.07507775607983627,0.0254628540970504,0.11070066007050916,0.005487697351193036,0.09943242344413017,0.002211033043406226,0.04691494424753537,0.11948759779188561,0.019599998284005892,0.012737064754031531,0.011650822378108678,0.06618116611257162,0.07556475309333588
mixture_l1,2.0,1e+19,exponential,2048,fixed_ref,0.8047071577351047,reference_p0,first_question_reference,in,True,True,0.22232416335630398,5.966798050391992,0.6030456680355448,0.41663254110330095,1.0,1.0,3.123094642754934,250931792.60632232,1675940750.0548885,0.0,0.0,False,False,False,False,35185,7.959380306816552e+18,5.433603622786766e+17,1.4972593309047716e+18,1e+19,0.0,0.7959380306816551,0.05433603622786766,0.14972593309047716,0.0,5966798050.391992,reference_p0,0.41663254110330095,True,True,Q_above_A_supported,interior,0.11302252583269279,0.0968248321520278,0.00588968021709595,0.11375419105058357,0.07507775607983627,0.0254628540970504,0.11070066007050916,0.005487697351193036,0.09943242344413017,0.002211033043406226,0.04691494424753537,0.11948759779188561,0.019599998284005892,0.012737064754031531,0.011650822378108678,0.06618116611257162,0.07556475309333588
mixture_l1,2.0,1e+19,exponential,2048,mixture,0.8047071577351047,reference_p0,first_question_reference,in,True,True,0.22232416335630398,5.966798050391992,0.6030456680355448,0.41663254110330095,1.0,1.0,3.123094642754934,250931792.60632232,1675940750.0548885,0.0,0.0,False,False,False,False,35185,7.959380306816552e+18,5.433603622786766e+17,1.4972593309047716e+18,1e+19,0.0,0.7959380306816551,0.05433603622786766,0.14972593309047716,0.0,5966798050.391992,reference_p0,0.41663254110330095,True,True,Q_above_A_supported,interior,0.11302252583269279,0.0968248321520278,0.00588968021709595,0.11375419105058357,0.07507775607983627,0.0254628540970504,0.11070066007050916,0.005487697351193036,0.09943242344413017,0.002211033043406226,0.04691494424753537,0.11948759779188561,0.019599998284005892,0.012737064754031531,0.011650822378108678,0.06618116611257162,0.07556475309333588
mixture_l1,2.0,1e+19,exponential,4096,fixed_ref,0.8047071577351047,reference_p0,first_question_reference,in,True,True,0.21719675544437037,5.734461504030816,0.608241527536118,0.41663254110330095,1.0,1.0,3.1355734585409953,262734788.9135925,1743842903.639843,2048.0,2.048e-16,False,False,False,False,35185,7.473038597376824e+18,1.0203188698285158e+18,1.5066425327946586e+18,9.999999999999998e+18,2048.0,0.7473038597376824,0.10203188698285158,0.15066425327946587,2.048e-16,5734461504.030816,reference_p0,0.41663254110330095,True,True,Q_above_A_supported,interior,0.11302252583269279,0.0968248321520278,0.00588968021709595,0.11375419105058357,0.07507775607983627,0.0254628540970504,0.11070066007050916,0.005487697351193036,0.09943242344413017,0.002211033043406226,0.04691494424753537,0.11948759779188561,0.019599998284005892,0.012737064754031531,0.011650822378108678,0.06618116611257162,0.07556475309333588
mixture_l1,2.0,1e+19,exponential,4096,mixture,0.8047071577351047,reference_p0,first_question_reference,in,True,True,0.21719675544437037,5.734461504030816,0.608241527536118,0.41663254110330095,1.0,1.0,3.1355734585409953,262734788.9135925,1743842903.639843,2048.0,2.048e-16,False,False,False,False,35185,7.473038597376824e+18,1.0203188698285158e+18,1.5066425327946586e+18,9.999999999999998e+18,2048.0,0.7473038597376824,0.10203188698285158,0.15066425327946587,2.048e-16,5734461504.030816,reference_p0,0.41663254110330095,True,True,Q_above_A_supported,interior,0.11302252583269279,0.0968248321520278,0.00588968021709595,0.11375419105058357,0.07507775607983627,0.0254628540970504,0.11070066007050916,0.005487697351193036,0.09943242344413017,0.002211033043406226,0.04691494424753537,0.11948759779188561,0.019599998284005892,0.012737064754031531,0.011650822378108678,0.06618116611257162,0.07556475309333588
mixture_l1,2.0,1e+19,exponential,8192,fixed_ref,0.8047071577351047,reference_p0,first_question_reference,in,True,True,0.2079058294626956,5.338947776503678,0.6176065198096063,0.41663254110330095,1.0,1.0,3.158689755020952,284960360.23435986,1873028248.002214,-2048.0,-2.048e-16,False,False,False,False,35185,6.65999019559207e+18,1.8186213227430077e+18,1.521388481664923e+18,1.0000000000000002e+19,-2048.0,0.665999019559207,0.1818621322743008,0.15213884816649229,-2.048e-16,5338947776.503678,reference_p0,0.41663254110330095,True,True,Q_above_A_supported,interior,0.11302252583269279,0.0968248321520278,0.00588968021709595,0.11375419105058357,0.07507775607983627,0.0254628540970504,0.11070066007050916,0.005487697351193036,0.09943242344413017,0.002211033043406226,0.04691494424753537,0.11948759779188561,0.019599998284005892,0.012737064754031531,0.011650822378108678,0.06618116611257162,0.07556475309333588
mixture_l1,2.0,1e+19,exponential,8192,mixture,0.8047071577351047,reference_p0,first_question_reference,in,True,True,0.2079058294626956,5.338947776503678,0.6176065198096063,0.41663254110330095,1.0,1.0,3.158689755020952,284960360.23435986,1873028248.002214,-2048.0,-2.048e-16,False,False,False,False,35185,6.65999019559207e+18,1.8186213227430077e+18,1.521388481664923e+18,1.0000000000000002e+19,-2048.0,0.665999019559207,0.1818621322743008,0.15213884816649229,-2.048e-16,5338947776.503678,reference_p0,0.41663254110330095,True,True,Q_above_A_supported,interior,0.11302252583269279,0.0968248321520278,0.00588968021709595,0.11375419105058357,0.07507775607983627,0.0254628540970504,0.11070066007050916,0.005487697351193036,0.09943242344413017,0.002211033043406226,0.04691494424753537,0.11948759779188561,0.019599998284005892,0.012737064754031531,0.011650822378108678,0.06618116611257162,0.07556475309333588
mixture_l1,2.0,1e+19,exponential,32768,fixed_ref,0.8047071577351047,reference_p0,first_question_reference,in,True,True,0.17090181171661814,3.934256663762259,0.6579444350341169,0.41663254110330095,1.0,1.0,3.264133767913078,396343228.47152686,2541776212.0372643,0.0,0.0,False,False,False,False,35185,4.034229549570887e+18,4.4064544626779617e+18,1.559315987751152e+18,1e+19,0.0,0.40342295495708874,0.44064544626779617,0.15593159877511523,0.0,3934256663.762259,reference_p0,0.41663254110330095,True,True,Q_above_A_supported,interior,0.11302252583269279,0.0968248321520278,0.00588968021709595,0.11375419105058357,0.07507775607983627,0.0254628540970504,0.11070066007050916,0.005487697351193036,0.09943242344413017,0.002211033043406226,0.04691494424753537,0.11948759779188561,0.019599998284005892,0.012737064754031531,0.011650822378108678,0.06618116611257162,0.07556475309333588
mixture_l1,2.0,1e+19,exponential,32768,mixture,0.8047071577351047,reference_p0,first_question_reference,in,True,True,0.17090181171661814,3.934256663762259,0.6579444350341169,0.41663254110330095,1.0,1.0,3.264133767913078,396343228.47152686,2541776212.0372643,0.0,0.0,False,False,False,False,35185,4.034229549570887e+18,4.4064544626779617e+18,1.559315987751152e+18,1e+19,0.0,0.40342295495708874,0.44064544626779617,0.15593159877511523,0.0,3934256663.762259,reference_p0,0.41663254110330095,True,True,Q_above_A_supported,interior,0.11302252583269279,0.0968248321520278,0.00588968021709595,0.11375419105058357,0.07507775607983627,0.0254628540970504,0.11070066007050916,0.005487697351193036,0.09943242344413017,0.002211033043406226,0.04691494424753537,0.11948759779188561,0.019599998284005892,0.012737064754031531,0.011650822378108678,0.06618116611257162,0.07556475309333588
mixture_l1,2.0,1e+19,exponential,131072,fixed_ref,0.8047071577351047,reference_p0,first_question_reference,in,True,True,0.11604862524256605,2.2587687157931424,0.7325221309794708,0.41663254110330095,1.0,1.0,3.4850599226598504,688753932.5037249,4427190765.517844,0.0,0.0,False,False,False,False,35185,1.5727620252522634e+18,6.871502139128822e+18,1.5557358356189153e+18,1e+19,0.0,0.15727620252522634,0.6871502139128822,0.15557358356189152,0.0,2258768715.7931423,reference_p0,0.41663254110330095,True,True,Q_above_A_supported,interior,0.11302252583269279,0.0968248321520278,0.00588968021709595,0.11375419105058357,0.07507775607983627,0.0254628540970504,0.11070066007050916,0.005487697351193036,0.09943242344413017,0.002211033043406226,0.04691494424753537,0.11948759779188561,0.019599998284005892,0.012737064754031531,0.011650822378108678,0.06618116611257162,0.07556475309333588
mixture_l1,2.0,1e+19,exponential,131072,mixture,0.8047071577351047,reference_p0,first_question_reference,in,True,True,0.11604862524256605,2.2587687157931424,0.7325221309794708,0.41663254110330095,1.0,1.0,3.4850599226598504,688753932.5037249,4427190765.517844,0.0,0.0,False,False,False,False,35185,1.5727620252522634e+18,6.871502139128822e+18,1.5557358356189153e+18,1e+19,0.0,0.15727620252522634,0.6871502139128822,0.15557358356189152,0.0,2258768715.7931423,reference_p0,0.41663254110330095,True,True,Q_above_A_supported,interior,0.11302252583269279,0.0968248321520278,0.00588968021709595,0.11375419105058357,0.07507775607983627,0.0254628540970504,0.11070066007050916,0.005487697351193036,0.09943242344413017,0.002211033043406226,0.04691494424753537,0.11948759779188561,0.019599998284005892,0.012737064754031531,0.011650822378108678,0.06618116611257162,0.07556475309333588
mixture_l1,2.0,1e+19,power,2048,fixed_ref,0.8047071577351047,reference_p0,first_question_reference,in,True,True,0.1885905816663073,7.549384584392674,0.48047627580495555,0.41663254110330095,1.0,1.0,3.144776393094138,115821090.72609812,1324611282.9744613,0.0,0.0,False,False,False,False,35185,8.542456979959607e+18,5.831650631652425e+17,8.743779568751503e+17,1e+19,0.0,0.8542456979959607,0.05831650631652425,0.08743779568751503,0.0,7549384584.3926735,reference_p0,0.41663254110330095,True,True,,interior,0.11302252583269279,0.0968248321520278,0.00588968021709595,0.11375419105058357,0.07507775607983627,0.0254628540970504,0.11070066007050916,0.005487697351193036,0.09943242344413017,0.002211033043406226,0.04691494424753537,0.11948759779188561,0.019599998284005892,0.012737064754031531,0.011650822378108678,0.06618116611257162,0.07556475309333588
mixture_l1,2.0,1e+19,power,2048,mixture,0.8047071577351047,reference_p0,first_question_reference,in,True,True,0.1885905816663073,7.549384584392674,0.48047627580495555,0.41663254110330095,1.0,1.0,3.144776393094138,115821090.72609812,1324611282.9744613,0.0,0.0,False,False,False,False,35185,8.542456979959607e+18,5.831650631652425e+17,8.743779568751503e+17,1e+19,0.0,0.8542456979959607,0.05831650631652425,0.08743779568751503,0.0,7549384584.3926735,reference_p0,0.41663254110330095,True,True,,interior,0.11302252583269279,0.0968248321520278,0.00588968021709595,0.11375419105058357,0.07507775607983627,0.0254628540970504,0.11070066007050916,0.005487697351193036,0.09943242344413017,0.002211033043406226,0.04691494424753537,0.11948759779188561,0.019599998284005892,0.012737064754031531,0.011650822378108678,0.06618116611257162,0.07556475309333588
mixture_l1,2.0,1e+19,power,4096,fixed_ref,0.8047071577351047,reference_p0,first_question_reference,in,True,True,0.1856493073940922,7.16230445500069,0.4868388702233223,0.41663254110330095,1.0,1.0,3.157956094805795,130218919.41181356,1396198676.3936071,0.0,0.0,False,False,False,False,35185,7.978061168498995e+18,1.0892712848723962e+18,9.326675466286081e+17,1e+19,0.0,0.7978061168498995,0.10892712848723962,0.09326675466286082,0.0,7162304455.00069,reference_p0,0.41663254110330095,True,True,,interior,0.11302252583269279,0.0968248321520278,0.00588968021709595,0.11375419105058357,0.07507775607983627,0.0254628540970504,0.11070066007050916,0.005487697351193036,0.09943242344413017,0.002211033043406226,0.04691494424753537,0.11948759779188561,0.019599998284005892,0.012737064754031531,0.011650822378108678,0.06618116611257162,0.07556475309333588
mixture_l1,2.0,1e+19,power,4096,mixture,0.8047071577351047,reference_p0,first_question_reference,in,True,True,0.1856493073940922,7.16230445500069,0.4868388702233223,0.41663254110330095,1.0,1.0,3.157956094805795,130218919.41181356,1396198676.3936071,0.0,0.0,False,False,False,False,35185,7.978061168498995e+18,1.0892712848723962e+18,9.326675466286081e+17,1e+19,0.0,0.7978061168498995,0.10892712848723962,0.09326675466286082,0.0,7162304455.00069,reference_p0,0.41663254110330095,True,True,,interior,0.11302252583269279,0.0968248321520278,0.00588968021709595,0.11375419105058357,0.07507775607983627,0.0254628540970504,0.11070066007050916,0.005487697351193036,0.09943242344413017,0.002211033043406226,0.04691494424753537,0.11948759779188561,0.019599998284005892,0.012737064754031531,0.011650822378108678,0.06618116611257162,0.07556475309333588
mixture_l1,2.0,1e+19,power,8192,fixed_ref,0.8047071577351047,reference_p0,first_question_reference,in,True,True,0.18012472606044141,6.519920481705887,0.4984128806078329,0.41663254110330095,1.0,1.0,3.1822819379431824,157896329.58588284,1533761037.1259584,0.0,0.0,False,False,False,False,35185,7.046393344218804e+18,1.9241351425280148e+18,1.0294715132531807e+18,1e+19,0.0,0.7046393344218804,0.19241351425280148,0.10294715132531806,0.0,6519920481.705887,reference_p0,0.41663254110330095,True,True,Q_above_A_supported,interior,0.11302252583269279,0.0968248321520278,0.00588968021709595,0.11375419105058357,0.07507775607983627,0.0254628540970504,0.11070066007050916,0.005487697351193036,0.09943242344413017,0.002211033043406226,0.04691494424753537,0.11948759779188561,0.019599998284005892,0.012737064754031531,0.011650822378108678,0.06618116611257162,0.07556475309333588
mixture_l1,2.0,1e+19,power,8192,mixture,0.8047071577351047,reference_p0,first_question_reference,in,True,True,0.18012472606044141,6.519920481705887,0.4984128806078329,0.41663254110330095,1.0,1.0,3.1822819379431824,157896329.58588284,1533761037.1259584,0.0,0.0,False,False,False,False,35185,7.046393344218804e+18,1.9241351425280148e+18,1.0294715132531807e+18,1e+19,0.0,0.7046393344218804,0.19241351425280148,0.10294715132531806,0.0,6519920481.705887,reference_p0,0.41663254110330095,True,True,Q_above_A_supported,interior,0.11302252583269279,0.0968248321520278,0.00588968021709595,0.11375419105058357,0.07507775607983627,0.0254628540970504,0.11070066007050916,0.005487697351193036,0.09943242344413017,0.002211033043406226,0.04691494424753537,0.11948759779188561,0.019599998284005892,0.012737064754031531,0.011650822378108678,0.06618116611257162,0.07556475309333588
mixture_l1,2.0,1e+19,power,32768,fixed_ref,0.8047071577351047,reference_p0,first_question_reference,in,True,True,0.15532928149277236,4.439653811293352,0.5486758208663725,0.41663254110330095,1.0,1.0,3.2920403920010926,302486206.87324995,2252427875.020917,-2048.0,-2.048e-16,False,False,False,False,35185,4.137649419509069e+18,4.519416539282439e+18,1.3429340412084936e+18,1.0000000000000002e+19,-2048.0,0.4137649419509069,0.4519416539282439,0.13429340412084936,-2.048e-16,4439653811.293352,reference_p0,0.41663254110330095,True,True,Q_above_A_supported,interior,0.11302252583269279,0.0968248321520278,0.00588968021709595,0.11375419105058357,0.07507775607983627,0.0254628540970504,0.11070066007050916,0.005487697351193036,0.09943242344413017,0.002211033043406226,0.04691494424753537,0.11948759779188561,0.019599998284005892,0.012737064754031531,0.011650822378108678,0.06618116611257162,0.07556475309333588
mixture_l1,2.0,1e+19,power,32768,mixture,0.8047071577351047,reference_p0,first_question_reference,in,True,True,0.15532928149277236,4.439653811293352,0.5486758208663725,0.41663254110330095,1.0,1.0,3.2920403920010926,302486206.87324995,2252427875.020917,-2048.0,-2.048e-16,False,False,False,False,35185,4.137649419509069e+18,4.519416539282439e+18,1.3429340412084936e+18,1.0000000000000002e+19,-2048.0,0.4137649419509069,0.4519416539282439,0.13429340412084936,-2.048e-16,4439653811.293352,reference_p0,0.41663254110330095,True,True,Q_above_A_supported,interior,0.11302252583269279,0.0968248321520278,0.00588968021709595,0.11375419105058357,0.07507775607983627,0.0254628540970504,0.11070066007050916,0.005487697351193036,0.09943242344413017,0.002211033043406226,0.04691494424753537,0.11948759779188561,0.019599998284005892,0.012737064754031531,0.011650822378108678,0.06618116611257162,0.07556475309333588
mixture_l1,2.0,1e+19,power,131072,fixed_ref,0.8047071577351047,reference_p0,first_question_reference,in,True,True,0.11259523197215576,2.2977564920998907,0.6468837880134354,0.41663254110330095,1.0,1.0,3.5175301707482776,724883422.7482328,4352071263.592047,-2048.0,-2.048e-16,False,False,False,False,35185,1.5522985514610844e+18,6.782095857903576e+18,1.6656055906353416e+18,1.0000000000000002e+19,-2048.0,0.15522985514610843,0.6782095857903576,0.16656055906353415,-2.048e-16,2297756492.0998907,reference_p0,0.41663254110330095,True,True,Q_above_A_supported,interior,0.11302252583269279,0.0968248321520278,0.00588968021709595,0.11375419105058357,0.07507775607983627,0.0254628540970504,0.11070066007050916,0.005487697351193036,0.09943242344413017,0.002211033043406226,0.04691494424753537,0.11948759779188561,0.019599998284005892,0.012737064754031531,0.011650822378108678,0.06618116611257162,0.07556475309333588
mixture_l1,2.0,1e+19,power,131072,mixture,0.8047071577351047,reference_p0,first_question_reference,in,True,True,0.11259523197215576,2.2977564920998907,0.6468837880134354,0.41663254110330095,1.0,1.0,3.5175301707482776,724883422.7482328,4352071263.592047,-2048.0,-2.048e-16,False,False,False,False,35185,1.5522985514610844e+18,6.782095857903576e+18,1.6656055906353416e+18,1.0000000000000002e+19,-2048.0,0.15522985514610843,0.6782095857903576,0.16656055906353415,-2.048e-16,2297756492.0998907,reference_p0,0.41663254110330095,True,True,Q_above_A_supported,interior,0.11302252583269279,0.0968248321520278,0.00588968021709595,0.11375419105058357,0.07507775607983627,0.0254628540970504,0.11070066007050916,0.005487697351193036,0.09943242344413017,0.002211033043406226,0.04691494424753537,0.11948759779188561,0.019599998284005892,0.012737064754031531,0.011650822378108678,0.06618116611257162,0.07556475309333588
mixture_l1,2.0,1e+19,logarithmic,2048,fixed_ref,0.8047071577351047,reference_p0,first_question_reference,in,True,True,0.3854073564678233,2.51144328432725,1.0,0.41663254110330095,1.0,1.0,3.1378169416872645,1511467178.4002495,3981774170.41641,0.0,0.0,False,False,False,True,35185,5.807572302788601e+18,3.9646360253703514e+17,3.795964094674364e+18,1e+19,0.0,0.5807572302788601,0.039646360253703515,0.3795964094674364,0.0,2511443284.32725,reference_p0,0.41663254110330095,True,True,Q_above_A_supported,upper_bound,0.11302252583269279,0.0968248321520278,0.00588968021709595,0.11375419105058357,0.07507775607983627,0.0254628540970504,0.11070066007050916,0.005487697351193036,0.09943242344413017,0.002211033043406226,0.04691494424753537,0.11948759779188561,0.019599998284005892,0.012737064754031531,0.011650822378108678,0.06618116611257162,0.07556475309333588
mixture_l1,2.0,1e+19,logarithmic,2048,mixture,0.8047071577351047,reference_p0,first_question_reference,in,True,True,0.3854073564678233,2.51144328432725,1.0,0.41663254110330095,1.0,1.0,3.1378169416872645,1511467178.4002495,3981774170.41641,0.0,0.0,False,False,False,True,35185,5.807572302788601e+18,3.9646360253703514e+17,3.795964094674364e+18,1e+19,0.0,0.5807572302788601,0.039646360253703515,0.3795964094674364,0.0,2511443284.32725,reference_p0,0.41663254110330095,True,True,Q_above_A_supported,upper_bound,0.11302252583269279,0.0968248321520278,0.00588968021709595,0.11375419105058357,0.07507775607983627,0.0254628540970504,0.11070066007050916,0.005487697351193036,0.09943242344413017,0.002211033043406226,0.04691494424753537,0.11948759779188561,0.019599998284005892,0.012737064754031531,0.011650822378108678,0.06618116611257162,0.07556475309333588
mixture_l1,2.0,1e+19,logarithmic,4096,fixed_ref,0.8047071577351047,reference_p0,first_question_reference,in,True,True,0.3708286954532517,2.4751113823321806,1.0,0.41663254110330095,1.0,1.0,3.148193680538305,1511467178.4002495,4040222218.435064,0.0,0.0,False,False,False,True,35185,5.507053950070423e+18,7.51896432649615e+17,3.741049617279962e+18,1e+19,0.0,0.5507053950070423,0.0751896432649615,0.37410496172799623,0.0,2475111382.3321805,reference_p0,0.41663254110330095,True,True,Q_above_A_supported,upper_bound,0.11302252583269279,0.0968248321520278,0.00588968021709595,0.11375419105058357,0.07507775607983627,0.0254628540970504,0.11070066007050916,0.005487697351193036,0.09943242344413017,0.002211033043406226,0.04691494424753537,0.11948759779188561,0.019599998284005892,0.012737064754031531,0.011650822378108678,0.06618116611257162,0.07556475309333588
mixture_l1,2.0,1e+19,logarithmic,4096,mixture,0.8047071577351047,reference_p0,first_question_reference,in,True,True,0.3708286954532517,2.4751113823321806,1.0,0.41663254110330095,1.0,1.0,3.148193680538305,1511467178.4002495,4040222218.435064,0.0,0.0,False,False,False,True,35185,5.507053950070423e+18,7.51896432649615e+17,3.741049617279962e+18,1e+19,0.0,0.5507053950070423,0.0751896432649615,0.37410496172799623,0.0,2475111382.3321805,reference_p0,0.41663254110330095,True,True,Q_above_A_supported,upper_bound,0.11302252583269279,0.0968248321520278,0.00588968021709595,0.11375419105058357,0.07507775607983627,0.0254628540970504,0.11070066007050916,0.005487697351193036,0.09943242344413017,0.002211033043406226,0.04691494424753537,0.11948759779188561,0.019599998284005892,0.012737064754031531,0.011650822378108678,0.06618116611257162,0.07556475309333588
mixture_l1,2.0,1e+19,logarithmic,8192,fixed_ref,0.8047071577351047,reference_p0,first_question_reference,in,True,True,0.3459287572577628,2.4074287099463434,1.0,0.41663254110330095,1.0,1.0,3.1675507884615346,1511467178.4002495,4153809397.8379445,0.0,0.0,False,False,False,True,35185,4.996792930910386e+18,1.3644575896672627e+18,3.6387494794223524e+18,1e+19,0.0,0.4996792930910386,0.13644575896672628,0.36387494794223524,0.0,2407428709.9463434,reference_p0,0.41663254110330095,True,True,Q_above_A_supported,upper_bound,0.11302252583269279,0.0968248321520278,0.00588968021709595,0.11375419105058357,0.07507775607983627,0.0254628540970504,0.11070066007050916,0.005487697351193036,0.09943242344413017,0.002211033043406226,0.04691494424753537,0.11948759779188561,0.019599998284005892,0.012737064754031531,0.011650822378108678,0.06618116611257162,0.07556475309333588
mixture_l1,2.0,1e+19,logarithmic,8192,mixture,0.8047071577351047,reference_p0,first_question_reference,in,True,True,0.3459287572577628,2.4074287099463434,1.0,0.41663254110330095,1.0,1.0,3.1675507884615346,1511467178.4002495,4153809397.8379445,0.0,0.0,False,False,False,True,35185,4.996792930910386e+18,1.3644575896672627e+18,3.6387494794223524e+18,1e+19,0.0,0.4996792930910386,0.13644575896672628,0.36387494794223524,0.0,2407428709.9463434,reference_p0,0.41663254110330095,True,True,Q_above_A_supported,upper_bound,0.11302252583269279,0.0968248321520278,0.00588968021709595,0.11375419105058357,0.07507775607983627,0.0254628540970504,0.11070066007050916,0.005487697351193036,0.09943242344413017,0.002211033043406226,0.04691494424753537,0.11948759779188561,0.019599998284005892,0.012737064754031531,0.011650822378108678,0.06618116611257162,0.07556475309333588
mixture_l1,2.0,1e+19,logarithmic,32768,fixed_ref,0.8047071577351047,reference_p0,first_question_reference,in,True,True,0.2557957552154107,2.1174665540343502,1.0,0.41663254110330095,1.0,1.0,3.2579055861422845,1511467178.4002495,4722624771.07243,0.0,0.0,False,False,False,True,35185,3.2498337379955395e+18,3.549685064221262e+18,3.200481197783199e+18,1e+19,0.0,0.32498337379955394,0.3549685064221262,0.32004811977831993,0.0,2117466554.0343504,reference_p0,0.41663254110330095,True,True,Q_above_A_supported,upper_bound,0.11302252583269279,0.0968248321520278,0.00588968021709595,0.11375419105058357,0.07507775607983627,0.0254628540970504,0.11070066007050916,0.005487697351193036,0.09943242344413017,0.002211033043406226,0.04691494424753537,0.11948759779188561,0.019599998284005892,0.012737064754031531,0.011650822378108678,0.06618116611257162,0.07556475309333588
mixture_l1,2.0,1e+19,logarithmic,32768,mixture,0.8047071577351047,reference_p0,first_question_reference,in,True,True,0.2557957552154107,2.1174665540343502,1.0,0.41663254110330095,1.0,1.0,3.2579055861422845,1511467178.4002495,4722624771.07243,0.0,0.0,False,False,False,True,35185,3.2498337379955395e+18,3.549685064221262e+18,3.200481197783199e+18,1e+19,0.0,0.32498337379955394,0.3549685064221262,0.32004811977831993,0.0,2117466554.0343504,reference_p0,0.41663254110330095,True,True,Q_above_A_supported,upper_bound,0.11302252583269279,0.0968248321520278,0.00588968021709595,0.11375419105058357,0.07507775607983627,0.0254628540970504,0.11070066007050916,0.005487697351193036,0.09943242344413017,0.002211033043406226,0.04691494424753537,0.11948759779188561,0.019599998284005892,0.012737064754031531,0.011650822378108678,0.06618116611257162,0.07556475309333588
mixture_l1,2.0,1e+19,logarithmic,131072,fixed_ref,0.8047071577351047,reference_p0,first_question_reference,in,True,True,0.1471950933522666,1.5991636262453182,1.0,0.41663254110330095,1.0,1.0,3.4563929533589386,1511467178.4002495,6253268793.687507,0.0,0.0,False,False,False,True,35185,1.4123342355043727e+18,6.170582430534305e+18,2.417083333961322e+18,1e+19,0.0,0.14123342355043728,0.6170582430534305,0.2417083333961322,0.0,1599163626.2453182,reference_p0,0.41663254110330095,True,True,Q_above_A_supported,upper_bound,0.11302252583269279,0.0968248321520278,0.00588968021709595,0.11375419105058357,0.07507775607983627,0.0254628540970504,0.11070066007050916,0.005487697351193036,0.09943242344413017,0.002211033043406226,0.04691494424753537,0.11948759779188561,0.019599998284005892,0.012737064754031531,0.011650822378108678,0.06618116611257162,0.07556475309333588
mixture_l1,2.0,1e+19,logarithmic,131072,mixture,0.8047071577351047,reference_p0,first_question_reference,in,True,True,0.1471950933522666,1.5991636262453182,1.0,0.41663254110330095,1.0,1.0,3.4563929533589386,1511467178.4002495,6253268793.687507,0.0,0.0,False,False,False,True,35185,1.4123342355043727e+18,6.170582430534305e+18,2.417083333961322e+18,1e+19,0.0,0.14123342355043728,0.6170582430534305,0.2417083333961322,0.0,1599163626.2453182,reference_p0,0.41663254110330095,True,True,Q_above_A_supported,upper_bound,0.11302252583269279,0.0968248321520278,0.00588968021709595,0.11375419105058357,0.07507775607983627,0.0254628540970504,0.11070066007050916,0.005487697351193036,0.09943242344413017,0.002211033043406226,0.04691494424753537,0.11948759779188561,0.019599998284005892,0.012737064754031531,0.011650822378108678,0.06618116611257162,0.07556475309333588
mixture_l1,2.0,1e+22,exponential,2048,fixed_ref,0.8047071577351047,reference_p0,first_question_reference,in,True,True,5.6424363238385595,249.51190606869363,1.0,0.41663254110330095,1.0,1.0,2.1509865641797186,3912487936.8349757,40078247798.1106,0.0,0.0,False,False,False,True,35185,8.44713025219315e+21,5.766574252163857e+20,9.762123225904655e+20,1e+22,0.0,0.8447130252193149,0.05766574252163857,0.09762123225904655,0.0,249511906068.69363,reference_p0,0.41663254110330095,True,True,Q_above_A_supported,upper_bound,0.11302252583269279,0.0968248321520278,0.00588968021709595,0.11375419105058357,0.07507775607983627,0.0254628540970504,0.11070066007050916,0.005487697351193036,0.09943242344413017,0.002211033043406226,0.04691494424753537,0.11948759779188561,0.019599998284005892,0.012737064754031531,0.011650822378108678,0.06618116611257162,0.07556475309333588
mixture_l1,2.0,1e+22,exponential,2048,mixture,0.8047071577351047,reference_p0,first_question_reference,in,True,True,5.6424363238385595,249.51190606869363,1.0,0.41663254110330095,1.0,1.0,2.1509865641797186,3912487936.8349757,40078247798.1106,0.0,0.0,False,False,False,True,35185,8.44713025219315e+21,5.766574252163857e+20,9.762123225904655e+20,1e+22,0.0,0.8447130252193149,0.05766574252163857,0.09762123225904655,0.0,249511906068.69363,reference_p0,0.41663254110330095,True,True,Q_above_A_supported,upper_bound,0.11302252583269279,0.0968248321520278,0.00588968021709595,0.11375419105058357,0.07507775607983627,0.0254628540970504,0.11070066007050916,0.005487697351193036,0.09943242344413017,0.002211033043406226,0.04691494424753537,0.11948759779188561,0.019599998284005892,0.012737064754031531,0.011650822378108678,0.06618116611257162,0.07556475309333588
mixture_l1,2.0,1e+22,exponential,4096,fixed_ref,0.8047071577351047,reference_p0,first_question_reference,in,True,True,5.466466194047263,242.78082591016923,1.0,0.41663254110330095,1.0,1.0,2.155148529080297,3912487936.8349757,41189414207.282074,0.0,0.0,False,False,False,True,35185,7.962919064404883e+21,1.0872038829267468e+21,9.498770526683694e+20,1e+22,0.0,0.7962919064404883,0.10872038829267468,0.09498770526683695,0.0,242780825910.16922,reference_p0,0.41663254110330095,True,True,Q_above_A_supported,upper_bound,0.11302252583269279,0.0968248321520278,0.00588968021709595,0.11375419105058357,0.07507775607983627,0.0254628540970504,0.11070066007050916,0.005487697351193036,0.09943242344413017,0.002211033043406226,0.04691494424753537,0.11948759779188561,0.019599998284005892,0.012737064754031531,0.011650822378108678,0.06618116611257162,0.07556475309333588
mixture_l1,2.0,1e+22,exponential,4096,mixture,0.8047071577351047,reference_p0,first_question_reference,in,True,True,5.466466194047263,242.78082591016923,1.0,0.41663254110330095,1.0,1.0,2.155148529080297,3912487936.8349757,41189414207.282074,0.0,0.0,False,False,False,True,35185,7.962919064404883e+21,1.0872038829267468e+21,9.498770526683694e+20,1e+22,0.0,0.7962919064404883,0.10872038829267468,0.09498770526683695,0.0,242780825910.16922,reference_p0,0.41663254110330095,True,True,Q_above_A_supported,upper_bound,0.11302252583269279,0.0968248321520278,0.00588968021709595,0.11375419105058357,0.07507775607983627,0.0254628540970504,0.11070066007050916,0.005487697351193036,0.09943242344413017,0.002211033043406226,0.04691494424753537,0.11948759779188561,0.019599998284005892,0.012737064754031531,0.011650822378108678,0.06618116611257162,0.07556475309333588
mixture_l1,2.0,1e+22,exponential,8192,fixed_ref,0.8047071577351047,reference_p0,first_question_reference,in,True,True,5.163688077570455,230.65495215991172,1.0,0.41663254110330095,1.0,1.0,2.1628865766765566,3912487936.8349757,43354802948.54913,0.0,0.0,False,False,False,True,35185,7.146181359004317e+21,1.9513839230987794e+21,9.02434717896903e+20,1e+22,0.0,0.7146181359004318,0.19513839230987795,0.09024347178969029,0.0,230654952159.9117,reference_p0,0.41663254110330095,True,True,Q_above_A_supported,upper_bound,0.11302252583269279,0.0968248321520278,0.00588968021709595,0.11375419105058357,0.07507775607983627,0.0254628540970504,0.11070066007050916,0.005487697351193036,0.09943242344413017,0.002211033043406226,0.04691494424753537,0.11948759779188561,0.019599998284005892,0.012737064754031531,0.011650822378108678,0.06618116611257162,0.07556475309333588
mixture_l1,2.0,1e+22,exponential,8192,mixture,0.8047071577351047,reference_p0,first_question_reference,in,True,True,5.163688077570455,230.65495215991172,1.0,0.41663254110330095,1.0,1.0,2.1628865766765566,3912487936.8349757,43354802948.54913,0.0,0.0,False,False,False,True,35185,7.146181359004317e+21,1.9513839230987794e+21,9.02434717896903e+20,1e+22,0.0,0.7146181359004318,0.19513839230987795,0.09024347178969029,0.0,230654952159.9117,reference_p0,0.41663254110330095,True,True,Q_above_A_supported,upper_bound,0.11302252583269279,0.0968248321520278,0.00588968021709595,0.11375419105058357,0.07507775607983627,0.0254628540970504,0.11070066007050916,0.005487697351193036,0.09943242344413017,0.002211033043406226,0.04691494424753537,0.11948759779188561,0.019599998284005892,0.012737064754031531,0.011650822378108678,0.06618116611257162,0.07556475309333588
mixture_l1,2.0,1e+22,exponential,32768,fixed_ref,0.8047071577351047,reference_p0,first_question_reference,in,True,True,4.030262497227182,183.46337723800943,1.0,0.41663254110330095,1.0,1.0,2.198591790044161,3912487936.8349757,54506791222.02612,0.0,0.0,False,False,False,True,35185,4.4364334133819547e+21,4.845768336323329e+21,7.177982502947164e+20,1e+22,0.0,0.4436433413381955,0.4845768336323329,0.07177982502947164,0.0,183463377238.00943,reference_p0,0.41663254110330095,True,True,Q_above_A_supported,upper_bound,0.11302252583269279,0.0968248321520278,0.00588968021709595,0.11375419105058357,0.07507775607983627,0.0254628540970504,0.11070066007050916,0.005487697351193036,0.09943242344413017,0.002211033043406226,0.04691494424753537,0.11948759779188561,0.019599998284005892,0.012737064754031531,0.011650822378108678,0.06618116611257162,0.07556475309333588
mixture_l1,2.0,1e+22,exponential,32768,mixture,0.8047071577351047,reference_p0,first_question_reference,in,True,True,4.030262497227182,183.46337723800943,1.0,0.41663254110330095,1.0,1.0,2.198591790044161,3912487936.8349757,54506791222.02612,0.0,0.0,False,False,False,True,35185,4.4364334133819547e+21,4.845768336323329e+21,7.177982502947164e+20,1e+22,0.0,0.4436433413381955,0.4845768336323329,0.07177982502947164,0.0,183463377238.00943,reference_p0,0.41663254110330095,True,True,Q_above_A_supported,upper_bound,0.11302252583269279,0.0968248321520278,0.00588968021709595,0.11375419105058357,0.07507775607983627,0.0254628540970504,0.11070066007050916,0.005487697351193036,0.09943242344413017,0.002211033043406226,0.04691494424753537,0.11948759779188561,0.019599998284005892,0.012737064754031531,0.011650822378108678,0.06618116611257162,0.07556475309333588
mixture_l1,2.0,1e+22,exponential,131072,fixed_ref,0.8047071577351047,reference_p0,first_question_reference,in,True,True,2.549177050509118,116.23487738497646,1.0,0.41663254110330095,1.0,1.0,2.2750259140022036,3912487936.8349757,86032697112.7559,-2097152.0,-2.097152e-16,False,False,False,True,35185,1.7778196913911397e+21,7.767412753000649e+21,4.547675556082129e+20,1.0000000000000002e+22,-2097152.0,0.17778196913911398,0.7767412753000649,0.04547675556082129,-2.097152e-16,116234877384.97646,reference_p0,0.41663254110330095,True,True,Q_above_A_supported,upper_bound,0.11302252583269279,0.0968248321520278,0.00588968021709595,0.11375419105058357,0.07507775607983627,0.0254628540970504,0.11070066007050916,0.005487697351193036,0.09943242344413017,0.002211033043406226,0.04691494424753537,0.11948759779188561,0.019599998284005892,0.012737064754031531,0.011650822378108678,0.06618116611257162,0.07556475309333588
mixture_l1,2.0,1e+22,exponential,131072,mixture,0.8047071577351047,reference_p0,first_question_reference,in,True,True,2.549177050509118,116.23487738497646,1.0,0.41663254110330095,1.0,1.0,2.2750259140022036,3912487936.8349757,86032697112.7559,-2097152.0,-2.097152e-16,False,False,False,True,35185,1.7778196913911397e+21,7.767412753000649e+21,4.547675556082129e+20,1.0000000000000002e+22,-2097152.0,0.17778196913911398,0.7767412753000649,0.04547675556082129,-2.097152e-16,116234877384.97646,reference_p0,0.41663254110330095,True,True,Q_above_A_supported,upper_bound,0.11302252583269279,0.0968248321520278,0.00588968021709595,0.11375419105058357,0.07507775607983627,0.0254628540970504,0.11070066007050916,0.005487697351193036,0.09943242344413017,0.002211033043406226,0.04691494424753537,0.11948759779188561,0.019599998284005892,0.012737064754031531,0.011650822378108678,0.06618116611257162,0.07556475309333588
mixture_l1,2.0,1e+22,power,2048,fixed_ref,0.8047071577351047,reference_p0,first_question_reference,in,True,True,5.777057187393709,238.78902810778465,1.0,0.41663254110330095,1.0,1.0,2.15269061051389,4849345275.903549,41877971024.22226,0.0,0.0,False,False,False,True,35185,8.276987226605012e+21,5.650423280029022e+20,1.1579704453920853e+21,1e+22,0.0,0.8276987226605013,0.056504232800290224,0.11579704453920853,0.0,238789028107.78464,reference_p0,0.41663254110330095,True,True,Q_above_A_supported,upper_bound,0.11302252583269279,0.0968248321520278,0.00588968021709595,0.11375419105058357,0.07507775607983627,0.0254628540970504,0.11070066007050916,0.005487697351193036,0.09943242344413017,0.002211033043406226,0.04691494424753537,0.11948759779188561,0.019599998284005892,0.012737064754031531,0.011650822378108678,0.06618116611257162,0.07556475309333588
mixture_l1,2.0,1e+22,power,2048,mixture,0.8047071577351047,reference_p0,first_question_reference,in,True,True,5.777057187393709,238.78902810778465,1.0,0.41663254110330095,1.0,1.0,2.15269061051389,4849345275.903549,41877971024.22226,0.0,0.0,False,False,False,True,35185,8.276987226605012e+21,5.650423280029022e+20,1.1579704453920853e+21,1e+22,0.0,0.8276987226605013,0.056504232800290224,0.11579704453920853,0.0,238789028107.78464,reference_p0,0.41663254110330095,True,True,Q_above_A_supported,upper_bound,0.11302252583269279,0.0968248321520278,0.00588968021709595,0.11375419105058357,0.07507775607983627,0.0254628540970504,0.11070066007050916,0.005487697351193036,0.09943242344413017,0.002211033043406226,0.04691494424753537,0.11948759779188561,0.019599998284005892,0.012737064754031531,0.011650822378108678,0.06618116611257162,0.07556475309333588
mixture_l1,2.0,1e+22,power,4096,fixed_ref,0.8047071577351047,reference_p0,first_question_reference,in,True,True,5.595514171565783,232.52420444069142,1.0,0.41663254110330095,1.0,1.0,2.156819664290905,4849345275.903549,43006275514.644936,0.0,0.0,False,False,False,True,35185,7.806554887079688e+21,1.0658549605826135e+21,1.1275901523376979e+21,1e+22,0.0,0.7806554887079689,0.10658549605826136,0.1127590152337698,0.0,232524204440.6914,reference_p0,0.41663254110330095,True,True,Q_above_A_supported,upper_bound,0.11302252583269279,0.0968248321520278,0.00588968021709595,0.11375419105058357,0.07507775607983627,0.0254628540970504,0.11070066007050916,0.005487697351193036,0.09943242344413017,0.002211033043406226,0.04691494424753537,0.11948759779188561,0.019599998284005892,0.012737064754031531,0.011650822378108678,0.06618116611257162,0.07556475309333588
mixture_l1,2.0,1e+22,power,4096,mixture,0.8047071577351047,reference_p0,first_question_reference,in,True,True,5.595514171565783,232.52420444069142,1.0,0.41663254110330095,1.0,1.0,2.156819664290905,4849345275.903549,43006275514.644936,0.0,0.0,False,False,False,True,35185,7.806554887079688e+21,1.0658549605826135e+21,1.1275901523376979e+21,1e+22,0.0,0.7806554887079689,0.10658549605826136,0.1127590152337698,0.0,232524204440.6914,reference_p0,0.41663254110330095,True,True,Q_above_A_supported,upper_bound,0.11302252583269279,0.0968248321520278,0.00588968021709595,0.11375419105058357,0.07507775607983627,0.0254628540970504,0.11070066007050916,0.005487697351193036,0.09943242344413017,0.002211033043406226,0.04691494424753537,0.11948759779188561,0.019599998284005892,0.012737064754031531,0.011650822378108678,0.06618116611257162,0.07556475309333588
mixture_l1,2.0,1e+22,power,8192,fixed_ref,0.8047071577351047,reference_p0,first_question_reference,in,True,True,5.279101352242082,221.3700310107812,1.0,0.41663254110330095,1.0,1.0,2.16449858381103,4849345275.903549,45173233044.86947,0.0,0.0,False,False,False,True,35185,7.01180898032932e+21,1.9146913055619264e+21,1.073499714108754e+21,1e+22,0.0,0.701180898032932,0.19146913055619263,0.10734997141087539,0.0,221370031010.7812,reference_p0,0.41663254110330095,True,True,Q_above_A_supported,upper_bound,0.11302252583269279,0.0968248321520278,0.00588968021709595,0.11375419105058357,0.07507775607983627,0.0254628540970504,0.11070066007050916,0.005487697351193036,0.09943242344413017,0.002211033043406226,0.04691494424753537,0.11948759779188561,0.019599998284005892,0.012737064754031531,0.011650822378108678,0.06618116611257162,0.07556475309333588
mixture_l1,2.0,1e+22,power,8192,mixture,0.8047071577351047,reference_p0,first_question_reference,in,True,True,5.279101352242082,221.3700310107812,1.0,0.41663254110330095,1.0,1.0,2.16449858381103,4849345275.903549,45173233044.86947,0.0,0.0,False,False,False,True,35185,7.01180898032932e+21,1.9146913055619264e+21,1.073499714108754e+21,1e+22,0.0,0.701180898032932,0.19146913055619263,0.10734997141087539,0.0,221370031010.7812,reference_p0,0.41663254110330095,True,True,Q_above_A_supported,upper_bound,0.11302252583269279,0.0968248321520278,0.00588968021709595,0.11375419105058357,0.07507775607983627,0.0254628540970504,0.11070066007050916,0.005487697351193036,0.09943242344413017,0.002211033043406226,0.04691494424753537,0.11948759779188561,0.019599998284005892,0.012737064754031531,0.011650822378108678,0.06618116611257162,0.07556475309333588
mixture_l1,2.0,1e+22,power,32768,fixed_ref,0.8047071577351047,reference_p0,first_question_reference,in,True,True,4.1041825229933595,177.394256137393,1.0,0.41663254110330095,1.0,1.0,2.19996248004066,4849345275.903549,56371610996.552986,0.0,0.0,False,False,False,True,35185,4.368350434310975e+21,4.771403567716734e+21,8.602459979722909e+20,1e+22,0.0,0.4368350434310975,0.47714035677167344,0.0860245997972291,0.0,177394256137.393,reference_p0,0.41663254110330095,True,True,Q_above_A_supported,upper_bound,0.11302252583269279,0.0968248321520278,0.00588968021709595,0.11375419105058357,0.07507775607983627,0.0254628540970504,0.11070066007050916,0.005487697351193036,0.09943242344413017,0.002211033043406226,0.04691494424753537,0.11948759779188561,0.019599998284005892,0.012737064754031531,0.011650822378108678,0.06618116611257162,0.07556475309333588
mixture_l1,2.0,1e+22,power,32768,mixture,0.8047071577351047,reference_p0,first_question_reference,in,True,True,4.1041825229933595,177.394256137393,1.0,0.41663254110330095,1.0,1.0,2.19996248004066,4849345275.903549,56371610996.552986,0.0,0.0,False,False,False,True,35185,4.368350434310975e+21,4.771403567716734e+21,8.602459979722909e+20,1e+22,0.0,0.4368350434310975,0.47714035677167344,0.0860245997972291,0.0,177394256137.393,reference_p0,0.41663254110330095,True,True,Q_above_A_supported,upper_bound,0.11302252583269279,0.0968248321520278,0.00588968021709595,0.11375419105058357,0.07507775607983627,0.0254628540970504,0.11070066007050916,0.005487697351193036,0.09943242344413017,0.002211033043406226,0.04691494424753537,0.11948759779188561,0.019599998284005892,0.012737064754031531,0.011650822378108678,0.06618116611257162,0.07556475309333588
mixture_l1,2.0,1e+22,power,131072,fixed_ref,0.8047071577351047,reference_p0,first_question_reference,in,True,True,2.5794077478089608,113.70947595187835,1.0,0.41663254110330095,1.0,1.0,2.2760167243969756,4849345275.903549,87943418226.92053,-2097152.0,-2.097152e-16,False,False,False,True,35185,1.7598186196174302e+21,7.688764870349862e+21,5.514165100327095e+20,1.0000000000000002e+22,-2097152.0,0.175981861961743,0.7688764870349862,0.055141651003270946,-2.097152e-16,113709475951.87834,reference_p0,0.41663254110330095,True,True,Q_above_A_supported,upper_bound,0.11302252583269279,0.0968248321520278,0.00588968021709595,0.11375419105058357,0.07507775607983627,0.0254628540970504,0.11070066007050916,0.005487697351193036,0.09943242344413017,0.002211033043406226,0.04691494424753537,0.11948759779188561,0.019599998284005892,0.012737064754031531,0.011650822378108678,0.06618116611257162,0.07556475309333588
mixture_l1,2.0,1e+22,power,131072,mixture,0.8047071577351047,reference_p0,first_question_reference,in,True,True,2.5794077478089608,113.70947595187835,1.0,0.41663254110330095,1.0,1.0,2.2760167243969756,4849345275.903549,87943418226.92053,-2097152.0,-2.097152e-16,False,False,False,True,35185,1.7598186196174302e+21,7.688764870349862e+21,5.514165100327095e+20,1.0000000000000002e+22,-2097152.0,0.175981861961743,0.7688764870349862,0.055141651003270946,-2.097152e-16,113709475951.87834,reference_p0,0.41663254110330095,True,True,Q_above_A_supported,upper_bound,0.11302252583269279,0.0968248321520278,0.00588968021709595,0.11375419105058357,0.07507775607983627,0.0254628540970504,0.11070066007050916,0.005487697351193036,0.09943242344413017,0.002211033043406226,0.04691494424753537,0.11948759779188561,0.019599998284005892,0.012737064754031531,0.011650822378108678,0.06618116611257162,0.07556475309333588
mixture_l1,2.0,1e+22,logarithmic,2048,fixed_ref,0.8047071577351047,reference_p0,first_question_reference,in,True,True,5.268738774482015,283.4308435276214,1.0,0.41663254110330095,1.0,1.0,2.1463457390253806,1511467178.4002495,35281975227.320175,0.0,0.0,False,False,False,True,35185,8.959938451068744e+21,6.116651315929595e+20,4.283964173382965e+20,1e+22,0.0,0.8959938451068744,0.06116651315929595,0.04283964173382965,0.0,283430843527.6214,reference_p0,0.41663254110330095,True,True,Q_above_A_supported,upper_bound,0.11302252583269279,0.0968248321520278,0.00588968021709595,0.11375419105058357,0.07507775607983627,0.0254628540970504,0.11070066007050916,0.005487697351193036,0.09943242344413017,0.002211033043406226,0.04691494424753537,0.11948759779188561,0.019599998284005892,0.012737064754031531,0.011650822378108678,0.06618116611257162,0.07556475309333588
mixture_l1,2.0,1e+22,logarithmic,2048,mixture,0.8047071577351047,reference_p0,first_question_reference,in,True,True,5.268738774482015,283.4308435276214,1.0,0.41663254110330095,1.0,1.0,2.1463457390253806,1511467178.4002495,35281975227.320175,0.0,0.0,False,False,False,True,35185,8.959938451068744e+21,6.116651315929595e+20,4.283964173382965e+20,1e+22,0.0,0.8959938451068744,0.06116651315929595,0.04283964173382965,0.0,283430843527.6214,reference_p0,0.41663254110330095,True,True,Q_above_A_supported,upper_bound,0.11302252583269279,0.0968248321520278,0.00588968021709595,0.11375419105058357,0.07507775607983627,0.0254628540970504,0.11070066007050916,0.005487697351193036,0.09943242344413017,0.002211033043406226,0.04691494424753537,0.11948759779188561,0.019599998284005892,0.012737064754031531,0.011650822378108678,0.06618116611257162,0.07556475309333588
mixture_l1,2.0,1e+22,logarithmic,4096,fixed_ref,0.8047071577351047,reference_p0,first_question_reference,in,True,True,5.1157188286534,274.75111178577185,1.0,0.41663254110330095,1.0,1.0,2.150604408716601,1511467178.4002495,36396577014.753525,2097152.0,2.097152e-16,False,False,False,True,35185,8.43329661453557e+21,1.1514260977712563e+21,4.152772876931721e+20,9.999999999999998e+21,2097152.0,0.843329661453557,0.11514260977712563,0.04152772876931721,2.097152e-16,274751111785.77185,reference_p0,0.41663254110330095,True,True,Q_above_A_supported,upper_bound,0.11302252583269279,0.0968248321520278,0.00588968021709595,0.11375419105058357,0.07507775607983627,0.0254628540970504,0.11070066007050916,0.005487697351193036,0.09943242344413017,0.002211033043406226,0.04691494424753537,0.11948759779188561,0.019599998284005892,0.012737064754031531,0.011650822378108678,0.06618116611257162,0.07556475309333588
mixture_l1,2.0,1e+22,logarithmic,4096,mixture,0.8047071577351047,reference_p0,first_question_reference,in,True,True,5.1157188286534,274.75111178577185,1.0,0.41663254110330095,1.0,1.0,2.150604408716601,1511467178.4002495,36396577014.753525,2097152.0,2.097152e-16,False,False,False,True,35185,8.43329661453557e+21,1.1514260977712563e+21,4.152772876931721e+20,9.999999999999998e+21,2097152.0,0.843329661453557,0.11514260977712563,0.04152772876931721,2.097152e-16,274751111785.77185,reference_p0,0.41663254110330095,True,True,Q_above_A_supported,upper_bound,0.11302252583269279,0.0968248321520278,0.00588968021709595,0.11375419105058357,0.07507775607983627,0.0254628540970504,0.11070066007050916,0.005487697351193036,0.09943242344413017,0.002211033043406226,0.04691494424753537,0.11948759779188561,0.019599998284005892,0.012737064754031531,0.011650822378108678,0.06618116611257162,0.07556475309333588
mixture_l1,2.0,1e+22,logarithmic,8192,fixed_ref,0.8047071577351047,reference_p0,first_question_reference,in,True,True,4.845441262588582,259.5859529594611,1.0,0.41663254110330095,1.0,1.0,2.1585153775285373,1511467178.4002495,38522885718.55687,0.0,0.0,False,False,False,True,35185,7.546850925948908e+21,2.0607934261791157e+21,3.923556478719766e+20,1e+22,0.0,0.7546850925948908,0.20607934261791158,0.03923556478719766,0.0,259585952959.46112,reference_p0,0.41663254110330095,True,True,Q_above_A_supported,upper_bound,0.11302252583269279,0.0968248321520278,0.00588968021709595,0.11375419105058357,0.07507775607983627,0.0254628540970504,0.11070066007050916,0.005487697351193036,0.09943242344413017,0.002211033043406226,0.04691494424753537,0.11948759779188561,0.019599998284005892,0.012737064754031531,0.011650822378108678,0.06618116611257162,0.07556475309333588
mixture_l1,2.0,1e+22,logarithmic,8192,mixture,0.8047071577351047,reference_p0,first_question_reference,in,True,True,4.845441262588582,259.5859529594611,1.0,0.41663254110330095,1.0,1.0,2.1585153775285373,1511467178.4002495,38522885718.55687,0.0,0.0,False,False,False,True,35185,7.546850925948908e+21,2.0607934261791157e+21,3.923556478719766e+20,1e+22,0.0,0.7546850925948908,0.20607934261791158,0.03923556478719766,0.0,259585952959.46112,reference_p0,0.41663254110330095,True,True,Q_above_A_supported,upper_bound,0.11302252583269279,0.0968248321520278,0.00588968021709595,0.11375419105058357,0.07507775607983627,0.0254628540970504,0.11070066007050916,0.005487697351193036,0.09943242344413017,0.002211033043406226,0.04691494424753537,0.11948759779188561,0.019599998284005892,0.012737064754031531,0.011650822378108678,0.06618116611257162,0.07556475309333588
mixture_l1,2.0,1e+22,logarithmic,32768,fixed_ref,0.8047071577351047,reference_p0,first_question_reference,in,True,True,3.831422100345774,201.5738578115588,1.0,0.41663254110330095,1.0,1.0,2.194915683808947,1511467178.4002495,49609607657.30095,-2097152.0,-2.097152e-16,False,False,False,True,35185,4.633887202026978e+21,5.061440527867334e+21,3.0467227010568985e+20,1.0000000000000002e+22,-2097152.0,0.4633887202026978,0.5061440527867334,0.030467227010568986,-2.097152e-16,201573857811.5588,reference_p0,0.41663254110330095,True,True,Q_above_A_supported,upper_bound,0.11302252583269279,0.0968248321520278,0.00588968021709595,0.11375419105058357,0.07507775607983627,0.0254628540970504,0.11070066007050916,0.005487697351193036,0.09943242344413017,0.002211033043406226,0.04691494424753537,0.11948759779188561,0.019599998284005892,0.012737064754031531,0.011650822378108678,0.06618116611257162,0.07556475309333588
mixture_l1,2.0,1e+22,logarithmic,32768,mixture,0.8047071577351047,reference_p0,first_question_reference,in,True,True,3.831422100345774,201.5738578115588,1.0,0.41663254110330095,1.0,1.0,2.194915683808947,1511467178.4002495,49609607657.30095,-2097152.0,-2.097152e-16,False,False,False,True,35185,4.633887202026978e+21,5.061440527867334e+21,3.0467227010568985e+20,1.0000000000000002e+22,-2097152.0,0.4633887202026978,0.5061440527867334,0.030467227010568986,-2.097152e-16,201573857811.5588,reference_p0,0.41663254110330095,True,True,Q_above_A_supported,upper_bound,0.11302252583269279,0.0968248321520278,0.00588968021709595,0.11375419105058357,0.07507775607983627,0.0254628540970504,0.11070066007050916,0.005487697351193036,0.09943242344413017,0.002211033043406226,0.04691494424753537,0.11948759779188561,0.019599998284005892,0.012737064754031531,0.011650822378108678,0.06618116611257162,0.07556475309333588
mixture_l1,2.0,1e+22,logarithmic,131072,fixed_ref,0.8047071577351047,reference_p0,first_question_reference,in,True,True,2.46906960572935,123.37901095124617,1.0,0.41663254110330095,1.0,1.0,2.272411180898094,1511467178.4002495,81051063085.20782,0.0,0.0,False,False,False,True,35185,1.8277881955480235e+21,7.985728478895684e+21,1.8648332555629353e+20,1e+22,0.0,0.18277881955480235,0.7985728478895684,0.01864833255562935,0.0,123379010951.24617,reference_p0,0.41663254110330095,True,True,Q_above_A_supported,upper_bound,0.11302252583269279,0.0968248321520278,0.00588968021709595,0.11375419105058357,0.07507775607983627,0.0254628540970504,0.11070066007050916,0.005487697351193036,0.09943242344413017,0.002211033043406226,0.04691494424753537,0.11948759779188561,0.019599998284005892,0.012737064754031531,0.011650822378108678,0.06618116611257162,0.07556475309333588
mixture_l1,2.0,1e+22,logarithmic,131072,mixture,0.8047071577351047,reference_p0,first_question_reference,in,True,True,2.46906960572935,123.37901095124617,1.0,0.41663254110330095,1.0,1.0,2.272411180898094,1511467178.4002495,81051063085.20782,0.0,0.0,False,False,False,True,35185,1.8277881955480235e+21,7.985728478895684e+21,1.8648332555629353e+20,1e+22,0.0,0.18277881955480235,0.7985728478895684,0.01864833255562935,0.0,123379010951.24617,reference_p0,0.41663254110330095,True,True,Q_above_A_supported,upper_bound,0.11302252583269279,0.0968248321520278,0.00588968021709595,0.11375419105058357,0.07507775607983627,0.0254628540970504,0.11070066007050916,0.005487697351193036,0.09943242344413017,0.002211033043406226,0.04691494424753537,0.11948759779188561,0.019599998284005892,0.012737064754031531,0.011650822378108678,0.06618116611257162,0.07556475309333588
mixture_l1,2.0,1e+24,exponential,2048,fixed_ref,0.8047071577351047,reference_p0,first_question_reference,in,True,True,40.74052926455529,3772.9729107897265,1.0,0.41663254110330095,1.0,1.0,1.913903619152281,3912487936.8349757,265042984310.92856,0.0,0.0,False,False,False,True,35185,9.222774797184193e+23,6.2960809282110765e+22,1.476171099946995e+22,1e+24,0.0,0.9222774797184193,0.06296080928211077,0.01476171099946995,0.0,3772972910789.7266,reference_p0,0.41663254110330095,False,False,N_above_support;D_above_support;Q_above_A_supported,upper_bound,0.11302252583269279,0.0968248321520278,0.00588968021709595,0.11375419105058357,0.07507775607983627,0.0254628540970504,0.11070066007050916,0.005487697351193036,0.09943242344413017,0.002211033043406226,0.04691494424753537,0.11948759779188561,0.019599998284005892,0.012737064754031531,0.011650822378108678,0.06618116611257162,0.07556475309333588
mixture_l1,2.0,1e+24,exponential,2048,mixture,0.8047071577351047,reference_p0,first_question_reference,in,True,True,40.74052926455529,3772.9729107897265,1.0,0.41663254110330095,1.0,1.0,1.913903619152281,3912487936.8349757,265042984310.92856,0.0,0.0,False,False,False,True,35185,9.222774797184193e+23,6.2960809282110765e+22,1.476171099946995e+22,1e+24,0.0,0.9222774797184193,0.06296080928211077,0.01476171099946995,0.0,3772972910789.7266,reference_p0,0.41663254110330095,False,False,N_above_support;D_above_support;Q_above_A_supported,upper_bound,0.11302252583269279,0.0968248321520278,0.00588968021709595,0.11375419105058357,0.07507775607983627,0.0254628540970504,0.11070066007050916,0.005487697351193036,0.09943242344413017,0.002211033043406226,0.04691494424753537,0.11948759779188561,0.019599998284005892,0.012737064754031531,0.011650822378108678,0.06618116611257162,0.07556475309333588
mixture_l1,2.0,1e+24,exponential,4096,fixed_ref,0.8047071577351047,reference_p0,first_question_reference,in,True,True,39.59618396534492,3650.610500495647,1.0,0.41663254110330095,1.0,1.0,1.9160275710896768,3912487936.8349757,273926785633.31503,0.0,0.0,False,False,False,True,35185,8.673014697806731e+23,1.1841556067405458e+23,1.4282969545272312e+22,1e+24,0.0,0.8673014697806731,0.11841556067405458,0.014282969545272313,0.0,3650610500495.647,reference_p0,0.41663254110330095,False,False,N_above_support;D_above_support;Q_above_A_supported,upper_bound,0.11302252583269279,0.0968248321520278,0.00588968021709595,0.11375419105058357,0.07507775607983627,0.0254628540970504,0.11070066007050916,0.005487697351193036,0.09943242344413017,0.002211033043406226,0.04691494424753537,0.11948759779188561,0.019599998284005892,0.012737064754031531,0.011650822378108678,0.06618116611257162,0.07556475309333588
mixture_l1,2.0,1e+24,exponential,4096,mixture,0.8047071577351047,reference_p0,first_question_reference,in,True,True,39.59618396534492,3650.610500495647,1.0,0.41663254110330095,1.0,1.0,1.9160275710896768,3912487936.8349757,273926785633.31503,0.0,0.0,False,False,False,True,35185,8.673014697806731e+23,1.1841556067405458e+23,1.4282969545272312e+22,1e+24,0.0,0.8673014697806731,0.11841556067405458,0.014282969545272313,0.0,3650610500495.647,reference_p0,0.41663254110330095,False,False,N_above_support;D_above_support;Q_above_A_supported,upper_bound,0.11302252583269279,0.0968248321520278,0.00588968021709595,0.11375419105058357,0.07507775607983627,0.0254628540970504,0.11070066007050916,0.005487697351193036,0.09943242344413017,0.002211033043406226,0.04691494424753537,0.11948759779188561,0.019599998284005892,0.012737064754031531,0.011650822378108678,0.06618116611257162,0.07556475309333588
mixture_l1,2.0,1e+24,exponential,8192,fixed_ref,0.8047071577351047,reference_p0,first_question_reference,in,True,True,37.59643507049264,3435.374283393157,1.0,0.41663254110330095,1.0,1.0,1.9199711532667088,3912487936.8349757,291089097579.2859,-268435456.0,-2.6843545600000003e-16,False,False,False,True,35185,7.74946957130586e+23,2.1161218242712537e+23,1.3440860442288825e+22,1.0000000000000003e+24,-268435456.0,0.774946957130586,0.21161218242712537,0.013440860442288824,-2.6843545600000003e-16,3435374283393.1567,reference_p0,0.41663254110330095,False,False,N_above_support;D_above_support;Q_above_A_supported,upper_bound,0.11302252583269279,0.0968248321520278,0.00588968021709595,0.11375419105058357,0.07507775607983627,0.0254628540970504,0.11070066007050916,0.005487697351193036,0.09943242344413017,0.002211033043406226,0.04691494424753537,0.11948759779188561,0.019599998284005892,0.012737064754031531,0.011650822378108678,0.06618116611257162,0.07556475309333588
mixture_l1,2.0,1e+24,exponential,8192,mixture,0.8047071577351047,reference_p0,first_question_reference,in,True,True,37.59643507049264,3435.374283393157,1.0,0.41663254110330095,1.0,1.0,1.9199711532667088,3912487936.8349757,291089097579.2859,-268435456.0,-2.6843545600000003e-16,False,False,False,True,35185,7.74946957130586e+23,2.1161218242712537e+23,1.3440860442288825e+22,1.0000000000000003e+24,-268435456.0,0.774946957130586,0.21161218242712537,0.013440860442288824,-2.6843545600000003e-16,3435374283393.1567,reference_p0,0.41663254110330095,False,False,N_above_support;D_above_support;Q_above_A_supported,upper_bound,0.11302252583269279,0.0968248321520278,0.00588968021709595,0.11375419105058357,0.07507775607983627,0.0254628540970504,0.11070066007050916,0.005487697351193036,0.09943242344413017,0.002211033043406226,0.04691494424753537,0.11948759779188561,0.019599998284005892,0.012737064754031531,0.011650822378108678,0.06618116611257162,0.07556475309333588
mixture_l1,2.0,1e+24,exponential,32768,fixed_ref,0.8047071577351047,reference_p0,first_question_reference,in,True,True,29.918971954932235,2635.023239845255,1.0,0.41663254110330095,1.0,1.0,1.9380887958974857,3912487936.8349757,379503294270.2723,0.0,0.0,False,False,False,True,35185,4.7302311848114916e+23,5.166673848796765e+23,1.0309496639174375e+22,1e+24,0.0,0.4730231184811492,0.5166673848796766,0.010309496639174374,0.0,2635023239845.255,reference_p0,0.41663254110330095,False,False,N_above_support;D_above_support;Q_above_A_supported,upper_bound,0.11302252583269279,0.0968248321520278,0.00588968021709595,0.11375419105058357,0.07507775607983627,0.0254628540970504,0.11070066007050916,0.005487697351193036,0.09943242344413017,0.002211033043406226,0.04691494424753537,0.11948759779188561,0.019599998284005892,0.012737064754031531,0.011650822378108678,0.06618116611257162,0.07556475309333588
mixture_l1,2.0,1e+24,exponential,32768,mixture,0.8047071577351047,reference_p0,first_question_reference,in,True,True,29.918971954932235,2635.023239845255,1.0,0.41663254110330095,1.0,1.0,1.9380887958974857,3912487936.8349757,379503294270.2723,0.0,0.0,False,False,False,True,35185,4.7302311848114916e+23,5.166673848796765e+23,1.0309496639174375e+22,1e+24,0.0,0.4730231184811492,0.5166673848796766,0.010309496639174374,0.0,2635023239845.255,reference_p0,0.41663254110330095,False,False,N_above_support;D_above_support;Q_above_A_supported,upper_bound,0.11302252583269279,0.0968248321520278,0.00588968021709595,0.11375419105058357,0.07507775607983627,0.0254628540970504,0.11070066007050916,0.005487697351193036,0.09943242344413017,0.002211033043406226,0.04691494424753537,0.11948759779188561,0.019599998284005892,0.012737064754031531,0.011650822378108678,0.06618116611257162,0.07556475309333588
mixture_l1,2.0,1e+24,exponential,131072,fixed_ref,0.8047071577351047,reference_p0,first_question_reference,in,True,True,19.461366584855774,1585.1660524813324,1.0,0.41663254110330095,1.0,1.0,1.9765514600318008,3912487936.8349757,630848735648.0128,0.0,0.0,False,False,False,True,35185,1.8509698587124762e+23,8.087010710705389e+23,6.20194305821353e+21,1e+24,0.0,0.18509698587124762,0.8087010710705389,0.00620194305821353,0.0,1585166052481.3323,reference_p0,0.41663254110330095,False,False,N_above_support;D_above_support;Q_above_A_supported,upper_bound,0.11302252583269279,0.0968248321520278,0.00588968021709595,0.11375419105058357,0.07507775607983627,0.0254628540970504,0.11070066007050916,0.005487697351193036,0.09943242344413017,0.002211033043406226,0.04691494424753537,0.11948759779188561,0.019599998284005892,0.012737064754031531,0.011650822378108678,0.06618116611257162,0.07556475309333588
mixture_l1,2.0,1e+24,exponential,131072,mixture,0.8047071577351047,reference_p0,first_question_reference,in,True,True,19.461366584855774,1585.1660524813324,1.0,0.41663254110330095,1.0,1.0,1.9765514600318008,3912487936.8349757,630848735648.0128,0.0,0.0,False,False,False,True,35185,1.8509698587124762e+23,8.087010710705389e+23,6.20194305821353e+21,1e+24,0.0,0.18509698587124762,0.8087010710705389,0.00620194305821353,0.0,1585166052481.3323,reference_p0,0.41663254110330095,False,False,N_above_support;D_above_support;Q_above_A_supported,upper_bound,0.11302252583269279,0.0968248321520278,0.00588968021709595,0.11375419105058357,0.07507775607983627,0.0254628540970504,0.11070066007050916,0.005487697351193036,0.09943242344413017,0.002211033043406226,0.04691494424753537,0.11948759779188561,0.019599998284005892,0.012737064754031531,0.011650822378108678,0.06618116611257162,0.07556475309333588
mixture_l1,2.0,1e+24,power,2048,fixed_ref,0.8047071577351047,reference_p0,first_question_reference,in,True,True,40.92104037495471,3743.399745240413,1.0,0.41663254110330095,1.0,1.0,1.9140256838178147,4849345275.903549,267136845663.21326,134217728.0,1.3421772800000001e-16,False,False,False,True,35185,9.191028726874685e+23,6.274408944213118e+22,1.8153037870400144e+22,9.999999999999998e+23,134217728.0,0.9191028726874685,0.06274408944213118,0.018153037870400145,1.3421772800000001e-16,3743399745240.4126,reference_p0,0.41663254110330095,False,False,N_above_support;D_above_support;Q_above_A_supported,upper_bound,0.11302252583269279,0.0968248321520278,0.00588968021709595,0.11375419105058357,0.07507775607983627,0.0254628540970504,0.11070066007050916,0.005487697351193036,0.09943242344413017,0.002211033043406226,0.04691494424753537,0.11948759779188561,0.019599998284005892,0.012737064754031531,0.011650822378108678,0.06618116611257162,0.07556475309333588
mixture_l1,2.0,1e+24,power,2048,mixture,0.8047071577351047,reference_p0,first_question_reference,in,True,True,40.92104037495471,3743.399745240413,1.0,0.41663254110330095,1.0,1.0,1.9140256838178147,4849345275.903549,267136845663.21326,134217728.0,1.3421772800000001e-16,False,False,False,True,35185,9.191028726874685e+23,6.274408944213118e+22,1.8153037870400144e+22,9.999999999999998e+23,134217728.0,0.9191028726874685,0.06274408944213118,0.018153037870400145,1.3421772800000001e-16,3743399745240.4126,reference_p0,0.41663254110330095,False,False,N_above_support;D_above_support;Q_above_A_supported,upper_bound,0.11302252583269279,0.0968248321520278,0.00588968021709595,0.11375419105058357,0.07507775607983627,0.0254628540970504,0.11070066007050916,0.005487697351193036,0.09943242344413017,0.002211033043406226,0.04691494424753537,0.11948759779188561,0.019599998284005892,0.012737064754031531,0.011650822378108678,0.06618116611257162,0.07556475309333588
mixture_l1,2.0,1e+24,power,4096,fixed_ref,0.8047071577351047,reference_p0,first_question_reference,in,True,True,39.75209302101873,3624.149356814165,1.0,0.41663254110330095,1.0,1.0,1.9161467854608134,4849345275.903549,275926818004.8345,-134217728.0,-1.3421772800000001e-16,False,False,False,True,35185,8.644051341248514e+23,1.1802011431251305e+23,1.7574751562635657e+22,1.0000000000000001e+24,-134217728.0,0.8644051341248514,0.11802011431251305,0.017574751562635656,-1.3421772800000001e-16,3624149356814.165,reference_p0,0.41663254110330095,False,False,N_above_support;D_above_support;Q_above_A_supported,upper_bound,0.11302252583269279,0.0968248321520278,0.00588968021709595,0.11375419105058357,0.07507775607983627,0.0254628540970504,0.11070066007050916,0.005487697351193036,0.09943242344413017,0.002211033043406226,0.04691494424753537,0.11948759779188561,0.019599998284005892,0.012737064754031531,0.011650822378108678,0.06618116611257162,0.07556475309333588
mixture_l1,2.0,1e+24,power,4096,mixture,0.8047071577351047,reference_p0,first_question_reference,in,True,True,39.75209302101873,3624.149356814165,1.0,0.41663254110330095,1.0,1.0,1.9161467854608134,4849345275.903549,275926818004.8345,-134217728.0,-1.3421772800000001e-16,False,False,False,True,35185,8.644051341248514e+23,1.1802011431251305e+23,1.7574751562635657e+22,1.0000000000000001e+24,-134217728.0,0.8644051341248514,0.11802011431251305,0.017574751562635656,-1.3421772800000001e-16,3624149356814.165,reference_p0,0.41663254110330095,False,False,N_above_support;D_above_support;Q_above_A_supported,upper_bound,0.11302252583269279,0.0968248321520278,0.00588968021709595,0.11375419105058357,0.07507775607983627,0.0254628540970504,0.11070066007050916,0.005487697351193036,0.09943242344413017,0.002211033043406226,0.04691494424753537,0.11948759779188561,0.019599998284005892,0.012737064754031531,0.011650822378108678,0.06618116611257162,0.07556475309333588
mixture_l1,2.0,1e+24,power,8192,fixed_ref,0.8047071577351047,reference_p0,first_question_reference,in,True,True,37.72593394540078,3412.793179369246,1.0,0.41663254110330095,1.0,1.0,1.9200853111210283,4849345275.903549,293015119124.4529,134217728.0,1.3421772800000001e-16,False,False,False,True,35185,7.72504860325191e+23,2.1094532719279882e+23,1.6549812482010107e+22,9.999999999999998e+23,134217728.0,0.7725048603251911,0.21094532719279882,0.016549812482010106,1.3421772800000001e-16,3412793179369.246,reference_p0,0.41663254110330095,False,False,N_above_support;D_above_support;Q_above_A_supported,upper_bound,0.11302252583269279,0.0968248321520278,0.00588968021709595,0.11375419105058357,0.07507775607983627,0.0254628540970504,0.11070066007050916,0.005487697351193036,0.09943242344413017,0.002211033043406226,0.04691494424753537,0.11948759779188561,0.019599998284005892,0.012737064754031531,0.011650822378108678,0.06618116611257162,0.07556475309333588
mixture_l1,2.0,1e+24,power,8192,mixture,0.8047071577351047,reference_p0,first_question_reference,in,True,True,37.72593394540078,3412.793179369246,1.0,0.41663254110330095,1.0,1.0,1.9200853111210283,4849345275.903549,293015119124.4529,134217728.0,1.3421772800000001e-16,False,False,False,True,35185,7.72504860325191e+23,2.1094532719279882e+23,1.6549812482010107e+22,9.999999999999998e+23,134217728.0,0.7725048603251911,0.21094532719279882,0.016549812482010106,1.3421772800000001e-16,3412793179369.246,reference_p0,0.41663254110330095,False,False,N_above_support;D_above_support;Q_above_A_supported,upper_bound,0.11302252583269279,0.0968248321520278,0.00588968021709595,0.11375419105058357,0.07507775607983627,0.0254628540970504,0.11070066007050916,0.005487697351193036,0.09943242344413017,0.002211033043406226,0.04691494424753537,0.11948759779188561,0.019599998284005892,0.012737064754031531,0.011650822378108678,0.06618116611257162,0.07556475309333588
mixture_l1,2.0,1e+24,power,32768,fixed_ref,0.8047071577351047,reference_p0,first_question_reference,in,True,True,30.007282483100177,2620.8969531337625,1.0,0.41663254110330095,1.0,1.0,1.9381831316850204,4849345275.903549,381548766655.74994,0.0,0.0,False,False,False,True,35185,4.718759713906883e+23,5.154143943510025e+23,1.2709634258309218e+22,1e+24,0.0,0.47187597139068826,0.5154143943510024,0.012709634258309219,0.0,2620896953133.7627,reference_p0,0.41663254110330095,False,False,N_above_support;D_above_support;Q_above_A_supported,upper_bound,0.11302252583269279,0.0968248321520278,0.00588968021709595,0.11375419105058357,0.07507775607983627,0.0254628540970504,0.11070066007050916,0.005487697351193036,0.09943242344413017,0.002211033043406226,0.04691494424753537,0.11948759779188561,0.019599998284005892,0.012737064754031531,0.011650822378108678,0.06618116611257162,0.07556475309333588
mixture_l1,2.0,1e+24,power,32768,mixture,0.8047071577351047,reference_p0,first_question_reference,in,True,True,30.007282483100177,2620.8969531337625,1.0,0.41663254110330095,1.0,1.0,1.9381831316850204,4849345275.903549,381548766655.74994,0.0,0.0,False,False,False,True,35185,4.718759713906883e+23,5.154143943510025e+23,1.2709634258309218e+22,1e+24,0.0,0.47187597139068826,0.5154143943510024,0.012709634258309219,0.0,2620896953133.7627,reference_p0,0.41663254110330095,False,False,N_above_support;D_above_support;Q_above_A_supported,upper_bound,0.11302252583269279,0.0968248321520278,0.00588968021709595,0.11375419105058357,0.07507775607983627,0.0254628540970504,0.11070066007050916,0.005487697351193036,0.09943242344413017,0.002211033043406226,0.04691494424753537,0.11948759779188561,0.019599998284005892,0.012737064754031531,0.011650822378108678,0.06618116611257162,0.07556475309333588
mixture_l1,2.0,1e+24,power,131072,fixed_ref,0.8047071577351047,reference_p0,first_question_reference,in,True,True,19.4900670566069,1580.50251269196,1.0,0.41663254110330095,1.0,1.0,1.9766169459038456,4849345275.903549,632710161464.2609,0.0,0.0,False,False,False,True,35185,1.8482459973301198e+23,8.075109978735116e+23,7.664402393476445e+21,1e+24,0.0,0.184824599733012,0.8075109978735115,0.007664402393476445,0.0,1580502512691.96,reference_p0,0.41663254110330095,False,False,N_above_support;D_above_support;Q_above_A_supported,upper_bound,0.11302252583269279,0.0968248321520278,0.00588968021709595,0.11375419105058357,0.07507775607983627,0.0254628540970504,0.11070066007050916,0.005487697351193036,0.09943242344413017,0.002211033043406226,0.04691494424753537,0.11948759779188561,0.019599998284005892,0.012737064754031531,0.011650822378108678,0.06618116611257162,0.07556475309333588
mixture_l1,2.0,1e+24,power,131072,mixture,0.8047071577351047,reference_p0,first_question_reference,in,True,True,19.4900670566069,1580.50251269196,1.0,0.41663254110330095,1.0,1.0,1.9766169459038456,4849345275.903549,632710161464.2609,0.0,0.0,False,False,False,True,35185,1.8482459973301198e+23,8.075109978735116e+23,7.664402393476445e+21,1e+24,0.0,0.184824599733012,0.8075109978735115,0.007664402393476445,0.0,1580502512691.96,reference_p0,0.41663254110330095,False,False,N_above_support;D_above_support;Q_above_A_supported,upper_bound,0.11302252583269279,0.0968248321520278,0.00588968021709595,0.11375419105058357,0.07507775607983627,0.0254628540970504,0.11070066007050916,0.005487697351193036,0.09943242344413017,0.002211033043406226,0.04691494424753537,0.11948759779188561,0.019599998284005892,0.012737064754031531,0.011650822378108678,0.06618116611257162,0.07556475309333588
mixture_l1,2.0,1e+24,logarithmic,2048,fixed_ref,0.8047071577351047,reference_p0,first_question_reference,in,True,True,40.322427216491384,3846.714628124383,1.0,0.41663254110330095,1.0,1.0,1.9135877364974414,1511467178.4002495,259962096665.22345,0.0,0.0,False,False,False,True,35185,9.30653223690949e+23,6.3532593403968795e+22,5.814182905082127e+21,1e+24,0.0,0.930653223690949,0.0635325934039688,0.005814182905082127,0.0,3846714628124.3833,reference_p0,0.41663254110330095,False,False,N_above_support;D_above_support;Q_above_A_supported,upper_bound,0.11302252583269279,0.0968248321520278,0.00588968021709595,0.11375419105058357,0.07507775607983627,0.0254628540970504,0.11070066007050916,0.005487697351193036,0.09943242344413017,0.002211033043406226,0.04691494424753537,0.11948759779188561,0.019599998284005892,0.012737064754031531,0.011650822378108678,0.06618116611257162,0.07556475309333588
mixture_l1,2.0,1e+24,logarithmic,2048,mixture,0.8047071577351047,reference_p0,first_question_reference,in,True,True,40.322427216491384,3846.714628124383,1.0,0.41663254110330095,1.0,1.0,1.9135877364974414,1511467178.4002495,259962096665.22345,0.0,0.0,False,False,False,True,35185,9.30653223690949e+23,6.3532593403968795e+22,5.814182905082127e+21,1e+24,0.0,0.930653223690949,0.0635325934039688,0.005814182905082127,0.0,3846714628124.3833,reference_p0,0.41663254110330095,False,False,N_above_support;D_above_support;Q_above_A_supported,upper_bound,0.11302252583269279,0.0968248321520278,0.00588968021709595,0.11375419105058357,0.07507775607983627,0.0254628540970504,0.11070066007050916,0.005487697351193036,0.09943242344413017,0.002211033043406226,0.04691494424753537,0.11948759779188561,0.019599998284005892,0.012737064754031531,0.011650822378108678,0.06618116611257162,0.07556475309333588
mixture_l1,2.0,1e+24,logarithmic,4096,fixed_ref,0.8047071577351047,reference_p0,first_question_reference,in,True,True,39.20908131018585,3719.0477447066605,1.0,0.41663254110330095,1.0,1.0,1.915719160482562,1511467178.4002495,268886034448.8196,0.0,0.0,False,False,False,True,35185,8.749226725120007e+23,1.1945610888697183e+23,5.621218601027588e+21,1e+24,0.0,0.8749226725120007,0.11945610888697183,0.005621218601027588,0.0,3719047744706.6606,reference_p0,0.41663254110330095,False,False,N_above_support;D_above_support;Q_above_A_supported,upper_bound,0.11302252583269279,0.0968248321520278,0.00588968021709595,0.11375419105058357,0.07507775607983627,0.0254628540970504,0.11070066007050916,0.005487697351193036,0.09943242344413017,0.002211033043406226,0.04691494424753537,0.11948759779188561,0.019599998284005892,0.012737064754031531,0.011650822378108678,0.06618116611257162,0.07556475309333588
mixture_l1,2.0,1e+24,logarithmic,4096,mixture,0.8047071577351047,reference_p0,first_question_reference,in,True,True,39.20908131018585,3719.0477447066605,1.0,0.41663254110330095,1.0,1.0,1.915719160482562,1511467178.4002495,268886034448.8196,0.0,0.0,False,False,False,True,35185,8.749226725120007e+23,1.1945610888697183e+23,5.621218601027588e+21,1e+24,0.0,0.8749226725120007,0.11945610888697183,0.005621218601027588,0.0,3719047744706.6606,reference_p0,0.41663254110330095,False,False,N_above_support;D_above_support;Q_above_A_supported,upper_bound,0.11302252583269279,0.0968248321520278,0.00588968021709595,0.11375419105058357,0.07507775607983627,0.0254628540970504,0.11070066007050916,0.005487697351193036,0.09943242344413017,0.002211033043406226,0.04691494424753537,0.11948759779188561,0.019599998284005892,0.012737064754031531,0.011650822378108678,0.06618116611257162,0.07556475309333588
mixture_l1,2.0,1e+24,logarithmic,8192,fixed_ref,0.8047071577351047,reference_p0,first_question_reference,in,True,True,37.228882483782755,3497.964286230427,1.0,0.41663254110330095,1.0,1.0,1.9196759830034493,1511467178.4002495,285880563142.5264,0.0,0.0,False,False,False,True,35185,7.813518080672495e+23,2.1336113372289698e+23,5.287058209853547e+21,1e+24,0.0,0.7813518080672495,0.21336113372289697,0.005287058209853547,0.0,3497964286230.4272,reference_p0,0.41663254110330095,False,False,N_above_support;D_above_support;Q_above_A_supported,upper_bound,0.11302252583269279,0.0968248321520278,0.00588968021709595,0.11375419105058357,0.07507775607983627,0.0254628540970504,0.11070066007050916,0.005487697351193036,0.09943242344413017,0.002211033043406226,0.04691494424753537,0.11948759779188561,0.019599998284005892,0.012737064754031531,0.011650822378108678,0.06618116611257162,0.07556475309333588
mixture_l1,2.0,1e+24,logarithmic,8192,mixture,0.8047071577351047,reference_p0,first_question_reference,in,True,True,37.228882483782755,3497.964286230427,1.0,0.41663254110330095,1.0,1.0,1.9196759830034493,1511467178.4002495,285880563142.5264,0.0,0.0,False,False,False,True,35185,7.813518080672495e+23,2.1336113372289698e+23,5.287058209853547e+21,1e+24,0.0,0.7813518080672495,0.21336113372289697,0.005287058209853547,0.0,3497964286230.4272,reference_p0,0.41663254110330095,False,False,N_above_support;D_above_support;Q_above_A_supported,upper_bound,0.11302252583269279,0.0968248321520278,0.00588968021709595,0.11375419105058357,0.07507775607983627,0.0254628540970504,0.11070066007050916,0.005487697351193036,0.09943242344413017,0.002211033043406226,0.04691494424753537,0.11948759779188561,0.019599998284005892,0.012737064754031531,0.011650822378108678,0.06618116611257162,0.07556475309333588
mixture_l1,2.0,1e+24,logarithmic,32768,fixed_ref,0.8047071577351047,reference_p0,first_question_reference,in,True,True,29.69933100359089,2671.332673723647,1.0,0.41663254110330095,1.0,1.0,1.9378453784718424,1511467178.4002495,374344988865.07886,0.0,0.0,False,False,False,True,35185,4.760207597857563e+23,5.199416085553221e+23,4.037631658921475e+21,1e+24,0.0,0.4760207597857563,0.5199416085553221,0.004037631658921475,0.0,2671332673723.647,reference_p0,0.41663254110330095,False,False,N_above_support;D_above_support;Q_above_A_supported,upper_bound,0.11302252583269279,0.0968248321520278,0.00588968021709595,0.11375419105058357,0.07507775607983627,0.0254628540970504,0.11070066007050916,0.005487697351193036,0.09943242344413017,0.002211033043406226,0.04691494424753537,0.11948759779188561,0.019599998284005892,0.012737064754031531,0.011650822378108678,0.06618116611257162,0.07556475309333588
mixture_l1,2.0,1e+24,logarithmic,32768,mixture,0.8047071577351047,reference_p0,first_question_reference,in,True,True,29.69933100359089,2671.332673723647,1.0,0.41663254110330095,1.0,1.0,1.9378453784718424,1511467178.4002495,374344988865.07886,0.0,0.0,False,False,False,True,35185,4.760207597857563e+23,5.199416085553221e+23,4.037631658921475e+21,1e+24,0.0,0.4760207597857563,0.5199416085553221,0.004037631658921475,0.0,2671332673723.647,reference_p0,0.41663254110330095,False,False,N_above_support;D_above_support;Q_above_A_supported,upper_bound,0.11302252583269279,0.0968248321520278,0.00588968021709595,0.11375419105058357,0.07507775607983627,0.0254628540970504,0.11070066007050916,0.005487697351193036,0.09943242344413017,0.002211033043406226,0.04691494424753537,0.11948759779188561,0.019599998284005892,0.012737064754031531,0.011650822378108678,0.06618116611257162,0.07556475309333588
mixture_l1,2.0,1e+24,logarithmic,131072,fixed_ref,0.8047071577351047,reference_p0,first_question_reference,in,True,True,19.375518501328656,1598.25554782952,1.0,0.41663254110330095,1.0,1.0,1.976382940542712,1511467178.4002495,625682170387.602,0.0,0.0,False,False,False,True,35185,1.8580217962093222e+23,8.117821095758275e+23,2.41571080324043e+21,1e+24,0.0,0.18580217962093223,0.8117821095758275,0.00241571080324043,0.0,1598255547829.52,reference_p0,0.41663254110330095,False,False,N_above_support;D_above_support;Q_above_A_supported,upper_bound,0.11302252583269279,0.0968248321520278,0.00588968021709595,0.11375419105058357,0.07507775607983627,0.0254628540970504,0.11070066007050916,0.005487697351193036,0.09943242344413017,0.002211033043406226,0.04691494424753537,0.11948759779188561,0.019599998284005892,0.012737064754031531,0.011650822378108678,0.06618116611257162,0.07556475309333588
mixture_l1,2.0,1e+24,logarithmic,131072,mixture,0.8047071577351047,reference_p0,first_question_reference,in,True,True,19.375518501328656,1598.25554782952,1.0,0.41663254110330095,1.0,1.0,1.976382940542712,1511467178.4002495,625682170387.602,0.0,0.0,False,False,False,True,35185,1.8580217962093222e+23,8.117821095758275e+23,2.41571080324043e+21,1e+24,0.0,0.18580217962093223,0.8117821095758275,0.00241571080324043,0.0,1598255547829.52,reference_p0,0.41663254110330095,False,False,N_above_support;D_above_support;Q_above_A_supported,upper_bound,0.11302252583269279,0.0968248321520278,0.00588968021709595,0.11375419105058357,0.07507775607983627,0.0254628540970504,0.11070066007050916,0.005487697351193036,0.09943242344413017,0.002211033043406226,0.04691494424753537,0.11948759779188561,0.019599998284005892,0.012737064754031531,0.011650822378108678,0.06618116611257162,0.07556475309333588
