Q,h,c_quality,u,budget_residual,budget_residual_rel,boundary_n_lower,boundary_n_upper,boundary_q_lower,boundary_q_upper,n_evals,C_train,C_attn,C_quality,used,unused,share_train,share_attn,share_quality,share_unused,D_used,functional,omega,C,cost_form,ell,q0_mode,kappa,candidate,aliases,source,trust_status,in_trust_box,in_trust_l1,h_true,Q0,Q_cand,N_in_support,D_in_support,extrapolation,regime,D_B,N_B,L_pred,train_the_pile_arxiv,train_the_pile_freelaw,train_the_pile_nih_exporter,train_the_pile_pubmed_central,train_the_pile_wikipedia_en,train_the_pile_dm_mathematics,train_the_pile_github,train_the_pile_philpapers,train_the_pile_stackexchange,train_the_pile_enron_emails,train_the_pile_gutenberg_pg_19,train_the_pile_pile_cc,train_the_pile_ubuntu_irc,train_the_pile_europarl,train_the_pile_hackernews,train_the_pile_pubmed_abstracts,train_the_pile_uspto_backgrounds
0.6030456680355448,1.0,250931792.60632232,1675940750.0548885,0.0,0.0,False,False,False,False,35185,7.959380306816552e+18,5.433603622786766e+17,1.4972593309047716e+18,1e+19,0.0,0.7959380306816551,0.05433603622786766,0.14972593309047716,0.0,5966798050.391992,quality_linear,0.0,1e+19,exponential,2048,fixed_ref,0.8047071577351047,dirichlet_a20_4,dirichlet_a20_4,dirichlet_around_p0|lowQ,outside,False,False,1.0,0.41663254110330095,0.39710837194347914,True,True,Q_above_A_supported,interior,5.966798050391992,0.22232416335630398,3.123094642754934,0.07975675893679825,0.15912348484004943,2.3916072319625646e-05,0.04412291332471955,0.006575218355045986,0.17830182371649192,0.10733470897284486,9.068824045565561e-08,0.04560213780581783,2.4674381484862554e-07,0.13022419207132135,0.09768966083516943,3.454312847749183e-05,0.036344172522635734,0.02597204058680974,0.04244271850151176,0.04645137289793162
0.5866115531490714,1.0,151767831.72257438,1477179921.234631,2048.0,2.048e-16,False,False,False,False,35185,8.399198682130787e+18,5.7338529670012845e+17,1.0274160211690829e+18,9.999999999999998e+18,2048.0,0.8399198682130787,0.05733852967001284,0.10274160211690829,2.048e-16,6769656056.279165,quality_linear,0.0,1e+19,exponential,2048,mixture,0.8047071577351047,lp_vertex_box,lp_vertex_box,analytic_lp_charnes_cooper,box_only,True,False,1.0,0.4871620101591301,0.4871620101591301,True,True,Q_above_A_supported,interior,6.769656056279166,0.20678546079506624,3.113624825848789,0.0,0.0,0.0,0.11988006012024059,0.0,0.0,0.0,0.0,0.49689999999999995,0.0,0.0,0.0,0.0,0.0,0.0,0.0,0.3832199398797595
0.608241527536118,1.0,262734788.9135925,1743842903.639843,2048.0,2.048e-16,False,False,False,False,35185,7.473038597376824e+18,1.0203188698285158e+18,1.5066425327946586e+18,9.999999999999998e+18,2048.0,0.7473038597376824,0.10203188698285158,0.15066425327946587,2.048e-16,5734461504.030816,quality_linear,0.0,1e+19,exponential,4096,fixed_ref,0.8047071577351047,dirichlet_a20_4,dirichlet_a20_4,dirichlet_around_p0|lowQ,outside,False,False,1.0,0.41663254110330095,0.39710837194347914,True,True,Q_above_A_supported,interior,5.734461504030816,0.21719675544437037,3.1355734585409953,0.07975675893679825,0.15912348484004943,2.3916072319625646e-05,0.04412291332471955,0.006575218355045986,0.17830182371649192,0.10733470897284486,9.068824045565561e-08,0.04560213780581783,2.4674381484862554e-07,0.13022419207132135,0.09768966083516943,3.454312847749183e-05,0.036344172522635734,0.02597204058680974,0.04244271850151176,0.04645137289793162
0.5925194467920385,1.0,163954273.44628134,1545950194.954798,0.0,0.0,False,False,False,False,35185,7.865549804397993e+18,1.0739097332938062e+18,1.0605404623082001e+18,1e+19,0.0,0.7865549804397993,0.10739097332938062,0.10605404623082,0.0,6468513689.920257,quality_linear,0.0,1e+19,exponential,4096,mixture,0.8047071577351047,lp_vertex_box,lp_vertex_box,analytic_lp_charnes_cooper,box_only,True,False,1.0,0.4871620101591301,0.4871620101591301,True,True,Q_above_A_supported,interior,6.468513689920257,0.20266247089226253,3.126407217922416,0.0,0.0,0.0,0.11988006012024059,0.0,0.0,0.0,0.0,0.49689999999999995,0.0,0.0,0.0,0.0,0.0,0.0,0.0,0.3832199398797595
0.6176065198096063,1.0,284960360.23435986,1873028248.002214,-2048.0,-2.048e-16,False,False,False,False,35185,6.65999019559207e+18,1.8186213227430077e+18,1.521388481664923e+18,1.0000000000000002e+19,-2048.0,0.665999019559207,0.1818621322743008,0.15213884816649229,-2.048e-16,5338947776.503678,quality_linear,0.0,1e+19,exponential,8192,fixed_ref,0.8047071577351047,dirichlet_a20_4,dirichlet_a20_4,dirichlet_around_p0|lowQ,outside,False,False,1.0,0.41663254110330095,0.39710837194347914,True,True,Q_above_A_supported,interior,5.338947776503678,0.2079058294626956,3.158689755020952,0.07975675893679825,0.15912348484004943,2.3916072319625646e-05,0.04412291332471955,0.006575218355045986,0.17830182371649192,0.10733470897284486,9.068824045565561e-08,0.04560213780581783,2.4674381484862554e-07,0.13022419207132135,0.09768966083516943,3.454312847749183e-05,0.036344172522635734,0.02597204058680974,0.04244271850151176,0.04645137289793162
0.6032138283401868,1.0,187143299.96861866,1678068071.8653698,0.0,0.0,False,False,False,False,35185,6.979029104254854e+18,1.9057402140685258e+18,1.1152306816766193e+18,1e+19,0.0,0.6979029104254855,0.1905740214068526,0.11152306816766193,0.0,5959233816.351577,quality_linear,0.0,1e+19,exponential,8192,mixture,0.8047071577351047,lp_vertex_box,lp_vertex_box,analytic_lp_charnes_cooper,box_only,True,False,1.0,0.4871620101591301,0.4871620101591301,True,True,Q_above_A_supported,interior,5.959233816351577,0.19518809854115407,3.1500467143848034,0.0,0.0,0.0,0.11988006012024059,0.0,0.0,0.0,0.0,0.49689999999999995,0.0,0.0,0.0,0.0,0.0,0.0,0.0,0.3832199398797595
0.6579444350341169,1.0,396343228.47152686,2541776212.0372643,0.0,0.0,False,False,False,False,35185,4.034229549570887e+18,4.4064544626779617e+18,1.559315987751152e+18,1e+19,0.0,0.40342295495708874,0.44064544626779617,0.15593159877511523,0.0,3934256663.762259,quality_linear,0.0,1e+19,exponential,32768,fixed_ref,0.8047071577351047,dirichlet_a20_4,dirichlet_a20_4,dirichlet_around_p0|lowQ,outside,False,False,1.0,0.41663254110330095,0.39710837194347914,True,True,Q_above_A_supported,interior,3.934256663762259,0.17090181171661814,3.264133767913078,0.07975675893679825,0.15912348484004943,2.3916072319625646e-05,0.04412291332471955,0.006575218355045986,0.17830182371649192,0.10733470897284486,9.068824045565561e-08,0.04560213780581783,2.4674381484862554e-07,0.13022419207132135,0.09768966083516943,3.454312847749183e-05,0.036344172522635734,0.02597204058680974,0.04244271850151176,0.04645137289793162
0.647851246975936,1.0,301731400.4387903,2355894640.5392256,-2048.0,-2.048e-16,False,False,False,False,35185,4.1673699217948605e+18,4.5518792532458004e+18,1.280750824959341e+18,1.0000000000000002e+19,-2048.0,0.41673699217948607,0.45518792532458,0.1280750824959341,-2.048e-16,4244671993.3583975,quality_linear,0.0,1e+19,exponential,32768,mixture,0.8047071577351047,lp_vertex_box,lp_vertex_box,analytic_lp_charnes_cooper,box_only,True,False,1.0,0.4871620101591301,0.4871620101591301,True,True,Q_above_A_supported,interior,4.244671993358398,0.16363140773168142,3.2573793165752876,0.0,0.0,0.0,0.11988006012024059,0.0,0.0,0.0,0.0,0.49689999999999995,0.0,0.0,0.0,0.0,0.0,0.0,0.0,0.3832199398797595
0.7325221309794708,1.0,688753932.5037249,4427190765.517844,0.0,0.0,False,False,False,False,35185,1.5727620252522634e+18,6.871502139128822e+18,1.5557358356189153e+18,1e+19,0.0,0.15727620252522634,0.6871502139128822,0.15557358356189152,0.0,2258768715.7931423,quality_linear,0.0,1e+19,exponential,131072,fixed_ref,0.8047071577351047,dirichlet_a20_4,dirichlet_a20_4,dirichlet_around_p0|lowQ,outside,False,False,1.0,0.41663254110330095,0.39710837194347914,True,True,Q_above_A_supported,interior,2.2587687157931424,0.11604862524256605,3.4850599226598504,0.07975675893679825,0.15912348484004943,2.3916072319625646e-05,0.04412291332471955,0.006575218355045986,0.17830182371649192,0.10733470897284486,9.068824045565561e-08,0.04560213780581783,2.4674381484862554e-07,0.13022419207132135,0.09768966083516943,3.454312847749183e-05,0.036344172522635734,0.02597204058680974,0.04244271850151176,0.04645137289793162
0.7269924055681791,1.0,598137570.7581292,4250355747.6149907,0.0,0.0,False,False,False,False,35185,1.600415083213991e+18,6.992320192900808e+18,1.4072647238852022e+18,1e+19,0.0,0.1600415083213991,0.6992320192900807,0.1407264723885202,0.0,2352744239.2584,quality_linear,0.0,1e+19,exponential,131072,mixture,0.8047071577351047,lp_vertex_box,lp_vertex_box,analytic_lp_charnes_cooper,box_only,True,False,1.0,0.4871620101591301,0.4871620101591301,True,True,Q_above_A_supported,interior,2.3527442392584,0.1133722241251385,3.4806973867446125,0.0,0.0,0.0,0.11988006012024059,0.0,0.0,0.0,0.0,0.49689999999999995,0.0,0.0,0.0,0.0,0.0,0.0,0.0,0.3832199398797595
0.48047627580495555,1.0,115821090.72609812,1324611282.9744613,0.0,0.0,False,False,False,False,35185,8.542456979959607e+18,5.831650631652425e+17,8.743779568751503e+17,1e+19,0.0,0.8542456979959607,0.05831650631652425,0.08743779568751503,0.0,7549384584.3926735,quality_linear,0.0,1e+19,power,2048,fixed_ref,0.8047071577351047,dirichlet_a20_4,dirichlet_a20_4,dirichlet_around_p0|lowQ,outside,False,False,1.0,0.41663254110330095,0.39710837194347914,True,True,,interior,7.549384584392674,0.1885905816663073,3.144776393094138,0.07975675893679825,0.15912348484004943,2.3916072319625646e-05,0.04412291332471955,0.006575218355045986,0.17830182371649192,0.10733470897284486,9.068824045565561e-08,0.04560213780581783,2.4674381484862554e-07,0.13022419207132135,0.09768966083516943,3.454312847749183e-05,0.036344172522635734,0.02597204058680974,0.04244271850151176,0.04645137289793162
0.4871620101591301,1.0,0.0,1092188487.1270564,2048.0,2.048e-16,False,False,True,False,35185,9.360958562156763e+18,6.390414378432352e+17,0.0,9.999999999999998e+18,2048.0,0.9360958562156763,0.06390414378432352,0.0,2.048e-16,9155928777.737318,quality_linear,0.0,1e+19,power,2048,mixture,0.8047071577351047,lp_vertex_box,lp_vertex_box,analytic_lp_charnes_cooper,box_only,True,False,1.0,0.4871620101591301,0.4871620101591301,True,True,,lower_bound_Q0,9.155928777737318,0.17039885283435102,3.1205560958320886,0.0,0.0,0.0,0.11988006012024059,0.0,0.0,0.0,0.0,0.49689999999999995,0.0,0.0,0.0,0.0,0.0,0.0,0.0,0.3832199398797595
0.4868388702233223,1.0,130218919.41181356,1396198676.3936071,0.0,0.0,False,False,False,False,35185,7.978061168498995e+18,1.0892712848723962e+18,9.326675466286081e+17,1e+19,0.0,0.7978061168498995,0.10892712848723962,0.09326675466286082,0.0,7162304455.00069,quality_linear,0.0,1e+19,power,4096,fixed_ref,0.8047071577351047,dirichlet_a20_4,dirichlet_a20_4,dirichlet_around_p0|lowQ,outside,False,False,1.0,0.41663254110330095,0.39710837194347914,True,True,,interior,7.16230445500069,0.1856493073940922,3.157956094805795,0.07975675893679825,0.15912348484004943,2.3916072319625646e-05,0.04412291332471955,0.006575218355045986,0.17830182371649192,0.10733470897284486,9.068824045565561e-08,0.04560213780581783,2.4674381484862554e-07,0.13022419207132135,0.09768966083516943,3.454312847749183e-05,0.036344172522635734,0.02597204058680974,0.04244271850151176,0.04645137289793162
0.4871620101591301,1.0,0.0,1130177771.7297752,0.0,0.0,False,False,True,False,35185,8.798686062881276e+18,1.2013139371187236e+18,0.0,1e+19,0.0,0.8798686062881276,0.12013139371187236,0.0,0.0,8848165527.706905,quality_linear,0.0,1e+19,power,4096,mixture,0.8047071577351047,lp_vertex_box,lp_vertex_box,analytic_lp_charnes_cooper,box_only,True,False,1.0,0.4871620101591301,0.4871620101591301,True,True,,lower_bound_Q0,8.848165527706906,0.16573465681161648,3.1342261183006808,0.0,0.0,0.0,0.11988006012024059,0.0,0.0,0.0,0.0,0.49689999999999995,0.0,0.0,0.0,0.0,0.0,0.0,0.0,0.3832199398797595
0.4984128806078329,1.0,157896329.58588284,1533761037.1259584,0.0,0.0,False,False,False,False,35185,7.046393344218804e+18,1.9241351425280148e+18,1.0294715132531807e+18,1e+19,0.0,0.7046393344218804,0.19241351425280148,0.10294715132531806,0.0,6519920481.705887,quality_linear,0.0,1e+19,power,8192,fixed_ref,0.8047071577351047,dirichlet_a20_4,dirichlet_a20_4,dirichlet_around_p0|lowQ,outside,False,False,1.0,0.41663254110330095,0.39710837194347914,True,True,Q_above_A_supported,interior,6.519920481705887,0.18012472606044141,3.1822819379431824,0.07975675893679825,0.15912348484004943,2.3916072319625646e-05,0.04412291332471955,0.006575218355045986,0.17830182371649192,0.10733470897284486,9.068824045565561e-08,0.04560213780581783,2.4674381484862554e-07,0.13022419207132135,0.09768966083516943,3.454312847749183e-05,0.036344172522635734,0.02597204058680974,0.04244271850151176,0.04645137289793162
0.4871620101591301,1.0,0.0,1202898723.4326851,0.0,0.0,False,False,True,False,35185,7.855048177628824e+18,2.1449518223711772e+18,0.0,1e+19,0.0,0.7855048177628824,0.21449518223711772,0.0,0.0,8313251818.460014,quality_linear,0.0,1e+19,power,8192,mixture,0.8047071577351047,lp_vertex_box,lp_vertex_box,analytic_lp_charnes_cooper,box_only,True,False,1.0,0.4871620101591301,0.4871620101591301,True,True,,lower_bound_Q0,8.313251818460014,0.1574804570895325,3.159600787990327,0.0,0.0,0.0,0.11988006012024059,0.0,0.0,0.0,0.0,0.49689999999999995,0.0,0.0,0.0,0.0,0.0,0.0,0.0,0.3832199398797595
0.5486758208663725,1.0,302486206.87324995,2252427875.020917,-2048.0,-2.048e-16,False,False,False,False,35185,4.137649419509069e+18,4.519416539282439e+18,1.3429340412084936e+18,1.0000000000000002e+19,-2048.0,0.4137649419509069,0.4519416539282439,0.13429340412084936,-2.048e-16,4439653811.293352,quality_linear,0.0,1e+19,power,32768,fixed_ref,0.8047071577351047,dirichlet_a20_4,dirichlet_a20_4,dirichlet_around_p0|lowQ,outside,False,False,1.0,0.41663254110330095,0.39710837194347914,True,True,Q_above_A_supported,interior,4.439653811293352,0.15532928149277236,3.2920403920010926,0.07975675893679825,0.15912348484004943,2.3916072319625646e-05,0.04412291332471955,0.006575218355045986,0.17830182371649192,0.10733470897284486,9.068824045565561e-08,0.04560213780581783,2.4674381484862554e-07,0.13022419207132135,0.09768966083516943,3.454312847749183e-05,0.036344172522635734,0.02597204058680974,0.04244271850151176,0.04645137289793162
0.5166296810553865,1.0,74574563.69677049,1770610121.5358574,-2048.0,-2.048e-16,False,False,False,False,35185,4.5782022508617974e+18,5.000617711874646e+18,4.211800372635577e+17,1.0000000000000002e+19,-2048.0,0.45782022508617976,0.5000617711874646,0.04211800372635577,-2.048e-16,5647770719.465801,quality_linear,0.0,1e+19,power,32768,mixture,0.8047071577351047,lp_vertex_box,lp_vertex_box,analytic_lp_charnes_cooper,box_only,True,False,1.0,0.4871620101591301,0.4871620101591301,True,True,Q_above_A_supported,interior,5.647770719465801,0.13510352073023574,3.275414010310695,0.0,0.0,0.0,0.11988006012024059,0.0,0.0,0.0,0.0,0.49689999999999995,0.0,0.0,0.0,0.0,0.0,0.0,0.0,0.3832199398797595
0.6468837880134354,1.0,724883422.7482328,4352071263.592047,-2048.0,-2.048e-16,False,False,False,False,35185,1.5522985514610844e+18,6.782095857903576e+18,1.6656055906353416e+18,1.0000000000000002e+19,-2048.0,0.15522985514610843,0.6782095857903576,0.16656055906353415,-2.048e-16,2297756492.0998907,quality_linear,0.0,1e+19,power,131072,fixed_ref,0.8047071577351047,dirichlet_a20_4,dirichlet_a20_4,dirichlet_around_p0|lowQ,outside,False,False,1.0,0.41663254110330095,0.39710837194347914,True,True,Q_above_A_supported,interior,2.2977564920998907,0.11259523197215576,3.5175301707482776,0.07975675893679825,0.15912348484004943,2.3916072319625646e-05,0.04412291332471955,0.006575218355045986,0.17830182371649192,0.10733470897284486,9.068824045565561e-08,0.04560213780581783,2.4674381484862554e-07,0.13022419207132135,0.09768966083516943,3.454312847749183e-05,0.036344172522635734,0.02597204058680974,0.04244271850151176,0.04645137289793162
0.63036005260243,1.0,507830088.36068547,3924030811.3692913,-2048.0,-2.048e-16,False,False,False,False,35185,1.6214821604583939e+18,7.084363657853422e+18,1.294154181688186e+18,1.0000000000000002e+19,-2048.0,0.16214821604583937,0.7084363657853422,0.1294154181688186,-2.048e-16,2548399969.4973083,quality_linear,0.0,1e+19,power,131072,mixture,0.8047071577351047,lp_vertex_box,lp_vertex_box,analytic_lp_charnes_cooper,box_only,True,False,1.0,0.4871620101591301,0.4871620101591301,True,True,Q_above_A_supported,interior,2.548399969497308,0.10604576596207306,3.5080352840918674,0.0,0.0,0.0,0.11988006012024059,0.0,0.0,0.0,0.0,0.49689999999999995,0.0,0.0,0.0,0.0,0.0,0.0,0.0,0.3832199398797595
1.0,1.0,1511467178.4002495,3981774170.41641,0.0,0.0,False,False,False,True,35185,5.807572302788601e+18,3.9646360253703514e+17,3.795964094674364e+18,1e+19,0.0,0.5807572302788601,0.039646360253703515,0.3795964094674364,0.0,2511443284.32725,quality_linear,0.0,1e+19,logarithmic,2048,fixed_ref,0.8047071577351047,dirichlet_a20_4,dirichlet_a20_4,dirichlet_around_p0|lowQ,outside,False,False,1.0,0.41663254110330095,0.39710837194347914,True,True,Q_above_A_supported,upper_bound,2.51144328432725,0.3854073564678233,3.1378169416872645,0.07975675893679825,0.15912348484004943,2.3916072319625646e-05,0.04412291332471955,0.006575218355045986,0.17830182371649192,0.10733470897284486,9.068824045565561e-08,0.04560213780581783,2.4674381484862554e-07,0.13022419207132135,0.09768966083516943,3.454312847749183e-05,0.036344172522635734,0.02597204058680974,0.04244271850151176,0.04645137289793162
1.0,1.0,1255529360.3491163,3593025636.1765537,0.0,0.0,False,False,False,True,35185,6.089910841966841e+18,4.157379134782697e+17,3.494351244554889e+18,1e+19,0.0,0.6089910841966841,0.04157379134782697,0.3494351244554889,0.0,2783169677.197544,quality_linear,0.0,1e+19,logarithmic,2048,mixture,0.8047071577351047,lp_vertex_box,lp_vertex_box,analytic_lp_charnes_cooper,box_only,True,False,1.0,0.4871620101591301,0.4871620101591301,True,True,Q_above_A_supported,upper_bound,2.7831696771975443,0.3646867629536067,3.1199331582231613,0.0,0.0,0.0,0.11988006012024059,0.0,0.0,0.0,0.0,0.49689999999999995,0.0,0.0,0.0,0.0,0.0,0.0,0.0,0.3832199398797595
1.0,1.0,1511467178.4002495,4040222218.435064,0.0,0.0,False,False,False,True,35185,5.507053950070423e+18,7.51896432649615e+17,3.741049617279962e+18,1e+19,0.0,0.5507053950070423,0.0751896432649615,0.37410496172799623,0.0,2475111382.3321805,quality_linear,0.0,1e+19,logarithmic,4096,fixed_ref,0.8047071577351047,dirichlet_a20_4,dirichlet_a20_4,dirichlet_around_p0|lowQ,outside,False,False,1.0,0.41663254110330095,0.39710837194347914,True,True,Q_above_A_supported,upper_bound,2.4751113823321806,0.3708286954532517,3.148193680538305,0.07975675893679825,0.15912348484004943,2.3916072319625646e-05,0.04412291332471955,0.006575218355045986,0.17830182371649192,0.10733470897284486,9.068824045565561e-08,0.04560213780581783,2.4674381484862554e-07,0.13022419207132135,0.09768966083516943,3.454312847749183e-05,0.036344172522635734,0.02597204058680974,0.04244271850151176,0.04645137289793162
1.0,1.0,1255529360.3491163,3650095082.5862436,2048.0,2.048e-16,False,False,False,True,35185,5.772187181483711e+18,7.880959565119095e+17,3.439716862004377e+18,9.999999999999998e+18,2048.0,0.5772187181483711,0.07880959565119094,0.3439716862004377,2.048e-16,2739654659.328651,quality_linear,0.0,1e+19,logarithmic,4096,mixture,0.8047071577351047,lp_vertex_box,lp_vertex_box,analytic_lp_charnes_cooper,box_only,True,False,1.0,0.4871620101591301,0.4871620101591301,True,True,Q_above_A_supported,upper_bound,2.739654659328651,0.35115053411501745,3.1305053550874593,0.0,0.0,0.0,0.11988006012024059,0.0,0.0,0.0,0.0,0.49689999999999995,0.0,0.0,0.0,0.0,0.0,0.0,0.0,0.3832199398797595
1.0,1.0,1511467178.4002495,4153809397.8379445,0.0,0.0,False,False,False,True,35185,4.996792930910386e+18,1.3644575896672627e+18,3.6387494794223524e+18,1e+19,0.0,0.4996792930910386,0.13644575896672628,0.36387494794223524,0.0,2407428709.9463434,quality_linear,0.0,1e+19,logarithmic,8192,fixed_ref,0.8047071577351047,dirichlet_a20_4,dirichlet_a20_4,dirichlet_around_p0|lowQ,outside,False,False,1.0,0.41663254110330095,0.39710837194347914,True,True,Q_above_A_supported,upper_bound,2.4074287099463434,0.3459287572577628,3.1675507884615346,0.07975675893679825,0.15912348484004943,2.3916072319625646e-05,0.04412291332471955,0.006575218355045986,0.17830182371649192,0.10733470897284486,9.068824045565561e-08,0.04560213780581783,2.4674381484862554e-07,0.13022419207132135,0.09768966083516943,3.454312847749183e-05,0.036344172522635734,0.02597204058680974,0.04244271850151176,0.04645137289793162
1.0,1.0,1255529360.3491163,3760114103.158821,0.0,0.0,False,False,False,True,35185,5.232190641022509e+18,1.4287368577085466e+18,3.339072501268946e+18,1e+19,0.0,0.5232190641022509,0.14287368577085466,0.3339072501268946,0.0,2659493761.532166,quality_linear,0.0,1e+19,logarithmic,8192,mixture,0.8047071577351047,lp_vertex_box,lp_vertex_box,analytic_lp_charnes_cooper,box_only,True,False,1.0,0.4871620101591301,0.4871620101591301,True,True,Q_above_A_supported,upper_bound,2.659493761532166,0.32789389699540544,3.150221438288524,0.0,0.0,0.0,0.11988006012024059,0.0,0.0,0.0,0.0,0.49689999999999995,0.0,0.0,0.0,0.0,0.0,0.0,0.0,0.3832199398797595
1.0,1.0,1511467178.4002495,4722624771.07243,0.0,0.0,False,False,False,True,35185,3.2498337379955395e+18,3.549685064221262e+18,3.200481197783199e+18,1e+19,0.0,0.32498337379955394,0.3549685064221262,0.32004811977831993,0.0,2117466554.0343504,quality_linear,0.0,1e+19,logarithmic,32768,fixed_ref,0.8047071577351047,dirichlet_a20_4,dirichlet_a20_4,dirichlet_around_p0|lowQ,outside,False,False,1.0,0.41663254110330095,0.39710837194347914,True,True,Q_above_A_supported,upper_bound,2.1174665540343502,0.2557957552154107,3.2579055861422845,0.07975675893679825,0.15912348484004943,2.3916072319625646e-05,0.04412291332471955,0.006575218355045986,0.17830182371649192,0.10733470897284486,9.068824045565561e-08,0.04560213780581783,2.4674381484862554e-07,0.13022419207132135,0.09768966083516943,3.454312847749183e-05,0.036344172522635734,0.02597204058680974,0.04244271850151176,0.04645137289793162
1.0,1.0,1255529360.3491163,4314262720.68811,-2048.0,-2.048e-16,False,False,False,True,35185,3.388581967672919e+18,3.701235130556873e+18,2.9101829017702093e+18,1.0000000000000002e+19,-2048.0,0.3388581967672919,0.3701235130556873,0.2910182901770209,-2.048e-16,2317893148.2422643,quality_linear,0.0,1e+19,logarithmic,32768,mixture,0.8047071577351047,lp_vertex_box,lp_vertex_box,analytic_lp_charnes_cooper,box_only,True,False,1.0,0.4871620101591301,0.4871620101591301,True,True,Q_above_A_supported,upper_bound,2.3178931482422644,0.24365388098545393,3.242157220938604,0.0,0.0,0.0,0.11988006012024059,0.0,0.0,0.0,0.0,0.49689999999999995,0.0,0.0,0.0,0.0,0.0,0.0,0.0,0.3832199398797595
1.0,1.0,1511467178.4002495,6253268793.687507,0.0,0.0,False,False,False,True,35185,1.4123342355043727e+18,6.170582430534305e+18,2.417083333961322e+18,1e+19,0.0,0.14123342355043728,0.6170582430534305,0.2417083333961322,0.0,1599163626.2453182,quality_linear,0.0,1e+19,logarithmic,131072,fixed_ref,0.8047071577351047,dirichlet_a20_4,dirichlet_a20_4,dirichlet_around_p0|lowQ,outside,False,False,1.0,0.41663254110330095,0.39710837194347914,True,True,Q_above_A_supported,upper_bound,1.5991636262453182,0.1471950933522666,3.4563929533589386,0.07975675893679825,0.15912348484004943,2.3916072319625646e-05,0.04412291332471955,0.006575218355045986,0.17830182371649192,0.10733470897284486,9.068824045565561e-08,0.04560213780581783,2.4674381484862554e-07,0.13022419207132135,0.09768966083516943,3.454312847749183e-05,0.036344172522635734,0.02597204058680974,0.04244271850151176,0.04645137289793162
1.0,1.0,1255529360.3491163,5816844168.126985,0.0,0.0,False,False,False,True,35185,1.460507599443985e+18,6.381055069144067e+18,2.1584373314119483e+18,1e+19,0.0,0.14605075994439848,0.6381055069144067,0.21584373314119482,0.0,1719145246.2822268,quality_linear,0.0,1e+19,logarithmic,131072,mixture,0.8047071577351047,lp_vertex_box,lp_vertex_box,analytic_lp_charnes_cooper,box_only,True,False,1.0,0.4871620101591301,0.4871620101591301,True,True,Q_above_A_supported,upper_bound,1.7191452462822268,0.1415924185388481,3.4436104313602693,0.0,0.0,0.0,0.11988006012024059,0.0,0.0,0.0,0.0,0.49689999999999995,0.0,0.0,0.0,0.0,0.0,0.0,0.0,0.3832199398797595
1.0,1.0,3912487936.8349757,40078247798.1106,0.0,0.0,False,False,False,True,35185,8.44713025219315e+21,5.766574252163857e+20,9.762123225904655e+20,1e+22,0.0,0.8447130252193149,0.05766574252163857,0.09762123225904655,0.0,249511906068.69363,quality_linear,0.0,1e+22,exponential,2048,fixed_ref,0.8047071577351047,dirichlet_a20_4,dirichlet_a20_4,dirichlet_around_p0|lowQ,outside,False,False,1.0,0.41663254110330095,0.39710837194347914,True,True,Q_above_A_supported,upper_bound,249.51190606869363,5.6424363238385595,2.1509865641797186,0.07975675893679825,0.15912348484004943,2.3916072319625646e-05,0.04412291332471955,0.006575218355045986,0.17830182371649192,0.10733470897284486,9.068824045565561e-08,0.04560213780581783,2.4674381484862554e-07,0.13022419207132135,0.09768966083516943,3.454312847749183e-05,0.036344172522635734,0.02597204058680974,0.04244271850151176,0.04645137289793162
1.0,1.0,3848323182.263386,39943091699.78389,0.0,0.0,False,False,False,True,35185,8.459075600424242e+21,5.77472894322295e+20,9.634515052534622e+20,1e+22,0.0,0.8459075600424242,0.057747289432229496,0.09634515052534622,0.0,250356183621.46225,quality_linear,0.0,1e+22,exponential,2048,mixture,0.8047071577351047,lp_vertex_box,lp_vertex_box,analytic_lp_charnes_cooper,box_only,True,False,1.0,0.4871620101591301,0.4871620101591301,True,True,Q_above_A_supported,upper_bound,250.35618362146224,5.6313605400524995,2.1508678444832126,0.0,0.0,0.0,0.11988006012024059,0.0,0.0,0.0,0.0,0.49689999999999995,0.0,0.0,0.0,0.0,0.0,0.0,0.0,0.3832199398797595
1.0,1.0,3912487936.8349757,41189414207.282074,0.0,0.0,False,False,False,True,35185,7.962919064404883e+21,1.0872038829267468e+21,9.498770526683694e+20,1e+22,0.0,0.7962919064404883,0.10872038829267468,0.09498770526683695,0.0,242780825910.16922,quality_linear,0.0,1e+22,exponential,4096,fixed_ref,0.8047071577351047,dirichlet_a20_4,dirichlet_a20_4,dirichlet_around_p0|lowQ,outside,False,False,1.0,0.41663254110330095,0.39710837194347914,True,True,Q_above_A_supported,upper_bound,242.78082591016923,5.466466194047263,2.155148529080297,0.07975675893679825,0.15912348484004943,2.3916072319625646e-05,0.04412291332471955,0.006575218355045986,0.17830182371649192,0.10733470897284486,9.068824045565561e-08,0.04560213780581783,2.4674381484862554e-07,0.13022419207132135,0.09768966083516943,3.454312847749183e-05,0.036344172522635734,0.02597204058680974,0.04244271850151176,0.04645137289793162
1.0,1.0,3848323182.263386,41070356600.557144,0.0,0.0,False,False,False,True,35185,7.974242587053641e+21,1.0887499212190573e+21,9.370074917273011e+20,1e+22,0.0,0.7974242587053642,0.10887499212190573,0.09370074917273012,0.0,243484615857.0813,quality_linear,0.0,1e+22,exponential,4096,mixture,0.8047071577351047,lp_vertex_box,lp_vertex_box,analytic_lp_charnes_cooper,box_only,True,False,1.0,0.4871620101591301,0.4871620101591301,True,True,Q_above_A_supported,upper_bound,243.4846158570813,5.45841644449404,2.15503214974923,0.0,0.0,0.0,0.11988006012024059,0.0,0.0,0.0,0.0,0.49689999999999995,0.0,0.0,0.0,0.0,0.0,0.0,0.0,0.3832199398797595
1.0,1.0,3912487936.8349757,43354802948.54913,0.0,0.0,False,False,False,True,35185,7.146181359004317e+21,1.9513839230987794e+21,9.02434717896903e+20,1e+22,0.0,0.7146181359004318,0.19513839230987795,0.09024347178969029,0.0,230654952159.9117,quality_linear,0.0,1e+22,exponential,8192,fixed_ref,0.8047071577351047,dirichlet_a20_4,dirichlet_a20_4,dirichlet_around_p0|lowQ,outside,False,False,1.0,0.41663254110330095,0.39710837194347914,True,True,Q_above_A_supported,upper_bound,230.65495215991172,5.163688077570455,2.1628865766765566,0.07975675893679825,0.15912348484004943,2.3916072319625646e-05,0.04412291332471955,0.006575218355045986,0.17830182371649192,0.10733470897284486,9.068824045565561e-08,0.04560213780581783,2.4674381484862554e-07,0.13022419207132135,0.09768966083516943,3.454312847749183e-05,0.036344172522635734,0.02597204058680974,0.04244271850151176,0.04645137289793162
1.0,1.0,3848323182.263386,43232556657.13599,0.0,0.0,False,False,False,True,35185,7.155835215520204e+21,1.9540200695180503e+21,8.901447149617463e+20,1e+22,0.0,0.7155835215520204,0.19540200695180504,0.08901447149617463,0.0,231307162315.3565,quality_linear,0.0,1e+22,exponential,8192,mixture,0.8047071577351047,lp_vertex_box,lp_vertex_box,analytic_lp_charnes_cooper,box_only,True,False,1.0,0.4871620101591301,0.4871620101591301,True,True,Q_above_A_supported,upper_bound,231.3071623153565,5.156084189735101,2.162774398856746,0.0,0.0,0.0,0.11988006012024059,0.0,0.0,0.0,0.0,0.49689999999999995,0.0,0.0,0.0,0.0,0.0,0.0,0.0,0.3832199398797595
1.0,1.0,3912487936.8349757,54506791222.02612,0.0,0.0,False,False,False,True,35185,4.4364334133819547e+21,4.845768336323329e+21,7.177982502947164e+20,1e+22,0.0,0.4436433413381955,0.4845768336323329,0.07177982502947164,0.0,183463377238.00943,quality_linear,0.0,1e+22,exponential,32768,fixed_ref,0.8047071577351047,dirichlet_a20_4,dirichlet_a20_4,dirichlet_around_p0|lowQ,outside,False,False,1.0,0.41663254110330095,0.39710837194347914,True,True,Q_above_A_supported,upper_bound,183.46337723800943,4.030262497227182,2.198591790044161,0.07975675893679825,0.15912348484004943,2.3916072319625646e-05,0.04412291332471955,0.006575218355045986,0.17830182371649192,0.10733470897284486,9.068824045565561e-08,0.04560213780581783,2.4674381484862554e-07,0.13022419207132135,0.09768966083516943,3.454312847749183e-05,0.036344172522635734,0.02597204058680974,0.04244271850151176,0.04645137289793162
1.0,1.0,3848323182.263386,54368122856.56438,0.0,0.0,False,False,False,True,35185,4.441199120559864e+21,4.850973759416855e+21,7.078271200232805e+20,1e+22,0.0,0.4441199120559864,0.4850973759416855,0.07078271200232805,0.0,183931308910.22855,quality_linear,0.0,1e+22,exponential,32768,mixture,0.8047071577351047,lp_vertex_box,lp_vertex_box,analytic_lp_charnes_cooper,box_only,True,False,1.0,0.4871620101591301,0.4871620101591301,True,True,Q_above_A_supported,upper_bound,183.93130891022855,4.024327656951073,2.198496687882821,0.0,0.0,0.0,0.11988006012024059,0.0,0.0,0.0,0.0,0.49689999999999995,0.0,0.0,0.0,0.0,0.0,0.0,0.0,0.3832199398797595
1.0,1.0,3912487936.8349757,86032697112.7559,-2097152.0,-2.097152e-16,False,False,False,True,35185,1.7778196913911397e+21,7.767412753000649e+21,4.547675556082129e+20,1.0000000000000002e+22,-2097152.0,0.17778196913911398,0.7767412753000649,0.04547675556082129,-2.097152e-16,116234877384.97646,quality_linear,0.0,1e+22,exponential,131072,fixed_ref,0.8047071577351047,dirichlet_a20_4,dirichlet_a20_4,dirichlet_around_p0|lowQ,outside,False,False,1.0,0.41663254110330095,0.39710837194347914,True,True,Q_above_A_supported,upper_bound,116.23487738497646,2.549177050509118,2.2750259140022036,0.07975675893679825,0.15912348484004943,2.3916072319625646e-05,0.04412291332471955,0.006575218355045986,0.17830182371649192,0.10733470897284486,9.068824045565561e-08,0.04560213780581783,2.4674381484862554e-07,0.13022419207132135,0.09768966083516943,3.454312847749183e-05,0.036344172522635734,0.02597204058680974,0.04244271850151176,0.04645137289793162
1.0,1.0,3848323182.263386,85887894100.66725,-4194304.0,-4.194304e-16,False,False,False,True,35185,1.779068332897639e+21,7.772868150985313e+21,4.4806351611705065e+20,1.0000000000000004e+22,-4194304.0,0.1779068332897639,0.7772868150985314,0.04480635161170506,-4.194304e-16,116430844005.55016,quality_linear,0.0,1e+22,exponential,131072,mixture,0.8047071577351047,lp_vertex_box,lp_vertex_box,analytic_lp_charnes_cooper,box_only,True,False,1.0,0.4871620101591301,0.4871620101591301,True,True,Q_above_A_supported,upper_bound,116.43084400555016,2.5466738762293843,2.2749574758672892,0.0,0.0,0.0,0.11988006012024059,0.0,0.0,0.0,0.0,0.49689999999999995,0.0,0.0,0.0,0.0,0.0,0.0,0.0,0.3832199398797595
1.0,1.0,4849345275.903549,41877971024.22226,0.0,0.0,False,False,False,True,35185,8.276987226605012e+21,5.650423280029022e+20,1.1579704453920853e+21,1e+22,0.0,0.8276987226605013,0.056504232800290224,0.11579704453920853,0.0,238789028107.78464,quality_linear,0.0,1e+22,power,2048,fixed_ref,0.8047071577351047,dirichlet_a20_4,dirichlet_a20_4,dirichlet_around_p0|lowQ,outside,False,False,1.0,0.41663254110330095,0.39710837194347914,True,True,Q_above_A_supported,upper_bound,238.78902810778465,5.777057187393709,2.15269061051389,0.07975675893679825,0.15912348484004943,2.3916072319625646e-05,0.04412291332471955,0.006575218355045986,0.17830182371649192,0.10733470897284486,9.068824045565561e-08,0.04560213780581783,2.4674381484862554e-07,0.13022419207132135,0.09768966083516943,3.454312847749183e-05,0.036344172522635734,0.02597204058680974,0.04244271850151176,0.04645137289793162
1.0,1.0,4718379892.712687,41619900361.656685,0.0,0.0,False,False,False,True,35185,8.29972203173757e+21,5.665943573666181e+20,1.133683610895812e+21,1e+22,0.0,0.829972203173757,0.056659435736661816,0.1133683610895812,0.0,240269676599.53207,quality_linear,0.0,1e+22,power,2048,mixture,0.8047071577351047,lp_vertex_box,lp_vertex_box,analytic_lp_charnes_cooper,box_only,True,False,1.0,0.4871620101591301,0.4871620101591301,True,True,Q_above_A_supported,upper_bound,240.26967659953206,5.757226733172741,2.1524556062051285,0.0,0.0,0.0,0.11988006012024059,0.0,0.0,0.0,0.0,0.49689999999999995,0.0,0.0,0.0,0.0,0.0,0.0,0.0,0.3832199398797595
1.0,1.0,4849345275.903549,43006275514.644936,0.0,0.0,False,False,False,True,35185,7.806554887079688e+21,1.0658549605826135e+21,1.1275901523376979e+21,1e+22,0.0,0.7806554887079689,0.10658549605826136,0.1127590152337698,0.0,232524204440.6914,quality_linear,0.0,1e+22,power,4096,fixed_ref,0.8047071577351047,dirichlet_a20_4,dirichlet_a20_4,dirichlet_around_p0|lowQ,outside,False,False,1.0,0.41663254110330095,0.39710837194347914,True,True,Q_above_A_supported,upper_bound,232.52420444069142,5.595514171565783,2.156819664290905,0.07975675893679825,0.15912348484004943,2.3916072319625646e-05,0.04412291332471955,0.006575218355045986,0.17830182371649192,0.10733470897284486,9.068824045565561e-08,0.04560213780581783,2.4674381484862554e-07,0.13022419207132135,0.09768966083516943,3.454312847749183e-05,0.036344172522635734,0.02597204058680974,0.04244271850151176,0.04645137289793162
1.0,1.0,4718379892.712687,42744331809.140915,0.0,0.0,False,False,False,True,35185,7.827433462963169e+21,1.068705582143238e+21,1.1038609548935928e+21,1e+22,0.0,0.7827433462963168,0.1068705582143238,0.11038609548935928,0.0,233949147799.32272,quality_linear,0.0,1e+22,power,4096,mixture,0.8047071577351047,lp_vertex_box,lp_vertex_box,analytic_lp_charnes_cooper,box_only,True,False,1.0,0.4871620101591301,0.4871620101591301,True,True,Q_above_A_supported,upper_bound,233.94914779932273,5.57630688591451,2.1565891248004183,0.0,0.0,0.0,0.11988006012024059,0.0,0.0,0.0,0.0,0.49689999999999995,0.0,0.0,0.0,0.0,0.0,0.0,0.0,0.3832199398797595
1.0,1.0,4849345275.903549,45173233044.86947,0.0,0.0,False,False,False,True,35185,7.01180898032932e+21,1.9146913055619264e+21,1.073499714108754e+21,1e+22,0.0,0.701180898032932,0.19146913055619263,0.10734997141087539,0.0,221370031010.7812,quality_linear,0.0,1e+22,power,8192,fixed_ref,0.8047071577351047,dirichlet_a20_4,dirichlet_a20_4,dirichlet_around_p0|lowQ,outside,False,False,1.0,0.41663254110330095,0.39710837194347914,True,True,Q_above_A_supported,upper_bound,221.3700310107812,5.279101352242082,2.16449858381103,0.07975675893679825,0.15912348484004943,2.3916072319625646e-05,0.04412291332471955,0.006575218355045986,0.17830182371649192,0.10733470897284486,9.068824045565561e-08,0.04560213780581783,2.4674381484862554e-07,0.13022419207132135,0.09768966083516943,3.454312847749183e-05,0.036344172522635734,0.02597204058680974,0.04244271850151176,0.04645137289793162
1.0,1.0,4718379892.712687,44903850993.040146,0.0,0.0,False,False,False,True,35185,7.029660141681575e+21,1.9195658626885157e+21,1.0507739956299092e+21,1e+22,0.0,0.7029660141681575,0.19195658626885156,0.10507739956299092,0.0,222698048805.4342,quality_linear,0.0,1e+22,power,8192,mixture,0.8047071577351047,lp_vertex_box,lp_vertex_box,analytic_lp_charnes_cooper,box_only,True,False,1.0,0.4871620101591301,0.4871620101591301,True,True,Q_above_A_supported,upper_bound,222.6980488054342,5.260980192229717,2.1642760731302526,0.0,0.0,0.0,0.11988006012024059,0.0,0.0,0.0,0.0,0.49689999999999995,0.0,0.0,0.0,0.0,0.0,0.0,0.0,0.3832199398797595
1.0,1.0,4849345275.903549,56371610996.552986,0.0,0.0,False,False,False,True,35185,4.368350434310975e+21,4.771403567716734e+21,8.602459979722909e+20,1e+22,0.0,0.4368350434310975,0.47714035677167344,0.0860245997972291,0.0,177394256137.393,quality_linear,0.0,1e+22,power,32768,fixed_ref,0.8047071577351047,dirichlet_a20_4,dirichlet_a20_4,dirichlet_around_p0|lowQ,outside,False,False,1.0,0.41663254110330095,0.39710837194347914,True,True,Q_above_A_supported,upper_bound,177.394256137393,4.1041825229933595,2.19996248004066,0.07975675893679825,0.15912348484004943,2.3916072319625646e-05,0.04412291332471955,0.006575218355045986,0.17830182371649192,0.10733470897284486,9.068824045565561e-08,0.04560213780581783,2.4674381484862554e-07,0.13022419207132135,0.09768966083516943,3.454312847749183e-05,0.036344172522635734,0.02597204058680974,0.04244271850151176,0.04645137289793162
1.0,1.0,4718379892.712687,56114257526.13152,-4194304.0,-4.194304e-16,False,False,False,True,35185,4.37761969334833e+21,4.781528070387937e+21,8.40852236263736e+20,1.0000000000000004e+22,-4194304.0,0.437761969334833,0.47815280703879365,0.08408522362637359,-4.194304e-16,178207828827.51605,quality_linear,0.0,1e+22,power,32768,mixture,0.8047071577351047,lp_vertex_box,lp_vertex_box,analytic_lp_charnes_cooper,box_only,True,False,1.0,0.4871620101591301,0.4871620101591301,True,True,Q_above_A_supported,upper_bound,178.20782882751604,4.094114647066885,2.199772837293932,0.0,0.0,0.0,0.11988006012024059,0.0,0.0,0.0,0.0,0.49689999999999995,0.0,0.0,0.0,0.0,0.0,0.0,0.0,0.3832199398797595
1.0,1.0,4849345275.903549,87943418226.92053,-2097152.0,-2.097152e-16,False,False,False,True,35185,1.7598186196174302e+21,7.688764870349862e+21,5.514165100327095e+20,1.0000000000000002e+22,-2097152.0,0.175981861961743,0.7688764870349862,0.055141651003270946,-2.097152e-16,113709475951.87834,quality_linear,0.0,1e+22,power,131072,fixed_ref,0.8047071577351047,dirichlet_a20_4,dirichlet_a20_4,dirichlet_around_p0|lowQ,outside,False,False,1.0,0.41663254110330095,0.39710837194347914,True,True,Q_above_A_supported,upper_bound,113.70947595187835,2.5794077478089608,2.2760167243969756,0.07975675893679825,0.15912348484004943,2.3916072319625646e-05,0.04412291332471955,0.006575218355045986,0.17830182371649192,0.10733470897284486,9.068824045565561e-08,0.04560213780581783,2.4674381484862554e-07,0.13022419207132135,0.09768966083516943,3.454312847749183e-05,0.036344172522635734,0.02597204058680974,0.04244271850151176,0.04645137289793162
1.0,1.0,4718379892.712687,87690091074.19359,0.0,0.0,False,False,False,True,35185,1.762303603484033e+21,7.699621930528639e+21,5.3807446598732795e+20,1e+22,0.0,0.1762303603484033,0.769962193052864,0.053807446598732794,0.0,114037970282.62993,quality_linear,0.0,1e+22,power,131072,mixture,0.8047071577351047,lp_vertex_box,lp_vertex_box,analytic_lp_charnes_cooper,box_only,True,False,1.0,0.4871620101591301,0.4871620101591301,True,True,Q_above_A_supported,upper_bound,114.03797028262993,2.57560939149824,2.2758791546930226,0.0,0.0,0.0,0.11988006012024059,0.0,0.0,0.0,0.0,0.49689999999999995,0.0,0.0,0.0,0.0,0.0,0.0,0.0,0.3832199398797595
1.0,1.0,1511467178.4002495,35281975227.320175,0.0,0.0,False,False,False,True,35185,8.959938451068744e+21,6.116651315929595e+20,4.283964173382965e+20,1e+22,0.0,0.8959938451068744,0.06116651315929595,0.04283964173382965,0.0,283430843527.6214,quality_linear,0.0,1e+22,logarithmic,2048,fixed_ref,0.8047071577351047,dirichlet_a20_4,dirichlet_a20_4,dirichlet_around_p0|lowQ,outside,False,False,1.0,0.41663254110330095,0.39710837194347914,True,True,Q_above_A_supported,upper_bound,283.4308435276214,5.268738774482015,2.1463457390253806,0.07975675893679825,0.15912348484004943,2.3916072319625646e-05,0.04412291332471955,0.006575218355045986,0.17830182371649192,0.10733470897284486,9.068824045565561e-08,0.04560213780581783,2.4674381484862554e-07,0.13022419207132135,0.09768966083516943,3.454312847749183e-05,0.036344172522635734,0.02597204058680974,0.04244271850151176,0.04645137289793162
1.0,1.0,1255529360.3491163,34745203948.32123,0.0,0.0,False,False,False,True,35185,9.022697248932638e+21,6.159494655271348e+20,3.613532855402275e+20,1e+22,0.0,0.9022697248932638,0.061594946552713484,0.03613532855402275,0.0,287809506453.7149,quality_linear,0.0,1e+22,logarithmic,2048,mixture,0.8047071577351047,lp_vertex_box,lp_vertex_box,analytic_lp_charnes_cooper,box_only,True,False,1.0,0.4871620101591301,0.4871620101591301,True,True,Q_above_A_supported,upper_bound,287.8095064537149,5.22492426796869,2.145824446047006,0.0,0.0,0.0,0.11988006012024059,0.0,0.0,0.0,0.0,0.49689999999999995,0.0,0.0,0.0,0.0,0.0,0.0,0.0,0.3832199398797595
1.0,1.0,1511467178.4002495,36396577014.753525,2097152.0,2.097152e-16,False,False,False,True,35185,8.43329661453557e+21,1.1514260977712563e+21,4.152772876931721e+20,9.999999999999998e+21,2097152.0,0.843329661453557,0.11514260977712563,0.04152772876931721,2.097152e-16,274751111785.77185,quality_linear,0.0,1e+22,logarithmic,4096,fixed_ref,0.8047071577351047,dirichlet_a20_4,dirichlet_a20_4,dirichlet_around_p0|lowQ,outside,False,False,1.0,0.41663254110330095,0.39710837194347914,True,True,Q_above_A_supported,upper_bound,274.75111178577185,5.1157188286534,2.150604408716601,0.07975675893679825,0.15912348484004943,2.3916072319625646e-05,0.04412291332471955,0.006575218355045986,0.17830182371649192,0.10733470897284486,9.068824045565561e-08,0.04560213780581783,2.4674381484862554e-07,0.13022419207132135,0.09768966083516943,3.454312847749183e-05,0.036344172522635734,0.02597204058680974,0.04244271850151176,0.04645137289793162
1.0,1.0,1255529360.3491163,35867534646.21374,0.0,0.0,False,False,False,True,35185,8.490691415537759e+21,1.1592624012680887e+21,3.50046183194153e+20,1e+22,0.0,0.8490691415537759,0.11592624012680887,0.0350046183194153,0.0,278803661825.01544,quality_linear,0.0,1e+22,logarithmic,4096,mixture,0.8047071577351047,lp_vertex_box,lp_vertex_box,analytic_lp_charnes_cooper,box_only,True,False,1.0,0.4871620101591301,0.4871620101591301,True,True,Q_above_A_supported,upper_bound,278.80366182501547,5.075669475285169,2.1500947134342647,0.0,0.0,0.0,0.11988006012024059,0.0,0.0,0.0,0.0,0.49689999999999995,0.0,0.0,0.0,0.0,0.0,0.0,0.0,0.3832199398797595
1.0,1.0,1511467178.4002495,38522885718.55687,0.0,0.0,False,False,False,True,35185,7.546850925948908e+21,2.0607934261791157e+21,3.923556478719766e+20,1e+22,0.0,0.7546850925948908,0.20607934261791158,0.03923556478719766,0.0,259585952959.46112,quality_linear,0.0,1e+22,logarithmic,8192,fixed_ref,0.8047071577351047,dirichlet_a20_4,dirichlet_a20_4,dirichlet_around_p0|lowQ,outside,False,False,1.0,0.41663254110330095,0.39710837194347914,True,True,Q_above_A_supported,upper_bound,259.5859529594611,4.845441262588582,2.1585153775285373,0.07975675893679825,0.15912348484004943,2.3916072319625646e-05,0.04412291332471955,0.006575218355045986,0.17830182371649192,0.10733470897284486,9.068824045565561e-08,0.04560213780581783,2.4674381484862554e-07,0.13022419207132135,0.09768966083516943,3.454312847749183e-05,0.036344172522635734,0.02597204058680974,0.04244271850151176,0.04645137289793162
1.0,1.0,1255529360.3491163,37995239929.02536,0.0,0.0,False,False,False,True,35185,7.59548293649882e+21,2.074073207193278e+21,3.3044385630790327e+20,1e+22,0.0,0.7595482936498821,0.2074073207193278,0.033044385630790325,0.0,263190863347.08972,quality_linear,0.0,1e+22,logarithmic,8192,mixture,0.8047071577351047,lp_vertex_box,lp_vertex_box,analytic_lp_charnes_cooper,box_only,True,False,1.0,0.4871620101591301,0.4871620101591301,True,True,Q_above_A_supported,upper_bound,263.1908633470897,4.809869942484846,2.1580263298197613,0.0,0.0,0.0,0.11988006012024059,0.0,0.0,0.0,0.0,0.49689999999999995,0.0,0.0,0.0,0.0,0.0,0.0,0.0,0.3832199398797595
1.0,1.0,1511467178.4002495,49609607657.30095,-2097152.0,-2.097152e-16,False,False,False,True,35185,4.633887202026978e+21,5.061440527867334e+21,3.0467227010568985e+20,1.0000000000000002e+22,-2097152.0,0.4633887202026978,0.5061440527867334,0.030467227010568986,-2.097152e-16,201573857811.5588,quality_linear,0.0,1e+22,logarithmic,32768,fixed_ref,0.8047071577351047,dirichlet_a20_4,dirichlet_a20_4,dirichlet_around_p0|lowQ,outside,False,False,1.0,0.41663254110330095,0.39710837194347914,True,True,Q_above_A_supported,upper_bound,201.5738578115588,3.831422100345774,2.194915683808947,0.07975675893679825,0.15912348484004943,2.3916072319625646e-05,0.04412291332471955,0.006575218355045986,0.17830182371649192,0.10733470897284486,9.068824045565561e-08,0.04560213780581783,2.4674381484862554e-07,0.13022419207132135,0.09768966083516943,3.454312847749183e-05,0.036344172522635734,0.02597204058680974,0.04244271850151176,0.04645137289793162
1.0,1.0,1255529360.3491163,49070983664.41901,0.0,0.0,False,False,False,True,35185,4.657217133892294e+21,5.086923034779424e+21,2.558598313282827e+20,1e+22,0.0,0.4657217133892294,0.5086923034779424,0.02558598313282827,0.0,203786418230.10617,quality_linear,0.0,1e+22,logarithmic,32768,mixture,0.8047071577351047,lp_vertex_box,lp_vertex_box,analytic_lp_charnes_cooper,box_only,True,False,1.0,0.4871620101591301,0.4871620101591301,True,True,Q_above_A_supported,upper_bound,203.78641823010616,3.8089037649813515,2.194508490933057,0.0,0.0,0.0,0.11988006012024059,0.0,0.0,0.0,0.0,0.49689999999999995,0.0,0.0,0.0,0.0,0.0,0.0,0.0,0.3832199398797595
1.0,1.0,1511467178.4002495,81051063085.20782,0.0,0.0,False,False,False,True,35185,1.8277881955480235e+21,7.985728478895684e+21,1.8648332555629353e+20,1e+22,0.0,0.18277881955480235,0.7985728478895684,0.01864833255562935,0.0,123379010951.24617,quality_linear,0.0,1e+22,logarithmic,131072,fixed_ref,0.8047071577351047,dirichlet_a20_4,dirichlet_a20_4,dirichlet_around_p0|lowQ,outside,False,False,1.0,0.41663254110330095,0.39710837194347914,True,True,Q_above_A_supported,upper_bound,123.37901095124617,2.46906960572935,2.272411180898094,0.07975675893679825,0.15912348484004943,2.3916072319625646e-05,0.04412291332471955,0.006575218355045986,0.17830182371649192,0.10733470897284486,9.068824045565561e-08,0.04560213780581783,2.4674381484862554e-07,0.13022419207132135,0.09768966083516943,3.454312847749183e-05,0.036344172522635734,0.02597204058680974,0.04244271850151176,0.04645137289793162
1.0,1.0,1255529360.3491163,80483168277.11905,-2097152.0,-2.097152e-16,False,False,False,True,35185,1.833465965911789e+21,8.010535036133002e+21,1.5599899795521058e+20,1.0000000000000002e+22,-2097152.0,0.1833465965911789,0.8010535036133002,0.015599899795521057,-2.097152e-16,124249581795.3895,quality_linear,0.0,1e+22,logarithmic,131072,mixture,0.8047071577351047,lp_vertex_box,lp_vertex_box,analytic_lp_charnes_cooper,box_only,True,False,1.0,0.4871620101591301,0.4871620101591301,True,True,Q_above_A_supported,upper_bound,124.2495817953895,2.459385831080819,2.272125625412946,0.0,0.0,0.0,0.11988006012024059,0.0,0.0,0.0,0.0,0.49689999999999995,0.0,0.0,0.0,0.0,0.0,0.0,0.0,0.3832199398797595
1.0,1.0,3912487936.8349757,265042984310.92856,0.0,0.0,False,False,False,True,35185,9.222774797184193e+23,6.2960809282110765e+22,1.476171099946995e+22,1e+24,0.0,0.9222774797184193,0.06296080928211077,0.01476171099946995,0.0,3772972910789.7266,quality_linear,0.0,1e+24,exponential,2048,fixed_ref,0.8047071577351047,dirichlet_a20_4,dirichlet_a20_4,dirichlet_around_p0|lowQ,outside,False,False,1.0,0.41663254110330095,0.39710837194347914,False,False,N_above_support;D_above_support;Q_above_A_supported,upper_bound,3772.9729107897265,40.74052926455529,1.913903619152281,0.07975675893679825,0.15912348484004943,2.3916072319625646e-05,0.04412291332471955,0.006575218355045986,0.17830182371649192,0.10733470897284486,9.068824045565561e-08,0.04560213780581783,2.4674381484862554e-07,0.13022419207132135,0.09768966083516943,3.454312847749183e-05,0.036344172522635734,0.02597204058680974,0.04244271850151176,0.04645137289793162
1.0,1.0,3848323182.263386,264978819556.357,134217728.0,1.3421772800000001e-16,False,False,False,True,35185,9.225008096744969e+23,6.2976055273779e+22,1.4523135051724034e+22,9.999999999999998e+23,134217728.0,0.9225008096744969,0.062976055273779,0.014523135051724034,1.3421772800000001e-16,3773886538079.7544,quality_linear,0.0,1e+24,exponential,2048,mixture,0.8047071577351047,lp_vertex_box,lp_vertex_box,analytic_lp_charnes_cooper,box_only,True,False,1.0,0.4871620101591301,0.4871620101591301,False,False,N_above_support;D_above_support;Q_above_A_supported,upper_bound,3773.8865380797542,40.74052926455529,1.9138952345936122,0.0,0.0,0.0,0.11988006012024059,0.0,0.0,0.0,0.0,0.49689999999999995,0.0,0.0,0.0,0.0,0.0,0.0,0.0,0.3832199398797595
1.0,1.0,3912487936.8349757,273926785633.31503,0.0,0.0,False,False,False,True,35185,8.673014697806731e+23,1.1841556067405458e+23,1.4282969545272312e+22,1e+24,0.0,0.8673014697806731,0.11841556067405458,0.014282969545272313,0.0,3650610500495.647,quality_linear,0.0,1e+24,exponential,4096,fixed_ref,0.8047071577351047,dirichlet_a20_4,dirichlet_a20_4,dirichlet_around_p0|lowQ,outside,False,False,1.0,0.41663254110330095,0.39710837194347914,False,False,N_above_support;D_above_support;Q_above_A_supported,upper_bound,3650.610500495647,39.59618396534492,1.9160275710896768,0.07975675893679825,0.15912348484004943,2.3916072319625646e-05,0.04412291332471955,0.006575218355045986,0.17830182371649192,0.10733470897284486,9.068824045565561e-08,0.04560213780581783,2.4674381484862554e-07,0.13022419207132135,0.09768966083516943,3.454312847749183e-05,0.036344172522635734,0.02597204058680974,0.04244271850151176,0.04645137289793162
1.0,1.0,3848323182.263386,273862620878.74347,134217728.0,1.3421772800000001e-16,False,False,False,True,35185,8.675046745326377e+23,1.1844330489618948e+23,1.4052020571172745e+22,9.999999999999998e+23,134217728.0,0.8675046745326377,0.11844330489618948,0.014052020571172745,1.3421772800000001e-16,3651465821773.334,quality_linear,0.0,1e+24,exponential,4096,mixture,0.8047071577351047,lp_vertex_box,lp_vertex_box,analytic_lp_charnes_cooper,box_only,True,False,1.0,0.4871620101591301,0.4871620101591301,False,False,N_above_support;D_above_support;Q_above_A_supported,upper_bound,3651.465821773334,39.59618396534492,1.9160193832724537,0.0,0.0,0.0,0.11988006012024059,0.0,0.0,0.0,0.0,0.49689999999999995,0.0,0.0,0.0,0.0,0.0,0.0,0.0,0.3832199398797595
1.0,1.0,3912487936.8349757,291089097579.2859,-268435456.0,-2.6843545600000003e-16,False,False,False,True,35185,7.74946957130586e+23,2.1161218242712537e+23,1.3440860442288825e+22,1.0000000000000003e+24,-268435456.0,0.774946957130586,0.21161218242712537,0.013440860442288824,-2.6843545600000003e-16,3435374283393.1567,quality_linear,0.0,1e+24,exponential,8192,fixed_ref,0.8047071577351047,dirichlet_a20_4,dirichlet_a20_4,dirichlet_around_p0|lowQ,outside,False,False,1.0,0.41663254110330095,0.39710837194347914,False,False,N_above_support;D_above_support;Q_above_A_supported,upper_bound,3435.374283393157,37.59643507049264,1.9199711532667088,0.07975675893679825,0.15912348484004943,2.3916072319625646e-05,0.04412291332471955,0.006575218355045986,0.17830182371649192,0.10733470897284486,9.068824045565561e-08,0.04560213780581783,2.4674381484862554e-07,0.13022419207132135,0.09768966083516943,3.454312847749183e-05,0.036344172522635734,0.02597204058680974,0.04244271850151176,0.04645137289793162
1.0,1.0,3848323182.263386,290883901102.3988,-134217728.0,-1.3421772800000001e-16,False,False,False,True,35185,7.75112780291849e+23,2.116574632050276e+23,1.3229756503123475e+22,1.0000000000000001e+24,-134217728.0,0.7751127802918489,0.2116574632050276,0.013229756503123474,-1.3421772800000001e-16,3437797678765.2256,quality_linear,0.0,1e+24,exponential,8192,mixture,0.8047071577351047,lp_vertex_box,lp_vertex_box,analytic_lp_charnes_cooper,box_only,True,False,1.0,0.4871620101591301,0.4871620101591301,False,False,N_above_support;D_above_support;Q_above_A_supported,upper_bound,3437.7976787652256,37.57797155426993,1.9199633134622658,0.0,0.0,0.0,0.11988006012024059,0.0,0.0,0.0,0.0,0.49689999999999995,0.0,0.0,0.0,0.0,0.0,0.0,0.0,0.3832199398797595
1.0,1.0,3912487936.8349757,379503294270.2723,0.0,0.0,False,False,False,True,35185,4.7302311848114916e+23,5.166673848796765e+23,1.0309496639174375e+22,1e+24,0.0,0.4730231184811492,0.5166673848796766,0.010309496639174374,0.0,2635023239845.255,quality_linear,0.0,1e+24,exponential,32768,fixed_ref,0.8047071577351047,dirichlet_a20_4,dirichlet_a20_4,dirichlet_around_p0|lowQ,outside,False,False,1.0,0.41663254110330095,0.39710837194347914,False,False,N_above_support;D_above_support;Q_above_A_supported,upper_bound,2635.023239845255,29.918971954932235,1.9380887958974857,0.07975675893679825,0.15912348484004943,2.3916072319625646e-05,0.04412291332471955,0.006575218355045986,0.17830182371649192,0.10733470897284486,9.068824045565561e-08,0.04560213780581783,2.4674381484862554e-07,0.13022419207132135,0.09768966083516943,3.454312847749183e-05,0.036344172522635734,0.02597204058680974,0.04244271850151176,0.04645137289793162
1.0,1.0,3848323182.263386,379439129515.7007,0.0,0.0,False,False,False,True,35185,4.731031086823252e+23,5.167547555100811e+23,1.0142135807593738e+22,1e+24,0.0,0.4731031086823252,0.5167547555100811,0.010142135807593738,0.0,2635468833370.8643,quality_linear,0.0,1e+24,exponential,32768,mixture,0.8047071577351047,lp_vertex_box,lp_vertex_box,analytic_lp_charnes_cooper,box_only,True,False,1.0,0.4871620101591301,0.4871620101591301,False,False,N_above_support;D_above_support;Q_above_A_supported,upper_bound,2635.468833370864,29.918971954932235,1.938082321455587,0.0,0.0,0.0,0.11988006012024059,0.0,0.0,0.0,0.0,0.49689999999999995,0.0,0.0,0.0,0.0,0.0,0.0,0.0,0.3832199398797595
1.0,1.0,3912487936.8349757,630848735648.0128,0.0,0.0,False,False,False,True,35185,1.8509698587124762e+23,8.087010710705389e+23,6.20194305821353e+21,1e+24,0.0,0.18509698587124762,0.8087010710705389,0.00620194305821353,0.0,1585166052481.3323,quality_linear,0.0,1e+24,exponential,131072,fixed_ref,0.8047071577351047,dirichlet_a20_4,dirichlet_a20_4,dirichlet_around_p0|lowQ,outside,False,False,1.0,0.41663254110330095,0.39710837194347914,False,False,N_above_support;D_above_support;Q_above_A_supported,upper_bound,1585.1660524813324,19.461366584855774,1.9765514600318008,0.07975675893679825,0.15912348484004943,2.3916072319625646e-05,0.04412291332471955,0.006575218355045986,0.17830182371649192,0.10733470897284486,9.068824045565561e-08,0.04560213780581783,2.4674381484862554e-07,0.13022419207132135,0.09768966083516943,3.454312847749183e-05,0.036344172522635734,0.02597204058680974,0.04244271850151176,0.04645137289793162
1.0,1.0,3848323182.263386,630784570893.4413,134217728.0,1.3421772800000001e-16,False,False,False,True,35185,1.8511581433221252e+23,8.087833338717255e+23,6.100851796061899e+21,9.999999999999998e+23,134217728.0,0.18511581433221252,0.8087833338717255,0.006100851796061899,1.3421772800000001e-16,1585327298959.775,quality_linear,0.0,1e+24,exponential,131072,mixture,0.8047071577351047,lp_vertex_box,lp_vertex_box,analytic_lp_charnes_cooper,box_only,True,False,1.0,0.4871620101591301,0.4871620101591301,False,False,N_above_support;D_above_support;Q_above_A_supported,upper_bound,1585.327298959775,19.461366584855774,1.9765469699533385,0.0,0.0,0.0,0.11988006012024059,0.0,0.0,0.0,0.0,0.49689999999999995,0.0,0.0,0.0,0.0,0.0,0.0,0.0,0.3832199398797595
1.0,1.0,4849345275.903549,267136845663.21326,134217728.0,1.3421772800000001e-16,False,False,False,True,35185,9.191028726874685e+23,6.274408944213118e+22,1.8153037870400144e+22,9.999999999999998e+23,134217728.0,0.9191028726874685,0.06274408944213118,0.018153037870400145,1.3421772800000001e-16,3743399745240.4126,quality_linear,0.0,1e+24,power,2048,fixed_ref,0.8047071577351047,dirichlet_a20_4,dirichlet_a20_4,dirichlet_around_p0|lowQ,outside,False,False,1.0,0.41663254110330095,0.39710837194347914,False,False,N_above_support;D_above_support;Q_above_A_supported,upper_bound,3743.399745240413,40.92104037495471,1.9140256838178147,0.07975675893679825,0.15912348484004943,2.3916072319625646e-05,0.04412291332471955,0.006575218355045986,0.17830182371649192,0.10733470897284486,9.068824045565561e-08,0.04560213780581783,2.4674381484862554e-07,0.13022419207132135,0.09768966083516943,3.454312847749183e-05,0.036344172522635734,0.02597204058680974,0.04244271850151176,0.04645137289793162
1.0,1.0,4718379892.712687,266748326052.9694,0.0,0.0,False,False,False,True,35185,9.19537717197617e+23,6.277377482735733e+22,1.768850797502563e+22,1e+24,0.0,0.9195377171976171,0.06277377482735733,0.017688507975025632,0.0,3748852016418.748,quality_linear,0.0,1e+24,power,2048,mixture,0.8047071577351047,lp_vertex_box,lp_vertex_box,analytic_lp_charnes_cooper,box_only,True,False,1.0,0.4871620101591301,0.4871620101591301,False,False,N_above_support;D_above_support;Q_above_A_supported,upper_bound,3748.852016418748,40.880857800838854,1.9140086595244536,0.0,0.0,0.0,0.11988006012024059,0.0,0.0,0.0,0.0,0.49689999999999995,0.0,0.0,0.0,0.0,0.0,0.0,0.0,0.3832199398797595
1.0,1.0,4849345275.903549,275926818004.8345,-134217728.0,-1.3421772800000001e-16,False,False,False,True,35185,8.644051341248514e+23,1.1802011431251305e+23,1.7574751562635657e+22,1.0000000000000001e+24,-134217728.0,0.8644051341248514,0.11802011431251305,0.017574751562635656,-1.3421772800000001e-16,3624149356814.165,quality_linear,0.0,1e+24,power,4096,fixed_ref,0.8047071577351047,dirichlet_a20_4,dirichlet_a20_4,dirichlet_around_p0|lowQ,outside,False,False,1.0,0.41663254110330095,0.39710837194347914,False,False,N_above_support;D_above_support;Q_above_A_supported,upper_bound,3624.149356814165,39.75209302101873,1.9161467854608134,0.07975675893679825,0.15912348484004943,2.3916072319625646e-05,0.04412291332471955,0.006575218355045986,0.17830182371649192,0.10733470897284486,9.068824045565561e-08,0.04560213780581783,2.4674381484862554e-07,0.13022419207132135,0.09768966083516943,3.454312847749183e-05,0.036344172522635734,0.02597204058680974,0.04244271850151176,0.04645137289793162
1.0,1.0,4718379892.712687,275662727145.62555,0.0,0.0,False,False,False,True,35185,8.648083390437066e+23,1.1807516522410074e+23,1.7116495732192649e+22,1e+24,0.0,0.8648083390437067,0.11807516522410075,0.01711649573219265,0.0,3627621370341.1763,quality_linear,0.0,1e+24,power,4096,mixture,0.8047071577351047,lp_vertex_box,lp_vertex_box,analytic_lp_charnes_cooper,box_only,True,False,1.0,0.4871620101591301,0.4871620101591301,False,False,N_above_support;D_above_support;Q_above_A_supported,upper_bound,3627.6213703411763,39.73257086651115,1.9161301573649347,0.0,0.0,0.0,0.11988006012024059,0.0,0.0,0.0,0.0,0.49689999999999995,0.0,0.0,0.0,0.0,0.0,0.0,0.0,0.3832199398797595
1.0,1.0,4849345275.903549,293015119124.4529,134217728.0,1.3421772800000001e-16,False,False,False,True,35185,7.72504860325191e+23,2.1094532719279882e+23,1.6549812482010107e+22,9.999999999999998e+23,134217728.0,0.7725048603251911,0.21094532719279882,0.016549812482010106,1.3421772800000001e-16,3412793179369.246,quality_linear,0.0,1e+24,power,8192,fixed_ref,0.8047071577351047,dirichlet_a20_4,dirichlet_a20_4,dirichlet_around_p0|lowQ,outside,False,False,1.0,0.41663254110330095,0.39710837194347914,False,False,N_above_support;D_above_support;Q_above_A_supported,upper_bound,3412.793179369246,37.72593394540078,1.9200853111210283,0.07975675893679825,0.15912348484004943,2.3916072319625646e-05,0.04412291332471955,0.006575218355045986,0.17830182371649192,0.10733470897284486,9.068824045565561e-08,0.04560213780581783,2.4674381484862554e-07,0.13022419207132135,0.09768966083516943,3.454312847749183e-05,0.036344172522635734,0.02597204058680974,0.04244271850151176,0.04645137289793162
1.0,1.0,4718379892.712687,292742636242.85156,0.0,0.0,False,False,False,True,35185,7.728441743208158e+23,2.1103798253453742e+23,1.6117843144646834e+22,1e+24,0.0,0.7728441743208159,0.21103798253453743,0.016117843144646832,0.0,3415969784361.805,quality_linear,0.0,1e+24,power,8192,mixture,0.8047071577351047,lp_vertex_box,lp_vertex_box,analytic_lp_charnes_cooper,box_only,True,False,1.0,0.4871620101591301,0.4871620101591301,False,False,N_above_support;D_above_support;Q_above_A_supported,upper_bound,3415.969784361805,37.707406832600924,1.920069386293943,0.0,0.0,0.0,0.11988006012024059,0.0,0.0,0.0,0.0,0.49689999999999995,0.0,0.0,0.0,0.0,0.0,0.0,0.0,0.3832199398797595
1.0,1.0,4849345275.903549,381548766655.74994,0.0,0.0,False,False,False,True,35185,4.718759713906883e+23,5.154143943510025e+23,1.2709634258309218e+22,1e+24,0.0,0.47187597139068826,0.5154143943510024,0.012709634258309219,0.0,2620896953133.7627,quality_linear,0.0,1e+24,power,32768,fixed_ref,0.8047071577351047,dirichlet_a20_4,dirichlet_a20_4,dirichlet_around_p0|lowQ,outside,False,False,1.0,0.41663254110330095,0.39710837194347914,False,False,N_above_support;D_above_support;Q_above_A_supported,upper_bound,2620.8969531337625,30.007282483100177,1.9381831316850204,0.07975675893679825,0.15912348484004943,2.3916072319625646e-05,0.04412291332471955,0.006575218355045986,0.17830182371649192,0.10733470897284486,9.068824045565561e-08,0.04560213780581783,2.4674381484862554e-07,0.13022419207132135,0.09768966083516943,3.454312847749183e-05,0.036344172522635734,0.02597204058680974,0.04244271850151176,0.04645137289793162
1.0,1.0,4718379892.712687,381232805118.9426,0.0,0.0,False,False,False,True,35185,4.7203512779926643e+23,5.1558823559087885e+23,1.2376636609854645e+22,1e+24,0.0,0.47203512779926643,0.5155882355908789,0.012376636609854646,0.0,2623069123571.3706,quality_linear,0.0,1e+24,power,32768,mixture,0.8047071577351047,lp_vertex_box,lp_vertex_box,analytic_lp_charnes_cooper,box_only,True,False,1.0,0.4871620101591301,0.4871620101591301,False,False,N_above_support;D_above_support;Q_above_A_supported,upper_bound,2623.0691235713707,29.992545980932157,1.9381699658696514,0.0,0.0,0.0,0.11988006012024059,0.0,0.0,0.0,0.0,0.49689999999999995,0.0,0.0,0.0,0.0,0.0,0.0,0.0,0.3832199398797595
1.0,1.0,4849345275.903549,632710161464.2609,0.0,0.0,False,False,False,True,35185,1.8482459973301198e+23,8.075109978735116e+23,7.664402393476445e+21,1e+24,0.0,0.184824599733012,0.8075109978735115,0.007664402393476445,0.0,1580502512691.96,quality_linear,0.0,1e+24,power,131072,fixed_ref,0.8047071577351047,dirichlet_a20_4,dirichlet_a20_4,dirichlet_around_p0|lowQ,outside,False,False,1.0,0.41663254110330095,0.39710837194347914,False,False,N_above_support;D_above_support;Q_above_A_supported,upper_bound,1580.50251269196,19.4900670566069,1.9766169459038456,0.07975675893679825,0.15912348484004943,2.3916072319625646e-05,0.04412291332471955,0.006575218355045986,0.17830182371649192,0.10733470897284486,9.068824045565561e-08,0.04560213780581783,2.4674381484862554e-07,0.13022419207132135,0.09768966083516943,3.454312847749183e-05,0.036344172522635734,0.02597204058680974,0.04244271850151176,0.04645137289793162
1.0,1.0,4718379892.712687,632579196081.07,-134217728.0,-1.3421772800000001e-16,False,False,False,True,35185,1.8486286470390746e+23,8.076781800823521e+23,7.458955213740525e+21,1.0000000000000001e+24,-134217728.0,0.18486286470390748,0.8076781800823521,0.007458955213740526,-1.3421772800000001e-16,1580829730403.9734,quality_linear,0.0,1e+24,power,131072,mixture,0.8047071577351047,lp_vertex_box,lp_vertex_box,analytic_lp_charnes_cooper,box_only,True,False,1.0,0.4871620101591301,0.4871620101591301,False,False,N_above_support;D_above_support;Q_above_A_supported,upper_bound,1580.8297304039734,19.4900670566069,1.976607800372819,0.0,0.0,0.0,0.11988006012024059,0.0,0.0,0.0,0.0,0.49689999999999995,0.0,0.0,0.0,0.0,0.0,0.0,0.0,0.3832199398797595
1.0,1.0,1511467178.4002495,259962096665.22345,0.0,0.0,False,False,False,True,35185,9.30653223690949e+23,6.3532593403968795e+22,5.814182905082127e+21,1e+24,0.0,0.930653223690949,0.0635325934039688,0.005814182905082127,0.0,3846714628124.3833,quality_linear,0.0,1e+24,logarithmic,2048,fixed_ref,0.8047071577351047,dirichlet_a20_4,dirichlet_a20_4,dirichlet_around_p0|lowQ,outside,False,False,1.0,0.41663254110330095,0.39710837194347914,False,False,N_above_support;D_above_support;Q_above_A_supported,upper_bound,3846.714628124383,40.322427216491384,1.9135877364974414,0.07975675893679825,0.15912348484004943,2.3916072319625646e-05,0.04412291332471955,0.006575218355045986,0.17830182371649192,0.10733470897284486,9.068824045565561e-08,0.04560213780581783,2.4674381484862554e-07,0.13022419207132135,0.09768966083516943,3.454312847749183e-05,0.036344172522635734,0.02597204058680974,0.04244271850151176,0.04645137289793162
1.0,1.0,1255529360.3491163,259452372250.36328,0.0,0.0,False,False,False,True,35185,9.315659464623526e+23,6.359490194516327e+22,4.839151592484075e+21,1e+24,0.0,0.9315659464623526,0.06359490194516328,0.004839151592484075,0.0,3854271947203.596,quality_linear,0.0,1e+24,logarithmic,2048,mixture,0.8047071577351047,lp_vertex_box,lp_vertex_box,analytic_lp_charnes_cooper,box_only,True,False,1.0,0.4871620101591301,0.4871620101591301,False,False,N_above_support;D_above_support;Q_above_A_supported,upper_bound,3854.271947203596,40.28283245288539,1.913553800656711,0.0,0.0,0.0,0.11988006012024059,0.0,0.0,0.0,0.0,0.49689999999999995,0.0,0.0,0.0,0.0,0.0,0.0,0.0,0.3832199398797595
1.0,1.0,1511467178.4002495,268886034448.8196,0.0,0.0,False,False,False,True,35185,8.749226725120007e+23,1.1945610888697183e+23,5.621218601027588e+21,1e+24,0.0,0.8749226725120007,0.11945610888697183,0.005621218601027588,0.0,3719047744706.6606,quality_linear,0.0,1e+24,logarithmic,4096,fixed_ref,0.8047071577351047,dirichlet_a20_4,dirichlet_a20_4,dirichlet_around_p0|lowQ,outside,False,False,1.0,0.41663254110330095,0.39710837194347914,False,False,N_above_support;D_above_support;Q_above_A_supported,upper_bound,3719.0477447066605,39.20908131018585,1.915719160482562,0.07975675893679825,0.15912348484004943,2.3916072319625646e-05,0.04412291332471955,0.006575218355045986,0.17830182371649192,0.10733470897284486,9.068824045565561e-08,0.04560213780581783,2.4674381484862554e-07,0.13022419207132135,0.09768966083516943,3.454312847749183e-05,0.036344172522635734,0.02597204058680974,0.04244271850151176,0.04645137289793162
1.0,1.0,1255529360.3491163,268236369087.77707,134217728.0,1.3421772800000001e-16,False,False,False,True,35185,8.757502204323948e+23,1.195690967630363e+23,4.6806828045687555e+21,9.999999999999998e+23,134217728.0,0.8757502204323948,0.1195690967630363,0.004680682804568756,1.3421772800000001e-16,3728055235018.3438,quality_linear,0.0,1e+24,logarithmic,4096,mixture,0.8047071577351047,lp_vertex_box,lp_vertex_box,analytic_lp_charnes_cooper,box_only,True,False,1.0,0.4871620101591301,0.4871620101591301,False,False,N_above_support;D_above_support;Q_above_A_supported,upper_bound,3728.055235018344,39.151343226101,1.9156860355450447,0.0,0.0,0.0,0.11988006012024059,0.0,0.0,0.0,0.0,0.49689999999999995,0.0,0.0,0.0,0.0,0.0,0.0,0.0,0.3832199398797595
1.0,1.0,1511467178.4002495,285880563142.5264,0.0,0.0,False,False,False,True,35185,7.813518080672495e+23,2.1336113372289698e+23,5.287058209853547e+21,1e+24,0.0,0.7813518080672495,0.21336113372289697,0.005287058209853547,0.0,3497964286230.4272,quality_linear,0.0,1e+24,logarithmic,8192,fixed_ref,0.8047071577351047,dirichlet_a20_4,dirichlet_a20_4,dirichlet_around_p0|lowQ,outside,False,False,1.0,0.41663254110330095,0.39710837194347914,False,False,N_above_support;D_above_support;Q_above_A_supported,upper_bound,3497.964286230427,37.228882483782755,1.9196759830034493,0.07975675893679825,0.15912348484004943,2.3916072319625646e-05,0.04412291332471955,0.006575218355045986,0.17830182371649192,0.10733470897284486,9.068824045565561e-08,0.04560213780581783,2.4674381484862554e-07,0.13022419207132135,0.09768966083516943,3.454312847749183e-05,0.036344172522635734,0.02597204058680974,0.04244271850151176,0.04645137289793162
1.0,1.0,1255529360.3491163,285345387989.1061,-134217728.0,-1.3421772800000001e-16,False,False,False,True,35185,7.820485699912008e+23,2.1355139617893055e+23,4.4000338298688394e+21,1.0000000000000001e+24,-134217728.0,0.7820485699912008,0.21355139617893054,0.00440003382986884,-1.3421772800000001e-16,3504524839343.743,quality_linear,0.0,1e+24,logarithmic,8192,mixture,0.8047071577351047,lp_vertex_box,lp_vertex_box,analytic_lp_charnes_cooper,box_only,True,False,1.0,0.4871620101591301,0.4871620101591301,False,False,N_above_support;D_above_support;Q_above_A_supported,upper_bound,3504.524839343743,37.19232543841079,1.9196442942996825,0.0,0.0,0.0,0.11988006012024059,0.0,0.0,0.0,0.0,0.49689999999999995,0.0,0.0,0.0,0.0,0.0,0.0,0.0,0.3832199398797595
1.0,1.0,1511467178.4002495,374344988865.07886,0.0,0.0,False,False,False,True,35185,4.760207597857563e+23,5.199416085553221e+23,4.037631658921475e+21,1e+24,0.0,0.4760207597857563,0.5199416085553221,0.004037631658921475,0.0,2671332673723.647,quality_linear,0.0,1e+24,logarithmic,32768,fixed_ref,0.8047071577351047,dirichlet_a20_4,dirichlet_a20_4,dirichlet_around_p0|lowQ,outside,False,False,1.0,0.41663254110330095,0.39710837194347914,False,False,N_above_support;D_above_support;Q_above_A_supported,upper_bound,2671.332673723647,29.69933100359089,1.9378453784718424,0.07975675893679825,0.15912348484004943,2.3916072319625646e-05,0.04412291332471955,0.006575218355045986,0.17830182371649192,0.10733470897284486,9.068824045565561e-08,0.04560213780581783,2.4674381484862554e-07,0.13022419207132135,0.09768966083516943,3.454312847749183e-05,0.036344172522635734,0.02597204058680974,0.04244271850151176,0.04645137289793162
1.0,1.0,1255529360.3491163,373905953427.18353,134217728.0,1.3421772800000001e-16,False,False,False,True,35185,4.763456499723264e+23,5.202964752764398e+23,3.3578747512337345e+21,9.999999999999998e+23,134217728.0,0.4763456499723264,0.5202964752764397,0.0033578747512337343,1.3421772800000001e-16,2674469317308.5444,quality_linear,0.0,1e+24,logarithmic,32768,mixture,0.8047071577351047,lp_vertex_box,lp_vertex_box,analytic_lp_charnes_cooper,box_only,True,False,1.0,0.4871620101591301,0.4871620101591301,False,False,N_above_support;D_above_support;Q_above_A_supported,upper_bound,2674.4693173085443,29.68474573563236,1.9378192888681034,0.0,0.0,0.0,0.11988006012024059,0.0,0.0,0.0,0.0,0.49689999999999995,0.0,0.0,0.0,0.0,0.0,0.0,0.0,0.3832199398797595
1.0,1.0,1511467178.4002495,625682170387.602,0.0,0.0,False,False,False,True,35185,1.8580217962093222e+23,8.117821095758275e+23,2.41571080324043e+21,1e+24,0.0,0.18580217962093223,0.8117821095758275,0.00241571080324043,0.0,1598255547829.52,quality_linear,0.0,1e+24,logarithmic,131072,fixed_ref,0.8047071577351047,dirichlet_a20_4,dirichlet_a20_4,dirichlet_around_p0|lowQ,outside,False,False,1.0,0.41663254110330095,0.39710837194347914,False,False,N_above_support;D_above_support;Q_above_A_supported,upper_bound,1598.25554782952,19.375518501328656,1.976382940542712,0.07975675893679825,0.15912348484004943,2.3916072319625646e-05,0.04412291332471955,0.006575218355045986,0.17830182371649192,0.10733470897284486,9.068824045565561e-08,0.04560213780581783,2.4674381484862554e-07,0.13022419207132135,0.09768966083516943,3.454312847749183e-05,0.036344172522635734,0.02597204058680974,0.04244271850151176,0.04645137289793162
1.0,1.0,1255529360.3491163,625119703881.8485,-134217728.0,-1.3421772800000001e-16,False,False,False,True,35185,1.8587803051367393e+23,8.121135071829425e+23,2.0084623033837677e+21,1.0000000000000001e+24,-134217728.0,0.18587803051367394,0.8121135071829425,0.0020084623033837677,-1.3421772800000001e-16,1599693616742.892,quality_linear,0.0,1e+24,logarithmic,131072,mixture,0.8047071577351047,lp_vertex_box,lp_vertex_box,analytic_lp_charnes_cooper,box_only,True,False,1.0,0.4871620101591301,0.4871620101591301,False,False,N_above_support;D_above_support;Q_above_A_supported,upper_bound,1599.6936167428921,19.36600323214151,1.9763649180365448,0.0,0.0,0.0,0.11988006012024059,0.0,0.0,0.0,0.0,0.49689999999999995,0.0,0.0,0.0,0.0,0.0,0.0,0.0,0.3832199398797595
1.0,3788.5078766638335,3912487936.8349757,66730510463.012436,0.0,0.0,False,False,False,True,35185,8.812114604609777e+18,6.015736903413608e+17,5.863117050488621e+17,1e+19,0.0,0.8812114604609776,0.06015736903413608,0.058631170504886206,0.0,149856488.8926307,quality_linear,0.5,1e+19,exponential,2048,fixed_ref,0.8047071577351047,lp_vertex_box,lp_vertex_box,analytic_lp_charnes_cooper,box_only,True,False,3788.5078766638335,0.41663254110330095,0.4871620101591301,True,True,Q_above_A_supported,upper_bound,0.1498564888926307,9.800615097069624,2.062952792503057,0.0,0.0,0.0,0.11988006012024059,0.0,0.0,0.0,0.0,0.49689999999999995,0.0,0.0,0.0,0.0,0.0,0.0,0.0,0.3832199398797595
1.0,3788.5078766638335,3848323182.263386,66604661307.87695,2048.0,2.048e-16,False,False,False,True,35185,8.820095608489969e+18,6.021185268729152e+17,5.777858646371146e+17,9.999999999999998e+18,2048.0,0.8820095608489968,0.06021185268729152,0.057778586463711465,2.048e-16,150139641.93550155,quality_linear,0.5,1e+19,exponential,2048,mixture,0.8047071577351047,lp_vertex_box,lp_vertex_box,analytic_lp_charnes_cooper,box_only,True,False,3788.5078766638335,0.4871620101591301,0.4871620101591301,True,True,Q_above_A_supported,upper_bound,0.15013964193550156,9.790991345109456,2.062896174235221,0.0,0.0,0.0,0.11988006012024059,0.0,0.0,0.0,0.0,0.49689999999999995,0.0,0.0,0.0,0.0,0.0,0.0,0.0,0.3832199398797595
1.0,3788.5078766638335,3912487936.8349757,68756034674.75743,-2048.0,-2.048e-16,False,False,False,True,35185,8.298006329911461e+18,1.1329544642439114e+18,5.6903920584462925e+17,1.0000000000000002e+19,-2048.0,0.829800632991146,0.11329544642439114,0.056903920584462926,-2.048e-16,145441778.99880147,quality_linear,0.5,1e+19,exponential,4096,fixed_ref,0.8047071577351047,lp_vertex_box,lp_vertex_box,analytic_lp_charnes_cooper,box_only,True,False,3788.5078766638335,0.41663254110330095,0.4871620101591301,True,True,Q_above_A_supported,upper_bound,0.14544177899880148,9.50896684917915,2.0664015504839104,0.0,0.0,0.0,0.11988006012024059,0.0,0.0,0.0,0.0,0.49689999999999995,0.0,0.0,0.0,0.0,0.0,0.0,0.0,0.3832199398797595
1.0,3788.5078766638335,3848323182.263386,68628196548.27602,0.0,0.0,False,False,False,True,35185,8.305300118731847e+18,1.1339503095441882e+18,5.6074957172396486e+17,1e+19,0.0,0.8305300118731846,0.11339503095441882,0.05607495717239649,0.0,145712702.69306248,quality_linear,0.5,1e+19,exponential,4096,mixture,0.8047071577351047,lp_vertex_box,lp_vertex_box,analytic_lp_charnes_cooper,box_only,True,False,3788.5078766638335,0.4871620101591301,0.4871620101591301,True,True,Q_above_A_supported,upper_bound,0.1457127026930625,9.49962948234582,2.06634614312037,0.0,0.0,0.0,0.11988006012024059,0.0,0.0,0.0,0.0,0.49689999999999995,0.0,0.0,0.0,0.0,0.0,0.0,0.0,0.3832199398797595
1.0,3788.5078766638335,3912487936.8349757,72657690712.3233,-2048.0,-2.048e-16,False,False,False,True,35185,7.432067747932649e+18,2.0294499663688087e+18,5.384822856985445e+17,1.0000000000000002e+19,-2048.0,0.7432067747932649,0.20294499663688087,0.05384822856985445,-2.048e-16,137631679.48171416,quality_linear,0.5,1e+19,exponential,8192,fixed_ref,0.8047071577351047,lp_vertex_box,lp_vertex_box,analytic_lp_charnes_cooper,box_only,True,False,3788.5078766638335,0.41663254110330095,0.4871620101591301,True,True,Q_above_A_supported,upper_bound,0.13763167948171415,8.99994799637206,2.072809681245395,0.0,0.0,0.0,0.11988006012024059,0.0,0.0,0.0,0.0,0.49689999999999995,0.0,0.0,0.0,0.0,0.0,0.0,0.0,0.3832199398797595
1.0,3788.5078766638335,3848323182.263386,72526021339.58131,0.0,0.0,False,False,False,True,35185,7.438249304046227e+18,2.0311379432915569e+18,5.30612752662216e+17,1e+19,0.0,0.7438249304046227,0.2031137943291557,0.0530612752662216,0.0,137881546.7234581,quality_linear,0.5,1e+19,exponential,8192,mixture,0.8047071577351047,lp_vertex_box,lp_vertex_box,analytic_lp_charnes_cooper,box_only,True,False,3788.5078766638335,0.4871620101591301,0.4871620101591301,True,True,Q_above_A_supported,upper_bound,0.13788154672345812,8.991110462573042,2.072756436156969,0.0,0.0,0.0,0.11988006012024059,0.0,0.0,0.0,0.0,0.49689999999999995,0.0,0.0,0.0,0.0,0.0,0.0,0.0,0.3832199398797595
1.0,3788.5078766638335,3912487936.8349757,92921699297.11852,0.0,0.0,False,False,False,True,35185,4.5782633844344274e+18,5.000684486038244e+18,4.2105212952732794e+17,1e+19,0.0,0.4578263384434427,0.5000684486038245,0.04210521295273279,0.0,107617489.516898,quality_linear,0.5,1e+19,exponential,32768,fixed_ref,0.8047071577351047,lp_vertex_box,lp_vertex_box,analytic_lp_charnes_cooper,box_only,True,False,3788.5078766638335,0.41663254110330095,0.4871620101591301,True,False,D_below_support;Q_above_A_supported,upper_bound,0.10761748951689801,7.090333558523733,2.102319680774737,0.0,0.0,0.0,0.11988006012024059,0.0,0.0,0.0,0.0,0.49689999999999995,0.0,0.0,0.0,0.0,0.0,0.0,0.0,0.3832199398797595
1.0,3788.5078766638335,3848323182.263386,92770131602.64836,0.0,0.0,False,False,False,True,35185,4.5812403554791803e+18,5.003936132278059e+18,4.148235122427622e+17,1e+19,0.0,0.45812403554791803,0.500393613227806,0.041482351224276216,0.0,107793314.80127516,quality_linear,0.5,1e+19,exponential,32768,mixture,0.8047071577351047,lp_vertex_box,lp_vertex_box,analytic_lp_charnes_cooper,box_only,True,False,3788.5078766638335,0.4871620101591301,0.4871620101591301,True,False,D_below_support;Q_above_A_supported,upper_bound,0.10779331480127516,7.083371178019451,2.1022750813375572,0.0,0.0,0.0,0.11988006012024059,0.0,0.0,0.0,0.0,0.49689999999999995,0.0,0.0,0.0,0.0,0.0,0.0,0.0,0.3832199398797595
1.0,3788.5078766638335,3912487936.8349757,150313264459.435,-2048.0,-2.048e-16,False,False,False,True,35185,1.8140417451870577e+18,7.925669320838602e+18,2.602889339743425e+17,1.0000000000000002e+19,-2048.0,0.18140417451870577,0.7925669320838602,0.02602889339743425,-2.048e-16,66527728.181292325,quality_linear,0.5,1e+19,exponential,131072,fixed_ref,0.8047071577351047,lp_vertex_box,lp_vertex_box,analytic_lp_charnes_cooper,box_only,True,False,3788.5078766638335,0.41663254110330095,0.4871620101591301,True,False,D_below_support;Q_above_A_supported,upper_bound,0.06652772818129232,4.544575609745953,2.1652458553580978,0.0,0.0,0.0,0.11988006012024059,0.0,0.0,0.0,0.0,0.49689999999999995,0.0,0.0,0.0,0.0,0.0,0.0,0.0,0.3832199398797595
1.0,3788.5078766638335,3848323182.263386,150177202645.81314,0.0,0.0,False,False,False,True,35185,1.8147936037762522e+18,7.928954241138697e+18,2.5625215508504976e+17,1e+19,0.0,0.18147936037762522,0.7928954241138697,0.025625215508504978,0.0,66588002.864753015,quality_linear,0.5,1e+19,exponential,131072,mixture,0.8047071577351047,lp_vertex_box,lp_vertex_box,analytic_lp_charnes_cooper,box_only,True,False,3788.5078766638335,0.4871620101591301,0.4871620101591301,True,False,D_below_support;Q_above_A_supported,upper_bound,0.06658800286475301,4.542343779910529,2.165214316203004,0.0,0.0,0.0,0.11988006012024059,0.0,0.0,0.0,0.0,0.49689999999999995,0.0,0.0,0.0,0.0,0.0,0.0,0.0,0.3832199398797595
1.0,3788.5078766638335,4849345275.903549,68599942983.40431,0.0,0.0,False,False,False,True,35185,8.699230312727963e+18,5.938674560155624e+17,7.069022312564753e+17,1e+19,0.0,0.8699230312727962,0.05938674560155624,0.07069022312564753,0.0,145772715.91055402,quality_linear,0.5,1e+19,power,2048,fixed_ref,0.8047071577351047,lp_vertex_box,lp_vertex_box,analytic_lp_charnes_cooper,box_only,True,False,3788.5078766638335,0.41663254110330095,0.4871620101591301,True,True,Q_above_A_supported,upper_bound,0.14577271591055402,9.946111724210677,2.0637706071410284,0.0,0.0,0.0,0.11988006012024059,0.0,0.0,0.0,0.0,0.49689999999999995,0.0,0.0,0.0,0.0,0.0,0.0,0.0,0.3832199398797595
1.0,3788.5078766638335,4718379892.712687,68343838777.91833,0.0,0.0,False,False,False,True,35185,8.714688767454104e+18,5.949227531915334e+17,6.903884793543643e+17,1e+19,0.0,0.8714688767454104,0.05949227531915335,0.06903884793543642,0.0,146318968.5978097,quality_linear,0.5,1e+19,power,2048,mixture,0.8047071577351047,lp_vertex_box,lp_vertex_box,analytic_lp_charnes_cooper,box_only,True,False,3788.5078766638335,0.4871620101591301,0.4871620101591301,True,True,Q_above_A_supported,upper_bound,0.1463189685978097,9.926588068710316,2.0636572611063384,0.0,0.0,0.0,0.11988006012024059,0.0,0.0,0.0,0.0,0.49689999999999995,0.0,0.0,0.0,0.0,0.0,0.0,0.0,0.3832199398797595
1.0,3788.5078766638335,4849345275.903549,70639376831.2121,2048.0,2.048e-16,False,False,False,True,35185,8.194662236409198e+18,1.118844550677736e+18,6.864932129130646e+17,9.999999999999998e+18,2048.0,0.8194662236409198,0.1118844550677736,0.06864932129130646,2.048e-16,141564102.7509955,quality_linear,0.5,1e+19,power,4096,fixed_ref,0.8047071577351047,lp_vertex_box,lp_vertex_box,analytic_lp_charnes_cooper,box_only,True,False,3788.5078766638335,0.41663254110330095,0.4871620101591301,True,True,Q_above_A_supported,upper_bound,0.14156410275099549,9.647763895370211,2.067202106792212,0.0,0.0,0.0,0.11988006012024059,0.0,0.0,0.0,0.0,0.49689999999999995,0.0,0.0,0.0,0.0,0.0,0.0,0.0,0.3832199398797595
1.0,3788.5078766638335,4718379892.712687,70379269332.28223,0.0,0.0,False,False,False,True,35185,8.208802936851895e+18,1.1207752276448456e+18,6.704218355032589e+17,1e+19,0.0,0.8208802936851896,0.11207752276448456,0.06704218355032589,0.0,142087294.95026323,quality_linear,0.5,1e+19,power,4096,mixture,0.8047071577351047,lp_vertex_box,lp_vertex_box,analytic_lp_charnes_cooper,box_only,True,False,3788.5078766638335,0.4871620101591301,0.4871620101591301,True,True,Q_above_A_supported,upper_bound,0.14208729495026323,9.62882587980548,2.0670911270980854,0.0,0.0,0.0,0.11988006012024059,0.0,0.0,0.0,0.0,0.49689999999999995,0.0,0.0,0.0,0.0,0.0,0.0,0.0,0.3832199398797595
1.0,3788.5078766638335,4849345275.903549,74546609383.18782,-2048.0,-2.048e-16,False,False,False,True,35185,7.344067985674315e+18,2.0054201646214664e+18,6.505118497042203e+17,1.0000000000000002e+19,-2048.0,0.7344067985674315,0.20054201646214664,0.06505118497042203,-2.048e-16,134144263.33728409,quality_linear,0.5,1e+19,power,8192,fixed_ref,0.8047071577351047,lp_vertex_box,lp_vertex_box,analytic_lp_charnes_cooper,box_only,True,False,3788.5078766638335,0.41663254110330095,0.4871620101591301,True,True,Q_above_A_supported,upper_bound,0.13414426333728408,9.124589456860635,2.0735794008001966,0.0,0.0,0.0,0.11988006012024059,0.0,0.0,0.0,0.0,0.49689999999999995,0.0,0.0,0.0,0.0,0.0,0.0,0.0,0.3832199398797595
1.0,3788.5078766638335,4718379892.712687,74313009958.06,0.0,0.0,False,False,False,True,35185,7.356305071966294e+18,2.0087617049849295e+18,6.349332230487767e+17,1e+19,0.0,0.7356305071966294,0.20087617049849296,0.06349332230487767,0.0,134565939.47202107,quality_linear,0.5,1e+19,power,8192,mixture,0.8047071577351047,lp_vertex_box,lp_vertex_box,analytic_lp_charnes_cooper,box_only,True,False,3788.5078766638335,0.4871620101591301,0.4871620101591301,True,True,Q_above_A_supported,upper_bound,0.13456593947202108,9.11115286779264,2.073472652368978,0.0,0.0,0.0,0.11988006012024059,0.0,0.0,0.0,0.0,0.49689999999999995,0.0,0.0,0.0,0.0,0.0,0.0,0.0,0.3832199398797595
1.0,3788.5078766638335,4849345275.903549,94825677654.58815,-2048.0,-2.048e-16,False,False,False,True,35185,4.535083580268732e+18,4.953520625274861e+18,5.113957944564094e+17,1.0000000000000002e+19,-2048.0,0.45350835802687317,0.49535206252748604,0.05113957944564094,-2.048e-16,105456667.93361586,quality_linear,0.5,1e+19,power,32768,fixed_ref,0.8047071577351047,lp_vertex_box,lp_vertex_box,analytic_lp_charnes_cooper,box_only,True,False,3788.5078766638335,0.41663254110330095,0.4871620101591301,True,False,D_below_support;Q_above_A_supported,upper_bound,0.10545666793361587,7.167372895319638,2.1029657459838527,0.0,0.0,0.0,0.11988006012024059,0.0,0.0,0.0,0.0,0.49689999999999995,0.0,0.0,0.0,0.0,0.0,0.0,0.0,0.3832199398797595
1.0,3788.5078766638335,4718379892.712687,94562215898.84998,2048.0,2.048e-16,False,False,False,True,35185,4.541022040343962e+18,4.960007007266365e+18,4.9897095238967104e+17,9.999999999999998e+18,2048.0,0.4541022040343962,0.49600070072663655,0.049897095238967105,2.048e-16,105750482.94867226,quality_linear,0.5,1e+19,power,32768,mixture,0.8047071577351047,lp_vertex_box,lp_vertex_box,analytic_lp_charnes_cooper,box_only,True,False,3788.5078766638335,0.4871620101591301,0.4871620101591301,True,False,D_below_support;Q_above_A_supported,upper_bound,0.10575048294867226,7.156818443007367,2.1028760002881106,0.0,0.0,0.0,0.11988006012024059,0.0,0.0,0.0,0.0,0.49689999999999995,0.0,0.0,0.0,0.0,0.0,0.0,0.0,0.3832199398797595
1.0,3788.5078766638335,4849345275.903549,152224196698.33228,-2048.0,-2.048e-16,False,False,False,True,35185,1.8031875194650056e+18,7.878246485043908e+18,3.185659954910885e+17,1.0000000000000002e+19,-2048.0,0.18031875194650054,0.7878246485043907,0.03185659954910885,-2.048e-16,65692578.55777903,quality_linear,0.5,1e+19,power,131072,fixed_ref,0.8047071577351047,lp_vertex_box,lp_vertex_box,analytic_lp_charnes_cooper,box_only,True,False,3788.5078766638335,0.41663254110330095,0.4871620101591301,True,False,D_below_support;Q_above_A_supported,upper_bound,0.06569257855777903,4.574812860783648,2.165704057096666,0.0,0.0,0.0,0.11988006012024059,0.0,0.0,0.0,0.0,0.49689999999999995,0.0,0.0,0.0,0.0,0.0,0.0,0.0,0.3832199398797595
1.0,3788.5078766638335,4718379892.712687,151948516008.88678,0.0,0.0,False,False,False,True,35185,1.804685189017234e+18,7.884789903162231e+18,3.105249078205364e+17,1e+19,0.0,0.18046851890172338,0.788478990316223,0.03105249078205364,0.0,65811764.81786203,quality_linear,0.5,1e+19,power,131072,mixture,0.8047071577351047,lp_vertex_box,lp_vertex_box,analytic_lp_charnes_cooper,box_only,True,False,3788.5078766638335,0.4871620101591301,0.4871620101591301,True,False,D_below_support;Q_above_A_supported,upper_bound,0.06581176481786202,4.570320605573101,2.1656402604383422,0.0,0.0,0.0,0.11988006012024059,0.0,0.0,0.0,0.0,0.49689999999999995,0.0,0.0,0.0,0.0,0.0,0.0,0.0,0.3832199398797595
1.0,3788.5078766638335,1511467178.4002495,61775417203.7108,0.0,0.0,False,False,False,True,35185,9.131922769838152e+18,6.234059277542845e+17,2.44671302407563e+17,1e+19,0.0,0.9131922769838152,0.06234059277542846,0.0244671302407563,0.0,161876689.02379033,quality_linear,0.5,1e+19,logarithmic,2048,fixed_ref,0.8047071577351047,lp_vertex_box,lp_vertex_box,analytic_lp_charnes_cooper,box_only,True,False,3788.5078766638335,0.41663254110330095,0.4871620101591301,True,True,Q_above_A_supported,upper_bound,0.16187668902379032,9.402138982980302,2.0607769419778217,0.0,0.0,0.0,0.11988006012024059,0.0,0.0,0.0,0.0,0.49689999999999995,0.0,0.0,0.0,0.0,0.0,0.0,0.0,0.3832199398797595
1.0,3788.5078766638335,1255529360.3491163,61253642729.59137,0.0,0.0,False,False,False,True,35185,9.169084939755506e+18,6.259428652206426e+17,2.049721950238521e+17,1e+19,0.0,0.9169084939755505,0.06259428652206425,0.02049721950238521,0.0,163255596.80010742,quality_linear,0.5,1e+19,logarithmic,2048,mixture,0.8047071577351047,lp_vertex_box,lp_vertex_box,analytic_lp_charnes_cooper,box_only,True,False,3788.5078766638335,0.4871620101591301,0.4871620101591301,True,True,Q_above_A_supported,upper_bound,0.16325559680010743,9.360664217617677,2.060537631692708,0.0,0.0,0.0,0.11988006012024059,0.0,0.0,0.0,0.0,0.49689999999999995,0.0,0.0,0.0,0.0,0.0,0.0,0.0,0.3832199398797595
1.0,3788.5078766638335,1511467178.4002495,63795027185.64734,2048.0,2.048e-16,False,False,False,True,35185,8.59022271105305e+18,1.1728517408157765e+18,2.3692554813117168e+17,9.999999999999998e+18,2048.0,0.8590222711053049,0.11728517408157765,0.02369255481311717,2.048e-16,156752029.7608684,quality_linear,0.5,1e+19,logarithmic,4096,fixed_ref,0.8047071577351047,lp_vertex_box,lp_vertex_box,analytic_lp_charnes_cooper,box_only,True,False,3788.5078766638335,0.41663254110330095,0.4871620101591301,True,True,Q_above_A_supported,upper_bound,0.1567520297608684,9.133558189706575,2.064273882420938,0.0,0.0,0.0,0.11988006012024059,0.0,0.0,0.0,0.0,0.49689999999999995,0.0,0.0,0.0,0.0,0.0,0.0,0.0,0.3832199398797595
1.0,3788.5078766638335,1255529360.3491163,63264343797.26074,0.0,0.0,False,False,False,True,35185,8.624069398558579e+18,1.177472941883198e+18,1.9845765955822323e+17,1e+19,0.0,0.8624069398558579,0.11774729418831979,0.019845765955822322,0.0,158066920.4765068,quality_linear,0.5,1e+19,logarithmic,4096,mixture,0.8047071577351047,lp_vertex_box,lp_vertex_box,analytic_lp_charnes_cooper,box_only,True,False,3788.5078766638335,0.4871620101591301,0.4871620101591301,True,True,Q_above_A_supported,upper_bound,0.1580669204765068,9.093268189364094,2.0640400883657875,0.0,0.0,0.0,0.11988006012024059,0.0,0.0,0.0,0.0,0.49689999999999995,0.0,0.0,0.0,0.0,0.0,0.0,0.0,0.3832199398797595
1.0,3788.5078766638335,1511467178.4002495,67688770195.62738,0.0,0.0,False,False,False,True,35185,7.679647627863691e+18,2.097055778915312e+18,2.2329659322099613e+17,1e+19,0.0,0.7679647627863692,0.20970557789153121,0.022329659322099613,0.0,147734993.1325239,quality_linear,0.5,1e+19,logarithmic,8192,fixed_ref,0.8047071577351047,lp_vertex_box,lp_vertex_box,analytic_lp_charnes_cooper,box_only,True,False,3788.5078766638335,0.41663254110330095,0.4871620101591301,True,True,Q_above_A_supported,upper_bound,0.1477349931325239,8.663765057764339,2.070767820250729,0.0,0.0,0.0,0.11988006012024059,0.0,0.0,0.0,0.0,0.49689999999999995,0.0,0.0,0.0,0.0,0.0,0.0,0.0,0.3832199398797595
1.0,3788.5078766638335,1255529360.3491163,67140910707.41779,0.0,0.0,False,False,False,True,35185,7.708159440046056e+18,2.1048414044285768e+18,1.8699915552536646e+17,1e+19,0.0,0.7708159440046056,0.21048414044285768,0.018699915552536646,0.0,148940487.91767713,quality_linear,0.5,1e+19,logarithmic,8192,mixture,0.8047071577351047,lp_vertex_box,lp_vertex_box,analytic_lp_charnes_cooper,box_only,True,False,3788.5078766638335,0.4871620101591301,0.4871620101591301,True,True,Q_above_A_supported,upper_bound,0.14894048791767714,8.625547411377864,2.070543824734593,0.0,0.0,0.0,0.11988006012024059,0.0,0.0,0.0,0.0,0.49689999999999995,0.0,0.0,0.0,0.0,0.0,0.0,0.0,0.3832199398797595
1.0,3788.5078766638335,1511467178.4002495,87893141924.0845,-2048.0,-2.048e-16,False,False,False,True,35185,4.697314020453749e+18,5.130719527407615e+18,1.7196645213863686e+17,1.0000000000000002e+19,-2048.0,0.4697314020453749,0.5130719527407614,0.017196645213863687,-2.048e-16,113774519.61652763,quality_linear,0.5,1e+19,logarithmic,32768,fixed_ref,0.8047071577351047,lp_vertex_box,lp_vertex_box,analytic_lp_charnes_cooper,box_only,True,False,3788.5078766638335,0.41663254110330095,0.4871620101591301,True,False,D_below_support;Q_above_A_supported,upper_bound,0.11377451961652763,6.881028131028889,2.10061831285852,0.0,0.0,0.0,0.11988006012024059,0.0,0.0,0.0,0.0,0.49689999999999995,0.0,0.0,0.0,0.0,0.0,0.0,0.0,0.3832199398797595
1.0,3788.5078766638335,1255529360.3491163,87340688459.5702,2048.0,2.048e-16,False,False,False,True,35185,4.710799708143649e+18,5.14544949454837e+18,1.4375079730798067e+17,9.999999999999998e+18,2048.0,0.47107997081436487,0.5145449494548371,0.014375079730798067,2.048e-16,114494174.2087249,quality_linear,0.5,1e+19,logarithmic,32768,mixture,0.8047071577351047,lp_vertex_box,lp_vertex_box,analytic_lp_charnes_cooper,box_only,True,False,3788.5078766638335,0.4871620101591301,0.4871620101591301,True,False,D_below_support;Q_above_A_supported,upper_bound,0.1144941742087249,6.857408161740146,2.100432842418182,0.0,0.0,0.0,0.11988006012024059,0.0,0.0,0.0,0.0,0.49689999999999995,0.0,0.0,0.0,0.0,0.0,0.0,0.0,0.3832199398797595
1.0,3788.5078766638335,1511467178.4002495,145204831657.0097,-2048.0,-2.048e-16,False,False,False,True,35185,1.8431337404487903e+18,8.05277418760346e+18,1.0409207194775078e+17,1.0000000000000002e+19,-2048.0,0.18431337404487902,0.805277418760346,0.010409207194775078,-2.048e-16,68868231.76532538,quality_linear,0.5,1e+19,logarithmic,131072,fixed_ref,0.8047071577351047,lp_vertex_box,lp_vertex_box,analytic_lp_charnes_cooper,box_only,True,False,3788.5078766638335,0.41663254110330095,0.4871620101591301,True,False,D_below_support;Q_above_A_supported,upper_bound,0.06886823176532539,4.4605320750536865,2.1640514481719775,0.0,0.0,0.0,0.11988006012024059,0.0,0.0,0.0,0.0,0.49689999999999995,0.0,0.0,0.0,0.0,0.0,0.0,0.0,0.3832199398797595
1.0,3788.5078766638335,1255529360.3491163,144666831881.12442,0.0,0.0,False,False,False,True,35185,1.846356726553025e+18,8.066855628758605e+18,8.678764468836986e+16,1e+19,0.0,0.1846356726553025,0.8066855628758605,0.008678764468836985,0.0,69124345.02068308,quality_linear,0.5,1e+19,logarithmic,131072,mixture,0.8047071577351047,lp_vertex_box,lp_vertex_box,analytic_lp_charnes_cooper,box_only,True,False,3788.5078766638335,0.4871620101591301,0.4871620101591301,True,False,D_below_support;Q_above_A_supported,upper_bound,0.06912434502068308,4.451776302547162,2.1639223570780963,0.0,0.0,0.0,0.11988006012024059,0.0,0.0,0.0,0.0,0.49689999999999995,0.0,0.0,0.0,0.0,0.0,0.0,0.0,0.3832199398797595
1.0,3788.5078766638335,3912487936.8349757,1333236738663.565,0.0,0.0,False,False,False,True,35185,9.333488093942423e+21,6.371661205464694e+20,2.9345785511107723e+19,1e+22,0.0,0.9333488093942424,0.06371661205464695,0.0029345785511107722,0.0,7500543384.383473,quality_linear,0.5,1e+22,exponential,2048,fixed_ref,0.8047071577351047,lp_vertex_box,lp_vertex_box,analytic_lp_charnes_cooper,box_only,True,False,3788.5078766638335,0.41663254110330095,0.4871620101591301,False,True,N_above_support;Q_above_A_supported,upper_bound,7.500543384383473,207.3958204453835,1.8178361831091658,0.0,0.0,0.0,0.11988006012024059,0.0,0.0,0.0,0.0,0.49689999999999995,0.0,0.0,0.0,0.0,0.0,0.0,0.0,0.3832199398797595
1.0,3788.5078766638335,3848323182.263386,1333172573908.9934,0.0,0.0,False,False,False,True,35185,9.333937308833701e+21,6.371967869497141e+20,2.8865904216584077e+19,1e+22,0.0,0.9333937308833702,0.0637196786949714,0.002886590421658408,0.0,7500904380.802715,quality_linear,0.5,1e+22,exponential,2048,mixture,0.8047071577351047,lp_vertex_box,lp_vertex_box,analytic_lp_charnes_cooper,box_only,True,False,3788.5078766638335,0.4871620101591301,0.4871620101591301,False,True,N_above_support;Q_above_A_supported,upper_bound,7.500904380802715,207.3958204453835,1.8178352359125132,0.0,0.0,0.0,0.11988006012024059,0.0,0.0,0.0,0.0,0.49689999999999995,0.0,0.0,0.0,0.0,0.0,0.0,0.0,0.3832199398797595
1.0,3788.5078766638335,3912487936.8349757,1379136440789.5154,2097152.0,2.097152e-16,False,False,False,True,35185,8.773724969792245e+21,1.1979059158756347e+21,2.8369114332119237e+19,9.999999999999998e+21,2097152.0,0.8773724969792245,0.11979059158756347,0.0028369114332119235,2.097152e-16,7250914198.36263,quality_linear,0.5,1e+22,exponential,4096,fixed_ref,0.8047071577351047,lp_vertex_box,lp_vertex_box,analytic_lp_charnes_cooper,box_only,True,False,3788.5078766638335,0.41663254110330095,0.4871620101591301,False,True,N_above_support;Q_above_A_supported,upper_bound,7.25091419836263,201.66939712175625,1.819057565979993,0.0,0.0,0.0,0.11988006012024059,0.0,0.0,0.0,0.0,0.49689999999999995,0.0,0.0,0.0,0.0,0.0,0.0,0.0,0.3832199398797595
1.0,3788.5078766638335,3848323182.263386,1379072276034.9438,0.0,0.0,False,False,False,True,35185,8.774133189085134e+21,1.1979616514164237e+21,2.7905159498441507e+19,1e+22,0.0,0.8774133189085134,0.11979616514164237,0.0027905159498441507,0.0,7251251565.111308,quality_linear,0.5,1e+22,exponential,4096,mixture,0.8047071577351047,lp_vertex_box,lp_vertex_box,analytic_lp_charnes_cooper,box_only,True,False,3788.5078766638335,0.4871620101591301,0.4871620101591301,False,True,N_above_support;Q_above_A_supported,upper_bound,7.251251565111308,201.66939712175625,1.8190566415923306,0.0,0.0,0.0,0.11988006012024059,0.0,0.0,0.0,0.0,0.49689999999999995,0.0,0.0,0.0,0.0,0.0,0.0,0.0,0.3832199398797595
1.0,3788.5078766638335,3912487936.8349757,1467265359055.4792,0.0,0.0,False,False,False,True,35185,7.83410255859096e+21,2.1392322719992381e+21,2.6665169409802985e+19,1e+22,0.0,0.783410255859096,0.21392322719992382,0.0026665169409802987,0.0,6815399776.382158,quality_linear,0.5,1e+22,exponential,8192,fixed_ref,0.8047071577351047,lp_vertex_box,lp_vertex_box,analytic_lp_charnes_cooper,box_only,True,False,3788.5078766638335,0.41663254110330095,0.4871620101591301,False,True,N_above_support;Q_above_A_supported,upper_bound,6.815399776382158,191.57845505847354,1.8213248508724917,0.0,0.0,0.0,0.11988006012024059,0.0,0.0,0.0,0.0,0.49689999999999995,0.0,0.0,0.0,0.0,0.0,0.0,0.0,0.3832199398797595
1.0,3788.5078766638335,3848323182.263386,1467201194300.9077,-2097152.0,-2.097152e-16,False,False,False,True,35185,7.834445165501254e+21,2.1393258265262094e+21,2.622900797253669e+19,1.0000000000000002e+22,-2097152.0,0.7834445165501255,0.21393258265262094,0.002622900797253669,-2.097152e-16,6815697832.610341,quality_linear,0.5,1e+22,exponential,8192,mixture,0.8047071577351047,lp_vertex_box,lp_vertex_box,analytic_lp_charnes_cooper,box_only,True,False,3788.5078766638335,0.4871620101591301,0.4871620101591301,False,True,N_above_support;Q_above_A_supported,upper_bound,6.815697832610341,191.57845505847354,1.821323966813196,0.0,0.0,0.0,0.11988006012024059,0.0,0.0,0.0,0.0,0.49689999999999995,0.0,0.0,0.0,0.0,0.0,0.0,0.0,0.3832199398797595
1.0,3788.5078766638335,3912487936.8349757,1924385844651.8972,0.0,0.0,False,False,False,True,35185,4.76978822052888e+21,5.20988068034301e+21,2.033109912811018e+19,1e+22,0.0,0.476978822052888,0.520988068034301,0.0020331099128110177,0.0,5196463083.425405,quality_linear,0.5,1e+22,exponential,32768,fixed_ref,0.8047071577351047,lp_vertex_box,lp_vertex_box,analytic_lp_charnes_cooper,box_only,True,False,3788.5078766638335,0.41663254110330095,0.4871620101591301,False,True,N_above_support;Q_above_A_supported,upper_bound,5.196463083425405,152.98188222621897,1.83173434266346,0.0,0.0,0.0,0.11988006012024059,0.0,0.0,0.0,0.0,0.49689999999999995,0.0,0.0,0.0,0.0,0.0,0.0,0.0,0.3832199398797595
1.0,3788.5078766638335,3848323182.263386,1923378540184.4563,0.0,0.0,False,False,False,True,35185,4.769942577848849e+21,5.21004927969837e+21,2.000814245278167e+19,1e+22,0.0,0.4769942577848849,0.521004927969837,0.002000814245278167,0.0,5199184555.236318,quality_linear,0.5,1e+22,exponential,32768,mixture,0.8047071577351047,lp_vertex_box,lp_vertex_box,analytic_lp_charnes_cooper,box_only,True,False,3788.5078766638335,0.4871620101591301,0.4871620101591301,False,True,N_above_support;Q_above_A_supported,upper_bound,5.199184555236318,152.90675320244335,1.8317336151971249,0.0,0.0,0.0,0.11988006012024059,0.0,0.0,0.0,0.0,0.49689999999999995,0.0,0.0,0.0,0.0,0.0,0.0,0.0,0.3832199398797595
1.0,3788.5078766638335,3912487936.8349757,3220608694729.265,0.0,0.0,False,False,False,True,35185,1.8602584644390753e+21,8.127593248365283e+21,1.2148287195641047e+19,1e+22,0.0,0.18602584644390754,0.8127593248365282,0.0012148287195641047,0.0,3105003105.892885,quality_linear,0.5,1e+22,exponential,131072,fixed_ref,0.8047071577351047,lp_vertex_box,lp_vertex_box,analytic_lp_charnes_cooper,box_only,True,False,3788.5078766638335,0.41663254110330095,0.4871620101591301,False,True,N_above_support;Q_above_A_supported,upper_bound,3.105003105892885,99.8527430836033,1.8538065828047243,0.0,0.0,0.0,0.11988006012024059,0.0,0.0,0.0,0.0,0.49689999999999995,0.0,0.0,0.0,0.0,0.0,0.0,0.0,0.3832199398797595
1.0,3788.5078766638335,3848323182.263386,3220544529974.6934,-2097152.0,-2.097152e-16,False,False,False,True,35185,1.8602955274346965e+21,8.127755179064018e+21,1.1949293501287578e+19,1.0000000000000002e+22,-2097152.0,0.18602955274346966,0.8127755179064018,0.0011949293501287578,-2.097152e-16,3105064968.6494412,quality_linear,0.5,1e+22,exponential,131072,mixture,0.8047071577351047,lp_vertex_box,lp_vertex_box,analytic_lp_charnes_cooper,box_only,True,False,3788.5078766638335,0.4871620101591301,0.4871620101591301,False,True,N_above_support;Q_above_A_supported,upper_bound,3.105064968649441,99.8527430836033,1.853806080916544,0.0,0.0,0.0,0.11988006012024059,0.0,0.0,0.0,0.0,0.49689999999999995,0.0,0.0,0.0,0.0,0.0,0.0,0.0,0.3832199398797595
1.0,3788.5078766638335,4849345275.903549,1335480214138.903,0.0,0.0,False,False,False,True,35185,9.326967403245741e+21,6.367209747282427e+20,3.631162202601655e+19,1e+22,0.0,0.9326967403245742,0.06367209747282426,0.003631162202601655,0.0,7487943208.838811,quality_linear,0.5,1e+22,power,2048,fixed_ref,0.8047071577351047,lp_vertex_box,lp_vertex_box,analytic_lp_charnes_cooper,box_only,True,False,3788.5078766638335,0.41663254110330095,0.4871620101591301,False,True,N_above_support;Q_above_A_supported,upper_bound,7.487943208838811,207.59967374921985,1.8178500052042421,0.0,0.0,0.0,0.11988006012024059,0.0,0.0,0.0,0.0,0.49689999999999995,0.0,0.0,0.0,0.0,0.0,0.0,0.0,0.3832199398797595
1.0,3788.5078766638335,4718379892.712687,1334695779228.9438,2097152.0,2.097152e-16,False,False,False,True,35185,9.327865958326314e+21,6.367823160884097e+20,3.5351725585275343e+19,9.999999999999998e+21,2097152.0,0.9327865958326315,0.06367823160884097,0.003535172558527534,2.097152e-16,7492344064.93517,quality_linear,0.5,1e+22,power,2048,mixture,0.8047071577351047,lp_vertex_box,lp_vertex_box,analytic_lp_charnes_cooper,box_only,True,False,3788.5078766638335,0.4871620101591301,0.4871620101591301,False,True,N_above_support;Q_above_A_supported,upper_bound,7.49234406493517,207.4977220631913,1.8178480740534753,0.0,0.0,0.0,0.11988006012024059,0.0,0.0,0.0,0.0,0.49689999999999995,0.0,0.0,0.0,0.0,0.0,0.0,0.0,0.3832199398797595
1.0,3788.5078766638335,4849345275.903549,1380748999043.5918,0.0,0.0,False,False,False,True,35185,8.767784091036468e+21,1.1970947878961792e+21,3.51211210673523e+19,1e+22,0.0,0.8767784091036468,0.11970947878961792,0.00351211210673523,0.0,7242445952.83193,quality_linear,0.5,1e+22,power,4096,fixed_ref,0.8047071577351047,lp_vertex_box,lp_vertex_box,analytic_lp_charnes_cooper,box_only,True,False,3788.5078766638335,0.41663254110330095,0.4871620101591301,False,True,N_above_support;Q_above_A_supported,upper_bound,7.24244595283193,201.76848512548221,1.8190710564229318,0.0,0.0,0.0,0.11988006012024059,0.0,0.0,0.0,0.0,0.49689999999999995,0.0,0.0,0.0,0.0,0.0,0.0,0.0,0.3832199398797595
1.0,3788.5078766638335,4718379892.712687,1380618033660.401,0.0,0.0,False,False,False,True,35185,8.768615802759206e+21,1.197208344270057e+21,3.417585297073771e+19,1e+22,0.0,0.8768615802759206,0.11972083442700569,0.003417585297073771,0.0,7243132971.026917,quality_linear,0.5,1e+22,power,4096,mixture,0.8047071577351047,lp_vertex_box,lp_vertex_box,analytic_lp_charnes_cooper,box_only,True,False,3788.5078766638335,0.4871620101591301,0.4871620101591301,False,True,N_above_support;Q_above_A_supported,upper_bound,7.243132971026918,201.76848512548221,1.8190691712282145,0.0,0.0,0.0,0.11988006012024059,0.0,0.0,0.0,0.0,0.49689999999999995,0.0,0.0,0.0,0.0,0.0,0.0,0.0,0.3832199398797595
1.0,3788.5078766638335,4849345275.903549,1468921218468.3142,0.0,0.0,False,False,False,True,35185,7.829116330302185e+21,2.1378706992611834e+21,3.301297043663171e+19,1e+22,0.0,0.7829116330302185,0.21378706992611834,0.003301297043663171,0.0,6807717033.61143,quality_linear,0.5,1e+22,power,8192,fixed_ref,0.8047071577351047,lp_vertex_box,lp_vertex_box,analytic_lp_charnes_cooper,box_only,True,False,3788.5078766638335,0.41663254110330095,0.4871620101591301,False,True,N_above_support;Q_above_A_supported,upper_bound,6.80771703361143,191.6725849906277,1.8213377536349857,0.0,0.0,0.0,0.11988006012024059,0.0,0.0,0.0,0.0,0.49689999999999995,0.0,0.0,0.0,0.0,0.0,0.0,0.0,0.3832199398797595
1.0,3788.5078766638335,4718379892.712687,1468790253085.1233,-2097152.0,-2.097152e-16,False,False,False,True,35185,7.829814417192462e+21,2.1380613235213552e+21,3.2124259286184374e+19,1.0000000000000002e+22,-2097152.0,0.7829814417192462,0.21380613235213553,0.0032124259286184374,-2.097152e-16,6808324046.946445,quality_linear,0.5,1e+22,power,8192,mixture,0.8047071577351047,lp_vertex_box,lp_vertex_box,analytic_lp_charnes_cooper,box_only,True,False,3788.5078766638335,0.4871620101591301,0.4871620101591301,False,True,N_above_support;Q_above_A_supported,upper_bound,6.808324046946446,191.6725849906277,1.8213359506349511,0.0,0.0,0.0,0.11988006012024059,0.0,0.0,0.0,0.0,0.49689999999999995,0.0,0.0,0.0,0.0,0.0,0.0,0.0,0.3832199398797595
1.0,3788.5078766638335,4849345275.903549,1926266305104.9814,0.0,0.0,False,False,False,True,35185,4.767473150254526e+21,5.207352006251344e+21,2.5174843494130786e+19,1e+22,0.0,0.4767473150254526,0.5207352006251345,0.0025174843494130787,0.0,5191390190.181933,quality_linear,0.5,1e+22,power,32768,fixed_ref,0.8047071577351047,lp_vertex_box,lp_vertex_box,analytic_lp_charnes_cooper,box_only,True,False,3788.5078766638335,0.41663254110330095,0.4871620101591301,False,True,N_above_support;Q_above_A_supported,upper_bound,5.1913901901819335,153.05704816379986,1.8317449580794325,0.0,0.0,0.0,0.11988006012024059,0.0,0.0,0.0,0.0,0.49689999999999995,0.0,0.0,0.0,0.0,0.0,0.0,0.0,0.3832199398797595
1.0,3788.5078766638335,4718379892.712687,1925191736607.775,-2097152.0,-2.097152e-16,False,False,False,True,35185,4.767791570592631e+21,5.207699806172645e+21,2.450862323472551e+19,1.0000000000000002e+22,-2097152.0,0.47677915705926305,0.5207699806172645,0.002450862323472551,-2.097152e-16,5194287825.907768,quality_linear,0.5,1e+22,power,32768,mixture,0.8047071577351047,lp_vertex_box,lp_vertex_box,analytic_lp_charnes_cooper,box_only,True,False,3788.5078766638335,0.4871620101591301,0.4871620101591301,False,True,N_above_support;Q_above_A_supported,upper_bound,5.194287825907768,152.98188222621897,1.831743474768507,0.0,0.0,0.0,0.11988006012024059,0.0,0.0,0.0,0.0,0.49689999999999995,0.0,0.0,0.0,0.0,0.0,0.0,0.0,0.3832199398797595
1.0,3788.5078766638335,4849345275.903549,3221545552068.3335,-2097152.0,-2.097152e-16,False,False,False,True,35185,1.8597174828615045e+21,8.12522966378744e+21,1.505285335105728e+19,1.0000000000000002e+22,-2097152.0,0.18597174828615046,0.812522966378744,0.0015052853351057282,-2.097152e-16,3104100140.250907,quality_linear,0.5,1e+22,power,131072,fixed_ref,0.8047071577351047,lp_vertex_box,lp_vertex_box,analytic_lp_charnes_cooper,box_only,True,False,3788.5078766638335,0.41663254110330095,0.4871620101591301,False,True,N_above_support;Q_above_A_supported,upper_bound,3.1041001402509067,99.8527430836033,1.8538139099583215,0.0,0.0,0.0,0.11988006012024059,0.0,0.0,0.0,0.0,0.49689999999999995,0.0,0.0,0.0,0.0,0.0,0.0,0.0,0.3832199398797595
1.0,3788.5078766638335,4718379892.712687,3221414586685.143,0.0,0.0,False,False,False,True,35185,1.8597930889675226e+21,8.125559991905039e+21,1.4646919127438143e+19,1e+22,0.0,0.18597930889675227,0.8125559991905038,0.0014646919127438143,0.0,3104226336.2599554,quality_linear,0.5,1e+22,power,131072,mixture,0.8047071577351047,lp_vertex_box,lp_vertex_box,analytic_lp_charnes_cooper,box_only,True,False,3788.5078766638335,0.4871620101591301,0.4871620101591301,False,True,N_above_support;Q_above_A_supported,upper_bound,3.1042263362599556,99.8527430836033,1.8538128857713958,0.0,0.0,0.0,0.11988006012024059,0.0,0.0,0.0,0.0,0.49689999999999995,0.0,0.0,0.0,0.0,0.0,0.0,0.0,0.3832199398797595
1.0,3788.5078766638335,1511467178.4002495,1328226329488.9224,-2097152.0,-2.097152e-16,False,False,False,True,35185,9.350306174599813e+21,6.383142348526807e+20,1.137959054750733e+19,1.0000000000000002e+22,-2097152.0,0.9350306174599813,0.06383142348526806,0.0011379590547507328,-2.097152e-16,7528837350.971518,quality_linear,0.5,1e+22,logarithmic,2048,fixed_ref,0.8047071577351047,lp_vertex_box,lp_vertex_box,analytic_lp_charnes_cooper,box_only,True,False,3788.5078766638335,0.41663254110330095,0.4871620101591301,False,True,N_above_support;Q_above_A_supported,upper_bound,7.528837350971518,206.98871416477195,1.8178006907211808,0.0,0.0,0.0,0.11988006012024059,0.0,0.0,0.0,0.0,0.49689999999999995,0.0,0.0,0.0,0.0,0.0,0.0,0.0,0.3832199398797595
1.0,3788.5078766638335,1255529360.3491163,1327318845285.2297,2097152.0,2.097152e-16,False,False,False,True,35185,9.352103901230683e+21,6.384369596573479e+20,9.459139111969087e+18,9.999999999999998e+21,2097152.0,0.9352103901230683,0.06384369596573479,0.0009459139111969088,2.097152e-16,7533984796.133203,quality_linear,0.5,1e+22,logarithmic,2048,mixture,0.8047071577351047,lp_vertex_box,lp_vertex_box,analytic_lp_charnes_cooper,box_only,True,False,3788.5078766638335,0.4871620101591301,0.4871620101591301,False,True,N_above_support;Q_above_A_supported,upper_bound,7.533984796133202,206.88706251948338,1.8177969015747664,0.0,0.0,0.0,0.11988006012024059,0.0,0.0,0.0,0.0,0.49689999999999995,0.0,0.0,0.0,0.0,0.0,0.0,0.0,0.3832199398797595
1.0,3788.5078766638335,1511467178.4002495,1374035933092.2817,2097152.0,2.097152e-16,False,False,False,True,35185,8.789007331141586e+21,1.1999924676118648e+21,1.1000201246547296e+19,9.999999999999998e+21,2097152.0,0.8789007331141586,0.11999924676118648,0.0011000201246547296,2.097152e-16,7277830047.351745,quality_linear,0.5,1e+22,logarithmic,4096,fixed_ref,0.8047071577351047,lp_vertex_box,lp_vertex_box,analytic_lp_charnes_cooper,box_only,True,False,3788.5078766638335,0.41663254110330095,0.4871620101591301,False,True,N_above_support;Q_above_A_supported,upper_bound,7.2778300473517445,201.27353148666728,1.8190229277659868,0.0,0.0,0.0,0.11988006012024059,0.0,0.0,0.0,0.0,0.49689999999999995,0.0,0.0,0.0,0.0,0.0,0.0,0.0,0.3832199398797595
1.0,3788.5078766638335,1255529360.3491163,1373105951905.625,0.0,0.0,False,False,False,True,35185,8.790640792471435e+21,1.2002154895321e+21,9.143717996463904e+18,1e+22,0.0,0.8790640792471436,0.12002154895321,0.0009143717996463904,0.0,7282759197.221301,quality_linear,0.5,1e+22,logarithmic,4096,mixture,0.8047071577351047,lp_vertex_box,lp_vertex_box,analytic_lp_charnes_cooper,box_only,True,False,3788.5078766638335,0.4871620101591301,0.4871620101591301,False,True,N_above_support;Q_above_A_supported,upper_bound,7.282759197221301,201.17468655344848,1.8190192299700407,0.0,0.0,0.0,0.11988006012024059,0.0,0.0,0.0,0.0,0.49689999999999995,0.0,0.0,0.0,0.0,0.0,0.0,0.0,0.3832199398797595
1.0,3788.5078766638335,1511467178.4002495,1461991859269.7234,-2097152.0,-2.097152e-16,False,False,False,True,35185,7.846927306483093e+21,2.142734283156983e+21,1.0338410359926624e+19,1.0000000000000002e+22,-2097152.0,0.7846927306483092,0.21427342831569832,0.0010338410359926624,-2.097152e-16,6839983366.935491,quality_linear,0.5,1e+22,logarithmic,8192,fixed_ref,0.8047071577351047,lp_vertex_box,lp_vertex_box,analytic_lp_charnes_cooper,box_only,True,False,3788.5078766638335,0.41663254110330095,0.4871620101591301,False,True,N_above_support;Q_above_A_supported,upper_bound,6.839983366935491,191.20239737265965,1.82129172418131,0.0,0.0,0.0,0.11988006012024059,0.0,0.0,0.0,0.0,0.49689999999999995,0.0,0.0,0.0,0.0,0.0,0.0,0.0,0.3832199398797595
1.0,3788.5078766638335,1255529360.3491163,1461018683145.387,0.0,0.0,False,False,False,True,35185,7.848297926090124e+21,2.1431085536843433e+21,8.593520225532789e+18,1e+22,0.0,0.7848297926090124,0.21431085536843433,0.0008593520225532789,0.0,6844539440.434311,quality_linear,0.5,1e+22,logarithmic,8192,mixture,0.8047071577351047,lp_vertex_box,lp_vertex_box,analytic_lp_charnes_cooper,box_only,True,False,3788.5078766638335,0.4871620101591301,0.4871620101591301,False,True,N_above_support;Q_above_A_supported,upper_bound,6.8445394404343105,191.10849834848108,1.8212881882261762,0.0,0.0,0.0,0.11988006012024059,0.0,0.0,0.0,0.0,0.49689999999999995,0.0,0.0,0.0,0.0,0.0,0.0,0.0,0.3832199398797595
1.0,3788.5078766638335,1511467178.4002495,1919156794048.1438,-2097152.0,-2.097152e-16,False,False,False,True,35185,4.775741293182999e+21,5.21638302316735e+21,7.875683649651467e+18,1.0000000000000002e+22,-2097152.0,0.4775741293182999,0.521638302316735,0.0007875683649651467,-2.097152e-16,5210621680.840706,quality_linear,0.5,1e+22,logarithmic,32768,fixed_ref,0.8047071577351047,lp_vertex_box,lp_vertex_box,analytic_lp_charnes_cooper,box_only,True,False,3788.5078766638335,0.41663254110330095,0.4871620101591301,False,True,N_above_support;Q_above_A_supported,upper_bound,5.210621680840706,152.756605823807,1.8317070996757538,0.0,0.0,0.0,0.11988006012024059,0.0,0.0,0.0,0.0,0.49689999999999995,0.0,0.0,0.0,0.0,0.0,0.0,0.0,0.3832199398797595
1.0,3788.5078766638335,1255529360.3491163,1917959105355.6897,0.0,0.0,False,False,False,True,35185,4.776376733154609e+21,5.217077093067008e+21,6.546173778383433e+18,1e+22,0.0,0.47763767331546086,0.5217077093067009,0.0006546173778383433,0.0,5213875505.518393,quality_linear,0.5,1e+22,logarithmic,32768,mixture,0.8047071577351047,lp_vertex_box,lp_vertex_box,analytic_lp_charnes_cooper,box_only,True,False,3788.5078766638335,0.4871620101591301,0.4871620101591301,False,True,N_above_support;Q_above_A_supported,upper_bound,5.213875505518392,152.68158743271576,1.8317041923418158,0.0,0.0,0.0,0.11988006012024059,0.0,0.0,0.0,0.0,0.49689999999999995,0.0,0.0,0.0,0.0,0.0,0.0,0.0,0.3832199398797595
1.0,3788.5078766638335,1511467178.4002495,3215049026669.753,0.0,0.0,False,False,False,True,35185,1.8616454953233314e+21,8.133653278767322e+21,4.701225909347559e+18,1e+22,0.0,0.18616454953233313,0.8133653278767322,0.00047012259093475594,0.0,3110372475.5196996,quality_linear,0.5,1e+22,logarithmic,131072,fixed_ref,0.8047071577351047,lp_vertex_box,lp_vertex_box,analytic_lp_charnes_cooper,box_only,True,False,3788.5078766638335,0.41663254110330095,0.4871620101591301,False,True,N_above_support;Q_above_A_supported,upper_bound,3.1103724755196995,99.75469229572343,1.853787790271549,0.0,0.0,0.0,0.11988006012024059,0.0,0.0,0.0,0.0,0.49689999999999995,0.0,0.0,0.0,0.0,0.0,0.0,0.0,0.3832199398797595
1.0,3788.5078766638335,1255529360.3491163,3214793088851.7017,-2097152.0,-2.097152e-16,False,False,False,True,35185,1.8617937056351272e+21,8.134300819500247e+21,3.905474864628322e+18,1.0000000000000002e+22,-2097152.0,0.18617937056351272,0.8134300819500246,0.0003905474864628322,-2.097152e-16,3110620100.148318,quality_linear,0.5,1e+22,logarithmic,131072,mixture,0.8047071577351047,lp_vertex_box,lp_vertex_box,analytic_lp_charnes_cooper,box_only,True,False,3788.5078766638335,0.4871620101591301,0.4871620101591301,False,True,N_above_support;Q_above_A_supported,upper_bound,3.110620100148318,99.75469229572343,1.8537857858245452,0.0,0.0,0.0,0.11988006012024059,0.0,0.0,0.0,0.0,0.49689999999999995,0.0,0.0,0.0,0.0,0.0,0.0,0.0,0.3832199398797595
1.0,3788.5078766638335,3912487936.8349757,10605988842209.816,0.0,0.0,False,False,False,True,35185,9.35750535868875e+23,6.38805699153152e+22,3.688942158098469e+20,1e+24,0.0,0.935750535868875,0.0638805699153152,0.00036889421580984686,0.0,94286352256.01883,quality_linear,0.5,1e+24,exponential,2048,fixed_ref,0.8047071577351047,lp_vertex_box,lp_vertex_box,analytic_lp_charnes_cooper,box_only,True,False,3788.5078766638335,0.41663254110330095,0.4871620101591301,False,True,N_above_support;Q_above_A_supported,upper_bound,94.28635225601883,1654.093290419524,1.7529158624132102,0.0,0.0,0.0,0.11988006012024059,0.0,0.0,0.0,0.0,0.49689999999999995,0.0,0.0,0.0,0.0,0.0,0.0,0.0,0.3832199398797595
1.0,3788.5078766638335,3848323182.263386,10605924677455.244,-268435456.0,-2.6843545600000003e-16,False,False,False,True,35185,9.357561970634715e+23,6.388095638619966e+22,3.628465503289565e+20,1.0000000000000003e+24,-268435456.0,0.9357561970634716,0.06388095638619966,0.0003628465503289565,-2.6843545600000003e-16,94286922678.76234,quality_linear,0.5,1e+24,exponential,2048,mixture,0.8047071577351047,lp_vertex_box,lp_vertex_box,analytic_lp_charnes_cooper,box_only,True,False,3788.5078766638335,0.4871620101591301,0.4871620101591301,False,True,N_above_support;Q_above_A_supported,upper_bound,94.28692267876234,1654.093290419524,1.7529158037853623,0.0,0.0,0.0,0.11988006012024059,0.0,0.0,0.0,0.0,0.49689999999999995,0.0,0.0,0.0,0.0,0.0,0.0,0.0,0.3832199398797595
1.0,3788.5078766638335,3912487936.8349757,10972063670312.646,134217728.0,1.3421772800000001e-16,False,False,False,True,35185,8.795548571693162e+23,1.2008855649885065e+23,3.56586331833006e+20,9.999999999999998e+23,134217728.0,0.8795548571693161,0.12008855649885064,0.00035658633183300605,1.3421772800000001e-16,91140557514.78383,quality_linear,0.5,1e+24,exponential,4096,fixed_ref,0.8047071577351047,lp_vertex_box,lp_vertex_box,analytic_lp_charnes_cooper,box_only,True,False,3788.5078766638335,0.41663254110330095,0.4871620101591301,False,True,N_above_support;Q_above_A_supported,upper_bound,91.14055751478382,1608.4219823990807,1.7535187985977576,0.0,0.0,0.0,0.11988006012024059,0.0,0.0,0.0,0.0,0.49689999999999995,0.0,0.0,0.0,0.0,0.0,0.0,0.0,0.3832199398797595
1.0,3788.5078766638335,3848323182.263386,10971999505558.074,0.0,0.0,False,False,False,True,35185,8.7956000084632e+23,1.2008925878221758e+23,3.507403714622795e+20,1e+24,0.0,0.87956000084632,0.12008925878221759,0.00035074037146227955,0.0,91141090508.92967,quality_linear,0.5,1e+24,exponential,4096,mixture,0.8047071577351047,lp_vertex_box,lp_vertex_box,analytic_lp_charnes_cooper,box_only,True,False,3788.5078766638335,0.4871620101591301,0.4871620101591301,False,True,N_above_support;Q_above_A_supported,upper_bound,91.14109050892968,1608.4219823990807,1.7535187413851985,0.0,0.0,0.0,0.11988006012024059,0.0,0.0,0.0,0.0,0.49689999999999995,0.0,0.0,0.0,0.0,0.0,0.0,0.0,0.3832199398797595
1.0,3788.5078766638335,3912487936.8349757,11677806087439.684,-134217728.0,-1.3421772800000001e-16,False,False,False,True,35185,7.852416452028303e+23,2.1442331858338617e+23,3.350362137836093e+20,1.0000000000000001e+24,-134217728.0,0.7852416452028302,0.21442331858338617,0.0003350362137836093,-1.3421772800000001e-16,85632523139.39102,quality_linear,0.5,1e+24,exponential,8192,fixed_ref,0.8047071577351047,lp_vertex_box,lp_vertex_box,analytic_lp_charnes_cooper,box_only,True,False,3788.5078766638335,0.41663254110330095,0.4871620101591301,False,True,N_above_support;Q_above_A_supported,upper_bound,85.63252313939103,1528.3166107434604,1.754637992679376,0.0,0.0,0.0,0.11988006012024059,0.0,0.0,0.0,0.0,0.49689999999999995,0.0,0.0,0.0,0.0,0.0,0.0,0.0,0.3832199398797595
1.0,3788.5078766638335,3848323182.263386,11677741922685.111,0.0,0.0,False,False,False,True,35185,7.852459598072955e+23,2.1442449675804552e+23,3.295434346590291e+20,1e+24,0.0,0.7852459598072955,0.21442449675804554,0.0003295434346590291,0.0,85632993657.56714,quality_linear,0.5,1e+24,exponential,8192,mixture,0.8047071577351047,lp_vertex_box,lp_vertex_box,analytic_lp_charnes_cooper,box_only,True,False,3788.5078766638335,0.4871620101591301,0.4871620101591301,False,True,N_above_support;Q_above_A_supported,upper_bound,85.63299365756714,1528.3166107434604,1.7546379379783463,0.0,0.0,0.0,0.11988006012024059,0.0,0.0,0.0,0.0,0.49689999999999995,0.0,0.0,0.0,0.0,0.0,0.0,0.0,0.3832199398797595
1.0,3788.5078766638335,3912487936.8349757,15328246867127.145,0.0,0.0,False,False,False,True,35185,4.778285526404502e+23,5.2191620043074246e+23,2.552469288073427e+20,1e+24,0.0,0.4778285526404502,0.5219162004307425,0.0002552469288073427,0.0,65239032791.45336,quality_linear,0.5,1e+24,exponential,32768,fixed_ref,0.8047071577351047,lp_vertex_box,lp_vertex_box,analytic_lp_charnes_cooper,box_only,True,False,3788.5078766638335,0.41663254110330095,0.4871620101591301,False,True,N_above_support;Q_above_A_supported,upper_bound,65.23903279145337,1220.7123358391466,1.759775658582724,0.0,0.0,0.0,0.11988006012024059,0.0,0.0,0.0,0.0,0.49689999999999995,0.0,0.0,0.0,0.0,0.0,0.0,0.0,0.3832199398797595
1.0,3788.5078766638335,3848323182.263386,15328182702372.572,-134217728.0,-1.3421772800000001e-16,False,False,False,True,35185,4.778305528613768e+23,5.2191838520538657e+23,2.5106193323672502e+20,1.0000000000000001e+24,-134217728.0,0.4778305528613768,0.5219183852053866,0.000251061933236725,-1.3421772800000001e-16,65239305886.22323,quality_linear,0.5,1e+24,exponential,32768,mixture,0.8047071577351047,lp_vertex_box,lp_vertex_box,analytic_lp_charnes_cooper,box_only,True,False,3788.5078766638335,0.4871620101591301,0.4871620101591301,False,True,N_above_support;Q_above_A_supported,upper_bound,65.23930588622324,1220.7123358391466,1.7597756136123583,0.0,0.0,0.0,0.11988006012024059,0.0,0.0,0.0,0.0,0.49689999999999995,0.0,0.0,0.0,0.0,0.0,0.0,0.0,0.3832199398797595
1.0,3788.5078766638335,3912487936.8349757,25702941436733.4,-134217728.0,-1.3421772800000001e-16,False,False,False,True,35185,1.862237596610039e+23,8.136240208762369e+23,1.522194627593649e+20,1.0000000000000001e+24,-134217728.0,0.1862237596610039,0.8136240208762369,0.00015221946275936489,-1.3421772800000001e-16,38906052930.224106,quality_linear,0.5,1e+24,exponential,131072,fixed_ref,0.8047071577351047,lp_vertex_box,lp_vertex_box,analytic_lp_charnes_cooper,box_only,True,False,3788.5078766638335,0.41663254110330095,0.4871620101591301,False,True,N_above_support;Q_above_A_supported,upper_bound,38.90605293022411,797.7497314491831,1.7706667072133753,0.0,0.0,0.0,0.11988006012024059,0.0,0.0,0.0,0.0,0.49689999999999995,0.0,0.0,0.0,0.0,0.0,0.0,0.0,0.3832199398797595
1.0,3788.5078766638335,3848323182.263386,25702877271978.824,-134217728.0,-1.3421772800000001e-16,False,False,False,True,35185,1.8622422455066226e+23,8.136260520101469e+23,1.4972343919094274e+20,1.0000000000000001e+24,-134217728.0,0.18622422455066226,0.8136260520101469,0.00014972343919094274,-1.3421772800000001e-16,38906150055.433525,quality_linear,0.5,1e+24,exponential,131072,mixture,0.8047071577351047,lp_vertex_box,lp_vertex_box,analytic_lp_charnes_cooper,box_only,True,False,3788.5078766638335,0.4871620101591301,0.4871620101591301,False,True,N_above_support;Q_above_A_supported,upper_bound,38.90615005543353,797.7497314491831,1.770666676220223,0.0,0.0,0.0,0.11988006012024059,0.0,0.0,0.0,0.0,0.49689999999999995,0.0,0.0,0.0,0.0,0.0,0.0,0.0,0.3832199398797595
1.0,3788.5078766638335,4849345275.903549,10606925699548.885,0.0,0.0,False,False,False,True,35185,9.356678856475104e+23,6.387492766020337e+22,4.571866922863232e+20,1e+24,0.0,0.9356678856475104,0.06387492766020338,0.00045718669228632326,0.0,94278024408.38539,quality_linear,0.5,1e+24,power,2048,fixed_ref,0.8047071577351047,lp_vertex_box,lp_vertex_box,analytic_lp_charnes_cooper,box_only,True,False,3788.5078766638335,0.41663254110330095,0.4871620101591301,False,True,N_above_support;Q_above_A_supported,upper_bound,94.27802440838539,1654.093290419524,1.752916718398141,0.0,0.0,0.0,0.11988006012024059,0.0,0.0,0.0,0.0,0.49689999999999995,0.0,0.0,0.0,0.0,0.0,0.0,0.0,0.3832199398797595
1.0,3788.5078766638335,4718379892.712687,10606794734165.693,0.0,0.0,False,False,False,True,35185,9.356794386289957e+23,6.387571634373944e+22,4.4484502726485764e+20,1e+24,0.0,0.9356794386289957,0.06387571634373944,0.00044484502726485766,0.0,94279188488.3834,quality_linear,0.5,1e+24,power,2048,mixture,0.8047071577351047,lp_vertex_box,lp_vertex_box,analytic_lp_charnes_cooper,box_only,True,False,3788.5078766638335,0.4871620101591301,0.4871620101591301,False,True,N_above_support;Q_above_A_supported,upper_bound,94.27918848838341,1654.093290419524,1.7529165987413662,0.0,0.0,0.0,0.11988006012024059,0.0,0.0,0.0,0.0,0.49689999999999995,0.0,0.0,0.0,0.0,0.0,0.0,0.0,0.3832199398797595
1.0,3788.5078766638335,4849345275.903549,10973000527651.715,0.0,0.0,False,False,False,True,35185,8.79479762174016e+23,1.2007830352882568e+23,4.419342971581299e+20,1e+24,0.0,0.8794797621740161,0.12007830352882568,0.00044193429715812986,0.0,91132776078.88766,quality_linear,0.5,1e+24,power,4096,fixed_ref,0.8047071577351047,lp_vertex_box,lp_vertex_box,analytic_lp_charnes_cooper,box_only,True,False,3788.5078766638335,0.41663254110330095,0.4871620101591301,False,True,N_above_support;Q_above_A_supported,upper_bound,91.13277607888766,1608.4219823990807,1.7535196339199768,0.0,0.0,0.0,0.11988006012024059,0.0,0.0,0.0,0.0,0.49689999999999995,0.0,0.0,0.0,0.0,0.0,0.0,0.0,0.3832199398797595
1.0,3788.5078766638335,4718379892.712687,10972869562268.523,0.0,0.0,False,False,False,True,35185,8.794902591004042e+23,1.2007973670917521e+23,4.300041904204694e+20,1e+24,0.0,0.8794902591004042,0.12007973670917521,0.00043000419042046943,0.0,91133863783.3275,quality_linear,0.5,1e+24,power,4096,mixture,0.8047071577351047,lp_vertex_box,lp_vertex_box,analytic_lp_charnes_cooper,box_only,True,False,3788.5078766638335,0.4871620101591301,0.4871620101591301,False,True,N_above_support;Q_above_A_supported,upper_bound,91.1338637833275,1608.4219823990807,1.7535195171515032,0.0,0.0,0.0,0.11988006012024059,0.0,0.0,0.0,0.0,0.49689999999999995,0.0,0.0,0.0,0.0,0.0,0.0,0.0,0.3832199398797595
1.0,3788.5078766638335,4849345275.903549,11678742944778.752,-134217728.0,-1.3421772800000001e-16,False,False,False,True,35185,7.851786538858941e+23,2.1440611775444146e+23,4.1522835966447564e+20,1.0000000000000001e+24,-134217728.0,0.7851786538858941,0.21440611775444146,0.00041522835966447563,-1.3421772800000001e-16,85625653782.11983,quality_linear,0.5,1e+24,power,8192,fixed_ref,0.8047071577351047,lp_vertex_box,lp_vertex_box,analytic_lp_charnes_cooper,box_only,True,False,3788.5078766638335,0.41663254110330095,0.4871620101591301,False,True,N_above_support;Q_above_A_supported,upper_bound,85.62565378211983,1528.3166107434604,1.754638791334025,0.0,0.0,0.0,0.11988006012024059,0.0,0.0,0.0,0.0,0.49689999999999995,0.0,0.0,0.0,0.0,0.0,0.0,0.0,0.3832199398797595
1.0,3788.5078766638335,4718379892.712687,11678611979395.56,0.0,0.0,False,False,False,True,35185,7.851874589753568e+23,2.1440852213087078e+23,4.0401889377241655e+20,1e+24,0.0,0.7851874589753569,0.21440852213087078,0.00040401889377241656,0.0,85626613998.67453,quality_linear,0.5,1e+24,power,8192,mixture,0.8047071577351047,lp_vertex_box,lp_vertex_box,analytic_lp_charnes_cooper,box_only,True,False,3788.5078766638335,0.4871620101591301,0.4871620101591301,False,True,N_above_support;Q_above_A_supported,upper_bound,85.62661399867453,1528.3166107434604,1.7546386796910791,0.0,0.0,0.0,0.11988006012024059,0.0,0.0,0.0,0.0,0.49689999999999995,0.0,0.0,0.0,0.0,0.0,0.0,0.0,0.3832199398797595
1.0,3788.5078766638335,4849345275.903549,15329183724466.213,0.0,0.0,False,False,False,True,35185,4.777993497034639e+23,5.218843030361035e+23,3.1634726043264326e+20,1e+24,0.0,0.47779934970346394,0.5218843030361036,0.00031634726043264325,0.0,65235045647.208565,quality_linear,0.5,1e+24,power,32768,fixed_ref,0.8047071577351047,lp_vertex_box,lp_vertex_box,analytic_lp_charnes_cooper,box_only,True,False,3788.5078766638335,0.41663254110330095,0.4871620101591301,False,True,N_above_support;Q_above_A_supported,upper_bound,65.23504564720857,1220.7123358391466,1.7597763151710113,0.0,0.0,0.0,0.11988006012024059,0.0,0.0,0.0,0.0,0.49689999999999995,0.0,0.0,0.0,0.0,0.0,0.0,0.0,0.3832199398797595
1.0,3788.5078766638335,4718379892.712687,15329052759083.021,0.0,0.0,False,False,False,True,35185,4.778034318327321e+23,5.2188876180983225e+23,3.078063574356788e+20,1e+24,0.0,0.47780343183273216,0.5218887618098322,0.0003078063574356788,0.0,65235602989.719215,quality_linear,0.5,1e+24,power,32768,mixture,0.8047071577351047,lp_vertex_box,lp_vertex_box,analytic_lp_charnes_cooper,box_only,True,False,3788.5078766638335,0.4871620101591301,0.4871620101591301,False,True,N_above_support;Q_above_A_supported,upper_bound,65.23560298971921,1220.7123358391466,1.7597762233868033,0.0,0.0,0.0,0.11988006012024059,0.0,0.0,0.0,0.0,0.49689999999999995,0.0,0.0,0.0,0.0,0.0,0.0,0.0,0.3832199398797595
1.0,3788.5078766638335,4849345275.903549,25703878294072.465,-134217728.0,-1.3421772800000001e-16,False,False,False,True,35185,1.8621697216014698e+23,8.135943658324929e+23,1.8866200736026087e+20,1.0000000000000001e+24,-134217728.0,0.186216972160147,0.8135943658324929,0.00018866200736026087,-1.3421772800000001e-16,38904634878.79993,quality_linear,0.5,1e+24,power,131072,fixed_ref,0.8047071577351047,lp_vertex_box,lp_vertex_box,analytic_lp_charnes_cooper,box_only,True,False,3788.5078766638335,0.41663254110330095,0.4871620101591301,False,True,N_above_support;Q_above_A_supported,upper_bound,38.904634878799925,797.7497314491831,1.7706671597321315,0.0,0.0,0.0,0.11988006012024059,0.0,0.0,0.0,0.0,0.49689999999999995,0.0,0.0,0.0,0.0,0.0,0.0,0.0,0.3832199398797595
1.0,3788.5078766638335,4718379892.712687,25703747328689.273,-268435456.0,-2.6843545600000003e-16,False,False,False,True,35185,1.8621792097032647e+23,8.13598511247421e+23,1.835677822527558e+20,1.0000000000000003e+24,-268435456.0,0.18621792097032647,0.813598511247421,0.0001835677822527558,-2.6843545600000003e-16,38904833105.16551,quality_linear,0.5,1e+24,power,131072,mixture,0.8047071577351047,lp_vertex_box,lp_vertex_box,analytic_lp_charnes_cooper,box_only,True,False,3788.5078766638335,0.4871620101591301,0.4871620101591301,False,True,N_above_support;Q_above_A_supported,upper_bound,38.904833105165515,797.7497314491831,1.7706670964742364,0.0,0.0,0.0,0.11988006012024059,0.0,0.0,0.0,0.0,0.49689999999999995,0.0,0.0,0.0,0.0,0.0,0.0,0.0,0.3832199398797595
1.0,3788.5078766638335,1511467178.4002495,10598381167990.898,134217728.0,1.3421772800000001e-16,False,False,False,True,35185,9.359623567557041e+23,6.389503022118942e+22,1.4261302310631781e+20,9.999999999999998e+23,134217728.0,0.9359623567557042,0.06389503022118942,0.00014261302310631781,1.3421772800000001e-16,94354032389.41696,quality_linear,0.5,1e+24,logarithmic,2048,fixed_ref,0.8047071577351047,lp_vertex_box,lp_vertex_box,analytic_lp_charnes_cooper,box_only,True,False,3788.5078766638335,0.41663254110330095,0.4871620101591301,False,True,N_above_support;Q_above_A_supported,upper_bound,94.35403238941696,1653.2809692980059,1.7529136683089213,0.0,0.0,0.0,0.11988006012024059,0.0,0.0,0.0,0.0,0.49689999999999995,0.0,0.0,0.0,0.0,0.0,0.0,0.0,0.3832199398797595
1.0,3788.5078766638335,1255529360.3491163,10598125230172.848,268435456.0,2.6843545600000003e-16,False,False,False,True,35185,9.359849596367007e+23,6.389657324453212e+22,1.1846711876687643e+20,9.999999999999997e+23,268435456.0,0.9359849596367008,0.06389657324453213,0.00011846711876687642,2.6843545600000003e-16,94356310977.81345,quality_linear,0.5,1e+24,logarithmic,2048,mixture,0.8047071577351047,lp_vertex_box,lp_vertex_box,analytic_lp_charnes_cooper,box_only,True,False,3788.5078766638335,0.4871620101591301,0.4871620101591301,False,True,N_above_support;Q_above_A_supported,upper_bound,94.35631097781345,1653.2809692980059,1.7529134343341024,0.0,0.0,0.0,0.11988006012024059,0.0,0.0,0.0,0.0,0.49689999999999995,0.0,0.0,0.0,0.0,0.0,0.0,0.0,0.3832199398797595
1.0,3788.5078766638335,1511467178.4002495,10964276217651.578,0.0,0.0,False,False,False,True,35185,8.79747313054237e+23,1.201148331423385e+23,1.378538034245172e+20,1e+24,0.0,0.879747313054237,0.12011483314233849,0.0001378538034245172,0.0,91205290723.16536,quality_linear,0.5,1e+24,logarithmic,4096,fixed_ref,0.8047071577351047,lp_vertex_box,lp_vertex_box,analytic_lp_charnes_cooper,box_only,True,False,3788.5078766638335,0.41663254110330095,0.4871620101591301,False,True,N_above_support;Q_above_A_supported,upper_bound,91.20529072316536,1607.632090343908,1.7535166575341328,0.0,0.0,0.0,0.11988006012024059,0.0,0.0,0.0,0.0,0.49689999999999995,0.0,0.0,0.0,0.0,0.0,0.0,0.0,0.3832199398797595
1.0,3788.5078766638335,1255529360.3491163,10964020279833.527,0.0,0.0,False,False,False,True,35185,8.797678493723021e+23,1.201176370342983e+23,1.1451359339953535e+20,1e+24,0.0,0.8797678493723021,0.12011763703429831,0.00011451359339953535,0.0,91207419767.30305,quality_linear,0.5,1e+24,logarithmic,4096,mixture,0.8047071577351047,lp_vertex_box,lp_vertex_box,analytic_lp_charnes_cooper,box_only,True,False,3788.5078766638335,0.4871620101591301,0.4871620101591301,False,True,N_above_support;Q_above_A_supported,upper_bound,91.20741976730305,1607.632090343908,1.7535164292088072,0.0,0.0,0.0,0.11988006012024059,0.0,0.0,0.0,0.0,0.49689999999999995,0.0,0.0,0.0,0.0,0.0,0.0,0.0,0.3832199398797595
1.0,3788.5078766638335,1511467178.4002495,11669672046424.074,0.0,0.0,False,False,False,True,35185,7.854030784212967e+23,2.1446740061424207e+23,1.2952096446132835e+20,1e+24,0.0,0.7854030784212968,0.21446740061424208,0.00012952096446132837,0.0,85692211059.72974,quality_linear,0.5,1e+24,logarithmic,8192,fixed_ref,0.8047071577351047,lp_vertex_box,lp_vertex_box,analytic_lp_charnes_cooper,box_only,True,False,3788.5078766638335,0.41663254110330095,0.4871620101591301,False,True,N_above_support;Q_above_A_supported,upper_bound,85.69221105972974,1527.5660582380701,1.7546359451688909,0.0,0.0,0.0,0.11988006012024059,0.0,0.0,0.0,0.0,0.49689999999999995,0.0,0.0,0.0,0.0,0.0,0.0,0.0,0.3832199398797595
1.0,3788.5078766638335,1255529360.3491163,11669416108606.023,0.0,0.0,False,False,False,True,35185,7.854203041632112e+23,2.1447210439016753e+23,1.075914466211537e+20,1e+24,0.0,0.7854203041632113,0.21447210439016753,0.00010759144662115371,0.0,85694090492.02681,quality_linear,0.5,1e+24,logarithmic,8192,mixture,0.8047071577351047,lp_vertex_box,lp_vertex_box,analytic_lp_charnes_cooper,box_only,True,False,3788.5078766638335,0.4871620101591301,0.4871620101591301,False,True,N_above_support;Q_above_A_supported,upper_bound,85.69409049202682,1527.5660582380701,1.7546357268688018,0.0,0.0,0.0,0.11988006012024059,0.0,0.0,0.0,0.0,0.49689999999999995,0.0,0.0,0.0,0.0,0.0,0.0,0.0,0.3832199398797595
1.0,3788.5078766638335,1511467178.4002495,15325845846368.709,0.0,0.0,False,False,False,True,35185,4.7790341156082326e+23,5.219979663341686e+23,9.862210500821231e+19,1e+24,0.0,0.4779034115608233,0.5219979663341686,9.862210500821231e-05,0.0,65249253452.26143,quality_linear,0.5,1e+24,logarithmic,32768,fixed_ref,0.8047071577351047,lp_vertex_box,lp_vertex_box,analytic_lp_charnes_cooper,box_only,True,False,3788.5078766638335,0.41663254110330095,0.4871620101591301,False,True,N_above_support;Q_above_A_supported,upper_bound,65.24925345226143,1220.7123358391466,1.7597739757163378,0.0,0.0,0.0,0.11988006012024059,0.0,0.0,0.0,0.0,0.49689999999999995,0.0,0.0,0.0,0.0,0.0,0.0,0.0,0.3832199398797595
1.0,3788.5078766638335,1255529360.3491163,15325589908550.658,-134217728.0,-1.3421772800000001e-16,False,False,False,True,35185,4.779113925623458e+23,5.220066837160982e+23,8.192372155597185e+19,1.0000000000000001e+24,-134217728.0,0.4779113925623458,0.5220066837160983,8.192372155597185e-05,-1.3421772800000001e-16,65250343116.780556,quality_linear,0.5,1e+24,logarithmic,32768,mixture,0.8047071577351047,lp_vertex_box,lp_vertex_box,analytic_lp_charnes_cooper,box_only,True,False,3788.5078766638335,0.4871620101591301,0.4871620101591301,False,True,N_above_support;Q_above_A_supported,upper_bound,65.25034311678056,1220.7123358391466,1.7597737963192899,0.0,0.0,0.0,0.11988006012024059,0.0,0.0,0.0,0.0,0.49689999999999995,0.0,0.0,0.0,0.0,0.0,0.0,0.0,0.3832199398797595
1.0,3788.5078766638335,1511467178.4002495,25700540415974.96,-268435456.0,-2.6843545600000003e-16,False,False,False,True,35185,1.86241157237297e+23,8.137000320468997e+23,5.881071580349923e+19,1.0000000000000003e+24,-268435456.0,0.186241157237297,0.8137000320468997,5.881071580349923e-05,-2.6843545600000003e-16,38909687649.15228,quality_linear,0.5,1e+24,logarithmic,131072,fixed_ref,0.8047071577351047,lp_vertex_box,lp_vertex_box,analytic_lp_charnes_cooper,box_only,True,False,3788.5078766638335,0.41663254110330095,0.4871620101591301,False,True,N_above_support;Q_above_A_supported,upper_bound,38.90968764915228,797.7497314491831,1.7706655474234176,0.0,0.0,0.0,0.11988006012024059,0.0,0.0,0.0,0.0,0.49689999999999995,0.0,0.0,0.0,0.0,0.0,0.0,0.0,0.3832199398797595
1.0,3788.5078766638335,1255529360.3491163,25700284478156.91,-268435456.0,-2.6843545600000003e-16,False,False,False,True,35185,1.862430119309855e+23,8.13708135327271e+23,4.885274174362588e+19,1.0000000000000003e+24,-268435456.0,0.1862430119309855,0.813708135327271,4.885274174362588e-05,-2.6843545600000003e-16,38910075133.60081,quality_linear,0.5,1e+24,logarithmic,131072,mixture,0.8047071577351047,lp_vertex_box,lp_vertex_box,analytic_lp_charnes_cooper,box_only,True,False,3788.5078766638335,0.4871620101591301,0.4871620101591301,False,True,N_above_support;Q_above_A_supported,upper_bound,38.910075133600806,797.7497314491831,1.7706654237905173,0.0,0.0,0.0,0.11988006012024059,0.0,0.0,0.0,0.0,0.49689999999999995,0.0,0.0,0.0,0.0,0.0,0.0,0.0,0.3832199398797595
1.0,14352791.931543907,3912487936.8349757,2425559993543.9883,0.0,0.0,False,False,False,True,35185,9.345859105722319e+18,6.38010648283977e+17,1.6130245993703234e+16,1e+19,0.0,0.9345859105722318,0.0638010648283977,0.0016130245993703234,0.0,4122759.291304516,quality_linear,1.0,1e+19,exponential,2048,fixed_ref,0.8047071577351047,lp_vertex_box,lp_vertex_box,analytic_lp_charnes_cooper,box_only,True,False,14352791.931543907,0.41663254110330095,0.4871620101591301,False,False,N_above_support;D_below_support;Q_above_A_supported,upper_bound,0.004122759291304516,377.8156992023142,1.7941381930528564,0.0,0.0,0.0,0.11988006012024059,0.0,0.0,0.0,0.0,0.49689999999999995,0.0,0.0,0.0,0.0,0.0,0.0,0.0,0.3832199398797595
1.0,14352791.931543907,3848323182.263386,2425495828789.4165,-2048.0,-2.048e-16,False,False,False,True,35185,9.346106343729766e+18,6.380275263986188e+17,1.5866129871615212e+16,1.0000000000000002e+19,-2048.0,0.9346106343729766,0.06380275263986188,0.0015866129871615212,-2.048e-16,4122868.3559481017,quality_linear,1.0,1e+19,exponential,2048,mixture,0.8047071577351047,lp_vertex_box,lp_vertex_box,analytic_lp_charnes_cooper,box_only,True,False,14352791.931543907,0.4871620101591301,0.4871620101591301,False,False,N_above_support;D_below_support;Q_above_A_supported,upper_bound,0.004122868355948102,377.8156992023142,1.7941377690458082,0.0,0.0,0.0,0.11988006012024059,0.0,0.0,0.0,0.0,0.49689999999999995,0.0,0.0,0.0,0.0,0.0,0.0,0.0,0.3832199398797595
1.0,14352791.931543907,3912487936.8349757,2509176085780.8164,-2048.0,-2.048e-16,False,False,False,True,35185,8.784966518335918e+18,1.1994407619701307e+18,1.559271969395273e+16,1.0000000000000002e+19,-2048.0,0.8784966518335918,0.11994407619701307,0.001559271969395273,-2.048e-16,3985371.954032535,quality_linear,1.0,1e+19,exponential,4096,fixed_ref,0.8047071577351047,lp_vertex_box,lp_vertex_box,analytic_lp_charnes_cooper,box_only,True,False,14352791.931543907,0.41663254110330095,0.4871620101591301,False,False,N_above_support;D_below_support;Q_above_A_supported,upper_bound,0.003985371954032535,367.38379836989407,1.7951342320602994,0.0,0.0,0.0,0.11988006012024059,0.0,0.0,0.0,0.0,0.49689999999999995,0.0,0.0,0.0,0.0,0.0,0.0,0.0,0.3832199398797595
1.0,14352791.931543907,3848323182.263386,2509111921026.2446,-2048.0,-2.048e-16,False,False,False,True,35185,8.785191173607708e+18,1.199471434903239e+18,1.5337391489054796e+16,1.0000000000000002e+19,-2048.0,0.8785191173607708,0.11994714349032388,0.0015337391489054796,-2.048e-16,3985473.87073508,quality_linear,1.0,1e+19,exponential,4096,mixture,0.8047071577351047,lp_vertex_box,lp_vertex_box,analytic_lp_charnes_cooper,box_only,True,False,14352791.931543907,0.4871620101591301,0.4871620101591301,False,False,N_above_support;D_below_support;Q_above_A_supported,upper_bound,0.00398547387073508,367.38379836989407,1.7951338182765995,0.0,0.0,0.0,0.11988006012024059,0.0,0.0,0.0,0.0,0.49689999999999995,0.0,0.0,0.0,0.0,0.0,0.0,0.0,0.3832199398797595
1.0,14352791.931543907,3912487936.8349757,2670376524914.4253,0.0,0.0,False,False,False,True,35185,7.843539395645648e+18,2.1418091576376381e+18,1.4651446716714808e+16,1e+19,0.0,0.7843539395645648,0.2141809157637638,0.0014651446716714808,0.0,3744790.2596134674,quality_linear,1.0,1e+19,exponential,8192,fixed_ref,0.8047071577351047,lp_vertex_box,lp_vertex_box,analytic_lp_charnes_cooper,box_only,True,False,14352791.931543907,0.41663254110330095,0.4871620101591301,False,False,N_above_support;D_below_support;Q_above_A_supported,upper_bound,0.0037447902596134675,349.0867245728936,1.796983161054784,0.0,0.0,0.0,0.11988006012024059,0.0,0.0,0.0,0.0,0.49689999999999995,0.0,0.0,0.0,0.0,0.0,0.0,0.0,0.3832199398797595
1.0,14352791.931543907,3848323182.263386,2670312360159.8535,-2048.0,-2.048e-16,False,False,False,True,35185,7.843727867521749e+18,2.1418606230246057e+18,1.4411509453646886e+16,1.0000000000000002e+19,-2048.0,0.7843727867521749,0.21418606230246057,0.0014411509453646886,-2.048e-16,3744880.2429246022,quality_linear,1.0,1e+19,exponential,8192,mixture,0.8047071577351047,lp_vertex_box,lp_vertex_box,analytic_lp_charnes_cooper,box_only,True,False,14352791.931543907,0.4871620101591301,0.4871620101591301,False,False,N_above_support;D_below_support;Q_above_A_supported,upper_bound,0.0037448802429246022,349.0867245728936,1.7969827654149042,0.0,0.0,0.0,0.11988006012024059,0.0,0.0,0.0,0.0,0.49689999999999995,0.0,0.0,0.0,0.0,0.0,0.0,0.0,0.3832199398797595
1.0,14352791.931543907,3912487936.8349757,3504183084412.927,2048.0,2.048e-16,False,False,False,True,35185,4.774169070533006e+18,5.214665736774185e+18,1.1165192692808328e+16,9.999999999999998e+18,2048.0,0.47741690705330064,0.5214665736774184,0.0011165192692808327,2.048e-16,2853732.1706965975,quality_linear,1.0,1e+19,exponential,32768,fixed_ref,0.8047071577351047,lp_vertex_box,lp_vertex_box,analytic_lp_charnes_cooper,box_only,True,False,14352791.931543907,0.41663254110330095,0.4871620101591301,False,False,N_above_support;D_below_support;Q_above_A_supported,upper_bound,0.0028537321706965974,278.82604165148575,1.8054712758965028,0.0,0.0,0.0,0.11988006012024059,0.0,0.0,0.0,0.0,0.49689999999999995,0.0,0.0,0.0,0.0,0.0,0.0,0.0,0.3832199398797595
1.0,14352791.931543907,3848323182.263386,3504118919658.355,2048.0,2.048e-16,False,False,False,True,35185,4.774256491477819e+18,5.214761223758173e+18,1.0982284764007352e+16,9.999999999999998e+18,2048.0,0.47742564914778196,0.5214761223758173,0.0010982284764007352,2.048e-16,2853784.4260647926,quality_linear,1.0,1e+19,exponential,32768,mixture,0.8047071577351047,lp_vertex_box,lp_vertex_box,analytic_lp_charnes_cooper,box_only,True,False,14352791.931543907,0.4871620101591301,0.4871620101591301,False,False,N_above_support;D_below_support;Q_above_A_supported,upper_bound,0.0028537844260647927,278.82604165148575,1.8054709505737057,0.0,0.0,0.0,0.11988006012024059,0.0,0.0,0.0,0.0,0.49689999999999995,0.0,0.0,0.0,0.0,0.0,0.0,0.0,0.3832199398797595
1.0,14352791.931543907,3912487936.8349757,5868129681429.955,-2048.0,-2.048e-16,False,False,False,True,35185,1.8612793004045458e+18,8.132053348754154e+18,6667350841301746.0,1.0000000000000002e+19,-2048.0,0.18612793004045458,0.8132053348754155,0.0006667350841301746,-2.048e-16,1704120.4852110876,quality_linear,1.0,1e+19,exponential,131072,fixed_ref,0.8047071577351047,lp_vertex_box,lp_vertex_box,analytic_lp_charnes_cooper,box_only,True,False,14352791.931543907,0.41663254110330095,0.4871620101591301,False,False,N_above_support;D_below_support;Q_above_A_supported,upper_bound,0.0017041204852110876,182.03713846891827,1.8234670240848196,0.0,0.0,0.0,0.11988006012024059,0.0,0.0,0.0,0.0,0.49689999999999995,0.0,0.0,0.0,0.0,0.0,0.0,0.0,0.3832199398797595
1.0,14352791.931543907,3848323182.263386,5868065516675.384,-2048.0,-2.048e-16,False,False,False,True,35185,1.8612996526874506e+18,8.132142269234985e+18,6558078077566686.0,1.0000000000000002e+19,-2048.0,0.18612996526874506,0.8132142269234985,0.0006558078077566686,-2.048e-16,1704139.1190304244,quality_linear,1.0,1e+19,exponential,131072,mixture,0.8047071577351047,lp_vertex_box,lp_vertex_box,analytic_lp_charnes_cooper,box_only,True,False,14352791.931543907,0.4871620101591301,0.4871620101591301,False,False,N_above_support;D_below_support;Q_above_A_supported,upper_bound,0.0017041391190304243,182.03713846891827,1.8234667996610994,0.0,0.0,0.0,0.11988006012024059,0.0,0.0,0.0,0.0,0.49689999999999995,0.0,0.0,0.0,0.0,0.0,0.0,0.0,0.3832199398797595
1.0,14352791.931543907,4849345275.903549,2427686700312.2866,-2048.0,-2.048e-16,False,False,False,True,35185,9.3422598889814e+18,6.377649417544635e+17,1.9975169264138372e+16,1.0000000000000002e+19,-2048.0,0.9342259888981399,0.06377649417544635,0.001997516926413837,-2.048e-16,4119147.663787772,quality_linear,1.0,1e+19,power,2048,fixed_ref,0.8047071577351047,lp_vertex_box,lp_vertex_box,analytic_lp_charnes_cooper,box_only,True,False,14352791.931543907,0.41663254110330095,0.4871620101591301,False,False,N_above_support;D_below_support;Q_above_A_supported,upper_bound,0.004119147663787772,378.0013347223514,1.7941443814508033,0.0,0.0,0.0,0.11988006012024059,0.0,0.0,0.0,0.0,0.49689999999999995,0.0,0.0,0.0,0.0,0.0,0.0,0.0,0.3832199398797595
1.0,14352791.931543907,4718379892.712687,2427555734929.096,0.0,0.0,False,False,False,True,35185,9.34276389909685e+18,6.377993488450117e+17,1.943675205813761e+16,1e+19,0.0,0.9342763899096851,0.06377993488450118,0.0019436752058137607,0.0,4119369.8896853873,quality_linear,1.0,1e+19,power,2048,mixture,0.8047071577351047,lp_vertex_box,lp_vertex_box,analytic_lp_charnes_cooper,box_only,True,False,14352791.931543907,0.4871620101591301,0.4871620101591301,False,False,N_above_support;D_below_support;Q_above_A_supported,upper_bound,0.004119369889685387,378.0013347223514,1.7941435165560469,0.0,0.0,0.0,0.11988006012024059,0.0,0.0,0.0,0.0,0.49689999999999995,0.0,0.0,0.0,0.0,0.0,0.0,0.0,0.3832199398797595
1.0,14352791.931543907,4849345275.903549,2511343876381.255,-2048.0,-2.048e-16,False,False,False,True,35185,8.781696009430424e+18,1.1989942284875674e+18,1.9309762082010292e+16,1.0000000000000002e+19,-2048.0,0.8781696009430423,0.11989942284875674,0.0019309762082010292,-2.048e-16,3981931.7832369483,quality_linear,1.0,1e+19,power,4096,fixed_ref,0.8047071577351047,lp_vertex_box,lp_vertex_box,analytic_lp_charnes_cooper,box_only,True,False,14352791.931543907,0.41663254110330095,0.4871620101591301,False,False,N_above_support;D_below_support;Q_above_A_supported,upper_bound,0.003981931783236949,367.56430829207994,1.7951402714612124,0.0,0.0,0.0,0.11988006012024059,0.0,0.0,0.0,0.0,0.49689999999999995,0.0,0.0,0.0,0.0,0.0,0.0,0.0,0.3832199398797595
1.0,14352791.931543907,4718379892.712687,2511212910998.0645,0.0,0.0,False,False,False,True,35185,8.782153994564978e+18,1.199056758724605e+18,1.878924671041691e+16,1e+19,0.0,0.8782153994564977,0.1199056758724605,0.001878924671041691,0.0,3982139.4499065266,quality_linear,1.0,1e+19,power,4096,mixture,0.8047071577351047,lp_vertex_box,lp_vertex_box,analytic_lp_charnes_cooper,box_only,True,False,14352791.931543907,0.4871620101591301,0.4871620101591301,False,False,N_above_support;D_below_support;Q_above_A_supported,upper_bound,0.003982139449906527,367.56430829207994,1.7951394274126442,0.0,0.0,0.0,0.11988006012024059,0.0,0.0,0.0,0.0,0.49689999999999995,0.0,0.0,0.0,0.0,0.0,0.0,0.0,0.3832199398797595
1.0,14352791.931543907,4849345275.903549,2671313382253.4937,-2048.0,-2.048e-16,False,False,False,True,35185,7.840788584941109e+18,2.1410580029279188e+18,1.8153412130974652e+16,1.0000000000000002e+19,-2048.0,0.784078858494111,0.2141058002927919,0.0018153412130974653,-2.048e-16,3743476.9227877334,quality_linear,1.0,1e+19,power,8192,fixed_ref,0.8047071577351047,lp_vertex_box,lp_vertex_box,analytic_lp_charnes_cooper,box_only,True,False,14352791.931543907,0.41663254110330095,0.4871620101591301,False,False,N_above_support;D_below_support;Q_above_A_supported,upper_bound,0.0037434769227877333,349.0867245728936,1.7969889369376404,0.0,0.0,0.0,0.11988006012024059,0.0,0.0,0.0,0.0,0.49689999999999995,0.0,0.0,0.0,0.0,0.0,0.0,0.0,0.3832199398797595
1.0,14352791.931543907,4718379892.712687,2671182416870.303,0.0,0.0,False,False,False,True,35185,7.841173010907323e+18,2.141162976845093e+18,1.766401224758355e+16,1e+19,0.0,0.7841173010907323,0.21411629768450932,0.001766401224758355,0.0,3743660.4616904156,quality_linear,1.0,1e+19,power,8192,mixture,0.8047071577351047,lp_vertex_box,lp_vertex_box,analytic_lp_charnes_cooper,box_only,True,False,14352791.931543907,0.4871620101591301,0.4871620101591301,False,False,N_above_support;D_below_support;Q_above_A_supported,upper_bound,0.0037436604616904157,349.0867245728936,1.7969881296017702,0.0,0.0,0.0,0.11988006012024059,0.0,0.0,0.0,0.0,0.49689999999999995,0.0,0.0,0.0,0.0,0.0,0.0,0.0,0.3832199398797595
1.0,14352791.931543907,4849345275.903549,3505119941751.995,0.0,0.0,False,False,False,True,35185,4.772893018527366e+18,5.213271947703492e+18,1.3835033769143026e+16,1e+19,0.0,0.4772893018527366,0.5213271947703492,0.0013835033769143026,0.0,2852969.4179314193,quality_linear,1.0,1e+19,power,32768,fixed_ref,0.8047071577351047,lp_vertex_box,lp_vertex_box,analytic_lp_charnes_cooper,box_only,True,False,14352791.931543907,0.41663254110330095,0.4871620101591301,False,False,N_above_support;D_below_support;Q_above_A_supported,upper_bound,0.0028529694179314194,278.82604165148575,1.8054760253840987,0.0,0.0,0.0,0.11988006012024059,0.0,0.0,0.0,0.0,0.49689999999999995,0.0,0.0,0.0,0.0,0.0,0.0,0.0,0.3832199398797595
1.0,14352791.931543907,4718379892.712687,3504988976368.8047,0.0,0.0,False,False,False,True,35185,4.773071359676886e+18,5.213466743796407e+18,1.346189652670738e+16,1e+19,0.0,0.4773071359676886,0.5213466743796408,0.001346189652670738,0.0,2853076.020330334,quality_linear,1.0,1e+19,power,32768,mixture,0.8047071577351047,lp_vertex_box,lp_vertex_box,analytic_lp_charnes_cooper,box_only,True,False,14352791.931543907,0.4871620101591301,0.4871620101591301,False,False,N_above_support;D_below_support;Q_above_A_supported,upper_bound,0.002853076020330334,278.82604165148575,1.8054753614975714,0.0,0.0,0.0,0.11988006012024059,0.0,0.0,0.0,0.0,0.49689999999999995,0.0,0.0,0.0,0.0,0.0,0.0,0.0,0.3832199398797595
1.0,14352791.931543907,4849345275.903549,5871947856328.4375,-2048.0,-2.048e-16,False,False,False,True,35185,1.8609829464226068e+18,8.130758558450131e+18,8258495127263795.0,1.0000000000000002e+19,-2048.0,0.1860982946422607,0.8130758558450131,0.0008258495127263795,-2.048e-16,1703012.3980448144,quality_linear,1.0,1e+19,power,131072,fixed_ref,0.8047071577351047,lp_vertex_box,lp_vertex_box,analytic_lp_charnes_cooper,box_only,True,False,14352791.931543907,0.41663254110330095,0.4871620101591301,False,False,N_above_support;D_below_support;Q_above_A_supported,upper_bound,0.0017030123980448144,182.12658038183343,1.8234702999592833,0.0,0.0,0.0,0.11988006012024059,0.0,0.0,0.0,0.0,0.49689999999999995,0.0,0.0,0.0,0.0,0.0,0.0,0.0,0.3832199398797595
1.0,14352791.931543907,4718379892.712687,5871816890945.247,-2048.0,-2.048e-16,False,False,False,True,35185,1.861024453906443e+18,8.130939907414177e+18,8035638679381775.0,1.0000000000000002e+19,-2048.0,0.1861024453906443,0.8130939907414176,0.0008035638679381775,-2.048e-16,1703050.3821433363,quality_linear,1.0,1e+19,power,131072,mixture,0.8047071577351047,lp_vertex_box,lp_vertex_box,analytic_lp_charnes_cooper,box_only,True,False,14352791.931543907,0.4871620101591301,0.4871620101591301,False,False,N_above_support;D_below_support;Q_above_A_supported,upper_bound,0.0017030503821433363,182.12658038183343,1.8234698421052014,0.0,0.0,0.0,0.11988006012024059,0.0,0.0,0.0,0.0,0.49689999999999995,0.0,0.0,0.0,0.0,0.0,0.0,0.0,0.3832199398797595
1.0,14352791.931543907,1511467178.4002495,2420781026636.46,0.0,0.0,False,False,False,True,35185,9.355113844493588e+18,6.386424384507624e+17,6243717055649386.0,1e+19,0.0,0.9355113844493589,0.06386424384507623,0.0006243717055649386,0.0,4130898.205978771,quality_linear,1.0,1e+19,logarithmic,2048,fixed_ref,0.8047071577351047,lp_vertex_box,lp_vertex_box,analytic_lp_charnes_cooper,box_only,True,False,14352791.931543907,0.41663254110330095,0.4871620101591301,False,False,N_above_support;D_below_support;Q_above_A_supported,upper_bound,0.004130898205978771,377.44470161290246,1.7941223160230668,0.0,0.0,0.0,0.11988006012024059,0.0,0.0,0.0,0.0,0.49689999999999995,0.0,0.0,0.0,0.0,0.0,0.0,0.0,0.3832199398797595
1.0,14352791.931543907,1255529360.3491163,2420525088818.4087,0.0,0.0,False,False,False,True,35185,9.356103021361054e+18,6.38709966258248e+17,5187012380697980.0,1e+19,0.0,0.9356103021361054,0.0638709966258248,0.000518701238069798,0.0,4131334.9926406047,quality_linear,1.0,1e+19,logarithmic,2048,mixture,0.8047071577351047,lp_vertex_box,lp_vertex_box,analytic_lp_charnes_cooper,box_only,True,False,14352791.931543907,0.4871620101591301,0.4871620101591301,False,False,N_above_support;D_below_support;Q_above_A_supported,upper_bound,0.004131334992640605,377.44470161290246,1.794120622308617,0.0,0.0,0.0,0.11988006012024059,0.0,0.0,0.0,0.0,0.49689999999999995,0.0,0.0,0.0,0.0,0.0,0.0,0.0,0.3832199398797595
1.0,14352791.931543907,1511467178.4002495,2504315011727.5947,2048.0,2.048e-16,False,False,False,True,35185,8.793375658585165e+18,1.2005888899188278e+18,6035451496006360.0,9.999999999999998e+18,2048.0,0.8793375658585165,0.12005888899188277,0.000603545149600636,2.048e-16,3993107.877072353,quality_linear,1.0,1e+19,logarithmic,4096,fixed_ref,0.8047071577351047,lp_vertex_box,lp_vertex_box,analytic_lp_charnes_cooper,box_only,True,False,14352791.931543907,0.41663254110330095,0.4871620101591301,False,False,N_above_support;D_below_support;Q_above_A_supported,upper_bound,0.003993107877072353,367.0230444259142,1.7951187378999836,0.0,0.0,0.0,0.11988006012024059,0.0,0.0,0.0,0.0,0.49689999999999995,0.0,0.0,0.0,0.0,0.0,0.0,0.0,0.3832199398797595
1.0,14352791.931543907,1255529360.3491163,2504059073909.5435,2048.0,2.048e-16,False,False,False,True,35185,8.794274422277607e+18,1.200711601121636e+18,5013976600755191.0,9.999999999999998e+18,2048.0,0.8794274422277607,0.12007116011216361,0.0005013976600755191,2.048e-16,3993516.0093436516,quality_linear,1.0,1e+19,logarithmic,4096,mixture,0.8047071577351047,lp_vertex_box,lp_vertex_box,analytic_lp_charnes_cooper,box_only,True,False,14352791.931543907,0.4871620101591301,0.4871620101591301,False,False,N_above_support;D_below_support;Q_above_A_supported,upper_bound,0.003993516009343652,367.0230444259142,1.795117085063991,0.0,0.0,0.0,0.11988006012024059,0.0,0.0,0.0,0.0,0.49689999999999995,0.0,0.0,0.0,0.0,0.0,0.0,0.0,0.3832199398797595
1.0,14352791.931543907,1511467178.4002495,2665357159465.5493,0.0,0.0,False,False,False,True,35185,7.850593747398684e+18,2.1437354659563338e+18,5670786644981287.0,1e+19,0.0,0.7850593747398683,0.21437354659563337,0.0005670786644981287,0.0,3751842.399239723,quality_linear,1.0,1e+19,logarithmic,8192,fixed_ref,0.8047071577351047,lp_vertex_box,lp_vertex_box,analytic_lp_charnes_cooper,box_only,True,False,14352791.931543907,0.41663254110330095,0.4871620101591301,False,False,N_above_support;D_below_support;Q_above_A_supported,upper_bound,0.003751842399239723,348.7439375114093,1.7969683444700453,0.0,0.0,0.0,0.11988006012024059,0.0,0.0,0.0,0.0,0.49689999999999995,0.0,0.0,0.0,0.0,0.0,0.0,0.0,0.3832199398797595
1.0,14352791.931543907,1255529360.3491163,2663793013620.2593,-2048.0,-2.048e-16,False,False,False,True,35185,7.851345846567985e+18,2.143940839169498e+18,4713314262517621.0,1.0000000000000002e+19,-2048.0,0.7851345846567985,0.2143940839169498,0.0004713314262517621,-2.048e-16,3754045.434036702,quality_linear,1.0,1e+19,logarithmic,8192,mixture,0.8047071577351047,lp_vertex_box,lp_vertex_box,analytic_lp_charnes_cooper,box_only,True,False,14352791.931543907,0.4871620101591301,0.4871620101591301,False,False,N_above_support;D_below_support;Q_above_A_supported,upper_bound,0.003754045434036702,348.57267022673733,1.7969667636985356,0.0,0.0,0.0,0.11988006012024059,0.0,0.0,0.0,0.0,0.49689999999999995,0.0,0.0,0.0,0.0,0.0,0.0,0.0,0.3832199398797595
1.0,14352791.931543907,1511467178.4002495,3498344959382.9565,0.0,0.0,False,False,False,True,35185,4.777440485267119e+18,5.218238994041099e+18,4320520691781191.0,1e+19,0.0,0.47774404852671193,0.5218238994041099,0.0004320520691781191,0.0,2858494.549881043,quality_linear,1.0,1e+19,logarithmic,32768,fixed_ref,0.8047071577351047,lp_vertex_box,lp_vertex_box,analytic_lp_charnes_cooper,box_only,True,False,14352791.931543907,0.41663254110330095,0.4871620101591301,False,False,N_above_support;D_below_support;Q_above_A_supported,upper_bound,0.002858494549881043,278.55224733977155,1.8054590944283035,0.0,0.0,0.0,0.11988006012024059,0.0,0.0,0.0,0.0,0.49689999999999995,0.0,0.0,0.0,0.0,0.0,0.0,0.0,0.3832199398797595
1.0,14352791.931543907,1255529360.3491163,3498089021564.9053,0.0,0.0,False,False,False,True,35185,4.777790026884308e+18,5.218620786698168e+18,3589186417524168.0,1e+19,0.0,0.4777790026884308,0.5218620786698168,0.0003589186417524168,0.0,2858703.6917449287,quality_linear,1.0,1e+19,logarithmic,32768,mixture,0.8047071577351047,lp_vertex_box,lp_vertex_box,analytic_lp_charnes_cooper,box_only,True,False,14352791.931543907,0.4871620101591301,0.4871620101591301,False,False,N_above_support;D_below_support;Q_above_A_supported,upper_bound,0.002858703691744929,278.55224733977155,1.8054577952089477,0.0,0.0,0.0,0.11988006012024059,0.0,0.0,0.0,0.0,0.49689999999999995,0.0,0.0,0.0,0.0,0.0,0.0,0.0,0.3832199398797595
1.0,14352791.931543907,1511467178.4002495,5862848758120.053,-2048.0,-2.048e-16,False,False,False,True,35185,1.862040942762251e+18,8.135381014991126e+18,2578042246624332.0,1.0000000000000002e+19,-2048.0,0.1862040942762251,0.8135381014991125,0.0002578042246624332,-2.048e-16,1705655.460777491,quality_linear,1.0,1e+19,logarithmic,131072,fixed_ref,0.8047071577351047,lp_vertex_box,lp_vertex_box,analytic_lp_charnes_cooper,box_only,True,False,14352791.931543907,0.41663254110330095,0.4871620101591301,False,False,N_above_support;D_below_support;Q_above_A_supported,upper_bound,0.0017056554607774912,181.94774048070593,1.823458624664306,0.0,0.0,0.0,0.11988006012024059,0.0,0.0,0.0,0.0,0.49689999999999995,0.0,0.0,0.0,0.0,0.0,0.0,0.0,0.3832199398797595
1.0,14352791.931543907,1255529360.3491163,5862592820302.001,-4096.0,-4.096e-16,False,False,False,True,35185,1.862122232169621e+18,8.135736173831219e+18,2141593999162370.8,1.0000000000000004e+19,-4096.0,0.1862122232169621,0.813573617383122,0.00021415939991623707,-4.096e-16,1705729.923007832,quality_linear,1.0,1e+19,logarithmic,131072,mixture,0.8047071577351047,lp_vertex_box,lp_vertex_box,analytic_lp_charnes_cooper,box_only,True,False,14352791.931543907,0.4871620101591301,0.4871620101591301,False,False,N_above_support;D_below_support;Q_above_A_supported,upper_bound,0.0017057299230078319,181.94774048070593,1.8234577289007774,0.0,0.0,0.0,0.11988006012024059,0.0,0.0,0.0,0.0,0.49689999999999995,0.0,0.0,0.0,0.0,0.0,0.0,0.0,0.3832199398797595
1.0,14352791.931543907,3912487936.8349757,54704925867624.71,2097152.0,2.097152e-16,False,False,False,True,35185,9.360289067831146e+21,6.38995733697273e+20,7.151984715786721e+17,9.999999999999998e+21,2097152.0,0.9360289067831146,0.0638995733697273,7.151984715786722e-05,2.097152e-16,182798895.00623867,quality_linear,1.0,1e+22,exponential,2048,fixed_ref,0.8047071577351047,lp_vertex_box,lp_vertex_box,analytic_lp_charnes_cooper,box_only,True,False,14352791.931543907,0.41663254110330095,0.4871620101591301,False,True,N_above_support;Q_above_A_supported,upper_bound,0.18279889500623867,8534.231992587349,1.7259243722212185,0.0,0.0,0.0,0.11988006012024059,0.0,0.0,0.0,0.0,0.49689999999999995,0.0,0.0,0.0,0.0,0.0,0.0,0.0,0.3832199398797595
1.0,14352791.931543907,3848323182.263386,54704861702870.14,2097152.0,2.097152e-16,False,False,False,True,35185,9.360300046757554e+21,6.389964831919824e+20,7.03470050461983e+17,9.999999999999998e+21,2097152.0,0.9360300046757554,0.06389964831919824,7.034700504619829e-05,2.097152e-16,182799109.41581523,quality_linear,1.0,1e+22,exponential,2048,mixture,0.8047071577351047,lp_vertex_box,lp_vertex_box,analytic_lp_charnes_cooper,box_only,True,False,14352791.931543907,0.4871620101591301,0.4871620101591301,False,True,N_above_support;Q_above_A_supported,upper_bound,0.18279910941581523,8534.231992587349,1.7259243657160968,0.0,0.0,0.0,0.11988006012024059,0.0,0.0,0.0,0.0,0.49689999999999995,0.0,0.0,0.0,0.0,0.0,0.0,0.0,0.3832199398797595
1.0,14352791.931543907,3912487936.8349757,56583020280976.164,0.0,0.0,False,False,False,True,35185,8.798077669181009e+21,1.2012308710988471e+21,6.914597201433586e+17,1e+22,0.0,0.8798077669181009,0.12012308710988472,6.914597201433586e-05,0.0,176731463.79148147,quality_linear,1.0,1e+22,exponential,4096,fixed_ref,0.8047071577351047,lp_vertex_box,lp_vertex_box,analytic_lp_charnes_cooper,box_only,True,False,14352791.931543907,0.41663254110330095,0.4871620101591301,False,True,N_above_support;Q_above_A_supported,upper_bound,0.17673146379148147,8297.030119814543,1.726269528407807,0.0,0.0,0.0,0.11988006012024059,0.0,0.0,0.0,0.0,0.49689999999999995,0.0,0.0,0.0,0.0,0.0,0.0,0.0,0.3832199398797595
1.0,14352791.931543907,3848323182.263386,56582956116221.59,0.0,0.0,False,False,False,True,35185,8.798087646151692e+21,1.2012322332879112e+21,6.801205603961229e+17,1e+22,0.0,0.8798087646151692,0.12012322332879112,6.80120560396123e-05,0.0,176731664.2039692,quality_linear,1.0,1e+22,exponential,4096,mixture,0.8047071577351047,lp_vertex_box,lp_vertex_box,analytic_lp_charnes_cooper,box_only,True,False,14352791.931543907,0.4871620101591301,0.4871620101591301,False,True,N_above_support;Q_above_A_supported,upper_bound,0.1767316642039692,8297.030119814543,1.7262695220589042,0.0,0.0,0.0,0.11988006012024059,0.0,0.0,0.0,0.0,0.49689999999999995,0.0,0.0,0.0,0.0,0.0,0.0,0.0,0.3832199398797595
1.0,14352791.931543907,3912487936.8349757,60220628072994.91,0.0,0.0,False,False,False,True,35185,7.854537841183959e+21,2.1448124664992998e+21,6.49692316741126e+17,1e+22,0.0,0.785453784118396,0.21448124664992999,6.49692316741126e-05,0.0,166056056.20517197,quality_linear,1.0,1e+22,exponential,8192,fixed_ref,0.8047071577351047,lp_vertex_box,lp_vertex_box,analytic_lp_charnes_cooper,box_only,True,False,14352791.931543907,0.41663254110330095,0.4871620101591301,False,True,N_above_support;Q_above_A_supported,upper_bound,0.16605605620517197,7883.420033653392,1.7269102174923092,0.0,0.0,0.0,0.11988006012024059,0.0,0.0,0.0,0.0,0.49689999999999995,0.0,0.0,0.0,0.0,0.0,0.0,0.0,0.3832199398797595
1.0,14352791.931543907,3848323182.263386,60220563908240.336,0.0,0.0,False,False,False,True,35185,7.854546210160603e+21,2.1448147517878554e+21,6.39038051541194e+17,1e+22,0.0,0.7854546210160603,0.21448147517878555,6.39038051541194e-05,0.0,166056233.1371932,quality_linear,1.0,1e+22,exponential,8192,mixture,0.8047071577351047,lp_vertex_box,lp_vertex_box,analytic_lp_charnes_cooper,box_only,True,False,14352791.931543907,0.4871620101591301,0.4871620101591301,False,True,N_above_support;Q_above_A_supported,upper_bound,0.1660562331371932,7883.420033653392,1.7269102114219728,0.0,0.0,0.0,0.11988006012024059,0.0,0.0,0.0,0.0,0.49689999999999995,0.0,0.0,0.0,0.0,0.0,0.0,0.0,0.3832199398797595
1.0,14352791.931543907,3912487936.8349757,79090278399244.67,-4194304.0,-4.194304e-16,False,False,False,True,35185,4.779269044898241e+21,5.220236268774185e+21,4.946863275768088e+17,1.0000000000000004e+22,-4194304.0,0.47792690448982406,0.5220236268774185,4.946863275768088e-05,-4.194304e-16,126437789.857312,quality_linear,1.0,1e+22,exponential,32768,fixed_ref,0.8047071577351047,lp_vertex_box,lp_vertex_box,analytic_lp_charnes_cooper,box_only,True,False,14352791.931543907,0.41663254110330095,0.4871620101591301,False,False,N_above_support;D_below_support;Q_above_A_supported,upper_bound,0.126437789857312,6299.8953217649005,1.7298512546737417,0.0,0.0,0.0,0.11988006012024059,0.0,0.0,0.0,0.0,0.49689999999999995,0.0,0.0,0.0,0.0,0.0,0.0,0.0,0.3832199398797595
1.0,14352791.931543907,3848323182.263386,79090214234490.11,-2097152.0,-2.097152e-16,False,False,False,True,35185,4.779272922250555e+21,5.220240503876874e+21,4.865738725721123e+17,1.0000000000000002e+22,-2097152.0,0.47792729222505553,0.5220240503876874,4.8657387257211235e-05,-2.097152e-16,126437892.43447444,quality_linear,1.0,1e+22,exponential,32768,mixture,0.8047071577351047,lp_vertex_box,lp_vertex_box,analytic_lp_charnes_cooper,box_only,True,False,14352791.931543907,0.4871620101591301,0.4871620101591301,False,False,N_above_support;D_below_support;Q_above_A_supported,upper_bound,0.12643789243447442,6299.8953217649005,1.7298512496852843,0.0,0.0,0.0,0.11988006012024059,0.0,0.0,0.0,0.0,0.49689999999999995,0.0,0.0,0.0,0.0,0.0,0.0,0.0,0.3832199398797595
1.0,14352791.931543907,3912487936.8349757,132575374859466.31,-2097152.0,-2.097152e-16,False,False,False,True,35185,1.8624661429247043e+21,8.137238742847562e+21,2.951142277351526e+17,1.0000000000000002e+22,-2097152.0,0.18624661429247044,0.8137238742847562,2.9511422773515258e-05,-2.097152e-16,75428789.17446235,quality_linear,1.0,1e+22,exponential,131072,fixed_ref,0.8047071577351047,lp_vertex_box,lp_vertex_box,analytic_lp_charnes_cooper,box_only,True,False,14352791.931543907,0.41663254110330095,0.4871620101591301,False,False,N_above_support;D_below_support;Q_above_A_supported,upper_bound,0.07542878917446234,4115.285784355117,1.7360856056707004,0.0,0.0,0.0,0.11988006012024059,0.0,0.0,0.0,0.0,0.49689999999999995,0.0,0.0,0.0,0.0,0.0,0.0,0.0,0.3832199398797595
1.0,14352791.931543907,3848323182.263386,132575310694711.75,0.0,0.0,False,False,False,True,35185,1.8624670443344938e+21,8.137242681167027e+21,2.902744984792172e+17,1e+22,0.0,0.18624670443344937,0.8137242681167026,2.9027449847921722e-05,0.0,75428825.68103147,quality_linear,1.0,1e+22,exponential,131072,mixture,0.8047071577351047,lp_vertex_box,lp_vertex_box,analytic_lp_charnes_cooper,box_only,True,False,14352791.931543907,0.4871620101591301,0.4871620101591301,False,False,N_above_support;D_below_support;Q_above_A_supported,upper_bound,0.07542882568103147,4115.285784355117,1.7360856022318425,0.0,0.0,0.0,0.11988006012024059,0.0,0.0,0.0,0.0,0.49689999999999995,0.0,0.0,0.0,0.0,0.0,0.0,0.0,0.3832199398797595
1.0,14352791.931543907,4849345275.903549,54705862724963.78,2097152.0,2.097152e-16,False,False,False,True,35185,9.360128769554651e+21,6.389847906682642e+20,8.86439777082733e+17,9.999999999999998e+21,2097152.0,0.9360128769554651,0.06389847906682643,8.864397770827331e-05,2.097152e-16,182795764.5102035,quality_linear,1.0,1e+22,power,2048,fixed_ref,0.8047071577351047,lp_vertex_box,lp_vertex_box,analytic_lp_charnes_cooper,box_only,True,False,14352791.931543907,0.41663254110330095,0.4871620101591301,False,True,N_above_support;Q_above_A_supported,upper_bound,0.18279576451020352,8534.231992587349,1.725924467200637,0.0,0.0,0.0,0.11988006012024059,0.0,0.0,0.0,0.0,0.49689999999999995,0.0,0.0,0.0,0.0,0.0,0.0,0.0,0.3832199398797595
1.0,14352791.931543907,4718379892.712687,54705731759580.586,0.0,0.0,False,False,False,True,35185,9.360151177679205e+21,6.389863203962337e+20,8.625019245604659e+17,1e+22,0.0,0.9360151177679206,0.06389863203962337,8.625019245604659e-05,0.0,182796202.1228005,quality_linear,1.0,1e+22,power,2048,mixture,0.8047071577351047,lp_vertex_box,lp_vertex_box,analytic_lp_charnes_cooper,box_only,True,False,14352791.931543907,0.4871620101591301,0.4871620101591301,False,True,N_above_support;Q_above_A_supported,upper_bound,0.1827962021228005,8534.231992587349,1.725924453923322,0.0,0.0,0.0,0.11988006012024059,0.0,0.0,0.0,0.0,0.49689999999999995,0.0,0.0,0.0,0.0,0.0,0.0,0.0,0.3832199398797595
1.0,14352791.931543907,4849345275.903549,56583957138315.234,2097152.0,2.097152e-16,False,False,False,True,35185,8.797931999912705e+21,1.2012109823880814e+21,8.570176992128155e+17,9.999999999999998e+21,2097152.0,0.8797931999912705,0.12012109823880814,8.570176992128155e-05,2.097152e-16,176728537.65875283,quality_linear,1.0,1e+22,power,4096,fixed_ref,0.8047071577351047,lp_vertex_box,lp_vertex_box,analytic_lp_charnes_cooper,box_only,True,False,14352791.931543907,0.41663254110330095,0.4871620101591301,False,True,N_above_support;Q_above_A_supported,upper_bound,0.17672853765875282,8297.030119814543,1.726269621106333,0.0,0.0,0.0,0.11988006012024059,0.0,0.0,0.0,0.0,0.49689999999999995,0.0,0.0,0.0,0.0,0.0,0.0,0.0,0.3832199398797595
1.0,14352791.931543907,4718379892.712687,56583826172932.04,0.0,0.0,False,False,False,True,35185,8.797952363055561e+21,1.2012137626358527e+21,8.338743085864022e+17,1e+22,0.0,0.8797952363055561,0.12012137626358527,8.338743085864022e-05,0.0,176728946.7035669,quality_linear,1.0,1e+22,power,4096,mixture,0.8047071577351047,lp_vertex_box,lp_vertex_box,analytic_lp_charnes_cooper,box_only,True,False,14352791.931543907,0.4871620101591301,0.4871620101591301,False,True,N_above_support;Q_above_A_supported,upper_bound,0.1767289467035669,8297.030119814543,1.7262696081478652,0.0,0.0,0.0,0.11988006012024059,0.0,0.0,0.0,0.0,0.49689999999999995,0.0,0.0,0.0,0.0,0.0,0.0,0.0,0.3832199398797595
1.0,14352791.931543907,4849345275.903549,60221564930333.98,0.0,0.0,False,False,False,True,35185,7.854415649383895e+21,2.1447790999917625e+21,8.052506243425275e+17,1e+22,0.0,0.7854415649383895,0.21447790999917626,8.052506243425275e-05,0.0,166053472.89742944,quality_linear,1.0,1e+22,power,8192,fixed_ref,0.8047071577351047,lp_vertex_box,lp_vertex_box,analytic_lp_charnes_cooper,box_only,True,False,14352791.931543907,0.41663254110330095,0.4871620101591301,False,True,N_above_support;Q_above_A_supported,upper_bound,0.16605347289742944,7883.420033653392,1.7269103061236046,0.0,0.0,0.0,0.11988006012024059,0.0,0.0,0.0,0.0,0.49689999999999995,0.0,0.0,0.0,0.0,0.0,0.0,0.0,0.3832199398797595
1.0,14352791.931543907,4718379892.712687,60221433964950.78,-2097152.0,-2.097152e-16,False,False,False,True,35185,7.854432730620386e+21,2.144783764308073e+21,7.835050715429345e+17,1.0000000000000002e+22,-2097152.0,0.7854432730620385,0.2144783764308073,7.835050715429345e-05,-2.097152e-16,166053834.01896504,quality_linear,1.0,1e+22,power,8192,mixture,0.8047071577351047,lp_vertex_box,lp_vertex_box,analytic_lp_charnes_cooper,box_only,True,False,14352791.931543907,0.4871620101591301,0.4871620101591301,False,True,N_above_support;Q_above_A_supported,upper_bound,0.16605383401896504,7883.420033653392,1.7269102937336973,0.0,0.0,0.0,0.11988006012024059,0.0,0.0,0.0,0.0,0.49689999999999995,0.0,0.0,0.0,0.0,0.0,0.0,0.0,0.3832199398797595
1.0,14352791.931543907,4849345275.903549,79091215256583.75,-2097152.0,-2.097152e-16,False,False,False,True,35185,4.779212433133386e+21,5.220174433630494e+21,6.131332361212996e+17,1.0000000000000002e+22,-2097152.0,0.47792124331333863,0.5220174433630494,6.131332361212996e-05,-2.097152e-16,126436292.1666901,quality_linear,1.0,1e+22,power,32768,fixed_ref,0.8047071577351047,lp_vertex_box,lp_vertex_box,analytic_lp_charnes_cooper,box_only,True,False,14352791.931543907,0.41663254110330095,0.4871620101591301,False,False,N_above_support;D_below_support;Q_above_A_supported,upper_bound,0.12643629216669008,6299.8953217649005,1.729851327508925,0.0,0.0,0.0,0.11988006012024059,0.0,0.0,0.0,0.0,0.49689999999999995,0.0,0.0,0.0,0.0,0.0,0.0,0.0,0.3832199398797595
1.0,14352791.931543907,4718379892.712687,79091084291200.56,0.0,0.0,False,False,False,True,35185,4.779220346937999e+21,5.220183077615478e+21,5.965754465244623e+17,1e+22,0.0,0.4779220346937999,0.5220183077615478,5.965754465244623e-05,0.0,126436501.53007916,quality_linear,1.0,1e+22,power,32768,mixture,0.8047071577351047,lp_vertex_box,lp_vertex_box,analytic_lp_charnes_cooper,box_only,True,False,14352791.931543907,0.4871620101591301,0.4871620101591301,False,False,N_above_support;D_below_support;Q_above_A_supported,upper_bound,0.12643650153007915,6299.8953217649005,1.7298513173271692,0.0,0.0,0.0,0.11988006012024059,0.0,0.0,0.0,0.0,0.49689999999999995,0.0,0.0,0.0,0.0,0.0,0.0,0.0,0.3832199398797595
1.0,14352791.931543907,4849345275.903549,132625161846461.14,0.0,0.0,False,False,False,True,35185,1.8624530068050456e+21,8.137181350265032e+21,3.6564292992287456e+17,1e+22,0.0,0.18624530068050457,0.8137181350265033,3.656429299228746e-05,0.0,75400473.49067067,quality_linear,1.0,1e+22,power,131072,fixed_ref,0.8047071577351047,lp_vertex_box,lp_vertex_box,analytic_lp_charnes_cooper,box_only,True,False,14352791.931543907,0.41663254110330095,0.4871620101591301,False,False,N_above_support;D_below_support;Q_above_A_supported,upper_bound,0.07540047349067067,4116.8021909824565,1.7360856558704434,0.0,0.0,0.0,0.11988006012024059,0.0,0.0,0.0,0.0,0.49689999999999995,0.0,0.0,0.0,0.0,0.0,0.0,0.0,0.3832199398797595
1.0,14352791.931543907,4718379892.712687,132625030881077.95,0.0,0.0,False,False,False,True,35185,1.8624548459516236e+21,8.137189385619041e+21,3.557684293354516e+17,1e+22,0.0,0.18624548459516235,0.813718938561904,3.557684293354516e-05,0.0,75400547.9475951,quality_linear,1.0,1e+22,power,131072,mixture,0.8047071577351047,lp_vertex_box,lp_vertex_box,analytic_lp_charnes_cooper,box_only,True,False,14352791.931543907,0.4871620101591301,0.4871620101591301,False,False,N_above_support;D_below_support;Q_above_A_supported,upper_bound,0.0754005479475951,4116.8021909824565,1.736085648853356,0.0,0.0,0.0,0.11988006012024059,0.0,0.0,0.0,0.0,0.49689999999999995,0.0,0.0,0.0,0.0,0.0,0.0,0.0,0.3832199398797595
1.0,14352791.931543907,1511467178.4002495,54688979499964.83,2097152.0,2.097152e-16,False,False,False,True,35185,9.360699848577639e+21,6.390237763295669e+20,2.763750927919987e+17,9.999999999999998e+21,2097152.0,0.9360699848577639,0.0639023776329567,2.763750927919987e-05,2.097152e-16,182852196.02619264,quality_linear,1.0,1e+22,logarithmic,2048,fixed_ref,0.8047071577351047,lp_vertex_box,lp_vertex_box,analytic_lp_charnes_cooper,box_only,True,False,14352791.931543907,0.41663254110330095,0.4871620101591301,False,True,N_above_support;Q_above_A_supported,upper_bound,0.18285219602619263,8532.118702069774,1.7259241287659837,0.0,0.0,0.0,0.11988006012024059,0.0,0.0,0.0,0.0,0.49689999999999995,0.0,0.0,0.0,0.0,0.0,0.0,0.0,0.3832199398797595
1.0,14352791.931543907,1255529360.3491163,54688723562146.78,0.0,0.0,False,False,False,True,35185,9.360743655727244e+21,6.390267668976464e+20,2.2957737510958122e+17,1e+22,0.0,0.9360743655727244,0.06390267668976464,2.295773751095812e-05,0.0,182853051.75638762,quality_linear,1.0,1e+22,logarithmic,2048,mixture,0.8047071577351047,lp_vertex_box,lp_vertex_box,analytic_lp_charnes_cooper,box_only,True,False,14352791.931543907,0.4871620101591301,0.4871620101591301,False,True,N_above_support;Q_above_A_supported,upper_bound,0.1828530517563876,8532.118702069774,1.7259241028131314,0.0,0.0,0.0,0.11988006012024059,0.0,0.0,0.0,0.0,0.49689999999999995,0.0,0.0,0.0,0.0,0.0,0.0,0.0,0.3832199398797595
1.0,14352791.931543907,1511467178.4002495,56580619260217.73,2097152.0,2.097152e-16,False,False,False,True,35185,8.798451019055829e+21,1.201281845801756e+21,2.6713514241491763e+17,9.999999999999998e+21,2097152.0,0.8798451019055828,0.12012818458017559,2.6713514241491762e-05,2.097152e-16,176738963.46042782,quality_linear,1.0,1e+22,logarithmic,4096,fixed_ref,0.8047071577351047,lp_vertex_box,lp_vertex_box,analytic_lp_charnes_cooper,box_only,True,False,14352791.931543907,0.41663254110330095,0.4871620101591301,False,True,N_above_support;Q_above_A_supported,upper_bound,0.17673896346042783,8297.030119814543,1.7262692908307453,0.0,0.0,0.0,0.11988006012024059,0.0,0.0,0.0,0.0,0.49689999999999995,0.0,0.0,0.0,0.0,0.0,0.0,0.0,0.3832199398797595
1.0,14352791.931543907,1255529360.3491163,56580363322399.68,2097152.0,2.097152e-16,False,False,False,True,35185,8.79849081831168e+21,1.201287279726821e+21,2.2190196149766733e+17,9.999999999999998e+21,2097152.0,0.8798490818311681,0.1201287279726821,2.2190196149766733e-05,2.097152e-16,176739762.92833534,quality_linear,1.0,1e+22,logarithmic,4096,mixture,0.8047071577351047,lp_vertex_box,lp_vertex_box,analytic_lp_charnes_cooper,box_only,True,False,14352791.931543907,0.4871620101591301,0.4871620101591301,False,True,N_above_support;Q_above_A_supported,upper_bound,0.17673976292833535,8297.030119814543,1.7262692655056902,0.0,0.0,0.0,0.11988006012024059,0.0,0.0,0.0,0.0,0.49689999999999995,0.0,0.0,0.0,0.0,0.0,0.0,0.0,0.3832199398797595
1.0,14352791.931543907,1511467178.4002495,60218227052236.47,-2097152.0,-2.097152e-16,False,False,False,True,35185,7.854851017265817e+21,2.1448979844480526e+21,2.5099828613172605e+17,1.0000000000000002e+22,-2097152.0,0.7854851017265817,0.21448979844480526,2.5099828613172605e-05,-2.097152e-16,166062677.19116792,quality_linear,1.0,1e+22,logarithmic,8192,fixed_ref,0.8047071577351047,lp_vertex_box,lp_vertex_box,analytic_lp_charnes_cooper,box_only,True,False,14352791.931543907,0.41663254110330095,0.4871620101591301,False,True,N_above_support;Q_above_A_supported,upper_bound,0.16606267719116793,7883.420033653392,1.7269099903394456,0.0,0.0,0.0,0.11988006012024059,0.0,0.0,0.0,0.0,0.49689999999999995,0.0,0.0,0.0,0.0,0.0,0.0,0.0,0.3832199398797595
1.0,14352791.931543907,1255529360.3491163,60217971114418.42,2097152.0,2.097152e-16,False,False,False,True,35185,7.854884401874983e+21,2.1449071006719955e+21,2.084974530217103e+17,9.999999999999998e+21,2097152.0,0.7854884401874983,0.21449071006719955,2.084974530217103e-05,2.097152e-16,166063382.98909622,quality_linear,1.0,1e+22,logarithmic,8192,mixture,0.8047071577351047,lp_vertex_box,lp_vertex_box,analytic_lp_charnes_cooper,box_only,True,False,14352791.931543907,0.4871620101591301,0.4871620101591301,False,True,N_above_support;Q_above_A_supported,upper_bound,0.16606338298909623,7883.420033653392,1.7269099661256058,0.0,0.0,0.0,0.11988006012024059,0.0,0.0,0.0,0.0,0.49689999999999995,0.0,0.0,0.0,0.0,0.0,0.0,0.0,0.3832199398797595
1.0,14352791.931543907,1511467178.4002495,79087877378486.25,-2097152.0,-2.097152e-16,False,False,False,True,35185,4.779414138237033e+21,5.220394749391704e+21,1.9111237126353878e+17,1.0000000000000002e+22,-2097152.0,0.4779414138237033,0.5220394749391704,1.911123712635388e-05,-2.097152e-16,126441628.36920735,quality_linear,1.0,1e+22,logarithmic,32768,fixed_ref,0.8047071577351047,lp_vertex_box,lp_vertex_box,analytic_lp_charnes_cooper,box_only,True,False,14352791.931543907,0.41663254110330095,0.4871620101591301,False,False,N_above_support;D_below_support;Q_above_A_supported,upper_bound,0.12644162836920736,6299.8953217649005,1.729851068005572,0.0,0.0,0.0,0.11988006012024059,0.0,0.0,0.0,0.0,0.49689999999999995,0.0,0.0,0.0,0.0,0.0,0.0,0.0,0.3832199398797595
1.0,14352791.931543907,1255529360.3491163,79087621440668.19,-2097152.0,-2.097152e-16,False,False,False,True,35185,4.779429605042127e+21,5.220411643267348e+21,1.5875169052732467e+17,1.0000000000000002e+22,-2097152.0,0.4779429605042127,0.5220411643267348,1.587516905273247e-05,-2.097152e-16,126442037.55074409,quality_linear,1.0,1e+22,logarithmic,32768,mixture,0.8047071577351047,lp_vertex_box,lp_vertex_box,analytic_lp_charnes_cooper,box_only,True,False,14352791.931543907,0.4871620101591301,0.4871620101591301,False,False,N_above_support;D_below_support;Q_above_A_supported,upper_bound,0.1264420375507441,6299.8953217649005,1.7298510481073595,0.0,0.0,0.0,0.11988006012024059,0.0,0.0,0.0,0.0,0.49689999999999995,0.0,0.0,0.0,0.0,0.0,0.0,0.0,0.3832199398797595
1.0,14352791.931543907,1511467178.4002495,132572973838707.89,0.0,0.0,False,False,False,True,35185,1.8624998739314213e+21,8.137386115864642e+21,1.1401020393788134e+17,1e+22,0.0,0.18624998739314214,0.8137386115864642,1.1401020393788134e-05,0.0,75430155.26050045,quality_linear,1.0,1e+22,logarithmic,131072,fixed_ref,0.8047071577351047,lp_vertex_box,lp_vertex_box,analytic_lp_charnes_cooper,box_only,True,False,14352791.931543907,0.41663254110330095,0.4871620101591301,False,False,N_above_support;D_below_support;Q_above_A_supported,upper_bound,0.07543015526050044,4115.285784355117,1.73608547698912,0.0,0.0,0.0,0.11988006012024059,0.0,0.0,0.0,0.0,0.49689999999999995,0.0,0.0,0.0,0.0,0.0,0.0,0.0,0.3832199398797595
1.0,14352791.931543907,1255529360.3491163,132572717900889.83,-2097152.0,-2.097152e-16,False,False,False,True,35185,1.8625034695743363e+21,8.137401825468248e+21,9.470495741723714e+16,1.0000000000000002e+22,-2097152.0,0.18625034695743362,0.8137401825468248,9.470495741723714e-06,-2.097152e-16,75430300.88193493,quality_linear,1.0,1e+22,logarithmic,131072,mixture,0.8047071577351047,lp_vertex_box,lp_vertex_box,analytic_lp_charnes_cooper,box_only,True,False,14352791.931543907,0.4871620101591301,0.4871620101591301,False,False,N_above_support;D_below_support;Q_above_A_supported,upper_bound,0.07543030088193492,4115.285784355117,1.7360854632721539,0.0,0.0,0.0,0.11988006012024059,0.0,0.0,0.0,0.0,0.49689999999999995,0.0,0.0,0.0,0.0,0.0,0.0,0.0,0.3832199398797595
1.0,14352791.931543907,3912487936.8349757,64099912487936.836,-134217728.0,-1.3421772800000001e-16,False,True,False,True,35185,9.360387194177776e+23,6.3900243245586945e+22,6.103733663554188e+19,1.0000000000000001e+24,-134217728.0,0.9360387194177776,0.06390024324558695,6.103733663554188e-05,-1.3421772800000001e-16,15600645323.629625,quality_linear,1.0,1e+24,exponential,2048,fixed_ref,0.8047071577351047,lp_vertex_box,lp_vertex_box,analytic_lp_charnes_cooper,box_only,True,False,14352791.931543907,0.41663254110330095,0.4871620101591301,False,True,N_above_support;Q_above_A_supported,upper_bound,15.600645323629625,10000.0,1.7109612267043082,0.0,0.0,0.0,0.11988006012024059,0.0,0.0,0.0,0.0,0.49689999999999995,0.0,0.0,0.0,0.0,0.0,0.0,0.0,0.3832199398797595
1.0,14352791.931543907,3848323182.263386,64099848323182.266,0.0,0.0,False,True,False,True,35185,9.360396564043113e+23,6.390030721053432e+22,6.003638515430942e+19,1e+24,0.0,0.9360396564043114,0.06390030721053433,6.0036385154309426e-05,0.0,15600660940.071856,quality_linear,1.0,1e+24,exponential,2048,mixture,0.8047071577351047,lp_vertex_box,lp_vertex_box,analytic_lp_charnes_cooper,box_only,True,False,14352791.931543907,0.4871620101591301,0.4871620101591301,False,True,N_above_support;Q_above_A_supported,upper_bound,15.600660940071856,10000.0,1.710961225104999,0.0,0.0,0.0,0.11988006012024059,0.0,0.0,0.0,0.0,0.49689999999999995,0.0,0.0,0.0,0.0,0.0,0.0,0.0,0.3832199398797595
1.0,14352791.931543907,3912487936.8349757,68195912487936.836,268435456.0,2.6843545600000003e-16,False,True,False,True,35185,8.79818127085159e+23,1.2012450161802706e+23,5.737129681382377e+19,9.999999999999997e+23,268435456.0,0.8798181270851589,0.12012450161802705,5.7371296813823774e-05,2.6843545600000003e-16,14663635451.419317,quality_linear,1.0,1e+24,exponential,4096,fixed_ref,0.8047071577351047,lp_vertex_box,lp_vertex_box,analytic_lp_charnes_cooper,box_only,True,False,14352791.931543907,0.41663254110330095,0.4871620101591301,False,True,N_above_support;Q_above_A_supported,upper_bound,14.663635451419317,10000.0,1.7110610531818404,0.0,0.0,0.0,0.11988006012024059,0.0,0.0,0.0,0.0,0.49689999999999995,0.0,0.0,0.0,0.0,0.0,0.0,0.0,0.3832199398797595
1.0,14352791.931543907,3848323182.263386,68195848323182.266,0.0,0.0,False,True,False,True,35185,8.798189548967572e+23,1.2012461464190394e+23,5.643046133873225e+19,1e+24,0.0,0.8798189548967572,0.12012461464190395,5.643046133873225e-05,0.0,14663649248.279287,quality_linear,1.0,1e+24,exponential,4096,mixture,0.8047071577351047,lp_vertex_box,lp_vertex_box,analytic_lp_charnes_cooper,box_only,True,False,14352791.931543907,0.4871620101591301,0.4871620101591301,False,True,N_above_support;Q_above_A_supported,upper_bound,14.663649248279288,10000.0,1.7110610516523015,0.0,0.0,0.0,0.11988006012024059,0.0,0.0,0.0,0.0,0.49689999999999995,0.0,0.0,0.0,0.0,0.0,0.0,0.0,0.3832199398797595
1.0,14352791.931543907,3912487936.8349757,76387912487936.83,-134217728.0,-1.3421772800000001e-16,False,True,False,True,35185,7.854645852441013e+23,2.144841960773226e+23,5.121867857631056e+19,1.0000000000000001e+24,-134217728.0,0.7854645852441012,0.21448419607732258,5.121867857631056e-05,-1.3421772800000001e-16,13091076420.73502,quality_linear,1.0,1e+24,exponential,8192,fixed_ref,0.8047071577351047,lp_vertex_box,lp_vertex_box,analytic_lp_charnes_cooper,box_only,True,False,14352791.931543907,0.41663254110330095,0.4871620101591301,False,True,N_above_support;Q_above_A_supported,upper_bound,13.09107642073502,10000.0,1.711248423284953,0.0,0.0,0.0,0.11988006012024059,0.0,0.0,0.0,0.0,0.49689999999999995,0.0,0.0,0.0,0.0,0.0,0.0,0.0,0.3832199398797595
1.0,14352791.931543907,3848323182.263386,76387848323182.27,0.0,0.0,False,True,False,True,35185,7.854652450236792e+23,2.1448437624113264e+23,5.037873518811358e+19,1e+24,0.0,0.7854652450236792,0.21448437624113265,5.037873518811358e-05,0.0,13091087417.06132,quality_linear,1.0,1e+24,exponential,8192,mixture,0.8047071577351047,lp_vertex_box,lp_vertex_box,analytic_lp_charnes_cooper,box_only,True,False,14352791.931543907,0.4871620101591301,0.4871620101591301,False,True,N_above_support;Q_above_A_supported,upper_bound,13.091087417061319,10000.0,1.7112484218753956,0.0,0.0,0.0,0.11988006012024059,0.0,0.0,0.0,0.0,0.49689999999999995,0.0,0.0,0.0,0.0,0.0,0.0,0.0,0.3832199398797595
1.0,14352791.931543907,3912487936.8349757,125539912487936.83,0.0,0.0,False,True,False,True,35185,4.7793565258192626e+23,5.220331821268186e+23,3.116529125516897e+19,1e+24,0.0,0.4779356525819263,0.5220331821268186,3.1165291255168973e-05,0.0,7965594209.6987705,quality_linear,1.0,1e+24,exponential,32768,fixed_ref,0.8047071577351047,lp_vertex_box,lp_vertex_box,analytic_lp_charnes_cooper,box_only,True,False,14352791.931543907,0.41663254110330095,0.4871620101591301,False,True,N_above_support;Q_above_A_supported,upper_bound,7.965594209698771,10000.0,1.712142828481787,0.0,0.0,0.0,0.11988006012024059,0.0,0.0,0.0,0.0,0.49689999999999995,0.0,0.0,0.0,0.0,0.0,0.0,0.0,0.3832199398797595
1.0,14352791.931543907,3848323182.263386,125539848323182.27,0.0,0.0,False,True,False,True,35185,4.779358968599324e+23,5.2203344894354215e+23,3.0654196525365342e+19,1e+24,0.0,0.47793589685993243,0.5220334489435422,3.0654196525365346e-05,0.0,7965598280.998874,quality_linear,1.0,1e+24,exponential,32768,mixture,0.8047071577351047,lp_vertex_box,lp_vertex_box,analytic_lp_charnes_cooper,box_only,True,False,14352791.931543907,0.4871620101591301,0.4871620101591301,False,True,N_above_support;Q_above_A_supported,upper_bound,7.965598280998874,10000.0,1.7121428274961632,0.0,0.0,0.0,0.11988006012024059,0.0,0.0,0.0,0.0,0.49689999999999995,0.0,0.0,0.0,0.0,0.0,0.0,0.0,0.3832199398797595
1.0,14352791.931543907,3912487936.8349757,322147912487936.8,-134217728.0,-1.3421772800000001e-16,False,True,False,True,35185,1.8624984882447984e+23,8.137380061707408e+23,1.2145004779385254e+19,1.0000000000000001e+24,-134217728.0,0.18624984882447984,0.8137380061707409,1.2145004779385255e-05,-1.3421772800000001e-16,3104164147.074664,quality_linear,1.0,1e+24,exponential,131072,fixed_ref,0.8047071577351047,lp_vertex_box,lp_vertex_box,analytic_lp_charnes_cooper,box_only,True,False,14352791.931543907,0.41663254110330095,0.4871620101591301,False,True,N_above_support;Q_above_A_supported,upper_bound,3.104164147074664,10000.0,1.7142223202869222,0.0,0.0,0.0,0.11988006012024059,0.0,0.0,0.0,0.0,0.49689999999999995,0.0,0.0,0.0,0.0,0.0,0.0,0.0,0.3832199398797595
1.0,14352791.931543907,3848323182.263386,322147848323182.25,-134217728.0,-1.3421772800000001e-16,False,True,False,True,35185,1.8624988592134674e+23,8.137381682494253e+23,1.1945829228083827e+19,1.0000000000000001e+24,-134217728.0,0.18624988592134675,0.8137381682494254,1.1945829228083827e-05,-1.3421772800000001e-16,3104164765.3557787,quality_linear,1.0,1e+24,exponential,131072,mixture,0.8047071577351047,lp_vertex_box,lp_vertex_box,analytic_lp_charnes_cooper,box_only,True,False,14352791.931543907,0.4871620101591301,0.4871620101591301,False,True,N_above_support;Q_above_A_supported,upper_bound,3.1041647653557787,10000.0,1.7142223197869058,0.0,0.0,0.0,0.11988006012024059,0.0,0.0,0.0,0.0,0.49689999999999995,0.0,0.0,0.0,0.0,0.0,0.0,0.0,0.3832199398797595
1.0,14352791.931543907,4849345275.903549,64100849345275.91,0.0,0.0,False,True,False,True,35185,9.360250388698145e+23,6.389930932017933e+22,7.565181000617951e+19,1e+24,0.0,0.9360250388698145,0.06389930932017933,7.565181000617952e-05,0.0,15600417314.496906,quality_linear,1.0,1e+24,power,2048,fixed_ref,0.8047071577351047,lp_vertex_box,lp_vertex_box,analytic_lp_charnes_cooper,box_only,True,False,14352791.931543907,0.41663254110330095,0.4871620101591301,False,True,N_above_support;Q_above_A_supported,upper_bound,15.600417314496907,10000.0,1.7109612500553861,0.0,0.0,0.0,0.11988006012024059,0.0,0.0,0.0,0.0,0.49689999999999995,0.0,0.0,0.0,0.0,0.0,0.0,0.0,0.3832199398797595
1.0,14352791.931543907,4718379892.712687,64100718379892.71,-134217728.0,-1.3421772800000001e-16,False,True,False,True,35185,9.360269512801743e+23,6.3899439874059895e+22,7.360884576595885e+19,1.0000000000000001e+24,-134217728.0,0.9360269512801743,0.0638994398740599,7.360884576595886e-05,-1.3421772800000001e-16,15600449188.002903,quality_linear,1.0,1e+24,power,2048,mixture,0.8047071577351047,lp_vertex_box,lp_vertex_box,analytic_lp_charnes_cooper,box_only,True,False,14352791.931543907,0.4871620101591301,0.4871620101591301,False,True,N_above_support;Q_above_A_supported,upper_bound,15.600449188002903,10000.0,1.7109612467911015,0.0,0.0,0.0,0.11988006012024059,0.0,0.0,0.0,0.0,0.49689999999999995,0.0,0.0,0.0,0.0,0.0,0.0,0.0,0.3832199398797595
1.0,14352791.931543907,4849345275.903549,68196849345275.91,134217728.0,1.3421772800000001e-16,False,True,False,True,35185,8.798060405433713e+23,1.201228514021883e+23,7.110805444034007e+19,9.999999999999998e+23,134217728.0,0.8798060405433713,0.1201228514021883,7.110805444034008e-05,1.3421772800000001e-16,14663434009.056189,quality_linear,1.0,1e+24,power,4096,fixed_ref,0.8047071577351047,lp_vertex_box,lp_vertex_box,analytic_lp_charnes_cooper,box_only,True,False,14352791.931543907,0.41663254110330095,0.4871620101591301,False,True,N_above_support;Q_above_A_supported,upper_bound,14.66343400905619,10000.0,1.7110610755142268,0.0,0.0,0.0,0.11988006012024059,0.0,0.0,0.0,0.0,0.49689999999999995,0.0,0.0,0.0,0.0,0.0,0.0,0.0,0.3832199398797595
1.0,14352791.931543907,4718379892.712687,68196718379892.71,-134217728.0,-1.3421772800000001e-16,False,True,False,True,35185,8.798077301281194e+23,1.201230820868259e+23,6.918778505482846e+19,1.0000000000000001e+24,-134217728.0,0.8798077301281194,0.12012308208682591,6.918778505482846e-05,-1.3421772800000001e-16,14663462168.801989,quality_linear,1.0,1e+24,power,4096,mixture,0.8047071577351047,lp_vertex_box,lp_vertex_box,analytic_lp_charnes_cooper,box_only,True,False,14352791.931543907,0.4871620101591301,0.4871620101591301,False,True,N_above_support;Q_above_A_supported,upper_bound,14.663462168801988,10000.0,1.7110610723923458,0.0,0.0,0.0,0.11988006012024059,0.0,0.0,0.0,0.0,0.49689999999999995,0.0,0.0,0.0,0.0,0.0,0.0,0.0,0.3832199398797595
1.0,14352791.931543907,4849345275.903549,76388849345275.9,0.0,0.0,False,True,False,True,35185,7.854549520546033e+23,2.1448156557437704e+23,6.348237101968399e+19,1e+24,0.0,0.7854549520546033,0.21448156557437703,6.348237101968398e-05,0.0,13090915867.576721,quality_linear,1.0,1e+24,power,8192,fixed_ref,0.8047071577351047,lp_vertex_box,lp_vertex_box,analytic_lp_charnes_cooper,box_only,True,False,14352791.931543907,0.41663254110330095,0.4871620101591301,False,True,N_above_support;Q_above_A_supported,upper_bound,13.09091586757672,10000.0,1.7112484438655338,0.0,0.0,0.0,0.11988006012024059,0.0,0.0,0.0,0.0,0.49689999999999995,0.0,0.0,0.0,0.0,0.0,0.0,0.0,0.3832199398797595
1.0,14352791.931543907,4718379892.712687,76388718379892.72,0.0,0.0,False,True,False,True,35185,7.854562986855059e+23,2.144819332943888e+23,6.1768020105370345e+19,1e+24,0.0,0.7854562986855059,0.2144819332943888,6.176802010537034e-05,0.0,13090938311.425097,quality_linear,1.0,1e+24,power,8192,mixture,0.8047071577351047,lp_vertex_box,lp_vertex_box,analytic_lp_charnes_cooper,box_only,True,False,14352791.931543907,0.4871620101591301,0.4871620101591301,False,True,N_above_support;Q_above_A_supported,upper_bound,13.090938311425097,10000.0,1.7112484409885393,0.0,0.0,0.0,0.11988006012024059,0.0,0.0,0.0,0.0,0.49689999999999995,0.0,0.0,0.0,0.0,0.0,0.0,0.0,0.3832199398797595
1.0,14352791.931543907,4849345275.903549,125540849345275.9,0.0,0.0,False,True,False,True,35185,4.779320859538043e+23,5.220292864178087e+23,3.8627628387046834e+19,1e+24,0.0,0.4779320859538043,0.5220292864178087,3.862762838704683e-05,0.0,7965534765.896738,quality_linear,1.0,1e+24,power,32768,fixed_ref,0.8047071577351047,lp_vertex_box,lp_vertex_box,analytic_lp_charnes_cooper,box_only,True,False,14352791.931543907,0.41663254110330095,0.4871620101591301,False,True,N_above_support;Q_above_A_supported,upper_bound,7.965534765896738,10000.0,1.7121428428726526,0.0,0.0,0.0,0.11988006012024059,0.0,0.0,0.0,0.0,0.49689999999999995,0.0,0.0,0.0,0.0,0.0,0.0,0.0,0.3832199398797595
1.0,14352791.931543907,4718379892.712687,125540718379892.72,0.0,0.0,False,True,False,True,35185,4.779325845375274e+23,5.2202983100419e+23,3.7584458282567926e+19,1e+24,0.0,0.4779325845375274,0.52202983100419,3.7584458282567925e-05,0.0,7965543075.625457,quality_linear,1.0,1e+24,power,32768,mixture,0.8047071577351047,lp_vertex_box,lp_vertex_box,analytic_lp_charnes_cooper,box_only,True,False,14352791.931543907,0.4871620101591301,0.4871620101591301,False,True,N_above_support;Q_above_A_supported,upper_bound,7.965543075625456,10000.0,1.7121428408609258,0.0,0.0,0.0,0.11988006012024059,0.0,0.0,0.0,0.0,0.49689999999999995,0.0,0.0,0.0,0.0,0.0,0.0,0.0,0.3832199398797595
1.0,14352791.931543907,4849345275.903549,322148849345275.9,-134217728.0,-1.3421772800000001e-16,False,True,False,True,35185,1.8624930718188786e+23,8.13735639698147e+23,1.5053119965379949e+19,1.0000000000000001e+24,-134217728.0,0.18624930718188787,0.813735639698147,1.5053119965379949e-05,-1.3421772800000001e-16,3104155119.698131,quality_linear,1.0,1e+24,power,131072,fixed_ref,0.8047071577351047,lp_vertex_box,lp_vertex_box,analytic_lp_charnes_cooper,box_only,True,False,14352791.931543907,0.41663254110330095,0.4871620101591301,False,True,N_above_support;Q_above_A_supported,upper_bound,3.104155119698131,10000.0,1.7142223275875605,0.0,0.0,0.0,0.11988006012024059,0.0,0.0,0.0,0.0,0.49689999999999995,0.0,0.0,0.0,0.0,0.0,0.0,0.0,0.3832199398797595
1.0,14352791.931543907,4718379892.712687,322148718379892.7,0.0,0.0,False,True,False,True,35185,1.8624938289912804e+23,8.13735970511817e+23,1.4646589055023196e+19,1e+24,0.0,0.18624938289912804,0.813735970511817,1.4646589055023197e-05,0.0,3104156381.652134,quality_linear,1.0,1e+24,power,131072,mixture,0.8047071577351047,lp_vertex_box,lp_vertex_box,analytic_lp_charnes_cooper,box_only,True,False,14352791.931543907,0.4871620101591301,0.4871620101591301,False,True,N_above_support;Q_above_A_supported,upper_bound,3.104156381652134,10000.0,1.714222326566989,0.0,0.0,0.0,0.11988006012024059,0.0,0.0,0.0,0.0,0.49689999999999995,0.0,0.0,0.0,0.0,0.0,0.0,0.0,0.3832199398797595
1.0,14352791.931543907,1511467178.4002495,64097511467178.4,-134217728.0,-1.3421772800000001e-16,False,True,False,True,35185,9.360737823764569e+23,6.390263687689945e+22,2.358074664371654e+19,1.0000000000000001e+24,-134217728.0,0.9360737823764569,0.06390263687689945,2.3580746643716537e-05,-1.3421772800000001e-16,15601229706.27428,quality_linear,1.0,1e+24,logarithmic,2048,fixed_ref,0.8047071577351047,lp_vertex_box,lp_vertex_box,analytic_lp_charnes_cooper,box_only,True,False,14352791.931543907,0.41663254110330095,0.4871620101591301,False,True,N_above_support;Q_above_A_supported,upper_bound,15.60122970627428,10000.0,1.7109611668579778,0.0,0.0,0.0,0.11988006012024059,0.0,0.0,0.0,0.0,0.49689999999999995,0.0,0.0,0.0,0.0,0.0,0.0,0.0,0.3832199398797595
1.0,14352791.931543907,1255529360.3491163,64097255529360.35,0.0,0.0,False,True,False,True,35185,9.3607752008222e+23,6.3902892037612885e+22,1.9587880167100277e+19,1e+24,0.0,0.93607752008222,0.06390289203761289,1.9587880167100276e-05,0.0,15601292001.370333,quality_linear,1.0,1e+24,logarithmic,2048,mixture,0.8047071577351047,lp_vertex_box,lp_vertex_box,analytic_lp_charnes_cooper,box_only,True,False,14352791.931543907,0.4871620101591301,0.4871620101591301,False,True,N_above_support;Q_above_A_supported,upper_bound,15.601292001370332,10000.0,1.710961160478538,0.0,0.0,0.0,0.11988006012024059,0.0,0.0,0.0,0.0,0.49689999999999995,0.0,0.0,0.0,0.0,0.0,0.0,0.0,0.3832199398797595
1.0,14352791.931543907,1511467178.4002495,68193511467178.4,0.0,0.0,False,True,False,True,35185,8.798491045424175e+23,1.2012873107352476e+23,2.216438405767857e+19,1e+24,0.0,0.8798491045424176,0.12012873107352476,2.216438405767857e-05,0.0,14664151742.373627,quality_linear,1.0,1e+24,logarithmic,4096,fixed_ref,0.8047071577351047,lp_vertex_box,lp_vertex_box,analytic_lp_charnes_cooper,box_only,True,False,14352791.931543907,0.41663254110330095,0.4871620101591301,False,True,N_above_support;Q_above_A_supported,upper_bound,14.664151742373626,10000.0,1.7110609959463718,0.0,0.0,0.0,0.11988006012024059,0.0,0.0,0.0,0.0,0.49689999999999995,0.0,0.0,0.0,0.0,0.0,0.0,0.0,0.3832199398797595
1.0,14352791.931543907,1255529360.3491163,68193255529360.35,0.0,0.0,False,True,False,True,35185,8.79852406726164e+23,1.2012918193167894e+23,1.8411342156975522e+19,1e+24,0.0,0.879852406726164,0.12012918193167894,1.8411342156975523e-05,0.0,14664206778.769402,quality_linear,1.0,1e+24,logarithmic,4096,mixture,0.8047071577351047,lp_vertex_box,lp_vertex_box,analytic_lp_charnes_cooper,box_only,True,False,14352791.931543907,0.4871620101591301,0.4871620101591301,False,True,N_above_support;Q_above_A_supported,upper_bound,14.664206778769401,10000.0,1.7110609898452476,0.0,0.0,0.0,0.11988006012024059,0.0,0.0,0.0,0.0,0.49689999999999995,0.0,0.0,0.0,0.0,0.0,0.0,0.0,0.3832199398797595
1.0,14352791.931543907,1511467178.4002495,76385511467178.4,134217728.0,1.3421772800000001e-16,False,True,False,True,35185,7.854892747007527e+23,2.1449093794495224e+23,1.9787354294926754e+19,9.999999999999998e+23,134217728.0,0.7854892747007527,0.21449093794495225,1.9787354294926756e-05,1.3421772800000001e-16,13091487911.679213,quality_linear,1.0,1e+24,logarithmic,8192,fixed_ref,0.8047071577351047,lp_vertex_box,lp_vertex_box,analytic_lp_charnes_cooper,box_only,True,False,14352791.931543907,0.41663254110330095,0.4871620101591301,False,True,N_above_support;Q_above_A_supported,upper_bound,13.091487911679213,10000.0,1.711248370539271,0.0,0.0,0.0,0.11988006012024059,0.0,0.0,0.0,0.0,0.49689999999999995,0.0,0.0,0.0,0.0,0.0,0.0,0.0,0.3832199398797595
1.0,14352791.931543907,1255529360.3491163,76385255529360.34,0.0,0.0,False,True,False,True,35185,7.854919065753164e+23,2.1449165662216646e+23,1.6436802517031918e+19,1e+24,0.0,0.7854919065753164,0.21449165662216646,1.6436802517031917e-05,0.0,13091531776.255276,quality_linear,1.0,1e+24,logarithmic,8192,mixture,0.8047071577351047,lp_vertex_box,lp_vertex_box,analytic_lp_charnes_cooper,box_only,True,False,14352791.931543907,0.4871620101591301,0.4871620101591301,False,True,N_above_support;Q_above_A_supported,upper_bound,13.091531776255275,10000.0,1.7112483649167523,0.0,0.0,0.0,0.11988006012024059,0.0,0.0,0.0,0.0,0.49689999999999995,0.0,0.0,0.0,0.0,0.0,0.0,0.0,0.3832199398797595
1.0,14352791.931543907,1511467178.4002495,125537511467178.4,0.0,0.0,False,True,False,True,35185,4.7794479354234223e+23,5.2204316649318236e+23,1.203996447544223e+19,1e+24,0.0,0.47794479354234226,0.5220431664931824,1.2039964475442229e-05,0.0,7965746559.039037,quality_linear,1.0,1e+24,logarithmic,32768,fixed_ref,0.8047071577351047,lp_vertex_box,lp_vertex_box,analytic_lp_charnes_cooper,box_only,True,False,14352791.931543907,0.41663254110330095,0.4871620101591301,False,True,N_above_support;Q_above_A_supported,upper_bound,7.965746559039037,10000.0,1.7121427915998668,0.0,0.0,0.0,0.11988006012024059,0.0,0.0,0.0,0.0,0.49689999999999995,0.0,0.0,0.0,0.0,0.0,0.0,0.0,0.3832199398797595
1.0,14352791.931543907,1255529360.3491163,125537255529360.34,0.0,0.0,False,True,False,True,35185,4.7794576794748665e+23,5.2204423080344145e+23,1.0001249071877919e+19,1e+24,0.0,0.47794576794748667,0.5220442308034414,1.0001249071877919e-05,0.0,7965762799.124778,quality_linear,1.0,1e+24,logarithmic,32768,mixture,0.8047071577351047,lp_vertex_box,lp_vertex_box,analytic_lp_charnes_cooper,box_only,True,False,14352791.931543907,0.4871620101591301,0.4871620101591301,False,True,N_above_support;Q_above_A_supported,upper_bound,7.965762799124778,10000.0,1.712142787668393,0.0,0.0,0.0,0.11988006012024059,0.0,0.0,0.0,0.0,0.49689999999999995,0.0,0.0,0.0,0.0,0.0,0.0,0.0,0.3832199398797595
1.0,14352791.931543907,1511467178.4002495,322145511467178.4,-134217728.0,-1.3421772800000001e-16,False,True,False,True,35185,1.8625123698522513e+23,8.13744071137581e+23,4.691877193993574e+18,1.0000000000000001e+24,-134217728.0,0.18625123698522514,0.813744071137581,4.691877193993574e-06,-1.3421772800000001e-16,3104187283.0870857,quality_linear,1.0,1e+24,logarithmic,131072,fixed_ref,0.8047071577351047,lp_vertex_box,lp_vertex_box,analytic_lp_charnes_cooper,box_only,True,False,14352791.931543907,0.41663254110330095,0.4871620101591301,False,True,N_above_support;Q_above_A_supported,upper_bound,3.104187283087086,10000.0,1.7142223015764435,0.0,0.0,0.0,0.11988006012024059,0.0,0.0,0.0,0.0,0.49689999999999995,0.0,0.0,0.0,0.0,0.0,0.0,0.0,0.3832199398797595
1.0,14352791.931543907,1255529360.3491163,322145255529360.4,134217728.0,1.3421772800000001e-16,False,True,False,True,35185,1.8625138495802428e+23,8.137447176406053e+23,3.8974013703414205e+18,9.999999999999998e+23,134217728.0,0.1862513849580243,0.8137447176406053,3.897401370341421e-06,1.3421772800000001e-16,3104189749.3004045,quality_linear,1.0,1e+24,logarithmic,131072,mixture,0.8047071577351047,lp_vertex_box,lp_vertex_box,analytic_lp_charnes_cooper,box_only,True,False,14352791.931543907,0.4871620101591301,0.4871620101591301,False,True,N_above_support;Q_above_A_supported,upper_bound,3.1041897493004047,10000.0,1.7142222995819862,0.0,0.0,0.0,0.11988006012024059,0.0,0.0,0.0,0.0,0.49689999999999995,0.0,0.0,0.0,0.0,0.0,0.0,0.0,0.3832199398797595
1.0,206002636230191.88,3912487936.8349757,64099912487936.836,-2048.0,-2.048e-16,False,True,False,True,35185,9.360387194177776e+18,6.390024324558694e+17,610373366355418.9,1.0000000000000002e+19,-2048.0,0.9360387194177776,0.06390024324558695,6.103733663554189e-05,-2.048e-16,156006.45323629625,quality_linear,2.0,1e+19,exponential,2048,fixed_ref,0.8047071577351047,lp_vertex_box,lp_vertex_box,analytic_lp_charnes_cooper,box_only,True,False,206002636230191.88,0.41663254110330095,0.4871620101591301,False,False,N_above_support;D_below_support;Q_above_A_supported,upper_bound,0.00015600645323629624,10000.0,1.7066745184324403,0.0,0.0,0.0,0.11988006012024059,0.0,0.0,0.0,0.0,0.49689999999999995,0.0,0.0,0.0,0.0,0.0,0.0,0.0,0.3832199398797595
1.0,206002636230191.88,3848323182.263386,64099848323182.266,2048.0,2.048e-16,False,True,False,True,35185,9.360396564043112e+18,6.390030721053432e+17,600363851543094.2,9.999999999999998e+18,2048.0,0.9360396564043112,0.06390030721053433,6.0036385154309426e-05,2.048e-16,156006.60940071856,quality_linear,2.0,1e+19,exponential,2048,mixture,0.8047071577351047,lp_vertex_box,lp_vertex_box,analytic_lp_charnes_cooper,box_only,True,False,206002636230191.88,0.4871620101591301,0.4871620101591301,False,False,N_above_support;D_below_support;Q_above_A_supported,upper_bound,0.00015600660940071856,10000.0,1.706674518034101,0.0,0.0,0.0,0.11988006012024059,0.0,0.0,0.0,0.0,0.49689999999999995,0.0,0.0,0.0,0.0,0.0,0.0,0.0,0.3832199398797595
1.0,206002636230191.88,3912487936.8349757,68195912487936.836,-2048.0,-2.048e-16,False,True,False,True,35185,8.798181270851592e+18,1.2012450161802708e+18,573712968138237.9,1.0000000000000002e+19,-2048.0,0.8798181270851593,0.12012450161802708,5.737129681382379e-05,-2.048e-16,146636.3545141932,quality_linear,2.0,1e+19,exponential,4096,fixed_ref,0.8047071577351047,lp_vertex_box,lp_vertex_box,analytic_lp_charnes_cooper,box_only,True,False,206002636230191.88,0.41663254110330095,0.4871620101591301,False,False,N_above_support;D_below_support;Q_above_A_supported,upper_bound,0.00014663635451419319,10000.0,1.7066993821707925,0.0,0.0,0.0,0.11988006012024059,0.0,0.0,0.0,0.0,0.49689999999999995,0.0,0.0,0.0,0.0,0.0,0.0,0.0,0.3832199398797595
1.0,206002636230191.88,3848323182.263386,68195848323182.266,0.0,0.0,False,True,False,True,35185,8.798189548967572e+18,1.2012461464190392e+18,564304613387322.5,1e+19,0.0,0.8798189548967572,0.12012461464190392,5.643046133873225e-05,0.0,146636.49248279288,quality_linear,2.0,1e+19,exponential,4096,mixture,0.8047071577351047,lp_vertex_box,lp_vertex_box,analytic_lp_charnes_cooper,box_only,True,False,206002636230191.88,0.4871620101591301,0.4871620101591301,False,False,N_above_support;D_below_support;Q_above_A_supported,upper_bound,0.00014663649248279287,10000.0,1.706699381789831,0.0,0.0,0.0,0.11988006012024059,0.0,0.0,0.0,0.0,0.49689999999999995,0.0,0.0,0.0,0.0,0.0,0.0,0.0,0.3832199398797595
1.0,206002636230191.88,3912487936.8349757,76387912487936.83,-2048.0,-2.048e-16,False,True,False,True,35185,7.854645852441012e+18,2.144841960773226e+18,512186785763105.6,1.0000000000000002e+19,-2048.0,0.7854645852441012,0.2144841960773226,5.121867857631056e-05,-2.048e-16,130910.7642073502,quality_linear,2.0,1e+19,exponential,8192,fixed_ref,0.8047071577351047,lp_vertex_box,lp_vertex_box,analytic_lp_charnes_cooper,box_only,True,False,206002636230191.88,0.41663254110330095,0.4871620101591301,False,False,N_above_support;D_below_support;Q_above_A_supported,upper_bound,0.0001309107642073502,10000.0,1.7067460503627794,0.0,0.0,0.0,0.11988006012024059,0.0,0.0,0.0,0.0,0.49689999999999995,0.0,0.0,0.0,0.0,0.0,0.0,0.0,0.3832199398797595
1.0,206002636230191.88,3848323182.263386,76387848323182.27,0.0,0.0,False,True,False,True,35185,7.854652450236792e+18,2.1448437624113267e+18,503787351881135.9,1e+19,0.0,0.7854652450236792,0.21448437624113267,5.0378735188113585e-05,0.0,130910.8741706132,quality_linear,2.0,1e+19,exponential,8192,mixture,0.8047071577351047,lp_vertex_box,lp_vertex_box,analytic_lp_charnes_cooper,box_only,True,False,206002636230191.88,0.4871620101591301,0.4871620101591301,False,False,N_above_support;D_below_support;Q_above_A_supported,upper_bound,0.0001309108741706132,10000.0,1.7067460500117015,0.0,0.0,0.0,0.11988006012024059,0.0,0.0,0.0,0.0,0.49689999999999995,0.0,0.0,0.0,0.0,0.0,0.0,0.0,0.3832199398797595
1.0,206002636230191.88,3912487936.8349757,125539912487936.83,-2048.0,-2.048e-16,False,True,False,True,35185,4.779356525819263e+18,5.220331821268187e+18,311652912551689.75,1.0000000000000002e+19,-2048.0,0.4779356525819263,0.5220331821268187,3.1165291255168973e-05,-2.048e-16,79655.94209698771,quality_linear,2.0,1e+19,exponential,32768,fixed_ref,0.8047071577351047,lp_vertex_box,lp_vertex_box,analytic_lp_charnes_cooper,box_only,True,False,206002636230191.88,0.41663254110330095,0.4871620101591301,False,False,N_above_support;D_below_support;Q_above_A_supported,upper_bound,7.965594209698771e-05,10000.0,1.7069688194852084,0.0,0.0,0.0,0.11988006012024059,0.0,0.0,0.0,0.0,0.49689999999999995,0.0,0.0,0.0,0.0,0.0,0.0,0.0,0.3832199398797595
1.0,206002636230191.88,3848323182.263386,125539848323182.27,0.0,0.0,False,True,False,True,35185,4.779358968599325e+18,5.220334489435422e+18,306541965253653.44,1e+19,0.0,0.4779358968599325,0.5220334489435422,3.0654196525365346e-05,0.0,79655.98280998874,quality_linear,2.0,1e+19,exponential,32768,mixture,0.8047071577351047,lp_vertex_box,lp_vertex_box,analytic_lp_charnes_cooper,box_only,True,False,206002636230191.88,0.4871620101591301,0.4871620101591301,False,False,N_above_support;D_below_support;Q_above_A_supported,upper_bound,7.965598280998874e-05,10000.0,1.7069688192397194,0.0,0.0,0.0,0.11988006012024059,0.0,0.0,0.0,0.0,0.49689999999999995,0.0,0.0,0.0,0.0,0.0,0.0,0.0,0.3832199398797595
1.0,206002636230191.88,3912487936.8349757,322147912487936.8,0.0,0.0,False,True,False,True,35185,1.8624984882447985e+18,8.137380061707408e+18,121450047793852.55,1e+19,0.0,0.18624984882447984,0.8137380061707409,1.2145004779385255e-05,0.0,31041.641470746643,quality_linear,2.0,1e+19,exponential,131072,fixed_ref,0.8047071577351047,lp_vertex_box,lp_vertex_box,analytic_lp_charnes_cooper,box_only,True,False,206002636230191.88,0.41663254110330095,0.4871620101591301,False,False,N_above_support;D_below_support;Q_above_A_supported,upper_bound,3.104164147074664e-05,10000.0,1.707486757625738,0.0,0.0,0.0,0.11988006012024059,0.0,0.0,0.0,0.0,0.49689999999999995,0.0,0.0,0.0,0.0,0.0,0.0,0.0,0.3832199398797595
1.0,206002636230191.88,3848323182.263386,322147848323182.25,0.0,0.0,False,True,False,True,35185,1.8624988592134671e+18,8.137381682494252e+18,119458292280838.27,1e+19,0.0,0.18624988592134673,0.8137381682494252,1.1945829228083827e-05,0.0,31041.647653557786,quality_linear,2.0,1e+19,exponential,131072,mixture,0.8047071577351047,lp_vertex_box,lp_vertex_box,analytic_lp_charnes_cooper,box_only,True,False,206002636230191.88,0.4871620101591301,0.4871620101591301,False,False,N_above_support;D_below_support;Q_above_A_supported,upper_bound,3.104164765355779e-05,10000.0,1.7074867575011992,0.0,0.0,0.0,0.11988006012024059,0.0,0.0,0.0,0.0,0.49689999999999995,0.0,0.0,0.0,0.0,0.0,0.0,0.0,0.3832199398797595
1.0,206002636230191.88,4849345275.903549,64100849345275.91,0.0,0.0,False,True,False,True,35185,9.360250388698145e+18,6.389930932017933e+17,756518100061795.1,1e+19,0.0,0.9360250388698145,0.06389930932017933,7.565181000617952e-05,0.0,156004.17314496907,quality_linear,2.0,1e+19,power,2048,fixed_ref,0.8047071577351047,lp_vertex_box,lp_vertex_box,analytic_lp_charnes_cooper,box_only,True,False,206002636230191.88,0.41663254110330095,0.4871620101591301,False,False,N_above_support;D_below_support;Q_above_A_supported,upper_bound,0.00015600417314496907,10000.0,1.7066745242484833,0.0,0.0,0.0,0.11988006012024059,0.0,0.0,0.0,0.0,0.49689999999999995,0.0,0.0,0.0,0.0,0.0,0.0,0.0,0.3832199398797595
1.0,206002636230191.88,4718379892.712687,64100718379892.71,-2048.0,-2.048e-16,False,True,False,True,35185,9.360269512801743e+18,6.389943987405989e+17,736088457659588.6,1.0000000000000002e+19,-2048.0,0.9360269512801743,0.0638994398740599,7.360884576595886e-05,-2.048e-16,156004.49188002903,quality_linear,2.0,1e+19,power,2048,mixture,0.8047071577351047,lp_vertex_box,lp_vertex_box,analytic_lp_charnes_cooper,box_only,True,False,206002636230191.88,0.4871620101591301,0.4871620101591301,False,False,N_above_support;D_below_support;Q_above_A_supported,upper_bound,0.00015600449188002904,10000.0,1.7066745234354492,0.0,0.0,0.0,0.11988006012024059,0.0,0.0,0.0,0.0,0.49689999999999995,0.0,0.0,0.0,0.0,0.0,0.0,0.0,0.3832199398797595
1.0,206002636230191.88,4849345275.903549,68196849345275.91,0.0,0.0,False,True,False,True,35185,8.798060405433714e+18,1.2012285140218831e+18,711080544403400.8,1e+19,0.0,0.8798060405433714,0.12012285140218831,7.110805444034008e-05,0.0,146634.3400905619,quality_linear,2.0,1e+19,power,4096,fixed_ref,0.8047071577351047,lp_vertex_box,lp_vertex_box,analytic_lp_charnes_cooper,box_only,True,False,206002636230191.88,0.41663254110330095,0.4871620101591301,False,False,N_above_support;D_below_support;Q_above_A_supported,upper_bound,0.0001466343400905619,10000.0,1.7066993877331105,0.0,0.0,0.0,0.11988006012024059,0.0,0.0,0.0,0.0,0.49689999999999995,0.0,0.0,0.0,0.0,0.0,0.0,0.0,0.3832199398797595
1.0,206002636230191.88,4718379892.712687,68196718379892.71,-2048.0,-2.048e-16,False,True,False,True,35185,8.798077301281194e+18,1.201230820868259e+18,691877850548284.6,1.0000000000000002e+19,-2048.0,0.8798077301281194,0.12012308208682591,6.918778505482846e-05,-2.048e-16,146634.6216880199,quality_linear,2.0,1e+19,power,4096,mixture,0.8047071577351047,lp_vertex_box,lp_vertex_box,analytic_lp_charnes_cooper,box_only,True,False,206002636230191.88,0.4871620101591301,0.4871620101591301,False,False,N_above_support;D_below_support;Q_above_A_supported,upper_bound,0.0001466346216880199,10000.0,1.706699386955545,0.0,0.0,0.0,0.11988006012024059,0.0,0.0,0.0,0.0,0.49689999999999995,0.0,0.0,0.0,0.0,0.0,0.0,0.0,0.3832199398797595
1.0,206002636230191.88,4849345275.903549,76388849345275.9,0.0,0.0,False,True,False,True,35185,7.854549520546033e+18,2.14481565574377e+18,634823710196839.9,1e+19,0.0,0.7854549520546033,0.214481565574377,6.348237101968398e-05,0.0,130909.15867576722,quality_linear,2.0,1e+19,power,8192,fixed_ref,0.8047071577351047,lp_vertex_box,lp_vertex_box,analytic_lp_charnes_cooper,box_only,True,False,206002636230191.88,0.41663254110330095,0.4871620101591301,False,False,N_above_support;D_below_support;Q_above_A_supported,upper_bound,0.00013090915867576723,10000.0,1.706746055488776,0.0,0.0,0.0,0.11988006012024059,0.0,0.0,0.0,0.0,0.49689999999999995,0.0,0.0,0.0,0.0,0.0,0.0,0.0,0.3832199398797595
1.0,206002636230191.88,4718379892.712687,76388718379892.72,0.0,0.0,False,True,False,True,35185,7.854562986855057e+18,2.144819332943888e+18,617680201053703.4,1e+19,0.0,0.7854562986855057,0.21448193329438878,6.176802010537034e-05,0.0,130909.38311425096,quality_linear,2.0,1e+19,power,8192,mixture,0.8047071577351047,lp_vertex_box,lp_vertex_box,analytic_lp_charnes_cooper,box_only,True,False,206002636230191.88,0.4871620101591301,0.4871620101591301,False,False,N_above_support;D_below_support;Q_above_A_supported,upper_bound,0.00013090938311425095,10000.0,1.706746054772204,0.0,0.0,0.0,0.11988006012024059,0.0,0.0,0.0,0.0,0.49689999999999995,0.0,0.0,0.0,0.0,0.0,0.0,0.0,0.3832199398797595
1.0,206002636230191.88,4849345275.903549,125540849345275.9,0.0,0.0,False,True,False,True,35185,4.779320859538043e+18,5.220292864178087e+18,386276283870468.3,1e+19,0.0,0.47793208595380426,0.5220292864178087,3.862762838704683e-05,0.0,79655.34765896738,quality_linear,2.0,1e+19,power,32768,fixed_ref,0.8047071577351047,lp_vertex_box,lp_vertex_box,analytic_lp_charnes_cooper,box_only,True,False,206002636230191.88,0.41663254110330095,0.4871620101591301,False,False,N_above_support;D_below_support;Q_above_A_supported,upper_bound,7.965534765896738e-05,10000.0,1.706968823069535,0.0,0.0,0.0,0.11988006012024059,0.0,0.0,0.0,0.0,0.49689999999999995,0.0,0.0,0.0,0.0,0.0,0.0,0.0,0.3832199398797595
1.0,206002636230191.88,4718379892.712687,125540718379892.72,0.0,0.0,False,True,False,True,35185,4.779325845375274e+18,5.2202983100419e+18,375844582825679.3,1e+19,0.0,0.4779325845375274,0.52202983100419,3.758445828256793e-05,0.0,79655.43075625457,quality_linear,2.0,1e+19,power,32768,mixture,0.8047071577351047,lp_vertex_box,lp_vertex_box,analytic_lp_charnes_cooper,box_only,True,False,206002636230191.88,0.4871620101591301,0.4871620101591301,False,False,N_above_support;D_below_support;Q_above_A_supported,upper_bound,7.965543075625457e-05,10000.0,1.7069688225684752,0.0,0.0,0.0,0.11988006012024059,0.0,0.0,0.0,0.0,0.49689999999999995,0.0,0.0,0.0,0.0,0.0,0.0,0.0,0.3832199398797595
1.0,206002636230191.88,4849345275.903549,322148849345275.9,0.0,0.0,False,True,False,True,35185,1.8624930718188785e+18,8.137356396981468e+18,150531199653799.47,1e+19,0.0,0.18624930718188784,0.8137356396981468,1.5053119965379947e-05,0.0,31041.55119698131,quality_linear,2.0,1e+19,power,131072,fixed_ref,0.8047071577351047,lp_vertex_box,lp_vertex_box,analytic_lp_charnes_cooper,box_only,True,False,206002636230191.88,0.41663254110330095,0.4871620101591301,False,False,N_above_support;D_below_support;Q_above_A_supported,upper_bound,3.104155119698131e-05,10000.0,1.7074867594441048,0.0,0.0,0.0,0.11988006012024059,0.0,0.0,0.0,0.0,0.49689999999999995,0.0,0.0,0.0,0.0,0.0,0.0,0.0,0.3832199398797595
1.0,206002636230191.88,4718379892.712687,322148718379892.7,0.0,0.0,False,True,False,True,35185,1.86249382899128e+18,8.13735970511817e+18,146465890550231.97,1e+19,0.0,0.186249382899128,0.813735970511817,1.4646589055023197e-05,0.0,31041.56381652134,quality_linear,2.0,1e+19,power,131072,mixture,0.8047071577351047,lp_vertex_box,lp_vertex_box,analytic_lp_charnes_cooper,box_only,True,False,206002636230191.88,0.4871620101591301,0.4871620101591301,False,False,N_above_support;D_below_support;Q_above_A_supported,upper_bound,3.104156381652134e-05,10000.0,1.7074867591899114,0.0,0.0,0.0,0.11988006012024059,0.0,0.0,0.0,0.0,0.49689999999999995,0.0,0.0,0.0,0.0,0.0,0.0,0.0,0.3832199398797595
1.0,206002636230191.88,1511467178.4002495,64097511467178.4,0.0,0.0,False,True,False,True,35185,9.360737823764568e+18,6.390263687689946e+17,235807466437165.4,1e+19,0.0,0.9360737823764568,0.06390263687689945,2.358074664371654e-05,0.0,156012.29706274281,quality_linear,2.0,1e+19,logarithmic,2048,fixed_ref,0.8047071577351047,lp_vertex_box,lp_vertex_box,analytic_lp_charnes_cooper,box_only,True,False,206002636230191.88,0.41663254110330095,0.4871620101591301,False,False,N_above_support;D_below_support;Q_above_A_supported,upper_bound,0.0001560122970627428,10000.0,1.7066745035265403,0.0,0.0,0.0,0.11988006012024059,0.0,0.0,0.0,0.0,0.49689999999999995,0.0,0.0,0.0,0.0,0.0,0.0,0.0,0.3832199398797595
1.0,206002636230191.88,1255529360.3491163,64097255529360.35,0.0,0.0,False,True,False,True,35185,9.3607752008222e+18,6.390289203761288e+17,195878801671002.78,1e+19,0.0,0.93607752008222,0.06390289203761287,1.958788016710028e-05,0.0,156012.92001370332,quality_linear,2.0,1e+19,logarithmic,2048,mixture,0.8047071577351047,lp_vertex_box,lp_vertex_box,analytic_lp_charnes_cooper,box_only,True,False,206002636230191.88,0.4871620101591301,0.4871620101591301,False,False,N_above_support;D_below_support;Q_above_A_supported,upper_bound,0.00015601292001370332,10000.0,1.7066745019376157,0.0,0.0,0.0,0.11988006012024059,0.0,0.0,0.0,0.0,0.49689999999999995,0.0,0.0,0.0,0.0,0.0,0.0,0.0,0.3832199398797595
1.0,206002636230191.88,1511467178.4002495,68193511467178.4,-2048.0,-2.048e-16,False,True,False,True,35185,8.798491045424177e+18,1.2012873107352476e+18,221643840576785.7,1.0000000000000002e+19,-2048.0,0.8798491045424177,0.12012873107352476,2.216438405767857e-05,-2.048e-16,146641.51742373628,quality_linear,2.0,1e+19,logarithmic,4096,fixed_ref,0.8047071577351047,lp_vertex_box,lp_vertex_box,analytic_lp_charnes_cooper,box_only,True,False,206002636230191.88,0.41663254110330095,0.4871620101591301,False,False,N_above_support;D_below_support;Q_above_A_supported,upper_bound,0.00014664151742373627,10000.0,1.7066993679151787,0.0,0.0,0.0,0.11988006012024059,0.0,0.0,0.0,0.0,0.49689999999999995,0.0,0.0,0.0,0.0,0.0,0.0,0.0,0.3832199398797595
1.0,206002636230191.88,1255529360.3491163,68193255529360.35,0.0,0.0,False,True,False,True,35185,8.798524067261641e+18,1.2012918193167895e+18,184113421569755.22,1e+19,0.0,0.879852406726164,0.12012918193167894,1.8411342156975523e-05,0.0,146642.06778769402,quality_linear,2.0,1e+19,logarithmic,4096,mixture,0.8047071577351047,lp_vertex_box,lp_vertex_box,analytic_lp_charnes_cooper,box_only,True,False,206002636230191.88,0.4871620101591301,0.4871620101591301,False,False,N_above_support;D_below_support;Q_above_A_supported,upper_bound,0.00014664206778769402,10000.0,1.7066993663955743,0.0,0.0,0.0,0.11988006012024059,0.0,0.0,0.0,0.0,0.49689999999999995,0.0,0.0,0.0,0.0,0.0,0.0,0.0,0.3832199398797595
1.0,206002636230191.88,1511467178.4002495,76385511467178.4,2048.0,2.048e-16,False,True,False,True,35185,7.854892747007528e+18,2.1449093794495222e+18,197873542949267.53,9.999999999999998e+18,2048.0,0.7854892747007528,0.21449093794495222,1.9787354294926752e-05,2.048e-16,130914.87911679213,quality_linear,2.0,1e+19,logarithmic,8192,fixed_ref,0.8047071577351047,lp_vertex_box,lp_vertex_box,analytic_lp_charnes_cooper,box_only,True,False,206002636230191.88,0.41663254110330095,0.4871620101591301,False,False,N_above_support;D_below_support;Q_above_A_supported,upper_bound,0.00013091487911679213,10000.0,1.7067460372254348,0.0,0.0,0.0,0.11988006012024059,0.0,0.0,0.0,0.0,0.49689999999999995,0.0,0.0,0.0,0.0,0.0,0.0,0.0,0.3832199398797595
1.0,206002636230191.88,1255529360.3491163,76385255529360.34,0.0,0.0,False,True,False,True,35185,7.854919065753166e+18,2.1449165662216645e+18,164368025170319.2,1e+19,0.0,0.7854919065753165,0.21449165662216646,1.643680251703192e-05,0.0,130915.31776255276,quality_linear,2.0,1e+19,logarithmic,8192,mixture,0.8047071577351047,lp_vertex_box,lp_vertex_box,analytic_lp_charnes_cooper,box_only,True,False,206002636230191.88,0.4871620101591301,0.4871620101591301,False,False,N_above_support;D_below_support;Q_above_A_supported,upper_bound,0.00013091531776255276,10000.0,1.7067460358250364,0.0,0.0,0.0,0.11988006012024059,0.0,0.0,0.0,0.0,0.49689999999999995,0.0,0.0,0.0,0.0,0.0,0.0,0.0,0.3832199398797595
1.0,206002636230191.88,1511467178.4002495,125537511467178.4,2048.0,2.048e-16,False,True,False,True,35185,4.779447935423421e+18,5.220431664931823e+18,120399644754422.28,9.999999999999998e+18,2048.0,0.47794479354234215,0.5220431664931823,1.2039964475442227e-05,2.048e-16,79657.46559039036,quality_linear,2.0,1e+19,logarithmic,32768,fixed_ref,0.8047071577351047,lp_vertex_box,lp_vertex_box,analytic_lp_charnes_cooper,box_only,True,False,206002636230191.88,0.41663254110330095,0.4871620101591301,False,False,N_above_support;D_below_support;Q_above_A_supported,upper_bound,7.965746559039037e-05,10000.0,1.7069688102990441,0.0,0.0,0.0,0.11988006012024059,0.0,0.0,0.0,0.0,0.49689999999999995,0.0,0.0,0.0,0.0,0.0,0.0,0.0,0.3832199398797595
1.0,206002636230191.88,1255529360.3491163,125537255529360.34,0.0,0.0,False,True,False,True,35185,4.779457679474866e+18,5.220442308034415e+18,100012490718779.19,1e+19,0.0,0.4779457679474866,0.5220442308034414,1.0001249071877919e-05,0.0,79657.62799124778,quality_linear,2.0,1e+19,logarithmic,32768,mixture,0.8047071577351047,lp_vertex_box,lp_vertex_box,analytic_lp_charnes_cooper,box_only,True,False,206002636230191.88,0.4871620101591301,0.4871620101591301,False,False,N_above_support;D_below_support;Q_above_A_supported,upper_bound,7.965762799124778e-05,10000.0,1.7069688093198336,0.0,0.0,0.0,0.11988006012024059,0.0,0.0,0.0,0.0,0.49689999999999995,0.0,0.0,0.0,0.0,0.0,0.0,0.0,0.3832199398797595
1.0,206002636230191.88,1511467178.4002495,322145511467178.4,-2048.0,-2.048e-16,False,True,False,True,35185,1.8625123698522514e+18,8.137440711375811e+18,46918771939935.734,1.0000000000000002e+19,-2048.0,0.18625123698522514,0.8137440711375811,4.6918771939935735e-06,-2.048e-16,31041.872830870856,quality_linear,2.0,1e+19,logarithmic,131072,fixed_ref,0.8047071577351047,lp_vertex_box,lp_vertex_box,analytic_lp_charnes_cooper,box_only,True,False,206002636230191.88,0.41663254110330095,0.4871620101591301,False,False,N_above_support;D_below_support;Q_above_A_supported,upper_bound,3.1041872830870856e-05,10000.0,1.707486752965527,0.0,0.0,0.0,0.11988006012024059,0.0,0.0,0.0,0.0,0.49689999999999995,0.0,0.0,0.0,0.0,0.0,0.0,0.0,0.3832199398797595
1.0,206002636230191.88,1255529360.3491163,322145255529360.4,0.0,0.0,False,True,False,True,35185,1.862513849580243e+18,8.137447176406053e+18,38974013703414.21,1e+19,0.0,0.1862513849580243,0.8137447176406053,3.897401370341421e-06,0.0,31041.897493004046,quality_linear,2.0,1e+19,logarithmic,131072,mixture,0.8047071577351047,lp_vertex_box,lp_vertex_box,analytic_lp_charnes_cooper,box_only,True,False,206002636230191.88,0.4871620101591301,0.4871620101591301,False,False,N_above_support;D_below_support;Q_above_A_supported,upper_bound,3.1041897493004045e-05,10000.0,1.7074867524687685,0.0,0.0,0.0,0.11988006012024059,0.0,0.0,0.0,0.0,0.49689999999999995,0.0,0.0,0.0,0.0,0.0,0.0,0.0,0.3832199398797595
1.0,206002636230191.88,3912487936.8349757,64099912487936.836,0.0,0.0,False,True,False,True,35185,9.360387194177774e+21,6.390024324558693e+20,6.103733663554188e+17,1e+22,0.0,0.9360387194177774,0.06390024324558694,6.103733663554188e-05,0.0,156006453.23629624,quality_linear,2.0,1e+22,exponential,2048,fixed_ref,0.8047071577351047,lp_vertex_box,lp_vertex_box,analytic_lp_charnes_cooper,box_only,True,False,206002636230191.88,0.41663254110330095,0.4871620101591301,False,True,N_above_support;Q_above_A_supported,upper_bound,0.15600645323629625,10000.0,1.705458386227075,0.0,0.0,0.0,0.11988006012024059,0.0,0.0,0.0,0.0,0.49689999999999995,0.0,0.0,0.0,0.0,0.0,0.0,0.0,0.3832199398797595
1.0,206002636230191.88,3848323182.263386,64099848323182.266,0.0,0.0,False,True,False,True,35185,9.360396564043114e+21,6.390030721053432e+20,6.003638515430943e+17,1e+22,0.0,0.9360396564043114,0.06390030721053432,6.0036385154309426e-05,0.0,156006609.40071857,quality_linear,2.0,1e+22,exponential,2048,mixture,0.8047071577351047,lp_vertex_box,lp_vertex_box,analytic_lp_charnes_cooper,box_only,True,False,206002636230191.88,0.4871620101591301,0.4871620101591301,False,True,N_above_support;Q_above_A_supported,upper_bound,0.15600660940071856,10000.0,1.705458386169449,0.0,0.0,0.0,0.11988006012024059,0.0,0.0,0.0,0.0,0.49689999999999995,0.0,0.0,0.0,0.0,0.0,0.0,0.0,0.3832199398797595
1.0,206002636230191.88,3912487936.8349757,68195912487936.836,0.0,0.0,False,True,False,True,35185,8.798181270851591e+21,1.2012450161802706e+21,5.7371296813823776e+17,1e+22,0.0,0.8798181270851592,0.12012450161802705,5.7371296813823774e-05,0.0,146636354.51419318,quality_linear,2.0,1e+22,exponential,4096,fixed_ref,0.8047071577351047,lp_vertex_box,lp_vertex_box,analytic_lp_charnes_cooper,box_only,True,False,206002636230191.88,0.41663254110330095,0.4871620101591301,False,True,N_above_support;Q_above_A_supported,upper_bound,0.14663635451419318,10000.0,1.7054619831575324,0.0,0.0,0.0,0.11988006012024059,0.0,0.0,0.0,0.0,0.49689999999999995,0.0,0.0,0.0,0.0,0.0,0.0,0.0,0.3832199398797595
1.0,206002636230191.88,3848323182.263386,68195848323182.266,-2097152.0,-2.097152e-16,False,True,False,True,35185,8.798189548967574e+21,1.2012461464190394e+21,5.6430461338732256e+17,1.0000000000000002e+22,-2097152.0,0.8798189548967574,0.12012461464190394,5.643046133873226e-05,-2.097152e-16,146636492.48279288,quality_linear,2.0,1e+22,exponential,4096,mixture,0.8047071577351047,lp_vertex_box,lp_vertex_box,analytic_lp_charnes_cooper,box_only,True,False,206002636230191.88,0.4871620101591301,0.4871620101591301,False,True,N_above_support;Q_above_A_supported,upper_bound,0.1466364924827929,10000.0,1.7054619831024203,0.0,0.0,0.0,0.11988006012024059,0.0,0.0,0.0,0.0,0.49689999999999995,0.0,0.0,0.0,0.0,0.0,0.0,0.0,0.3832199398797595
1.0,206002636230191.88,3912487936.8349757,76387912487936.83,0.0,0.0,False,True,False,True,35185,7.854645852441012e+21,2.1448419607732258e+21,5.1218678576310554e+17,1e+22,0.0,0.7854645852441012,0.21448419607732258,5.1218678576310556e-05,0.0,130910764.2073502,quality_linear,2.0,1e+22,exponential,8192,fixed_ref,0.8047071577351047,lp_vertex_box,lp_vertex_box,analytic_lp_charnes_cooper,box_only,True,False,206002636230191.88,0.41663254110330095,0.4871620101591301,False,False,N_above_support;D_below_support;Q_above_A_supported,upper_bound,0.1309107642073502,10000.0,1.7054687344448398,0.0,0.0,0.0,0.11988006012024059,0.0,0.0,0.0,0.0,0.49689999999999995,0.0,0.0,0.0,0.0,0.0,0.0,0.0,0.3832199398797595
1.0,206002636230191.88,3848323182.263386,76387848323182.27,-2097152.0,-2.097152e-16,False,True,False,True,35185,7.854652450236793e+21,2.1448437624113267e+21,5.037873518811359e+17,1.0000000000000002e+22,-2097152.0,0.7854652450236793,0.21448437624113267,5.0378735188113585e-05,-2.097152e-16,130910874.1706132,quality_linear,2.0,1e+22,exponential,8192,mixture,0.8047071577351047,lp_vertex_box,lp_vertex_box,analytic_lp_charnes_cooper,box_only,True,False,206002636230191.88,0.4871620101591301,0.4871620101591301,False,False,N_above_support;D_below_support;Q_above_A_supported,upper_bound,0.1309108741706132,10000.0,1.705468734394051,0.0,0.0,0.0,0.11988006012024059,0.0,0.0,0.0,0.0,0.49689999999999995,0.0,0.0,0.0,0.0,0.0,0.0,0.0,0.3832199398797595
1.0,206002636230191.88,3912487936.8349757,125539912487936.83,-2097152.0,-2.097152e-16,False,True,False,True,35185,4.779356525819262e+21,5.220331821268187e+21,3.116529125516897e+17,1.0000000000000002e+22,-2097152.0,0.4779356525819262,0.5220331821268187,3.1165291255168973e-05,-2.097152e-16,79655942.09698771,quality_linear,2.0,1e+22,exponential,32768,fixed_ref,0.8047071577351047,lp_vertex_box,lp_vertex_box,analytic_lp_charnes_cooper,box_only,True,False,206002636230191.88,0.41663254110330095,0.4871620101591301,False,False,N_above_support;D_below_support;Q_above_A_supported,upper_bound,0.0796559420969877,10000.0,1.7055009614989574,0.0,0.0,0.0,0.11988006012024059,0.0,0.0,0.0,0.0,0.49689999999999995,0.0,0.0,0.0,0.0,0.0,0.0,0.0,0.3832199398797595
1.0,206002636230191.88,3848323182.263386,125539848323182.27,-2097152.0,-2.097152e-16,False,True,False,True,35185,4.779358968599325e+21,5.220334489435423e+21,3.0654196525365344e+17,1.0000000000000002e+22,-2097152.0,0.4779358968599325,0.5220334489435423,3.0654196525365346e-05,-2.097152e-16,79655982.80998874,quality_linear,2.0,1e+22,exponential,32768,mixture,0.8047071577351047,lp_vertex_box,lp_vertex_box,analytic_lp_charnes_cooper,box_only,True,False,206002636230191.88,0.4871620101591301,0.4871620101591301,False,False,N_above_support;D_below_support;Q_above_A_supported,upper_bound,0.07965598280998874,10000.0,1.7055009614634435,0.0,0.0,0.0,0.11988006012024059,0.0,0.0,0.0,0.0,0.49689999999999995,0.0,0.0,0.0,0.0,0.0,0.0,0.0,0.3832199398797595
1.0,206002636230191.88,3912487936.8349757,322147912487936.8,-2097152.0,-2.097152e-16,False,True,False,True,35185,1.8624984882447988e+21,8.137380061707408e+21,1.2145004779385256e+17,1.0000000000000002e+22,-2097152.0,0.18624984882447987,0.8137380061707409,1.2145004779385256e-05,-2.097152e-16,31041641.470746644,quality_linear,2.0,1e+22,exponential,131072,fixed_ref,0.8047071577351047,lp_vertex_box,lp_vertex_box,analytic_lp_charnes_cooper,box_only,True,False,206002636230191.88,0.41663254110330095,0.4871620101591301,False,False,N_above_support;D_below_support;Q_above_A_supported,upper_bound,0.031041641470746645,10000.0,1.7055758893897819,0.0,0.0,0.0,0.11988006012024059,0.0,0.0,0.0,0.0,0.49689999999999995,0.0,0.0,0.0,0.0,0.0,0.0,0.0,0.3832199398797595
1.0,206002636230191.88,3848323182.263386,322147848323182.25,0.0,0.0,False,True,False,True,35185,1.8624988592134672e+21,8.137381682494253e+21,1.1945829228083826e+17,1e+22,0.0,0.18624988592134673,0.8137381682494252,1.1945829228083826e-05,0.0,31041647.653557785,quality_linear,2.0,1e+22,exponential,131072,mixture,0.8047071577351047,lp_vertex_box,lp_vertex_box,analytic_lp_charnes_cooper,box_only,True,False,206002636230191.88,0.4871620101591301,0.4871620101591301,False,False,N_above_support;D_below_support;Q_above_A_supported,upper_bound,0.031041647653557786,10000.0,1.7055758893717654,0.0,0.0,0.0,0.11988006012024059,0.0,0.0,0.0,0.0,0.49689999999999995,0.0,0.0,0.0,0.0,0.0,0.0,0.0,0.3832199398797595
1.0,206002636230191.88,4849345275.903549,64100849345275.91,0.0,0.0,False,True,False,True,35185,9.360250388698144e+21,6.389930932017934e+20,7.565181000617951e+17,1e+22,0.0,0.9360250388698144,0.06389930932017934,7.56518100061795e-05,0.0,156004173.14496908,quality_linear,2.0,1e+22,power,2048,fixed_ref,0.8047071577351047,lp_vertex_box,lp_vertex_box,analytic_lp_charnes_cooper,box_only,True,False,206002636230191.88,0.41663254110330095,0.4871620101591301,False,True,N_above_support;Q_above_A_supported,upper_bound,0.1560041731449691,10000.0,1.705458387068457,0.0,0.0,0.0,0.11988006012024059,0.0,0.0,0.0,0.0,0.49689999999999995,0.0,0.0,0.0,0.0,0.0,0.0,0.0,0.3832199398797595
1.0,206002636230191.88,4718379892.712687,64100718379892.71,0.0,0.0,False,True,False,True,35185,9.360269512801741e+21,6.389943987405989e+20,7.360884576595885e+17,1e+22,0.0,0.9360269512801741,0.06389943987405988,7.360884576595885e-05,0.0,156004491.88002902,quality_linear,2.0,1e+22,power,2048,mixture,0.8047071577351047,lp_vertex_box,lp_vertex_box,analytic_lp_charnes_cooper,box_only,True,False,206002636230191.88,0.4871620101591301,0.4871620101591301,False,True,N_above_support;Q_above_A_supported,upper_bound,0.15600449188002902,10000.0,1.7054583869508388,0.0,0.0,0.0,0.11988006012024059,0.0,0.0,0.0,0.0,0.49689999999999995,0.0,0.0,0.0,0.0,0.0,0.0,0.0,0.3832199398797595
1.0,206002636230191.88,4849345275.903549,68196849345275.91,-2097152.0,-2.097152e-16,False,True,False,True,35185,8.798060405433714e+21,1.2012285140218832e+21,7.110805444034007e+17,1.0000000000000002e+22,-2097152.0,0.8798060405433714,0.12012285140218833,7.110805444034006e-05,-2.097152e-16,146634340.0905619,quality_linear,2.0,1e+22,power,4096,fixed_ref,0.8047071577351047,lp_vertex_box,lp_vertex_box,analytic_lp_charnes_cooper,box_only,True,False,206002636230191.88,0.41663254110330095,0.4871620101591301,False,True,N_above_support;Q_above_A_supported,upper_bound,0.1466343400905619,10000.0,1.7054619839622092,0.0,0.0,0.0,0.11988006012024059,0.0,0.0,0.0,0.0,0.49689999999999995,0.0,0.0,0.0,0.0,0.0,0.0,0.0,0.3832199398797595
1.0,206002636230191.88,4718379892.712687,68196718379892.71,0.0,0.0,False,True,False,True,35185,8.798077301281192e+21,1.2012308208682588e+21,6.918778505482845e+17,1e+22,0.0,0.8798077301281192,0.12012308208682589,6.918778505482845e-05,0.0,146634621.68801987,quality_linear,2.0,1e+22,power,4096,mixture,0.8047071577351047,lp_vertex_box,lp_vertex_box,analytic_lp_charnes_cooper,box_only,True,False,206002636230191.88,0.4871620101591301,0.4871620101591301,False,True,N_above_support;Q_above_A_supported,upper_bound,0.14663462168801988,10000.0,1.705461983849722,0.0,0.0,0.0,0.11988006012024059,0.0,0.0,0.0,0.0,0.49689999999999995,0.0,0.0,0.0,0.0,0.0,0.0,0.0,0.3832199398797595
1.0,206002636230191.88,4849345275.903549,76388849345275.9,0.0,0.0,False,True,False,True,35185,7.854549520546033e+21,2.14481565574377e+21,6.348237101968398e+17,1e+22,0.0,0.7854549520546034,0.214481565574377,6.348237101968398e-05,0.0,130909158.67576721,quality_linear,2.0,1e+22,power,8192,fixed_ref,0.8047071577351047,lp_vertex_box,lp_vertex_box,analytic_lp_charnes_cooper,box_only,True,False,206002636230191.88,0.41663254110330095,0.4871620101591301,False,False,N_above_support;D_below_support;Q_above_A_supported,upper_bound,0.13090915867576722,10000.0,1.7054687351863957,0.0,0.0,0.0,0.11988006012024059,0.0,0.0,0.0,0.0,0.49689999999999995,0.0,0.0,0.0,0.0,0.0,0.0,0.0,0.3832199398797595
1.0,206002636230191.88,4718379892.712687,76388718379892.72,0.0,0.0,False,True,False,True,35185,7.854562986855057e+21,2.1448193329438877e+21,6.176802010537034e+17,1e+22,0.0,0.7854562986855057,0.21448193329438878,6.176802010537034e-05,0.0,130909383.11425096,quality_linear,2.0,1e+22,power,8192,mixture,0.8047071577351047,lp_vertex_box,lp_vertex_box,analytic_lp_charnes_cooper,box_only,True,False,206002636230191.88,0.4871620101591301,0.4871620101591301,False,False,N_above_support;D_below_support;Q_above_A_supported,upper_bound,0.13090938311425096,10000.0,1.7054687350827324,0.0,0.0,0.0,0.11988006012024059,0.0,0.0,0.0,0.0,0.49689999999999995,0.0,0.0,0.0,0.0,0.0,0.0,0.0,0.3832199398797595
1.0,206002636230191.88,4849345275.903549,125540849345275.9,0.0,0.0,False,True,False,True,35185,4.779320859538043e+21,5.220292864178086e+21,3.862762838704683e+17,1e+22,0.0,0.47793208595380426,0.5220292864178085,3.8627628387046826e-05,0.0,79655347.65896738,quality_linear,2.0,1e+22,power,32768,fixed_ref,0.8047071577351047,lp_vertex_box,lp_vertex_box,analytic_lp_charnes_cooper,box_only,True,False,206002636230191.88,0.41663254110330095,0.4871620101591301,False,False,N_above_support;D_below_support;Q_above_A_supported,upper_bound,0.07965534765896738,10000.0,1.7055009620174866,0.0,0.0,0.0,0.11988006012024059,0.0,0.0,0.0,0.0,0.49689999999999995,0.0,0.0,0.0,0.0,0.0,0.0,0.0,0.3832199398797595
1.0,206002636230191.88,4718379892.712687,125540718379892.72,-2097152.0,-2.097152e-16,False,True,False,True,35185,4.779325845375275e+21,5.2202983100419e+21,3.758445828256792e+17,1.0000000000000002e+22,-2097152.0,0.47793258453752746,0.52202983100419,3.7584458282567925e-05,-2.097152e-16,79655430.75625457,quality_linear,2.0,1e+22,power,32768,mixture,0.8047071577351047,lp_vertex_box,lp_vertex_box,analytic_lp_charnes_cooper,box_only,True,False,206002636230191.88,0.4871620101591301,0.4871620101591301,False,False,N_above_support;D_below_support;Q_above_A_supported,upper_bound,0.07965543075625457,10000.0,1.7055009619450003,0.0,0.0,0.0,0.11988006012024059,0.0,0.0,0.0,0.0,0.49689999999999995,0.0,0.0,0.0,0.0,0.0,0.0,0.0,0.3832199398797595
1.0,206002636230191.88,4849345275.903549,322148849345275.9,-2097152.0,-2.097152e-16,False,True,False,True,35185,1.8624930718188786e+21,8.137356396981469e+21,1.505311996537995e+17,1.0000000000000002e+22,-2097152.0,0.18624930718188787,0.8137356396981469,1.5053119965379949e-05,-2.097152e-16,31041551.19698131,quality_linear,2.0,1e+22,power,131072,fixed_ref,0.8047071577351047,lp_vertex_box,lp_vertex_box,analytic_lp_charnes_cooper,box_only,True,False,206002636230191.88,0.41663254110330095,0.4871620101591301,False,False,N_above_support;D_below_support;Q_above_A_supported,upper_bound,0.03104155119698131,10000.0,1.7055758896528372,0.0,0.0,0.0,0.11988006012024059,0.0,0.0,0.0,0.0,0.49689999999999995,0.0,0.0,0.0,0.0,0.0,0.0,0.0,0.3832199398797595
1.0,206002636230191.88,4718379892.712687,322148718379892.7,-2097152.0,-2.097152e-16,False,True,False,True,35185,1.8624938289912802e+21,8.13735970511817e+21,1.4646589055023197e+17,1.0000000000000002e+22,-2097152.0,0.186249382899128,0.813735970511817,1.4646589055023197e-05,-2.097152e-16,31041563.81652134,quality_linear,2.0,1e+22,power,131072,mixture,0.8047071577351047,lp_vertex_box,lp_vertex_box,analytic_lp_charnes_cooper,box_only,True,False,206002636230191.88,0.4871620101591301,0.4871620101591301,False,False,N_above_support;D_below_support;Q_above_A_supported,upper_bound,0.031041563816521338,10000.0,1.7055758896160642,0.0,0.0,0.0,0.11988006012024059,0.0,0.0,0.0,0.0,0.49689999999999995,0.0,0.0,0.0,0.0,0.0,0.0,0.0,0.3832199398797595
1.0,206002636230191.88,1511467178.4002495,64097511467178.4,0.0,0.0,False,True,False,True,35185,9.360737823764567e+21,6.390263687689946e+20,2.3580746643716538e+17,1e+22,0.0,0.9360737823764568,0.06390263687689945,2.3580746643716537e-05,0.0,156012297.0627428,quality_linear,2.0,1e+22,logarithmic,2048,fixed_ref,0.8047071577351047,lp_vertex_box,lp_vertex_box,analytic_lp_charnes_cooper,box_only,True,False,206002636230191.88,0.41663254110330095,0.4871620101591301,False,True,N_above_support;Q_above_A_supported,upper_bound,0.1560122970627428,10000.0,1.7054583840707023,0.0,0.0,0.0,0.11988006012024059,0.0,0.0,0.0,0.0,0.49689999999999995,0.0,0.0,0.0,0.0,0.0,0.0,0.0,0.3832199398797595
1.0,206002636230191.88,1255529360.3491163,64097255529360.35,2097152.0,2.097152e-16,False,True,False,True,35185,9.360775200822199e+21,6.390289203761288e+20,1.9587880167100278e+17,9.999999999999998e+21,2097152.0,0.9360775200822199,0.06390289203761289,1.958788016710028e-05,2.097152e-16,156012920.01370332,quality_linear,2.0,1e+22,logarithmic,2048,mixture,0.8047071577351047,lp_vertex_box,lp_vertex_box,analytic_lp_charnes_cooper,box_only,True,False,206002636230191.88,0.4871620101591301,0.4871620101591301,False,True,N_above_support;Q_above_A_supported,upper_bound,0.15601292001370332,10000.0,1.7054583838408395,0.0,0.0,0.0,0.11988006012024059,0.0,0.0,0.0,0.0,0.49689999999999995,0.0,0.0,0.0,0.0,0.0,0.0,0.0,0.3832199398797595
1.0,206002636230191.88,1511467178.4002495,68193511467178.4,0.0,0.0,False,True,False,True,35185,8.798491045424176e+21,1.2012873107352477e+21,2.216438405767857e+17,1e+22,0.0,0.8798491045424176,0.12012873107352477,2.216438405767857e-05,0.0,146641517.42373627,quality_linear,2.0,1e+22,logarithmic,4096,fixed_ref,0.8047071577351047,lp_vertex_box,lp_vertex_box,analytic_lp_charnes_cooper,box_only,True,False,206002636230191.88,0.41663254110330095,0.4871620101591301,False,True,N_above_support;Q_above_A_supported,upper_bound,0.14664151742373627,10000.0,1.7054619810952338,0.0,0.0,0.0,0.11988006012024059,0.0,0.0,0.0,0.0,0.49689999999999995,0.0,0.0,0.0,0.0,0.0,0.0,0.0,0.3832199398797595
1.0,206002636230191.88,1255529360.3491163,68193255529360.35,0.0,0.0,False,True,False,True,35185,8.798524067261641e+21,1.2012918193167894e+21,1.841134215697552e+17,1e+22,0.0,0.8798524067261642,0.12012918193167894,1.841134215697552e-05,0.0,146642067.787694,quality_linear,2.0,1e+22,logarithmic,4096,mixture,0.8047071577351047,lp_vertex_box,lp_vertex_box,analytic_lp_charnes_cooper,box_only,True,False,206002636230191.88,0.4871620101591301,0.4871620101591301,False,True,N_above_support;Q_above_A_supported,upper_bound,0.146642067787694,10000.0,1.7054619808753992,0.0,0.0,0.0,0.11988006012024059,0.0,0.0,0.0,0.0,0.49689999999999995,0.0,0.0,0.0,0.0,0.0,0.0,0.0,0.3832199398797595
1.0,206002636230191.88,1511467178.4002495,76385511467178.4,0.0,0.0,False,True,False,True,35185,7.854892747007527e+21,2.1449093794495222e+21,1.9787354294926755e+17,1e+22,0.0,0.7854892747007527,0.21449093794495222,1.9787354294926756e-05,0.0,130914879.11679213,quality_linear,2.0,1e+22,logarithmic,8192,fixed_ref,0.8047071577351047,lp_vertex_box,lp_vertex_box,analytic_lp_charnes_cooper,box_only,True,False,206002636230191.88,0.41663254110330095,0.4871620101591301,False,False,N_above_support;D_below_support;Q_above_A_supported,upper_bound,0.13091487911679212,10000.0,1.7054687325443165,0.0,0.0,0.0,0.11988006012024059,0.0,0.0,0.0,0.0,0.49689999999999995,0.0,0.0,0.0,0.0,0.0,0.0,0.0,0.3832199398797595
1.0,206002636230191.88,1255529360.3491163,76385255529360.34,-2097152.0,-2.097152e-16,False,True,False,True,35185,7.854919065753167e+21,2.1449165662216646e+21,1.6436802517031917e+17,1.0000000000000002e+22,-2097152.0,0.7854919065753166,0.21449165662216646,1.6436802517031917e-05,-2.097152e-16,130915317.76255277,quality_linear,2.0,1e+22,logarithmic,8192,mixture,0.8047071577351047,lp_vertex_box,lp_vertex_box,analytic_lp_charnes_cooper,box_only,True,False,206002636230191.88,0.4871620101591301,0.4871620101591301,False,False,N_above_support;D_below_support;Q_above_A_supported,upper_bound,0.13091531776255277,10000.0,1.7054687323417268,0.0,0.0,0.0,0.11988006012024059,0.0,0.0,0.0,0.0,0.49689999999999995,0.0,0.0,0.0,0.0,0.0,0.0,0.0,0.3832199398797595
1.0,206002636230191.88,1511467178.4002495,125537511467178.4,2097152.0,2.097152e-16,False,True,False,True,35185,4.779447935423422e+21,5.220431664931823e+21,1.2039964475442229e+17,9.999999999999998e+21,2097152.0,0.4779447935423422,0.5220431664931823,1.2039964475442229e-05,2.097152e-16,79657465.59039037,quality_linear,2.0,1e+22,logarithmic,32768,fixed_ref,0.8047071577351047,lp_vertex_box,lp_vertex_box,analytic_lp_charnes_cooper,box_only,True,False,206002636230191.88,0.41663254110330095,0.4871620101591301,False,False,N_above_support;D_below_support;Q_above_A_supported,upper_bound,0.07965746559039037,10000.0,1.7055009601700344,0.0,0.0,0.0,0.11988006012024059,0.0,0.0,0.0,0.0,0.49689999999999995,0.0,0.0,0.0,0.0,0.0,0.0,0.0,0.3832199398797595
1.0,206002636230191.88,1255529360.3491163,125537255529360.34,-2097152.0,-2.097152e-16,False,True,False,True,35185,4.779457679474867e+21,5.220442308034415e+21,1.000124907187792e+17,1.0000000000000002e+22,-2097152.0,0.4779457679474867,0.5220442308034415,1.000124907187792e-05,-2.097152e-16,79657627.99124779,quality_linear,2.0,1e+22,logarithmic,32768,mixture,0.8047071577351047,lp_vertex_box,lp_vertex_box,analytic_lp_charnes_cooper,box_only,True,False,206002636230191.88,0.4871620101591301,0.4871620101591301,False,False,N_above_support;D_below_support;Q_above_A_supported,upper_bound,0.07965762799124779,10000.0,1.7055009600283761,0.0,0.0,0.0,0.11988006012024059,0.0,0.0,0.0,0.0,0.49689999999999995,0.0,0.0,0.0,0.0,0.0,0.0,0.0,0.3832199398797595
1.0,206002636230191.88,1511467178.4002495,322145511467178.4,0.0,0.0,False,True,False,True,35185,1.8625123698522514e+21,8.13744071137581e+21,4.6918771939935736e+16,1e+22,0.0,0.18625123698522514,0.813744071137581,4.6918771939935735e-06,0.0,31041872.830870856,quality_linear,2.0,1e+22,logarithmic,131072,fixed_ref,0.8047071577351047,lp_vertex_box,lp_vertex_box,analytic_lp_charnes_cooper,box_only,True,False,206002636230191.88,0.41663254110330095,0.4871620101591301,False,False,N_above_support;D_below_support;Q_above_A_supported,upper_bound,0.031041872830870856,10000.0,1.7055758887156092,0.0,0.0,0.0,0.11988006012024059,0.0,0.0,0.0,0.0,0.49689999999999995,0.0,0.0,0.0,0.0,0.0,0.0,0.0,0.3832199398797595
1.0,206002636230191.88,1255529360.3491163,322145255529360.4,0.0,0.0,False,True,False,True,35185,1.8625138495802426e+21,8.137447176406053e+21,3.897401370341421e+16,1e+22,0.0,0.18625138495802426,0.8137447176406053,3.897401370341421e-06,0.0,31041897.493004046,quality_linear,2.0,1e+22,logarithmic,131072,mixture,0.8047071577351047,lp_vertex_box,lp_vertex_box,analytic_lp_charnes_cooper,box_only,True,False,206002636230191.88,0.4871620101591301,0.4871620101591301,False,False,N_above_support;D_below_support;Q_above_A_supported,upper_bound,0.031041897493004046,10000.0,1.7055758886437453,0.0,0.0,0.0,0.11988006012024059,0.0,0.0,0.0,0.0,0.49689999999999995,0.0,0.0,0.0,0.0,0.0,0.0,0.0,0.3832199398797595
1.0,206002636230191.88,3912487936.8349757,64099912487936.836,-134217728.0,-1.3421772800000001e-16,False,True,False,True,35185,9.360387194177776e+23,6.3900243245586945e+22,6.103733663554188e+19,1.0000000000000001e+24,-134217728.0,0.9360387194177776,0.06390024324558695,6.103733663554188e-05,-1.3421772800000001e-16,15600645323.629625,quality_linear,2.0,1e+24,exponential,2048,fixed_ref,0.8047071577351047,lp_vertex_box,lp_vertex_box,analytic_lp_charnes_cooper,box_only,True,False,206002636230191.88,0.41663254110330095,0.4871620101591301,False,True,N_above_support;Q_above_A_supported,upper_bound,15.600645323629625,10000.0,1.7053093806724133,0.0,0.0,0.0,0.11988006012024059,0.0,0.0,0.0,0.0,0.49689999999999995,0.0,0.0,0.0,0.0,0.0,0.0,0.0,0.3832199398797595
1.0,206002636230191.88,3848323182.263386,64099848323182.266,0.0,0.0,False,True,False,True,35185,9.360396564043113e+23,6.390030721053432e+22,6.003638515430942e+19,1e+24,0.0,0.9360396564043114,0.06390030721053433,6.0036385154309426e-05,0.0,15600660940.071856,quality_linear,2.0,1e+24,exponential,2048,mixture,0.8047071577351047,lp_vertex_box,lp_vertex_box,analytic_lp_charnes_cooper,box_only,True,False,206002636230191.88,0.4871620101591301,0.4871620101591301,False,True,N_above_support;Q_above_A_supported,upper_bound,15.600660940071856,10000.0,1.705309380656533,0.0,0.0,0.0,0.11988006012024059,0.0,0.0,0.0,0.0,0.49689999999999995,0.0,0.0,0.0,0.0,0.0,0.0,0.0,0.3832199398797595
1.0,206002636230191.88,3912487936.8349757,68195912487936.836,268435456.0,2.6843545600000003e-16,False,True,False,True,35185,8.79818127085159e+23,1.2012450161802706e+23,5.737129681382377e+19,9.999999999999997e+23,268435456.0,0.8798181270851589,0.12012450161802705,5.7371296813823774e-05,2.6843545600000003e-16,14663635451.419317,quality_linear,2.0,1e+24,exponential,4096,fixed_ref,0.8047071577351047,lp_vertex_box,lp_vertex_box,analytic_lp_charnes_cooper,box_only,True,False,206002636230191.88,0.41663254110330095,0.4871620101591301,False,True,N_above_support;Q_above_A_supported,upper_bound,14.663635451419317,10000.0,1.7053103719054867,0.0,0.0,0.0,0.11988006012024059,0.0,0.0,0.0,0.0,0.49689999999999995,0.0,0.0,0.0,0.0,0.0,0.0,0.0,0.3832199398797595
1.0,206002636230191.88,3848323182.263386,68195848323182.266,0.0,0.0,False,True,False,True,35185,8.798189548967572e+23,1.2012461464190394e+23,5.643046133873225e+19,1e+24,0.0,0.8798189548967572,0.12012461464190395,5.643046133873225e-05,0.0,14663649248.279287,quality_linear,2.0,1e+24,exponential,4096,mixture,0.8047071577351047,lp_vertex_box,lp_vertex_box,analytic_lp_charnes_cooper,box_only,True,False,206002636230191.88,0.4871620101591301,0.4871620101591301,False,True,N_above_support;Q_above_A_supported,upper_bound,14.663649248279288,10000.0,1.705310371890299,0.0,0.0,0.0,0.11988006012024059,0.0,0.0,0.0,0.0,0.49689999999999995,0.0,0.0,0.0,0.0,0.0,0.0,0.0,0.3832199398797595
1.0,206002636230191.88,3912487936.8349757,76387912487936.83,-134217728.0,-1.3421772800000001e-16,False,True,False,True,35185,7.854645852441013e+23,2.144841960773226e+23,5.121867857631056e+19,1.0000000000000001e+24,-134217728.0,0.7854645852441012,0.21448419607732258,5.121867857631056e-05,-1.3421772800000001e-16,13091076420.73502,quality_linear,2.0,1e+24,exponential,8192,fixed_ref,0.8047071577351047,lp_vertex_box,lp_vertex_box,analytic_lp_charnes_cooper,box_only,True,False,206002636230191.88,0.41663254110330095,0.4871620101591301,False,True,N_above_support;Q_above_A_supported,upper_bound,13.09107642073502,10000.0,1.7053122324083088,0.0,0.0,0.0,0.11988006012024059,0.0,0.0,0.0,0.0,0.49689999999999995,0.0,0.0,0.0,0.0,0.0,0.0,0.0,0.3832199398797595
1.0,206002636230191.88,3848323182.263386,76387848323182.27,0.0,0.0,False,True,False,True,35185,7.854652450236792e+23,2.1448437624113264e+23,5.037873518811358e+19,1e+24,0.0,0.7854652450236792,0.21448437624113265,5.037873518811358e-05,0.0,13091087417.06132,quality_linear,2.0,1e+24,exponential,8192,mixture,0.8047071577351047,lp_vertex_box,lp_vertex_box,analytic_lp_charnes_cooper,box_only,True,False,206002636230191.88,0.4871620101591301,0.4871620101591301,False,True,N_above_support;Q_above_A_supported,upper_bound,13.091087417061319,10000.0,1.7053122323943124,0.0,0.0,0.0,0.11988006012024059,0.0,0.0,0.0,0.0,0.49689999999999995,0.0,0.0,0.0,0.0,0.0,0.0,0.0,0.3832199398797595
1.0,206002636230191.88,3912487936.8349757,125539912487936.83,0.0,0.0,False,True,False,True,35185,4.7793565258192626e+23,5.220331821268186e+23,3.116529125516897e+19,1e+24,0.0,0.4779356525819263,0.5220331821268186,3.1165291255168973e-05,0.0,7965594209.6987705,quality_linear,2.0,1e+24,exponential,32768,fixed_ref,0.8047071577351047,lp_vertex_box,lp_vertex_box,analytic_lp_charnes_cooper,box_only,True,False,206002636230191.88,0.41663254110330095,0.4871620101591301,False,True,N_above_support;Q_above_A_supported,upper_bound,7.965594209698771,10000.0,1.7053211134590478,0.0,0.0,0.0,0.11988006012024059,0.0,0.0,0.0,0.0,0.49689999999999995,0.0,0.0,0.0,0.0,0.0,0.0,0.0,0.3832199398797595
1.0,206002636230191.88,3848323182.263386,125539848323182.27,0.0,0.0,False,True,False,True,35185,4.779358968599324e+23,5.2203344894354215e+23,3.0654196525365342e+19,1e+24,0.0,0.47793589685993243,0.5220334489435422,3.0654196525365346e-05,0.0,7965598280.998874,quality_linear,2.0,1e+24,exponential,32768,mixture,0.8047071577351047,lp_vertex_box,lp_vertex_box,analytic_lp_charnes_cooper,box_only,True,False,206002636230191.88,0.4871620101591301,0.4871620101591301,False,True,N_above_support;Q_above_A_supported,upper_bound,7.965598280998874,10000.0,1.7053211134492612,0.0,0.0,0.0,0.11988006012024059,0.0,0.0,0.0,0.0,0.49689999999999995,0.0,0.0,0.0,0.0,0.0,0.0,0.0,0.3832199398797595
1.0,206002636230191.88,3912487936.8349757,322147912487936.8,-134217728.0,-1.3421772800000001e-16,False,True,False,True,35185,1.8624984882447984e+23,8.137380061707408e+23,1.2145004779385254e+19,1.0000000000000001e+24,-134217728.0,0.18624984882447984,0.8137380061707409,1.2145004779385255e-05,-1.3421772800000001e-16,3104164147.074664,quality_linear,2.0,1e+24,exponential,131072,fixed_ref,0.8047071577351047,lp_vertex_box,lp_vertex_box,analytic_lp_charnes_cooper,box_only,True,False,206002636230191.88,0.41663254110330095,0.4871620101591301,False,True,N_above_support;Q_above_A_supported,upper_bound,3.104164147074664,10000.0,1.705341761899261,0.0,0.0,0.0,0.11988006012024059,0.0,0.0,0.0,0.0,0.49689999999999995,0.0,0.0,0.0,0.0,0.0,0.0,0.0,0.3832199398797595
1.0,206002636230191.88,3848323182.263386,322147848323182.25,-134217728.0,-1.3421772800000001e-16,False,True,False,True,35185,1.8624988592134674e+23,8.137381682494253e+23,1.1945829228083827e+19,1.0000000000000001e+24,-134217728.0,0.18624988592134675,0.8137381682494254,1.1945829228083827e-05,-1.3421772800000001e-16,3104164765.3557787,quality_linear,2.0,1e+24,exponential,131072,mixture,0.8047071577351047,lp_vertex_box,lp_vertex_box,analytic_lp_charnes_cooper,box_only,True,False,206002636230191.88,0.4871620101591301,0.4871620101591301,False,True,N_above_support;Q_above_A_supported,upper_bound,3.1041647653557787,10000.0,1.705341761894296,0.0,0.0,0.0,0.11988006012024059,0.0,0.0,0.0,0.0,0.49689999999999995,0.0,0.0,0.0,0.0,0.0,0.0,0.0,0.3832199398797595
1.0,206002636230191.88,4849345275.903549,64100849345275.91,0.0,0.0,False,True,False,True,35185,9.360250388698145e+23,6.389930932017933e+22,7.565181000617951e+19,1e+24,0.0,0.9360250388698145,0.06389930932017933,7.565181000617952e-05,0.0,15600417314.496906,quality_linear,2.0,1e+24,power,2048,fixed_ref,0.8047071577351047,lp_vertex_box,lp_vertex_box,analytic_lp_charnes_cooper,box_only,True,False,206002636230191.88,0.41663254110330095,0.4871620101591301,False,True,N_above_support;Q_above_A_supported,upper_bound,15.600417314496907,10000.0,1.7053093809042792,0.0,0.0,0.0,0.11988006012024059,0.0,0.0,0.0,0.0,0.49689999999999995,0.0,0.0,0.0,0.0,0.0,0.0,0.0,0.3832199398797595
1.0,206002636230191.88,4718379892.712687,64100718379892.71,-134217728.0,-1.3421772800000001e-16,False,True,False,True,35185,9.360269512801743e+23,6.3899439874059895e+22,7.360884576595885e+19,1.0000000000000001e+24,-134217728.0,0.9360269512801743,0.0638994398740599,7.360884576595886e-05,-1.3421772800000001e-16,15600449188.002903,quality_linear,2.0,1e+24,power,2048,mixture,0.8047071577351047,lp_vertex_box,lp_vertex_box,analytic_lp_charnes_cooper,box_only,True,False,206002636230191.88,0.4871620101591301,0.4871620101591301,False,True,N_above_support;Q_above_A_supported,upper_bound,15.600449188002903,10000.0,1.7053093808718665,0.0,0.0,0.0,0.11988006012024059,0.0,0.0,0.0,0.0,0.49689999999999995,0.0,0.0,0.0,0.0,0.0,0.0,0.0,0.3832199398797595
1.0,206002636230191.88,4849345275.903549,68196849345275.91,134217728.0,1.3421772800000001e-16,False,True,False,True,35185,8.798060405433713e+23,1.201228514021883e+23,7.110805444034007e+19,9.999999999999998e+23,134217728.0,0.8798060405433713,0.1201228514021883,7.110805444034008e-05,1.3421772800000001e-16,14663434009.056189,quality_linear,2.0,1e+24,power,4096,fixed_ref,0.8047071577351047,lp_vertex_box,lp_vertex_box,analytic_lp_charnes_cooper,box_only,True,False,206002636230191.88,0.41663254110330095,0.4871620101591301,False,True,N_above_support;Q_above_A_supported,upper_bound,14.66343400905619,10000.0,1.7053103721272376,0.0,0.0,0.0,0.11988006012024059,0.0,0.0,0.0,0.0,0.49689999999999995,0.0,0.0,0.0,0.0,0.0,0.0,0.0,0.3832199398797595
1.0,206002636230191.88,4718379892.712687,68196718379892.71,-134217728.0,-1.3421772800000001e-16,False,True,False,True,35185,8.798077301281194e+23,1.201230820868259e+23,6.918778505482846e+19,1.0000000000000001e+24,-134217728.0,0.8798077301281194,0.12012308208682591,6.918778505482846e-05,-1.3421772800000001e-16,14663462168.801989,quality_linear,2.0,1e+24,power,4096,mixture,0.8047071577351047,lp_vertex_box,lp_vertex_box,analytic_lp_charnes_cooper,box_only,True,False,206002636230191.88,0.4871620101591301,0.4871620101591301,False,True,N_above_support;Q_above_A_supported,upper_bound,14.663462168801988,10000.0,1.7053103720962386,0.0,0.0,0.0,0.11988006012024059,0.0,0.0,0.0,0.0,0.49689999999999995,0.0,0.0,0.0,0.0,0.0,0.0,0.0,0.3832199398797595
1.0,206002636230191.88,4849345275.903549,76388849345275.9,0.0,0.0,False,True,False,True,35185,7.854549520546033e+23,2.1448156557437704e+23,6.348237101968399e+19,1e+24,0.0,0.7854549520546033,0.21448156557437703,6.348237101968398e-05,0.0,13090915867.576721,quality_linear,2.0,1e+24,power,8192,fixed_ref,0.8047071577351047,lp_vertex_box,lp_vertex_box,analytic_lp_charnes_cooper,box_only,True,False,206002636230191.88,0.41663254110330095,0.4871620101591301,False,True,N_above_support;Q_above_A_supported,upper_bound,13.09091586757672,10000.0,1.7053122326126648,0.0,0.0,0.0,0.11988006012024059,0.0,0.0,0.0,0.0,0.49689999999999995,0.0,0.0,0.0,0.0,0.0,0.0,0.0,0.3832199398797595
1.0,206002636230191.88,4718379892.712687,76388718379892.72,0.0,0.0,False,True,False,True,35185,7.854562986855059e+23,2.144819332943888e+23,6.1768020105370345e+19,1e+24,0.0,0.7854562986855059,0.2144819332943888,6.176802010537034e-05,0.0,13090938311.425097,quality_linear,2.0,1e+24,power,8192,mixture,0.8047071577351047,lp_vertex_box,lp_vertex_box,analytic_lp_charnes_cooper,box_only,True,False,206002636230191.88,0.4871620101591301,0.4871620101591301,False,True,N_above_support;Q_above_A_supported,upper_bound,13.090938311425097,10000.0,1.7053122325840975,0.0,0.0,0.0,0.11988006012024059,0.0,0.0,0.0,0.0,0.49689999999999995,0.0,0.0,0.0,0.0,0.0,0.0,0.0,0.3832199398797595
1.0,206002636230191.88,4849345275.903549,125540849345275.9,0.0,0.0,False,True,False,True,35185,4.779320859538043e+23,5.220292864178087e+23,3.8627628387046834e+19,1e+24,0.0,0.4779320859538043,0.5220292864178087,3.862762838704683e-05,0.0,7965534765.896738,quality_linear,2.0,1e+24,power,32768,fixed_ref,0.8047071577351047,lp_vertex_box,lp_vertex_box,analytic_lp_charnes_cooper,box_only,True,False,206002636230191.88,0.41663254110330095,0.4871620101591301,False,True,N_above_support;Q_above_A_supported,upper_bound,7.965534765896738,10000.0,1.7053211136019428,0.0,0.0,0.0,0.11988006012024059,0.0,0.0,0.0,0.0,0.49689999999999995,0.0,0.0,0.0,0.0,0.0,0.0,0.0,0.3832199398797595
1.0,206002636230191.88,4718379892.712687,125540718379892.72,0.0,0.0,False,True,False,True,35185,4.779325845375274e+23,5.2202983100419e+23,3.7584458282567926e+19,1e+24,0.0,0.4779325845375274,0.52202983100419,3.7584458282567925e-05,0.0,7965543075.625457,quality_linear,2.0,1e+24,power,32768,mixture,0.8047071577351047,lp_vertex_box,lp_vertex_box,analytic_lp_charnes_cooper,box_only,True,False,206002636230191.88,0.4871620101591301,0.4871620101591301,False,True,N_above_support;Q_above_A_supported,upper_bound,7.965543075625456,10000.0,1.7053211135819673,0.0,0.0,0.0,0.11988006012024059,0.0,0.0,0.0,0.0,0.49689999999999995,0.0,0.0,0.0,0.0,0.0,0.0,0.0,0.3832199398797595
1.0,206002636230191.88,4849345275.903549,322148849345275.9,-134217728.0,-1.3421772800000001e-16,False,True,False,True,35185,1.8624930718188786e+23,8.13735639698147e+23,1.5053119965379949e+19,1.0000000000000001e+24,-134217728.0,0.18624930718188787,0.813735639698147,1.5053119965379949e-05,-1.3421772800000001e-16,3104155119.698131,quality_linear,2.0,1e+24,power,131072,fixed_ref,0.8047071577351047,lp_vertex_box,lp_vertex_box,analytic_lp_charnes_cooper,box_only,True,False,206002636230191.88,0.41663254110330095,0.4871620101591301,False,True,N_above_support;Q_above_A_supported,upper_bound,3.104155119698131,10000.0,1.705341761971753,0.0,0.0,0.0,0.11988006012024059,0.0,0.0,0.0,0.0,0.49689999999999995,0.0,0.0,0.0,0.0,0.0,0.0,0.0,0.3832199398797595
1.0,206002636230191.88,4718379892.712687,322148718379892.7,0.0,0.0,False,True,False,True,35185,1.8624938289912804e+23,8.13735970511817e+23,1.4646589055023196e+19,1e+24,0.0,0.18624938289912804,0.813735970511817,1.4646589055023197e-05,0.0,3104156381.652134,quality_linear,2.0,1e+24,power,131072,mixture,0.8047071577351047,lp_vertex_box,lp_vertex_box,analytic_lp_charnes_cooper,box_only,True,False,206002636230191.88,0.4871620101591301,0.4871620101591301,False,True,N_above_support;Q_above_A_supported,upper_bound,3.104156381652134,10000.0,1.7053417619616194,0.0,0.0,0.0,0.11988006012024059,0.0,0.0,0.0,0.0,0.49689999999999995,0.0,0.0,0.0,0.0,0.0,0.0,0.0,0.3832199398797595
1.0,206002636230191.88,1511467178.4002495,64097511467178.4,-134217728.0,-1.3421772800000001e-16,False,True,False,True,35185,9.360737823764569e+23,6.390263687689945e+22,2.358074664371654e+19,1.0000000000000001e+24,-134217728.0,0.9360737823764569,0.06390263687689945,2.3580746643716537e-05,-1.3421772800000001e-16,15601229706.27428,quality_linear,2.0,1e+24,logarithmic,2048,fixed_ref,0.8047071577351047,lp_vertex_box,lp_vertex_box,analytic_lp_charnes_cooper,box_only,True,False,206002636230191.88,0.41663254110330095,0.4871620101591301,False,True,N_above_support;Q_above_A_supported,upper_bound,15.60122970627428,10000.0,1.7053093800781656,0.0,0.0,0.0,0.11988006012024059,0.0,0.0,0.0,0.0,0.49689999999999995,0.0,0.0,0.0,0.0,0.0,0.0,0.0,0.3832199398797595
1.0,206002636230191.88,1255529360.3491163,64097255529360.35,0.0,0.0,False,True,False,True,35185,9.3607752008222e+23,6.3902892037612885e+22,1.9587880167100277e+19,1e+24,0.0,0.93607752008222,0.06390289203761289,1.9587880167100276e-05,0.0,15601292001.370333,quality_linear,2.0,1e+24,logarithmic,2048,mixture,0.8047071577351047,lp_vertex_box,lp_vertex_box,analytic_lp_charnes_cooper,box_only,True,False,206002636230191.88,0.4871620101591301,0.4871620101591301,False,True,N_above_support;Q_above_A_supported,upper_bound,15.601292001370332,10000.0,1.7053093800148205,0.0,0.0,0.0,0.11988006012024059,0.0,0.0,0.0,0.0,0.49689999999999995,0.0,0.0,0.0,0.0,0.0,0.0,0.0,0.3832199398797595
1.0,206002636230191.88,1511467178.4002495,68193511467178.4,0.0,0.0,False,True,False,True,35185,8.798491045424175e+23,1.2012873107352476e+23,2.216438405767857e+19,1e+24,0.0,0.8798491045424176,0.12012873107352476,2.216438405767857e-05,0.0,14664151742.373627,quality_linear,2.0,1e+24,logarithmic,4096,fixed_ref,0.8047071577351047,lp_vertex_box,lp_vertex_box,analytic_lp_charnes_cooper,box_only,True,False,206002636230191.88,0.41663254110330095,0.4871620101591301,False,True,N_above_support;Q_above_A_supported,upper_bound,14.664151742373626,10000.0,1.7053103713371636,0.0,0.0,0.0,0.11988006012024059,0.0,0.0,0.0,0.0,0.49689999999999995,0.0,0.0,0.0,0.0,0.0,0.0,0.0,0.3832199398797595
1.0,206002636230191.88,1255529360.3491163,68193255529360.35,0.0,0.0,False,True,False,True,35185,8.79852406726164e+23,1.2012918193167894e+23,1.8411342156975522e+19,1e+24,0.0,0.879852406726164,0.12012918193167894,1.8411342156975523e-05,0.0,14664206778.769402,quality_linear,2.0,1e+24,logarithmic,4096,mixture,0.8047071577351047,lp_vertex_box,lp_vertex_box,analytic_lp_charnes_cooper,box_only,True,False,206002636230191.88,0.4871620101591301,0.4871620101591301,False,True,N_above_support;Q_above_A_supported,upper_bound,14.664206778769401,10000.0,1.705310371276582,0.0,0.0,0.0,0.11988006012024059,0.0,0.0,0.0,0.0,0.49689999999999995,0.0,0.0,0.0,0.0,0.0,0.0,0.0,0.3832199398797595
1.0,206002636230191.88,1511467178.4002495,76385511467178.4,134217728.0,1.3421772800000001e-16,False,True,False,True,35185,7.854892747007527e+23,2.1449093794495224e+23,1.9787354294926754e+19,9.999999999999998e+23,134217728.0,0.7854892747007527,0.21449093794495225,1.9787354294926756e-05,1.3421772800000001e-16,13091487911.679213,quality_linear,2.0,1e+24,logarithmic,8192,fixed_ref,0.8047071577351047,lp_vertex_box,lp_vertex_box,analytic_lp_charnes_cooper,box_only,True,False,206002636230191.88,0.41663254110330095,0.4871620101591301,False,True,N_above_support;Q_above_A_supported,upper_bound,13.091487911679213,10000.0,1.7053122318845673,0.0,0.0,0.0,0.11988006012024059,0.0,0.0,0.0,0.0,0.49689999999999995,0.0,0.0,0.0,0.0,0.0,0.0,0.0,0.3832199398797595
1.0,206002636230191.88,1255529360.3491163,76385255529360.34,0.0,0.0,False,True,False,True,35185,7.854919065753164e+23,2.1449165662216646e+23,1.6436802517031918e+19,1e+24,0.0,0.7854919065753164,0.21449165662216646,1.6436802517031917e-05,0.0,13091531776.255276,quality_linear,2.0,1e+24,logarithmic,8192,mixture,0.8047071577351047,lp_vertex_box,lp_vertex_box,analytic_lp_charnes_cooper,box_only,True,False,206002636230191.88,0.4871620101591301,0.4871620101591301,False,True,N_above_support;Q_above_A_supported,upper_bound,13.091531776255275,10000.0,1.7053122318287381,0.0,0.0,0.0,0.11988006012024059,0.0,0.0,0.0,0.0,0.49689999999999995,0.0,0.0,0.0,0.0,0.0,0.0,0.0,0.3832199398797595
1.0,206002636230191.88,1511467178.4002495,125537511467178.4,0.0,0.0,False,True,False,True,35185,4.7794479354234223e+23,5.2204316649318236e+23,1.203996447544223e+19,1e+24,0.0,0.47794479354234226,0.5220431664931824,1.2039964475442229e-05,0.0,7965746559.039037,quality_linear,2.0,1e+24,logarithmic,32768,fixed_ref,0.8047071577351047,lp_vertex_box,lp_vertex_box,analytic_lp_charnes_cooper,box_only,True,False,206002636230191.88,0.41663254110330095,0.4871620101591301,False,True,N_above_support;Q_above_A_supported,upper_bound,7.965746559039037,10000.0,1.7053211130928265,0.0,0.0,0.0,0.11988006012024059,0.0,0.0,0.0,0.0,0.49689999999999995,0.0,0.0,0.0,0.0,0.0,0.0,0.0,0.3832199398797595
1.0,206002636230191.88,1255529360.3491163,125537255529360.34,0.0,0.0,False,True,False,True,35185,4.7794576794748665e+23,5.2204423080344145e+23,1.0001249071877919e+19,1e+24,0.0,0.47794576794748667,0.5220442308034414,1.0001249071877919e-05,0.0,7965762799.124778,quality_linear,2.0,1e+24,logarithmic,32768,mixture,0.8047071577351047,lp_vertex_box,lp_vertex_box,analytic_lp_charnes_cooper,box_only,True,False,206002636230191.88,0.4871620101591301,0.4871620101591301,False,True,N_above_support;Q_above_A_supported,upper_bound,7.965762799124778,10000.0,1.7053211130537889,0.0,0.0,0.0,0.11988006012024059,0.0,0.0,0.0,0.0,0.49689999999999995,0.0,0.0,0.0,0.0,0.0,0.0,0.0,0.3832199398797595
1.0,206002636230191.88,1511467178.4002495,322145511467178.4,-134217728.0,-1.3421772800000001e-16,False,True,False,True,35185,1.8625123698522513e+23,8.13744071137581e+23,4.691877193993574e+18,1.0000000000000001e+24,-134217728.0,0.18625123698522514,0.813744071137581,4.691877193993574e-06,-1.3421772800000001e-16,3104187283.0870857,quality_linear,2.0,1e+24,logarithmic,131072,fixed_ref,0.8047071577351047,lp_vertex_box,lp_vertex_box,analytic_lp_charnes_cooper,box_only,True,False,206002636230191.88,0.41663254110330095,0.4871620101591301,False,True,N_above_support;Q_above_A_supported,upper_bound,3.104187283087086,10000.0,1.705341761713474,0.0,0.0,0.0,0.11988006012024059,0.0,0.0,0.0,0.0,0.49689999999999995,0.0,0.0,0.0,0.0,0.0,0.0,0.0,0.3832199398797595
1.0,206002636230191.88,1255529360.3491163,322145255529360.4,134217728.0,1.3421772800000001e-16,False,True,False,True,35185,1.8625138495802428e+23,8.137447176406053e+23,3.8974013703414205e+18,9.999999999999998e+23,134217728.0,0.1862513849580243,0.8137447176406053,3.897401370341421e-06,1.3421772800000001e-16,3104189749.3004045,quality_linear,2.0,1e+24,logarithmic,131072,mixture,0.8047071577351047,lp_vertex_box,lp_vertex_box,analytic_lp_charnes_cooper,box_only,True,False,206002636230191.88,0.4871620101591301,0.4871620101591301,False,True,N_above_support;Q_above_A_supported,upper_bound,3.1041897493004047,10000.0,1.7053417616936701,0.0,0.0,0.0,0.11988006012024059,0.0,0.0,0.0,0.0,0.49689999999999995,0.0,0.0,0.0,0.0,0.0,0.0,0.0,0.3832199398797595
0.6030456680355448,1.0,250931792.60632232,1675940750.0548885,0.0,0.0,False,False,False,False,35185,7.959380306816552e+18,5.433603622786766e+17,1.4972593309047716e+18,1e+19,0.0,0.7959380306816551,0.05433603622786766,0.14972593309047716,0.0,5966798050.391992,mixture_l1,0.0,1e+19,exponential,2048,fixed_ref,0.8047071577351047,dirichlet_a20_4,dirichlet_a20_4,dirichlet_around_p0|lowQ,outside,False,False,1.0,0.41663254110330095,0.39710837194347914,True,True,Q_above_A_supported,interior,5.966798050391992,0.22232416335630398,3.123094642754934,0.07975675893679825,0.15912348484004943,2.3916072319625646e-05,0.04412291332471955,0.006575218355045986,0.17830182371649192,0.10733470897284486,9.068824045565561e-08,0.04560213780581783,2.4674381484862554e-07,0.13022419207132135,0.09768966083516943,3.454312847749183e-05,0.036344172522635734,0.02597204058680974,0.04244271850151176,0.04645137289793162
0.5866115531490714,1.0,151767831.72257438,1477179921.234631,2048.0,2.048e-16,False,False,False,False,35185,8.399198682130787e+18,5.7338529670012845e+17,1.0274160211690829e+18,9.999999999999998e+18,2048.0,0.8399198682130787,0.05733852967001284,0.10274160211690829,2.048e-16,6769656056.279165,mixture_l1,0.0,1e+19,exponential,2048,mixture,0.8047071577351047,lp_vertex_box,lp_vertex_box,analytic_lp_charnes_cooper,box_only,True,False,1.0,0.4871620101591301,0.4871620101591301,True,True,Q_above_A_supported,interior,6.769656056279166,0.20678546079506624,3.113624825848789,0.0,0.0,0.0,0.11988006012024059,0.0,0.0,0.0,0.0,0.49689999999999995,0.0,0.0,0.0,0.0,0.0,0.0,0.0,0.3832199398797595
0.608241527536118,1.0,262734788.9135925,1743842903.639843,2048.0,2.048e-16,False,False,False,False,35185,7.473038597376824e+18,1.0203188698285158e+18,1.5066425327946586e+18,9.999999999999998e+18,2048.0,0.7473038597376824,0.10203188698285158,0.15066425327946587,2.048e-16,5734461504.030816,mixture_l1,0.0,1e+19,exponential,4096,fixed_ref,0.8047071577351047,dirichlet_a20_4,dirichlet_a20_4,dirichlet_around_p0|lowQ,outside,False,False,1.0,0.41663254110330095,0.39710837194347914,True,True,Q_above_A_supported,interior,5.734461504030816,0.21719675544437037,3.1355734585409953,0.07975675893679825,0.15912348484004943,2.3916072319625646e-05,0.04412291332471955,0.006575218355045986,0.17830182371649192,0.10733470897284486,9.068824045565561e-08,0.04560213780581783,2.4674381484862554e-07,0.13022419207132135,0.09768966083516943,3.454312847749183e-05,0.036344172522635734,0.02597204058680974,0.04244271850151176,0.04645137289793162
0.5925194467920385,1.0,163954273.44628134,1545950194.954798,0.0,0.0,False,False,False,False,35185,7.865549804397993e+18,1.0739097332938062e+18,1.0605404623082001e+18,1e+19,0.0,0.7865549804397993,0.10739097332938062,0.10605404623082,0.0,6468513689.920257,mixture_l1,0.0,1e+19,exponential,4096,mixture,0.8047071577351047,lp_vertex_box,lp_vertex_box,analytic_lp_charnes_cooper,box_only,True,False,1.0,0.4871620101591301,0.4871620101591301,True,True,Q_above_A_supported,interior,6.468513689920257,0.20266247089226253,3.126407217922416,0.0,0.0,0.0,0.11988006012024059,0.0,0.0,0.0,0.0,0.49689999999999995,0.0,0.0,0.0,0.0,0.0,0.0,0.0,0.3832199398797595
0.6176065198096063,1.0,284960360.23435986,1873028248.002214,-2048.0,-2.048e-16,False,False,False,False,35185,6.65999019559207e+18,1.8186213227430077e+18,1.521388481664923e+18,1.0000000000000002e+19,-2048.0,0.665999019559207,0.1818621322743008,0.15213884816649229,-2.048e-16,5338947776.503678,mixture_l1,0.0,1e+19,exponential,8192,fixed_ref,0.8047071577351047,dirichlet_a20_4,dirichlet_a20_4,dirichlet_around_p0|lowQ,outside,False,False,1.0,0.41663254110330095,0.39710837194347914,True,True,Q_above_A_supported,interior,5.338947776503678,0.2079058294626956,3.158689755020952,0.07975675893679825,0.15912348484004943,2.3916072319625646e-05,0.04412291332471955,0.006575218355045986,0.17830182371649192,0.10733470897284486,9.068824045565561e-08,0.04560213780581783,2.4674381484862554e-07,0.13022419207132135,0.09768966083516943,3.454312847749183e-05,0.036344172522635734,0.02597204058680974,0.04244271850151176,0.04645137289793162
0.6032138283401868,1.0,187143299.96861866,1678068071.8653698,0.0,0.0,False,False,False,False,35185,6.979029104254854e+18,1.9057402140685258e+18,1.1152306816766193e+18,1e+19,0.0,0.6979029104254855,0.1905740214068526,0.11152306816766193,0.0,5959233816.351577,mixture_l1,0.0,1e+19,exponential,8192,mixture,0.8047071577351047,lp_vertex_box,lp_vertex_box,analytic_lp_charnes_cooper,box_only,True,False,1.0,0.4871620101591301,0.4871620101591301,True,True,Q_above_A_supported,interior,5.959233816351577,0.19518809854115407,3.1500467143848034,0.0,0.0,0.0,0.11988006012024059,0.0,0.0,0.0,0.0,0.49689999999999995,0.0,0.0,0.0,0.0,0.0,0.0,0.0,0.3832199398797595
0.6579444350341169,1.0,396343228.47152686,2541776212.0372643,0.0,0.0,False,False,False,False,35185,4.034229549570887e+18,4.4064544626779617e+18,1.559315987751152e+18,1e+19,0.0,0.40342295495708874,0.44064544626779617,0.15593159877511523,0.0,3934256663.762259,mixture_l1,0.0,1e+19,exponential,32768,fixed_ref,0.8047071577351047,dirichlet_a20_4,dirichlet_a20_4,dirichlet_around_p0|lowQ,outside,False,False,1.0,0.41663254110330095,0.39710837194347914,True,True,Q_above_A_supported,interior,3.934256663762259,0.17090181171661814,3.264133767913078,0.07975675893679825,0.15912348484004943,2.3916072319625646e-05,0.04412291332471955,0.006575218355045986,0.17830182371649192,0.10733470897284486,9.068824045565561e-08,0.04560213780581783,2.4674381484862554e-07,0.13022419207132135,0.09768966083516943,3.454312847749183e-05,0.036344172522635734,0.02597204058680974,0.04244271850151176,0.04645137289793162
0.647851246975936,1.0,301731400.4387903,2355894640.5392256,-2048.0,-2.048e-16,False,False,False,False,35185,4.1673699217948605e+18,4.5518792532458004e+18,1.280750824959341e+18,1.0000000000000002e+19,-2048.0,0.41673699217948607,0.45518792532458,0.1280750824959341,-2.048e-16,4244671993.3583975,mixture_l1,0.0,1e+19,exponential,32768,mixture,0.8047071577351047,lp_vertex_box,lp_vertex_box,analytic_lp_charnes_cooper,box_only,True,False,1.0,0.4871620101591301,0.4871620101591301,True,True,Q_above_A_supported,interior,4.244671993358398,0.16363140773168142,3.2573793165752876,0.0,0.0,0.0,0.11988006012024059,0.0,0.0,0.0,0.0,0.49689999999999995,0.0,0.0,0.0,0.0,0.0,0.0,0.0,0.3832199398797595
0.7325221309794708,1.0,688753932.5037249,4427190765.517844,0.0,0.0,False,False,False,False,35185,1.5727620252522634e+18,6.871502139128822e+18,1.5557358356189153e+18,1e+19,0.0,0.15727620252522634,0.6871502139128822,0.15557358356189152,0.0,2258768715.7931423,mixture_l1,0.0,1e+19,exponential,131072,fixed_ref,0.8047071577351047,dirichlet_a20_4,dirichlet_a20_4,dirichlet_around_p0|lowQ,outside,False,False,1.0,0.41663254110330095,0.39710837194347914,True,True,Q_above_A_supported,interior,2.2587687157931424,0.11604862524256605,3.4850599226598504,0.07975675893679825,0.15912348484004943,2.3916072319625646e-05,0.04412291332471955,0.006575218355045986,0.17830182371649192,0.10733470897284486,9.068824045565561e-08,0.04560213780581783,2.4674381484862554e-07,0.13022419207132135,0.09768966083516943,3.454312847749183e-05,0.036344172522635734,0.02597204058680974,0.04244271850151176,0.04645137289793162
0.7269924055681791,1.0,598137570.7581292,4250355747.6149907,0.0,0.0,False,False,False,False,35185,1.600415083213991e+18,6.992320192900808e+18,1.4072647238852022e+18,1e+19,0.0,0.1600415083213991,0.6992320192900807,0.1407264723885202,0.0,2352744239.2584,mixture_l1,0.0,1e+19,exponential,131072,mixture,0.8047071577351047,lp_vertex_box,lp_vertex_box,analytic_lp_charnes_cooper,box_only,True,False,1.0,0.4871620101591301,0.4871620101591301,True,True,Q_above_A_supported,interior,2.3527442392584,0.1133722241251385,3.4806973867446125,0.0,0.0,0.0,0.11988006012024059,0.0,0.0,0.0,0.0,0.49689999999999995,0.0,0.0,0.0,0.0,0.0,0.0,0.0,0.3832199398797595
0.48047627580495555,1.0,115821090.72609812,1324611282.9744613,0.0,0.0,False,False,False,False,35185,8.542456979959607e+18,5.831650631652425e+17,8.743779568751503e+17,1e+19,0.0,0.8542456979959607,0.05831650631652425,0.08743779568751503,0.0,7549384584.3926735,mixture_l1,0.0,1e+19,power,2048,fixed_ref,0.8047071577351047,dirichlet_a20_4,dirichlet_a20_4,dirichlet_around_p0|lowQ,outside,False,False,1.0,0.41663254110330095,0.39710837194347914,True,True,,interior,7.549384584392674,0.1885905816663073,3.144776393094138,0.07975675893679825,0.15912348484004943,2.3916072319625646e-05,0.04412291332471955,0.006575218355045986,0.17830182371649192,0.10733470897284486,9.068824045565561e-08,0.04560213780581783,2.4674381484862554e-07,0.13022419207132135,0.09768966083516943,3.454312847749183e-05,0.036344172522635734,0.02597204058680974,0.04244271850151176,0.04645137289793162
0.4871620101591301,1.0,0.0,1092188487.1270564,2048.0,2.048e-16,False,False,True,False,35185,9.360958562156763e+18,6.390414378432352e+17,0.0,9.999999999999998e+18,2048.0,0.9360958562156763,0.06390414378432352,0.0,2.048e-16,9155928777.737318,mixture_l1,0.0,1e+19,power,2048,mixture,0.8047071577351047,lp_vertex_box,lp_vertex_box,analytic_lp_charnes_cooper,box_only,True,False,1.0,0.4871620101591301,0.4871620101591301,True,True,,lower_bound_Q0,9.155928777737318,0.17039885283435102,3.1205560958320886,0.0,0.0,0.0,0.11988006012024059,0.0,0.0,0.0,0.0,0.49689999999999995,0.0,0.0,0.0,0.0,0.0,0.0,0.0,0.3832199398797595
0.4868388702233223,1.0,130218919.41181356,1396198676.3936071,0.0,0.0,False,False,False,False,35185,7.978061168498995e+18,1.0892712848723962e+18,9.326675466286081e+17,1e+19,0.0,0.7978061168498995,0.10892712848723962,0.09326675466286082,0.0,7162304455.00069,mixture_l1,0.0,1e+19,power,4096,fixed_ref,0.8047071577351047,dirichlet_a20_4,dirichlet_a20_4,dirichlet_around_p0|lowQ,outside,False,False,1.0,0.41663254110330095,0.39710837194347914,True,True,,interior,7.16230445500069,0.1856493073940922,3.157956094805795,0.07975675893679825,0.15912348484004943,2.3916072319625646e-05,0.04412291332471955,0.006575218355045986,0.17830182371649192,0.10733470897284486,9.068824045565561e-08,0.04560213780581783,2.4674381484862554e-07,0.13022419207132135,0.09768966083516943,3.454312847749183e-05,0.036344172522635734,0.02597204058680974,0.04244271850151176,0.04645137289793162
0.4871620101591301,1.0,0.0,1130177771.7297752,0.0,0.0,False,False,True,False,35185,8.798686062881276e+18,1.2013139371187236e+18,0.0,1e+19,0.0,0.8798686062881276,0.12013139371187236,0.0,0.0,8848165527.706905,mixture_l1,0.0,1e+19,power,4096,mixture,0.8047071577351047,lp_vertex_box,lp_vertex_box,analytic_lp_charnes_cooper,box_only,True,False,1.0,0.4871620101591301,0.4871620101591301,True,True,,lower_bound_Q0,8.848165527706906,0.16573465681161648,3.1342261183006808,0.0,0.0,0.0,0.11988006012024059,0.0,0.0,0.0,0.0,0.49689999999999995,0.0,0.0,0.0,0.0,0.0,0.0,0.0,0.3832199398797595
0.4984128806078329,1.0,157896329.58588284,1533761037.1259584,0.0,0.0,False,False,False,False,35185,7.046393344218804e+18,1.9241351425280148e+18,1.0294715132531807e+18,1e+19,0.0,0.7046393344218804,0.19241351425280148,0.10294715132531806,0.0,6519920481.705887,mixture_l1,0.0,1e+19,power,8192,fixed_ref,0.8047071577351047,dirichlet_a20_4,dirichlet_a20_4,dirichlet_around_p0|lowQ,outside,False,False,1.0,0.41663254110330095,0.39710837194347914,True,True,Q_above_A_supported,interior,6.519920481705887,0.18012472606044141,3.1822819379431824,0.07975675893679825,0.15912348484004943,2.3916072319625646e-05,0.04412291332471955,0.006575218355045986,0.17830182371649192,0.10733470897284486,9.068824045565561e-08,0.04560213780581783,2.4674381484862554e-07,0.13022419207132135,0.09768966083516943,3.454312847749183e-05,0.036344172522635734,0.02597204058680974,0.04244271850151176,0.04645137289793162
0.4871620101591301,1.0,0.0,1202898723.4326851,0.0,0.0,False,False,True,False,35185,7.855048177628824e+18,2.1449518223711772e+18,0.0,1e+19,0.0,0.7855048177628824,0.21449518223711772,0.0,0.0,8313251818.460014,mixture_l1,0.0,1e+19,power,8192,mixture,0.8047071577351047,lp_vertex_box,lp_vertex_box,analytic_lp_charnes_cooper,box_only,True,False,1.0,0.4871620101591301,0.4871620101591301,True,True,,lower_bound_Q0,8.313251818460014,0.1574804570895325,3.159600787990327,0.0,0.0,0.0,0.11988006012024059,0.0,0.0,0.0,0.0,0.49689999999999995,0.0,0.0,0.0,0.0,0.0,0.0,0.0,0.3832199398797595
0.5486758208663725,1.0,302486206.87324995,2252427875.020917,-2048.0,-2.048e-16,False,False,False,False,35185,4.137649419509069e+18,4.519416539282439e+18,1.3429340412084936e+18,1.0000000000000002e+19,-2048.0,0.4137649419509069,0.4519416539282439,0.13429340412084936,-2.048e-16,4439653811.293352,mixture_l1,0.0,1e+19,power,32768,fixed_ref,0.8047071577351047,dirichlet_a20_4,dirichlet_a20_4,dirichlet_around_p0|lowQ,outside,False,False,1.0,0.41663254110330095,0.39710837194347914,True,True,Q_above_A_supported,interior,4.439653811293352,0.15532928149277236,3.2920403920010926,0.07975675893679825,0.15912348484004943,2.3916072319625646e-05,0.04412291332471955,0.006575218355045986,0.17830182371649192,0.10733470897284486,9.068824045565561e-08,0.04560213780581783,2.4674381484862554e-07,0.13022419207132135,0.09768966083516943,3.454312847749183e-05,0.036344172522635734,0.02597204058680974,0.04244271850151176,0.04645137289793162
0.5166296810553865,1.0,74574563.69677049,1770610121.5358574,-2048.0,-2.048e-16,False,False,False,False,35185,4.5782022508617974e+18,5.000617711874646e+18,4.211800372635577e+17,1.0000000000000002e+19,-2048.0,0.45782022508617976,0.5000617711874646,0.04211800372635577,-2.048e-16,5647770719.465801,mixture_l1,0.0,1e+19,power,32768,mixture,0.8047071577351047,lp_vertex_box,lp_vertex_box,analytic_lp_charnes_cooper,box_only,True,False,1.0,0.4871620101591301,0.4871620101591301,True,True,Q_above_A_supported,interior,5.647770719465801,0.13510352073023574,3.275414010310695,0.0,0.0,0.0,0.11988006012024059,0.0,0.0,0.0,0.0,0.49689999999999995,0.0,0.0,0.0,0.0,0.0,0.0,0.0,0.3832199398797595
0.6468837880134354,1.0,724883422.7482328,4352071263.592047,-2048.0,-2.048e-16,False,False,False,False,35185,1.5522985514610844e+18,6.782095857903576e+18,1.6656055906353416e+18,1.0000000000000002e+19,-2048.0,0.15522985514610843,0.6782095857903576,0.16656055906353415,-2.048e-16,2297756492.0998907,mixture_l1,0.0,1e+19,power,131072,fixed_ref,0.8047071577351047,dirichlet_a20_4,dirichlet_a20_4,dirichlet_around_p0|lowQ,outside,False,False,1.0,0.41663254110330095,0.39710837194347914,True,True,Q_above_A_supported,interior,2.2977564920998907,0.11259523197215576,3.5175301707482776,0.07975675893679825,0.15912348484004943,2.3916072319625646e-05,0.04412291332471955,0.006575218355045986,0.17830182371649192,0.10733470897284486,9.068824045565561e-08,0.04560213780581783,2.4674381484862554e-07,0.13022419207132135,0.09768966083516943,3.454312847749183e-05,0.036344172522635734,0.02597204058680974,0.04244271850151176,0.04645137289793162
0.63036005260243,1.0,507830088.36068547,3924030811.3692913,-2048.0,-2.048e-16,False,False,False,False,35185,1.6214821604583939e+18,7.084363657853422e+18,1.294154181688186e+18,1.0000000000000002e+19,-2048.0,0.16214821604583937,0.7084363657853422,0.1294154181688186,-2.048e-16,2548399969.4973083,mixture_l1,0.0,1e+19,power,131072,mixture,0.8047071577351047,lp_vertex_box,lp_vertex_box,analytic_lp_charnes_cooper,box_only,True,False,1.0,0.4871620101591301,0.4871620101591301,True,True,Q_above_A_supported,interior,2.548399969497308,0.10604576596207306,3.5080352840918674,0.0,0.0,0.0,0.11988006012024059,0.0,0.0,0.0,0.0,0.49689999999999995,0.0,0.0,0.0,0.0,0.0,0.0,0.0,0.3832199398797595
1.0,1.0,1511467178.4002495,3981774170.41641,0.0,0.0,False,False,False,True,35185,5.807572302788601e+18,3.9646360253703514e+17,3.795964094674364e+18,1e+19,0.0,0.5807572302788601,0.039646360253703515,0.3795964094674364,0.0,2511443284.32725,mixture_l1,0.0,1e+19,logarithmic,2048,fixed_ref,0.8047071577351047,dirichlet_a20_4,dirichlet_a20_4,dirichlet_around_p0|lowQ,outside,False,False,1.0,0.41663254110330095,0.39710837194347914,True,True,Q_above_A_supported,upper_bound,2.51144328432725,0.3854073564678233,3.1378169416872645,0.07975675893679825,0.15912348484004943,2.3916072319625646e-05,0.04412291332471955,0.006575218355045986,0.17830182371649192,0.10733470897284486,9.068824045565561e-08,0.04560213780581783,2.4674381484862554e-07,0.13022419207132135,0.09768966083516943,3.454312847749183e-05,0.036344172522635734,0.02597204058680974,0.04244271850151176,0.04645137289793162
1.0,1.0,1255529360.3491163,3593025636.1765537,0.0,0.0,False,False,False,True,35185,6.089910841966841e+18,4.157379134782697e+17,3.494351244554889e+18,1e+19,0.0,0.6089910841966841,0.04157379134782697,0.3494351244554889,0.0,2783169677.197544,mixture_l1,0.0,1e+19,logarithmic,2048,mixture,0.8047071577351047,lp_vertex_box,lp_vertex_box,analytic_lp_charnes_cooper,box_only,True,False,1.0,0.4871620101591301,0.4871620101591301,True,True,Q_above_A_supported,upper_bound,2.7831696771975443,0.3646867629536067,3.1199331582231613,0.0,0.0,0.0,0.11988006012024059,0.0,0.0,0.0,0.0,0.49689999999999995,0.0,0.0,0.0,0.0,0.0,0.0,0.0,0.3832199398797595
1.0,1.0,1511467178.4002495,4040222218.435064,0.0,0.0,False,False,False,True,35185,5.507053950070423e+18,7.51896432649615e+17,3.741049617279962e+18,1e+19,0.0,0.5507053950070423,0.0751896432649615,0.37410496172799623,0.0,2475111382.3321805,mixture_l1,0.0,1e+19,logarithmic,4096,fixed_ref,0.8047071577351047,dirichlet_a20_4,dirichlet_a20_4,dirichlet_around_p0|lowQ,outside,False,False,1.0,0.41663254110330095,0.39710837194347914,True,True,Q_above_A_supported,upper_bound,2.4751113823321806,0.3708286954532517,3.148193680538305,0.07975675893679825,0.15912348484004943,2.3916072319625646e-05,0.04412291332471955,0.006575218355045986,0.17830182371649192,0.10733470897284486,9.068824045565561e-08,0.04560213780581783,2.4674381484862554e-07,0.13022419207132135,0.09768966083516943,3.454312847749183e-05,0.036344172522635734,0.02597204058680974,0.04244271850151176,0.04645137289793162
1.0,1.0,1255529360.3491163,3650095082.5862436,2048.0,2.048e-16,False,False,False,True,35185,5.772187181483711e+18,7.880959565119095e+17,3.439716862004377e+18,9.999999999999998e+18,2048.0,0.5772187181483711,0.07880959565119094,0.3439716862004377,2.048e-16,2739654659.328651,mixture_l1,0.0,1e+19,logarithmic,4096,mixture,0.8047071577351047,lp_vertex_box,lp_vertex_box,analytic_lp_charnes_cooper,box_only,True,False,1.0,0.4871620101591301,0.4871620101591301,True,True,Q_above_A_supported,upper_bound,2.739654659328651,0.35115053411501745,3.1305053550874593,0.0,0.0,0.0,0.11988006012024059,0.0,0.0,0.0,0.0,0.49689999999999995,0.0,0.0,0.0,0.0,0.0,0.0,0.0,0.3832199398797595
1.0,1.0,1511467178.4002495,4153809397.8379445,0.0,0.0,False,False,False,True,35185,4.996792930910386e+18,1.3644575896672627e+18,3.6387494794223524e+18,1e+19,0.0,0.4996792930910386,0.13644575896672628,0.36387494794223524,0.0,2407428709.9463434,mixture_l1,0.0,1e+19,logarithmic,8192,fixed_ref,0.8047071577351047,dirichlet_a20_4,dirichlet_a20_4,dirichlet_around_p0|lowQ,outside,False,False,1.0,0.41663254110330095,0.39710837194347914,True,True,Q_above_A_supported,upper_bound,2.4074287099463434,0.3459287572577628,3.1675507884615346,0.07975675893679825,0.15912348484004943,2.3916072319625646e-05,0.04412291332471955,0.006575218355045986,0.17830182371649192,0.10733470897284486,9.068824045565561e-08,0.04560213780581783,2.4674381484862554e-07,0.13022419207132135,0.09768966083516943,3.454312847749183e-05,0.036344172522635734,0.02597204058680974,0.04244271850151176,0.04645137289793162
1.0,1.0,1255529360.3491163,3760114103.158821,0.0,0.0,False,False,False,True,35185,5.232190641022509e+18,1.4287368577085466e+18,3.339072501268946e+18,1e+19,0.0,0.5232190641022509,0.14287368577085466,0.3339072501268946,0.0,2659493761.532166,mixture_l1,0.0,1e+19,logarithmic,8192,mixture,0.8047071577351047,lp_vertex_box,lp_vertex_box,analytic_lp_charnes_cooper,box_only,True,False,1.0,0.4871620101591301,0.4871620101591301,True,True,Q_above_A_supported,upper_bound,2.659493761532166,0.32789389699540544,3.150221438288524,0.0,0.0,0.0,0.11988006012024059,0.0,0.0,0.0,0.0,0.49689999999999995,0.0,0.0,0.0,0.0,0.0,0.0,0.0,0.3832199398797595
1.0,1.0,1511467178.4002495,4722624771.07243,0.0,0.0,False,False,False,True,35185,3.2498337379955395e+18,3.549685064221262e+18,3.200481197783199e+18,1e+19,0.0,0.32498337379955394,0.3549685064221262,0.32004811977831993,0.0,2117466554.0343504,mixture_l1,0.0,1e+19,logarithmic,32768,fixed_ref,0.8047071577351047,dirichlet_a20_4,dirichlet_a20_4,dirichlet_around_p0|lowQ,outside,False,False,1.0,0.41663254110330095,0.39710837194347914,True,True,Q_above_A_supported,upper_bound,2.1174665540343502,0.2557957552154107,3.2579055861422845,0.07975675893679825,0.15912348484004943,2.3916072319625646e-05,0.04412291332471955,0.006575218355045986,0.17830182371649192,0.10733470897284486,9.068824045565561e-08,0.04560213780581783,2.4674381484862554e-07,0.13022419207132135,0.09768966083516943,3.454312847749183e-05,0.036344172522635734,0.02597204058680974,0.04244271850151176,0.04645137289793162
1.0,1.0,1255529360.3491163,4314262720.68811,-2048.0,-2.048e-16,False,False,False,True,35185,3.388581967672919e+18,3.701235130556873e+18,2.9101829017702093e+18,1.0000000000000002e+19,-2048.0,0.3388581967672919,0.3701235130556873,0.2910182901770209,-2.048e-16,2317893148.2422643,mixture_l1,0.0,1e+19,logarithmic,32768,mixture,0.8047071577351047,lp_vertex_box,lp_vertex_box,analytic_lp_charnes_cooper,box_only,True,False,1.0,0.4871620101591301,0.4871620101591301,True,True,Q_above_A_supported,upper_bound,2.3178931482422644,0.24365388098545393,3.242157220938604,0.0,0.0,0.0,0.11988006012024059,0.0,0.0,0.0,0.0,0.49689999999999995,0.0,0.0,0.0,0.0,0.0,0.0,0.0,0.3832199398797595
1.0,1.0,1511467178.4002495,6253268793.687507,0.0,0.0,False,False,False,True,35185,1.4123342355043727e+18,6.170582430534305e+18,2.417083333961322e+18,1e+19,0.0,0.14123342355043728,0.6170582430534305,0.2417083333961322,0.0,1599163626.2453182,mixture_l1,0.0,1e+19,logarithmic,131072,fixed_ref,0.8047071577351047,dirichlet_a20_4,dirichlet_a20_4,dirichlet_around_p0|lowQ,outside,False,False,1.0,0.41663254110330095,0.39710837194347914,True,True,Q_above_A_supported,upper_bound,1.5991636262453182,0.1471950933522666,3.4563929533589386,0.07975675893679825,0.15912348484004943,2.3916072319625646e-05,0.04412291332471955,0.006575218355045986,0.17830182371649192,0.10733470897284486,9.068824045565561e-08,0.04560213780581783,2.4674381484862554e-07,0.13022419207132135,0.09768966083516943,3.454312847749183e-05,0.036344172522635734,0.02597204058680974,0.04244271850151176,0.04645137289793162
1.0,1.0,1255529360.3491163,5816844168.126985,0.0,0.0,False,False,False,True,35185,1.460507599443985e+18,6.381055069144067e+18,2.1584373314119483e+18,1e+19,0.0,0.14605075994439848,0.6381055069144067,0.21584373314119482,0.0,1719145246.2822268,mixture_l1,0.0,1e+19,logarithmic,131072,mixture,0.8047071577351047,lp_vertex_box,lp_vertex_box,analytic_lp_charnes_cooper,box_only,True,False,1.0,0.4871620101591301,0.4871620101591301,True,True,Q_above_A_supported,upper_bound,1.7191452462822268,0.1415924185388481,3.4436104313602693,0.0,0.0,0.0,0.11988006012024059,0.0,0.0,0.0,0.0,0.49689999999999995,0.0,0.0,0.0,0.0,0.0,0.0,0.0,0.3832199398797595
1.0,1.0,3912487936.8349757,40078247798.1106,0.0,0.0,False,False,False,True,35185,8.44713025219315e+21,5.766574252163857e+20,9.762123225904655e+20,1e+22,0.0,0.8447130252193149,0.05766574252163857,0.09762123225904655,0.0,249511906068.69363,mixture_l1,0.0,1e+22,exponential,2048,fixed_ref,0.8047071577351047,dirichlet_a20_4,dirichlet_a20_4,dirichlet_around_p0|lowQ,outside,False,False,1.0,0.41663254110330095,0.39710837194347914,True,True,Q_above_A_supported,upper_bound,249.51190606869363,5.6424363238385595,2.1509865641797186,0.07975675893679825,0.15912348484004943,2.3916072319625646e-05,0.04412291332471955,0.006575218355045986,0.17830182371649192,0.10733470897284486,9.068824045565561e-08,0.04560213780581783,2.4674381484862554e-07,0.13022419207132135,0.09768966083516943,3.454312847749183e-05,0.036344172522635734,0.02597204058680974,0.04244271850151176,0.04645137289793162
1.0,1.0,3848323182.263386,39943091699.78389,0.0,0.0,False,False,False,True,35185,8.459075600424242e+21,5.77472894322295e+20,9.634515052534622e+20,1e+22,0.0,0.8459075600424242,0.057747289432229496,0.09634515052534622,0.0,250356183621.46225,mixture_l1,0.0,1e+22,exponential,2048,mixture,0.8047071577351047,lp_vertex_box,lp_vertex_box,analytic_lp_charnes_cooper,box_only,True,False,1.0,0.4871620101591301,0.4871620101591301,True,True,Q_above_A_supported,upper_bound,250.35618362146224,5.6313605400524995,2.1508678444832126,0.0,0.0,0.0,0.11988006012024059,0.0,0.0,0.0,0.0,0.49689999999999995,0.0,0.0,0.0,0.0,0.0,0.0,0.0,0.3832199398797595
1.0,1.0,3912487936.8349757,41189414207.282074,0.0,0.0,False,False,False,True,35185,7.962919064404883e+21,1.0872038829267468e+21,9.498770526683694e+20,1e+22,0.0,0.7962919064404883,0.10872038829267468,0.09498770526683695,0.0,242780825910.16922,mixture_l1,0.0,1e+22,exponential,4096,fixed_ref,0.8047071577351047,dirichlet_a20_4,dirichlet_a20_4,dirichlet_around_p0|lowQ,outside,False,False,1.0,0.41663254110330095,0.39710837194347914,True,True,Q_above_A_supported,upper_bound,242.78082591016923,5.466466194047263,2.155148529080297,0.07975675893679825,0.15912348484004943,2.3916072319625646e-05,0.04412291332471955,0.006575218355045986,0.17830182371649192,0.10733470897284486,9.068824045565561e-08,0.04560213780581783,2.4674381484862554e-07,0.13022419207132135,0.09768966083516943,3.454312847749183e-05,0.036344172522635734,0.02597204058680974,0.04244271850151176,0.04645137289793162
1.0,1.0,3848323182.263386,41070356600.557144,0.0,0.0,False,False,False,True,35185,7.974242587053641e+21,1.0887499212190573e+21,9.370074917273011e+20,1e+22,0.0,0.7974242587053642,0.10887499212190573,0.09370074917273012,0.0,243484615857.0813,mixture_l1,0.0,1e+22,exponential,4096,mixture,0.8047071577351047,lp_vertex_box,lp_vertex_box,analytic_lp_charnes_cooper,box_only,True,False,1.0,0.4871620101591301,0.4871620101591301,True,True,Q_above_A_supported,upper_bound,243.4846158570813,5.45841644449404,2.15503214974923,0.0,0.0,0.0,0.11988006012024059,0.0,0.0,0.0,0.0,0.49689999999999995,0.0,0.0,0.0,0.0,0.0,0.0,0.0,0.3832199398797595
1.0,1.0,3912487936.8349757,43354802948.54913,0.0,0.0,False,False,False,True,35185,7.146181359004317e+21,1.9513839230987794e+21,9.02434717896903e+20,1e+22,0.0,0.7146181359004318,0.19513839230987795,0.09024347178969029,0.0,230654952159.9117,mixture_l1,0.0,1e+22,exponential,8192,fixed_ref,0.8047071577351047,dirichlet_a20_4,dirichlet_a20_4,dirichlet_around_p0|lowQ,outside,False,False,1.0,0.41663254110330095,0.39710837194347914,True,True,Q_above_A_supported,upper_bound,230.65495215991172,5.163688077570455,2.1628865766765566,0.07975675893679825,0.15912348484004943,2.3916072319625646e-05,0.04412291332471955,0.006575218355045986,0.17830182371649192,0.10733470897284486,9.068824045565561e-08,0.04560213780581783,2.4674381484862554e-07,0.13022419207132135,0.09768966083516943,3.454312847749183e-05,0.036344172522635734,0.02597204058680974,0.04244271850151176,0.04645137289793162
1.0,1.0,3848323182.263386,43232556657.13599,0.0,0.0,False,False,False,True,35185,7.155835215520204e+21,1.9540200695180503e+21,8.901447149617463e+20,1e+22,0.0,0.7155835215520204,0.19540200695180504,0.08901447149617463,0.0,231307162315.3565,mixture_l1,0.0,1e+22,exponential,8192,mixture,0.8047071577351047,lp_vertex_box,lp_vertex_box,analytic_lp_charnes_cooper,box_only,True,False,1.0,0.4871620101591301,0.4871620101591301,True,True,Q_above_A_supported,upper_bound,231.3071623153565,5.156084189735101,2.162774398856746,0.0,0.0,0.0,0.11988006012024059,0.0,0.0,0.0,0.0,0.49689999999999995,0.0,0.0,0.0,0.0,0.0,0.0,0.0,0.3832199398797595
1.0,1.0,3912487936.8349757,54506791222.02612,0.0,0.0,False,False,False,True,35185,4.4364334133819547e+21,4.845768336323329e+21,7.177982502947164e+20,1e+22,0.0,0.4436433413381955,0.4845768336323329,0.07177982502947164,0.0,183463377238.00943,mixture_l1,0.0,1e+22,exponential,32768,fixed_ref,0.8047071577351047,dirichlet_a20_4,dirichlet_a20_4,dirichlet_around_p0|lowQ,outside,False,False,1.0,0.41663254110330095,0.39710837194347914,True,True,Q_above_A_supported,upper_bound,183.46337723800943,4.030262497227182,2.198591790044161,0.07975675893679825,0.15912348484004943,2.3916072319625646e-05,0.04412291332471955,0.006575218355045986,0.17830182371649192,0.10733470897284486,9.068824045565561e-08,0.04560213780581783,2.4674381484862554e-07,0.13022419207132135,0.09768966083516943,3.454312847749183e-05,0.036344172522635734,0.02597204058680974,0.04244271850151176,0.04645137289793162
1.0,1.0,3848323182.263386,54368122856.56438,0.0,0.0,False,False,False,True,35185,4.441199120559864e+21,4.850973759416855e+21,7.078271200232805e+20,1e+22,0.0,0.4441199120559864,0.4850973759416855,0.07078271200232805,0.0,183931308910.22855,mixture_l1,0.0,1e+22,exponential,32768,mixture,0.8047071577351047,lp_vertex_box,lp_vertex_box,analytic_lp_charnes_cooper,box_only,True,False,1.0,0.4871620101591301,0.4871620101591301,True,True,Q_above_A_supported,upper_bound,183.93130891022855,4.024327656951073,2.198496687882821,0.0,0.0,0.0,0.11988006012024059,0.0,0.0,0.0,0.0,0.49689999999999995,0.0,0.0,0.0,0.0,0.0,0.0,0.0,0.3832199398797595
1.0,1.0,3912487936.8349757,86032697112.7559,-2097152.0,-2.097152e-16,False,False,False,True,35185,1.7778196913911397e+21,7.767412753000649e+21,4.547675556082129e+20,1.0000000000000002e+22,-2097152.0,0.17778196913911398,0.7767412753000649,0.04547675556082129,-2.097152e-16,116234877384.97646,mixture_l1,0.0,1e+22,exponential,131072,fixed_ref,0.8047071577351047,dirichlet_a20_4,dirichlet_a20_4,dirichlet_around_p0|lowQ,outside,False,False,1.0,0.41663254110330095,0.39710837194347914,True,True,Q_above_A_supported,upper_bound,116.23487738497646,2.549177050509118,2.2750259140022036,0.07975675893679825,0.15912348484004943,2.3916072319625646e-05,0.04412291332471955,0.006575218355045986,0.17830182371649192,0.10733470897284486,9.068824045565561e-08,0.04560213780581783,2.4674381484862554e-07,0.13022419207132135,0.09768966083516943,3.454312847749183e-05,0.036344172522635734,0.02597204058680974,0.04244271850151176,0.04645137289793162
1.0,1.0,3848323182.263386,85887894100.66725,-4194304.0,-4.194304e-16,False,False,False,True,35185,1.779068332897639e+21,7.772868150985313e+21,4.4806351611705065e+20,1.0000000000000004e+22,-4194304.0,0.1779068332897639,0.7772868150985314,0.04480635161170506,-4.194304e-16,116430844005.55016,mixture_l1,0.0,1e+22,exponential,131072,mixture,0.8047071577351047,lp_vertex_box,lp_vertex_box,analytic_lp_charnes_cooper,box_only,True,False,1.0,0.4871620101591301,0.4871620101591301,True,True,Q_above_A_supported,upper_bound,116.43084400555016,2.5466738762293843,2.2749574758672892,0.0,0.0,0.0,0.11988006012024059,0.0,0.0,0.0,0.0,0.49689999999999995,0.0,0.0,0.0,0.0,0.0,0.0,0.0,0.3832199398797595
1.0,1.0,4849345275.903549,41877971024.22226,0.0,0.0,False,False,False,True,35185,8.276987226605012e+21,5.650423280029022e+20,1.1579704453920853e+21,1e+22,0.0,0.8276987226605013,0.056504232800290224,0.11579704453920853,0.0,238789028107.78464,mixture_l1,0.0,1e+22,power,2048,fixed_ref,0.8047071577351047,dirichlet_a20_4,dirichlet_a20_4,dirichlet_around_p0|lowQ,outside,False,False,1.0,0.41663254110330095,0.39710837194347914,True,True,Q_above_A_supported,upper_bound,238.78902810778465,5.777057187393709,2.15269061051389,0.07975675893679825,0.15912348484004943,2.3916072319625646e-05,0.04412291332471955,0.006575218355045986,0.17830182371649192,0.10733470897284486,9.068824045565561e-08,0.04560213780581783,2.4674381484862554e-07,0.13022419207132135,0.09768966083516943,3.454312847749183e-05,0.036344172522635734,0.02597204058680974,0.04244271850151176,0.04645137289793162
1.0,1.0,4718379892.712687,41619900361.656685,0.0,0.0,False,False,False,True,35185,8.29972203173757e+21,5.665943573666181e+20,1.133683610895812e+21,1e+22,0.0,0.829972203173757,0.056659435736661816,0.1133683610895812,0.0,240269676599.53207,mixture_l1,0.0,1e+22,power,2048,mixture,0.8047071577351047,lp_vertex_box,lp_vertex_box,analytic_lp_charnes_cooper,box_only,True,False,1.0,0.4871620101591301,0.4871620101591301,True,True,Q_above_A_supported,upper_bound,240.26967659953206,5.757226733172741,2.1524556062051285,0.0,0.0,0.0,0.11988006012024059,0.0,0.0,0.0,0.0,0.49689999999999995,0.0,0.0,0.0,0.0,0.0,0.0,0.0,0.3832199398797595
1.0,1.0,4849345275.903549,43006275514.644936,0.0,0.0,False,False,False,True,35185,7.806554887079688e+21,1.0658549605826135e+21,1.1275901523376979e+21,1e+22,0.0,0.7806554887079689,0.10658549605826136,0.1127590152337698,0.0,232524204440.6914,mixture_l1,0.0,1e+22,power,4096,fixed_ref,0.8047071577351047,dirichlet_a20_4,dirichlet_a20_4,dirichlet_around_p0|lowQ,outside,False,False,1.0,0.41663254110330095,0.39710837194347914,True,True,Q_above_A_supported,upper_bound,232.52420444069142,5.595514171565783,2.156819664290905,0.07975675893679825,0.15912348484004943,2.3916072319625646e-05,0.04412291332471955,0.006575218355045986,0.17830182371649192,0.10733470897284486,9.068824045565561e-08,0.04560213780581783,2.4674381484862554e-07,0.13022419207132135,0.09768966083516943,3.454312847749183e-05,0.036344172522635734,0.02597204058680974,0.04244271850151176,0.04645137289793162
1.0,1.0,4718379892.712687,42744331809.140915,0.0,0.0,False,False,False,True,35185,7.827433462963169e+21,1.068705582143238e+21,1.1038609548935928e+21,1e+22,0.0,0.7827433462963168,0.1068705582143238,0.11038609548935928,0.0,233949147799.32272,mixture_l1,0.0,1e+22,power,4096,mixture,0.8047071577351047,lp_vertex_box,lp_vertex_box,analytic_lp_charnes_cooper,box_only,True,False,1.0,0.4871620101591301,0.4871620101591301,True,True,Q_above_A_supported,upper_bound,233.94914779932273,5.57630688591451,2.1565891248004183,0.0,0.0,0.0,0.11988006012024059,0.0,0.0,0.0,0.0,0.49689999999999995,0.0,0.0,0.0,0.0,0.0,0.0,0.0,0.3832199398797595
1.0,1.0,4849345275.903549,45173233044.86947,0.0,0.0,False,False,False,True,35185,7.01180898032932e+21,1.9146913055619264e+21,1.073499714108754e+21,1e+22,0.0,0.701180898032932,0.19146913055619263,0.10734997141087539,0.0,221370031010.7812,mixture_l1,0.0,1e+22,power,8192,fixed_ref,0.8047071577351047,dirichlet_a20_4,dirichlet_a20_4,dirichlet_around_p0|lowQ,outside,False,False,1.0,0.41663254110330095,0.39710837194347914,True,True,Q_above_A_supported,upper_bound,221.3700310107812,5.279101352242082,2.16449858381103,0.07975675893679825,0.15912348484004943,2.3916072319625646e-05,0.04412291332471955,0.006575218355045986,0.17830182371649192,0.10733470897284486,9.068824045565561e-08,0.04560213780581783,2.4674381484862554e-07,0.13022419207132135,0.09768966083516943,3.454312847749183e-05,0.036344172522635734,0.02597204058680974,0.04244271850151176,0.04645137289793162
1.0,1.0,4718379892.712687,44903850993.040146,0.0,0.0,False,False,False,True,35185,7.029660141681575e+21,1.9195658626885157e+21,1.0507739956299092e+21,1e+22,0.0,0.7029660141681575,0.19195658626885156,0.10507739956299092,0.0,222698048805.4342,mixture_l1,0.0,1e+22,power,8192,mixture,0.8047071577351047,lp_vertex_box,lp_vertex_box,analytic_lp_charnes_cooper,box_only,True,False,1.0,0.4871620101591301,0.4871620101591301,True,True,Q_above_A_supported,upper_bound,222.6980488054342,5.260980192229717,2.1642760731302526,0.0,0.0,0.0,0.11988006012024059,0.0,0.0,0.0,0.0,0.49689999999999995,0.0,0.0,0.0,0.0,0.0,0.0,0.0,0.3832199398797595
1.0,1.0,4849345275.903549,56371610996.552986,0.0,0.0,False,False,False,True,35185,4.368350434310975e+21,4.771403567716734e+21,8.602459979722909e+20,1e+22,0.0,0.4368350434310975,0.47714035677167344,0.0860245997972291,0.0,177394256137.393,mixture_l1,0.0,1e+22,power,32768,fixed_ref,0.8047071577351047,dirichlet_a20_4,dirichlet_a20_4,dirichlet_around_p0|lowQ,outside,False,False,1.0,0.41663254110330095,0.39710837194347914,True,True,Q_above_A_supported,upper_bound,177.394256137393,4.1041825229933595,2.19996248004066,0.07975675893679825,0.15912348484004943,2.3916072319625646e-05,0.04412291332471955,0.006575218355045986,0.17830182371649192,0.10733470897284486,9.068824045565561e-08,0.04560213780581783,2.4674381484862554e-07,0.13022419207132135,0.09768966083516943,3.454312847749183e-05,0.036344172522635734,0.02597204058680974,0.04244271850151176,0.04645137289793162
1.0,1.0,4718379892.712687,56114257526.13152,-4194304.0,-4.194304e-16,False,False,False,True,35185,4.37761969334833e+21,4.781528070387937e+21,8.40852236263736e+20,1.0000000000000004e+22,-4194304.0,0.437761969334833,0.47815280703879365,0.08408522362637359,-4.194304e-16,178207828827.51605,mixture_l1,0.0,1e+22,power,32768,mixture,0.8047071577351047,lp_vertex_box,lp_vertex_box,analytic_lp_charnes_cooper,box_only,True,False,1.0,0.4871620101591301,0.4871620101591301,True,True,Q_above_A_supported,upper_bound,178.20782882751604,4.094114647066885,2.199772837293932,0.0,0.0,0.0,0.11988006012024059,0.0,0.0,0.0,0.0,0.49689999999999995,0.0,0.0,0.0,0.0,0.0,0.0,0.0,0.3832199398797595
1.0,1.0,4849345275.903549,87943418226.92053,-2097152.0,-2.097152e-16,False,False,False,True,35185,1.7598186196174302e+21,7.688764870349862e+21,5.514165100327095e+20,1.0000000000000002e+22,-2097152.0,0.175981861961743,0.7688764870349862,0.055141651003270946,-2.097152e-16,113709475951.87834,mixture_l1,0.0,1e+22,power,131072,fixed_ref,0.8047071577351047,dirichlet_a20_4,dirichlet_a20_4,dirichlet_around_p0|lowQ,outside,False,False,1.0,0.41663254110330095,0.39710837194347914,True,True,Q_above_A_supported,upper_bound,113.70947595187835,2.5794077478089608,2.2760167243969756,0.07975675893679825,0.15912348484004943,2.3916072319625646e-05,0.04412291332471955,0.006575218355045986,0.17830182371649192,0.10733470897284486,9.068824045565561e-08,0.04560213780581783,2.4674381484862554e-07,0.13022419207132135,0.09768966083516943,3.454312847749183e-05,0.036344172522635734,0.02597204058680974,0.04244271850151176,0.04645137289793162
1.0,1.0,4718379892.712687,87690091074.19359,0.0,0.0,False,False,False,True,35185,1.762303603484033e+21,7.699621930528639e+21,5.3807446598732795e+20,1e+22,0.0,0.1762303603484033,0.769962193052864,0.053807446598732794,0.0,114037970282.62993,mixture_l1,0.0,1e+22,power,131072,mixture,0.8047071577351047,lp_vertex_box,lp_vertex_box,analytic_lp_charnes_cooper,box_only,True,False,1.0,0.4871620101591301,0.4871620101591301,True,True,Q_above_A_supported,upper_bound,114.03797028262993,2.57560939149824,2.2758791546930226,0.0,0.0,0.0,0.11988006012024059,0.0,0.0,0.0,0.0,0.49689999999999995,0.0,0.0,0.0,0.0,0.0,0.0,0.0,0.3832199398797595
1.0,1.0,1511467178.4002495,35281975227.320175,0.0,0.0,False,False,False,True,35185,8.959938451068744e+21,6.116651315929595e+20,4.283964173382965e+20,1e+22,0.0,0.8959938451068744,0.06116651315929595,0.04283964173382965,0.0,283430843527.6214,mixture_l1,0.0,1e+22,logarithmic,2048,fixed_ref,0.8047071577351047,dirichlet_a20_4,dirichlet_a20_4,dirichlet_around_p0|lowQ,outside,False,False,1.0,0.41663254110330095,0.39710837194347914,True,True,Q_above_A_supported,upper_bound,283.4308435276214,5.268738774482015,2.1463457390253806,0.07975675893679825,0.15912348484004943,2.3916072319625646e-05,0.04412291332471955,0.006575218355045986,0.17830182371649192,0.10733470897284486,9.068824045565561e-08,0.04560213780581783,2.4674381484862554e-07,0.13022419207132135,0.09768966083516943,3.454312847749183e-05,0.036344172522635734,0.02597204058680974,0.04244271850151176,0.04645137289793162
1.0,1.0,1255529360.3491163,34745203948.32123,0.0,0.0,False,False,False,True,35185,9.022697248932638e+21,6.159494655271348e+20,3.613532855402275e+20,1e+22,0.0,0.9022697248932638,0.061594946552713484,0.03613532855402275,0.0,287809506453.7149,mixture_l1,0.0,1e+22,logarithmic,2048,mixture,0.8047071577351047,lp_vertex_box,lp_vertex_box,analytic_lp_charnes_cooper,box_only,True,False,1.0,0.4871620101591301,0.4871620101591301,True,True,Q_above_A_supported,upper_bound,287.8095064537149,5.22492426796869,2.145824446047006,0.0,0.0,0.0,0.11988006012024059,0.0,0.0,0.0,0.0,0.49689999999999995,0.0,0.0,0.0,0.0,0.0,0.0,0.0,0.3832199398797595
1.0,1.0,1511467178.4002495,36396577014.753525,2097152.0,2.097152e-16,False,False,False,True,35185,8.43329661453557e+21,1.1514260977712563e+21,4.152772876931721e+20,9.999999999999998e+21,2097152.0,0.843329661453557,0.11514260977712563,0.04152772876931721,2.097152e-16,274751111785.77185,mixture_l1,0.0,1e+22,logarithmic,4096,fixed_ref,0.8047071577351047,dirichlet_a20_4,dirichlet_a20_4,dirichlet_around_p0|lowQ,outside,False,False,1.0,0.41663254110330095,0.39710837194347914,True,True,Q_above_A_supported,upper_bound,274.75111178577185,5.1157188286534,2.150604408716601,0.07975675893679825,0.15912348484004943,2.3916072319625646e-05,0.04412291332471955,0.006575218355045986,0.17830182371649192,0.10733470897284486,9.068824045565561e-08,0.04560213780581783,2.4674381484862554e-07,0.13022419207132135,0.09768966083516943,3.454312847749183e-05,0.036344172522635734,0.02597204058680974,0.04244271850151176,0.04645137289793162
1.0,1.0,1255529360.3491163,35867534646.21374,0.0,0.0,False,False,False,True,35185,8.490691415537759e+21,1.1592624012680887e+21,3.50046183194153e+20,1e+22,0.0,0.8490691415537759,0.11592624012680887,0.0350046183194153,0.0,278803661825.01544,mixture_l1,0.0,1e+22,logarithmic,4096,mixture,0.8047071577351047,lp_vertex_box,lp_vertex_box,analytic_lp_charnes_cooper,box_only,True,False,1.0,0.4871620101591301,0.4871620101591301,True,True,Q_above_A_supported,upper_bound,278.80366182501547,5.075669475285169,2.1500947134342647,0.0,0.0,0.0,0.11988006012024059,0.0,0.0,0.0,0.0,0.49689999999999995,0.0,0.0,0.0,0.0,0.0,0.0,0.0,0.3832199398797595
1.0,1.0,1511467178.4002495,38522885718.55687,0.0,0.0,False,False,False,True,35185,7.546850925948908e+21,2.0607934261791157e+21,3.923556478719766e+20,1e+22,0.0,0.7546850925948908,0.20607934261791158,0.03923556478719766,0.0,259585952959.46112,mixture_l1,0.0,1e+22,logarithmic,8192,fixed_ref,0.8047071577351047,dirichlet_a20_4,dirichlet_a20_4,dirichlet_around_p0|lowQ,outside,False,False,1.0,0.41663254110330095,0.39710837194347914,True,True,Q_above_A_supported,upper_bound,259.5859529594611,4.845441262588582,2.1585153775285373,0.07975675893679825,0.15912348484004943,2.3916072319625646e-05,0.04412291332471955,0.006575218355045986,0.17830182371649192,0.10733470897284486,9.068824045565561e-08,0.04560213780581783,2.4674381484862554e-07,0.13022419207132135,0.09768966083516943,3.454312847749183e-05,0.036344172522635734,0.02597204058680974,0.04244271850151176,0.04645137289793162
1.0,1.0,1255529360.3491163,37995239929.02536,0.0,0.0,False,False,False,True,35185,7.59548293649882e+21,2.074073207193278e+21,3.3044385630790327e+20,1e+22,0.0,0.7595482936498821,0.2074073207193278,0.033044385630790325,0.0,263190863347.08972,mixture_l1,0.0,1e+22,logarithmic,8192,mixture,0.8047071577351047,lp_vertex_box,lp_vertex_box,analytic_lp_charnes_cooper,box_only,True,False,1.0,0.4871620101591301,0.4871620101591301,True,True,Q_above_A_supported,upper_bound,263.1908633470897,4.809869942484846,2.1580263298197613,0.0,0.0,0.0,0.11988006012024059,0.0,0.0,0.0,0.0,0.49689999999999995,0.0,0.0,0.0,0.0,0.0,0.0,0.0,0.3832199398797595
1.0,1.0,1511467178.4002495,49609607657.30095,-2097152.0,-2.097152e-16,False,False,False,True,35185,4.633887202026978e+21,5.061440527867334e+21,3.0467227010568985e+20,1.0000000000000002e+22,-2097152.0,0.4633887202026978,0.5061440527867334,0.030467227010568986,-2.097152e-16,201573857811.5588,mixture_l1,0.0,1e+22,logarithmic,32768,fixed_ref,0.8047071577351047,dirichlet_a20_4,dirichlet_a20_4,dirichlet_around_p0|lowQ,outside,False,False,1.0,0.41663254110330095,0.39710837194347914,True,True,Q_above_A_supported,upper_bound,201.5738578115588,3.831422100345774,2.194915683808947,0.07975675893679825,0.15912348484004943,2.3916072319625646e-05,0.04412291332471955,0.006575218355045986,0.17830182371649192,0.10733470897284486,9.068824045565561e-08,0.04560213780581783,2.4674381484862554e-07,0.13022419207132135,0.09768966083516943,3.454312847749183e-05,0.036344172522635734,0.02597204058680974,0.04244271850151176,0.04645137289793162
1.0,1.0,1255529360.3491163,49070983664.41901,0.0,0.0,False,False,False,True,35185,4.657217133892294e+21,5.086923034779424e+21,2.558598313282827e+20,1e+22,0.0,0.4657217133892294,0.5086923034779424,0.02558598313282827,0.0,203786418230.10617,mixture_l1,0.0,1e+22,logarithmic,32768,mixture,0.8047071577351047,lp_vertex_box,lp_vertex_box,analytic_lp_charnes_cooper,box_only,True,False,1.0,0.4871620101591301,0.4871620101591301,True,True,Q_above_A_supported,upper_bound,203.78641823010616,3.8089037649813515,2.194508490933057,0.0,0.0,0.0,0.11988006012024059,0.0,0.0,0.0,0.0,0.49689999999999995,0.0,0.0,0.0,0.0,0.0,0.0,0.0,0.3832199398797595
1.0,1.0,1511467178.4002495,81051063085.20782,0.0,0.0,False,False,False,True,35185,1.8277881955480235e+21,7.985728478895684e+21,1.8648332555629353e+20,1e+22,0.0,0.18277881955480235,0.7985728478895684,0.01864833255562935,0.0,123379010951.24617,mixture_l1,0.0,1e+22,logarithmic,131072,fixed_ref,0.8047071577351047,dirichlet_a20_4,dirichlet_a20_4,dirichlet_around_p0|lowQ,outside,False,False,1.0,0.41663254110330095,0.39710837194347914,True,True,Q_above_A_supported,upper_bound,123.37901095124617,2.46906960572935,2.272411180898094,0.07975675893679825,0.15912348484004943,2.3916072319625646e-05,0.04412291332471955,0.006575218355045986,0.17830182371649192,0.10733470897284486,9.068824045565561e-08,0.04560213780581783,2.4674381484862554e-07,0.13022419207132135,0.09768966083516943,3.454312847749183e-05,0.036344172522635734,0.02597204058680974,0.04244271850151176,0.04645137289793162
1.0,1.0,1255529360.3491163,80483168277.11905,-2097152.0,-2.097152e-16,False,False,False,True,35185,1.833465965911789e+21,8.010535036133002e+21,1.5599899795521058e+20,1.0000000000000002e+22,-2097152.0,0.1833465965911789,0.8010535036133002,0.015599899795521057,-2.097152e-16,124249581795.3895,mixture_l1,0.0,1e+22,logarithmic,131072,mixture,0.8047071577351047,lp_vertex_box,lp_vertex_box,analytic_lp_charnes_cooper,box_only,True,False,1.0,0.4871620101591301,0.4871620101591301,True,True,Q_above_A_supported,upper_bound,124.2495817953895,2.459385831080819,2.272125625412946,0.0,0.0,0.0,0.11988006012024059,0.0,0.0,0.0,0.0,0.49689999999999995,0.0,0.0,0.0,0.0,0.0,0.0,0.0,0.3832199398797595
1.0,1.0,3912487936.8349757,265042984310.92856,0.0,0.0,False,False,False,True,35185,9.222774797184193e+23,6.2960809282110765e+22,1.476171099946995e+22,1e+24,0.0,0.9222774797184193,0.06296080928211077,0.01476171099946995,0.0,3772972910789.7266,mixture_l1,0.0,1e+24,exponential,2048,fixed_ref,0.8047071577351047,dirichlet_a20_4,dirichlet_a20_4,dirichlet_around_p0|lowQ,outside,False,False,1.0,0.41663254110330095,0.39710837194347914,False,False,N_above_support;D_above_support;Q_above_A_supported,upper_bound,3772.9729107897265,40.74052926455529,1.913903619152281,0.07975675893679825,0.15912348484004943,2.3916072319625646e-05,0.04412291332471955,0.006575218355045986,0.17830182371649192,0.10733470897284486,9.068824045565561e-08,0.04560213780581783,2.4674381484862554e-07,0.13022419207132135,0.09768966083516943,3.454312847749183e-05,0.036344172522635734,0.02597204058680974,0.04244271850151176,0.04645137289793162
1.0,1.0,3848323182.263386,264978819556.357,134217728.0,1.3421772800000001e-16,False,False,False,True,35185,9.225008096744969e+23,6.2976055273779e+22,1.4523135051724034e+22,9.999999999999998e+23,134217728.0,0.9225008096744969,0.062976055273779,0.014523135051724034,1.3421772800000001e-16,3773886538079.7544,mixture_l1,0.0,1e+24,exponential,2048,mixture,0.8047071577351047,lp_vertex_box,lp_vertex_box,analytic_lp_charnes_cooper,box_only,True,False,1.0,0.4871620101591301,0.4871620101591301,False,False,N_above_support;D_above_support;Q_above_A_supported,upper_bound,3773.8865380797542,40.74052926455529,1.9138952345936122,0.0,0.0,0.0,0.11988006012024059,0.0,0.0,0.0,0.0,0.49689999999999995,0.0,0.0,0.0,0.0,0.0,0.0,0.0,0.3832199398797595
1.0,1.0,3912487936.8349757,273926785633.31503,0.0,0.0,False,False,False,True,35185,8.673014697806731e+23,1.1841556067405458e+23,1.4282969545272312e+22,1e+24,0.0,0.8673014697806731,0.11841556067405458,0.014282969545272313,0.0,3650610500495.647,mixture_l1,0.0,1e+24,exponential,4096,fixed_ref,0.8047071577351047,dirichlet_a20_4,dirichlet_a20_4,dirichlet_around_p0|lowQ,outside,False,False,1.0,0.41663254110330095,0.39710837194347914,False,False,N_above_support;D_above_support;Q_above_A_supported,upper_bound,3650.610500495647,39.59618396534492,1.9160275710896768,0.07975675893679825,0.15912348484004943,2.3916072319625646e-05,0.04412291332471955,0.006575218355045986,0.17830182371649192,0.10733470897284486,9.068824045565561e-08,0.04560213780581783,2.4674381484862554e-07,0.13022419207132135,0.09768966083516943,3.454312847749183e-05,0.036344172522635734,0.02597204058680974,0.04244271850151176,0.04645137289793162
1.0,1.0,3848323182.263386,273862620878.74347,134217728.0,1.3421772800000001e-16,False,False,False,True,35185,8.675046745326377e+23,1.1844330489618948e+23,1.4052020571172745e+22,9.999999999999998e+23,134217728.0,0.8675046745326377,0.11844330489618948,0.014052020571172745,1.3421772800000001e-16,3651465821773.334,mixture_l1,0.0,1e+24,exponential,4096,mixture,0.8047071577351047,lp_vertex_box,lp_vertex_box,analytic_lp_charnes_cooper,box_only,True,False,1.0,0.4871620101591301,0.4871620101591301,False,False,N_above_support;D_above_support;Q_above_A_supported,upper_bound,3651.465821773334,39.59618396534492,1.9160193832724537,0.0,0.0,0.0,0.11988006012024059,0.0,0.0,0.0,0.0,0.49689999999999995,0.0,0.0,0.0,0.0,0.0,0.0,0.0,0.3832199398797595
1.0,1.0,3912487936.8349757,291089097579.2859,-268435456.0,-2.6843545600000003e-16,False,False,False,True,35185,7.74946957130586e+23,2.1161218242712537e+23,1.3440860442288825e+22,1.0000000000000003e+24,-268435456.0,0.774946957130586,0.21161218242712537,0.013440860442288824,-2.6843545600000003e-16,3435374283393.1567,mixture_l1,0.0,1e+24,exponential,8192,fixed_ref,0.8047071577351047,dirichlet_a20_4,dirichlet_a20_4,dirichlet_around_p0|lowQ,outside,False,False,1.0,0.41663254110330095,0.39710837194347914,False,False,N_above_support;D_above_support;Q_above_A_supported,upper_bound,3435.374283393157,37.59643507049264,1.9199711532667088,0.07975675893679825,0.15912348484004943,2.3916072319625646e-05,0.04412291332471955,0.006575218355045986,0.17830182371649192,0.10733470897284486,9.068824045565561e-08,0.04560213780581783,2.4674381484862554e-07,0.13022419207132135,0.09768966083516943,3.454312847749183e-05,0.036344172522635734,0.02597204058680974,0.04244271850151176,0.04645137289793162
1.0,1.0,3848323182.263386,290883901102.3988,-134217728.0,-1.3421772800000001e-16,False,False,False,True,35185,7.75112780291849e+23,2.116574632050276e+23,1.3229756503123475e+22,1.0000000000000001e+24,-134217728.0,0.7751127802918489,0.2116574632050276,0.013229756503123474,-1.3421772800000001e-16,3437797678765.2256,mixture_l1,0.0,1e+24,exponential,8192,mixture,0.8047071577351047,lp_vertex_box,lp_vertex_box,analytic_lp_charnes_cooper,box_only,True,False,1.0,0.4871620101591301,0.4871620101591301,False,False,N_above_support;D_above_support;Q_above_A_supported,upper_bound,3437.7976787652256,37.57797155426993,1.9199633134622658,0.0,0.0,0.0,0.11988006012024059,0.0,0.0,0.0,0.0,0.49689999999999995,0.0,0.0,0.0,0.0,0.0,0.0,0.0,0.3832199398797595
1.0,1.0,3912487936.8349757,379503294270.2723,0.0,0.0,False,False,False,True,35185,4.7302311848114916e+23,5.166673848796765e+23,1.0309496639174375e+22,1e+24,0.0,0.4730231184811492,0.5166673848796766,0.010309496639174374,0.0,2635023239845.255,mixture_l1,0.0,1e+24,exponential,32768,fixed_ref,0.8047071577351047,dirichlet_a20_4,dirichlet_a20_4,dirichlet_around_p0|lowQ,outside,False,False,1.0,0.41663254110330095,0.39710837194347914,False,False,N_above_support;D_above_support;Q_above_A_supported,upper_bound,2635.023239845255,29.918971954932235,1.9380887958974857,0.07975675893679825,0.15912348484004943,2.3916072319625646e-05,0.04412291332471955,0.006575218355045986,0.17830182371649192,0.10733470897284486,9.068824045565561e-08,0.04560213780581783,2.4674381484862554e-07,0.13022419207132135,0.09768966083516943,3.454312847749183e-05,0.036344172522635734,0.02597204058680974,0.04244271850151176,0.04645137289793162
1.0,1.0,3848323182.263386,379439129515.7007,0.0,0.0,False,False,False,True,35185,4.731031086823252e+23,5.167547555100811e+23,1.0142135807593738e+22,1e+24,0.0,0.4731031086823252,0.5167547555100811,0.010142135807593738,0.0,2635468833370.8643,mixture_l1,0.0,1e+24,exponential,32768,mixture,0.8047071577351047,lp_vertex_box,lp_vertex_box,analytic_lp_charnes_cooper,box_only,True,False,1.0,0.4871620101591301,0.4871620101591301,False,False,N_above_support;D_above_support;Q_above_A_supported,upper_bound,2635.468833370864,29.918971954932235,1.938082321455587,0.0,0.0,0.0,0.11988006012024059,0.0,0.0,0.0,0.0,0.49689999999999995,0.0,0.0,0.0,0.0,0.0,0.0,0.0,0.3832199398797595
1.0,1.0,3912487936.8349757,630848735648.0128,0.0,0.0,False,False,False,True,35185,1.8509698587124762e+23,8.087010710705389e+23,6.20194305821353e+21,1e+24,0.0,0.18509698587124762,0.8087010710705389,0.00620194305821353,0.0,1585166052481.3323,mixture_l1,0.0,1e+24,exponential,131072,fixed_ref,0.8047071577351047,dirichlet_a20_4,dirichlet_a20_4,dirichlet_around_p0|lowQ,outside,False,False,1.0,0.41663254110330095,0.39710837194347914,False,False,N_above_support;D_above_support;Q_above_A_supported,upper_bound,1585.1660524813324,19.461366584855774,1.9765514600318008,0.07975675893679825,0.15912348484004943,2.3916072319625646e-05,0.04412291332471955,0.006575218355045986,0.17830182371649192,0.10733470897284486,9.068824045565561e-08,0.04560213780581783,2.4674381484862554e-07,0.13022419207132135,0.09768966083516943,3.454312847749183e-05,0.036344172522635734,0.02597204058680974,0.04244271850151176,0.04645137289793162
1.0,1.0,3848323182.263386,630784570893.4413,134217728.0,1.3421772800000001e-16,False,False,False,True,35185,1.8511581433221252e+23,8.087833338717255e+23,6.100851796061899e+21,9.999999999999998e+23,134217728.0,0.18511581433221252,0.8087833338717255,0.006100851796061899,1.3421772800000001e-16,1585327298959.775,mixture_l1,0.0,1e+24,exponential,131072,mixture,0.8047071577351047,lp_vertex_box,lp_vertex_box,analytic_lp_charnes_cooper,box_only,True,False,1.0,0.4871620101591301,0.4871620101591301,False,False,N_above_support;D_above_support;Q_above_A_supported,upper_bound,1585.327298959775,19.461366584855774,1.9765469699533385,0.0,0.0,0.0,0.11988006012024059,0.0,0.0,0.0,0.0,0.49689999999999995,0.0,0.0,0.0,0.0,0.0,0.0,0.0,0.3832199398797595
1.0,1.0,4849345275.903549,267136845663.21326,134217728.0,1.3421772800000001e-16,False,False,False,True,35185,9.191028726874685e+23,6.274408944213118e+22,1.8153037870400144e+22,9.999999999999998e+23,134217728.0,0.9191028726874685,0.06274408944213118,0.018153037870400145,1.3421772800000001e-16,3743399745240.4126,mixture_l1,0.0,1e+24,power,2048,fixed_ref,0.8047071577351047,dirichlet_a20_4,dirichlet_a20_4,dirichlet_around_p0|lowQ,outside,False,False,1.0,0.41663254110330095,0.39710837194347914,False,False,N_above_support;D_above_support;Q_above_A_supported,upper_bound,3743.399745240413,40.92104037495471,1.9140256838178147,0.07975675893679825,0.15912348484004943,2.3916072319625646e-05,0.04412291332471955,0.006575218355045986,0.17830182371649192,0.10733470897284486,9.068824045565561e-08,0.04560213780581783,2.4674381484862554e-07,0.13022419207132135,0.09768966083516943,3.454312847749183e-05,0.036344172522635734,0.02597204058680974,0.04244271850151176,0.04645137289793162
1.0,1.0,4718379892.712687,266748326052.9694,0.0,0.0,False,False,False,True,35185,9.19537717197617e+23,6.277377482735733e+22,1.768850797502563e+22,1e+24,0.0,0.9195377171976171,0.06277377482735733,0.017688507975025632,0.0,3748852016418.748,mixture_l1,0.0,1e+24,power,2048,mixture,0.8047071577351047,lp_vertex_box,lp_vertex_box,analytic_lp_charnes_cooper,box_only,True,False,1.0,0.4871620101591301,0.4871620101591301,False,False,N_above_support;D_above_support;Q_above_A_supported,upper_bound,3748.852016418748,40.880857800838854,1.9140086595244536,0.0,0.0,0.0,0.11988006012024059,0.0,0.0,0.0,0.0,0.49689999999999995,0.0,0.0,0.0,0.0,0.0,0.0,0.0,0.3832199398797595
1.0,1.0,4849345275.903549,275926818004.8345,-134217728.0,-1.3421772800000001e-16,False,False,False,True,35185,8.644051341248514e+23,1.1802011431251305e+23,1.7574751562635657e+22,1.0000000000000001e+24,-134217728.0,0.8644051341248514,0.11802011431251305,0.017574751562635656,-1.3421772800000001e-16,3624149356814.165,mixture_l1,0.0,1e+24,power,4096,fixed_ref,0.8047071577351047,dirichlet_a20_4,dirichlet_a20_4,dirichlet_around_p0|lowQ,outside,False,False,1.0,0.41663254110330095,0.39710837194347914,False,False,N_above_support;D_above_support;Q_above_A_supported,upper_bound,3624.149356814165,39.75209302101873,1.9161467854608134,0.07975675893679825,0.15912348484004943,2.3916072319625646e-05,0.04412291332471955,0.006575218355045986,0.17830182371649192,0.10733470897284486,9.068824045565561e-08,0.04560213780581783,2.4674381484862554e-07,0.13022419207132135,0.09768966083516943,3.454312847749183e-05,0.036344172522635734,0.02597204058680974,0.04244271850151176,0.04645137289793162
1.0,1.0,4718379892.712687,275662727145.62555,0.0,0.0,False,False,False,True,35185,8.648083390437066e+23,1.1807516522410074e+23,1.7116495732192649e+22,1e+24,0.0,0.8648083390437067,0.11807516522410075,0.01711649573219265,0.0,3627621370341.1763,mixture_l1,0.0,1e+24,power,4096,mixture,0.8047071577351047,lp_vertex_box,lp_vertex_box,analytic_lp_charnes_cooper,box_only,True,False,1.0,0.4871620101591301,0.4871620101591301,False,False,N_above_support;D_above_support;Q_above_A_supported,upper_bound,3627.6213703411763,39.73257086651115,1.9161301573649347,0.0,0.0,0.0,0.11988006012024059,0.0,0.0,0.0,0.0,0.49689999999999995,0.0,0.0,0.0,0.0,0.0,0.0,0.0,0.3832199398797595
1.0,1.0,4849345275.903549,293015119124.4529,134217728.0,1.3421772800000001e-16,False,False,False,True,35185,7.72504860325191e+23,2.1094532719279882e+23,1.6549812482010107e+22,9.999999999999998e+23,134217728.0,0.7725048603251911,0.21094532719279882,0.016549812482010106,1.3421772800000001e-16,3412793179369.246,mixture_l1,0.0,1e+24,power,8192,fixed_ref,0.8047071577351047,dirichlet_a20_4,dirichlet_a20_4,dirichlet_around_p0|lowQ,outside,False,False,1.0,0.41663254110330095,0.39710837194347914,False,False,N_above_support;D_above_support;Q_above_A_supported,upper_bound,3412.793179369246,37.72593394540078,1.9200853111210283,0.07975675893679825,0.15912348484004943,2.3916072319625646e-05,0.04412291332471955,0.006575218355045986,0.17830182371649192,0.10733470897284486,9.068824045565561e-08,0.04560213780581783,2.4674381484862554e-07,0.13022419207132135,0.09768966083516943,3.454312847749183e-05,0.036344172522635734,0.02597204058680974,0.04244271850151176,0.04645137289793162
1.0,1.0,4718379892.712687,292742636242.85156,0.0,0.0,False,False,False,True,35185,7.728441743208158e+23,2.1103798253453742e+23,1.6117843144646834e+22,1e+24,0.0,0.7728441743208159,0.21103798253453743,0.016117843144646832,0.0,3415969784361.805,mixture_l1,0.0,1e+24,power,8192,mixture,0.8047071577351047,lp_vertex_box,lp_vertex_box,analytic_lp_charnes_cooper,box_only,True,False,1.0,0.4871620101591301,0.4871620101591301,False,False,N_above_support;D_above_support;Q_above_A_supported,upper_bound,3415.969784361805,37.707406832600924,1.920069386293943,0.0,0.0,0.0,0.11988006012024059,0.0,0.0,0.0,0.0,0.49689999999999995,0.0,0.0,0.0,0.0,0.0,0.0,0.0,0.3832199398797595
1.0,1.0,4849345275.903549,381548766655.74994,0.0,0.0,False,False,False,True,35185,4.718759713906883e+23,5.154143943510025e+23,1.2709634258309218e+22,1e+24,0.0,0.47187597139068826,0.5154143943510024,0.012709634258309219,0.0,2620896953133.7627,mixture_l1,0.0,1e+24,power,32768,fixed_ref,0.8047071577351047,dirichlet_a20_4,dirichlet_a20_4,dirichlet_around_p0|lowQ,outside,False,False,1.0,0.41663254110330095,0.39710837194347914,False,False,N_above_support;D_above_support;Q_above_A_supported,upper_bound,2620.8969531337625,30.007282483100177,1.9381831316850204,0.07975675893679825,0.15912348484004943,2.3916072319625646e-05,0.04412291332471955,0.006575218355045986,0.17830182371649192,0.10733470897284486,9.068824045565561e-08,0.04560213780581783,2.4674381484862554e-07,0.13022419207132135,0.09768966083516943,3.454312847749183e-05,0.036344172522635734,0.02597204058680974,0.04244271850151176,0.04645137289793162
1.0,1.0,4718379892.712687,381232805118.9426,0.0,0.0,False,False,False,True,35185,4.7203512779926643e+23,5.1558823559087885e+23,1.2376636609854645e+22,1e+24,0.0,0.47203512779926643,0.5155882355908789,0.012376636609854646,0.0,2623069123571.3706,mixture_l1,0.0,1e+24,power,32768,mixture,0.8047071577351047,lp_vertex_box,lp_vertex_box,analytic_lp_charnes_cooper,box_only,True,False,1.0,0.4871620101591301,0.4871620101591301,False,False,N_above_support;D_above_support;Q_above_A_supported,upper_bound,2623.0691235713707,29.992545980932157,1.9381699658696514,0.0,0.0,0.0,0.11988006012024059,0.0,0.0,0.0,0.0,0.49689999999999995,0.0,0.0,0.0,0.0,0.0,0.0,0.0,0.3832199398797595
1.0,1.0,4849345275.903549,632710161464.2609,0.0,0.0,False,False,False,True,35185,1.8482459973301198e+23,8.075109978735116e+23,7.664402393476445e+21,1e+24,0.0,0.184824599733012,0.8075109978735115,0.007664402393476445,0.0,1580502512691.96,mixture_l1,0.0,1e+24,power,131072,fixed_ref,0.8047071577351047,dirichlet_a20_4,dirichlet_a20_4,dirichlet_around_p0|lowQ,outside,False,False,1.0,0.41663254110330095,0.39710837194347914,False,False,N_above_support;D_above_support;Q_above_A_supported,upper_bound,1580.50251269196,19.4900670566069,1.9766169459038456,0.07975675893679825,0.15912348484004943,2.3916072319625646e-05,0.04412291332471955,0.006575218355045986,0.17830182371649192,0.10733470897284486,9.068824045565561e-08,0.04560213780581783,2.4674381484862554e-07,0.13022419207132135,0.09768966083516943,3.454312847749183e-05,0.036344172522635734,0.02597204058680974,0.04244271850151176,0.04645137289793162
1.0,1.0,4718379892.712687,632579196081.07,-134217728.0,-1.3421772800000001e-16,False,False,False,True,35185,1.8486286470390746e+23,8.076781800823521e+23,7.458955213740525e+21,1.0000000000000001e+24,-134217728.0,0.18486286470390748,0.8076781800823521,0.007458955213740526,-1.3421772800000001e-16,1580829730403.9734,mixture_l1,0.0,1e+24,power,131072,mixture,0.8047071577351047,lp_vertex_box,lp_vertex_box,analytic_lp_charnes_cooper,box_only,True,False,1.0,0.4871620101591301,0.4871620101591301,False,False,N_above_support;D_above_support;Q_above_A_supported,upper_bound,1580.8297304039734,19.4900670566069,1.976607800372819,0.0,0.0,0.0,0.11988006012024059,0.0,0.0,0.0,0.0,0.49689999999999995,0.0,0.0,0.0,0.0,0.0,0.0,0.0,0.3832199398797595
1.0,1.0,1511467178.4002495,259962096665.22345,0.0,0.0,False,False,False,True,35185,9.30653223690949e+23,6.3532593403968795e+22,5.814182905082127e+21,1e+24,0.0,0.930653223690949,0.0635325934039688,0.005814182905082127,0.0,3846714628124.3833,mixture_l1,0.0,1e+24,logarithmic,2048,fixed_ref,0.8047071577351047,dirichlet_a20_4,dirichlet_a20_4,dirichlet_around_p0|lowQ,outside,False,False,1.0,0.41663254110330095,0.39710837194347914,False,False,N_above_support;D_above_support;Q_above_A_supported,upper_bound,3846.714628124383,40.322427216491384,1.9135877364974414,0.07975675893679825,0.15912348484004943,2.3916072319625646e-05,0.04412291332471955,0.006575218355045986,0.17830182371649192,0.10733470897284486,9.068824045565561e-08,0.04560213780581783,2.4674381484862554e-07,0.13022419207132135,0.09768966083516943,3.454312847749183e-05,0.036344172522635734,0.02597204058680974,0.04244271850151176,0.04645137289793162
1.0,1.0,1255529360.3491163,259452372250.36328,0.0,0.0,False,False,False,True,35185,9.315659464623526e+23,6.359490194516327e+22,4.839151592484075e+21,1e+24,0.0,0.9315659464623526,0.06359490194516328,0.004839151592484075,0.0,3854271947203.596,mixture_l1,0.0,1e+24,logarithmic,2048,mixture,0.8047071577351047,lp_vertex_box,lp_vertex_box,analytic_lp_charnes_cooper,box_only,True,False,1.0,0.4871620101591301,0.4871620101591301,False,False,N_above_support;D_above_support;Q_above_A_supported,upper_bound,3854.271947203596,40.28283245288539,1.913553800656711,0.0,0.0,0.0,0.11988006012024059,0.0,0.0,0.0,0.0,0.49689999999999995,0.0,0.0,0.0,0.0,0.0,0.0,0.0,0.3832199398797595
1.0,1.0,1511467178.4002495,268886034448.8196,0.0,0.0,False,False,False,True,35185,8.749226725120007e+23,1.1945610888697183e+23,5.621218601027588e+21,1e+24,0.0,0.8749226725120007,0.11945610888697183,0.005621218601027588,0.0,3719047744706.6606,mixture_l1,0.0,1e+24,logarithmic,4096,fixed_ref,0.8047071577351047,dirichlet_a20_4,dirichlet_a20_4,dirichlet_around_p0|lowQ,outside,False,False,1.0,0.41663254110330095,0.39710837194347914,False,False,N_above_support;D_above_support;Q_above_A_supported,upper_bound,3719.0477447066605,39.20908131018585,1.915719160482562,0.07975675893679825,0.15912348484004943,2.3916072319625646e-05,0.04412291332471955,0.006575218355045986,0.17830182371649192,0.10733470897284486,9.068824045565561e-08,0.04560213780581783,2.4674381484862554e-07,0.13022419207132135,0.09768966083516943,3.454312847749183e-05,0.036344172522635734,0.02597204058680974,0.04244271850151176,0.04645137289793162
1.0,1.0,1255529360.3491163,268236369087.77707,134217728.0,1.3421772800000001e-16,False,False,False,True,35185,8.757502204323948e+23,1.195690967630363e+23,4.6806828045687555e+21,9.999999999999998e+23,134217728.0,0.8757502204323948,0.1195690967630363,0.004680682804568756,1.3421772800000001e-16,3728055235018.3438,mixture_l1,0.0,1e+24,logarithmic,4096,mixture,0.8047071577351047,lp_vertex_box,lp_vertex_box,analytic_lp_charnes_cooper,box_only,True,False,1.0,0.4871620101591301,0.4871620101591301,False,False,N_above_support;D_above_support;Q_above_A_supported,upper_bound,3728.055235018344,39.151343226101,1.9156860355450447,0.0,0.0,0.0,0.11988006012024059,0.0,0.0,0.0,0.0,0.49689999999999995,0.0,0.0,0.0,0.0,0.0,0.0,0.0,0.3832199398797595
1.0,1.0,1511467178.4002495,285880563142.5264,0.0,0.0,False,False,False,True,35185,7.813518080672495e+23,2.1336113372289698e+23,5.287058209853547e+21,1e+24,0.0,0.7813518080672495,0.21336113372289697,0.005287058209853547,0.0,3497964286230.4272,mixture_l1,0.0,1e+24,logarithmic,8192,fixed_ref,0.8047071577351047,dirichlet_a20_4,dirichlet_a20_4,dirichlet_around_p0|lowQ,outside,False,False,1.0,0.41663254110330095,0.39710837194347914,False,False,N_above_support;D_above_support;Q_above_A_supported,upper_bound,3497.964286230427,37.228882483782755,1.9196759830034493,0.07975675893679825,0.15912348484004943,2.3916072319625646e-05,0.04412291332471955,0.006575218355045986,0.17830182371649192,0.10733470897284486,9.068824045565561e-08,0.04560213780581783,2.4674381484862554e-07,0.13022419207132135,0.09768966083516943,3.454312847749183e-05,0.036344172522635734,0.02597204058680974,0.04244271850151176,0.04645137289793162
1.0,1.0,1255529360.3491163,285345387989.1061,-134217728.0,-1.3421772800000001e-16,False,False,False,True,35185,7.820485699912008e+23,2.1355139617893055e+23,4.4000338298688394e+21,1.0000000000000001e+24,-134217728.0,0.7820485699912008,0.21355139617893054,0.00440003382986884,-1.3421772800000001e-16,3504524839343.743,mixture_l1,0.0,1e+24,logarithmic,8192,mixture,0.8047071577351047,lp_vertex_box,lp_vertex_box,analytic_lp_charnes_cooper,box_only,True,False,1.0,0.4871620101591301,0.4871620101591301,False,False,N_above_support;D_above_support;Q_above_A_supported,upper_bound,3504.524839343743,37.19232543841079,1.9196442942996825,0.0,0.0,0.0,0.11988006012024059,0.0,0.0,0.0,0.0,0.49689999999999995,0.0,0.0,0.0,0.0,0.0,0.0,0.0,0.3832199398797595
1.0,1.0,1511467178.4002495,374344988865.07886,0.0,0.0,False,False,False,True,35185,4.760207597857563e+23,5.199416085553221e+23,4.037631658921475e+21,1e+24,0.0,0.4760207597857563,0.5199416085553221,0.004037631658921475,0.0,2671332673723.647,mixture_l1,0.0,1e+24,logarithmic,32768,fixed_ref,0.8047071577351047,dirichlet_a20_4,dirichlet_a20_4,dirichlet_around_p0|lowQ,outside,False,False,1.0,0.41663254110330095,0.39710837194347914,False,False,N_above_support;D_above_support;Q_above_A_supported,upper_bound,2671.332673723647,29.69933100359089,1.9378453784718424,0.07975675893679825,0.15912348484004943,2.3916072319625646e-05,0.04412291332471955,0.006575218355045986,0.17830182371649192,0.10733470897284486,9.068824045565561e-08,0.04560213780581783,2.4674381484862554e-07,0.13022419207132135,0.09768966083516943,3.454312847749183e-05,0.036344172522635734,0.02597204058680974,0.04244271850151176,0.04645137289793162
1.0,1.0,1255529360.3491163,373905953427.18353,134217728.0,1.3421772800000001e-16,False,False,False,True,35185,4.763456499723264e+23,5.202964752764398e+23,3.3578747512337345e+21,9.999999999999998e+23,134217728.0,0.4763456499723264,0.5202964752764397,0.0033578747512337343,1.3421772800000001e-16,2674469317308.5444,mixture_l1,0.0,1e+24,logarithmic,32768,mixture,0.8047071577351047,lp_vertex_box,lp_vertex_box,analytic_lp_charnes_cooper,box_only,True,False,1.0,0.4871620101591301,0.4871620101591301,False,False,N_above_support;D_above_support;Q_above_A_supported,upper_bound,2674.4693173085443,29.68474573563236,1.9378192888681034,0.0,0.0,0.0,0.11988006012024059,0.0,0.0,0.0,0.0,0.49689999999999995,0.0,0.0,0.0,0.0,0.0,0.0,0.0,0.3832199398797595
1.0,1.0,1511467178.4002495,625682170387.602,0.0,0.0,False,False,False,True,35185,1.8580217962093222e+23,8.117821095758275e+23,2.41571080324043e+21,1e+24,0.0,0.18580217962093223,0.8117821095758275,0.00241571080324043,0.0,1598255547829.52,mixture_l1,0.0,1e+24,logarithmic,131072,fixed_ref,0.8047071577351047,dirichlet_a20_4,dirichlet_a20_4,dirichlet_around_p0|lowQ,outside,False,False,1.0,0.41663254110330095,0.39710837194347914,False,False,N_above_support;D_above_support;Q_above_A_supported,upper_bound,1598.25554782952,19.375518501328656,1.976382940542712,0.07975675893679825,0.15912348484004943,2.3916072319625646e-05,0.04412291332471955,0.006575218355045986,0.17830182371649192,0.10733470897284486,9.068824045565561e-08,0.04560213780581783,2.4674381484862554e-07,0.13022419207132135,0.09768966083516943,3.454312847749183e-05,0.036344172522635734,0.02597204058680974,0.04244271850151176,0.04645137289793162
1.0,1.0,1255529360.3491163,625119703881.8485,-134217728.0,-1.3421772800000001e-16,False,False,False,True,35185,1.8587803051367393e+23,8.121135071829425e+23,2.0084623033837677e+21,1.0000000000000001e+24,-134217728.0,0.18587803051367394,0.8121135071829425,0.0020084623033837677,-1.3421772800000001e-16,1599693616742.892,mixture_l1,0.0,1e+24,logarithmic,131072,mixture,0.8047071577351047,lp_vertex_box,lp_vertex_box,analytic_lp_charnes_cooper,box_only,True,False,1.0,0.4871620101591301,0.4871620101591301,False,False,N_above_support;D_above_support;Q_above_A_supported,upper_bound,1599.6936167428921,19.36600323214151,1.9763649180365448,0.0,0.0,0.0,0.11988006012024059,0.0,0.0,0.0,0.0,0.49689999999999995,0.0,0.0,0.0,0.0,0.0,0.0,0.0,0.3832199398797595
0.41663254110330095,0.04110589816500627,0.0,244255448.96677005,-2048.0,-2.048e-16,False,False,True,False,35185,9.360958562156767e+18,6.390414378432352e+17,0.0,1.0000000000000002e+19,-2048.0,0.9360958562156767,0.06390414378432352,0.0,-2.048e-16,40940744791.16517,mixture_l1,0.5,1e+19,exponential,2048,fixed_ref,0.8047071577351047,dirichlet_a20_18,dirichlet_a20_18,dirichlet_around_p0|lowQ,box_only,True,False,0.04110589816500627,0.41663254110330095,0.39407683989185316,False,True,N_below_support,lower_bound_Q0,40.940744791165166,0.03810775227264885,4.070646054534805,0.0829721656064807,0.032043331032621684,0.004487871222720677,0.32096540752820546,0.0916059459177831,0.004047153436258731,0.17326450879697058,3.3664194290053333e-09,0.011346881443443289,2.2889717108996786e-08,0.05103294233375079,0.10777986664572244,0.002781989219285522,0.0002067121396382795,0.0004367731623962035,0.012724559282315676,0.10430386597627031
0.39407683989185316,0.04110589816500627,0.0,239326576.07003662,0.0,0.0,False,False,True,False,35185,9.360958562156765e+18,6.390414378432351e+17,0.0,1e+19,0.0,0.9360958562156765,0.0639041437843235,0.0,0.0,41783909518.98963,mixture_l1,0.5,1e+19,exponential,2048,mixture,0.8047071577351047,dirichlet_a20_18,dirichlet_a20_18,dirichlet_around_p0|lowQ,box_only,True,False,0.04110589816500627,0.39407683989185316,0.39407683989185316,False,True,N_below_support,lower_bound_Q0,41.78390951898963,0.03733876935690786,4.087071787535846,0.0829721656064807,0.032043331032621684,0.004487871222720677,0.32096540752820546,0.0916059459177831,0.004047153436258731,0.17326450879697058,3.3664194290053333e-09,0.011346881443443289,2.2889717108996786e-08,0.05103294233375079,0.10777986664572244,0.002781989219285522,0.0002067121396382795,0.0004367731623962035,0.012724559282315676,0.10430386597627031
0.41663254110330095,0.04110589816500627,0.0,252627191.9227361,0.0,0.0,False,False,True,False,35185,8.798686062881276e+18,1.2013139371187236e+18,0.0,1e+19,0.0,0.8798686062881276,0.12013139371187236,0.0,0.0,39584020721.9594,mixture_l1,0.5,1e+19,exponential,4096,fixed_ref,0.8047071577351047,dirichlet_a20_18,dirichlet_a20_18,dirichlet_around_p0|lowQ,box_only,True,False,0.04110589816500627,0.41663254110330095,0.39407683989185316,False,True,N_below_support,lower_bound_Q0,39.5840207219594,0.037046455877923525,4.0933936103207715,0.0829721656064807,0.032043331032621684,0.004487871222720677,0.32096540752820546,0.0916059459177831,0.004047153436258731,0.17326450879697058,3.3664194290053333e-09,0.011346881443443289,2.2889717108996786e-08,0.05103294233375079,0.10777986664572244,0.002781989219285522,0.0002067121396382795,0.0004367731623962035,0.012724559282315676,0.10430386597627031
0.39407683989185316,0.04110589816500627,0.0,247590187.1088278,0.0,0.0,False,False,True,False,35185,8.798686062881276e+18,1.2013139371187236e+18,0.0,1e+19,0.0,0.8798686062881276,0.12013139371187236,0.0,0.0,40389322843.41511,mixture_l1,0.5,1e+19,exponential,4096,mixture,0.8047071577351047,dirichlet_a20_18,dirichlet_a20_18,dirichlet_around_p0|lowQ,box_only,True,False,0.04110589816500627,0.39407683989185316,0.39407683989185316,False,True,N_below_support,lower_bound_Q0,40.38932284341511,0.03630780547701017,4.109976277293385,0.0829721656064807,0.032043331032621684,0.004487871222720677,0.32096540752820546,0.0916059459177831,0.004047153436258731,0.17326450879697058,3.3664194290053333e-09,0.011346881443443289,2.2889717108996786e-08,0.05103294233375079,0.10777986664572244,0.002781989219285522,0.0002067121396382795,0.0004367731623962035,0.012724559282315676,0.10430386597627031
0.41663254110330095,0.04110589816500627,0.0,268882413.25357014,0.0,0.0,False,False,True,False,35185,7.855048177628823e+18,2.1449518223711772e+18,0.0,1e+19,0.0,0.7855048177628823,0.21449518223711772,0.0,0.0,37190978312.774506,mixture_l1,0.5,1e+19,exponential,8192,fixed_ref,0.8047071577351047,dirichlet_a20_18,dirichlet_a20_18,dirichlet_around_p0|lowQ,box_only,True,False,0.04110589816500627,0.41663254110330095,0.39407683989185316,False,True,N_below_support,lower_bound_Q0,37.190978312774504,0.03520140517039827,4.135618226569931,0.0829721656064807,0.032043331032621684,0.004487871222720677,0.32096540752820546,0.0916059459177831,0.004047153436258731,0.17326450879697058,3.3664194290053333e-09,0.011346881443443289,2.2889717108996786e-08,0.05103294233375079,0.10777986664572244,0.002781989219285522,0.0002067121396382795,0.0004367731623962035,0.012724559282315676,0.10430386597627031
0.39407683989185316,0.04110589816500627,0.0,263456588.59049693,0.0,0.0,False,False,True,False,35185,7.855048177628823e+18,2.1449518223711775e+18,0.0,1e+19,0.0,0.7855048177628823,0.21449518223711775,0.0,0.0,37956917507.73967,mixture_l1,0.5,1e+19,exponential,8192,mixture,0.8047071577351047,dirichlet_a20_18,dirichlet_a20_18,dirichlet_around_p0|lowQ,box_only,True,False,0.04110589816500627,0.39407683989185316,0.39407683989185316,False,True,N_below_support,lower_bound_Q0,37.95691750773967,0.034491069934868154,4.1524922149364505,0.0829721656064807,0.032043331032621684,0.004487871222720677,0.32096540752820546,0.0916059459177831,0.004047153436258731,0.17326450879697058,3.3664194290053333e-09,0.011346881443443289,2.2889717108996786e-08,0.05103294233375079,0.10777986664572244,0.002781989219285522,0.0002067121396382795,0.0004367731623962035,0.012724559282315676,0.10430386597627031
0.41663254110330095,0.04110589816500627,0.0,353135696.1876601,-2048.0,-2.048e-16,False,False,True,False,35185,4.779505480499619e+18,5.220494519500383e+18,0.0,1.0000000000000002e+19,-2048.0,0.4779505480499619,0.5220494519500383,0.0,-2.048e-16,28317726324.347263,mixture_l1,0.5,1e+19,exponential,32768,fixed_ref,0.8047071577351047,dirichlet_a20_18,dirichlet_a20_18,dirichlet_around_p0|lowQ,box_only,True,False,0.04110589816500627,0.41663254110330095,0.39407683989185316,False,True,N_below_support,lower_bound_Q0,28.317726324347262,0.02813023325481616,4.329446519593966,0.0829721656064807,0.032043331032621684,0.004487871222720677,0.32096540752820546,0.0916059459177831,0.004047153436258731,0.17326450879697058,3.3664194290053333e-09,0.011346881443443289,2.2889717108996786e-08,0.05103294233375079,0.10777986664572244,0.002781989219285522,0.0002067121396382795,0.0004367731623962035,0.012724559282315676,0.10430386597627031
0.4218402390880085,0.04110589816500627,19282829.56351489,395242811.25736785,-2048.0,-2.048e-16,False,False,False,False,35185,4.5463263132804413e+18,4.965800687785783e+18,4.8787299893377715e+17,1.0000000000000002e+19,-2048.0,0.45463263132804416,0.49658006877857835,0.04878729989337772,-2.048e-16,25300902926.450348,mixture_l1,0.5,1e+19,exponential,32768,mixture,0.8047071577351047,dirichlet_a20_18,dirichlet_a20_18,dirichlet_around_p0|lowQ,box_only,True,False,0.04110589816500627,0.39407683989185316,0.39407683989185316,False,True,N_below_support,interior,25.300902926450348,0.029948379882571773,4.346535147364035,0.0829721656064807,0.032043331032621684,0.004487871222720677,0.32096540752820546,0.0916059459177831,0.004047153436258731,0.17326450879697058,3.3664194290053333e-09,0.011346881443443289,2.2889717108996786e-08,0.05103294233375079,0.10777986664572244,0.002781989219285522,0.0002067121396382795,0.0004367731623962035,0.012724559282315676,0.10430386597627031
0.5131137405720297,0.04110589816500627,95497535.38492602,831314924.3361895,-2048.0,-2.048e-16,False,False,False,False,35185,1.6485634731877458e+18,7.202683718588808e+18,1.1487528082234472e+18,1.0000000000000002e+19,-2048.0,0.16485634731877458,0.7202683718588808,0.11487528082234472,-2.048e-16,12029135658.769829,mixture_l1,0.5,1e+19,exponential,131072,fixed_ref,0.8047071577351047,dirichlet_a20_18,dirichlet_a20_18,dirichlet_around_p0|lowQ,box_only,True,False,0.04110589816500627,0.41663254110330095,0.39407683989185316,False,True,N_below_support;Q_above_A_supported,interior,12.029135658769828,0.02284125698294128,4.724597533756214,0.0829721656064807,0.032043331032621684,0.004487871222720677,0.32096540752820546,0.0916059459177831,0.004047153436258731,0.17326450879697058,3.3664194290053333e-09,0.011346881443443289,2.2889717108996786e-08,0.05103294233375079,0.10777986664572244,0.002781989219285522,0.0002067121396382795,0.0004367731623962035,0.012724559282315676,0.10430386597627031
0.5207067013789878,0.04110589816500627,121043052.36243285,882975929.4393017,0.0,0.0,False,False,False,False,35185,1.607196775762897e+18,7.021949859759815e+18,1.3708533644772895e+18,1e+19,0.0,0.1607196775762897,0.7021949859759815,0.13708533644772894,0.0,11325337041.010956,mixture_l1,0.5,1e+19,exponential,131072,mixture,0.8047071577351047,dirichlet_a20_18,dirichlet_a20_18,dirichlet_around_p0|lowQ,box_only,True,False,0.04110589816500627,0.39407683989185316,0.39407683989185316,False,True,N_below_support;Q_above_A_supported,interior,11.325337041010956,0.02365193444785155,4.733494079473642,0.0829721656064807,0.032043331032621684,0.004487871222720677,0.32096540752820546,0.0916059459177831,0.004047153436258731,0.17326450879697058,3.3664194290053333e-09,0.011346881443443289,2.2889717108996786e-08,0.05103294233375079,0.10777986664572244,0.002781989219285522,0.0002067121396382795,0.0004367731623962035,0.012724559282315676,0.10430386597627031
0.41663254110330095,0.04110589816500627,0.0,244255448.96677005,-2048.0,-2.048e-16,False,False,True,False,35185,9.360958562156767e+18,6.390414378432352e+17,0.0,1.0000000000000002e+19,-2048.0,0.9360958562156767,0.06390414378432352,0.0,-2.048e-16,40940744791.16517,mixture_l1,0.5,1e+19,power,2048,fixed_ref,0.8047071577351047,dirichlet_a20_18,dirichlet_a20_18,dirichlet_around_p0|lowQ,box_only,True,False,0.04110589816500627,0.41663254110330095,0.39407683989185316,False,True,N_below_support,lower_bound_Q0,40.940744791165166,0.03810775227264885,4.070646054534805,0.0829721656064807,0.032043331032621684,0.004487871222720677,0.32096540752820546,0.0916059459177831,0.004047153436258731,0.17326450879697058,3.3664194290053333e-09,0.011346881443443289,2.2889717108996786e-08,0.05103294233375079,0.10777986664572244,0.002781989219285522,0.0002067121396382795,0.0004367731623962035,0.012724559282315676,0.10430386597627031
0.39407683989185316,0.04110589816500627,0.0,239326576.07003662,0.0,0.0,False,False,True,False,35185,9.360958562156765e+18,6.390414378432351e+17,0.0,1e+19,0.0,0.9360958562156765,0.0639041437843235,0.0,0.0,41783909518.98963,mixture_l1,0.5,1e+19,power,2048,mixture,0.8047071577351047,dirichlet_a20_18,dirichlet_a20_18,dirichlet_around_p0|lowQ,box_only,True,False,0.04110589816500627,0.39407683989185316,0.39407683989185316,False,True,N_below_support,lower_bound_Q0,41.78390951898963,0.03733876935690786,4.087071787535846,0.0829721656064807,0.032043331032621684,0.004487871222720677,0.32096540752820546,0.0916059459177831,0.004047153436258731,0.17326450879697058,3.3664194290053333e-09,0.011346881443443289,2.2889717108996786e-08,0.05103294233375079,0.10777986664572244,0.002781989219285522,0.0002067121396382795,0.0004367731623962035,0.012724559282315676,0.10430386597627031
0.41663254110330095,0.04110589816500627,0.0,252627191.9227361,0.0,0.0,False,False,True,False,35185,8.798686062881276e+18,1.2013139371187236e+18,0.0,1e+19,0.0,0.8798686062881276,0.12013139371187236,0.0,0.0,39584020721.9594,mixture_l1,0.5,1e+19,power,4096,fixed_ref,0.8047071577351047,dirichlet_a20_18,dirichlet_a20_18,dirichlet_around_p0|lowQ,box_only,True,False,0.04110589816500627,0.41663254110330095,0.39407683989185316,False,True,N_below_support,lower_bound_Q0,39.5840207219594,0.037046455877923525,4.0933936103207715,0.0829721656064807,0.032043331032621684,0.004487871222720677,0.32096540752820546,0.0916059459177831,0.004047153436258731,0.17326450879697058,3.3664194290053333e-09,0.011346881443443289,2.2889717108996786e-08,0.05103294233375079,0.10777986664572244,0.002781989219285522,0.0002067121396382795,0.0004367731623962035,0.012724559282315676,0.10430386597627031
0.39407683989185316,0.04110589816500627,0.0,247590187.1088278,0.0,0.0,False,False,True,False,35185,8.798686062881276e+18,1.2013139371187236e+18,0.0,1e+19,0.0,0.8798686062881276,0.12013139371187236,0.0,0.0,40389322843.41511,mixture_l1,0.5,1e+19,power,4096,mixture,0.8047071577351047,dirichlet_a20_18,dirichlet_a20_18,dirichlet_around_p0|lowQ,box_only,True,False,0.04110589816500627,0.39407683989185316,0.39407683989185316,False,True,N_below_support,lower_bound_Q0,40.38932284341511,0.03630780547701017,4.109976277293385,0.0829721656064807,0.032043331032621684,0.004487871222720677,0.32096540752820546,0.0916059459177831,0.004047153436258731,0.17326450879697058,3.3664194290053333e-09,0.011346881443443289,2.2889717108996786e-08,0.05103294233375079,0.10777986664572244,0.002781989219285522,0.0002067121396382795,0.0004367731623962035,0.012724559282315676,0.10430386597627031
0.41663254110330095,0.04110589816500627,0.0,268882413.25357014,0.0,0.0,False,False,True,False,35185,7.855048177628823e+18,2.1449518223711772e+18,0.0,1e+19,0.0,0.7855048177628823,0.21449518223711772,0.0,0.0,37190978312.774506,mixture_l1,0.5,1e+19,power,8192,fixed_ref,0.8047071577351047,dirichlet_a20_18,dirichlet_a20_18,dirichlet_around_p0|lowQ,box_only,True,False,0.04110589816500627,0.41663254110330095,0.39407683989185316,False,True,N_below_support,lower_bound_Q0,37.190978312774504,0.03520140517039827,4.135618226569931,0.0829721656064807,0.032043331032621684,0.004487871222720677,0.32096540752820546,0.0916059459177831,0.004047153436258731,0.17326450879697058,3.3664194290053333e-09,0.011346881443443289,2.2889717108996786e-08,0.05103294233375079,0.10777986664572244,0.002781989219285522,0.0002067121396382795,0.0004367731623962035,0.012724559282315676,0.10430386597627031
0.39407683989185316,0.04110589816500627,0.0,263456588.59049693,0.0,0.0,False,False,True,False,35185,7.855048177628823e+18,2.1449518223711775e+18,0.0,1e+19,0.0,0.7855048177628823,0.21449518223711775,0.0,0.0,37956917507.73967,mixture_l1,0.5,1e+19,power,8192,mixture,0.8047071577351047,dirichlet_a20_18,dirichlet_a20_18,dirichlet_around_p0|lowQ,box_only,True,False,0.04110589816500627,0.39407683989185316,0.39407683989185316,False,True,N_below_support,lower_bound_Q0,37.95691750773967,0.034491069934868154,4.1524922149364505,0.0829721656064807,0.032043331032621684,0.004487871222720677,0.32096540752820546,0.0916059459177831,0.004047153436258731,0.17326450879697058,3.3664194290053333e-09,0.011346881443443289,2.2889717108996786e-08,0.05103294233375079,0.10777986664572244,0.002781989219285522,0.0002067121396382795,0.0004367731623962035,0.012724559282315676,0.10430386597627031
0.41663254110330095,0.04110589816500627,0.0,353135696.1876601,-2048.0,-2.048e-16,False,False,True,False,35185,4.779505480499619e+18,5.220494519500383e+18,0.0,1.0000000000000002e+19,-2048.0,0.4779505480499619,0.5220494519500383,0.0,-2.048e-16,28317726324.347263,mixture_l1,0.5,1e+19,power,32768,fixed_ref,0.8047071577351047,dirichlet_a20_18,dirichlet_a20_18,dirichlet_around_p0|lowQ,box_only,True,False,0.04110589816500627,0.41663254110330095,0.39407683989185316,False,True,N_below_support,lower_bound_Q0,28.317726324347262,0.02813023325481616,4.329446519593966,0.0829721656064807,0.032043331032621684,0.004487871222720677,0.32096540752820546,0.0916059459177831,0.004047153436258731,0.17326450879697058,3.3664194290053333e-09,0.011346881443443289,2.2889717108996786e-08,0.05103294233375079,0.10777986664572244,0.002781989219285522,0.0002067121396382795,0.0004367731623962035,0.012724559282315676,0.10430386597627031
0.39407683989185316,0.04110589816500627,0.0,346094703.5370981,0.0,0.0,False,False,True,False,35185,4.779505480499618e+18,5.220494519500382e+18,0.0,1e+19,0.0,0.4779505480499618,0.5220494519500383,0.0,0.0,28893825585.308598,mixture_l1,0.5,1e+19,power,32768,mixture,0.8047071577351047,dirichlet_a20_18,dirichlet_a20_18,dirichlet_around_p0|lowQ,box_only,True,False,0.04110589816500627,0.39407683989185316,0.39407683989185316,False,True,N_below_support,lower_bound_Q0,28.893825585308598,0.02756935887212418,4.347657745553867,0.0829721656064807,0.032043331032621684,0.004487871222720677,0.32096540752820546,0.0916059459177831,0.004047153436258731,0.17326450879697058,3.3664194290053333e-09,0.011346881443443289,2.2889717108996786e-08,0.05103294233375079,0.10777986664572244,0.002781989219285522,0.0002067121396382795,0.0004367731623962035,0.012724559282315676,0.10430386597627031
0.41663254110330095,0.04110589816500627,0.0,592211332.2914593,0.0,0.0,False,False,True,False,35185,1.862521108572564e+18,8.137478891427437e+18,0.0,1e+19,0.0,0.1862521108572564,0.8137478891427437,0.0,0.0,16885863972.421347,mixture_l1,0.5,1e+19,power,131072,fixed_ref,0.8047071577351047,dirichlet_a20_18,dirichlet_a20_18,dirichlet_around_p0|lowQ,box_only,True,False,0.04110589816500627,0.41663254110330095,0.39407683989185316,False,True,N_below_support,lower_bound_Q0,16.885863972421348,0.018383435118812064,4.740316826557921,0.0829721656064807,0.032043331032621684,0.004487871222720677,0.32096540752820546,0.0916059459177831,0.004047153436258731,0.17326450879697058,3.3664194290053333e-09,0.011346881443443289,2.2889717108996786e-08,0.05103294233375079,0.10777986664572244,0.002781989219285522,0.0002067121396382795,0.0004367731623962035,0.012724559282315676,0.10430386597627031
0.39407683989185316,0.04110589816500627,0.0,580260997.5201483,-2048.0,-2.048e-16,False,False,True,False,35185,1.862521108572564e+18,8.137478891427438e+18,0.0,1.0000000000000002e+19,-2048.0,0.1862521108572564,0.8137478891427438,0.0,-2.048e-16,17233624253.11512,mixture_l1,0.5,1e+19,power,131072,mixture,0.8047071577351047,dirichlet_a20_18,dirichlet_a20_18,dirichlet_around_p0|lowQ,box_only,True,False,0.04110589816500627,0.39407683989185316,0.39407683989185316,False,True,N_below_support,lower_bound_Q0,17.23362425311512,0.01801247260604414,4.761362687937109,0.0829721656064807,0.032043331032621684,0.004487871222720677,0.32096540752820546,0.0916059459177831,0.004047153436258731,0.17326450879697058,3.3664194290053333e-09,0.011346881443443289,2.2889717108996786e-08,0.05103294233375079,0.10777986664572244,0.002781989219285522,0.0002067121396382795,0.0004367731623962035,0.012724559282315676,0.10430386597627031
0.41663254110330095,0.04110589816500627,0.0,244255448.96677005,-2048.0,-2.048e-16,False,False,True,False,35185,9.360958562156767e+18,6.390414378432352e+17,0.0,1.0000000000000002e+19,-2048.0,0.9360958562156767,0.06390414378432352,0.0,-2.048e-16,40940744791.16517,mixture_l1,0.5,1e+19,logarithmic,2048,fixed_ref,0.8047071577351047,dirichlet_a20_18,dirichlet_a20_18,dirichlet_around_p0|lowQ,box_only,True,False,0.04110589816500627,0.41663254110330095,0.39407683989185316,False,True,N_below_support,lower_bound_Q0,40.940744791165166,0.03810775227264885,4.070646054534805,0.0829721656064807,0.032043331032621684,0.004487871222720677,0.32096540752820546,0.0916059459177831,0.004047153436258731,0.17326450879697058,3.3664194290053333e-09,0.011346881443443289,2.2889717108996786e-08,0.05103294233375079,0.10777986664572244,0.002781989219285522,0.0002067121396382795,0.0004367731623962035,0.012724559282315676,0.10430386597627031
0.39407683989185316,0.04110589816500627,0.0,239326576.07003662,0.0,0.0,False,False,True,False,35185,9.360958562156765e+18,6.390414378432351e+17,0.0,1e+19,0.0,0.9360958562156765,0.0639041437843235,0.0,0.0,41783909518.98963,mixture_l1,0.5,1e+19,logarithmic,2048,mixture,0.8047071577351047,dirichlet_a20_18,dirichlet_a20_18,dirichlet_around_p0|lowQ,box_only,True,False,0.04110589816500627,0.39407683989185316,0.39407683989185316,False,True,N_below_support,lower_bound_Q0,41.78390951898963,0.03733876935690786,4.087071787535846,0.0829721656064807,0.032043331032621684,0.004487871222720677,0.32096540752820546,0.0916059459177831,0.004047153436258731,0.17326450879697058,3.3664194290053333e-09,0.011346881443443289,2.2889717108996786e-08,0.05103294233375079,0.10777986664572244,0.002781989219285522,0.0002067121396382795,0.0004367731623962035,0.012724559282315676,0.10430386597627031
0.41663254110330095,0.04110589816500627,0.0,252627191.9227361,0.0,0.0,False,False,True,False,35185,8.798686062881276e+18,1.2013139371187236e+18,0.0,1e+19,0.0,0.8798686062881276,0.12013139371187236,0.0,0.0,39584020721.9594,mixture_l1,0.5,1e+19,logarithmic,4096,fixed_ref,0.8047071577351047,dirichlet_a20_18,dirichlet_a20_18,dirichlet_around_p0|lowQ,box_only,True,False,0.04110589816500627,0.41663254110330095,0.39407683989185316,False,True,N_below_support,lower_bound_Q0,39.5840207219594,0.037046455877923525,4.0933936103207715,0.0829721656064807,0.032043331032621684,0.004487871222720677,0.32096540752820546,0.0916059459177831,0.004047153436258731,0.17326450879697058,3.3664194290053333e-09,0.011346881443443289,2.2889717108996786e-08,0.05103294233375079,0.10777986664572244,0.002781989219285522,0.0002067121396382795,0.0004367731623962035,0.012724559282315676,0.10430386597627031
0.39407683989185316,0.04110589816500627,0.0,247590187.1088278,0.0,0.0,False,False,True,False,35185,8.798686062881276e+18,1.2013139371187236e+18,0.0,1e+19,0.0,0.8798686062881276,0.12013139371187236,0.0,0.0,40389322843.41511,mixture_l1,0.5,1e+19,logarithmic,4096,mixture,0.8047071577351047,dirichlet_a20_18,dirichlet_a20_18,dirichlet_around_p0|lowQ,box_only,True,False,0.04110589816500627,0.39407683989185316,0.39407683989185316,False,True,N_below_support,lower_bound_Q0,40.38932284341511,0.03630780547701017,4.109976277293385,0.0829721656064807,0.032043331032621684,0.004487871222720677,0.32096540752820546,0.0916059459177831,0.004047153436258731,0.17326450879697058,3.3664194290053333e-09,0.011346881443443289,2.2889717108996786e-08,0.05103294233375079,0.10777986664572244,0.002781989219285522,0.0002067121396382795,0.0004367731623962035,0.012724559282315676,0.10430386597627031
0.41663254110330095,0.04110589816500627,0.0,268882413.25357014,0.0,0.0,False,False,True,False,35185,7.855048177628823e+18,2.1449518223711772e+18,0.0,1e+19,0.0,0.7855048177628823,0.21449518223711772,0.0,0.0,37190978312.774506,mixture_l1,0.5,1e+19,logarithmic,8192,fixed_ref,0.8047071577351047,dirichlet_a20_18,dirichlet_a20_18,dirichlet_around_p0|lowQ,box_only,True,False,0.04110589816500627,0.41663254110330095,0.39407683989185316,False,True,N_below_support,lower_bound_Q0,37.190978312774504,0.03520140517039827,4.135618226569931,0.0829721656064807,0.032043331032621684,0.004487871222720677,0.32096540752820546,0.0916059459177831,0.004047153436258731,0.17326450879697058,3.3664194290053333e-09,0.011346881443443289,2.2889717108996786e-08,0.05103294233375079,0.10777986664572244,0.002781989219285522,0.0002067121396382795,0.0004367731623962035,0.012724559282315676,0.10430386597627031
0.39407683989185316,0.04110589816500627,0.0,263456588.59049693,0.0,0.0,False,False,True,False,35185,7.855048177628823e+18,2.1449518223711775e+18,0.0,1e+19,0.0,0.7855048177628823,0.21449518223711775,0.0,0.0,37956917507.73967,mixture_l1,0.5,1e+19,logarithmic,8192,mixture,0.8047071577351047,dirichlet_a20_18,dirichlet_a20_18,dirichlet_around_p0|lowQ,box_only,True,False,0.04110589816500627,0.39407683989185316,0.39407683989185316,False,True,N_below_support,lower_bound_Q0,37.95691750773967,0.034491069934868154,4.1524922149364505,0.0829721656064807,0.032043331032621684,0.004487871222720677,0.32096540752820546,0.0916059459177831,0.004047153436258731,0.17326450879697058,3.3664194290053333e-09,0.011346881443443289,2.2889717108996786e-08,0.05103294233375079,0.10777986664572244,0.002781989219285522,0.0002067121396382795,0.0004367731623962035,0.012724559282315676,0.10430386597627031
0.41663254110330095,0.04110589816500627,0.0,353135696.1876601,-2048.0,-2.048e-16,False,False,True,False,35185,4.779505480499619e+18,5.220494519500383e+18,0.0,1.0000000000000002e+19,-2048.0,0.4779505480499619,0.5220494519500383,0.0,-2.048e-16,28317726324.347263,mixture_l1,0.5,1e+19,logarithmic,32768,fixed_ref,0.8047071577351047,dirichlet_a20_18,dirichlet_a20_18,dirichlet_around_p0|lowQ,box_only,True,False,0.04110589816500627,0.41663254110330095,0.39407683989185316,False,True,N_below_support,lower_bound_Q0,28.317726324347262,0.02813023325481616,4.329446519593966,0.0829721656064807,0.032043331032621684,0.004487871222720677,0.32096540752820546,0.0916059459177831,0.004047153436258731,0.17326450879697058,3.3664194290053333e-09,0.011346881443443289,2.2889717108996786e-08,0.05103294233375079,0.10777986664572244,0.002781989219285522,0.0002067121396382795,0.0004367731623962035,0.012724559282315676,0.10430386597627031
0.39407683989185316,0.04110589816500627,0.0,346094703.5370981,0.0,0.0,False,False,True,False,35185,4.779505480499618e+18,5.220494519500382e+18,0.0,1e+19,0.0,0.4779505480499618,0.5220494519500383,0.0,0.0,28893825585.308598,mixture_l1,0.5,1e+19,logarithmic,32768,mixture,0.8047071577351047,dirichlet_a20_18,dirichlet_a20_18,dirichlet_around_p0|lowQ,box_only,True,False,0.04110589816500627,0.39407683989185316,0.39407683989185316,False,True,N_below_support,lower_bound_Q0,28.893825585308598,0.02756935887212418,4.347657745553867,0.0829721656064807,0.032043331032621684,0.004487871222720677,0.32096540752820546,0.0916059459177831,0.004047153436258731,0.17326450879697058,3.3664194290053333e-09,0.011346881443443289,2.2889717108996786e-08,0.05103294233375079,0.10777986664572244,0.002781989219285522,0.0002067121396382795,0.0004367731623962035,0.012724559282315676,0.10430386597627031
0.41663254110330095,0.04110589816500627,0.0,592211332.2914593,0.0,0.0,False,False,True,False,35185,1.862521108572564e+18,8.137478891427437e+18,0.0,1e+19,0.0,0.1862521108572564,0.8137478891427437,0.0,0.0,16885863972.421347,mixture_l1,0.5,1e+19,logarithmic,131072,fixed_ref,0.8047071577351047,dirichlet_a20_18,dirichlet_a20_18,dirichlet_around_p0|lowQ,box_only,True,False,0.04110589816500627,0.41663254110330095,0.39407683989185316,False,True,N_below_support,lower_bound_Q0,16.885863972421348,0.018383435118812064,4.740316826557921,0.0829721656064807,0.032043331032621684,0.004487871222720677,0.32096540752820546,0.0916059459177831,0.004047153436258731,0.17326450879697058,3.3664194290053333e-09,0.011346881443443289,2.2889717108996786e-08,0.05103294233375079,0.10777986664572244,0.002781989219285522,0.0002067121396382795,0.0004367731623962035,0.012724559282315676,0.10430386597627031
0.39407683989185316,0.04110589816500627,0.0,580260997.5201483,-2048.0,-2.048e-16,False,False,True,False,35185,1.862521108572564e+18,8.137478891427438e+18,0.0,1.0000000000000002e+19,-2048.0,0.1862521108572564,0.8137478891427438,0.0,-2.048e-16,17233624253.11512,mixture_l1,0.5,1e+19,logarithmic,131072,mixture,0.8047071577351047,dirichlet_a20_18,dirichlet_a20_18,dirichlet_around_p0|lowQ,box_only,True,False,0.04110589816500627,0.39407683989185316,0.39407683989185316,False,True,N_below_support,lower_bound_Q0,17.23362425311512,0.01801247260604414,4.761362687937109,0.0829721656064807,0.032043331032621684,0.004487871222720677,0.32096540752820546,0.0916059459177831,0.004047153436258731,0.17326450879697058,3.3664194290053333e-09,0.011346881443443289,2.2889717108996786e-08,0.05103294233375079,0.10777986664572244,0.002781989219285522,0.0002067121396382795,0.0004367731623962035,0.012724559282315676,0.10430386597627031
0.845524296884154,0.04110589816500627,1474958435.7354958,10066760453.333746,2097152.0,2.097152e-16,False,False,False,False,35185,7.989412585491434e+21,5.454105658362153e+20,1.4651768486723482e+21,9.999999999999998e+21,2097152.0,0.7989412585491434,0.05454105658362153,0.14651768486723482,2.097152e-16,993368228672.6473,mixture_l1,0.5,1e+22,exponential,2048,fixed_ref,0.8047071577351047,dirichlet_a20_18,dirichlet_a20_18,dirichlet_around_p0|lowQ,box_only,True,False,0.04110589816500627,0.41663254110330095,0.39407683989185316,True,False,D_above_support;Q_above_A_supported,interior,993.3682286726473,1.3404583776832015,2.466308133004853,0.0829721656064807,0.032043331032621684,0.004487871222720677,0.32096540752820546,0.0916059459177831,0.004047153436258731,0.17326450879697058,3.3664194290053333e-09,0.011346881443443289,2.2889717108996786e-08,0.05103294233375079,0.10777986664572244,0.002781989219285522,0.0002067121396382795,0.0004367731623962035,0.012724559282315676,0.10430386597627031
0.846047043479722,0.04110589816500627,1495391459.8649065,10104091870.09899,-2097152.0,-2.097152e-16,False,False,False,False,35185,7.975549792129286e+21,5.4446419914269255e+20,1.4799860087280225e+21,1.0000000000000002e+22,-2097152.0,0.7975549792129286,0.05444641991426925,0.14799860087280226,-2.097152e-16,989698047935.7053,mixture_l1,0.5,1e+22,exponential,2048,mixture,0.8047071577351047,dirichlet_a20_18,dirichlet_a20_18,dirichlet_around_p0|lowQ,box_only,True,False,0.04110589816500627,0.39407683989185316,0.39407683989185316,True,False,D_above_support;Q_above_A_supported,interior,989.6980479357053,1.34309479690372,2.4665033594428047,0.0829721656064807,0.032043331032621684,0.004487871222720677,0.32096540752820546,0.0916059459177831,0.004047153436258731,0.17326450879697058,3.3664194290053333e-09,0.011346881443443289,2.2889717108996786e-08,0.05103294233375079,0.10777986664572244,0.002781989219285522,0.0002067121396382795,0.0004367731623962035,0.012724559282315676,0.10430386597627031
0.8503779141421746,0.04110589816500627,1522142466.5821466,10423715540.67735,2097152.0,2.097152e-16,False,False,False,False,35185,7.513841550943858e+21,1.0258898330888682e+21,1.4602686159672729e+21,9.999999999999998e+21,2097152.0,0.7513841550943858,0.10258898330888681,0.1460268615967273,2.097152e-16,959350815069.3629,mixture_l1,0.5,1e+22,exponential,4096,fixed_ref,0.8047071577351047,dirichlet_a20_18,dirichlet_a20_18,dirichlet_around_p0|lowQ,box_only,True,False,0.04110589816500627,0.41663254110330095,0.39407683989185316,True,False,D_above_support;Q_above_A_supported,interior,959.350815069363,1.3053691157460114,2.4730871105216328,0.0829721656064807,0.032043331032621684,0.004487871222720677,0.32096540752820546,0.0916059459177831,0.004047153436258731,0.17326450879697058,3.3664194290053333e-09,0.011346881443443289,2.2889717108996786e-08,0.05103294233375079,0.10777986664572244,0.002781989219285522,0.0002067121396382795,0.0004367731623962035,0.012724559282315676,0.10430386597627031
0.8508944287605872,0.04110589816500627,1542662052.7691147,10461742778.527405,2097152.0,2.097152e-16,False,False,False,False,35185,7.501254134876444e+21,1.0241712312151305e+21,1.4745746339084241e+21,9.999999999999998e+21,2097152.0,0.7501254134876444,0.10241712312151305,0.14745746339084242,2.097152e-16,955863684636.261,mixture_l1,0.5,1e+22,exponential,4096,mixture,0.8047071577351047,dirichlet_a20_18,dirichlet_a20_18,dirichlet_around_p0|lowQ,box_only,True,False,0.04110589816500627,0.39407683989185316,0.39407683989185316,True,False,D_above_support;Q_above_A_supported,interior,955.863684636261,1.3079365212573746,2.473277268196202,0.0829721656064807,0.032043331032621684,0.004487871222720677,0.32096540752820546,0.0916059459177831,0.004047153436258731,0.17326450879697058,3.3664194290053333e-09,0.011346881443443289,2.2889717108996786e-08,0.05103294233375079,0.10777986664572244,0.002781989219285522,0.0002067121396382795,0.0004367731623962035,0.012724559282315676,0.10430386597627031
0.8592450995174044,0.04110589816500627,1611973786.4671426,11107281949.350857,-2097152.0,-2.097152e-16,False,False,False,False,35185,6.715063453056835e+21,1.8336599935813865e+21,1.45127655336178e+21,1.0000000000000002e+22,-2097152.0,0.6715063453056835,0.18336599935813866,0.14512765533617802,-2.097152e-16,900310269028.9077,mixture_l1,0.5,1e+22,exponential,8192,fixed_ref,0.8047071577351047,dirichlet_a20_18,dirichlet_a20_18,dirichlet_around_p0|lowQ,box_only,True,False,0.04110589816500627,0.41663254110330095,0.39407683989185316,True,False,D_above_support;Q_above_A_supported,interior,900.3102690289077,1.2431017180147301,2.485661959401862,0.0829721656064807,0.032043331032621684,0.004487871222720677,0.32096540752820546,0.0916059459177831,0.004047153436258731,0.17326450879697058,3.3664194290053333e-09,0.011346881443443289,2.2889717108996786e-08,0.05103294233375079,0.10777986664572244,0.002781989219285522,0.0002067121396382795,0.0004367731623962035,0.012724559282315676,0.10430386597627031
0.8597328279226979,0.04110589816500627,1632471843.4045062,11146455418.64122,0.0,0.0,False,False,False,False,35185,6.704624612742031e+21,1.8308094942527575e+21,1.4645658930052119e+21,1e+22,0.0,0.6704624612742031,0.18308094942527575,0.1464565893005212,0.0,897146189027.5989,mixture_l1,0.5,1e+22,exponential,8192,mixture,0.8047071577351047,dirichlet_a20_18,dirichlet_a20_18,dirichlet_around_p0|lowQ,box_only,True,False,0.04110589816500627,0.39407683989185316,0.39407683989185316,True,False,D_above_support;Q_above_A_supported,interior,897.1461890275989,1.2455466557442283,2.485843185214447,0.0829721656064807,0.032043331032621684,0.004487871222720677,0.32096540752820546,0.0916059459177831,0.004047153436258731,0.17326450879697058,3.3664194290053333e-09,0.011346881443443289,2.2889717108996786e-08,0.05103294233375079,0.10777986664572244,0.002781989219285522,0.0002067121396382795,0.0004367731623962035,0.012724559282315676,0.10430386597627031
0.8982296022372745,0.04110589816500627,2068869989.4711587,14671899498.209217,0.0,0.0,False,False,False,False,35185,4.1055521553473093e+21,4.484357767547355e+21,1.410090077105337e+21,1e+22,0.0,0.41055521553473096,0.4484357767547355,0.14100900771053368,0.0,681575006782.2202,mixture_l1,0.5,1e+22,exponential,32768,fixed_ref,0.8047071577351047,dirichlet_a20_18,dirichlet_a20_18,dirichlet_around_p0|lowQ,box_only,True,False,0.04110589816500627,0.41663254110330095,0.39407683989185316,True,False,D_above_support;Q_above_A_supported,interior,681.5750067822203,1.0039374767985325,2.5432548553502854,0.0829721656064807,0.032043331032621684,0.004487871222720677,0.32096540752820546,0.0916059459177831,0.004047153436258731,0.17326450879697058,3.3664194290053333e-09,0.011346881443443289,2.2889717108996786e-08,0.05103294233375079,0.10777986664572244,0.002781989219285522,0.0002067121396382795,0.0004367731623962035,0.012724559282315676,0.10430386597627031
0.8986088578752368,0.04110589816500627,2089277570.7832165,14710893281.616438,0.0,0.0,False,False,False,False,35185,4.100708251216334e+21,4.479066932528561e+21,1.420224816255105e+21,1e+22,0.0,0.4100708251216334,0.4479066932528561,0.1420224816255105,0.0,679768373583.1708,mixture_l1,0.5,1e+22,exponential,32768,mixture,0.8047071577351047,dirichlet_a20_18,dirichlet_a20_18,dirichlet_around_p0|lowQ,box_only,True,False,0.04110589816500627,0.39407683989185316,0.39407683989185316,True,False,D_above_support;Q_above_A_supported,interior,679.7683735831707,1.0054180243781243,2.5434017503138566,0.0829721656064807,0.032043331032621684,0.004487871222720677,0.32096540752820546,0.0916059459177831,0.004047153436258731,0.17326450879697058,3.3664194290053333e-09,0.011346881443443289,2.2889717108996786e-08,0.05103294233375079,0.10777986664572244,0.002781989219285522,0.0002067121396382795,0.0004367731623962035,0.012724559282315676,0.10430386597627031
0.9725475052075998,0.04110589816500627,3299822472.7472887,24812281042.032833,-2097152.0,-2.097152e-16,False,False,False,False,35185,1.6148216326709964e+21,7.055263367915095e+21,1.3299149994139108e+21,1.0000000000000002e+22,-2097152.0,0.16148216326709963,0.7055263367915094,0.1329914999413911,-2.097152e-16,403026226531.1144,mixture_l1,0.5,1e+22,exponential,131072,fixed_ref,0.8047071577351047,dirichlet_a20_18,dirichlet_a20_18,dirichlet_around_p0|lowQ,box_only,True,False,0.04110589816500627,0.41663254110330095,0.39407683989185316,True,True,Q_above_A_supported,interior,403.0262265311144,0.6677901363764511,2.6647349445851285,0.0829721656064807,0.032043331032621684,0.004487871222720677,0.32096540752820546,0.0916059459177831,0.004047153436258731,0.17326450879697058,3.3664194290053333e-09,0.011346881443443289,2.2889717108996786e-08,0.05103294233375079,0.10777986664572244,0.002781989219285522,0.0002067121396382795,0.0004367731623962035,0.012724559282315676,0.10430386597627031
0.972786779033223,0.04110589816500627,3320155190.370217,24853758765.10271,0.0,0.0,False,False,False,False,35185,1.6137112933552344e+21,7.050412221421909e+21,1.3358764852228564e+21,1e+22,0.0,0.16137112933552344,0.7050412221421909,0.13358764852228563,0.0,402353627654.94653,mixture_l1,0.5,1e+22,exponential,131072,mixture,0.8047071577351047,dirichlet_a20_18,dirichlet_a20_18,dirichlet_around_p0|lowQ,box_only,True,False,0.04110589816500627,0.39407683989185316,0.39407683989185316,True,True,Q_above_A_supported,interior,402.35362765494654,0.6684465200262149,2.664833799996889,0.0829721656064807,0.032043331032621684,0.004487871222720677,0.32096540752820546,0.0916059459177831,0.004047153436258731,0.17326450879697058,3.3664194290053333e-09,0.011346881443443289,2.2889717108996786e-08,0.05103294233375079,0.10777986664572244,0.002781989219285522,0.0002067121396382795,0.0004367731623962035,0.012724559282315676,0.10430386597627031
0.8166826097163014,0.04110589816500627,2073593415.296122,11055963149.447998,0.0,0.0,False,False,False,False,35185,7.60527054357674e+21,5.191864691081722e+20,1.8755429873150874e+21,1e+22,0.0,0.760527054357674,0.05191864691081722,0.18755429873150875,0.0,904489266545.6542,mixture_l1,0.5,1e+22,power,2048,fixed_ref,0.8047071577351047,dirichlet_a20_18,dirichlet_a20_18,dirichlet_around_p0|lowQ,box_only,True,False,0.04110589816500627,0.41663254110330095,0.39407683989185316,True,False,D_above_support;Q_above_A_supported,interior,904.4892665456541,1.4013931811894464,2.4772991547105745,0.0829721656064807,0.032043331032621684,0.004487871222720677,0.32096540752820546,0.0916059459177831,0.004047153436258731,0.17326450879697058,3.3664194290053333e-09,0.011346881443443289,2.2889717108996786e-08,0.05103294233375079,0.10777986664572244,0.002781989219285522,0.0002067121396382795,0.0004367731623962035,0.012724559282315676,0.10430386597627031
0.8183846314769181,0.04110589816500627,2122263016.675158,11148864329.377298,2097152.0,2.097152e-16,False,False,False,False,35185,7.579035707041746e+21,5.173955042673833e+20,1.903568788690869e+21,9.999999999999998e+21,2097152.0,0.7579035707041746,0.05173955042673833,0.1903568788690869,2.097152e-16,896952344612.3533,mixture_l1,0.5,1e+22,power,2048,mixture,0.8047071577351047,dirichlet_a20_18,dirichlet_a20_18,dirichlet_around_p0|lowQ,box_only,True,False,0.04110589816500627,0.39407683989185316,0.39407683989185316,True,False,D_above_support;Q_above_A_supported,interior,896.9523446123533,1.4082940140885765,2.4776572198611473,0.0829721656064807,0.032043331032621684,0.004487871222720677,0.32096540752820546,0.0916059459177831,0.004047153436258731,0.17326450879697058,3.3664194290053333e-09,0.011346881443443289,2.2889717108996786e-08,0.05103294233375079,0.10777986664572244,0.002781989219285522,0.0002067121396382795,0.0004367731623962035,0.012724559282315676,0.10430386597627031
0.8246319636228668,0.04110589816500627,2161466830.415039,11492865864.891567,0.0,0.0,False,False,False,False,35185,7.143914459372928e+21,9.753824541863838e+20,1.8807030864406873e+21,1e+22,0.0,0.7143914459372928,0.09753824541863838,0.18807030864406873,0.0,870104995356.1211,mixture_l1,0.5,1e+22,power,4096,fixed_ref,0.8047071577351047,dirichlet_a20_18,dirichlet_a20_18,dirichlet_around_p0|lowQ,box_only,True,False,0.04110589816500627,0.41663254110330095,0.39407683989185316,True,False,D_above_support;Q_above_A_supported,interior,870.1049953561211,1.3684008438638737,2.483972796886412,0.0829721656064807,0.032043331032621684,0.004487871222720677,0.32096540752820546,0.0916059459177831,0.004047153436258731,0.17326450879697058,3.3664194290053333e-09,0.011346881443443289,2.2889717108996786e-08,0.05103294233375079,0.10777986664572244,0.002781989219285522,0.0002067121396382795,0.0004367731623962035,0.012724559282315676,0.10430386597627031
0.8263343433375371,0.04110589816500627,2210688338.8970885,11588037665.06647,2097152.0,2.097152e-16,False,False,False,False,35185,7.120131570823849e+21,9.721352971364828e+20,1.907733132039667e+21,9.999999999999998e+21,2097152.0,0.7120131570823849,0.09721352971364829,0.1907733132039667,2.097152e-16,862958879582.0194,mixture_l1,0.5,1e+22,power,4096,mixture,0.8047071577351047,dirichlet_a20_18,dirichlet_a20_18,dirichlet_around_p0|lowQ,box_only,True,False,0.04110589816500627,0.39407683989185316,0.39407683989185316,True,False,D_above_support;Q_above_A_supported,interior,862.9588795820194,1.375139213715594,2.4843202547996297,0.0829721656064807,0.032043331032621684,0.004487871222720677,0.32096540752820546,0.0916059459177831,0.004047153436258731,0.17326450879697058,3.3664194290053333e-09,0.011346881443443289,2.2889717108996786e-08,0.05103294233375079,0.10777986664572244,0.002781989219285522,0.0002067121396382795,0.0004367731623962035,0.012724559282315676,0.10430386597627031
0.8394728317771989,0.04110589816500627,2332458861.877438,12342650626.85053,0.0,0.0,False,False,False,False,35185,6.370636337231484e+21,1.739608429153344e+21,1.8897552336151726e+21,1e+22,0.0,0.6370636337231484,0.1739608429153344,0.18897552336151727,0.0,810198741123.3802,mixture_l1,0.5,1e+22,power,8192,fixed_ref,0.8047071577351047,dirichlet_a20_18,dirichlet_a20_18,dirichlet_around_p0|lowQ,box_only,True,False,0.04110589816500627,0.41663254110330095,0.39407683989185316,True,False,D_above_support;Q_above_A_supported,interior,810.1987411233803,1.3105089763527824,2.496335249723156,0.0829721656064807,0.032043331032621684,0.004487871222720677,0.32096540752820546,0.0916059459177831,0.004047153436258731,0.17326450879697058,3.3664194290053333e-09,0.011346881443443289,2.2889717108996786e-08,0.05103294233375079,0.10777986664572244,0.002781989219285522,0.0002067121396382795,0.0004367731623962035,0.012724559282315676,0.10430386597627031
0.8409411309838773,0.04110589816500627,2379946703.9396386,12429553366.736135,0.0,0.0,False,False,False,False,35185,6.35100410878359e+21,1.734247521971839e+21,1.9147483692445713e+21,1e+22,0.0,0.635100410878359,0.1734247521971839,0.19147483692445713,0.0,804534137707.7888,mixture_l1,0.5,1e+22,power,8192,mixture,0.8047071577351047,dirichlet_a20_18,dirichlet_a20_18,dirichlet_around_p0|lowQ,box_only,True,False,0.04110589816500627,0.39407683989185316,0.39407683989185316,True,False,D_above_support;Q_above_A_supported,interior,804.5341377077888,1.315669075041435,2.4966641230563638,0.0829721656064807,0.032043331032621684,0.004487871222720677,0.32096540752820546,0.0916059459177831,0.004047153436258731,0.17326450879697058,3.3664194290053333e-09,0.011346881443443289,2.2889717108996786e-08,0.05103294233375079,0.10777986664572244,0.002781989219285522,0.0002067121396382795,0.0004367731623962035,0.012724559282315676,0.10430386597627031
0.9069412229567986,0.04110589816500627,3232225125.998797,16815618764.011627,-2097152.0,-2.097152e-16,False,False,False,False,35185,3.860809717904061e+21,4.217033761209343e+21,1.9221565208865973e+21,1.0000000000000002e+22,-2097152.0,0.3860809717904061,0.4217033761209343,0.19221565208865973,-2.097152e-16,594685223323.5541,mixture_l1,0.5,1e+22,power,32768,fixed_ref,0.8047071577351047,dirichlet_a20_18,dirichlet_a20_18,dirichlet_around_p0|lowQ,box_only,True,False,0.04110589816500627,0.41663254110330095,0.39407683989185316,True,True,Q_above_A_supported,interior,594.685223323554,1.0820317389444327,2.552688560656356,0.0829721656064807,0.032043331032621684,0.004487871222720677,0.32096540752820546,0.0916059459177831,0.004047153436258731,0.17326450879697058,3.3664194290053333e-09,0.011346881443443289,2.2889717108996786e-08,0.05103294233375079,0.10777986664572244,0.002781989219285522,0.0002067121396382795,0.0004367731623962035,0.012724559282315676,0.10430386597627031
0.9081258909766688,0.04110589816500627,3280004600.6103916,16903491750.803152,0.0,0.0,False,False,False,False,35185,3.8520757993548053e+21,4.207493993108609e+21,1.9404302075365852e+21,1e+22,0.0,0.38520757993548055,0.4207493993108609,0.19404302075365853,0.0,591593745684.2229,mixture_l1,0.5,1e+22,power,32768,mixture,0.8047071577351047,dirichlet_a20_18,dirichlet_a20_18,dirichlet_around_p0|lowQ,box_only,True,False,0.04110589816500627,0.39407683989185316,0.39407683989185316,True,True,Q_above_A_supported,interior,591.5937456842229,1.0852255249643736,2.5529474297883312,0.0829721656064807,0.032043331032621684,0.004487871222720677,0.32096540752820546,0.0916059459177831,0.004047153436258731,0.17326450879697058,3.3664194290053333e-09,0.011346881443443289,2.2889717108996786e-08,0.05103294233375079,0.10777986664572244,0.002781989219285522,0.0002067121396382795,0.0004367731623962035,0.012724559282315676,0.10430386597627031
1.0,0.04110589816500627,4849345275.903549,27848050148.968143,0.0,0.0,False,False,False,True,35185,1.5381893190644332e+21,6.720451680947113e+21,1.7413589999884543e+21,1e+22,0.0,0.15381893190644333,0.6720451680947114,0.17413589999884543,0.0,359091568224.94916,mixture_l1,0.5,1e+22,power,131072,fixed_ref,0.8047071577351047,dirichlet_a20_18,dirichlet_a20_18,dirichlet_around_p0|lowQ,box_only,True,False,0.04110589816500627,0.41663254110330095,0.39407683989185316,True,True,Q_above_A_supported,upper_bound,359.0915682249492,0.7139262215985583,2.6706214242663706,0.0829721656064807,0.032043331032621684,0.004487871222720677,0.32096540752820546,0.0916059459177831,0.004047153436258731,0.17326450879697058,3.3664194290053333e-09,0.011346881443443289,2.2889717108996786e-08,0.05103294233375079,0.10777986664572244,0.002781989219285522,0.0002067121396382795,0.0004367731623962035,0.012724559282315676,0.10430386597627031
1.0,0.04110589816500627,4879414898.877787,27900725637.20169,0.0,0.0,False,False,False,True,35185,1.5367943384226954e+21,6.714356917524651e+21,1.7488487440526543e+21,1e+22,0.0,0.15367943384226954,0.6714356917524651,0.17488487440526543,0.0,358413617266.87164,mixture_l1,0.5,1e+22,power,131072,mixture,0.8047071577351047,dirichlet_a20_18,dirichlet_a20_18,dirichlet_around_p0|lowQ,box_only,True,False,0.04110589816500627,0.39407683989185316,0.39407683989185316,True,True,Q_above_A_supported,upper_bound,358.41361726687165,0.7146279532856085,2.6707977564386844,0.0829721656064807,0.032043331032621684,0.004487871222720677,0.32096540752820546,0.0916059459177831,0.004047153436258731,0.17326450879697058,3.3664194290053333e-09,0.011346881443443289,2.2889717108996786e-08,0.05103294233375079,0.10777986664572244,0.002781989219285522,0.0002067121396382795,0.0004367731623962035,0.012724559282315676,0.10430386597627031
1.0,0.04110589816500627,1511467178.4002495,10595895326.477463,0.0,0.0,False,False,False,True,35185,8.025650767098694e+21,5.478844257006042e+20,1.426464807200702e+21,1e+22,0.0,0.8025650767098694,0.054788442570060415,0.14264648072007022,0.0,943761682414.0934,mixture_l1,0.5,1e+22,logarithmic,2048,fixed_ref,0.8047071577351047,dirichlet_a20_18,dirichlet_a20_18,dirichlet_around_p0|lowQ,box_only,True,False,0.04110589816500627,0.41663254110330095,0.39407683989185316,True,False,D_above_support;Q_above_A_supported,upper_bound,943.7616824140933,1.4173159242506885,2.4497191379490975,0.0829721656064807,0.032043331032621684,0.004487871222720677,0.32096540752820546,0.0916059459177831,0.004047153436258731,0.17326450879697058,3.3664194290053333e-09,0.011346881443443289,2.2889717108996786e-08,0.05103294233375079,0.10777986664572244,0.002781989219285522,0.0002067121396382795,0.0004367731623962035,0.012724559282315676,0.10430386597627031
1.0,0.04110589816500627,1600748814.7096677,10761356006.893583,0.0,0.0,False,False,False,True,35185,7.968518491098819e+21,5.439841956590127e+20,1.4874973132421684e+21,1e+22,0.0,0.7968518491098819,0.05439841956590127,0.14874973132421684,0.0,929250922801.3766,mixture_l1,0.5,1e+22,logarithmic,2048,mixture,0.8047071577351047,dirichlet_a20_18,dirichlet_a20_18,dirichlet_around_p0|lowQ,box_only,True,False,0.04110589816500627,0.39407683989185316,0.39407683989185316,True,False,D_above_support;Q_above_A_supported,upper_bound,929.2509228013765,1.4292010721704813,2.4507640790654497,0.0829721656064807,0.032043331032621684,0.004487871222720677,0.32096540752820546,0.0916059459177831,0.004047153436258731,0.17326450879697058,3.3664194290053333e-09,0.011346881443443289,2.2889717108996786e-08,0.05103294233375079,0.10777986664572244,0.002781989219285522,0.0002067121396382795,0.0004367731623962035,0.012724559282315676,0.10430386597627031
1.0,0.04110589816500627,1511467178.4002495,10861219248.061121,2097152.0,2.097152e-16,False,False,False,True,35185,7.574244783006845e+21,1.0341368877065347e+21,1.3916183292866197e+21,9.999999999999998e+21,2097152.0,0.7574244783006845,0.10341368877065346,0.13916183292866197,2.097152e-16,920706945657.6101,mixture_l1,0.5,1e+22,logarithmic,4096,fixed_ref,0.8047071577351047,dirichlet_a20_18,dirichlet_a20_18,dirichlet_around_p0|lowQ,box_only,True,False,0.04110589816500627,0.41663254110330095,0.39407683989185316,True,False,D_above_support;Q_above_A_supported,upper_bound,920.7069456576102,1.3710922204453413,2.4563778841040365,0.0829721656064807,0.032043331032621684,0.004487871222720677,0.32096540752820546,0.0916059459177831,0.004047153436258731,0.17326450879697058,3.3664194290053333e-09,0.011346881443443289,2.2889717108996786e-08,0.05103294233375079,0.10777986664572244,0.002781989219285522,0.0002067121396382795,0.0004367731623962035,0.012724559282315676,0.10430386597627031
1.0,0.04110589816500627,1600748814.7096677,11026589491.781034,0.0,0.0,False,False,False,True,35185,7.521365791127446e+21,1.0269171426819341e+21,1.4517170661906194e+21,1e+22,0.0,0.7521365791127447,0.10269171426819342,0.14517170661906195,0.0,906898729426.1539,mixture_l1,0.5,1e+22,logarithmic,4096,mixture,0.8047071577351047,dirichlet_a20_18,dirichlet_a20_18,dirichlet_around_p0|lowQ,box_only,True,False,0.04110589816500627,0.39407683989185316,0.39407683989185316,True,False,D_above_support;Q_above_A_supported,upper_bound,906.898729426154,1.3822502166047874,2.457404241303897,0.0829721656064807,0.032043331032621684,0.004487871222720677,0.32096540752820546,0.0916059459177831,0.004047153436258731,0.17326450879697058,3.3664194290053333e-09,0.011346881443443289,2.2889717108996786e-08,0.05103294233375079,0.10777986664572244,0.002781989219285522,0.0002067121396382795,0.0004367731623962035,0.012724559282315676,0.10430386597627031
1.0,0.04110589816500627,1511467178.4002495,11380071368.89148,2097152.0,2.097152e-16,False,False,False,True,35185,6.811764078577063e+21,1.860065711056777e+21,1.3281702103661585e+21,9.999999999999998e+21,2097152.0,0.6811764078577063,0.1860065711056777,0.13281702103661586,2.097152e-16,878729111254.6062,mixture_l1,0.5,1e+22,logarithmic,8192,fixed_ref,0.8047071577351047,dirichlet_a20_18,dirichlet_a20_18,dirichlet_around_p0|lowQ,box_only,True,False,0.04110589816500627,0.41663254110330095,0.39407683989185316,True,False,D_above_support;Q_above_A_supported,upper_bound,878.7291112546062,1.2919726893709718,2.468766055693749,0.0829721656064807,0.032043331032621684,0.004487871222720677,0.32096540752820546,0.0916059459177831,0.004047153436258731,0.17326450879697058,3.3664194290053333e-09,0.011346881443443289,2.2889717108996786e-08,0.05103294233375079,0.10777986664572244,0.002781989219285522,0.0002067121396382795,0.0004367731623962035,0.012724559282315676,0.10430386597627031
1.0,0.04110589816500627,1600748814.7096677,11547220805.379904,0.0,0.0,False,False,False,True,35185,6.766131695320941e+21,1.8476050282689722e+21,1.3862632764100877e+21,1e+22,0.0,0.6766131695320942,0.1847605028268972,0.13862632764100877,0.0,866009247466.7977,mixture_l1,0.5,1e+22,logarithmic,8192,mixture,0.8047071577351047,dirichlet_a20_18,dirichlet_a20_18,dirichlet_around_p0|lowQ,box_only,True,False,0.04110589816500627,0.39407683989185316,0.39407683989185316,True,False,D_above_support;Q_above_A_supported,upper_bound,866.0092474667978,1.3021669447358397,2.469758875836389,0.0829721656064807,0.032043331032621684,0.004487871222720677,0.32096540752820546,0.0916059459177831,0.004047153436258731,0.17326450879697058,3.3664194290053333e-09,0.011346881443443289,2.2889717108996786e-08,0.05103294233375079,0.10777986664572244,0.002781989219285522,0.0002067121396382795,0.0004367731623962035,0.012724559282315676,0.10430386597627031
1.0,0.04110589816500627,1511467178.4002495,14046581134.143473,0.0,0.0,False,False,False,True,35185,4.2652119599788474e+21,4.6587488501528957e+21,1.0760391898682577e+21,1e+22,0.0,0.42652119599788474,0.46587488501528956,0.10760391898682578,0.0,711917007028.3281,mixture_l1,0.5,1e+22,logarithmic,32768,fixed_ref,0.8047071577351047,dirichlet_a20_18,dirichlet_a20_18,dirichlet_around_p0|lowQ,box_only,True,False,0.04110589816500627,0.41663254110330095,0.39407683989185316,True,False,D_above_support;Q_above_A_supported,upper_bound,711.9170070283282,0.998527430836033,2.5260518212528007,0.0829721656064807,0.032043331032621684,0.004487871222720677,0.32096540752820546,0.0916059459177831,0.004047153436258731,0.17326450879697058,3.3664194290053333e-09,0.011346881443443289,2.2889717108996786e-08,0.05103294233375079,0.10777986664572244,0.002781989219285522,0.0002067121396382795,0.0004367731623962035,0.012724559282315676,0.10430386597627031
1.0,0.04110589816500627,1600748814.7096677,14216166081.30218,0.0,0.0,False,False,False,True,35185,4.241330300985443e+21,4.6326637100897004e+21,1.1260059889248575e+21,1e+22,0.0,0.4241330300985443,0.46326637100897006,0.11260059889248575,0.0,703424533929.1938,mixture_l1,0.5,1e+22,logarithmic,32768,mixture,0.8047071577351047,dirichlet_a20_18,dirichlet_a20_18,dirichlet_around_p0|lowQ,box_only,True,False,0.04110589816500627,0.39407683989185316,0.39407683989185316,True,False,D_above_support;Q_above_A_supported,upper_bound,703.4245339291939,1.0049242660744737,2.5269057285622214,0.0829721656064807,0.032043331032621684,0.004487871222720677,0.32096540752820546,0.0916059459177831,0.004047153436258731,0.17326450879697058,3.3664194290053333e-09,0.011346881443443289,2.2889717108996786e-08,0.05103294233375079,0.10777986664572244,0.002781989219285522,0.0002067121396382795,0.0004367731623962035,0.012724559282315676,0.10430386597627031
1.0,0.04110589816500627,1511467178.4002495,21549882804.39626,-2097152.0,-2.097152e-16,False,False,False,True,35185,1.7318874735668657e+21,7.566731831178541e+21,7.013806952545953e+20,1.0000000000000002e+22,-2097152.0,0.17318874735668657,0.756673183117854,0.07013806952545952,-2.097152e-16,464039646561.7883,mixture_l1,0.5,1e+22,logarithmic,131072,fixed_ref,0.8047071577351047,dirichlet_a20_18,dirichlet_a20_18,dirichlet_around_p0|lowQ,box_only,True,False,0.04110589816500627,0.41663254110330095,0.39407683989185316,True,True,Q_above_A_supported,upper_bound,464.03964656178835,0.6220328680961313,2.6492283566959745,0.0829721656064807,0.032043331032621684,0.004487871222720677,0.32096540752820546,0.0916059459177831,0.004047153436258731,0.17326450879697058,3.3664194290053333e-09,0.011346881443443289,2.2889717108996786e-08,0.05103294233375079,0.10777986664572244,0.002781989219285522,0.0002067121396382795,0.0004367731623962035,0.012724559282315676,0.10430386597627031
1.0,0.04110589816500627,1600748814.7096677,21727949655.836414,-2097152.0,-2.097152e-16,False,False,False,True,35185,1.725304827048347e+21,7.537971809696031e+21,7.367233632556237e+20,1.0000000000000002e+22,-2097152.0,0.1725304827048347,0.7537971809696031,0.07367233632556237,-2.097152e-16,460236707024.6717,mixture_l1,0.5,1e+22,logarithmic,131072,mixture,0.8047071577351047,dirichlet_a20_18,dirichlet_a20_18,dirichlet_around_p0|lowQ,box_only,True,False,0.04110589816500627,0.39407683989185316,0.39407683989185316,True,True,Q_above_A_supported,upper_bound,460.2367070246717,0.624788940384634,2.6498566608620746,0.0829721656064807,0.032043331032621684,0.004487871222720677,0.32096540752820546,0.0916059459177831,0.004047153436258731,0.17326450879697058,3.3664194290053333e-09,0.011346881443443289,2.2889717108996786e-08,0.05103294233375079,0.10777986664572244,0.002781989219285522,0.0002067121396382795,0.0004367731623962035,0.012724559282315676,0.10430386597627031
1.0,0.04110589816500627,3912487936.8349757,68928090851.16924,0.0,0.0,False,False,False,True,35185,8.82961296706795e+23,6.0276824521850535e+22,5.6761878771354474e+22,1e+24,0.0,0.882961296706795,0.060276824521850535,0.056761878771354475,0.0,14507873171175.129,mixture_l1,0.5,1e+24,exponential,2048,fixed_ref,0.8047071577351047,dirichlet_a20_18,dirichlet_a20_18,dirichlet_around_p0|lowQ,box_only,True,False,0.04110589816500627,0.41663254110330095,0.39407683989185316,True,False,D_above_support;Q_above_A_supported,upper_bound,14507.87317117513,10.14347274624536,2.0581846384168445,0.0829721656064807,0.032043331032621684,0.004487871222720677,0.32096540752820546,0.0916059459177831,0.004047153436258731,0.17326450879697058,3.3664194290053333e-09,0.011346881443443289,2.2889717108996786e-08,0.05103294233375079,0.10777986664572244,0.002781989219285522,0.0002067121396382795,0.0004367731623962035,0.012724559282315676,0.10430386597627031
1.0,0.04110589816500627,3927904898.4763794,68975452502.4649,0.0,0.0,False,False,False,True,35185,8.827885509980471e+23,6.026503174813336e+22,5.694641725381956e+22,1e+24,0.0,0.8827885509980471,0.06026503174813336,0.05694641725381956,0.0,14497911412241.39,mixture_l1,0.5,1e+24,exponential,2048,mixture,0.8047071577351047,dirichlet_a20_18,dirichlet_a20_18,dirichlet_around_p0|lowQ,box_only,True,False,0.04110589816500627,0.39407683989185316,0.39407683989185316,True,False,D_above_support;Q_above_A_supported,upper_bound,14497.91141224139,10.148456628180936,2.058197615996373,0.0829721656064807,0.032043331032621684,0.004487871222720677,0.32096540752820546,0.0916059459177831,0.004047153436258731,0.17326450879697058,3.3664194290053333e-09,0.011346881443443289,2.2889717108996786e-08,0.05103294233375079,0.10777986664572244,0.002781989219285522,0.0002067121396382795,0.0004367731623962035,0.012724559282315676,0.10430386597627031
1.0,0.04110589816500627,3912487936.8349757,71040959878.33586,268435456.0,2.6843545600000003e-16,False,False,False,True,35185,8.314109937502668e+23,1.1351531434670311e+23,5.507369190302987e+22,9.999999999999997e+23,268435456.0,0.8314109937502668,0.11351531434670312,0.055073691903029874,2.6843545600000003e-16,14076386379246.443,mixture_l1,0.5,1e+24,exponential,4096,fixed_ref,0.8047071577351047,dirichlet_a20_18,dirichlet_a20_18,dirichlet_around_p0|lowQ,box_only,True,False,0.04110589816500627,0.41663254110330095,0.39407683989185316,True,False,D_above_support;Q_above_A_supported,upper_bound,14076.386379246444,9.844039174903344,2.0615931118387523,0.0829721656064807,0.032043331032621684,0.004487871222720677,0.32096540752820546,0.0916059459177831,0.004047153436258731,0.17326450879697058,3.3664194290053333e-09,0.011346881443443289,2.2889717108996786e-08,0.05103294233375079,0.10777986664572244,0.002781989219285522,0.0002067121396382795,0.0004367731623962035,0.012724559282315676,0.10430386597627031
1.0,0.04110589816500627,3927904898.4763794,71089359664.20735,0.0,0.0,False,False,False,True,35185,8.312531703778953e+23,1.134937661955953e+23,5.5253063426509285e+22,1e+24,0.0,0.8312531703778954,0.11349376619559531,0.055253063426509284,0.0,14066802749715.695,mixture_l1,0.5,1e+24,exponential,4096,mixture,0.8047071577351047,dirichlet_a20_18,dirichlet_a20_18,dirichlet_around_p0|lowQ,box_only,True,False,0.04110589816500627,0.39407683989185316,0.39407683989185316,True,False,D_above_support;Q_above_A_supported,upper_bound,14066.802749715695,9.848875933501139,2.0616058117809737,0.0829721656064807,0.032043331032621684,0.004487871222720677,0.32096540752820546,0.0916059459177831,0.004047153436258731,0.17326450879697058,3.3664194290053333e-09,0.011346881443443289,2.2889717108996786e-08,0.05103294233375079,0.10777986664572244,0.002781989219285522,0.0002067121396382795,0.0004367731623962035,0.012724559282315676,0.10430386597627031
1.0,0.04110589816500627,3912487936.8349757,75097582122.51993,0.0,0.0,False,False,False,True,35185,7.445810218567897e+23,2.0332025770169405e+23,5.209872044151626e+22,1e+24,0.0,0.7445810218567896,0.20332025770169407,0.05209872044151626,0.0,13316007942419.818,mixture_l1,0.5,1e+24,exponential,8192,fixed_ref,0.8047071577351047,dirichlet_a20_18,dirichlet_a20_18,dirichlet_around_p0|lowQ,box_only,True,False,0.04110589816500627,0.41663254110330095,0.39407683989185316,True,False,D_above_support;Q_above_A_supported,upper_bound,13316.007942419817,9.319372405960012,2.067926197487218,0.0829721656064807,0.032043331032621684,0.004487871222720677,0.32096540752820546,0.0916059459177831,0.004047153436258731,0.17326450879697058,3.3664194290053333e-09,0.011346881443443289,2.2889717108996786e-08,0.05103294233375079,0.10777986664572244,0.002781989219285522,0.0002067121396382795,0.0004367731623962035,0.012724559282315676,0.10430386597627031
1.0,0.04110589816500627,3927904898.4763794,75112999084.16133,0.0,0.0,False,False,False,True,35185,7.444281964178797e+23,2.0327852616850903e+23,5.2293277413611286e+22,1e+24,0.0,0.7444281964178797,0.20327852616850903,0.05229327741361128,0.0,13313274828495.89,mixture_l1,0.5,1e+24,exponential,8192,mixture,0.8047071577351047,dirichlet_a20_18,dirichlet_a20_18,dirichlet_around_p0|lowQ,box_only,True,False,0.04110589816500627,0.39407683989185316,0.39407683989185316,True,False,D_above_support;Q_above_A_supported,upper_bound,13313.27482849589,9.319372405960012,2.0679384001391425,0.0829721656064807,0.032043331032621684,0.004487871222720677,0.32096540752820546,0.0916059459177831,0.004047153436258731,0.17326450879697058,3.3664194290053333e-09,0.011346881443443289,2.2889717108996786e-08,0.05103294233375079,0.10777986664572244,0.002781989219285522,0.0002067121396382795,0.0004367731623962035,0.012724559282315676,0.10430386597627031
1.0,0.04110589816500627,3912487936.8349757,96103437125.16705,-134217728.0,-1.3421772800000001e-16,False,False,False,True,35185,4.584925993065298e+23,5.00796183135879e+23,4.071121755759134e+22,1.0000000000000001e+24,-134217728.0,0.4584925993065298,0.500796183135879,0.040711217557591335,-1.3421772800000001e-16,10405455100399.582,mixture_l1,0.5,1e+24,exponential,32768,fixed_ref,0.8047071577351047,dirichlet_a20_18,dirichlet_a20_18,dirichlet_around_p0|lowQ,box_only,True,False,0.04110589816500627,0.41663254110330095,0.39407683989185316,True,False,D_above_support;Q_above_A_supported,upper_bound,10405.455100399582,7.343785781634916,2.0970877418003178,0.0829721656064807,0.032043331032621684,0.004487871222720677,0.32096540752820546,0.0916059459177831,0.004047153436258731,0.17326450879697058,3.3664194290053333e-09,0.011346881443443289,2.2889717108996786e-08,0.05103294233375079,0.10777986664572244,0.002781989219285522,0.0002067121396382795,0.0004367731623962035,0.012724559282315676,0.10430386597627031
1.0,0.04110589816500627,3927904898.4763794,96118854086.80846,-134217728.0,-1.3421772800000001e-16,False,False,False,True,35185,4.584190594908138e+23,5.0071585804649956e+23,4.086508246268671e+22,1.0000000000000001e+24,-134217728.0,0.45841905949081385,0.5007158580464995,0.04086508246268671,-1.3421772800000001e-16,10403786119806.041,mixture_l1,0.5,1e+24,exponential,32768,mixture,0.8047071577351047,dirichlet_a20_18,dirichlet_a20_18,dirichlet_around_p0|lowQ,box_only,True,False,0.04110589816500627,0.39407683989185316,0.39407683989185316,True,False,D_above_support;Q_above_A_supported,upper_bound,10403.786119806042,7.343785781634916,2.097097958881627,0.0829721656064807,0.032043331032621684,0.004487871222720677,0.32096540752820546,0.0916059459177831,0.004047153436258731,0.17326450879697058,3.3664194290053333e-09,0.011346881443443289,2.2889717108996786e-08,0.05103294233375079,0.10777986664572244,0.002781989219285522,0.0002067121396382795,0.0004367731623962035,0.012724559282315676,0.10430386597627031
1.0,0.04110589816500627,3912487936.8349757,155621034254.67126,-134217728.0,-1.3421772800000001e-16,False,False,False,True,35185,1.8156952318246595e+23,7.932893514190725e+23,2.5141125398461583e+22,1.0000000000000001e+24,-134217728.0,0.18156952318246594,0.7932893514190725,0.025141125398461583,-1.3421772800000001e-16,6425866559680.592,mixture_l1,0.5,1e+24,exponential,131072,fixed_ref,0.8047071577351047,dirichlet_a20_18,dirichlet_a20_18,dirichlet_around_p0|lowQ,box_only,True,False,0.04110589816500627,0.41663254110330095,0.39407683989185316,True,False,D_above_support;Q_above_A_supported,upper_bound,6425.866559680592,4.709339497797144,2.159259144532899,0.0829721656064807,0.032043331032621684,0.004487871222720677,0.32096540752820546,0.0916059459177831,0.004047153436258731,0.17326450879697058,3.3664194290053333e-09,0.011346881443443289,2.2889717108996786e-08,0.05103294233375079,0.10777986664572244,0.002781989219285522,0.0002067121396382795,0.0004367731623962035,0.012724559282315676,0.10430386597627031
1.0,0.04110589816500627,3927904898.4763794,155636451216.31268,-268435456.0,-2.6843545600000003e-16,False,False,False,True,35185,1.8155153735490258e+23,7.932107701393931e+23,2.5237692505704507e+22,1.0000000000000003e+24,-268435456.0,0.1815515373549026,0.7932107701393931,0.02523769250570451,-2.6843545600000003e-16,6425230029243.864,mixture_l1,0.5,1e+24,exponential,131072,mixture,0.8047071577351047,dirichlet_a20_18,dirichlet_a20_18,dirichlet_around_p0|lowQ,box_only,True,False,0.04110589816500627,0.39407683989185316,0.39407683989185316,True,False,D_above_support;Q_above_A_supported,upper_bound,6425.230029243864,4.709339497797144,2.159266365473623,0.0829721656064807,0.032043331032621684,0.004487871222720677,0.32096540752820546,0.0916059459177831,0.004047153436258731,0.17326450879697058,3.3664194290053333e-09,0.011346881443443289,2.2889717108996786e-08,0.05103294233375079,0.10777986664572244,0.002781989219285522,0.0002067121396382795,0.0004367731623962035,0.012724559282315676,0.10430386597627031
1.0,0.04110589816500627,4849345275.903549,70830147909.01935,0.0,0.0,False,False,False,True,35185,8.720065926444177e+23,5.952898339119225e+22,6.846442396438995e+22,1e+24,0.0,0.8720065926444177,0.05952898339119225,0.06846442396438995,0.0,14118281967792.732,mixture_l1,0.5,1e+24,power,2048,fixed_ref,0.8047071577351047,dirichlet_a20_18,dirichlet_a20_18,dirichlet_around_p0|lowQ,box_only,True,False,0.04110589816500627,0.41663254110330095,0.39407683989185316,True,False,D_above_support;Q_above_A_supported,upper_bound,14118.281967792733,10.294059322440681,2.058965710116826,0.0829721656064807,0.032043331032621684,0.004487871222720677,0.32096540752820546,0.0916059459177831,0.004047153436258731,0.17326450879697058,3.3664194290053333e-09,0.011346881443443289,2.2889717108996786e-08,0.05103294233375079,0.10777986664572244,0.002781989219285522,0.0002067121396382795,0.0004367731623962035,0.012724559282315676,0.10430386597627031
1.0,0.04110589816500627,4879414898.877787,70892636461.73929,134217728.0,1.3421772800000001e-16,False,False,False,True,35185,8.716660325334712e+23,5.950573448761831e+22,6.882823297891035e+22,9.999999999999998e+23,134217728.0,0.8716660325334712,0.05950573448761831,0.06882823297891034,1.3421772800000001e-16,14105837360692.592,mixture_l1,0.5,1e+24,power,2048,mixture,0.8047071577351047,dirichlet_a20_18,dirichlet_a20_18,dirichlet_around_p0|lowQ,box_only,True,False,0.04110589816500627,0.39407683989185316,0.39407683989185316,True,False,D_above_support;Q_above_A_supported,upper_bound,14105.837360692592,10.299117193407,2.0589905306732996,0.0829721656064807,0.032043331032621684,0.004487871222720677,0.32096540752820546,0.0916059459177831,0.004047153436258731,0.17326450879697058,3.3664194290053333e-09,0.011346881443443289,2.2889717108996786e-08,0.05103294233375079,0.10777986664572244,0.002781989219285522,0.0002067121396382795,0.0004367731623962035,0.012724559282315676,0.10430386597627031
1.0,0.04110589816500627,4849345275.903549,72940927839.47432,0.0,0.0,False,False,False,True,35185,8.213721380404332e+23,1.1214467591378716e+23,6.648318604577951e+22,1e+24,0.0,0.8213721380404333,0.11214467591378717,0.0664831860457795,0.0,13709724151038.533,mixture_l1,0.5,1e+24,power,4096,fixed_ref,0.8047071577351047,dirichlet_a20_18,dirichlet_a20_18,dirichlet_around_p0|lowQ,box_only,True,False,0.04110589816500627,0.41663254110330095,0.39407683989185316,True,False,D_above_support;Q_above_A_supported,upper_bound,13709.724151038534,9.98527430836033,2.062357630316767,0.0829721656064807,0.032043331032621684,0.004487871222720677,0.32096540752820546,0.0916059459177831,0.004047153436258731,0.17326450879697058,3.3664194290053333e-09,0.011346881443443289,2.2889717108996786e-08,0.05103294233375079,0.10777986664572244,0.002781989219285522,0.0002067121396382795,0.0004367731623962035,0.012724559282315676,0.10430386597627031
1.0,0.04110589816500627,4879414898.877787,73004453500.31604,-268435456.0,-2.6843545600000003e-16,False,False,False,True,35185,8.210606325176161e+23,1.1210214502640519e+23,6.683722245597885e+22,1.0000000000000003e+24,-268435456.0,0.8210606325176161,0.11210214502640518,0.06683722245597885,-2.6843545600000003e-16,13697794477643.354,mixture_l1,0.5,1e+24,power,4096,mixture,0.8047071577351047,dirichlet_a20_18,dirichlet_a20_18,dirichlet_around_p0|lowQ,box_only,True,False,0.04110589816500627,0.39407683989185316,0.39407683989185316,True,False,D_above_support;Q_above_A_supported,upper_bound,13697.794477643354,9.990180461262062,2.062381931496632,0.0829721656064807,0.032043331032621684,0.004487871222720677,0.32096540752820546,0.0916059459177831,0.004047153436258731,0.17326450879697058,3.3664194290053333e-09,0.011346881443443289,2.2889717108996786e-08,0.05103294233375079,0.10777986664572244,0.002781989219285522,0.0002067121396382795,0.0004367731623962035,0.012724559282315676,0.10430386597627031
1.0,0.04110589816500627,4849345275.903549,76984848196.6832,-134217728.0,-1.3421772800000001e-16,False,False,False,True,35185,7.360251582396721e+23,2.0098393654331313e+23,6.299090521701487e+22,1.0000000000000001e+24,-134217728.0,0.7360251582396721,0.20098393654331315,0.06299090521701488,-1.3421772800000001e-16,12989569031105.576,mixture_l1,0.5,1e+24,power,8192,fixed_ref,0.8047071577351047,dirichlet_a20_18,dirichlet_a20_18,dirichlet_around_p0|lowQ,box_only,True,False,0.04110589816500627,0.41663254110330095,0.39407683989185316,True,False,D_above_support;Q_above_A_supported,upper_bound,12989.569031105577,9.443797512670146,2.068661146213961,0.0829721656064807,0.032043331032621684,0.004487871222720677,0.32096540752820546,0.0916059459177831,0.004047153436258731,0.17326450879697058,3.3664194290053333e-09,0.011346881443443289,2.2889717108996786e-08,0.05103294233375079,0.10777986664572244,0.002781989219285522,0.0002067121396382795,0.0004367731623962035,0.012724559282315676,0.10430386597627031
1.0,0.04110589816500627,4879414898.877787,77050360792.58342,0.0,0.0,False,False,False,True,35185,7.35760678066376e+23,2.009117158239917e+23,6.3327606109632396e+22,1e+24,0.0,0.735760678066376,0.2009117158239917,0.0633276061096324,0.0,12978524561253.66,mixture_l1,0.5,1e+24,power,8192,mixture,0.8047071577351047,dirichlet_a20_18,dirichlet_a20_18,dirichlet_around_p0|lowQ,box_only,True,False,0.04110589816500627,0.39407683989185316,0.39407683989185316,True,False,D_above_support;Q_above_A_supported,upper_bound,12978.52456125366,9.44843761700168,2.06868451843792,0.0829721656064807,0.032043331032621684,0.004487871222720677,0.32096540752820546,0.0916059459177831,0.004047153436258731,0.17326450879697058,3.3664194290053333e-09,0.011346881443443289,2.2889717108996786e-08,0.05103294233375079,0.10777986664572244,0.002781989219285522,0.0002067121396382795,0.0004367731623962035,0.012724559282315676,0.10430386597627031
1.0,0.04110589816500627,4849345275.903549,98041986348.74731,0.0,0.0,False,False,False,True,35185,4.543101943747814e+23,4.9622788164242794e+23,4.946192398279076e+22,1e+24,0.0,0.4543101943747814,0.4962278816424279,0.04946192398279076,0.0,10199711748422.537,mixture_l1,0.5,1e+24,power,32768,fixed_ref,0.8047071577351047,dirichlet_a20_18,dirichlet_a20_18,dirichlet_around_p0|lowQ,box_only,True,False,0.04110589816500627,0.41663254110330095,0.39407683989185316,True,False,D_above_support;Q_above_A_supported,upper_bound,10199.711748422536,7.4235789791648426,2.0977042250709683,0.0829721656064807,0.032043331032621684,0.004487871222720677,0.32096540752820546,0.0916059459177831,0.004047153436258731,0.17326450879697058,3.3664194290053333e-09,0.011346881443443289,2.2889717108996786e-08,0.05103294233375079,0.10777986664572244,0.002781989219285522,0.0002067121396382795,0.0004367731623962035,0.012724559282315676,0.10430386597627031
1.0,0.04110589816500627,4879414898.877787,98072055971.72156,134217728.0,1.3421772800000001e-16,False,False,False,True,35185,4.54170899484684e+23,4.960757344771375e+23,4.975336603817844e+22,9.999999999999998e+23,134217728.0,0.45417089948468403,0.4960757344771375,0.04975336603817844,1.3421772800000001e-16,10196584440815.062,mixture_l1,0.5,1e+24,power,32768,mixture,0.8047071577351047,dirichlet_a20_18,dirichlet_a20_18,dirichlet_around_p0|lowQ,box_only,True,False,0.04110589816500627,0.39407683989185316,0.39407683989185316,True,False,D_above_support;Q_above_A_supported,upper_bound,10196.584440815062,7.4235789791648426,2.0977238671485905,0.0829721656064807,0.032043331032621684,0.004487871222720677,0.32096540752820546,0.0916059459177831,0.004047153436258731,0.17326450879697058,3.3664194290053333e-09,0.011346881443443289,2.2889717108996786e-08,0.05103294233375079,0.10777986664572244,0.002781989219285522,0.0002067121396382795,0.0004367731623962035,0.012724559282315676,0.10430386597627031
1.0,0.04110589816500627,4849345275.903549,157604795161.18866,-268435456.0,-2.6843545600000003e-16,False,False,False,True,35185,1.8052131571876484e+23,7.887096631296649e+23,3.0769021151570496e+22,1.0000000000000003e+24,-268435456.0,0.18052131571876484,0.788709663129665,0.030769021151570496,-2.6843545600000003e-16,6344984611523.148,mixture_l1,0.5,1e+24,power,131072,fixed_ref,0.8047071577351047,dirichlet_a20_18,dirichlet_a20_18,dirichlet_around_p0|lowQ,box_only,True,False,0.04110589816500627,0.41663254110330095,0.39407683989185316,True,False,D_above_support;Q_above_A_supported,upper_bound,6344.9846115231485,4.7418374976807,2.1596959641221933,0.0829721656064807,0.032043331032621684,0.004487871222720677,0.32096540752820546,0.0916059459177831,0.004047153436258731,0.17326450879697058,3.3664194290053333e-09,0.011346881443443289,2.2889717108996786e-08,0.05103294233375079,0.10777986664572244,0.002781989219285522,0.0002067121396382795,0.0004367731623962035,0.012724559282315676,0.10430386597627031
1.0,0.04110589816500627,4879414898.877787,157634864784.16287,-268435456.0,-2.6843545600000003e-16,False,False,False,True,35185,1.8048688039311586e+23,7.885592128962161e+23,3.0953906710668286e+22,1.0000000000000003e+24,-268435456.0,0.18048688039311586,0.7885592128962161,0.030953906710668288,-2.6843545600000003e-16,6343774274613.817,mixture_l1,0.5,1e+24,power,131072,mixture,0.8047071577351047,dirichlet_a20_18,dirichlet_a20_18,dirichlet_around_p0|lowQ,box_only,True,False,0.04110589816500627,0.39407683989185316,0.39407683989185316,True,False,D_above_support;Q_above_A_supported,upper_bound,6343.774274613817,4.7418374976807,2.159709919678254,0.0829721656064807,0.032043331032621684,0.004487871222720677,0.32096540752820546,0.0916059459177831,0.004047153436258731,0.17326450879697058,3.3664194290053333e-09,0.011346881443443289,2.2889717108996786e-08,0.05103294233375079,0.10777986664572244,0.002781989219285522,0.0002067121396382795,0.0004367731623962035,0.012724559282315676,0.10430386597627031
1.0,0.04110589816500627,1511467178.4002495,63990974212.334656,-134217728.0,-1.3421772800000001e-16,False,False,False,True,35185,9.139852667157944e+23,6.239472754113156e+22,2.3620005743074075e+22,1.0000000000000001e+24,-134217728.0,0.9139852667157945,0.06239472754113157,0.023620005743074077,-1.3421772800000001e-16,15627203872249.281,mixture_l1,0.5,1e+24,logarithmic,2048,fixed_ref,0.8047071577351047,dirichlet_a20_18,dirichlet_a20_18,dirichlet_around_p0|lowQ,box_only,True,False,0.04110589816500627,0.41663254110330095,0.39407683989185316,True,False,D_above_support;Q_above_A_supported,upper_bound,15627.203872249282,9.747801272144036,2.056108938706984,0.0829721656064807,0.032043331032621684,0.004487871222720677,0.32096540752820546,0.0916059459177831,0.004047153436258731,0.17326450879697058,3.3664194290053333e-09,0.011346881443443289,2.2889717108996786e-08,0.05103294233375079,0.10777986664572244,0.002781989219285522,0.0002067121396382795,0.0004367731623962035,0.012724559282315676,0.10430386597627031
1.0,0.04110589816500627,1600748814.7096677,64172396928.19434,0.0,0.0,False,False,False,True,35185,9.127454064269835e+23,6.231008641208208e+22,2.494450716093439e+22,1e+24,0.0,0.9127454064269835,0.06231008641208208,0.02494450716093439,0.0,15583023977099.52,mixture_l1,0.5,1e+24,logarithmic,2048,mixture,0.8047071577351047,dirichlet_a20_18,dirichlet_a20_18,dirichlet_around_p0|lowQ,box_only,True,False,0.04110589816500627,0.39407683989185316,0.39407683989185316,True,False,D_above_support;Q_above_A_supported,upper_bound,15583.02397709952,9.762176752603075,2.056188171253922,0.0829721656064807,0.032043331032621684,0.004487871222720677,0.32096540752820546,0.0916059459177831,0.004047153436258731,0.17326450879697058,3.3664194290053333e-09,0.011346881443443289,2.2889717108996786e-08,0.05103294233375079,0.10777986664572244,0.002781989219285522,0.0002067121396382795,0.0004367731623962035,0.012724559282315676,0.10430386597627031
1.0,0.04110589816500627,1511467178.4002495,66068975718.93947,0.0,0.0,False,False,False,True,35185,8.597397560185743e+23,1.173831346884027e+23,2.2877109293022825e+22,1e+24,0.0,0.8597397560185743,0.1173831346884027,0.022877109293022824,0.0,15135697036594.71,mixture_l1,0.5,1e+24,logarithmic,4096,fixed_ref,0.8047071577351047,dirichlet_a20_18,dirichlet_a20_18,dirichlet_around_p0|lowQ,box_only,True,False,0.04110589816500627,0.41663254110330095,0.39407683989185316,True,False,D_above_support;Q_above_A_supported,upper_bound,15135.69703659471,9.467020844166354,2.059563508801493,0.0829721656064807,0.032043331032621684,0.004487871222720677,0.32096540752820546,0.0916059459177831,0.004047153436258731,0.17326450879697058,3.3664194290053333e-09,0.011346881443443289,2.2889717108996786e-08,0.05103294233375079,0.10777986664572244,0.002781989219285522,0.0002067121396382795,0.0004367731623962035,0.012724559282315676,0.10430386597627031
1.0,0.04110589816500627,1600748814.7096677,66253462948.449,134217728.0,1.3421772800000001e-16,False,False,False,True,35185,8.586101155476229e+23,1.1722890110943545e+23,2.416098334294149e+22,9.999999999999998e+23,134217728.0,0.8586101155476229,0.11722890110943546,0.02416098334294149,1.3421772800000001e-16,15093550668862.209,mixture_l1,0.5,1e+24,logarithmic,4096,mixture,0.8047071577351047,dirichlet_a20_18,dirichlet_a20_18,dirichlet_around_p0|lowQ,box_only,True,False,0.04110589816500627,0.39407683989185316,0.39407683989185316,True,False,D_above_support;Q_above_A_supported,upper_bound,15093.550668862208,9.480982246266326,2.059640922347312,0.0829721656064807,0.032043331032621684,0.004487871222720677,0.32096540752820546,0.0916059459177831,0.004047153436258731,0.17326450879697058,3.3664194290053333e-09,0.011346881443443289,2.2889717108996786e-08,0.05103294233375079,0.10777986664572244,0.002781989219285522,0.0002067121396382795,0.0004367731623962035,0.012724559282315676,0.10430386597627031
1.0,0.04110589816500627,1511467178.4002495,70121727003.96936,134217728.0,1.3421772800000001e-16,False,False,False,True,35185,7.685733358777219e+23,2.0987175891700992e+23,2.155490520526812e+22,9.999999999999998e+23,134217728.0,0.7685733358777219,0.20987175891700993,0.02155490520526812,1.3421772800000001e-16,14260915164616.428,mixture_l1,0.5,1e+24,logarithmic,8192,fixed_ref,0.8047071577351047,dirichlet_a20_18,dirichlet_a20_18,dirichlet_around_p0|lowQ,box_only,True,False,0.04110589816500627,0.41663254110330095,0.39407683989185316,True,False,D_above_support;Q_above_A_supported,upper_bound,14260.915164616428,8.982281606824612,2.065978670686169,0.0829721656064807,0.032043331032621684,0.004487871222720677,0.32096540752820546,0.0916059459177831,0.004047153436258731,0.17326450879697058,3.3664194290053333e-09,0.011346881443443289,2.2889717108996786e-08,0.05103294233375079,0.10777986664572244,0.002781989219285522,0.0002067121396382795,0.0004367731623962035,0.012724559282315676,0.10430386597627031
1.0,0.04110589816500627,1600748814.7096677,70312190991.23935,0.0,0.0,False,False,False,True,35185,7.67621775174445e+23,2.0961191940763516e+23,2.276630541791985e+22,1e+24,0.0,0.767621775174445,0.20961191940763516,0.022766305417919852,0.0,14222284726194.871,mixture_l1,0.5,1e+24,logarithmic,8192,mixture,0.8047071577351047,dirichlet_a20_18,dirichlet_a20_18,dirichlet_around_p0|lowQ,box_only,True,False,0.04110589816500627,0.39407683989185316,0.39407683989185316,True,False,D_above_support;Q_above_A_supported,upper_bound,14222.284726194872,8.995528144183297,2.066052851473288,0.0829721656064807,0.032043331032621684,0.004487871222720677,0.32096540752820546,0.0916059459177831,0.004047153436258731,0.17326450879697058,3.3664194290053333e-09,0.011346881443443289,2.2889717108996786e-08,0.05103294233375079,0.10777986664572244,0.002781989219285522,0.0002067121396382795,0.0004367731623962035,0.012724559282315676,0.10430386597627031
1.0,0.04110589816500627,1511467178.4002495,91090895482.34708,0.0,0.0,False,False,False,True,35185,4.700199358581437e+23,5.1338710860665516e+23,1.659295553520125e+22,1e+24,0.0,0.47001993585814367,0.5133871086066552,0.01659295553520125,0.0,10978045552245.06,mixture_l1,0.5,1e+24,logarithmic,32768,fixed_ref,0.8047071577351047,dirichlet_a20_18,dirichlet_a20_18,dirichlet_around_p0|lowQ,box_only,True,False,0.04110589816500627,0.41663254110330095,0.39407683989185316,True,False,D_above_support;Q_above_A_supported,upper_bound,10978.045552245061,7.135756141978941,2.0954656979139084,0.0829721656064807,0.032043331032621684,0.004487871222720677,0.32096540752820546,0.0916059459177831,0.004047153436258731,0.17326450879697058,3.3664194290053333e-09,0.011346881443443289,2.2889717108996786e-08,0.05103294233375079,0.10777986664572244,0.002781989219285522,0.0002067121396382795,0.0004367731623962035,0.012724559282315676,0.10430386597627031
1.0,0.04110589816500627,1600748814.7096677,91268226445.66954,-134217728.0,-1.3421772800000001e-16,False,False,False,True,35185,4.695677975235642e+23,5.128932529750717e+23,1.7538949501364168e+22,1.0000000000000001e+24,-134217728.0,0.4695677975235642,0.5128932529750717,0.017538949501364167,-1.3421772800000001e-16,10956715594723.246,mixture_l1,0.5,1e+24,logarithmic,32768,mixture,0.8047071577351047,dirichlet_a20_18,dirichlet_a20_18,dirichlet_around_p0|lowQ,box_only,True,False,0.04110589816500627,0.39407683989185316,0.39407683989185316,True,False,D_above_support;Q_above_A_supported,upper_bound,10956.715594723246,7.142770012662493,2.095527156310461,0.0829721656064807,0.032043331032621684,0.004487871222720677,0.32096540752820546,0.0916059459177831,0.004047153436258731,0.17326450879697058,3.3664194290053333e-09,0.011346881443443289,2.2889717108996786e-08,0.05103294233375079,0.10777986664572244,0.002781989219285522,0.0002067121396382795,0.0004367731623962035,0.012724559282315676,0.10430386597627031
1.0,0.04110589816500627,1511467178.4002495,150560803623.58066,0.0,0.0,False,False,False,True,35185,1.8438234166306207e+23,8.055787428820292e+23,1.0038915454908777e+22,1e+24,0.0,0.18438234166306208,0.8055787428820292,0.010038915454908776,0.0,6641834899474.335,mixture_l1,0.5,1e+24,logarithmic,131072,fixed_ref,0.8047071577351047,dirichlet_a20_18,dirichlet_a20_18,dirichlet_around_p0|lowQ,box_only,True,False,0.04110589816500627,0.41663254110330095,0.39407683989185316,True,False,D_above_support;Q_above_A_supported,upper_bound,6641.834899474335,4.626792255798041,2.1581211239396496,0.0829721656064807,0.032043331032621684,0.004487871222720677,0.32096540752820546,0.0916059459177831,0.004047153436258731,0.17326450879697058,3.3664194290053333e-09,0.011346881443443289,2.2889717108996786e-08,0.05103294233375079,0.10777986664572244,0.002781989219285522,0.0002067121396382795,0.0004367731623962035,0.012724559282315676,0.10430386597627031
1.0,0.04110589816500627,1600748814.7096677,150723318985.0651,-134217728.0,-1.3421772800000001e-16,False,False,False,True,35185,1.8427403044010826e+23,8.051055239281957e+23,1.0620445631696068e+22,1.0000000000000001e+24,-134217728.0,0.18427403044010826,0.8051055239281958,0.010620445631696068,-1.3421772800000001e-16,6634673431647.881,mixture_l1,0.5,1e+24,logarithmic,131072,mixture,0.8047071577351047,dirichlet_a20_18,dirichlet_a20_18,dirichlet_around_p0|lowQ,box_only,True,False,0.04110589816500627,0.39407683989185316,0.39407683989185316,True,False,D_above_support;Q_above_A_supported,upper_bound,6634.6734316478805,4.629065578448006,2.158163934015659,0.0829721656064807,0.032043331032621684,0.004487871222720677,0.32096540752820546,0.0916059459177831,0.004047153436258731,0.17326450879697058,3.3664194290053333e-09,0.011346881443443289,2.2889717108996786e-08,0.05103294233375079,0.10777986664572244,0.002781989219285522,0.0002067121396382795,0.0004367731623962035,0.012724559282315676,0.10430386597627031
0.41663254110330095,0.0016896948639518656,0.0,57799523.878065206,2048.0,2.048e-16,False,False,True,False,35185,9.360958562156763e+18,6.390414378432352e+17,0.0,9.999999999999998e+18,2048.0,0.9360958562156763,0.06390414378432352,0.0,2.048e-16,173011805790.92932,mixture_l1,1.0,1e+19,exponential,2048,fixed_ref,0.8047071577351047,dirichlet_a20_18,dirichlet_a20_18,dirichlet_around_p0|lowQ,box_only,True,False,0.0016896948639518656,0.41663254110330095,0.39407683989185316,False,True,N_below_support,lower_bound_Q0,173.01180579092932,0.009017649132249315,5.575836204285501,0.0829721656064807,0.032043331032621684,0.004487871222720677,0.32096540752820546,0.0916059459177831,0.004047153436258731,0.17326450879697058,3.3664194290053333e-09,0.011346881443443289,2.2889717108996786e-08,0.05103294233375079,0.10777986664572244,0.002781989219285522,0.0002067121396382795,0.0004367731623962035,0.012724559282315676,0.10430386597627031
0.39407683989185316,0.0016896948639518656,0.0,56647088.6322802,0.0,0.0,False,False,True,False,35185,9.360958562156765e+18,6.390414378432352e+17,0.0,1e+19,0.0,0.9360958562156765,0.06390414378432352,0.0,0.0,176531578964.5282,mixture_l1,1.0,1e+19,exponential,2048,mixture,0.8047071577351047,dirichlet_a20_18,dirichlet_a20_18,dirichlet_around_p0|lowQ,box_only,True,False,0.0016896948639518656,0.39407683989185316,0.39407683989185316,False,True,N_below_support,lower_bound_Q0,176.5315789645282,0.008837850822559942,5.602646405492852,0.0829721656064807,0.032043331032621684,0.004487871222720677,0.32096540752820546,0.0916059459177831,0.004047153436258731,0.17326450879697058,3.3664194290053333e-09,0.011346881443443289,2.2889717108996786e-08,0.05103294233375079,0.10777986664572244,0.002781989219285522,0.0002067121396382795,0.0004367731623962035,0.012724559282315676,0.10430386597627031
0.41663254110330095,0.0016896948639518656,0.0,59795260.37920447,0.0,0.0,False,False,True,False,35185,8.798686062881276e+18,1.2013139371187236e+18,0.0,1e+19,0.0,0.8798686062881276,0.12013139371187236,0.0,0.0,167237335143.00055,mixture_l1,1.0,1e+19,exponential,4096,fixed_ref,0.8047071577351047,dirichlet_a20_18,dirichlet_a20_18,dirichlet_around_p0|lowQ,box_only,True,False,0.0016896948639518656,0.41663254110330095,0.39407683989185316,False,True,N_below_support,lower_bound_Q0,167.23733514300054,0.008768662068747721,5.6129649278713245,0.0829721656064807,0.032043331032621684,0.004487871222720677,0.32096540752820546,0.0916059459177831,0.004047153436258731,0.17326450879697058,3.3664194290053333e-09,0.011346881443443289,2.2889717108996786e-08,0.05103294233375079,0.10777986664572244,0.002781989219285522,0.0002067121396382795,0.0004367731623962035,0.012724559282315676,0.10430386597627031
0.39407683989185316,0.0016896948639518656,0.0,58617428.36514794,0.0,0.0,False,False,True,False,35185,8.798686062881276e+18,1.2013139371187236e+18,0.0,1e+19,0.0,0.8798686062881276,0.12013139371187236,0.0,0.0,170597726288.95612,mixture_l1,1.0,1e+19,exponential,4096,mixture,0.8047071577351047,dirichlet_a20_18,dirichlet_a20_18,dirichlet_around_p0|lowQ,box_only,True,False,0.0016896948639518656,0.39407683989185316,0.39407683989185316,False,True,N_below_support,lower_bound_Q0,170.59772628895612,0.008595939166639479,5.640031291173801,0.0829721656064807,0.032043331032621684,0.004487871222720677,0.32096540752820546,0.0916059459177831,0.004047153436258731,0.17326450879697058,3.3664194290053333e-09,0.011346881443443289,2.2889717108996786e-08,0.05103294233375079,0.10777986664572244,0.002781989219285522,0.0002067121396382795,0.0004367731623962035,0.012724559282315676,0.10430386597627031
0.41663254110330095,0.0016896948639518656,0.0,63627139.25516487,0.0,0.0,False,False,True,False,35185,7.855048177628824e+18,2.1449518223711775e+18,0.0,1e+19,0.0,0.7855048177628824,0.21449518223711775,0.0,0.0,157165639019.17468,mixture_l1,1.0,1e+19,exponential,8192,fixed_ref,0.8047071577351047,dirichlet_a20_18,dirichlet_a20_18,dirichlet_around_p0|lowQ,box_only,True,False,0.0016896948639518656,0.41663254110330095,0.39407683989185316,False,True,N_below_support,lower_bound_Q0,157.16563901917468,0.008329904070900302,5.681884275545452,0.0829721656064807,0.032043331032621684,0.004487871222720677,0.32096540752820546,0.0916059459177831,0.004047153436258731,0.17326450879697058,3.3664194290053333e-09,0.011346881443443289,2.2889717108996786e-08,0.05103294233375079,0.10777986664572244,0.002781989219285522,0.0002067121396382795,0.0004367731623962035,0.012724559282315676,0.10430386597627031
0.39407683989185316,0.0016896948639518656,0.0,62358510.15675213,0.0,0.0,False,False,True,False,35185,7.855048177628824e+18,2.1449518223711775e+18,0.0,1e+19,0.0,0.7855048177628824,0.21449518223711775,0.0,0.0,160363035852.88925,mixture_l1,1.0,1e+19,exponential,8192,mixture,0.8047071577351047,dirichlet_a20_18,dirichlet_a20_18,dirichlet_around_p0|lowQ,box_only,True,False,0.0016896948639518656,0.39407683989185316,0.39407683989185316,False,True,N_below_support,lower_bound_Q0,160.36303585288925,0.008163818359440739,5.70942610945823,0.0829721656064807,0.032043331032621684,0.004487871222720677,0.32096540752820546,0.0916059459177831,0.004047153436258731,0.17326450879697058,3.3664194290053333e-09,0.011346881443443289,2.2889717108996786e-08,0.05103294233375079,0.10777986664572244,0.002781989219285522,0.0002067121396382795,0.0004367731623962035,0.012724559282315676,0.10430386597627031
0.41663254110330095,0.0016896948639518656,0.0,83584988.3855374,0.0,0.0,False,False,True,False,35185,4.779505480499618e+18,5.220494519500382e+18,0.0,1e+19,0.0,0.4779505480499618,0.5220494519500383,0.0,0.0,119638707776.98506,mixture_l1,1.0,1e+19,exponential,32768,fixed_ref,0.8047071577351047,dirichlet_a20_18,dirichlet_a20_18,dirichlet_around_p0|lowQ,box_only,True,False,0.0016896948639518656,0.41663254110330095,0.39407683989185316,False,True,N_below_support,lower_bound_Q0,119.63870777698506,0.006658248501269548,5.9982522522113815,0.0829721656064807,0.032043331032621684,0.004487871222720677,0.32096540752820546,0.0916059459177831,0.004047153436258731,0.17326450879697058,3.3664194290053333e-09,0.011346881443443289,2.2889717108996786e-08,0.05103294233375079,0.10777986664572244,0.002781989219285522,0.0002067121396382795,0.0004367731623962035,0.012724559282315676,0.10430386597627031
0.39407683989185316,0.0016896948639518656,0.0,81898312.46665813,0.0,0.0,False,False,True,False,35185,4.779505480499618e+18,5.220494519500383e+18,0.0,1e+19,0.0,0.4779505480499618,0.5220494519500383,0.0,0.0,122102638000.88837,mixture_l1,1.0,1e+19,exponential,32768,mixture,0.8047071577351047,dirichlet_a20_18,dirichlet_a20_18,dirichlet_around_p0|lowQ,box_only,True,False,0.0016896948639518656,0.39407683989185316,0.39407683989185316,False,True,N_below_support,lower_bound_Q0,122.10263800088836,0.006523890554634378,6.027976747831006,0.0829721656064807,0.032043331032621684,0.004487871222720677,0.32096540752820546,0.0916059459177831,0.004047153436258731,0.17326450879697058,3.3664194290053333e-09,0.011346881443443289,2.2889717108996786e-08,0.05103294233375079,0.10777986664572244,0.002781989219285522,0.0002067121396382795,0.0004367731623962035,0.012724559282315676,0.10430386597627031
0.41663254110330095,0.0016896948639518656,0.0,140138257.657858,-2048.0,-2.048e-16,False,False,True,False,35185,1.862521108572564e+18,8.137478891427438e+18,0.0,1.0000000000000002e+19,-2048.0,0.1862521108572564,0.8137478891427438,0.0,-2.048e-16,71358101400.22293,mixture_l1,1.0,1e+19,exponential,131072,fixed_ref,0.8047071577351047,dirichlet_a20_18,dirichlet_a20_18,dirichlet_around_p0|lowQ,box_only,True,False,0.0016896948639518656,0.41663254110330095,0.39407683989185316,False,True,N_below_support,lower_bound_Q0,71.35810140022294,0.004350174383439022,6.668877821380113,0.0829721656064807,0.032043331032621684,0.004487871222720677,0.32096540752820546,0.0916059459177831,0.004047153436258731,0.17326450879697058,3.3664194290053333e-09,0.011346881443443289,2.2889717108996786e-08,0.05103294233375079,0.10777986664572244,0.002781989219285522,0.0002067121396382795,0.0004367731623962035,0.012724559282315676,0.10430386597627031
0.39407683989185316,0.0016896948639518656,0.0,137344112.3678639,0.0,0.0,False,False,True,False,35185,1.8625211085725637e+18,8.137478891427437e+18,0.0,1e+19,0.0,0.18625211085725638,0.8137478891427437,0.0,0.0,72809819275.07672,mixture_l1,1.0,1e+19,exponential,131072,mixture,0.8047071577351047,dirichlet_a20_18,dirichlet_a20_18,dirichlet_around_p0|lowQ,box_only,True,False,0.0016896948639518656,0.39407683989185316,0.39407683989185316,False,True,N_below_support,lower_bound_Q0,72.80981927507672,0.0042634384737218105,6.70322903769279,0.0829721656064807,0.032043331032621684,0.004487871222720677,0.32096540752820546,0.0916059459177831,0.004047153436258731,0.17326450879697058,3.3664194290053333e-09,0.011346881443443289,2.2889717108996786e-08,0.05103294233375079,0.10777986664572244,0.002781989219285522,0.0002067121396382795,0.0004367731623962035,0.012724559282315676,0.10430386597627031
0.41663254110330095,0.0016896948639518656,0.0,57799523.878065206,2048.0,2.048e-16,False,False,True,False,35185,9.360958562156763e+18,6.390414378432352e+17,0.0,9.999999999999998e+18,2048.0,0.9360958562156763,0.06390414378432352,0.0,2.048e-16,173011805790.92932,mixture_l1,1.0,1e+19,power,2048,fixed_ref,0.8047071577351047,dirichlet_a20_18,dirichlet_a20_18,dirichlet_around_p0|lowQ,box_only,True,False,0.0016896948639518656,0.41663254110330095,0.39407683989185316,False,True,N_below_support,lower_bound_Q0,173.01180579092932,0.009017649132249315,5.575836204285501,0.0829721656064807,0.032043331032621684,0.004487871222720677,0.32096540752820546,0.0916059459177831,0.004047153436258731,0.17326450879697058,3.3664194290053333e-09,0.011346881443443289,2.2889717108996786e-08,0.05103294233375079,0.10777986664572244,0.002781989219285522,0.0002067121396382795,0.0004367731623962035,0.012724559282315676,0.10430386597627031
0.39407683989185316,0.0016896948639518656,0.0,56647088.6322802,0.0,0.0,False,False,True,False,35185,9.360958562156765e+18,6.390414378432352e+17,0.0,1e+19,0.0,0.9360958562156765,0.06390414378432352,0.0,0.0,176531578964.5282,mixture_l1,1.0,1e+19,power,2048,mixture,0.8047071577351047,dirichlet_a20_18,dirichlet_a20_18,dirichlet_around_p0|lowQ,box_only,True,False,0.0016896948639518656,0.39407683989185316,0.39407683989185316,False,True,N_below_support,lower_bound_Q0,176.5315789645282,0.008837850822559942,5.602646405492852,0.0829721656064807,0.032043331032621684,0.004487871222720677,0.32096540752820546,0.0916059459177831,0.004047153436258731,0.17326450879697058,3.3664194290053333e-09,0.011346881443443289,2.2889717108996786e-08,0.05103294233375079,0.10777986664572244,0.002781989219285522,0.0002067121396382795,0.0004367731623962035,0.012724559282315676,0.10430386597627031
0.41663254110330095,0.0016896948639518656,0.0,59795260.37920447,0.0,0.0,False,False,True,False,35185,8.798686062881276e+18,1.2013139371187236e+18,0.0,1e+19,0.0,0.8798686062881276,0.12013139371187236,0.0,0.0,167237335143.00055,mixture_l1,1.0,1e+19,power,4096,fixed_ref,0.8047071577351047,dirichlet_a20_18,dirichlet_a20_18,dirichlet_around_p0|lowQ,box_only,True,False,0.0016896948639518656,0.41663254110330095,0.39407683989185316,False,True,N_below_support,lower_bound_Q0,167.23733514300054,0.008768662068747721,5.6129649278713245,0.0829721656064807,0.032043331032621684,0.004487871222720677,0.32096540752820546,0.0916059459177831,0.004047153436258731,0.17326450879697058,3.3664194290053333e-09,0.011346881443443289,2.2889717108996786e-08,0.05103294233375079,0.10777986664572244,0.002781989219285522,0.0002067121396382795,0.0004367731623962035,0.012724559282315676,0.10430386597627031
0.39407683989185316,0.0016896948639518656,0.0,58617428.36514794,0.0,0.0,False,False,True,False,35185,8.798686062881276e+18,1.2013139371187236e+18,0.0,1e+19,0.0,0.8798686062881276,0.12013139371187236,0.0,0.0,170597726288.95612,mixture_l1,1.0,1e+19,power,4096,mixture,0.8047071577351047,dirichlet_a20_18,dirichlet_a20_18,dirichlet_around_p0|lowQ,box_only,True,False,0.0016896948639518656,0.39407683989185316,0.39407683989185316,False,True,N_below_support,lower_bound_Q0,170.59772628895612,0.008595939166639479,5.640031291173801,0.0829721656064807,0.032043331032621684,0.004487871222720677,0.32096540752820546,0.0916059459177831,0.004047153436258731,0.17326450879697058,3.3664194290053333e-09,0.011346881443443289,2.2889717108996786e-08,0.05103294233375079,0.10777986664572244,0.002781989219285522,0.0002067121396382795,0.0004367731623962035,0.012724559282315676,0.10430386597627031
0.41663254110330095,0.0016896948639518656,0.0,63627139.25516487,0.0,0.0,False,False,True,False,35185,7.855048177628824e+18,2.1449518223711775e+18,0.0,1e+19,0.0,0.7855048177628824,0.21449518223711775,0.0,0.0,157165639019.17468,mixture_l1,1.0,1e+19,power,8192,fixed_ref,0.8047071577351047,dirichlet_a20_18,dirichlet_a20_18,dirichlet_around_p0|lowQ,box_only,True,False,0.0016896948639518656,0.41663254110330095,0.39407683989185316,False,True,N_below_support,lower_bound_Q0,157.16563901917468,0.008329904070900302,5.681884275545452,0.0829721656064807,0.032043331032621684,0.004487871222720677,0.32096540752820546,0.0916059459177831,0.004047153436258731,0.17326450879697058,3.3664194290053333e-09,0.011346881443443289,2.2889717108996786e-08,0.05103294233375079,0.10777986664572244,0.002781989219285522,0.0002067121396382795,0.0004367731623962035,0.012724559282315676,0.10430386597627031
0.39407683989185316,0.0016896948639518656,0.0,62358510.15675213,0.0,0.0,False,False,True,False,35185,7.855048177628824e+18,2.1449518223711775e+18,0.0,1e+19,0.0,0.7855048177628824,0.21449518223711775,0.0,0.0,160363035852.88925,mixture_l1,1.0,1e+19,power,8192,mixture,0.8047071577351047,dirichlet_a20_18,dirichlet_a20_18,dirichlet_around_p0|lowQ,box_only,True,False,0.0016896948639518656,0.39407683989185316,0.39407683989185316,False,True,N_below_support,lower_bound_Q0,160.36303585288925,0.008163818359440739,5.70942610945823,0.0829721656064807,0.032043331032621684,0.004487871222720677,0.32096540752820546,0.0916059459177831,0.004047153436258731,0.17326450879697058,3.3664194290053333e-09,0.011346881443443289,2.2889717108996786e-08,0.05103294233375079,0.10777986664572244,0.002781989219285522,0.0002067121396382795,0.0004367731623962035,0.012724559282315676,0.10430386597627031
0.41663254110330095,0.0016896948639518656,0.0,83584988.3855374,0.0,0.0,False,False,True,False,35185,4.779505480499618e+18,5.220494519500382e+18,0.0,1e+19,0.0,0.4779505480499618,0.5220494519500383,0.0,0.0,119638707776.98506,mixture_l1,1.0,1e+19,power,32768,fixed_ref,0.8047071577351047,dirichlet_a20_18,dirichlet_a20_18,dirichlet_around_p0|lowQ,box_only,True,False,0.0016896948639518656,0.41663254110330095,0.39407683989185316,False,True,N_below_support,lower_bound_Q0,119.63870777698506,0.006658248501269548,5.9982522522113815,0.0829721656064807,0.032043331032621684,0.004487871222720677,0.32096540752820546,0.0916059459177831,0.004047153436258731,0.17326450879697058,3.3664194290053333e-09,0.011346881443443289,2.2889717108996786e-08,0.05103294233375079,0.10777986664572244,0.002781989219285522,0.0002067121396382795,0.0004367731623962035,0.012724559282315676,0.10430386597627031
0.39407683989185316,0.0016896948639518656,0.0,81898312.46665813,0.0,0.0,False,False,True,False,35185,4.779505480499618e+18,5.220494519500383e+18,0.0,1e+19,0.0,0.4779505480499618,0.5220494519500383,0.0,0.0,122102638000.88837,mixture_l1,1.0,1e+19,power,32768,mixture,0.8047071577351047,dirichlet_a20_18,dirichlet_a20_18,dirichlet_around_p0|lowQ,box_only,True,False,0.0016896948639518656,0.39407683989185316,0.39407683989185316,False,True,N_below_support,lower_bound_Q0,122.10263800088836,0.006523890554634378,6.027976747831006,0.0829721656064807,0.032043331032621684,0.004487871222720677,0.32096540752820546,0.0916059459177831,0.004047153436258731,0.17326450879697058,3.3664194290053333e-09,0.011346881443443289,2.2889717108996786e-08,0.05103294233375079,0.10777986664572244,0.002781989219285522,0.0002067121396382795,0.0004367731623962035,0.012724559282315676,0.10430386597627031
0.41663254110330095,0.0016896948639518656,0.0,140138257.657858,-2048.0,-2.048e-16,False,False,True,False,35185,1.862521108572564e+18,8.137478891427438e+18,0.0,1.0000000000000002e+19,-2048.0,0.1862521108572564,0.8137478891427438,0.0,-2.048e-16,71358101400.22293,mixture_l1,1.0,1e+19,power,131072,fixed_ref,0.8047071577351047,dirichlet_a20_18,dirichlet_a20_18,dirichlet_around_p0|lowQ,box_only,True,False,0.0016896948639518656,0.41663254110330095,0.39407683989185316,False,True,N_below_support,lower_bound_Q0,71.35810140022294,0.004350174383439022,6.668877821380113,0.0829721656064807,0.032043331032621684,0.004487871222720677,0.32096540752820546,0.0916059459177831,0.004047153436258731,0.17326450879697058,3.3664194290053333e-09,0.011346881443443289,2.2889717108996786e-08,0.05103294233375079,0.10777986664572244,0.002781989219285522,0.0002067121396382795,0.0004367731623962035,0.012724559282315676,0.10430386597627031
0.39407683989185316,0.0016896948639518656,0.0,137344112.3678639,0.0,0.0,False,False,True,False,35185,1.8625211085725637e+18,8.137478891427437e+18,0.0,1e+19,0.0,0.18625211085725638,0.8137478891427437,0.0,0.0,72809819275.07672,mixture_l1,1.0,1e+19,power,131072,mixture,0.8047071577351047,dirichlet_a20_18,dirichlet_a20_18,dirichlet_around_p0|lowQ,box_only,True,False,0.0016896948639518656,0.39407683989185316,0.39407683989185316,False,True,N_below_support,lower_bound_Q0,72.80981927507672,0.0042634384737218105,6.70322903769279,0.0829721656064807,0.032043331032621684,0.004487871222720677,0.32096540752820546,0.0916059459177831,0.004047153436258731,0.17326450879697058,3.3664194290053333e-09,0.011346881443443289,2.2889717108996786e-08,0.05103294233375079,0.10777986664572244,0.002781989219285522,0.0002067121396382795,0.0004367731623962035,0.012724559282315676,0.10430386597627031
0.41663254110330095,0.0016896948639518656,0.0,57799523.878065206,2048.0,2.048e-16,False,False,True,False,35185,9.360958562156763e+18,6.390414378432352e+17,0.0,9.999999999999998e+18,2048.0,0.9360958562156763,0.06390414378432352,0.0,2.048e-16,173011805790.92932,mixture_l1,1.0,1e+19,logarithmic,2048,fixed_ref,0.8047071577351047,dirichlet_a20_18,dirichlet_a20_18,dirichlet_around_p0|lowQ,box_only,True,False,0.0016896948639518656,0.41663254110330095,0.39407683989185316,False,True,N_below_support,lower_bound_Q0,173.01180579092932,0.009017649132249315,5.575836204285501,0.0829721656064807,0.032043331032621684,0.004487871222720677,0.32096540752820546,0.0916059459177831,0.004047153436258731,0.17326450879697058,3.3664194290053333e-09,0.011346881443443289,2.2889717108996786e-08,0.05103294233375079,0.10777986664572244,0.002781989219285522,0.0002067121396382795,0.0004367731623962035,0.012724559282315676,0.10430386597627031
0.39407683989185316,0.0016896948639518656,0.0,56647088.6322802,0.0,0.0,False,False,True,False,35185,9.360958562156765e+18,6.390414378432352e+17,0.0,1e+19,0.0,0.9360958562156765,0.06390414378432352,0.0,0.0,176531578964.5282,mixture_l1,1.0,1e+19,logarithmic,2048,mixture,0.8047071577351047,dirichlet_a20_18,dirichlet_a20_18,dirichlet_around_p0|lowQ,box_only,True,False,0.0016896948639518656,0.39407683989185316,0.39407683989185316,False,True,N_below_support,lower_bound_Q0,176.5315789645282,0.008837850822559942,5.602646405492852,0.0829721656064807,0.032043331032621684,0.004487871222720677,0.32096540752820546,0.0916059459177831,0.004047153436258731,0.17326450879697058,3.3664194290053333e-09,0.011346881443443289,2.2889717108996786e-08,0.05103294233375079,0.10777986664572244,0.002781989219285522,0.0002067121396382795,0.0004367731623962035,0.012724559282315676,0.10430386597627031
0.41663254110330095,0.0016896948639518656,0.0,59795260.37920447,0.0,0.0,False,False,True,False,35185,8.798686062881276e+18,1.2013139371187236e+18,0.0,1e+19,0.0,0.8798686062881276,0.12013139371187236,0.0,0.0,167237335143.00055,mixture_l1,1.0,1e+19,logarithmic,4096,fixed_ref,0.8047071577351047,dirichlet_a20_18,dirichlet_a20_18,dirichlet_around_p0|lowQ,box_only,True,False,0.0016896948639518656,0.41663254110330095,0.39407683989185316,False,True,N_below_support,lower_bound_Q0,167.23733514300054,0.008768662068747721,5.6129649278713245,0.0829721656064807,0.032043331032621684,0.004487871222720677,0.32096540752820546,0.0916059459177831,0.004047153436258731,0.17326450879697058,3.3664194290053333e-09,0.011346881443443289,2.2889717108996786e-08,0.05103294233375079,0.10777986664572244,0.002781989219285522,0.0002067121396382795,0.0004367731623962035,0.012724559282315676,0.10430386597627031
0.39407683989185316,0.0016896948639518656,0.0,58617428.36514794,0.0,0.0,False,False,True,False,35185,8.798686062881276e+18,1.2013139371187236e+18,0.0,1e+19,0.0,0.8798686062881276,0.12013139371187236,0.0,0.0,170597726288.95612,mixture_l1,1.0,1e+19,logarithmic,4096,mixture,0.8047071577351047,dirichlet_a20_18,dirichlet_a20_18,dirichlet_around_p0|lowQ,box_only,True,False,0.0016896948639518656,0.39407683989185316,0.39407683989185316,False,True,N_below_support,lower_bound_Q0,170.59772628895612,0.008595939166639479,5.640031291173801,0.0829721656064807,0.032043331032621684,0.004487871222720677,0.32096540752820546,0.0916059459177831,0.004047153436258731,0.17326450879697058,3.3664194290053333e-09,0.011346881443443289,2.2889717108996786e-08,0.05103294233375079,0.10777986664572244,0.002781989219285522,0.0002067121396382795,0.0004367731623962035,0.012724559282315676,0.10430386597627031
0.41663254110330095,0.0016896948639518656,0.0,63627139.25516487,0.0,0.0,False,False,True,False,35185,7.855048177628824e+18,2.1449518223711775e+18,0.0,1e+19,0.0,0.7855048177628824,0.21449518223711775,0.0,0.0,157165639019.17468,mixture_l1,1.0,1e+19,logarithmic,8192,fixed_ref,0.8047071577351047,dirichlet_a20_18,dirichlet_a20_18,dirichlet_around_p0|lowQ,box_only,True,False,0.0016896948639518656,0.41663254110330095,0.39407683989185316,False,True,N_below_support,lower_bound_Q0,157.16563901917468,0.008329904070900302,5.681884275545452,0.0829721656064807,0.032043331032621684,0.004487871222720677,0.32096540752820546,0.0916059459177831,0.004047153436258731,0.17326450879697058,3.3664194290053333e-09,0.011346881443443289,2.2889717108996786e-08,0.05103294233375079,0.10777986664572244,0.002781989219285522,0.0002067121396382795,0.0004367731623962035,0.012724559282315676,0.10430386597627031
0.39407683989185316,0.0016896948639518656,0.0,62358510.15675213,0.0,0.0,False,False,True,False,35185,7.855048177628824e+18,2.1449518223711775e+18,0.0,1e+19,0.0,0.7855048177628824,0.21449518223711775,0.0,0.0,160363035852.88925,mixture_l1,1.0,1e+19,logarithmic,8192,mixture,0.8047071577351047,dirichlet_a20_18,dirichlet_a20_18,dirichlet_around_p0|lowQ,box_only,True,False,0.0016896948639518656,0.39407683989185316,0.39407683989185316,False,True,N_below_support,lower_bound_Q0,160.36303585288925,0.008163818359440739,5.70942610945823,0.0829721656064807,0.032043331032621684,0.004487871222720677,0.32096540752820546,0.0916059459177831,0.004047153436258731,0.17326450879697058,3.3664194290053333e-09,0.011346881443443289,2.2889717108996786e-08,0.05103294233375079,0.10777986664572244,0.002781989219285522,0.0002067121396382795,0.0004367731623962035,0.012724559282315676,0.10430386597627031
0.41663254110330095,0.0016896948639518656,0.0,83584988.3855374,0.0,0.0,False,False,True,False,35185,4.779505480499618e+18,5.220494519500382e+18,0.0,1e+19,0.0,0.4779505480499618,0.5220494519500383,0.0,0.0,119638707776.98506,mixture_l1,1.0,1e+19,logarithmic,32768,fixed_ref,0.8047071577351047,dirichlet_a20_18,dirichlet_a20_18,dirichlet_around_p0|lowQ,box_only,True,False,0.0016896948639518656,0.41663254110330095,0.39407683989185316,False,True,N_below_support,lower_bound_Q0,119.63870777698506,0.006658248501269548,5.9982522522113815,0.0829721656064807,0.032043331032621684,0.004487871222720677,0.32096540752820546,0.0916059459177831,0.004047153436258731,0.17326450879697058,3.3664194290053333e-09,0.011346881443443289,2.2889717108996786e-08,0.05103294233375079,0.10777986664572244,0.002781989219285522,0.0002067121396382795,0.0004367731623962035,0.012724559282315676,0.10430386597627031
0.39407683989185316,0.0016896948639518656,0.0,81898312.46665813,0.0,0.0,False,False,True,False,35185,4.779505480499618e+18,5.220494519500383e+18,0.0,1e+19,0.0,0.4779505480499618,0.5220494519500383,0.0,0.0,122102638000.88837,mixture_l1,1.0,1e+19,logarithmic,32768,mixture,0.8047071577351047,dirichlet_a20_18,dirichlet_a20_18,dirichlet_around_p0|lowQ,box_only,True,False,0.0016896948639518656,0.39407683989185316,0.39407683989185316,False,True,N_below_support,lower_bound_Q0,122.10263800088836,0.006523890554634378,6.027976747831006,0.0829721656064807,0.032043331032621684,0.004487871222720677,0.32096540752820546,0.0916059459177831,0.004047153436258731,0.17326450879697058,3.3664194290053333e-09,0.011346881443443289,2.2889717108996786e-08,0.05103294233375079,0.10777986664572244,0.002781989219285522,0.0002067121396382795,0.0004367731623962035,0.012724559282315676,0.10430386597627031
0.41663254110330095,0.0016896948639518656,0.0,140138257.657858,-2048.0,-2.048e-16,False,False,True,False,35185,1.862521108572564e+18,8.137478891427438e+18,0.0,1.0000000000000002e+19,-2048.0,0.1862521108572564,0.8137478891427438,0.0,-2.048e-16,71358101400.22293,mixture_l1,1.0,1e+19,logarithmic,131072,fixed_ref,0.8047071577351047,dirichlet_a20_18,dirichlet_a20_18,dirichlet_around_p0|lowQ,box_only,True,False,0.0016896948639518656,0.41663254110330095,0.39407683989185316,False,True,N_below_support,lower_bound_Q0,71.35810140022294,0.004350174383439022,6.668877821380113,0.0829721656064807,0.032043331032621684,0.004487871222720677,0.32096540752820546,0.0916059459177831,0.004047153436258731,0.17326450879697058,3.3664194290053333e-09,0.011346881443443289,2.2889717108996786e-08,0.05103294233375079,0.10777986664572244,0.002781989219285522,0.0002067121396382795,0.0004367731623962035,0.012724559282315676,0.10430386597627031
0.39407683989185316,0.0016896948639518656,0.0,137344112.3678639,0.0,0.0,False,False,True,False,35185,1.8625211085725637e+18,8.137478891427437e+18,0.0,1e+19,0.0,0.18625211085725638,0.8137478891427437,0.0,0.0,72809819275.07672,mixture_l1,1.0,1e+19,logarithmic,131072,mixture,0.8047071577351047,dirichlet_a20_18,dirichlet_a20_18,dirichlet_around_p0|lowQ,box_only,True,False,0.0016896948639518656,0.39407683989185316,0.39407683989185316,False,True,N_below_support,lower_bound_Q0,72.80981927507672,0.0042634384737218105,6.70322903769279,0.0829721656064807,0.032043331032621684,0.004487871222720677,0.32096540752820546,0.0916059459177831,0.004047153436258731,0.17326450879697058,3.3664194290053333e-09,0.011346881443443289,2.2889717108996786e-08,0.05103294233375079,0.10777986664572244,0.002781989219285522,0.0002067121396382795,0.0004367731623962035,0.012724559282315676,0.10430386597627031
0.6385455224676052,0.0016896948639518656,339412195.92230666,2195923484.3637376,0.0,0.0,False,False,False,False,35185,7.914085060350786e+21,5.402682067866137e+20,1.5456467328625995e+21,1e+22,0.0,0.7914085060350786,0.054026820678661366,0.15456467328625995,0.0,4553892734061.938,mixture_l1,1.0,1e+22,exponential,2048,fixed_ref,0.8047071577351047,dirichlet_a20_18,dirichlet_a20_18,dirichlet_around_p0|lowQ,box_only,True,False,0.0016896948639518656,0.41663254110330095,0.39407683989185316,True,False,D_above_support;Q_above_A_supported,interior,4553.892734061938,0.2896454206879417,3.0043594694160096,0.0829721656064807,0.032043331032621684,0.004487871222720677,0.32096540752820546,0.0916059459177831,0.004047153436258731,0.17326450879697058,3.3664194290053333e-09,0.011346881443443289,2.2889717108996786e-08,0.05103294233375079,0.10777986664572244,0.002781989219285522,0.0002067121396382795,0.0004367731623962035,0.012724559282315676,0.10430386597627031
0.6411642256084873,0.0016896948639518656,362133054.44214916,2239738174.8166337,0.0,0.0,False,False,False,False,35185,7.847427849176105e+21,5.357177411704222e+20,1.6168544096534712e+21,1e+22,0.0,0.7847427849176105,0.05357177411704222,0.16168544096534712,0.0,4464807588868.594,mixture_l1,1.0,1e+22,exponential,2048,mixture,0.8047071577351047,dirichlet_a20_18,dirichlet_a20_18,dirichlet_around_p0|lowQ,box_only,True,False,0.0016896948639518656,0.39407683989185316,0.39407683989185316,True,False,D_above_support;Q_above_A_supported,interior,4464.8075888685935,0.29293639546531525,3.005871237290609,0.0829721656064807,0.032043331032621684,0.004487871222720677,0.32096540752820546,0.0916059459177831,0.004047153436258731,0.17326450879697058,3.3664194290053333e-09,0.011346881443443289,2.2889717108996786e-08,0.05103294233375079,0.10777986664572244,0.002781989219285522,0.0002067121396382795,0.0004367731623962035,0.012724559282315676,0.10430386597627031
0.6435235914501904,0.0016896948639518656,353395665.0843518,2280151848.294124,0.0,0.0,False,False,False,False,35185,7.434997273739172e+21,1.015124961107855e+21,1.549877765152973e+21,1e+22,0.0,0.7434997273739171,0.1015124961107855,0.1549877765152973,0.0,4385672825904.737,mixture_l1,1.0,1e+22,exponential,4096,fixed_ref,0.8047071577351047,dirichlet_a20_18,dirichlet_a20_18,dirichlet_around_p0|lowQ,box_only,True,False,0.0016896948639518656,0.41663254110330095,0.39407683989185316,True,False,D_above_support;Q_above_A_supported,interior,4385.672825904737,0.28254871292963574,3.01576794026599,0.0829721656064807,0.032043331032621684,0.004487871222720677,0.32096540752820546,0.0916059459177831,0.004047153436258731,0.17326450879697058,3.3664194290053333e-09,0.011346881443443289,2.2889717108996786e-08,0.05103294233375079,0.10777986664572244,0.002781989219285522,0.0002067121396382795,0.0004367731623962035,0.012724559282315676,0.10430386597627031
0.6460277688402887,0.0016896948639518656,376006380.10956556,2323697547.16696,0.0,0.0,False,False,False,False,35185,7.374937046896811e+21,1.0069247381363113e+21,1.6181382149668775e+21,1e+22,0.0,0.7374937046896811,0.10069247381363114,0.16181382149668774,0.0,4303486059186.984,mixture_l1,1.0,1e+22,exponential,4096,mixture,0.8047071577351047,dirichlet_a20_18,dirichlet_a20_18,dirichlet_around_p0|lowQ,box_only,True,False,0.0016896948639518656,0.39407683989185316,0.39407683989185316,True,False,D_above_support;Q_above_A_supported,interior,4303.486059186984,0.285618718773081,3.0172368644812293,0.0829721656064807,0.032043331032621684,0.004487871222720677,0.32096540752820546,0.0916059459177831,0.004047153436258731,0.17326450879697058,3.3664194290053333e-09,0.011346881443443289,2.2889717108996786e-08,0.05103294233375079,0.10777986664572244,0.002781989219285522,0.0002067121396382795,0.0004367731623962035,0.012724559282315676,0.10430386597627031
0.6526707932056907,0.0016896948639518656,380204887.6647035,2443061606.706767,0.0,0.0,False,False,False,False,35185,6.632595292373087e+21,1.8111406878373446e+21,1.5562640197895683e+21,1e+22,0.0,0.6632595292373087,0.18111406878373446,0.15562640197895683,0.0,4093224654076.547,mixture_l1,1.0,1e+22,exponential,8192,fixed_ref,0.8047071577351047,dirichlet_a20_18,dirichlet_a20_18,dirichlet_around_p0|lowQ,box_only,True,False,0.0016896948639518656,0.41663254110330095,0.39407683989185316,True,False,D_above_support;Q_above_A_supported,interior,4093.224654076547,0.2700639818603456,3.0369105303946426,0.0829721656064807,0.032043331032621684,0.004487871222720677,0.32096540752820546,0.0916059459177831,0.004047153436258731,0.17326450879697058,3.3664194290053333e-09,0.011346881443443289,2.2889717108996786e-08,0.05103294233375079,0.10777986664572244,0.002781989219285522,0.0002067121396382795,0.0004367731623962035,0.012724559282315676,0.10430386597627031
0.655043905462698,0.0016896948639518656,402820863.571055,2487067282.5551186,2097152.0,2.097152e-16,False,False,False,False,35185,6.582795789243925e+21,1.797542103516208e+21,1.6196621072398656e+21,9.999999999999998e+21,2097152.0,0.6582795789243925,0.17975421035162079,0.16196621072398656,2.097152e-16,4020799947851.181,mixture_l1,1.0,1e+22,exponential,8192,mixture,0.8047071577351047,dirichlet_a20_18,dirichlet_a20_18,dirichlet_around_p0|lowQ,box_only,True,False,0.0016896948639518656,0.39407683989185316,0.39407683989185316,True,False,D_above_support;Q_above_A_supported,interior,4020.799947851181,0.27286426725283613,3.038304570844728,0.0829721656064807,0.032043331032621684,0.004487871222720677,0.32096540752820546,0.0916059459177831,0.004047153436258731,0.17326450879697058,3.3664194290053333e-09,0.011346881443443289,2.2889717108996786e-08,0.05103294233375079,0.10777986664572244,0.002781989219285522,0.0002067121396382795,0.0004367731623962035,0.012724559282315676,0.10430386597627031
0.6922931110139544,0.0016896948639518656,514928763.604519,3286769585.2471323,0.0,0.0,False,False,False,False,35185,4.030714065743466e+21,4.402614616876064e+21,1.5666713173804712e+21,1e+22,0.0,0.4030714065743466,0.4402614616876064,0.1566671317380471,0.0,3042501076097.824,mixture_l1,1.0,1e+22,exponential,32768,fixed_ref,0.8047071577351047,dirichlet_a20_18,dirichlet_a20_18,dirichlet_around_p0|lowQ,box_only,True,False,0.0016896948639518656,0.41663254110330095,0.39407683989185316,True,False,D_above_support;Q_above_A_supported,interior,3042.5010760978244,0.2208004733018906,3.1334716421319664,0.0829721656064807,0.032043331032621684,0.004487871222720677,0.32096540752820546,0.0916059459177831,0.004047153436258731,0.17326450879697058,3.3664194290053333e-09,0.011346881443443289,2.2889717108996786e-08,0.05103294233375079,0.10777986664572244,0.002781989219285522,0.0002067121396382795,0.0004367731623962035,0.012724559282315676,0.10430386597627031
0.6940330410717901,0.0016896948639518656,537027724.2594306,3329367652.5976934,-2097152.0,-2.097152e-16,False,False,False,False,35185,4.0085702101711727e+21,4.3784276215629663e+21,1.6130021682658633e+21,1.0000000000000002e+22,-2097152.0,0.4008570210171173,0.43784276215629664,0.16130021682658632,-2.097152e-16,3003573363908.1997,mixture_l1,1.0,1e+22,exponential,32768,mixture,0.8047071577351047,dirichlet_a20_18,dirichlet_a20_18,dirichlet_around_p0|lowQ,box_only,True,False,0.0016896948639518656,0.39407683989185316,0.39407683989185316,True,False,D_above_support;Q_above_A_supported,interior,3003.5733639081996,0.22243339984851065,3.1345848471719826,0.0829721656064807,0.032043331032621684,0.004487871222720677,0.32096540752820546,0.0916059459177831,0.004047153436258731,0.17326450879697058,3.3664194290053333e-09,0.011346881443443289,2.2889717108996786e-08,0.05103294233375079,0.10777986664572244,0.002781989219285522,0.0002067121396382795,0.0004367731623962035,0.012724559282315676,0.10430386597627031
0.7663574435954794,0.0016896948639518656,871199098.7961326,5673949831.510435,0.0,0.0,False,False,False,False,35185,1.5765427761125392e+21,6.888020491687425e+21,1.5354367322000358e+21,1e+22,0.0,0.15765427761125392,0.6888020491687425,0.1535436732200036,0.0,1762440680117.5308,mixture_l1,1.0,1e+22,exponential,131072,fixed_ref,0.8047071577351047,dirichlet_a20_18,dirichlet_a20_18,dirichlet_around_p0|lowQ,box_only,True,False,0.0016896948639518656,0.41663254110330095,0.39407683989185316,True,False,D_above_support;Q_above_A_supported,interior,1762.4406801175307,0.1490870769815456,3.3361884591585613,0.0829721656064807,0.032043331032621684,0.004487871222720677,0.32096540752820546,0.0916059459177831,0.004047153436258731,0.17326450879697058,3.3664194290053333e-09,0.011346881443443289,2.2889717108996786e-08,0.05103294233375079,0.10777986664572244,0.002781989219285522,0.0002067121396382795,0.0004367731623962035,0.012724559282315676,0.10430386597627031
0.7673255065184718,0.0016896948639518656,892400557.0945966,5714062009.388077,0.0,0.0,False,False,False,False,35185,1.5716396179342431e+21,6.866598266729238e+21,1.5617621153365195e+21,1e+22,0.0,0.15716396179342432,0.6866598266729238,0.15617621153365197,0.0,1750068512307.0457,mixture_l1,1.0,1e+22,exponential,131072,mixture,0.8047071577351047,dirichlet_a20_18,dirichlet_a20_18,dirichlet_around_p0|lowQ,box_only,True,False,0.0016896948639518656,0.39407683989185316,0.39407683989185316,True,False,D_above_support;Q_above_A_supported,interior,1750.0685123070457,0.14967410388812086,3.3369244573727057,0.0829721656064807,0.032043331032621684,0.004487871222720677,0.32096540752820546,0.0916059459177831,0.004047153436258731,0.17326450879697058,3.3664194290053333e-09,0.011346881443443289,2.2889717108996786e-08,0.05103294233375079,0.10777986664572244,0.002781989219285522,0.0002067121396382795,0.0004367731623962035,0.012724559282315676,0.10430386597627031
0.524361065179558,0.0016896948639518656,227345234.60232717,1879018963.0576642,0.0,0.0,False,False,False,False,35185,8.228362584012353e+21,5.617228857352434e+20,1.2099145302524032e+21,1e+22,0.0,0.8228362584012353,0.05617228857352434,0.12099145302524032,0.0,5321926067061.791,mixture_l1,1.0,1e+22,power,2048,fixed_ref,0.8047071577351047,dirichlet_a20_18,dirichlet_a20_18,dirichlet_around_p0|lowQ,box_only,True,False,0.0016896948639518656,0.41663254110330095,0.39407683989185316,True,False,D_above_support;Q_above_A_supported,interior,5321.926067061791,0.25768748883788956,3.0268142278995613,0.0829721656064807,0.032043331032621684,0.004487871222720677,0.32096540752820546,0.0916059459177831,0.004047153436258731,0.17326450879697058,3.3664194290053333e-09,0.011346881443443289,2.2889717108996786e-08,0.05103294233375079,0.10777986664572244,0.002781989219285522,0.0002067121396382795,0.0004367731623962035,0.012724559282315676,0.10430386597627031
0.5313547910459548,0.0016896948639518656,277988387.19535637,1981156801.0208821,0.0,0.0,False,False,False,False,35185,8.047464460147474e+21,5.4937357381273426e+20,1.4031619660397908e+21,1e+22,0.0,0.8047464460147474,0.05493735738127343,0.14031619660397907,0.0,5047556051518.507,mixture_l1,1.0,1e+22,power,2048,mixture,0.8047071577351047,dirichlet_a20_18,dirichlet_a20_18,dirichlet_around_p0|lowQ,box_only,True,False,0.0016896948639518656,0.39407683989185316,0.39407683989185316,True,False,D_above_support;Q_above_A_supported,interior,5047.556051518507,0.2657214824365835,3.030217470684303,0.0829721656064807,0.032043331032621684,0.004487871222720677,0.32096540752820546,0.0916059459177831,0.004047153436258731,0.17326450879697058,3.3664194290053333e-09,0.011346881443443289,2.2889717108996786e-08,0.05103294233375079,0.10777986664572244,0.002781989219285522,0.0002067121396382795,0.0004367731623962035,0.012724559282315676,0.10430386597627031
0.5306303208045012,0.0016896948639518656,245749482.05059832,1970475419.9311972,2097152.0,2.097152e-16,False,False,False,False,35185,7.70135060728123e+21,1.0514910695807973e+21,1.247158323137972e+21,9.999999999999998e+21,2097152.0,0.770135060728123,0.10514910695807973,0.1247158323137972,2.097152e-16,5074917402597.779,mixture_l1,1.0,1e+22,power,4096,fixed_ref,0.8047071577351047,dirichlet_a20_18,dirichlet_a20_18,dirichlet_around_p0|lowQ,box_only,True,False,0.0016896948639518656,0.41663254110330095,0.39407683989185316,True,False,D_above_support;Q_above_A_supported,interior,5074.917402597779,0.2529220345319977,3.038673136084286,0.0829721656064807,0.032043331032621684,0.004487871222720677,0.32096540752820546,0.0916059459177831,0.004047153436258731,0.17326450879697058,3.3664194290053333e-09,0.011346881443443289,2.2889717108996786e-08,0.05103294233375079,0.10777986664572244,0.002781989219285522,0.0002067121396382795,0.0004367731623962035,0.012724559282315676,0.10430386597627031
0.5373170749414191,0.0016896948639518656,296181177.2034811,2071624289.1529837,0.0,0.0,False,False,False,False,35185,7.540733445897072e+21,1.0295614731464804e+21,1.4297050809564481e+21,1e+22,0.0,0.7540733445897072,0.10295614731464804,0.14297050809564482,0.0,4827130118313.422,mixture_l1,1.0,1e+22,power,4096,mixture,0.8047071577351047,dirichlet_a20_18,dirichlet_a20_18,dirichlet_around_p0|lowQ,box_only,True,False,0.0016896948639518656,0.39407683989185316,0.39407683989185316,True,False,D_above_support;Q_above_A_supported,interior,4827.130118313422,0.2603594427424775,3.041956810242191,0.0829721656064807,0.032043331032621684,0.004487871222720677,0.32096540752820546,0.0916059459177831,0.004047153436258731,0.17326450879697058,3.3664194290053333e-09,0.011346881443443289,2.2889717108996786e-08,0.05103294233375079,0.10777986664572244,0.002781989219285522,0.0002067121396382795,0.0004367731623962035,0.012724559282315676,0.10430386597627031
0.5420643229988765,0.0016896948639518656,281036581.120265,2145822855.7626922,0.0,0.0,False,False,False,False,35185,6.826279247124008e+21,1.8640293197479957e+21,1.3096914331279963e+21,1e+22,0.0,0.6826279247124007,0.18640293197479957,0.13096914331279963,0.0,4660216929437.863,mixture_l1,1.0,1e+22,power,8192,fixed_ref,0.8047071577351047,dirichlet_a20_18,dirichlet_a20_18,dirichlet_around_p0|lowQ,box_only,True,False,0.0016896948639518656,0.41663254110330095,0.39407683989185316,True,False,D_above_support;Q_above_A_supported,interior,4660.216929437864,0.24413310047162065,3.0605908053870072,0.0829721656064807,0.032043331032621684,0.004487871222720677,0.32096540752820546,0.0916059459177831,0.004047153436258731,0.17326450879697058,3.3664194290053333e-09,0.011346881443443289,2.2889717108996786e-08,0.05103294233375079,0.10777986664572244,0.002781989219285522,0.0002067121396382795,0.0004367731623962035,0.012724559282315676,0.10430386597627031
0.5482883236271107,0.0016896948639518656,331277078.8874252,2246190151.5814667,-2097152.0,-2.097152e-16,False,False,False,False,35185,6.696554355112173e+21,1.8286057759026307e+21,1.4748398689851977e+21,1.0000000000000002e+22,-2097152.0,0.6696554355112173,0.18286057759026308,0.14748398689851977,-2.097152e-16,4451982835451.103,mixture_l1,1.0,1e+22,power,8192,mixture,0.8047071577351047,dirichlet_a20_18,dirichlet_a20_18,dirichlet_around_p0|lowQ,box_only,True,False,0.0016896948639518656,0.39407683989185316,0.39407683989185316,True,False,D_above_support;Q_above_A_supported,interior,4451.982835451103,0.25069557403304904,3.063668973606892,0.0829721656064807,0.032043331032621684,0.004487871222720677,0.32096540752820546,0.0916059459177831,0.004047153436258731,0.17326450879697058,3.3664194290053333e-09,0.011346881443443289,2.2889717108996786e-08,0.05103294233375079,0.10777986664572244,0.002781989219285522,0.0002067121396382795,0.0004367731623962035,0.012724559282315676,0.10430386597627031
0.5928717395523864,0.0016896948639518656,467095627.90456533,3070659799.4477315,0.0,0.0,False,False,False,False,35185,4.05246756054222e+21,4.4263752341282483e+21,1.5211572053295324e+21,1e+22,0.0,0.405246756054222,0.4426375234128248,0.15211572053295325,0.0,3256629080759.2993,mixture_l1,1.0,1e+22,power,32768,fixed_ref,0.8047071577351047,dirichlet_a20_18,dirichlet_a20_18,dirichlet_around_p0|lowQ,box_only,True,False,0.0016896948639518656,0.41663254110330095,0.39407683989185316,True,False,D_above_support;Q_above_A_supported,interior,3256.6290807592995,0.2073958204453835,3.1598430703914984,0.0829721656064807,0.032043331032621684,0.004487871222720677,0.32096540752820546,0.0916059459177831,0.004047153436258731,0.17326450879697058,3.3664194290053333e-09,0.011346881443443289,2.2889717108996786e-08,0.05103294233375079,0.10777986664572244,0.002781989219285522,0.0002067121396382795,0.0004367731623962035,0.012724559282315676,0.10430386597627031
0.5975216001297645,0.0016896948639518656,516774367.5770792,3168091143.5167913,0.0,0.0,False,False,False,False,35185,3.9998795764056483e+21,4.368935131988677e+21,1.6311852916056746e+21,1e+22,0.0,0.39998795764056483,0.4368935131988677,0.16311852916056746,0.0,3156474844628.156,mixture_l1,1.0,1e+22,power,32768,mixture,0.8047071577351047,dirichlet_a20_18,dirichlet_a20_18,dirichlet_around_p0|lowQ,box_only,True,False,0.0016896948639518656,0.39407683989185316,0.39407683989185316,True,False,D_above_support;Q_above_A_supported,interior,3156.4748446281556,0.2111997176857405,3.1621872358228855,0.0829721656064807,0.032043331032621684,0.004487871222720677,0.32096540752820546,0.0916059459177831,0.004047153436258731,0.17326450879697058,3.3664194290053333e-09,0.011346881443443289,2.2889717108996786e-08,0.05103294233375079,0.10777986664572244,0.002781989219285522,0.0002067121396382795,0.0004367731623962035,0.012724559282315676,0.10430386597627031
0.6946888067118235,0.0016896948639518656,1013823065.3937291,5788346693.696532,0.0,0.0,False,False,False,False,35185,1.5363024213419124e+21,6.712207699004239e+21,1.7514898796538484e+21,1e+22,0.0,0.15363024213419124,0.6712207699004239,0.17514898796538483,0.0,1727609027097.4832,mixture_l1,1.0,1e+22,power,131072,fixed_ref,0.8047071577351047,dirichlet_a20_18,dirichlet_a20_18,dirichlet_around_p0|lowQ,box_only,True,False,0.0016896948639518656,0.41663254110330095,0.39407683989185316,True,False,D_above_support;Q_above_A_supported,interior,1727.6090270974832,0.14821085068487394,3.3647982144424287,0.0829721656064807,0.032043331032621684,0.004487871222720677,0.32096540752820546,0.0916059459177831,0.004047153436258731,0.17326450879697058,3.3664194290053333e-09,0.011346881443443289,2.2889717108996786e-08,0.05103294233375079,0.10777986664572244,0.002781989219285522,0.0002067121396382795,0.0004367731623962035,0.012724559282315676,0.10430386597627031
0.6974908425721406,0.0016896948639518656,1062794407.2618874,5882087953.548377,0.0,0.0,False,False,False,False,35185,1.5259948557809832e+21,6.667173257897502e+21,1.806831886321515e+21,1e+22,0.0,0.15259948557809833,0.6667173257897502,0.1806831886321515,0.0,1700076584874.5066,mixture_l1,1.0,1e+22,power,131072,mixture,0.8047071577351047,dirichlet_a20_18,dirichlet_a20_18,dirichlet_around_p0|lowQ,box_only,True,False,0.0016896948639518656,0.39407683989185316,0.39407683989185316,True,False,D_above_support;Q_above_A_supported,interior,1700.0765848745066,0.14960059930610192,3.3662395234803313,0.0829721656064807,0.032043331032621684,0.004487871222720677,0.32096540752820546,0.0916059459177831,0.004047153436258731,0.17326450879697058,3.3664194290053333e-09,0.011346881443443289,2.2889717108996786e-08,0.05103294233375079,0.10777986664572244,0.002781989219285522,0.0002067121396382795,0.0004367731623962035,0.012724559282315676,0.10430386597627031
1.0,0.0016896948639518656,1511467178.4002495,4430087447.951489,0.0,0.0,False,False,False,True,35185,6.16716571014269e+21,4.210118458124076e+20,3.4118224440449025e+21,1e+22,0.0,0.616716571014269,0.042101184581240764,0.34118224440449024,0.0,2257291784301.9297,mixture_l1,1.0,1e+22,logarithmic,2048,fixed_ref,0.8047071577351047,dirichlet_a20_18,dirichlet_a20_18,dirichlet_around_p0|lowQ,box_only,True,False,0.0016896948639518656,0.41663254110330095,0.39407683989185316,True,False,D_above_support;Q_above_A_supported,upper_bound,2257.2917843019295,0.4553513900323327,3.0050448517749624,0.0829721656064807,0.032043331032621684,0.004487871222720677,0.32096540752820546,0.0916059459177831,0.004047153436258731,0.17326450879697058,3.3664194290053333e-09,0.011346881443443289,2.2889717108996786e-08,0.05103294233375079,0.10777986664572244,0.002781989219285522,0.0002067121396382795,0.0004367731623962035,0.012724559282315676,0.10430386597627031
1.0,0.0016896948639518656,1600748814.7096677,4567794687.871714,0.0,0.0,False,False,False,True,35185,6.080482020007155e+21,4.150942392324885e+20,3.504423740760357e+21,1e+22,0.0,0.6080482020007155,0.04150942392324885,0.35044237407603573,0.0,2189240253409.7544,mixture_l1,1.0,1e+22,logarithmic,2048,mixture,0.8047071577351047,dirichlet_a20_18,dirichlet_a20_18,dirichlet_around_p0|lowQ,box_only,True,False,0.0016896948639518656,0.39407683989185316,0.39407683989185316,True,False,D_above_support;Q_above_A_supported,upper_bound,2189.2402534097546,0.4629065578448025,3.0098014714448875,0.0829721656064807,0.032043331032621684,0.004487871222720677,0.32096540752820546,0.0916059459177831,0.004047153436258731,0.17326450879697058,3.3664194290053333e-09,0.011346881443443289,2.2889717108996786e-08,0.05103294233375079,0.10777986664572244,0.002781989219285522,0.0002067121396382795,0.0004367731623962035,0.012724559282315676,0.10430386597627031
1.0,0.0016896948639518656,1511467178.4002495,4502813949.103346,0.0,0.0,False,False,False,True,35185,5.845216222151792e+21,7.980668548644581e+20,3.356716922983751e+21,1e+22,0.0,0.5845216222151791,0.0798066854864458,0.33567169229837507,0.0,2220833486134.003,mixture_l1,1.0,1e+22,logarithmic,4096,fixed_ref,0.8047071577351047,dirichlet_a20_18,dirichlet_a20_18,dirichlet_around_p0|lowQ,box_only,True,False,0.0016896948639518656,0.41663254110330095,0.39407683989185316,True,False,D_above_support;Q_above_A_supported,upper_bound,2220.833486134003,0.4386653523438375,3.014847698028314,0.0829721656064807,0.032043331032621684,0.004487871222720677,0.32096540752820546,0.0916059459177831,0.004047153436258731,0.17326450879697058,3.3664194290053333e-09,0.011346881443443289,2.2889717108996786e-08,0.05103294233375079,0.10777986664572244,0.002781989219285522,0.0002067121396382795,0.0004367731623962035,0.012724559282315676,0.10430386597627031
1.0,0.0016896948639518656,1600748814.7096677,4640981063.203058,0.0,0.0,False,False,False,True,35185,5.763878100006501e+21,7.869614899208876e+20,3.4491604100726097e+21,1e+22,0.0,0.5763878100006501,0.07869614899208877,0.344916041007261,0.0,2154716829009.924,mixture_l1,1.0,1e+22,logarithmic,4096,mixture,0.8047071577351047,dirichlet_a20_18,dirichlet_a20_18,dirichlet_around_p0|lowQ,box_only,True,False,0.0016896948639518656,0.39407683989185316,0.39407683989185316,True,False,D_above_support;Q_above_A_supported,upper_bound,2154.716829009924,0.4458341518790166,3.0195499647212465,0.0829721656064807,0.032043331032621684,0.004487871222720677,0.32096540752820546,0.0916059459177831,0.004047153436258731,0.17326450879697058,3.3664194290053333e-09,0.011346881443443289,2.2889717108996786e-08,0.05103294233375079,0.10777986664572244,0.002781989219285522,0.0002067121396382795,0.0004367731623962035,0.012724559282315676,0.10430386597627031
1.0,0.0016896948639518656,1511467178.4002495,4640252249.021154,2097152.0,2.097152e-16,False,False,False,True,35185,5.296427036344282e+21,1.4462776760577452e+21,3.257295287597971e+21,9.999999999999998e+21,2097152.0,0.5296427036344282,0.1446277676057745,0.3257295287597971,2.097152e-16,2155055256340.7444,mixture_l1,1.0,1e+22,logarithmic,8192,fixed_ref,0.8047071577351047,dirichlet_a20_18,dirichlet_a20_18,dirichlet_around_p0|lowQ,box_only,True,False,0.0016896948639518656,0.41663254110330095,0.39407683989185316,True,False,D_above_support;Q_above_A_supported,upper_bound,2155.0552563407446,0.4096126244528834,3.0331275389910064,0.0829721656064807,0.032043331032621684,0.004487871222720677,0.32096540752820546,0.0916059459177831,0.004047153436258731,0.17326450879697058,3.3664194290053333e-09,0.011346881443443289,2.2889717108996786e-08,0.05103294233375079,0.10777986664572244,0.002781989219285522,0.0002067121396382795,0.0004367731623962035,0.012724559282315676,0.10430386597627031
1.0,0.0016896948639518656,1600748814.7096677,4779103771.481401,0.0,0.0,False,False,False,True,35185,5.224019503411719e+21,1.4265055923982935e+21,3.349474904189988e+21,1e+22,0.0,0.522401950341172,0.14265055923982936,0.3349474904189988,0.0,2092442532776.444,mixture_l1,1.0,1e+22,logarithmic,8192,mixture,0.8047071577351047,dirichlet_a20_18,dirichlet_a20_18,dirichlet_around_p0|lowQ,box_only,True,False,0.0016896948639518656,0.39407683989185316,0.39407683989185316,True,False,D_above_support;Q_above_A_supported,upper_bound,2092.4425327764443,0.4161021885174558,3.0377300962947533,0.0829721656064807,0.032043331032621684,0.004487871222720677,0.32096540752820546,0.0916059459177831,0.004047153436258731,0.17326450879697058,3.3664194290053333e-09,0.011346881443443289,2.2889717108996786e-08,0.05103294233375079,0.10777986664572244,0.002781989219285522,0.0002067121396382795,0.0004367731623962035,0.012724559282315676,0.10430386597627031
1.0,0.0016896948639518656,1511467178.4002495,5338142536.826448,0.0,0.0,False,False,False,True,35185,3.426213466859602e+21,3.7423387627351814e+21,2.831447770405217e+21,1e+22,0.0,0.3426213466859602,0.3742338762735181,0.2831447770405217,0.0,1873310787603.1067,mixture_l1,1.0,1e+22,logarithmic,32768,fixed_ref,0.8047071577351047,dirichlet_a20_18,dirichlet_a20_18,dirichlet_around_p0|lowQ,box_only,True,False,0.0016896948639518656,0.41663254110330095,0.39407683989185316,True,False,D_above_support;Q_above_A_supported,upper_bound,1873.3107876031067,0.30482693079484763,3.1183414581771536,0.0829721656064807,0.032043331032621684,0.004487871222720677,0.32096540752820546,0.0916059459177831,0.004047153436258731,0.17326450879697058,3.3664194290053333e-09,0.011346881443443289,2.2889717108996786e-08,0.05103294233375079,0.10777986664572244,0.002781989219285522,0.0002067121396382795,0.0004367731623962035,0.012724559282315676,0.10430386597627031
1.0,0.0016896948639518656,1600748814.7096677,5482326535.402167,0.0,0.0,False,False,False,True,35185,3.383968807628511e+21,3.6961963296123676e+21,2.9198348627591215e+21,1e+22,0.0,0.33839688076285107,0.3696196329612368,0.29198348627591214,0.0,1824043120274.7446,mixture_l1,1.0,1e+22,logarithmic,32768,mixture,0.8047071577351047,dirichlet_a20_18,dirichlet_a20_18,dirichlet_around_p0|lowQ,box_only,True,False,0.0016896948639518656,0.39407683989185316,0.39407683989185316,True,False,D_above_support;Q_above_A_supported,upper_bound,1824.0431202747445,0.3092003664839169,3.1225066642785193,0.0829721656064807,0.032043331032621684,0.004487871222720677,0.32096540752820546,0.0916059459177831,0.004047153436258731,0.17326450879697058,3.3664194290053333e-09,0.011346881443443289,2.2889717108996786e-08,0.05103294233375079,0.10777986664572244,0.002781989219285522,0.0002067121396382795,0.0004367731623962035,0.012724559282315676,0.10430386597627031
1.0,0.0016896948639518656,1511467178.4002495,7234813775.739717,0.0,0.0,False,False,False,True,35185,1.4734109514977543e+21,6.437430674490455e+21,2.0891583740117915e+21,1e+22,0.0,0.14734109514977545,0.6437430674490455,0.20891583740117914,0.0,1382205583996.1907,mixture_l1,1.0,1e+22,logarithmic,131072,fixed_ref,0.8047071577351047,dirichlet_a20_18,dirichlet_a20_18,dirichlet_around_p0|lowQ,box_only,True,False,0.0016896948639518656,0.41663254110330095,0.39407683989185316,True,False,D_above_support;Q_above_A_supported,upper_bound,1382.2055839961906,0.17766423082036195,3.304934497238484,0.0829721656064807,0.032043331032621684,0.004487871222720677,0.32096540752820546,0.0916059459177831,0.004047153436258731,0.17326450879697058,3.3664194290053333e-09,0.011346881443443289,2.2889717108996786e-08,0.05103294233375079,0.10777986664572244,0.002781989219285522,0.0002067121396382795,0.0004367731623962035,0.012724559282315676,0.10430386597627031
1.0,0.0016896948639518656,1600748814.7096677,7389124540.592861,0.0,0.0,False,False,False,True,35185,1.459032381248981e+21,6.374609742502215e+21,2.1663578762488049e+21,1e+22,0.0,0.14590323812489808,0.6374609742502215,0.21663578762488048,0.0,1353340296954.537,mixture_l1,1.0,1e+22,logarithmic,131072,mixture,0.8047071577351047,dirichlet_a20_18,dirichlet_a20_18,dirichlet_around_p0|lowQ,box_only,True,False,0.0016896948639518656,0.39407683989185316,0.39407683989185316,True,False,D_above_support;Q_above_A_supported,upper_bound,1353.340296954537,0.1796828662301081,3.3082877192064837,0.0829721656064807,0.032043331032621684,0.004487871222720677,0.32096540752820546,0.0916059459177831,0.004047153436258731,0.17326450879697058,3.3664194290053333e-09,0.011346881443443289,2.2889717108996786e-08,0.05103294233375079,0.10777986664572244,0.002781989219285522,0.0002067121396382795,0.0004367731623962035,0.012724559282315676,0.10430386597627031
0.9369340885768741,0.0016896948639518656,2641524119.523242,19304948729.042,0.0,0.0,False,False,False,False,35185,8.080085032221118e+23,5.516004715329617e+22,1.36831449624592e+23,1e+24,0.0,0.8080085032221118,0.05516004715329617,0.136831449624592,0.0,51800189372977.66,mixture_l1,1.0,1e+24,exponential,2048,fixed_ref,0.8047071577351047,dirichlet_a20_18,dirichlet_a20_18,dirichlet_around_p0|lowQ,box_only,True,False,0.0016896948639518656,0.41663254110330095,0.39407683989185316,True,False,D_above_support;Q_above_A_supported,interior,51800.18937297766,2.5997604545554727,2.3056334317500955,0.0829721656064807,0.032043331032621684,0.004487871222720677,0.32096540752820546,0.0916059459177831,0.004047153436258731,0.17326450879697058,3.3664194290053333e-09,0.011346881443443289,2.2889717108996786e-08,0.05103294233375079,0.10777986664572244,0.002781989219285522,0.0002067121396382795,0.0004367731623962035,0.012724559282315676,0.10430386597627031
0.9372102026618598,0.0016896948639518656,2661522831.635764,19341326238.72423,0.0,0.0,False,False,False,False,35185,8.072814996836298e+23,5.5110417045069136e+22,1.3760808327130106e+23,1e+24,0.0,0.8072814996836298,0.05511041704506914,0.13760808327130106,0.0,51702762657394.73,mixture_l1,1.0,1e+24,exponential,2048,mixture,0.8047071577351047,dirichlet_a20_18,dirichlet_a20_18,dirichlet_around_p0|lowQ,box_only,True,False,0.0016896948639518656,0.39407683989185316,0.39407683989185316,True,False,D_above_support;Q_above_A_supported,interior,51702.76265739473,2.6023158086446063,2.305713848892398,0.0829721656064807,0.032043331032621684,0.004487871222720677,0.32096540752820546,0.0916059459177831,0.004047153436258731,0.17326450879697058,3.3664194290053333e-09,0.011346881443443289,2.2889717108996786e-08,0.05103294233375079,0.10777986664572244,0.002781989219285522,0.0002067121396382795,0.0004367731623962035,0.012724559282315676,0.10430386597627031
0.9418032623004652,0.0016896948639518656,2723445593.579812,19979179220.46697,0.0,0.0,False,False,False,False,35185,7.599300316208643e+23,1.0375578031730202e+23,1.3631418806183358e+23,1e+24,0.0,0.7599300316208644,0.10375578031730202,0.13631418806183357,0.0,50052106193410.84,mixture_l1,1.0,1e+24,exponential,4096,fixed_ref,0.8047071577351047,dirichlet_a20_18,dirichlet_a20_18,dirichlet_around_p0|lowQ,box_only,True,False,0.0016896948639518656,0.41663254110330095,0.39407683989185316,True,False,D_above_support;Q_above_A_supported,interior,50052.106193410844,2.530463049461397,2.3110455927832105,0.0829721656064807,0.032043331032621684,0.004487871222720677,0.32096540752820546,0.0916059459177831,0.004047153436258731,0.17326450879697058,3.3664194290053333e-09,0.011346881443443289,2.2889717108996786e-08,0.05103294233375079,0.10777986664572244,0.002781989219285522,0.0002067121396382795,0.0004367731623962035,0.012724559282315676,0.10430386597627031
0.9420575879427249,0.0016896948639518656,2743207583.0089655,20015902199.28543,134217728.0,1.3421772800000001e-16,False,False,False,False,35185,7.592813747564262e+23,1.0366721703341073e+23,1.3705140821016292e+23,9.999999999999998e+23,134217728.0,0.7592813747564262,0.10366721703341074,0.13705140821016293,1.3421772800000001e-16,49960276086665.734,mixture_l1,1.0,1e+24,exponential,4096,mixture,0.8047071577351047,dirichlet_a20_18,dirichlet_a20_18,dirichlet_around_p0|lowQ,box_only,True,False,0.0016896948639518656,0.39407683989185316,0.39407683989185316,True,False,D_above_support;Q_above_A_supported,interior,49960.27608666573,2.532950289810603,2.3111239458594595,0.0829721656064807,0.032043331032621684,0.004487871222720677,0.32096540752820546,0.0916059459177831,0.004047153436258731,0.17326450879697058,3.3664194290053333e-09,0.011346881443443289,2.2889717108996786e-08,0.05103294233375079,0.10777986664572244,0.002781989219285522,0.0002067121396382795,0.0004367731623962035,0.012724559282315676,0.10430386597627031
0.9507575638828903,0.0016896948639518656,2880489601.0974994,21282660684.922394,-134217728.0,-1.3421772800000001e-16,False,False,False,False,35185,6.791911151354225e+23,1.8546445383964607e+23,1.3534443102493145e+23,1.0000000000000001e+24,-134217728.0,0.6791911151354225,0.18546445383964608,0.13534443102493146,-1.3421772800000001e-16,46986606364891.47,mixture_l1,1.0,1e+24,exponential,8192,fixed_ref,0.8047071577351047,dirichlet_a20_18,dirichlet_a20_18,dirichlet_around_p0|lowQ,box_only,True,False,0.0016896948639518656,0.41663254110330095,0.39407683989185316,True,False,D_above_support;Q_above_A_supported,interior,46986.60636489147,2.409165673940209,2.321086115971738,0.0829721656064807,0.032043331032621684,0.004487871222720677,0.32096540752820546,0.0916059459177831,0.004047153436258731,0.17326450879697058,3.3664194290053333e-09,0.011346881443443289,2.2889717108996786e-08,0.05103294233375079,0.10777986664572244,0.002781989219285522,0.0002067121396382795,0.0004367731623962035,0.012724559282315676,0.10430386597627031
0.9510099006589362,0.0016896948639518656,2900455533.95744,21320714462.3934,0.0,0.0,False,False,False,False,35185,6.7864527515003e+23,1.8531540313430154e+23,1.3603932171566842e+23,1e+24,0.0,0.67864527515003,0.18531540313430156,0.13603932171566843,0.0,46902743421842.305,mixture_l1,1.0,1e+24,exponential,8192,mixture,0.8047071577351047,dirichlet_a20_18,dirichlet_a20_18,dirichlet_around_p0|lowQ,box_only,True,False,0.0016896948639518656,0.39407683989185316,0.39407683989185316,True,False,D_above_support;Q_above_A_supported,interior,46902.74342184231,2.411533688787699,2.321160824356997,0.0829721656064807,0.032043331032621684,0.004487871222720677,0.32096540752820546,0.0916059459177831,0.004047153436258731,0.17326450879697058,3.3664194290053333e-09,0.011346881443443289,2.2889717108996786e-08,0.05103294233375079,0.10777986664572244,0.002781989219285522,0.0002067121396382795,0.0004367731623962035,0.012724559282315676,0.10430386597627031
0.990162091173166,0.0016896948639518656,3681246140.5819893,28076290928.148033,-268435456.0,-2.6843545600000003e-16,False,False,False,False,35185,4.1528366605687e+23,4.5360050564505055e+23,1.3111582829807968e+23,1.0000000000000003e+24,-268435456.0,0.41528366605687,0.45360050564505056,0.1311158282980797,-2.6843545600000003e-16,35617240274335.695,mixture_l1,1.0,1e+24,exponential,32768,fixed_ref,0.8047071577351047,dirichlet_a20_18,dirichlet_a20_18,dirichlet_around_p0|lowQ,box_only,True,False,0.0016896948639518656,0.41663254110330095,0.39407683989185316,True,False,D_above_support;Q_above_A_supported,interior,35617.240274335694,1.9432708376534258,2.3670870708211655,0.0829721656064807,0.032043331032621684,0.004487871222720677,0.32096540752820546,0.0916059459177831,0.004047153436258731,0.17326450879697058,3.3664194290053333e-09,0.011346881443443289,2.2889717108996786e-08,0.05103294233375079,0.10777986664572244,0.002781989219285522,0.0002067121396382795,0.0004367731623962035,0.012724559282315676,0.10430386597627031
0.9903149242088314,0.0016896948639518656,3700152088.192753,28107183108.29236,0.0,0.0,False,False,False,False,35185,4.150310547799946e+23,4.5332458676769544e+23,1.3164435845231004e+23,1e+24,0.0,0.4150310547799946,0.45332458676769544,0.13164435845231004,0.0,35578093903866.65,mixture_l1,1.0,1e+24,exponential,32768,mixture,0.8047071577351047,dirichlet_a20_18,dirichlet_a20_18,dirichlet_around_p0|lowQ,box_only,True,False,0.0016896948639518656,0.39407683989185316,0.39407683989185316,True,False,D_above_support;Q_above_A_supported,interior,35578.09390386665,1.9442256420548374,2.3671477344368577,0.0829721656064807,0.032043331032621684,0.004487871222720677,0.32096540752820546,0.0916059459177831,0.004047153436258731,0.17326450879697058,3.3664194290053333e-09,0.011346881443443289,2.2889717108996786e-08,0.05103294233375079,0.10777986664572244,0.002781989219285522,0.0002067121396382795,0.0004367731623962035,0.012724559282315676,0.10430386597627031
1.0,0.0016896948639518656,3912487936.8349757,42871689423.04844,-268435456.0,-2.6843545600000003e-16,False,False,False,True,35185,1.692546669322381e+23,7.394849234714105e+23,9.126040959635162e+22,1.0000000000000003e+24,-268435456.0,0.1692546669322381,0.7394849234714105,0.09126040959635162,-2.6843545600000003e-16,23325416223564.67,mixture_l1,1.0,1e+24,exponential,131072,fixed_ref,0.8047071577351047,dirichlet_a20_18,dirichlet_a20_18,dirichlet_around_p0|lowQ,box_only,True,False,0.0016896948639518656,0.41663254110330095,0.39407683989185316,True,False,D_above_support;Q_above_A_supported,upper_bound,23325.416223564673,1.2093722523534032,2.465175815158928,0.0829721656064807,0.032043331032621684,0.004487871222720677,0.32096540752820546,0.0916059459177831,0.004047153436258731,0.17326450879697058,3.3664194290053333e-09,0.011346881443443289,2.2889717108996786e-08,0.05103294233375079,0.10777986664572244,0.002781989219285522,0.0002067121396382795,0.0004367731623962035,0.012724559282315676,0.10430386597627031
1.0,0.0016896948639518656,3927904898.4763794,42906248552.798416,0.0,0.0,False,False,False,True,35185,1.6920143401498864e+23,7.392523453070864e+23,9.154622067792489e+22,1e+24,0.0,0.16920143401498863,0.7392523453070865,0.0915462206779249,0.0,23306628608405.297,mixture_l1,1.0,1e+24,exponential,131072,mixture,0.8047071577351047,dirichlet_a20_18,dirichlet_a20_18,dirichlet_around_p0|lowQ,box_only,True,False,0.0016896948639518656,0.39407683989185316,0.39407683989185316,True,False,D_above_support;Q_above_A_supported,upper_bound,23306.628608405295,1.209966463889504,2.4652204453271223,0.0829721656064807,0.032043331032621684,0.004487871222720677,0.32096540752820546,0.0916059459177831,0.004047153436258731,0.17326450879697058,3.3664194290053333e-09,0.011346881443443289,2.2889717108996786e-08,0.05103294233375079,0.10777986664572244,0.002781989219285522,0.0002067121396382795,0.0004367731623962035,0.012724559282315676,0.10430386597627031
0.9783920693224661,0.0016896948639518656,4430993056.378595,22774016774.29563,0.0,0.0,False,False,False,False,35185,7.539657436358886e+23,5.147072809887667e+22,1.945635282652346e+23,1e+24,0.0,0.7539657436358886,0.051470728098876664,0.1945635282652346,0.0,43909689270479.1,mixture_l1,1.0,1e+24,power,2048,fixed_ref,0.8047071577351047,dirichlet_a20_18,dirichlet_a20_18,dirichlet_around_p0|lowQ,box_only,True,False,0.0016896948639518656,0.41663254110330095,0.39407683989185316,True,False,D_above_support;Q_above_A_supported,interior,43909.6892704791,2.8618047488013345,2.3108006304686466,0.0829721656064807,0.032043331032621684,0.004487871222720677,0.32096540752820546,0.0916059459177831,0.004047153436258731,0.17326450879697058,3.3664194290053333e-09,0.011346881443443289,2.2889717108996786e-08,0.05103294233375079,0.10777986664572244,0.002781989219285522,0.0002067121396382795,0.0004367731623962035,0.012724559282315676,0.10430386597627031
0.979398612556323,0.0016896948639518656,4479945693.943114,22868076914.416454,0.0,0.0,False,False,False,False,35185,7.527110173476712e+23,5.138507211760102e+22,1.9590391053472774e+23,1e+24,0.0,0.7527110173476712,0.051385072117601016,0.19590391053472775,0.0,43729081537660.11,mixture_l1,1.0,1e+24,power,2048,mixture,0.8047071577351047,dirichlet_a20_18,dirichlet_a20_18,dirichlet_around_p0|lowQ,box_only,True,False,0.0016896948639518656,0.39407683989185316,0.39407683989185316,True,False,D_above_support;Q_above_A_supported,interior,43729.08153766011,2.8688422398392004,2.3109384138888966,0.0829721656064807,0.032043331032621684,0.004487871222720677,0.32096540752820546,0.0916059459177831,0.004047153436258731,0.17326450879697058,3.3664194290053333e-09,0.011346881443443289,2.2889717108996786e-08,0.05103294233375079,0.10777986664572244,0.002781989219285522,0.0002067121396382795,0.0004367731623962035,0.012724559282315676,0.10430386597627031
0.9877749515313607,0.0016896948639518656,4609291431.399364,23660393100.156178,-134217728.0,-1.3421772800000001e-16,False,False,False,False,35185,7.084610218683069e+23,9.672854485241949e+22,1.9481043327927378e+23,1.0000000000000001e+24,-134217728.0,0.7084610218683068,0.0967285448524195,0.19481043327927378,-1.3421772800000001e-16,42264724671603.164,mixture_l1,1.0,1e+24,power,4096,fixed_ref,0.8047071577351047,dirichlet_a20_18,dirichlet_a20_18,dirichlet_around_p0|lowQ,box_only,True,False,0.0016896948639518656,0.41663254110330095,0.39407683989185316,True,False,D_above_support;Q_above_A_supported,interior,42264.724671603166,2.7937443789237464,2.316036391782091,0.0829721656064807,0.032043331032621684,0.004487871222720677,0.32096540752820546,0.0916059459177831,0.004047153436258731,0.17326450879697058,3.3664194290053333e-09,0.011346881443443289,2.2889717108996786e-08,0.05103294233375079,0.10777986664572244,0.002781989219285522,0.0002067121396382795,0.0004367731623962035,0.012724559282315676,0.10430386597627031
0.9886571184427756,0.0016896948639518656,4656387991.641086,23744959447.933018,0.0,0.0,False,False,False,False,35185,7.073263190913113e+23,9.65736200999337e+22,1.9610006080875496e+23,1e+24,0.0,0.7073263190913113,0.0965736200999337,0.19610006080875497,0.0,42114201213641.125,mixture_l1,1.0,1e+24,power,4096,mixture,0.8047071577351047,dirichlet_a20_18,dirichlet_a20_18,dirichlet_around_p0|lowQ,box_only,True,False,0.0016896948639518656,0.39407683989185316,0.39407683989185316,True,False,D_above_support;Q_above_A_supported,interior,42114.20121364113,2.7992391272131525,2.3161701658276024,0.0829721656064807,0.032043331032621684,0.004487871222720677,0.32096540752820546,0.0916059459177831,0.004047153436258731,0.17326450879697058,3.3664194290053333e-09,0.011346881443443289,2.2889717108996786e-08,0.05103294233375079,0.10777986664572244,0.002781989219285522,0.0002067121396382795,0.0004367731623962035,0.012724559282315676,0.10430386597627031
1.0,0.0016896948639518656,4849345275.903549,25156187630.36629,0.0,0.0,False,False,False,True,35185,6.340834603939379e+23,1.7314705691823797e+23,1.927694826878241e+23,1e+24,0.0,0.6340834603939378,0.17314705691823798,0.1927694826878241,0.0,39751651350894.27,mixture_l1,1.0,1e+24,power,8192,fixed_ref,0.8047071577351047,dirichlet_a20_18,dirichlet_a20_18,dirichlet_around_p0|lowQ,box_only,True,False,0.0016896948639518656,0.41663254110330095,0.39407683989185316,True,False,D_above_support;Q_above_A_supported,upper_bound,39751.65135089427,2.658520417163639,2.325739959307052,0.0829721656064807,0.032043331032621684,0.004487871222720677,0.32096540752820546,0.0916059459177831,0.004047153436258731,0.17326450879697058,3.3664194290053333e-09,0.011346881443443289,2.2889717108996786e-08,0.05103294233375079,0.10777986664572244,0.002781989219285522,0.0002067121396382795,0.0004367731623962035,0.012724559282315676,0.10430386597627031
1.0,0.0016896948639518656,4879414898.877787,25206217235.636948,0.0,0.0,False,False,False,True,35185,6.334469395377588e+23,1.7297324428977735e+23,1.935798161724637e+23,1e+24,0.0,0.6334469395377588,0.17297324428977737,0.1935798161724637,0.0,39672751791815.24,mixture_l1,1.0,1e+24,power,8192,mixture,0.8047071577351047,dirichlet_a20_18,dirichlet_a20_18,dirichlet_around_p0|lowQ,box_only,True,False,0.0016896948639518656,0.39407683989185316,0.39407683989185316,True,False,D_above_support;Q_above_A_supported,upper_bound,39672.751791815244,2.6611335275396892,2.325867692797275,0.0829721656064807,0.032043331032621684,0.004487871222720677,0.32096540752820546,0.0916059459177831,0.004047153436258731,0.17326450879697058,3.3664194290053333e-09,0.011346881443443289,2.2889717108996786e-08,0.05103294233375079,0.10777986664572244,0.002781989219285522,0.0002067121396382795,0.0004367731623962035,0.012724559282315676,0.10430386597627031
1.0,0.0016896948639518656,4849345275.903549,30303281586.96578,-134217728.0,-1.3421772800000001e-16,False,False,False,True,35185,4.014655236261213e+23,4.385074092726915e+23,1.600270671011874e+23,1.0000000000000001e+24,-134217728.0,0.4014655236261213,0.4385074092726915,0.1600270671011874,-1.3421772800000001e-16,32999726354063.44,mixture_l1,1.0,1e+24,power,32768,fixed_ref,0.8047071577351047,dirichlet_a20_18,dirichlet_a20_18,dirichlet_around_p0|lowQ,box_only,True,False,0.0016896948639518656,0.41663254110330095,0.39407683989185316,True,False,D_above_support;Q_above_A_supported,upper_bound,32999.726354063445,2.0276204683168357,2.3706660907440584,0.0829721656064807,0.032043331032621684,0.004487871222720677,0.32096540752820546,0.0916059459177831,0.004047153436258731,0.17326450879697058,3.3664194290053333e-09,0.011346881443443289,2.2889717108996786e-08,0.05103294233375079,0.10777986664572244,0.002781989219285522,0.0002067121396382795,0.0004367731623962035,0.012724559282315676,0.10430386597627031
1.0,0.0016896948639518656,4879414898.877787,30358370368.96408,-134217728.0,-1.3421772800000001e-16,False,False,False,True,35185,4.011309099489011e+23,4.3814192190685305e+23,1.6072716814424605e+23,1.0000000000000001e+24,-134217728.0,0.4011309099489011,0.4381419219068531,0.16072716814424606,-1.3421772800000001e-16,32939844525459.72,mixture_l1,1.0,1e+24,power,32768,mixture,0.8047071577351047,dirichlet_a20_18,dirichlet_a20_18,dirichlet_around_p0|lowQ,box_only,True,False,0.0016896948639518656,0.39407683989185316,0.39407683989185316,True,False,D_above_support;Q_above_A_supported,upper_bound,32939.84452545972,2.0296134551113862,2.3707777906206786,0.0829721656064807,0.032043331032621684,0.004487871222720677,0.32096540752820546,0.0916059459177831,0.004047153436258731,0.17326450879697058,3.3664194290053333e-09,0.011346881443443289,2.2889717108996786e-08,0.05103294233375079,0.10777986664572244,0.002781989219285522,0.0002067121396382795,0.0004367731623962035,0.012724559282315676,0.10430386597627031
1.0,0.0016896948639518656,4849345275.903549,44679321478.6704,-134217728.0,-1.3421772800000001e-16,False,False,False,True,35185,1.660369248602201e+23,7.254263938426257e+23,1.0853668129715428e+23,1.0000000000000001e+24,-134217728.0,0.16603692486022012,0.7254263938426256,0.10853668129715428,-1.3421772800000001e-16,22381718587140.88,mixture_l1,1.0,1e+24,power,131072,fixed_ref,0.8047071577351047,dirichlet_a20_18,dirichlet_a20_18,dirichlet_around_p0|lowQ,box_only,True,False,0.0016896948639518656,0.41663254110330095,0.39407683989185316,True,False,D_above_support;Q_above_A_supported,upper_bound,22381.71858714088,1.2364028571932693,2.467848084892821,0.0829721656064807,0.032043331032621684,0.004487871222720677,0.32096540752820546,0.0916059459177831,0.004047153436258731,0.17326450879697058,3.3664194290053333e-09,0.011346881443443289,2.2889717108996786e-08,0.05103294233375079,0.10777986664572244,0.002781989219285522,0.0002067121396382795,0.0004367731623962035,0.012724559282315676,0.10430386597627031
1.0,0.0016896948639518656,4879414898.877787,44748540744.2134,0.0,0.0,False,False,False,True,35185,1.659430391076518e+23,7.250162007306046e+23,1.0904076016174362e+23,1e+24,0.0,0.1659430391076518,0.7250162007306046,0.10904076016174362,0.0,22347097433100.4,mixture_l1,1.0,1e+24,power,131072,mixture,0.8047071577351047,dirichlet_a20_18,dirichlet_a20_18,dirichlet_around_p0|lowQ,box_only,True,False,0.0016896948639518656,0.39407683989185316,0.39407683989185316,True,False,D_above_support;Q_above_A_supported,upper_bound,22347.0974331004,1.237618141121226,2.467932553044994,0.0829721656064807,0.032043331032621684,0.004487871222720677,0.32096540752820546,0.0916059459177831,0.004047153436258731,0.17326450879697058,3.3664194290053333e-09,0.011346881443443289,2.2889717108996786e-08,0.05103294233375079,0.10777986664572244,0.002781989219285522,0.0002067121396382795,0.0004367731623962035,0.012724559282315676,0.10430386597627031
1.0,0.0016896948639518656,1511467178.4002495,17485611148.574287,0.0,0.0,False,False,False,True,35185,8.551791441554383e+23,5.838022957434461e+22,8.644062627021698e+22,1e+24,0.0,0.8551791441554383,0.058380229574344605,0.08644062627021698,0.0,57189879810494.15,mixture_l1,1.0,1e+24,logarithmic,2048,fixed_ref,0.8047071577351047,dirichlet_a20_18,dirichlet_a20_18,dirichlet_around_p0|lowQ,box_only,True,False,0.0016896948639518656,0.41663254110330095,0.39407683989185316,True,False,D_above_support;Q_above_A_supported,upper_bound,57189.879810494145,2.492221662845425,2.294396517481823,0.0829721656064807,0.032043331032621684,0.004487871222720677,0.32096540752820546,0.0916059459177831,0.004047153436258731,0.17326450879697058,3.3664194290053333e-09,0.011346881443443289,2.2889717108996786e-08,0.05103294233375079,0.10777986664572244,0.002781989219285522,0.0002067121396382795,0.0004367731623962035,0.012724559282315676,0.10430386597627031
1.0,0.0016896948639518656,1600748814.7096677,17661441086.333775,0.0,0.0,False,False,False,True,35185,8.5125259088036e+23,5.8112176870765915e+22,9.063523224887402e+22,1e+24,0.0,0.85125259088036,0.05811217687076591,0.09063523224887403,0.0,56620521231066.97,mixture_l1,1.0,1e+24,logarithmic,2048,mixture,0.8047071577351047,dirichlet_a20_18,dirichlet_a20_18,dirichlet_around_p0|lowQ,box_only,True,False,0.0016896948639518656,0.39407683989185316,0.39407683989185316,True,False,D_above_support;Q_above_A_supported,upper_bound,56620.52123106697,2.505724580570411,2.2948879531284514,0.0829721656064807,0.032043331032621684,0.004487871222720677,0.32096540752820546,0.0916059459177831,0.004047153436258731,0.17326450879697058,3.3664194290053333e-09,0.011346881443443289,2.2889717108996786e-08,0.05103294233375079,0.10777986664572244,0.002781989219285522,0.0002067121396382795,0.0004367731623962035,0.012724559282315676,0.10430386597627031
1.0,0.0016896948639518656,1511467178.4002495,17988541274.711365,134217728.0,1.3421772800000001e-16,False,False,False,True,35185,8.059386250072738e+23,1.1003748693432645e+23,8.402388805839964e+22,9.999999999999998e+23,134217728.0,0.8059386250072738,0.11003748693432645,0.08402388805839965,1.3421772800000001e-16,55590944520099.53,mixture_l1,1.0,1e+24,logarithmic,4096,fixed_ref,0.8047071577351047,dirichlet_a20_18,dirichlet_a20_18,dirichlet_around_p0|lowQ,box_only,True,False,0.0016896948639518656,0.41663254110330095,0.39407683989185316,True,False,D_above_support;Q_above_A_supported,upper_bound,55590.94452009953,2.4162767034712447,2.2998909331017003,0.0829721656064807,0.032043331032621684,0.004487871222720677,0.32096540752820546,0.0916059459177831,0.004047153436258731,0.17326450879697058,3.3664194290053333e-09,0.011346881443443289,2.2889717108996786e-08,0.05103294233375079,0.10777986664572244,0.002781989219285522,0.0002067121396382795,0.0004367731623962035,0.012724559282315676,0.10430386597627031
1.0,0.0016896948639518656,1600748814.7096677,18158960407.999836,0.0,0.0,False,False,False,True,35185,8.023064222770053e+23,1.0954157018822048e+23,8.815200753477418e+22,1e+24,0.0,0.8023064222770053,0.10954157018822047,0.08815200753477419,0.0,55069231802469.0,mixture_l1,1.0,1e+24,logarithmic,4096,mixture,0.8047071577351047,dirichlet_a20_18,dirichlet_a20_18,dirichlet_around_p0|lowQ,box_only,True,False,0.0016896948639518656,0.39407683989185316,0.39407683989185316,True,False,D_above_support;Q_above_A_supported,upper_bound,55069.231802469,2.4281750928686896,2.3003725040122003,0.0829721656064807,0.032043331032621684,0.004487871222720677,0.32096540752820546,0.0916059459177831,0.004047153436258731,0.17326450879697058,3.3664194290053333e-09,0.011346881443443289,2.2889717108996786e-08,0.05103294233375079,0.10777986664572244,0.002781989219285522,0.0002067121396382795,0.0004367731623962035,0.012724559282315676,0.10430386597627031
1.0,0.0016896948639518656,1511467178.4002495,18949964701.44471,134217728.0,1.3421772800000001e-16,False,False,False,True,35185,7.228522076272364e+23,1.973868428294107e+23,7.976094954335287e+22,9.999999999999998e+23,134217728.0,0.7228522076272365,0.19738684282941069,0.07976094954335287,1.3421772800000001e-16,52770546845597.125,mixture_l1,1.0,1e+24,logarithmic,8192,fixed_ref,0.8047071577351047,dirichlet_a20_18,dirichlet_a20_18,dirichlet_around_p0|lowQ,box_only,True,False,0.0016896948639518656,0.41663254110330095,0.39407683989185316,True,False,D_above_support;Q_above_A_supported,upper_bound,52770.54684559713,2.283003969816252,2.31010457411099,0.0829721656064807,0.032043331032621684,0.004487871222720677,0.32096540752820546,0.0916059459177831,0.004047153436258731,0.17326450879697058,3.3664194290053333e-09,0.011346881443443289,2.2889717108996786e-08,0.05103294233375079,0.10777986664572244,0.002781989219285522,0.0002067121396382795,0.0004367731623962035,0.012724559282315676,0.10430386597627031
1.0,0.0016896948639518656,1600748814.7096677,19125118139.49665,0.0,0.0,False,False,False,True,35185,7.197590327271324e+23,1.965421998700223e+23,8.36987674028453e+22,1e+24,0.0,0.7197590327271324,0.1965421998700223,0.08369876740284529,0.0,52287258708997.375,mixture_l1,1.0,1e+24,logarithmic,8192,mixture,0.8047071577351047,dirichlet_a20_18,dirichlet_a20_18,dirichlet_around_p0|lowQ,box_only,True,False,0.0016896948639518656,0.39407683989185316,0.39407683989185316,True,False,D_above_support;Q_above_A_supported,upper_bound,52287.258708997375,2.2942460888127076,2.310568466635959,0.0829721656064807,0.032043331032621684,0.004487871222720677,0.32096540752820546,0.0916059459177831,0.004047153436258731,0.17326450879697058,3.3664194290053333e-09,0.011346881443443289,2.2889717108996786e-08,0.05103294233375079,0.10777986664572244,0.002781989219285522,0.0002067121396382795,0.0004367731623962035,0.012724559282315676,0.10430386597627031
1.0,0.0016896948639518656,1511467178.4002495,23935563648.15405,-134217728.0,-1.3421772800000001e-16,False,False,False,True,35185,4.477692422367752e+23,4.890834176538218e+23,6.314734010940313e+22,1.0000000000000001e+24,-134217728.0,0.4477692422367752,0.4890834176538218,0.06314734010940314,-1.3421772800000001e-16,41778836491996.37,mixture_l1,1.0,1e+24,logarithmic,32768,fixed_ref,0.8047071577351047,dirichlet_a20_18,dirichlet_a20_18,dirichlet_around_p0|lowQ,box_only,True,False,0.0016896948639518656,0.41663254110330095,0.39407683989185316,True,False,D_above_support;Q_above_A_supported,upper_bound,41778.836491996364,1.7862681995406737,2.3572064674442896,0.0829721656064807,0.032043331032621684,0.004487871222720677,0.32096540752820546,0.0916059459177831,0.004047153436258731,0.17326450879697058,3.3664194290053333e-09,0.011346881443443289,2.2889717108996786e-08,0.05103294233375079,0.10777986664572244,0.002781989219285522,0.0002067121396382795,0.0004367731623962035,0.012724559282315676,0.10430386597627031
1.0,0.0016896948639518656,1600748814.7096677,24113139644.04118,-134217728.0,-1.3421772800000001e-16,False,False,False,True,35185,4.462218397782508e+23,4.8739324152845744e+23,6.638491869329192e+22,1.0000000000000001e+24,-134217728.0,0.4462218397782508,0.4873932415284575,0.06638491869329192,-1.3421772800000001e-16,41471165296681.69,mixture_l1,1.0,1e+24,logarithmic,32768,mixture,0.8047071577351047,dirichlet_a20_18,dirichlet_a20_18,dirichlet_around_p0|lowQ,box_only,True,False,0.0016896948639518656,0.39407683989185316,0.39407683989185316,True,False,D_above_support;Q_above_A_supported,upper_bound,41471.16529668169,1.7933015891323218,2.357598738328792,0.0829721656064807,0.032043331032621684,0.004487871222720677,0.32096540752820546,0.0916059459177831,0.004047153436258731,0.17326450879697058,3.3664194290053333e-09,0.011346881443443289,2.2889717108996786e-08,0.05103294233375079,0.10777986664572244,0.002781989219285522,0.0002067121396382795,0.0004367731623962035,0.012724559282315676,0.10430386597627031
1.0,0.0016896948639518656,1511467178.4002495,38051593712.68352,134217728.0,1.3421772800000001e-16,False,False,False,True,35185,1.7885389372621743e+23,7.814245852827591e+23,3.9721520991023326e+22,9.999999999999998e+23,134217728.0,0.17885389372621743,0.781424585282759,0.03972152099102333,1.3421772800000001e-16,26280108201267.684,mixture_l1,1.0,1e+24,logarithmic,131072,fixed_ref,0.8047071577351047,dirichlet_a20_18,dirichlet_a20_18,dirichlet_around_p0|lowQ,box_only,True,False,0.0016896948639518656,0.41663254110330095,0.39407683989185316,True,False,D_above_support;Q_above_A_supported,upper_bound,26280.108201267685,1.1342792830002504,2.4579252749108913,0.0829721656064807,0.032043331032621684,0.004487871222720677,0.32096540752820546,0.0916059459177831,0.004047153436258731,0.17326450879697058,3.3664194290053333e-09,0.011346881443443289,2.2889717108996786e-08,0.05103294233375079,0.10777986664572244,0.002781989219285522,0.0002067121396382795,0.0004367731623962035,0.012724559282315676,0.10430386597627031
1.0,0.0016896948639518656,1600748814.7096677,38230731518.64085,0.0,0.0,False,False,False,True,35185,1.7845359814644008e+23,7.796756672083398e+23,4.187073464522022e+22,1e+24,0.0,0.17845359814644007,0.7796756672083398,0.04187073464522022,0.0,26156967452019.902,mixture_l1,1.0,1e+24,logarithmic,131072,mixture,0.8047071577351047,dirichlet_a20_18,dirichlet_a20_18,dirichlet_around_p0|lowQ,box_only,True,False,0.0016896948639518656,0.39407683989185316,0.39407683989185316,True,False,D_above_support;Q_above_A_supported,upper_bound,26156.967452019904,1.1370685998786623,2.458206490797439,0.0829721656064807,0.032043331032621684,0.004487871222720677,0.32096540752820546,0.0916059459177831,0.004047153436258731,0.17326450879697058,3.3664194290053333e-09,0.011346881443443289,2.2889717108996786e-08,0.05103294233375079,0.10777986664572244,0.002781989219285522,0.0002067121396382795,0.0004367731623962035,0.012724559282315676,0.10430386597627031
0.41663254110330095,2.855068733265314e-06,0.0,3238075.1788692656,2048.0,2.048e-16,False,False,True,False,35185,9.360958562156763e+18,6.390414378432352e+17,0.0,9.999999999999998e+18,2048.0,0.9360958562156763,0.06390414378432352,0.0,2.048e-16,3088254425115.6006,mixture_l1,2.0,1e+19,exponential,2048,fixed_ref,0.8047071577351047,dirichlet_a20_18,dirichlet_a20_18,dirichlet_around_p0|lowQ,box_only,True,False,2.855068733265314e-06,0.41663254110330095,0.39407683989185316,False,False,N_below_support;D_above_support,lower_bound_Q0,3088.2544251156005,0.0005051914595090592,12.042597587658797,0.0829721656064807,0.032043331032621684,0.004487871222720677,0.32096540752820546,0.0916059459177831,0.004047153436258731,0.17326450879697058,3.3664194290053333e-09,0.011346881443443289,2.2889717108996786e-08,0.05103294233375079,0.10777986664572244,0.002781989219285522,0.0002067121396382795,0.0004367731623962035,0.012724559282315676,0.10430386597627031
0.39407683989185316,2.855068733265314e-06,0.0,3172811.42666991,2048.0,2.048e-16,False,False,True,False,35185,9.360958562156763e+18,6.390414378432352e+17,0.0,9.999999999999998e+18,2048.0,0.9360958562156763,0.06390414378432352,0.0,2.048e-16,3151778865879.7495,mixture_l1,2.0,1e+19,exponential,2048,mixture,0.8047071577351047,dirichlet_a20_18,dirichlet_a20_18,dirichlet_around_p0|lowQ,box_only,True,False,2.855068733265314e-06,0.39407683989185316,0.39407683989185316,False,False,N_below_support;D_above_support,lower_bound_Q0,3151.7788658797494,0.0004950092715099086,12.114022679779408,0.0829721656064807,0.032043331032621684,0.004487871222720677,0.32096540752820546,0.0916059459177831,0.004047153436258731,0.17326450879697058,3.3664194290053333e-09,0.011346881443443289,2.2889717108996786e-08,0.05103294233375079,0.10777986664572244,0.002781989219285522,0.0002067121396382795,0.0004367731623962035,0.012724559282315676,0.10430386597627031
0.41663254110330095,2.855068733265314e-06,0.0,3349593.4196332707,0.0,0.0,False,False,True,False,35185,8.798686062881276e+18,1.2013139371187236e+18,0.0,1e+19,0.0,0.8798686062881276,0.12013139371187236,0.0,0.0,2985436961210.309,mixture_l1,2.0,1e+19,exponential,4096,fixed_ref,0.8047071577351047,dirichlet_a20_18,dirichlet_a20_18,dirichlet_around_p0|lowQ,box_only,True,False,2.855068733265314e-06,0.41663254110330095,0.39407683989185316,False,False,N_below_support;D_above_support,lower_bound_Q0,2985.436961210309,0.0004912003489607682,12.141512258721864,0.0829721656064807,0.032043331032621684,0.004487871222720677,0.32096540752820546,0.0916059459177831,0.004047153436258731,0.17326450879697058,3.3664194290053333e-09,0.011346881443443289,2.2889717108996786e-08,0.05103294233375079,0.10777986664572244,0.002781989219285522,0.0002067121396382795,0.0004367731623962035,0.012724559282315676,0.10430386597627031
0.39407683989185316,2.855068733265314e-06,0.0,3283291.3918012623,2048.0,2.048e-16,False,False,True,False,35185,8.798686062881274e+18,1.2013139371187233e+18,0.0,9.999999999999998e+18,2048.0,0.8798686062881274,0.12013139371187233,0.0,2.048e-16,3045724185483.839,mixture_l1,2.0,1e+19,exponential,4096,mixture,0.8047071577351047,dirichlet_a20_18,dirichlet_a20_18,dirichlet_around_p0|lowQ,box_only,True,False,2.855068733265314e-06,0.39407683989185316,0.39407683989185316,False,False,N_below_support;D_above_support,lower_bound_Q0,3045.724185483839,0.00048147750349033055,12.21361978929393,0.0829721656064807,0.032043331032621684,0.004487871222720677,0.32096540752820546,0.0916059459177831,0.004047153436258731,0.17326450879697058,3.3664194290053333e-09,0.011346881443443289,2.2889717108996786e-08,0.05103294233375079,0.10777986664572244,0.002781989219285522,0.0002067121396382795,0.0004367731623962035,0.012724559282315676,0.10430386597627031
0.41663254110330095,2.855068733265314e-06,0.0,3564202.720272484,-2048.0,-2.048e-16,False,False,True,False,35185,7.855048177628824e+18,2.1449518223711777e+18,0.0,1.0000000000000002e+19,-2048.0,0.7855048177628824,0.21449518223711778,0.0,-2.048e-16,2805676552324.5825,mixture_l1,2.0,1e+19,exponential,8192,fixed_ref,0.8047071577351047,dirichlet_a20_18,dirichlet_a20_18,dirichlet_around_p0|lowQ,box_only,True,False,2.855068733265314e-06,0.41663254110330095,0.39407683989185316,False,False,N_below_support;D_above_support,lower_bound_Q0,2805.6765523245826,0.00046661640137626777,12.325120366330585,0.0829721656064807,0.032043331032621684,0.004487871222720677,0.32096540752820546,0.0916059459177831,0.004047153436258731,0.17326450879697058,3.3664194290053333e-09,0.011346881443443289,2.2889717108996786e-08,0.05103294233375079,0.10777986664572244,0.002781989219285522,0.0002067121396382795,0.0004367731623962035,0.012724559282315676,0.10430386597627031
0.39407683989185316,2.855068733265314e-06,0.0,3493652.7046875106,0.0,0.0,False,False,True,False,35185,7.855048177628824e+18,2.1449518223711775e+18,0.0,1e+19,0.0,0.7855048177628824,0.21449518223711775,0.0,0.0,2862333736430.865,mixture_l1,2.0,1e+19,exponential,8192,mixture,0.8047071577351047,dirichlet_a20_18,dirichlet_a20_18,dirichlet_around_p0|lowQ,box_only,True,False,2.855068733265314e-06,0.39407683989185316,0.39407683989185316,False,False,N_below_support;D_above_support,lower_bound_Q0,2862.3337364308654,0.00045738017185372734,12.398494600972638,0.0829721656064807,0.032043331032621684,0.004487871222720677,0.32096540752820546,0.0916059459177831,0.004047153436258731,0.17326450879697058,3.3664194290053333e-09,0.011346881443443289,2.2889717108996786e-08,0.05103294233375079,0.10777986664572244,0.002781989219285522,0.0002067121396382795,0.0004367731623962035,0.012724559282315676,0.10430386597627031
0.41663254110330095,2.855068733265314e-06,0.0,4680917.13626578,0.0,0.0,False,False,True,False,35185,4.779505480499618e+18,5.220494519500382e+18,0.0,1e+19,0.0,0.4779505480499618,0.5220494519500383,0.0,0.0,2136333481001.8748,mixture_l1,2.0,1e+19,exponential,32768,fixed_ref,0.8047071577351047,dirichlet_a20_18,dirichlet_a20_18,dirichlet_around_p0|lowQ,box_only,True,False,2.855068733265314e-06,0.41663254110330095,0.39407683989185316,False,False,N_below_support;D_above_support,lower_bound_Q0,2136.3334810018746,0.0003728744851091145,13.16795667097266,0.0829721656064807,0.032043331032621684,0.004487871222720677,0.32096540752820546,0.0916059459177831,0.004047153436258731,0.17326450879697058,3.3664194290053333e-09,0.011346881443443289,2.2889717108996786e-08,0.05103294233375079,0.10777986664572244,0.002781989219285522,0.0002067121396382795,0.0004367731623962035,0.012724559282315676,0.10430386597627031
0.39407683989185316,2.855068733265314e-06,0.0,4588037.438696583,0.0,0.0,False,False,True,False,35185,4.779505480499617e+18,5.220494519500382e+18,0.0,1e+19,0.0,0.4779505480499617,0.5220494519500383,0.0,0.0,2179581168117.2556,mixture_l1,2.0,1e+19,exponential,32768,mixture,0.8047071577351047,dirichlet_a20_18,dirichlet_a20_18,dirichlet_around_p0|lowQ,box_only,True,False,2.855068733265314e-06,0.39407683989185316,0.39407683989185316,False,False,N_below_support;D_above_support,lower_bound_Q0,2179.5811681172554,0.00036547583471646243,13.24714573367167,0.0829721656064807,0.032043331032621684,0.004487871222720677,0.32096540752820546,0.0916059459177831,0.004047153436258731,0.17326450879697058,3.3664194290053333e-09,0.011346881443443289,2.2889717108996786e-08,0.05103294233375079,0.10777986664572244,0.002781989219285522,0.0002067121396382795,0.0004367731623962035,0.012724559282315676,0.10430386597627031
0.41663254110330095,2.855068733265314e-06,0.0,7851091.646202675,0.0,0.0,False,False,True,False,35185,1.8625211085725637e+18,8.137478891427437e+18,0.0,1e+19,0.0,0.18625211085725638,0.8137478891427437,0.0,0.0,1273708224363.5105,mixture_l1,2.0,1e+19,exponential,131072,fixed_ref,0.8047071577351047,dirichlet_a20_18,dirichlet_a20_18,dirichlet_around_p0|lowQ,box_only,True,False,2.855068733265314e-06,0.41663254110330095,0.39407683989185316,False,False,N_below_support;D_above_support,lower_bound_Q0,1273.7082243635105,0.0002437137319398367,14.954571037967847,0.0829721656064807,0.032043331032621684,0.004487871222720677,0.32096540752820546,0.0916059459177831,0.004047153436258731,0.17326450879697058,3.3664194290053333e-09,0.011346881443443289,2.2889717108996786e-08,0.05103294233375079,0.10777986664572244,0.002781989219285522,0.0002067121396382795,0.0004367731623962035,0.012724559282315676,0.10430386597627031
0.39407683989185316,2.855068733265314e-06,0.0,7692285.2434015665,0.0,0.0,False,False,True,False,35185,1.862521108572564e+18,8.137478891427437e+18,0.0,1e+19,0.0,0.1862521108572564,0.8137478891427437,0.0,0.0,1300003793876.207,mixture_l1,2.0,1e+19,exponential,131072,mixture,0.8047071577351047,dirichlet_a20_18,dirichlet_a20_18,dirichlet_around_p0|lowQ,box_only,True,False,2.855068733265314e-06,0.39407683989185316,0.39407683989185316,False,False,N_below_support;D_above_support,lower_bound_Q0,1300.003793876207,0.00023878406064994435,15.046086136566135,0.0829721656064807,0.032043331032621684,0.004487871222720677,0.32096540752820546,0.0916059459177831,0.004047153436258731,0.17326450879697058,3.3664194290053333e-09,0.011346881443443289,2.2889717108996786e-08,0.05103294233375079,0.10777986664572244,0.002781989219285522,0.0002067121396382795,0.0004367731623962035,0.012724559282315676,0.10430386597627031
0.41663254110330095,2.855068733265314e-06,0.0,3238075.1788692656,2048.0,2.048e-16,False,False,True,False,35185,9.360958562156763e+18,6.390414378432352e+17,0.0,9.999999999999998e+18,2048.0,0.9360958562156763,0.06390414378432352,0.0,2.048e-16,3088254425115.6006,mixture_l1,2.0,1e+19,power,2048,fixed_ref,0.8047071577351047,dirichlet_a20_18,dirichlet_a20_18,dirichlet_around_p0|lowQ,box_only,True,False,2.855068733265314e-06,0.41663254110330095,0.39407683989185316,False,False,N_below_support;D_above_support,lower_bound_Q0,3088.2544251156005,0.0005051914595090592,12.042597587658797,0.0829721656064807,0.032043331032621684,0.004487871222720677,0.32096540752820546,0.0916059459177831,0.004047153436258731,0.17326450879697058,3.3664194290053333e-09,0.011346881443443289,2.2889717108996786e-08,0.05103294233375079,0.10777986664572244,0.002781989219285522,0.0002067121396382795,0.0004367731623962035,0.012724559282315676,0.10430386597627031
0.39407683989185316,2.855068733265314e-06,0.0,3172811.42666991,2048.0,2.048e-16,False,False,True,False,35185,9.360958562156763e+18,6.390414378432352e+17,0.0,9.999999999999998e+18,2048.0,0.9360958562156763,0.06390414378432352,0.0,2.048e-16,3151778865879.7495,mixture_l1,2.0,1e+19,power,2048,mixture,0.8047071577351047,dirichlet_a20_18,dirichlet_a20_18,dirichlet_around_p0|lowQ,box_only,True,False,2.855068733265314e-06,0.39407683989185316,0.39407683989185316,False,False,N_below_support;D_above_support,lower_bound_Q0,3151.7788658797494,0.0004950092715099086,12.114022679779408,0.0829721656064807,0.032043331032621684,0.004487871222720677,0.32096540752820546,0.0916059459177831,0.004047153436258731,0.17326450879697058,3.3664194290053333e-09,0.011346881443443289,2.2889717108996786e-08,0.05103294233375079,0.10777986664572244,0.002781989219285522,0.0002067121396382795,0.0004367731623962035,0.012724559282315676,0.10430386597627031
0.41663254110330095,2.855068733265314e-06,0.0,3349593.4196332707,0.0,0.0,False,False,True,False,35185,8.798686062881276e+18,1.2013139371187236e+18,0.0,1e+19,0.0,0.8798686062881276,0.12013139371187236,0.0,0.0,2985436961210.309,mixture_l1,2.0,1e+19,power,4096,fixed_ref,0.8047071577351047,dirichlet_a20_18,dirichlet_a20_18,dirichlet_around_p0|lowQ,box_only,True,False,2.855068733265314e-06,0.41663254110330095,0.39407683989185316,False,False,N_below_support;D_above_support,lower_bound_Q0,2985.436961210309,0.0004912003489607682,12.141512258721864,0.0829721656064807,0.032043331032621684,0.004487871222720677,0.32096540752820546,0.0916059459177831,0.004047153436258731,0.17326450879697058,3.3664194290053333e-09,0.011346881443443289,2.2889717108996786e-08,0.05103294233375079,0.10777986664572244,0.002781989219285522,0.0002067121396382795,0.0004367731623962035,0.012724559282315676,0.10430386597627031
0.39407683989185316,2.855068733265314e-06,0.0,3283291.3918012623,2048.0,2.048e-16,False,False,True,False,35185,8.798686062881274e+18,1.2013139371187233e+18,0.0,9.999999999999998e+18,2048.0,0.8798686062881274,0.12013139371187233,0.0,2.048e-16,3045724185483.839,mixture_l1,2.0,1e+19,power,4096,mixture,0.8047071577351047,dirichlet_a20_18,dirichlet_a20_18,dirichlet_around_p0|lowQ,box_only,True,False,2.855068733265314e-06,0.39407683989185316,0.39407683989185316,False,False,N_below_support;D_above_support,lower_bound_Q0,3045.724185483839,0.00048147750349033055,12.21361978929393,0.0829721656064807,0.032043331032621684,0.004487871222720677,0.32096540752820546,0.0916059459177831,0.004047153436258731,0.17326450879697058,3.3664194290053333e-09,0.011346881443443289,2.2889717108996786e-08,0.05103294233375079,0.10777986664572244,0.002781989219285522,0.0002067121396382795,0.0004367731623962035,0.012724559282315676,0.10430386597627031
0.41663254110330095,2.855068733265314e-06,0.0,3564202.720272484,-2048.0,-2.048e-16,False,False,True,False,35185,7.855048177628824e+18,2.1449518223711777e+18,0.0,1.0000000000000002e+19,-2048.0,0.7855048177628824,0.21449518223711778,0.0,-2.048e-16,2805676552324.5825,mixture_l1,2.0,1e+19,power,8192,fixed_ref,0.8047071577351047,dirichlet_a20_18,dirichlet_a20_18,dirichlet_around_p0|lowQ,box_only,True,False,2.855068733265314e-06,0.41663254110330095,0.39407683989185316,False,False,N_below_support;D_above_support,lower_bound_Q0,2805.6765523245826,0.00046661640137626777,12.325120366330585,0.0829721656064807,0.032043331032621684,0.004487871222720677,0.32096540752820546,0.0916059459177831,0.004047153436258731,0.17326450879697058,3.3664194290053333e-09,0.011346881443443289,2.2889717108996786e-08,0.05103294233375079,0.10777986664572244,0.002781989219285522,0.0002067121396382795,0.0004367731623962035,0.012724559282315676,0.10430386597627031
0.39407683989185316,2.855068733265314e-06,0.0,3493652.7046875106,0.0,0.0,False,False,True,False,35185,7.855048177628824e+18,2.1449518223711775e+18,0.0,1e+19,0.0,0.7855048177628824,0.21449518223711775,0.0,0.0,2862333736430.865,mixture_l1,2.0,1e+19,power,8192,mixture,0.8047071577351047,dirichlet_a20_18,dirichlet_a20_18,dirichlet_around_p0|lowQ,box_only,True,False,2.855068733265314e-06,0.39407683989185316,0.39407683989185316,False,False,N_below_support;D_above_support,lower_bound_Q0,2862.3337364308654,0.00045738017185372734,12.398494600972638,0.0829721656064807,0.032043331032621684,0.004487871222720677,0.32096540752820546,0.0916059459177831,0.004047153436258731,0.17326450879697058,3.3664194290053333e-09,0.011346881443443289,2.2889717108996786e-08,0.05103294233375079,0.10777986664572244,0.002781989219285522,0.0002067121396382795,0.0004367731623962035,0.012724559282315676,0.10430386597627031
0.41663254110330095,2.855068733265314e-06,0.0,4680917.13626578,0.0,0.0,False,False,True,False,35185,4.779505480499618e+18,5.220494519500382e+18,0.0,1e+19,0.0,0.4779505480499618,0.5220494519500383,0.0,0.0,2136333481001.8748,mixture_l1,2.0,1e+19,power,32768,fixed_ref,0.8047071577351047,dirichlet_a20_18,dirichlet_a20_18,dirichlet_around_p0|lowQ,box_only,True,False,2.855068733265314e-06,0.41663254110330095,0.39407683989185316,False,False,N_below_support;D_above_support,lower_bound_Q0,2136.3334810018746,0.0003728744851091145,13.16795667097266,0.0829721656064807,0.032043331032621684,0.004487871222720677,0.32096540752820546,0.0916059459177831,0.004047153436258731,0.17326450879697058,3.3664194290053333e-09,0.011346881443443289,2.2889717108996786e-08,0.05103294233375079,0.10777986664572244,0.002781989219285522,0.0002067121396382795,0.0004367731623962035,0.012724559282315676,0.10430386597627031
0.39407683989185316,2.855068733265314e-06,0.0,4588037.438696583,0.0,0.0,False,False,True,False,35185,4.779505480499617e+18,5.220494519500382e+18,0.0,1e+19,0.0,0.4779505480499617,0.5220494519500383,0.0,0.0,2179581168117.2556,mixture_l1,2.0,1e+19,power,32768,mixture,0.8047071577351047,dirichlet_a20_18,dirichlet_a20_18,dirichlet_around_p0|lowQ,box_only,True,False,2.855068733265314e-06,0.39407683989185316,0.39407683989185316,False,False,N_below_support;D_above_support,lower_bound_Q0,2179.5811681172554,0.00036547583471646243,13.24714573367167,0.0829721656064807,0.032043331032621684,0.004487871222720677,0.32096540752820546,0.0916059459177831,0.004047153436258731,0.17326450879697058,3.3664194290053333e-09,0.011346881443443289,2.2889717108996786e-08,0.05103294233375079,0.10777986664572244,0.002781989219285522,0.0002067121396382795,0.0004367731623962035,0.012724559282315676,0.10430386597627031
0.41663254110330095,2.855068733265314e-06,0.0,7851091.646202675,0.0,0.0,False,False,True,False,35185,1.8625211085725637e+18,8.137478891427437e+18,0.0,1e+19,0.0,0.18625211085725638,0.8137478891427437,0.0,0.0,1273708224363.5105,mixture_l1,2.0,1e+19,power,131072,fixed_ref,0.8047071577351047,dirichlet_a20_18,dirichlet_a20_18,dirichlet_around_p0|lowQ,box_only,True,False,2.855068733265314e-06,0.41663254110330095,0.39407683989185316,False,False,N_below_support;D_above_support,lower_bound_Q0,1273.7082243635105,0.0002437137319398367,14.954571037967847,0.0829721656064807,0.032043331032621684,0.004487871222720677,0.32096540752820546,0.0916059459177831,0.004047153436258731,0.17326450879697058,3.3664194290053333e-09,0.011346881443443289,2.2889717108996786e-08,0.05103294233375079,0.10777986664572244,0.002781989219285522,0.0002067121396382795,0.0004367731623962035,0.012724559282315676,0.10430386597627031
0.39407683989185316,2.855068733265314e-06,0.0,7692285.2434015665,0.0,0.0,False,False,True,False,35185,1.862521108572564e+18,8.137478891427437e+18,0.0,1e+19,0.0,0.1862521108572564,0.8137478891427437,0.0,0.0,1300003793876.207,mixture_l1,2.0,1e+19,power,131072,mixture,0.8047071577351047,dirichlet_a20_18,dirichlet_a20_18,dirichlet_around_p0|lowQ,box_only,True,False,2.855068733265314e-06,0.39407683989185316,0.39407683989185316,False,False,N_below_support;D_above_support,lower_bound_Q0,1300.003793876207,0.00023878406064994435,15.046086136566135,0.0829721656064807,0.032043331032621684,0.004487871222720677,0.32096540752820546,0.0916059459177831,0.004047153436258731,0.17326450879697058,3.3664194290053333e-09,0.011346881443443289,2.2889717108996786e-08,0.05103294233375079,0.10777986664572244,0.002781989219285522,0.0002067121396382795,0.0004367731623962035,0.012724559282315676,0.10430386597627031
0.41663254110330095,2.855068733265314e-06,0.0,3238075.1788692656,2048.0,2.048e-16,False,False,True,False,35185,9.360958562156763e+18,6.390414378432352e+17,0.0,9.999999999999998e+18,2048.0,0.9360958562156763,0.06390414378432352,0.0,2.048e-16,3088254425115.6006,mixture_l1,2.0,1e+19,logarithmic,2048,fixed_ref,0.8047071577351047,dirichlet_a20_18,dirichlet_a20_18,dirichlet_around_p0|lowQ,box_only,True,False,2.855068733265314e-06,0.41663254110330095,0.39407683989185316,False,False,N_below_support;D_above_support,lower_bound_Q0,3088.2544251156005,0.0005051914595090592,12.042597587658797,0.0829721656064807,0.032043331032621684,0.004487871222720677,0.32096540752820546,0.0916059459177831,0.004047153436258731,0.17326450879697058,3.3664194290053333e-09,0.011346881443443289,2.2889717108996786e-08,0.05103294233375079,0.10777986664572244,0.002781989219285522,0.0002067121396382795,0.0004367731623962035,0.012724559282315676,0.10430386597627031
0.39407683989185316,2.855068733265314e-06,0.0,3172811.42666991,2048.0,2.048e-16,False,False,True,False,35185,9.360958562156763e+18,6.390414378432352e+17,0.0,9.999999999999998e+18,2048.0,0.9360958562156763,0.06390414378432352,0.0,2.048e-16,3151778865879.7495,mixture_l1,2.0,1e+19,logarithmic,2048,mixture,0.8047071577351047,dirichlet_a20_18,dirichlet_a20_18,dirichlet_around_p0|lowQ,box_only,True,False,2.855068733265314e-06,0.39407683989185316,0.39407683989185316,False,False,N_below_support;D_above_support,lower_bound_Q0,3151.7788658797494,0.0004950092715099086,12.114022679779408,0.0829721656064807,0.032043331032621684,0.004487871222720677,0.32096540752820546,0.0916059459177831,0.004047153436258731,0.17326450879697058,3.3664194290053333e-09,0.011346881443443289,2.2889717108996786e-08,0.05103294233375079,0.10777986664572244,0.002781989219285522,0.0002067121396382795,0.0004367731623962035,0.012724559282315676,0.10430386597627031
0.41663254110330095,2.855068733265314e-06,0.0,3349593.4196332707,0.0,0.0,False,False,True,False,35185,8.798686062881276e+18,1.2013139371187236e+18,0.0,1e+19,0.0,0.8798686062881276,0.12013139371187236,0.0,0.0,2985436961210.309,mixture_l1,2.0,1e+19,logarithmic,4096,fixed_ref,0.8047071577351047,dirichlet_a20_18,dirichlet_a20_18,dirichlet_around_p0|lowQ,box_only,True,False,2.855068733265314e-06,0.41663254110330095,0.39407683989185316,False,False,N_below_support;D_above_support,lower_bound_Q0,2985.436961210309,0.0004912003489607682,12.141512258721864,0.0829721656064807,0.032043331032621684,0.004487871222720677,0.32096540752820546,0.0916059459177831,0.004047153436258731,0.17326450879697058,3.3664194290053333e-09,0.011346881443443289,2.2889717108996786e-08,0.05103294233375079,0.10777986664572244,0.002781989219285522,0.0002067121396382795,0.0004367731623962035,0.012724559282315676,0.10430386597627031
0.39407683989185316,2.855068733265314e-06,0.0,3283291.3918012623,2048.0,2.048e-16,False,False,True,False,35185,8.798686062881274e+18,1.2013139371187233e+18,0.0,9.999999999999998e+18,2048.0,0.8798686062881274,0.12013139371187233,0.0,2.048e-16,3045724185483.839,mixture_l1,2.0,1e+19,logarithmic,4096,mixture,0.8047071577351047,dirichlet_a20_18,dirichlet_a20_18,dirichlet_around_p0|lowQ,box_only,True,False,2.855068733265314e-06,0.39407683989185316,0.39407683989185316,False,False,N_below_support;D_above_support,lower_bound_Q0,3045.724185483839,0.00048147750349033055,12.21361978929393,0.0829721656064807,0.032043331032621684,0.004487871222720677,0.32096540752820546,0.0916059459177831,0.004047153436258731,0.17326450879697058,3.3664194290053333e-09,0.011346881443443289,2.2889717108996786e-08,0.05103294233375079,0.10777986664572244,0.002781989219285522,0.0002067121396382795,0.0004367731623962035,0.012724559282315676,0.10430386597627031
0.41663254110330095,2.855068733265314e-06,0.0,3564202.720272484,-2048.0,-2.048e-16,False,False,True,False,35185,7.855048177628824e+18,2.1449518223711777e+18,0.0,1.0000000000000002e+19,-2048.0,0.7855048177628824,0.21449518223711778,0.0,-2.048e-16,2805676552324.5825,mixture_l1,2.0,1e+19,logarithmic,8192,fixed_ref,0.8047071577351047,dirichlet_a20_18,dirichlet_a20_18,dirichlet_around_p0|lowQ,box_only,True,False,2.855068733265314e-06,0.41663254110330095,0.39407683989185316,False,False,N_below_support;D_above_support,lower_bound_Q0,2805.6765523245826,0.00046661640137626777,12.325120366330585,0.0829721656064807,0.032043331032621684,0.004487871222720677,0.32096540752820546,0.0916059459177831,0.004047153436258731,0.17326450879697058,3.3664194290053333e-09,0.011346881443443289,2.2889717108996786e-08,0.05103294233375079,0.10777986664572244,0.002781989219285522,0.0002067121396382795,0.0004367731623962035,0.012724559282315676,0.10430386597627031
0.39407683989185316,2.855068733265314e-06,0.0,3493652.7046875106,0.0,0.0,False,False,True,False,35185,7.855048177628824e+18,2.1449518223711775e+18,0.0,1e+19,0.0,0.7855048177628824,0.21449518223711775,0.0,0.0,2862333736430.865,mixture_l1,2.0,1e+19,logarithmic,8192,mixture,0.8047071577351047,dirichlet_a20_18,dirichlet_a20_18,dirichlet_around_p0|lowQ,box_only,True,False,2.855068733265314e-06,0.39407683989185316,0.39407683989185316,False,False,N_below_support;D_above_support,lower_bound_Q0,2862.3337364308654,0.00045738017185372734,12.398494600972638,0.0829721656064807,0.032043331032621684,0.004487871222720677,0.32096540752820546,0.0916059459177831,0.004047153436258731,0.17326450879697058,3.3664194290053333e-09,0.011346881443443289,2.2889717108996786e-08,0.05103294233375079,0.10777986664572244,0.002781989219285522,0.0002067121396382795,0.0004367731623962035,0.012724559282315676,0.10430386597627031
0.41663254110330095,2.855068733265314e-06,0.0,4680917.13626578,0.0,0.0,False,False,True,False,35185,4.779505480499618e+18,5.220494519500382e+18,0.0,1e+19,0.0,0.4779505480499618,0.5220494519500383,0.0,0.0,2136333481001.8748,mixture_l1,2.0,1e+19,logarithmic,32768,fixed_ref,0.8047071577351047,dirichlet_a20_18,dirichlet_a20_18,dirichlet_around_p0|lowQ,box_only,True,False,2.855068733265314e-06,0.41663254110330095,0.39407683989185316,False,False,N_below_support;D_above_support,lower_bound_Q0,2136.3334810018746,0.0003728744851091145,13.16795667097266,0.0829721656064807,0.032043331032621684,0.004487871222720677,0.32096540752820546,0.0916059459177831,0.004047153436258731,0.17326450879697058,3.3664194290053333e-09,0.011346881443443289,2.2889717108996786e-08,0.05103294233375079,0.10777986664572244,0.002781989219285522,0.0002067121396382795,0.0004367731623962035,0.012724559282315676,0.10430386597627031
0.39407683989185316,2.855068733265314e-06,0.0,4588037.438696583,0.0,0.0,False,False,True,False,35185,4.779505480499617e+18,5.220494519500382e+18,0.0,1e+19,0.0,0.4779505480499617,0.5220494519500383,0.0,0.0,2179581168117.2556,mixture_l1,2.0,1e+19,logarithmic,32768,mixture,0.8047071577351047,dirichlet_a20_18,dirichlet_a20_18,dirichlet_around_p0|lowQ,box_only,True,False,2.855068733265314e-06,0.39407683989185316,0.39407683989185316,False,False,N_below_support;D_above_support,lower_bound_Q0,2179.5811681172554,0.00036547583471646243,13.24714573367167,0.0829721656064807,0.032043331032621684,0.004487871222720677,0.32096540752820546,0.0916059459177831,0.004047153436258731,0.17326450879697058,3.3664194290053333e-09,0.011346881443443289,2.2889717108996786e-08,0.05103294233375079,0.10777986664572244,0.002781989219285522,0.0002067121396382795,0.0004367731623962035,0.012724559282315676,0.10430386597627031
0.41663254110330095,2.855068733265314e-06,0.0,7851091.646202675,0.0,0.0,False,False,True,False,35185,1.8625211085725637e+18,8.137478891427437e+18,0.0,1e+19,0.0,0.18625211085725638,0.8137478891427437,0.0,0.0,1273708224363.5105,mixture_l1,2.0,1e+19,logarithmic,131072,fixed_ref,0.8047071577351047,dirichlet_a20_18,dirichlet_a20_18,dirichlet_around_p0|lowQ,box_only,True,False,2.855068733265314e-06,0.41663254110330095,0.39407683989185316,False,False,N_below_support;D_above_support,lower_bound_Q0,1273.7082243635105,0.0002437137319398367,14.954571037967847,0.0829721656064807,0.032043331032621684,0.004487871222720677,0.32096540752820546,0.0916059459177831,0.004047153436258731,0.17326450879697058,3.3664194290053333e-09,0.011346881443443289,2.2889717108996786e-08,0.05103294233375079,0.10777986664572244,0.002781989219285522,0.0002067121396382795,0.0004367731623962035,0.012724559282315676,0.10430386597627031
0.39407683989185316,2.855068733265314e-06,0.0,7692285.2434015665,0.0,0.0,False,False,True,False,35185,1.862521108572564e+18,8.137478891427437e+18,0.0,1e+19,0.0,0.1862521108572564,0.8137478891427437,0.0,0.0,1300003793876.207,mixture_l1,2.0,1e+19,logarithmic,131072,mixture,0.8047071577351047,dirichlet_a20_18,dirichlet_a20_18,dirichlet_around_p0|lowQ,box_only,True,False,2.855068733265314e-06,0.39407683989185316,0.39407683989185316,False,False,N_below_support;D_above_support,lower_bound_Q0,1300.003793876207,0.00023878406064994435,15.046086136566135,0.0829721656064807,0.032043331032621684,0.004487871222720677,0.32096540752820546,0.0916059459177831,0.004047153436258731,0.17326450879697058,3.3664194290053333e-09,0.011346881443443289,2.2889717108996786e-08,0.05103294233375079,0.10777986664572244,0.002781989219285522,0.0002067121396382795,0.0004367731623962035,0.012724559282315676,0.10430386597627031
0.41663254110330095,2.855068733265314e-06,0.0,73240437.11690949,0.0,0.0,False,False,True,False,35185,9.360958562156765e+21,6.390414378432351e+20,0.0,1e+22,0.0,0.9360958562156765,0.06390414378432352,0.0,0.0,136536596361891.95,mixture_l1,2.0,1e+22,exponential,2048,fixed_ref,0.8047071577351047,dirichlet_a20_18,dirichlet_a20_18,dirichlet_around_p0|lowQ,box_only,True,False,2.855068733265314e-06,0.41663254110330095,0.39407683989185316,False,False,N_below_support;D_above_support,lower_bound_Q0,136536.59636189195,0.011426678282093967,5.275192154591133,0.0829721656064807,0.032043331032621684,0.004487871222720677,0.32096540752820546,0.0916059459177831,0.004047153436258731,0.17326450879697058,3.3664194290053333e-09,0.011346881443443289,2.2889717108996786e-08,0.05103294233375079,0.10777986664572244,0.002781989219285522,0.0002067121396382795,0.0004367731623962035,0.012724559282315676,0.10430386597627031
0.39407683989185316,2.855068733265314e-06,0.0,71780133.37239616,0.0,0.0,False,False,True,False,35185,9.360958562156764e+21,6.390414378432351e+20,0.0,1e+22,0.0,0.9360958562156764,0.06390414378432352,0.0,0.0,139314313448261.31,mixture_l1,2.0,1e+22,exponential,2048,mixture,0.8047071577351047,dirichlet_a20_18,dirichlet_a20_18,dirichlet_around_p0|lowQ,box_only,True,False,2.855068733265314e-06,0.39407683989185316,0.39407683989185316,False,False,N_below_support;D_above_support,lower_bound_Q0,139314.31344826132,0.011198847568084772,5.299928177730895,0.0829721656064807,0.032043331032621684,0.004487871222720677,0.32096540752820546,0.0916059459177831,0.004047153436258731,0.17326450879697058,3.3664194290053333e-09,0.011346881443443289,2.2889717108996786e-08,0.05103294233375079,0.10777986664572244,0.002781989219285522,0.0002067121396382795,0.0004367731623962035,0.012724559282315676,0.10430386597627031
0.41663254110330095,2.855068733265314e-06,0.0,75769326.69776435,0.0,0.0,False,False,True,False,35185,8.798686062881277e+21,1.2013139371187238e+21,0.0,1e+22,0.0,0.8798686062881277,0.12013139371187238,0.0,0.0,131979528337224.36,mixture_l1,2.0,1e+22,exponential,4096,fixed_ref,0.8047071577351047,dirichlet_a20_18,dirichlet_a20_18,dirichlet_around_p0|lowQ,box_only,True,False,2.855068733265314e-06,0.41663254110330095,0.39407683989185316,False,False,N_below_support;D_above_support,lower_bound_Q0,131979.52833722436,0.011111175313491957,5.309448408871543,0.0829721656064807,0.032043331032621684,0.004487871222720677,0.32096540752820546,0.0916059459177831,0.004047153436258731,0.17326450879697058,3.3664194290053333e-09,0.011346881443443289,2.2889717108996786e-08,0.05103294233375079,0.10777986664572244,0.002781989219285522,0.0002067121396382795,0.0004367731623962035,0.012724559282315676,0.10430386597627031
0.39407683989185316,2.855068733265314e-06,0.0,74258600.71289083,0.0,0.0,False,False,True,False,35185,8.798686062881276e+21,1.2013139371187236e+21,0.0,1e+22,0.0,0.8798686062881276,0.12013139371187236,0.0,0.0,134664535878657.64,mixture_l1,2.0,1e+22,exponential,4096,mixture,0.8047071577351047,dirichlet_a20_18,dirichlet_a20_18,dirichlet_around_p0|lowQ,box_only,True,False,2.855068733265314e-06,0.39407683989185316,0.39407683989185316,False,False,N_below_support;D_above_support,lower_bound_Q0,134664.53587865765,0.010889635252359637,5.334420768736734,0.0829721656064807,0.032043331032621684,0.004487871222720677,0.32096540752820546,0.0916059459177831,0.004047153436258731,0.17326450879697058,3.3664194290053333e-09,0.011346881443443289,2.2889717108996786e-08,0.05103294233375079,0.10777986664572244,0.002781989219285522,0.0002067121396382795,0.0004367731623962035,0.012724559282315676,0.10430386597627031
0.41663254110330095,2.855068733265314e-06,0.0,80644681.42971689,0.0,0.0,False,False,True,False,35185,7.855048177628823e+21,2.1449518223711774e+21,0.0,1e+22,0.0,0.7855048177628824,0.21449518223711775,0.0,0.0,124000737838057.66,mixture_l1,2.0,1e+22,exponential,8192,fixed_ref,0.8047071577351047,dirichlet_a20_18,dirichlet_a20_18,dirichlet_around_p0|lowQ,box_only,True,False,2.855068733265314e-06,0.41663254110330095,0.39407683989185316,False,False,N_below_support;D_above_support,lower_bound_Q0,124000.73783805766,0.01055779763166591,5.373035786474155,0.0829721656064807,0.032043331032621684,0.004487871222720677,0.32096540752820546,0.0916059459177831,0.004047153436258731,0.17326450879697058,3.3664194290053333e-09,0.011346881443443289,2.2889717108996786e-08,0.05103294233375079,0.10777986664572244,0.002781989219285522,0.0002067121396382795,0.0004367731623962035,0.012724559282315676,0.10430386597627031
0.39407683989185316,2.855068733265314e-06,0.0,79017338.47280005,0.0,0.0,False,False,True,False,35185,7.855048177628822e+21,2.1449518223711774e+21,0.0,1e+22,0.0,0.7855048177628823,0.21449518223711775,0.0,0.0,126554503015085.44,mixture_l1,2.0,1e+22,exponential,8192,mixture,0.8047071577351047,dirichlet_a20_18,dirichlet_a20_18,dirichlet_around_p0|lowQ,box_only,True,False,2.855068733265314e-06,0.39407683989185316,0.39407683989185316,False,False,N_below_support;D_above_support,lower_bound_Q0,126554.50301508544,0.010344750009530798,5.39844685523329,0.0829721656064807,0.032043331032621684,0.004487871222720677,0.32096540752820546,0.0916059459177831,0.004047153436258731,0.17326450879697058,3.3664194290053333e-09,0.011346881443443289,2.2889717108996786e-08,0.05103294233375079,0.10777986664572244,0.002781989219285522,0.0002067121396382795,0.0004367731623962035,0.012724559282315676,0.10430386597627031
0.41663254110330095,2.855068733265314e-06,0.0,105914386.05416906,0.0,0.0,False,False,True,False,35185,4.779505480499618e+21,5.220494519500383e+21,0.0,1e+22,0.0,0.47795054804996184,0.5220494519500383,0.0,0.0,94415880340236.12,mixture_l1,2.0,1e+22,exponential,32768,fixed_ref,0.8047071577351047,dirichlet_a20_18,dirichlet_a20_18,dirichlet_around_p0|lowQ,box_only,True,False,2.855068733265314e-06,0.41663254110330095,0.39407683989185316,False,False,N_below_support;D_above_support,lower_bound_Q0,94415.88034023612,0.008436973143494222,5.6649279064985265,0.0829721656064807,0.032043331032621684,0.004487871222720677,0.32096540752820546,0.0916059459177831,0.004047153436258731,0.17326450879697058,3.3664194290053333e-09,0.011346881443443289,2.2889717108996786e-08,0.05103294233375079,0.10777986664572244,0.002781989219285522,0.0002067121396382795,0.0004367731623962035,0.012724559282315676,0.10430386597627031
0.39407683989185316,2.855068733265314e-06,0.0,103802613.09593497,-2097152.0,-2.097152e-16,False,False,True,False,35185,4.779505480499618e+21,5.220494519500384e+21,0.0,1.0000000000000002e+22,-2097152.0,0.47795054804996184,0.5220494519500384,0.0,-2.097152e-16,96336688468121.16,mixture_l1,2.0,1e+22,exponential,32768,mixture,0.8047071577351047,dirichlet_a20_18,dirichlet_a20_18,dirichlet_around_p0|lowQ,box_only,True,False,2.855068733265314e-06,0.39407683989185316,0.39407683989185316,False,False,N_below_support;D_above_support,lower_bound_Q0,96336.68846812115,0.008268752636370042,5.692352764582929,0.0829721656064807,0.032043331032621684,0.004487871222720677,0.32096540752820546,0.0916059459177831,0.004047153436258731,0.17326450879697058,3.3664194290053333e-09,0.011346881443443289,2.2889717108996786e-08,0.05103294233375079,0.10777986664572244,0.002781989219285522,0.0002067121396382795,0.0004367731623962035,0.012724559282315676,0.10430386597627031
0.41663254110330095,2.855068733265314e-06,0.0,177619256.14180648,0.0,0.0,False,False,True,False,35185,1.8625211085725638e+21,8.137478891427437e+21,0.0,1e+22,0.0,0.18625211085725638,0.8137478891427437,0.0,0.0,56300202000712.5,mixture_l1,2.0,1e+22,exponential,131072,fixed_ref,0.8047071577351047,dirichlet_a20_18,dirichlet_a20_18,dirichlet_around_p0|lowQ,box_only,True,False,2.855068733265314e-06,0.41663254110330095,0.39407683989185316,False,False,N_below_support;D_above_support,lower_bound_Q0,56300.2020007125,0.005513660230884527,6.283670418547367,0.0829721656064807,0.032043331032621684,0.004487871222720677,0.32096540752820546,0.0916059459177831,0.004047153436258731,0.17326450879697058,3.3664194290053333e-09,0.011346881443443289,2.2889717108996786e-08,0.05103294233375079,0.10777986664572244,0.002781989219285522,0.0002067121396382795,0.0004367731623962035,0.012724559282315676,0.10430386597627031
0.39407683989185316,2.855068733265314e-06,0.0,174035046.49064535,-2097152.0,-2.097152e-16,False,False,True,False,35185,1.8625211085725644e+21,8.137478891427438e+21,0.0,1.0000000000000002e+22,-2097152.0,0.18625211085725643,0.8137478891427438,0.0,-2.097152e-16,57459691031470.01,mixture_l1,2.0,1e+22,exponential,131072,mixture,0.8047071577351047,dirichlet_a20_18,dirichlet_a20_18,dirichlet_around_p0|lowQ,box_only,True,False,2.855068733265314e-06,0.39407683989185316,0.39407683989185316,False,False,N_below_support;D_above_support,lower_bound_Q0,57459.69103147001,0.0054023991286705755,6.3153640418405885,0.0829721656064807,0.032043331032621684,0.004487871222720677,0.32096540752820546,0.0916059459177831,0.004047153436258731,0.17326450879697058,3.3664194290053333e-09,0.011346881443443289,2.2889717108996786e-08,0.05103294233375079,0.10777986664572244,0.002781989219285522,0.0002067121396382795,0.0004367731623962035,0.012724559282315676,0.10430386597627031
0.41663254110330095,2.855068733265314e-06,0.0,73240437.11690949,0.0,0.0,False,False,True,False,35185,9.360958562156765e+21,6.390414378432351e+20,0.0,1e+22,0.0,0.9360958562156765,0.06390414378432352,0.0,0.0,136536596361891.95,mixture_l1,2.0,1e+22,power,2048,fixed_ref,0.8047071577351047,dirichlet_a20_18,dirichlet_a20_18,dirichlet_around_p0|lowQ,box_only,True,False,2.855068733265314e-06,0.41663254110330095,0.39407683989185316,False,False,N_below_support;D_above_support,lower_bound_Q0,136536.59636189195,0.011426678282093967,5.275192154591133,0.0829721656064807,0.032043331032621684,0.004487871222720677,0.32096540752820546,0.0916059459177831,0.004047153436258731,0.17326450879697058,3.3664194290053333e-09,0.011346881443443289,2.2889717108996786e-08,0.05103294233375079,0.10777986664572244,0.002781989219285522,0.0002067121396382795,0.0004367731623962035,0.012724559282315676,0.10430386597627031
0.39407683989185316,2.855068733265314e-06,0.0,71780133.37239616,0.0,0.0,False,False,True,False,35185,9.360958562156764e+21,6.390414378432351e+20,0.0,1e+22,0.0,0.9360958562156764,0.06390414378432352,0.0,0.0,139314313448261.31,mixture_l1,2.0,1e+22,power,2048,mixture,0.8047071577351047,dirichlet_a20_18,dirichlet_a20_18,dirichlet_around_p0|lowQ,box_only,True,False,2.855068733265314e-06,0.39407683989185316,0.39407683989185316,False,False,N_below_support;D_above_support,lower_bound_Q0,139314.31344826132,0.011198847568084772,5.299928177730895,0.0829721656064807,0.032043331032621684,0.004487871222720677,0.32096540752820546,0.0916059459177831,0.004047153436258731,0.17326450879697058,3.3664194290053333e-09,0.011346881443443289,2.2889717108996786e-08,0.05103294233375079,0.10777986664572244,0.002781989219285522,0.0002067121396382795,0.0004367731623962035,0.012724559282315676,0.10430386597627031
0.41663254110330095,2.855068733265314e-06,0.0,75769326.69776435,0.0,0.0,False,False,True,False,35185,8.798686062881277e+21,1.2013139371187238e+21,0.0,1e+22,0.0,0.8798686062881277,0.12013139371187238,0.0,0.0,131979528337224.36,mixture_l1,2.0,1e+22,power,4096,fixed_ref,0.8047071577351047,dirichlet_a20_18,dirichlet_a20_18,dirichlet_around_p0|lowQ,box_only,True,False,2.855068733265314e-06,0.41663254110330095,0.39407683989185316,False,False,N_below_support;D_above_support,lower_bound_Q0,131979.52833722436,0.011111175313491957,5.309448408871543,0.0829721656064807,0.032043331032621684,0.004487871222720677,0.32096540752820546,0.0916059459177831,0.004047153436258731,0.17326450879697058,3.3664194290053333e-09,0.011346881443443289,2.2889717108996786e-08,0.05103294233375079,0.10777986664572244,0.002781989219285522,0.0002067121396382795,0.0004367731623962035,0.012724559282315676,0.10430386597627031
0.39407683989185316,2.855068733265314e-06,0.0,74258600.71289083,0.0,0.0,False,False,True,False,35185,8.798686062881276e+21,1.2013139371187236e+21,0.0,1e+22,0.0,0.8798686062881276,0.12013139371187236,0.0,0.0,134664535878657.64,mixture_l1,2.0,1e+22,power,4096,mixture,0.8047071577351047,dirichlet_a20_18,dirichlet_a20_18,dirichlet_around_p0|lowQ,box_only,True,False,2.855068733265314e-06,0.39407683989185316,0.39407683989185316,False,False,N_below_support;D_above_support,lower_bound_Q0,134664.53587865765,0.010889635252359637,5.334420768736734,0.0829721656064807,0.032043331032621684,0.004487871222720677,0.32096540752820546,0.0916059459177831,0.004047153436258731,0.17326450879697058,3.3664194290053333e-09,0.011346881443443289,2.2889717108996786e-08,0.05103294233375079,0.10777986664572244,0.002781989219285522,0.0002067121396382795,0.0004367731623962035,0.012724559282315676,0.10430386597627031
0.41663254110330095,2.855068733265314e-06,0.0,80644681.42971689,0.0,0.0,False,False,True,False,35185,7.855048177628823e+21,2.1449518223711774e+21,0.0,1e+22,0.0,0.7855048177628824,0.21449518223711775,0.0,0.0,124000737838057.66,mixture_l1,2.0,1e+22,power,8192,fixed_ref,0.8047071577351047,dirichlet_a20_18,dirichlet_a20_18,dirichlet_around_p0|lowQ,box_only,True,False,2.855068733265314e-06,0.41663254110330095,0.39407683989185316,False,False,N_below_support;D_above_support,lower_bound_Q0,124000.73783805766,0.01055779763166591,5.373035786474155,0.0829721656064807,0.032043331032621684,0.004487871222720677,0.32096540752820546,0.0916059459177831,0.004047153436258731,0.17326450879697058,3.3664194290053333e-09,0.011346881443443289,2.2889717108996786e-08,0.05103294233375079,0.10777986664572244,0.002781989219285522,0.0002067121396382795,0.0004367731623962035,0.012724559282315676,0.10430386597627031
0.39407683989185316,2.855068733265314e-06,0.0,79017338.47280005,0.0,0.0,False,False,True,False,35185,7.855048177628822e+21,2.1449518223711774e+21,0.0,1e+22,0.0,0.7855048177628823,0.21449518223711775,0.0,0.0,126554503015085.44,mixture_l1,2.0,1e+22,power,8192,mixture,0.8047071577351047,dirichlet_a20_18,dirichlet_a20_18,dirichlet_around_p0|lowQ,box_only,True,False,2.855068733265314e-06,0.39407683989185316,0.39407683989185316,False,False,N_below_support;D_above_support,lower_bound_Q0,126554.50301508544,0.010344750009530798,5.39844685523329,0.0829721656064807,0.032043331032621684,0.004487871222720677,0.32096540752820546,0.0916059459177831,0.004047153436258731,0.17326450879697058,3.3664194290053333e-09,0.011346881443443289,2.2889717108996786e-08,0.05103294233375079,0.10777986664572244,0.002781989219285522,0.0002067121396382795,0.0004367731623962035,0.012724559282315676,0.10430386597627031
0.41663254110330095,2.855068733265314e-06,0.0,105914386.05416906,0.0,0.0,False,False,True,False,35185,4.779505480499618e+21,5.220494519500383e+21,0.0,1e+22,0.0,0.47795054804996184,0.5220494519500383,0.0,0.0,94415880340236.12,mixture_l1,2.0,1e+22,power,32768,fixed_ref,0.8047071577351047,dirichlet_a20_18,dirichlet_a20_18,dirichlet_around_p0|lowQ,box_only,True,False,2.855068733265314e-06,0.41663254110330095,0.39407683989185316,False,False,N_below_support;D_above_support,lower_bound_Q0,94415.88034023612,0.008436973143494222,5.6649279064985265,0.0829721656064807,0.032043331032621684,0.004487871222720677,0.32096540752820546,0.0916059459177831,0.004047153436258731,0.17326450879697058,3.3664194290053333e-09,0.011346881443443289,2.2889717108996786e-08,0.05103294233375079,0.10777986664572244,0.002781989219285522,0.0002067121396382795,0.0004367731623962035,0.012724559282315676,0.10430386597627031
0.39407683989185316,2.855068733265314e-06,0.0,103802613.09593497,-2097152.0,-2.097152e-16,False,False,True,False,35185,4.779505480499618e+21,5.220494519500384e+21,0.0,1.0000000000000002e+22,-2097152.0,0.47795054804996184,0.5220494519500384,0.0,-2.097152e-16,96336688468121.16,mixture_l1,2.0,1e+22,power,32768,mixture,0.8047071577351047,dirichlet_a20_18,dirichlet_a20_18,dirichlet_around_p0|lowQ,box_only,True,False,2.855068733265314e-06,0.39407683989185316,0.39407683989185316,False,False,N_below_support;D_above_support,lower_bound_Q0,96336.68846812115,0.008268752636370042,5.692352764582929,0.0829721656064807,0.032043331032621684,0.004487871222720677,0.32096540752820546,0.0916059459177831,0.004047153436258731,0.17326450879697058,3.3664194290053333e-09,0.011346881443443289,2.2889717108996786e-08,0.05103294233375079,0.10777986664572244,0.002781989219285522,0.0002067121396382795,0.0004367731623962035,0.012724559282315676,0.10430386597627031
0.41663254110330095,2.855068733265314e-06,0.0,177619256.14180648,0.0,0.0,False,False,True,False,35185,1.8625211085725638e+21,8.137478891427437e+21,0.0,1e+22,0.0,0.18625211085725638,0.8137478891427437,0.0,0.0,56300202000712.5,mixture_l1,2.0,1e+22,power,131072,fixed_ref,0.8047071577351047,dirichlet_a20_18,dirichlet_a20_18,dirichlet_around_p0|lowQ,box_only,True,False,2.855068733265314e-06,0.41663254110330095,0.39407683989185316,False,False,N_below_support;D_above_support,lower_bound_Q0,56300.2020007125,0.005513660230884527,6.283670418547367,0.0829721656064807,0.032043331032621684,0.004487871222720677,0.32096540752820546,0.0916059459177831,0.004047153436258731,0.17326450879697058,3.3664194290053333e-09,0.011346881443443289,2.2889717108996786e-08,0.05103294233375079,0.10777986664572244,0.002781989219285522,0.0002067121396382795,0.0004367731623962035,0.012724559282315676,0.10430386597627031
0.39407683989185316,2.855068733265314e-06,0.0,174035046.49064535,-2097152.0,-2.097152e-16,False,False,True,False,35185,1.8625211085725644e+21,8.137478891427438e+21,0.0,1.0000000000000002e+22,-2097152.0,0.18625211085725643,0.8137478891427438,0.0,-2.097152e-16,57459691031470.01,mixture_l1,2.0,1e+22,power,131072,mixture,0.8047071577351047,dirichlet_a20_18,dirichlet_a20_18,dirichlet_around_p0|lowQ,box_only,True,False,2.855068733265314e-06,0.39407683989185316,0.39407683989185316,False,False,N_below_support;D_above_support,lower_bound_Q0,57459.69103147001,0.0054023991286705755,6.3153640418405885,0.0829721656064807,0.032043331032621684,0.004487871222720677,0.32096540752820546,0.0916059459177831,0.004047153436258731,0.17326450879697058,3.3664194290053333e-09,0.011346881443443289,2.2889717108996786e-08,0.05103294233375079,0.10777986664572244,0.002781989219285522,0.0002067121396382795,0.0004367731623962035,0.012724559282315676,0.10430386597627031
0.41663254110330095,2.855068733265314e-06,0.0,73240437.11690949,0.0,0.0,False,False,True,False,35185,9.360958562156765e+21,6.390414378432351e+20,0.0,1e+22,0.0,0.9360958562156765,0.06390414378432352,0.0,0.0,136536596361891.95,mixture_l1,2.0,1e+22,logarithmic,2048,fixed_ref,0.8047071577351047,dirichlet_a20_18,dirichlet_a20_18,dirichlet_around_p0|lowQ,box_only,True,False,2.855068733265314e-06,0.41663254110330095,0.39407683989185316,False,False,N_below_support;D_above_support,lower_bound_Q0,136536.59636189195,0.011426678282093967,5.275192154591133,0.0829721656064807,0.032043331032621684,0.004487871222720677,0.32096540752820546,0.0916059459177831,0.004047153436258731,0.17326450879697058,3.3664194290053333e-09,0.011346881443443289,2.2889717108996786e-08,0.05103294233375079,0.10777986664572244,0.002781989219285522,0.0002067121396382795,0.0004367731623962035,0.012724559282315676,0.10430386597627031
0.39407683989185316,2.855068733265314e-06,0.0,71780133.37239616,0.0,0.0,False,False,True,False,35185,9.360958562156764e+21,6.390414378432351e+20,0.0,1e+22,0.0,0.9360958562156764,0.06390414378432352,0.0,0.0,139314313448261.31,mixture_l1,2.0,1e+22,logarithmic,2048,mixture,0.8047071577351047,dirichlet_a20_18,dirichlet_a20_18,dirichlet_around_p0|lowQ,box_only,True,False,2.855068733265314e-06,0.39407683989185316,0.39407683989185316,False,False,N_below_support;D_above_support,lower_bound_Q0,139314.31344826132,0.011198847568084772,5.299928177730895,0.0829721656064807,0.032043331032621684,0.004487871222720677,0.32096540752820546,0.0916059459177831,0.004047153436258731,0.17326450879697058,3.3664194290053333e-09,0.011346881443443289,2.2889717108996786e-08,0.05103294233375079,0.10777986664572244,0.002781989219285522,0.0002067121396382795,0.0004367731623962035,0.012724559282315676,0.10430386597627031
0.41663254110330095,2.855068733265314e-06,0.0,75769326.69776435,0.0,0.0,False,False,True,False,35185,8.798686062881277e+21,1.2013139371187238e+21,0.0,1e+22,0.0,0.8798686062881277,0.12013139371187238,0.0,0.0,131979528337224.36,mixture_l1,2.0,1e+22,logarithmic,4096,fixed_ref,0.8047071577351047,dirichlet_a20_18,dirichlet_a20_18,dirichlet_around_p0|lowQ,box_only,True,False,2.855068733265314e-06,0.41663254110330095,0.39407683989185316,False,False,N_below_support;D_above_support,lower_bound_Q0,131979.52833722436,0.011111175313491957,5.309448408871543,0.0829721656064807,0.032043331032621684,0.004487871222720677,0.32096540752820546,0.0916059459177831,0.004047153436258731,0.17326450879697058,3.3664194290053333e-09,0.011346881443443289,2.2889717108996786e-08,0.05103294233375079,0.10777986664572244,0.002781989219285522,0.0002067121396382795,0.0004367731623962035,0.012724559282315676,0.10430386597627031
0.39407683989185316,2.855068733265314e-06,0.0,74258600.71289083,0.0,0.0,False,False,True,False,35185,8.798686062881276e+21,1.2013139371187236e+21,0.0,1e+22,0.0,0.8798686062881276,0.12013139371187236,0.0,0.0,134664535878657.64,mixture_l1,2.0,1e+22,logarithmic,4096,mixture,0.8047071577351047,dirichlet_a20_18,dirichlet_a20_18,dirichlet_around_p0|lowQ,box_only,True,False,2.855068733265314e-06,0.39407683989185316,0.39407683989185316,False,False,N_below_support;D_above_support,lower_bound_Q0,134664.53587865765,0.010889635252359637,5.334420768736734,0.0829721656064807,0.032043331032621684,0.004487871222720677,0.32096540752820546,0.0916059459177831,0.004047153436258731,0.17326450879697058,3.3664194290053333e-09,0.011346881443443289,2.2889717108996786e-08,0.05103294233375079,0.10777986664572244,0.002781989219285522,0.0002067121396382795,0.0004367731623962035,0.012724559282315676,0.10430386597627031
0.41663254110330095,2.855068733265314e-06,0.0,80644681.42971689,0.0,0.0,False,False,True,False,35185,7.855048177628823e+21,2.1449518223711774e+21,0.0,1e+22,0.0,0.7855048177628824,0.21449518223711775,0.0,0.0,124000737838057.66,mixture_l1,2.0,1e+22,logarithmic,8192,fixed_ref,0.8047071577351047,dirichlet_a20_18,dirichlet_a20_18,dirichlet_around_p0|lowQ,box_only,True,False,2.855068733265314e-06,0.41663254110330095,0.39407683989185316,False,False,N_below_support;D_above_support,lower_bound_Q0,124000.73783805766,0.01055779763166591,5.373035786474155,0.0829721656064807,0.032043331032621684,0.004487871222720677,0.32096540752820546,0.0916059459177831,0.004047153436258731,0.17326450879697058,3.3664194290053333e-09,0.011346881443443289,2.2889717108996786e-08,0.05103294233375079,0.10777986664572244,0.002781989219285522,0.0002067121396382795,0.0004367731623962035,0.012724559282315676,0.10430386597627031
0.39407683989185316,2.855068733265314e-06,0.0,79017338.47280005,0.0,0.0,False,False,True,False,35185,7.855048177628822e+21,2.1449518223711774e+21,0.0,1e+22,0.0,0.7855048177628823,0.21449518223711775,0.0,0.0,126554503015085.44,mixture_l1,2.0,1e+22,logarithmic,8192,mixture,0.8047071577351047,dirichlet_a20_18,dirichlet_a20_18,dirichlet_around_p0|lowQ,box_only,True,False,2.855068733265314e-06,0.39407683989185316,0.39407683989185316,False,False,N_below_support;D_above_support,lower_bound_Q0,126554.50301508544,0.010344750009530798,5.39844685523329,0.0829721656064807,0.032043331032621684,0.004487871222720677,0.32096540752820546,0.0916059459177831,0.004047153436258731,0.17326450879697058,3.3664194290053333e-09,0.011346881443443289,2.2889717108996786e-08,0.05103294233375079,0.10777986664572244,0.002781989219285522,0.0002067121396382795,0.0004367731623962035,0.012724559282315676,0.10430386597627031
0.41663254110330095,2.855068733265314e-06,0.0,105914386.05416906,0.0,0.0,False,False,True,False,35185,4.779505480499618e+21,5.220494519500383e+21,0.0,1e+22,0.0,0.47795054804996184,0.5220494519500383,0.0,0.0,94415880340236.12,mixture_l1,2.0,1e+22,logarithmic,32768,fixed_ref,0.8047071577351047,dirichlet_a20_18,dirichlet_a20_18,dirichlet_around_p0|lowQ,box_only,True,False,2.855068733265314e-06,0.41663254110330095,0.39407683989185316,False,False,N_below_support;D_above_support,lower_bound_Q0,94415.88034023612,0.008436973143494222,5.6649279064985265,0.0829721656064807,0.032043331032621684,0.004487871222720677,0.32096540752820546,0.0916059459177831,0.004047153436258731,0.17326450879697058,3.3664194290053333e-09,0.011346881443443289,2.2889717108996786e-08,0.05103294233375079,0.10777986664572244,0.002781989219285522,0.0002067121396382795,0.0004367731623962035,0.012724559282315676,0.10430386597627031
0.39407683989185316,2.855068733265314e-06,0.0,103802613.09593497,-2097152.0,-2.097152e-16,False,False,True,False,35185,4.779505480499618e+21,5.220494519500384e+21,0.0,1.0000000000000002e+22,-2097152.0,0.47795054804996184,0.5220494519500384,0.0,-2.097152e-16,96336688468121.16,mixture_l1,2.0,1e+22,logarithmic,32768,mixture,0.8047071577351047,dirichlet_a20_18,dirichlet_a20_18,dirichlet_around_p0|lowQ,box_only,True,False,2.855068733265314e-06,0.39407683989185316,0.39407683989185316,False,False,N_below_support;D_above_support,lower_bound_Q0,96336.68846812115,0.008268752636370042,5.692352764582929,0.0829721656064807,0.032043331032621684,0.004487871222720677,0.32096540752820546,0.0916059459177831,0.004047153436258731,0.17326450879697058,3.3664194290053333e-09,0.011346881443443289,2.2889717108996786e-08,0.05103294233375079,0.10777986664572244,0.002781989219285522,0.0002067121396382795,0.0004367731623962035,0.012724559282315676,0.10430386597627031
0.41663254110330095,2.855068733265314e-06,0.0,177619256.14180648,0.0,0.0,False,False,True,False,35185,1.8625211085725638e+21,8.137478891427437e+21,0.0,1e+22,0.0,0.18625211085725638,0.8137478891427437,0.0,0.0,56300202000712.5,mixture_l1,2.0,1e+22,logarithmic,131072,fixed_ref,0.8047071577351047,dirichlet_a20_18,dirichlet_a20_18,dirichlet_around_p0|lowQ,box_only,True,False,2.855068733265314e-06,0.41663254110330095,0.39407683989185316,False,False,N_below_support;D_above_support,lower_bound_Q0,56300.2020007125,0.005513660230884527,6.283670418547367,0.0829721656064807,0.032043331032621684,0.004487871222720677,0.32096540752820546,0.0916059459177831,0.004047153436258731,0.17326450879697058,3.3664194290053333e-09,0.011346881443443289,2.2889717108996786e-08,0.05103294233375079,0.10777986664572244,0.002781989219285522,0.0002067121396382795,0.0004367731623962035,0.012724559282315676,0.10430386597627031
0.39407683989185316,2.855068733265314e-06,0.0,174035046.49064535,-2097152.0,-2.097152e-16,False,False,True,False,35185,1.8625211085725644e+21,8.137478891427438e+21,0.0,1.0000000000000002e+22,-2097152.0,0.18625211085725643,0.8137478891427438,0.0,-2.097152e-16,57459691031470.01,mixture_l1,2.0,1e+22,logarithmic,131072,mixture,0.8047071577351047,dirichlet_a20_18,dirichlet_a20_18,dirichlet_around_p0|lowQ,box_only,True,False,2.855068733265314e-06,0.39407683989185316,0.39407683989185316,False,False,N_below_support;D_above_support,lower_bound_Q0,57459.69103147001,0.0054023991286705755,6.3153640418405885,0.0829721656064807,0.032043331032621684,0.004487871222720677,0.32096540752820546,0.0916059459177831,0.004047153436258731,0.17326450879697058,3.3664194290053333e-09,0.011346881443443289,2.2889717108996786e-08,0.05103294233375079,0.10777986664572244,0.002781989219285522,0.0002067121396382795,0.0004367731623962035,0.012724559282315676,0.10430386597627031
0.5113091905658426,2.855068733265314e-06,93157480.88912591,819471222.5044451,134217728.0,1.3421772800000001e-16,False,False,False,False,35185,8.296804880599889e+23,5.663952131822858e+22,1.1367999062178244e+23,9.999999999999998e+23,134217728.0,0.8296804880599888,0.05663952131822858,0.11367999062178244,1.3421772800000001e-16,1220299105737756.0,mixture_l1,2.0,1e+24,exponential,2048,fixed_ref,0.8047071577351047,dirichlet_a20_18,dirichlet_a20_18,dirichlet_around_p0|lowQ,box_only,True,False,2.855068733265314e-06,0.41663254110330095,0.39407683989185316,True,False,D_above_support;Q_above_A_supported,interior,1220299.105737756,0.11331654730643397,3.449193278058403,0.0829721656064807,0.032043331032621684,0.004487871222720677,0.32096540752820546,0.0916059459177831,0.004047153436258731,0.17326450879697058,3.3664194290053333e-09,0.011346881443443289,2.2889717108996786e-08,0.05103294233375079,0.10777986664572244,0.002781989219285522,0.0002067121396382795,0.0004367731623962035,0.012724559282315676,0.10430386597627031
0.5189778006288124,2.855068733265314e-06,118696063.72641756,870972735.1488012,0.0,0.0,False,False,False,False,35185,8.085248210736538e+23,5.519529445196143e+22,1.3627988447438478e+23,1e+24,0.0,0.8085248210736539,0.05519529445196143,0.1362798844743848,0.0,1148141565911538.2,mixture_l1,2.0,1e+24,exponential,2048,mixture,0.8047071577351047,dirichlet_a20_18,dirichlet_a20_18,dirichlet_around_p0|lowQ,box_only,True,False,2.855068733265314e-06,0.39407683989185316,0.39407683989185316,True,False,D_above_support;Q_above_A_supported,interior,1148141.5659115382,0.11736717914103588,3.4544225051542803,0.0829721656064807,0.032043331032621684,0.004487871222720677,0.32096540752820546,0.0916059459177831,0.004047153436258731,0.17326450879697058,3.3664194290053333e-09,0.011346881443443289,2.2889717108996786e-08,0.05103294233375079,0.10777986664572244,0.002781989219285522,0.0002067121396382795,0.0004367731623962035,0.012724559282315676,0.10430386597627031
0.5172984298105153,2.855068733265314e-06,101022542.34327689,859460560.4708517,0.0,0.0,False,False,False,False,35185,7.764472654803932e+23,1.060109333135897e+23,1.1754180120601709e+23,1e+24,0.0,0.7764472654803932,0.1060109333135897,0.1175418012060171,0.0,1163520522049498.5,mixture_l1,2.0,1e+24,exponential,4096,fixed_ref,0.8047071577351047,dirichlet_a20_18,dirichlet_a20_18,dirichlet_around_p0|lowQ,box_only,True,False,2.855068733265314e-06,0.41663254110330095,0.39407683989185316,True,False,D_above_support;Q_above_A_supported,interior,1163520.5220494985,0.11122096699430649,3.4648734707603284,0.0829721656064807,0.032043331032621684,0.004487871222720677,0.32096540752820546,0.0916059459177831,0.004047153436258731,0.17326450879697058,3.3664194290053333e-09,0.011346881443443289,2.2889717108996786e-08,0.05103294233375079,0.10777986664572244,0.002781989219285522,0.0002067121396382795,0.0004367731623962035,0.012724559282315676,0.10430386597627031
0.5245684516527437,2.855068733265314e-06,126374152.55188821,910381431.2892747,0.0,0.0,False,False,False,False,35185,7.57730076596015e+23,1.034554131245759e+23,1.3881451027940912e+23,1e+24,0.0,0.757730076596015,0.10345541312457592,0.1388145102794091,0.0,1098440681708334.2,mixture_l1,2.0,1e+24,exponential,4096,mixture,0.8047071577351047,dirichlet_a20_18,dirichlet_a20_18,dirichlet_around_p0|lowQ,box_only,True,False,2.855068733265314e-06,0.39407683989185316,0.39407683989185316,True,False,D_above_support;Q_above_A_supported,interior,1098440.6817083342,0.11497056527706863,3.4699199700494012,0.0829721656064807,0.032043331032621684,0.004487871222720677,0.32096540752820546,0.0916059459177831,0.004047153436258731,0.17326450879697058,3.3664194290053333e-09,0.011346881443443289,2.2889717108996786e-08,0.05103294233375079,0.10777986664572244,0.002781989219285522,0.0002067121396382795,0.0004367731623962035,0.012724559282315676,0.10430386597627031
0.5280790604509265,2.855068733265314e-06,115911906.53868487,935940628.3826177,-268435456.0,-2.6843545600000003e-16,False,False,False,False,35185,6.882236887455871e+23,1.8793094860679497e+23,1.2384536264761813e+23,1.0000000000000003e+24,-268435456.0,0.688223688745587,0.18793094860679496,0.12384536264761813,-2.6843545600000003e-16,1068443841067229.0,mixture_l1,2.0,1e+24,exponential,8192,fixed_ref,0.8047071577351047,dirichlet_a20_18,dirichlet_a20_18,dirichlet_around_p0|lowQ,box_only,True,False,2.855068733265314e-06,0.41663254110330095,0.39407683989185316,True,False,D_above_support;Q_above_A_supported,interior,1068443.841067229,0.1073560852853913,3.4938544190422665,0.0829721656064807,0.032043331032621684,0.004487871222720677,0.32096540752820546,0.0916059459177831,0.004047153436258731,0.17326450879697058,3.3664194290053333e-09,0.011346881443443289,2.2889717108996786e-08,0.05103294233375079,0.10777986664572244,0.002781989219285522,0.0002067121396382795,0.0004367731623962035,0.012724559282315676,0.10430386597627031
0.5346671709878794,2.855068733265314e-06,140913487.6220808,985885642.1791649,-134217728.0,-1.3421772800000001e-16,False,False,False,False,35185,6.73231934702882e+23,1.8383720030286698e+23,1.4293086499425114e+23,1.0000000000000001e+24,-134217728.0,0.673231934702882,0.183837200302867,0.14293086499425114,-1.3421772800000001e-16,1014316424965513.5,mixture_l1,2.0,1e+24,exponential,8192,mixture,0.8047071577351047,dirichlet_a20_18,dirichlet_a20_18,dirichlet_around_p0|lowQ,box_only,True,False,2.855068733265314e-06,0.39407683989185316,0.39407683989185316,True,False,D_above_support;Q_above_A_supported,interior,1014316.4249655135,0.11062161638001207,3.4985896003242676,0.0829721656064807,0.032043331032621684,0.004487871222720677,0.32096540752820546,0.0916059459177831,0.004047153436258731,0.17326450879697058,3.3664194290053333e-09,0.011346881443443289,2.2889717108996786e-08,0.05103294233375079,0.10777986664572244,0.002781989219285522,0.0002067121396382795,0.0004367731623962035,0.012724559282315676,0.10430386597627031
0.57253943905164,2.855068733265314e-06,188587567.22069237,1325084548.3525326,0.0,0.0,False,False,False,False,35185,4.099280726384088e+23,4.47750769473846e+23,1.4232115788774523e+23,1e+24,0.0,0.4099280726384088,0.447750769473846,0.14232115788774524,0.0,754668825655911.8,mixture_l1,2.0,1e+24,exponential,32768,fixed_ref,0.8047071577351047,dirichlet_a20_18,dirichlet_a20_18,dirichlet_around_p0|lowQ,box_only,True,False,2.855068733265314e-06,0.41663254110330095,0.39407683989185316,True,False,D_above_support;Q_above_A_supported,interior,754668.8256559117,0.09053155916484835,3.6252312804638827,0.0829721656064807,0.032043331032621684,0.004487871222720677,0.32096540752820546,0.0916059459177831,0.004047153436258731,0.17326450879697058,3.3664194290053333e-09,0.011346881443443289,2.2889717108996786e-08,0.05103294233375079,0.10777986664572244,0.002781989219285522,0.0002067121396382795,0.0004367731623962035,0.012724559282315676,0.10430386597627031
0.5770494762935773,2.855068733265314e-06,212518359.2943086,1372136372.9347482,134217728.0,1.3421772800000001e-16,False,False,False,False,35185,4.039249130628599e+23,4.4119371837479306e+23,1.5488136856234687e+23,9.999999999999998e+23,134217728.0,0.4039249130628599,0.44119371837479304,0.15488136856234688,1.3421772800000001e-16,728790534035026.9,mixture_l1,2.0,1e+24,exponential,32768,mixture,0.8047071577351047,dirichlet_a20_18,dirichlet_a20_18,dirichlet_around_p0|lowQ,box_only,True,False,2.855068733265314e-06,0.39407683989185316,0.39407683989185316,True,False,D_above_support;Q_above_A_supported,interior,728790.5340350269,0.09237334419134269,3.6288753859468947,0.0829721656064807,0.032043331032621684,0.004487871222720677,0.32096540752820546,0.0916059459177831,0.004047153436258731,0.17326450879697058,3.3664194290053333e-09,0.011346881443443289,2.2889717108996786e-08,0.05103294233375079,0.10777986664572244,0.002781989219285522,0.0002067121396382795,0.0004367731623962035,0.012724559282315676,0.10430386597627031
0.6506951220782272,2.855068733265314e-06,374289239.70855486,2406880467.510832,0.0,0.0,False,False,False,False,35185,1.572884120330387e+23,6.872035580664817e+23,1.5550802990047963e+23,1e+24,0.0,0.1572884120330387,0.6872035580664817,0.15550802990047963,0.0,415475555806968.9,mixture_l1,2.0,1e+24,exponential,131072,fixed_ref,0.8047071577351047,dirichlet_a20_18,dirichlet_a20_18,dirichlet_around_p0|lowQ,box_only,True,False,2.855068733265314e-06,0.41663254110330095,0.39407683989185316,False,False,N_below_support;D_above_support;Q_above_A_supported,interior,415475.5558069689,0.06309573444801943,3.898005176524341,0.0829721656064807,0.032043331032621684,0.004487871222720677,0.32096540752820546,0.0916059459177831,0.004047153436258731,0.17326450879697058,3.3664194290053333e-09,0.011346881443443289,2.2889717108996786e-08,0.05103294233375079,0.10777986664572244,0.002781989219285522,0.0002067121396382795,0.0004367731623962035,0.012724559282315676,0.10430386597627031
0.6530887933994156,2.855068733265314e-06,396882458.2867087,2450549564.052828,-134217728.0,-1.3421772800000001e-16,False,False,False,False,35185,1.5608736875105553e+23,6.81956119897945e+23,1.6195651135099952e+23,1.0000000000000001e+24,-134217728.0,0.15608736875105553,0.681956119897945,0.16195651135099953,-1.3421772800000001e-16,408071729978052.56,mixture_l1,2.0,1e+24,exponential,131072,mixture,0.8047071577351047,dirichlet_a20_18,dirichlet_a20_18,dirichlet_around_p0|lowQ,box_only,True,False,2.855068733265314e-06,0.39407683989185316,0.39407683989185316,False,False,N_below_support;D_above_support;Q_above_A_supported,interior,408071.72997805255,0.06374997224117536,3.9003241061376177,0.0829721656064807,0.032043331032621684,0.004487871222720677,0.32096540752820546,0.0916059459177831,0.004047153436258731,0.17326450879697058,3.3664194290053333e-09,0.011346881443443289,2.2889717108996786e-08,0.05103294233375079,0.10777986664572244,0.002781989219285522,0.0002067121396382795,0.0004367731623962035,0.012724559282315676,0.10430386597627031
0.41663254110330095,2.855068733265314e-06,0.0,585999970.6686714,134217728.0,1.3421772800000001e-16,False,False,True,False,35185,9.360958562156764e+23,6.390414378432351e+22,0.0,9.999999999999998e+23,134217728.0,0.9360958562156764,0.0639041437843235,0.0,1.3421772800000001e-16,1706484727053693.2,mixture_l1,2.0,1e+24,power,2048,fixed_ref,0.8047071577351047,dirichlet_a20_18,dirichlet_a20_18,dirichlet_around_p0|lowQ,box_only,True,False,2.855068733265314e-06,0.41663254110330095,0.39407683989185316,True,False,D_above_support,lower_bound_Q0,1706484.7270536933,0.09142535738090854,3.4579636123894004,0.0829721656064807,0.032043331032621684,0.004487871222720677,0.32096540752820546,0.0916059459177831,0.004047153436258731,0.17326450879697058,3.3664194290053333e-09,0.011346881443443289,2.2889717108996786e-08,0.05103294233375079,0.10777986664572244,0.002781989219285522,0.0002067121396382795,0.0004367731623962035,0.012724559282315676,0.10430386597627031
0.39407683989185316,2.855068733265314e-06,0.0,574316015.941776,-134217728.0,-1.3421772800000001e-16,False,False,True,False,35185,9.360958562156766e+23,6.390414378432352e+22,0.0,1.0000000000000001e+24,-134217728.0,0.9360958562156767,0.06390414378432352,0.0,-1.3421772800000001e-16,1741201659438624.5,mixture_l1,2.0,1e+24,power,2048,mixture,0.8047071577351047,dirichlet_a20_18,dirichlet_a20_18,dirichlet_around_p0|lowQ,box_only,True,False,2.855068733265314e-06,0.39407683989185316,0.39407683989185316,True,False,D_above_support,lower_bound_Q0,1741201.6594386245,0.08960247378023216,3.470162383575844,0.0829721656064807,0.032043331032621684,0.004487871222720677,0.32096540752820546,0.0916059459177831,0.004047153436258731,0.17326450879697058,3.3664194290053333e-09,0.011346881443443289,2.2889717108996786e-08,0.05103294233375079,0.10777986664572244,0.002781989219285522,0.0002067121396382795,0.0004367731623962035,0.012724559282315676,0.10430386597627031
0.41663254110330095,2.855068733265314e-06,0.0,606233727.8462772,0.0,0.0,False,False,True,False,35185,8.798686062881277e+23,1.2013139371187236e+23,0.0,1e+24,0.0,0.8798686062881277,0.12013139371187236,0.0,0.0,1649528810534227.0,mixture_l1,2.0,1e+24,power,4096,fixed_ref,0.8047071577351047,dirichlet_a20_18,dirichlet_a20_18,dirichlet_around_p0|lowQ,box_only,True,False,2.855068733265314e-06,0.41663254110330095,0.39407683989185316,True,False,D_above_support,lower_bound_Q0,1649528.810534227,0.08890100420082668,3.47485735727005,0.0829721656064807,0.032043331032621684,0.004487871222720677,0.32096540752820546,0.0916059459177831,0.004047153436258731,0.17326450879697058,3.3664194290053333e-09,0.011346881443443289,2.2889717108996786e-08,0.05103294233375079,0.10777986664572244,0.002781989219285522,0.0002067121396382795,0.0004367731623962035,0.012724559282315676,0.10430386597627031
0.39407683989185316,2.855068733265314e-06,0.0,594146342.5483047,0.0,0.0,False,False,True,False,35185,8.798686062881277e+23,1.2013139371187238e+23,0.0,1e+24,0.0,0.8798686062881277,0.12013139371187238,0.0,0.0,1683087024841357.2,mixture_l1,2.0,1e+24,power,4096,mixture,0.8047071577351047,dirichlet_a20_18,dirichlet_a20_18,dirichlet_around_p0|lowQ,box_only,True,False,2.855068733265314e-06,0.39407683989185316,0.39407683989185316,True,False,D_above_support,lower_bound_Q0,1683087.0248413573,0.08712845239152754,3.4871726798284337,0.0829721656064807,0.032043331032621684,0.004487871222720677,0.32096540752820546,0.0916059459177831,0.004047153436258731,0.17326450879697058,3.3664194290053333e-09,0.011346881443443289,2.2889717108996786e-08,0.05103294233375079,0.10777986664572244,0.002781989219285522,0.0002067121396382795,0.0004367731623962035,0.012724559282315676,0.10430386597627031
0.41663254110330095,2.855068733265314e-06,0.0,645083198.5383867,134217728.0,1.3421772800000001e-16,False,False,True,False,35185,7.855048177628821e+23,2.144951822371177e+23,0.0,9.999999999999998e+23,134217728.0,0.7855048177628822,0.21449518223711772,0.0,1.3421772800000001e-16,1550187638223681.5,mixture_l1,2.0,1e+24,power,8192,fixed_ref,0.8047071577351047,dirichlet_a20_18,dirichlet_a20_18,dirichlet_around_p0|lowQ,box_only,True,False,2.855068733265314e-06,0.41663254110330095,0.39407683989185316,True,False,D_above_support,lower_bound_Q0,1550187.6382236816,0.0844526600516321,3.5062159850019277,0.0829721656064807,0.032043331032621684,0.004487871222720677,0.32096540752820546,0.0916059459177831,0.004047153436258731,0.17326450879697058,3.3664194290053333e-09,0.011346881443443289,2.2889717108996786e-08,0.05103294233375079,0.10777986664572244,0.002781989219285522,0.0002067121396382795,0.0004367731623962035,0.012724559282315676,0.10430386597627031
0.4048655037319654,2.855068733265314e-06,13757298.91778776,667774339.3000276,-134217728.0,-1.3421772800000001e-16,False,False,False,False,35185,7.693220686763363e+23,2.100762128865516e+23,2.0601718437112147e+22,1.0000000000000001e+24,-134217728.0,0.7693220686763363,0.2100762128865516,0.020601718437112147,-1.3421772800000001e-16,1497511870624164.8,mixture_l1,2.0,1e+24,power,8192,mixture,0.8047071577351047,dirichlet_a20_18,dirichlet_a20_18,dirichlet_around_p0|lowQ,box_only,True,False,2.855068733265314e-06,0.39407683989185316,0.39407683989185316,True,False,D_above_support,interior,1497511.8706241648,0.0856222560198785,3.518587618061358,0.0829721656064807,0.032043331032621684,0.004487871222720677,0.32096540752820546,0.0916059459177831,0.004047153436258731,0.17326450879697058,3.3664194290053333e-09,0.011346881443443289,2.2889717108996786e-08,0.05103294233375079,0.10777986664572244,0.002781989219285522,0.0002067121396382795,0.0004367731623962035,0.012724559282315676,0.10430386597627031
0.44239404808817917,2.855068733265314e-06,40862177.01900947,951966875.8987286,0.0,0.0,False,False,False,False,35185,4.574350234080857e+23,4.996410282345384e+23,4.292394835737587e+22,1e+24,0.0,0.45743502340808573,0.49964102823453843,0.04292394835737587,0.0,1050456717893597.4,mixture_l1,2.0,1e+24,power,32768,fixed_ref,0.8047071577351047,dirichlet_a20_18,dirichlet_a20_18,dirichlet_around_p0|lowQ,box_only,True,False,2.855068733265314e-06,0.41663254110330095,0.39407683989185316,True,False,D_above_support,interior,1050456.7178935974,0.07257716502674286,3.6493046873808694,0.0829721656064807,0.032043331032621684,0.004487871222720677,0.32096540752820546,0.0916059459177831,0.004047153436258731,0.17326450879697058,3.3664194290053333e-09,0.011346881443443289,2.2889717108996786e-08,0.05103294233375079,0.10777986664572244,0.002781989219285522,0.0002067121396382795,0.0004367731623962035,0.012724559282315676,0.10430386597627031
0.4553477898419889,2.855068733265314e-06,94367614.47171709,1068418442.2982699,134217728.0,1.3421772800000001e-16,False,False,False,False,35185,4.357357647129166e+23,4.7593965127042846e+23,8.832458401665489e+22,9.999999999999998e+23,134217728.0,0.43573576471291664,0.4759396512704285,0.08832458401665488,1.3421772800000001e-16,935962877848593.4,mixture_l1,2.0,1e+24,power,32768,mixture,0.8047071577351047,dirichlet_a20_18,dirichlet_a20_18,dirichlet_around_p0|lowQ,box_only,True,False,2.855068733265314e-06,0.39407683989185316,0.39407683989185316,True,False,D_above_support,interior,935962.8778485934,0.07759135449803664,3.6585559101146052,0.0829721656064807,0.032043331032621684,0.004487871222720677,0.32096540752820546,0.0916059459177831,0.004047153436258731,0.17326450879697058,3.3664194290053333e-09,0.011346881443443289,2.2889717108996786e-08,0.05103294233375079,0.10777986664572244,0.002781989219285522,0.0002067121396382795,0.0004367731623962035,0.012724559282315676,0.10430386597627031
0.5396064014387252,2.855068733265314e-06,273259878.40672493,2107079915.0494144,0.0,0.0,False,False,False,False,35185,1.620977212670276e+23,7.082157507303947e+23,1.296865280025777e+23,1e+24,0.0,0.1620977212670276,0.7082157507303947,0.1296865280025777,0.0,474590447594176.0,mixture_l1,2.0,1e+24,power,131072,fixed_ref,0.8047071577351047,dirichlet_a20_18,dirichlet_a20_18,dirichlet_around_p0|lowQ,box_only,True,False,2.855068733265314e-06,0.41663254110330095,0.39407683989185316,False,False,N_below_support;D_above_support;Q_above_A_supported,interior,474590.447594176,0.05692547545950537,3.9366884973652825,0.0829721656064807,0.032043331032621684,0.004487871222720677,0.32096540752820546,0.0916059459177831,0.004047153436258731,0.17326450879697058,3.3664194290053333e-09,0.011346881443443289,2.2889717108996786e-08,0.05103294233375079,0.10777986664572244,0.002781989219285522,0.0002067121396382795,0.0004367731623962035,0.012724559282315676,0.10430386597627031
0.545929262790423,2.855068733265314e-06,323550411.1027295,2207590098.246109,-134217728.0,-1.3421772800000001e-16,False,False,False,False,35185,1.589544947443315e+23,6.944827845043006e+23,1.4656272075136799e+23,1.0000000000000001e+24,-134217728.0,0.15895449474433151,0.6944827845043006,0.14656272075136798,-1.3421772800000001e-16,452982644193993.3,mixture_l1,2.0,1e+24,power,131072,mixture,0.8047071577351047,dirichlet_a20_18,dirichlet_a20_18,dirichlet_around_p0|lowQ,box_only,True,False,2.855068733265314e-06,0.39407683989185316,0.39407683989185316,False,False,N_below_support;D_above_support;Q_above_A_supported,interior,452982.6441939933,0.05848439477821657,3.941822254068142,0.0829721656064807,0.032043331032621684,0.004487871222720677,0.32096540752820546,0.0916059459177831,0.004047153436258731,0.17326450879697058,3.3664194290053333e-09,0.011346881443443289,2.2889717108996786e-08,0.05103294233375079,0.10777986664572244,0.002781989219285522,0.0002067121396382795,0.0004367731623962035,0.012724559282315676,0.10430386597627031
0.41663254110330095,2.855068733265314e-06,0.0,585999970.6686714,134217728.0,1.3421772800000001e-16,False,False,True,False,35185,9.360958562156764e+23,6.390414378432351e+22,0.0,9.999999999999998e+23,134217728.0,0.9360958562156764,0.0639041437843235,0.0,1.3421772800000001e-16,1706484727053693.2,mixture_l1,2.0,1e+24,logarithmic,2048,fixed_ref,0.8047071577351047,dirichlet_a20_18,dirichlet_a20_18,dirichlet_around_p0|lowQ,box_only,True,False,2.855068733265314e-06,0.41663254110330095,0.39407683989185316,True,False,D_above_support,lower_bound_Q0,1706484.7270536933,0.09142535738090854,3.4579636123894004,0.0829721656064807,0.032043331032621684,0.004487871222720677,0.32096540752820546,0.0916059459177831,0.004047153436258731,0.17326450879697058,3.3664194290053333e-09,0.011346881443443289,2.2889717108996786e-08,0.05103294233375079,0.10777986664572244,0.002781989219285522,0.0002067121396382795,0.0004367731623962035,0.012724559282315676,0.10430386597627031
0.39407683989185316,2.855068733265314e-06,0.0,574316015.941776,-134217728.0,-1.3421772800000001e-16,False,False,True,False,35185,9.360958562156766e+23,6.390414378432352e+22,0.0,1.0000000000000001e+24,-134217728.0,0.9360958562156767,0.06390414378432352,0.0,-1.3421772800000001e-16,1741201659438624.5,mixture_l1,2.0,1e+24,logarithmic,2048,mixture,0.8047071577351047,dirichlet_a20_18,dirichlet_a20_18,dirichlet_around_p0|lowQ,box_only,True,False,2.855068733265314e-06,0.39407683989185316,0.39407683989185316,True,False,D_above_support,lower_bound_Q0,1741201.6594386245,0.08960247378023216,3.470162383575844,0.0829721656064807,0.032043331032621684,0.004487871222720677,0.32096540752820546,0.0916059459177831,0.004047153436258731,0.17326450879697058,3.3664194290053333e-09,0.011346881443443289,2.2889717108996786e-08,0.05103294233375079,0.10777986664572244,0.002781989219285522,0.0002067121396382795,0.0004367731623962035,0.012724559282315676,0.10430386597627031
0.41663254110330095,2.855068733265314e-06,0.0,606233727.8462772,0.0,0.0,False,False,True,False,35185,8.798686062881277e+23,1.2013139371187236e+23,0.0,1e+24,0.0,0.8798686062881277,0.12013139371187236,0.0,0.0,1649528810534227.0,mixture_l1,2.0,1e+24,logarithmic,4096,fixed_ref,0.8047071577351047,dirichlet_a20_18,dirichlet_a20_18,dirichlet_around_p0|lowQ,box_only,True,False,2.855068733265314e-06,0.41663254110330095,0.39407683989185316,True,False,D_above_support,lower_bound_Q0,1649528.810534227,0.08890100420082668,3.47485735727005,0.0829721656064807,0.032043331032621684,0.004487871222720677,0.32096540752820546,0.0916059459177831,0.004047153436258731,0.17326450879697058,3.3664194290053333e-09,0.011346881443443289,2.2889717108996786e-08,0.05103294233375079,0.10777986664572244,0.002781989219285522,0.0002067121396382795,0.0004367731623962035,0.012724559282315676,0.10430386597627031
0.39407683989185316,2.855068733265314e-06,0.0,594146342.5483047,0.0,0.0,False,False,True,False,35185,8.798686062881277e+23,1.2013139371187238e+23,0.0,1e+24,0.0,0.8798686062881277,0.12013139371187238,0.0,0.0,1683087024841357.2,mixture_l1,2.0,1e+24,logarithmic,4096,mixture,0.8047071577351047,dirichlet_a20_18,dirichlet_a20_18,dirichlet_around_p0|lowQ,box_only,True,False,2.855068733265314e-06,0.39407683989185316,0.39407683989185316,True,False,D_above_support,lower_bound_Q0,1683087.0248413573,0.08712845239152754,3.4871726798284337,0.0829721656064807,0.032043331032621684,0.004487871222720677,0.32096540752820546,0.0916059459177831,0.004047153436258731,0.17326450879697058,3.3664194290053333e-09,0.011346881443443289,2.2889717108996786e-08,0.05103294233375079,0.10777986664572244,0.002781989219285522,0.0002067121396382795,0.0004367731623962035,0.012724559282315676,0.10430386597627031
0.41663254110330095,2.855068733265314e-06,0.0,645083198.5383867,134217728.0,1.3421772800000001e-16,False,False,True,False,35185,7.855048177628821e+23,2.144951822371177e+23,0.0,9.999999999999998e+23,134217728.0,0.7855048177628822,0.21449518223711772,0.0,1.3421772800000001e-16,1550187638223681.5,mixture_l1,2.0,1e+24,logarithmic,8192,fixed_ref,0.8047071577351047,dirichlet_a20_18,dirichlet_a20_18,dirichlet_around_p0|lowQ,box_only,True,False,2.855068733265314e-06,0.41663254110330095,0.39407683989185316,True,False,D_above_support,lower_bound_Q0,1550187.6382236816,0.0844526600516321,3.5062159850019277,0.0829721656064807,0.032043331032621684,0.004487871222720677,0.32096540752820546,0.0916059459177831,0.004047153436258731,0.17326450879697058,3.3664194290053333e-09,0.011346881443443289,2.2889717108996786e-08,0.05103294233375079,0.10777986664572244,0.002781989219285522,0.0002067121396382795,0.0004367731623962035,0.012724559282315676,0.10430386597627031
0.39407683989185316,2.855068733265314e-06,0.0,632221213.4461287,0.0,0.0,False,False,True,False,35185,7.855048177628822e+23,2.1449518223711767e+23,0.0,1e+24,0.0,0.7855048177628823,0.21449518223711767,0.0,0.0,1581724843665356.5,mixture_l1,2.0,1e+24,logarithmic,8192,mixture,0.8047071577351047,dirichlet_a20_18,dirichlet_a20_18,dirichlet_around_p0|lowQ,box_only,True,False,2.855068733265314e-06,0.39407683989185316,0.39407683989185316,True,False,D_above_support,lower_bound_Q0,1581724.8436653565,0.0827688015089716,3.5187476525809664,0.0829721656064807,0.032043331032621684,0.004487871222720677,0.32096540752820546,0.0916059459177831,0.004047153436258731,0.17326450879697058,3.3664194290053333e-09,0.011346881443443289,2.2889717108996786e-08,0.05103294233375079,0.10777986664572244,0.002781989219285522,0.0002067121396382795,0.0004367731623962035,0.012724559282315676,0.10430386597627031
0.41663254110330095,2.855068733265314e-06,0.0,847009509.8969172,-268435456.0,-2.6843545600000003e-16,False,False,True,False,35185,4.7795054804996184e+23,5.2204945195003834e+23,0.0,1.0000000000000003e+24,-268435456.0,0.47795054804996184,0.5220494519500384,0.0,-2.6843545600000003e-16,1180624288529773.5,mixture_l1,2.0,1e+24,logarithmic,32768,fixed_ref,0.8047071577351047,dirichlet_a20_18,dirichlet_a20_18,dirichlet_around_p0|lowQ,box_only,True,False,2.855068733265314e-06,0.41663254110330095,0.39407683989185316,False,False,N_below_support;D_above_support,lower_bound_Q0,1180624.2885297735,0.06747144324312686,3.6501649260949973,0.0829721656064807,0.032043331032621684,0.004487871222720677,0.32096540752820546,0.0916059459177831,0.004047153436258731,0.17326450879697058,3.3664194290053333e-09,0.011346881443443289,2.2889717108996786e-08,0.05103294233375079,0.10777986664572244,0.002781989219285522,0.0002067121396382795,0.0004367731623962035,0.012724559282315676,0.10430386597627031
0.39407683989185316,2.855068733265314e-06,0.0,830121419.0057269,0.0,0.0,False,False,True,False,35185,4.779505480499617e+23,5.220494519500382e+23,0.0,1e+24,0.0,0.47795054804996173,0.5220494519500383,0.0,0.0,1204643052335336.8,mixture_l1,2.0,1e+24,logarithmic,32768,mixture,0.8047071577351047,dirichlet_a20_18,dirichlet_a20_18,dirichlet_around_p0|lowQ,box_only,True,False,2.855068733265314e-06,0.39407683989185316,0.39407683989185316,False,False,N_below_support;D_above_support,lower_bound_Q0,1204643.0523353368,0.06612616452696653,3.6636897104915183,0.0829721656064807,0.032043331032621684,0.004487871222720677,0.32096540752820546,0.0916059459177831,0.004047153436258731,0.17326450879697058,3.3664194290053333e-09,0.011346881443443289,2.2889717108996786e-08,0.05103294233375079,0.10777986664572244,0.002781989219285522,0.0002067121396382795,0.0004367731623962035,0.012724559282315676,0.10430386597627031
1.0,2.855068733265314e-06,1511467178.4002495,4610289770.850211,0.0,0.0,False,False,False,True,35185,1.2519001574808235e+23,5.4696352480442166e+23,3.27846459447496e+23,1e+24,0.0,0.12519001574808236,0.5469635248044217,0.327846459447496,0.0,216906105625457.03,mixture_l1,2.0,1e+24,logarithmic,131072,fixed_ref,0.8047071577351047,dirichlet_a20_18,dirichlet_a20_18,dirichlet_around_p0|lowQ,box_only,True,False,2.855068733265314e-06,0.41663254110330095,0.39407683989185316,True,False,D_above_support;Q_above_A_supported,upper_bound,216906.10562545704,0.0961937081693268,3.892785870297221,0.0829721656064807,0.032043331032621684,0.004487871222720677,0.32096540752820546,0.0916059459177831,0.004047153436258731,0.17326450879697058,3.3664194290053333e-09,0.011346881443443289,2.2889717108996786e-08,0.05103294233375079,0.10777986664572244,0.002781989219285522,0.0002067121396382795,0.0004367731623962035,0.012724559282315676,0.10430386597627031
1.0,2.855068733265314e-06,1600748814.7096677,4748666592.556593,0.0,0.0,False,False,False,True,35185,1.2346757126476156e+23,5.394380500271609e+23,3.370943787080774e+23,1e+24,0.0,0.12346757126476157,0.5394380500271609,0.33709437870807746,0.0,210585430774919.66,mixture_l1,2.0,1e+24,logarithmic,131072,mixture,0.8047071577351047,dirichlet_a20_18,dirichlet_a20_18,dirichlet_around_p0|lowQ,box_only,True,False,2.855068733265314e-06,0.39407683989185316,0.39407683989185316,True,False,D_above_support;Q_above_A_supported,upper_bound,210585.43077491966,0.09771772182151227,3.9003917149294676,0.0829721656064807,0.032043331032621684,0.004487871222720677,0.32096540752820546,0.0916059459177831,0.004047153436258731,0.17326450879697058,3.3664194290053333e-09,0.011346881443443289,2.2889717108996786e-08,0.05103294233375079,0.10777986664572244,0.002781989219285522,0.0002067121396382795,0.0004367731623962035,0.012724559282315676,0.10430386597627031
