functional,omega,C,cost_form,ell,q0_mode,start,success,L_pred,N_B,Q,h,Q0,Q_ge_Q0,n_iter,message,Q_cand,train_the_pile_arxiv,train_the_pile_freelaw,train_the_pile_nih_exporter,train_the_pile_pubmed_central,train_the_pile_wikipedia_en,train_the_pile_dm_mathematics,train_the_pile_github,train_the_pile_philpapers,train_the_pile_stackexchange,train_the_pile_enron_emails,train_the_pile_gutenberg_pg_19,train_the_pile_pile_cc,train_the_pile_ubuntu_irc,train_the_pile_europarl,train_the_pile_hackernews,train_the_pile_pubmed_abstracts,train_the_pile_uspto_backgrounds
quality_linear,1.0,1e+19,exponential,4096,fixed_ref,0,True,1.8506731760571655,106.38534131310537,1.0,913152.4995102395,0.41663254110330095,True,178,Optimization terminated successfully,0.4753719139637439,0.11302252144521435,0.09682483066406362,0.005889678668602487,0.11375419083132703,0.0521809752442284,0.025462852085624016,2.5004141677825396e-16,0.005487695989665655,0.3994324234438959,0.0022110319304922436,1.0681267286464198e-18,8.607394889453758e-12,0.01959999678213577,0.012737063406786805,0.011650822329187181,0.06618116532187636,0.07556475184829264
quality_linear,1.0,1e+19,exponential,4096,fixed_ref,1,True,1.8506731732303439,106.38138781961094,0.999999999999998,913152.6042101834,0.41663254110330095,True,216,Optimization terminated successfully,0.47537191445446064,0.11302252285816677,0.09682483100910387,0.005889678809770995,0.11375419034599676,0.05218097141894964,0.02546285296527939,4.982858420880468e-15,0.005487696202278562,0.3994324234417518,0.0022110321732611987,1.3737831882110359e-15,4.089013495151624e-18,0.01959999743163163,0.012737064251734867,0.011650821284939631,0.06618116557614677,0.0755647522309818
quality_linear,1.0,1e+19,exponential,4096,fixed_ref,2,True,1.8506731781132477,106.38387995934085,0.9999999999999998,913152.423733854,0.41663254110330095,True,421,Optimization terminated successfully,0.47537191360858855,0.11302252083416656,0.09682483093298491,0.005889679804960182,0.11375418935663185,0.0521809688616705,0.02546285367039272,5.0950948736180805e-17,0.005487696555954199,0.39943242344408175,0.002211031469132514,3.260333103296124e-17,8.807111163555568e-09,0.019599996847367455,0.012737062517430623,0.011650820655922767,0.0661811641999873,0.07556475204220531
quality_linear,1.0,1e+19,exponential,4096,fixed_ref,3,False,1.8506731836826882,106.27473295962466,0.9999999989582262,913152.5264556163,0.41663254110330095,True,500,Iteration limit reached,0.4753719140900338,0.11302252216645466,0.09682483088923241,0.005889678296796811,0.11375418942508546,0.05218097203738935,0.025462852509979483,1.7051843992339442e-09,0.005487695640446589,0.39943242888425234,0.0022110315120429575,1.2611676878794828e-14,3.861087545054585e-10,0.01959999674529265,0.012737063392969032,0.011650820549243402,0.06618116450739357,0.07556475135211571
quality_linear,1.0,1e+19,exponential,4096,fixed_ref,4,False,1.8506731900257882,106.50824882668317,1.0,913152.3608213651,0.41663254110330095,True,500,Iteration limit reached,0.4753719133137248,0.113022522744306,0.09682483037475433,0.00588967865485467,0.11375418939078073,0.05218097983677558,0.025462852422314285,2.9384185936909275e-23,0.005487695548272674,0.3994324234501242,0.0022110315207528987,3.327074793037699e-17,1.8858651155884348e-10,0.019599996540095286,0.012737063151428474,0.011650820566997688,0.06618116423208141,0.07556475137787534
quality_linear,1.0,1e+19,exponential,4096,fixed_ref,5,True,1.8506731773856084,106.38742481444255,0.9999999996588769,913152.450838897,0.41663254110330095,True,184,Optimization terminated successfully,0.4753719137356268,0.11302252401471012,0.09682482904818,0.005889679601936656,0.11375418958103331,0.052180972050760624,0.0254628523246372,3.786967791340316e-17,0.005487696095996752,0.39943242344378893,0.0022110321406693502,3.5276659660206856e-17,4.514848846289123e-09,0.019599997586527706,0.012737063079585501,0.01165082024661657,0.06618116543651562,0.07556475083419267
quality_linear,1.0,1e+19,exponential,4096,fixed_ref,6,True,1.850673175081608,106.34449577744716,0.9999999999999999,913152.5776352591,0.41663254110330095,True,210,Optimization terminated successfully,0.475371914329907,0.11302252451484744,0.09682483040216536,0.005889679569185608,0.11375419087940382,0.05218097105031147,0.025462853122065837,8.744332418556858e-17,0.00548769594928211,0.39943242344180185,0.0022110321064825436,4.3619698117171356e-17,1.1104867863370111e-09,0.0195999973299058,0.012737063450362853,0.0116508208723999,0.06618116488341964,0.07556475131787867
quality_linear,1.0,1e+19,exponential,4096,fixed_ref,7,False,1.8507669372998705,108.23523023888147,0.9999999999990787,909802.1140274783,0.41663254110330095,True,500,Iteration limit reached,0.4753561822087039,0.1130225219309386,0.09683858621511299,0.005889683237546436,0.1139647196392653,0.05218095842791919,0.025495279351301386,1.0482858883457639e-13,0.005579654548142586,0.3986799162843993,0.0024145149083115046,4.588332928143707e-13,1.5235930986727614e-12,0.01961991169544027,0.012848515036322505,0.011665026443984115,0.06623595914436056,0.07556475313486812
quality_linear,1.0,1e+19,exponential,4096,fixed_ref,8,True,1.8506731999646497,106.39646189717092,0.9999999999999996,913151.6206597217,0.41663254110330095,True,297,Optimization terminated successfully,0.4753719098446691,0.11302264015447791,0.0968248393202233,0.0058896892773965355,0.11375419105108348,0.05218075856230652,0.025462854564166842,6.65488107972268e-15,0.005487705656705358,0.39943223531571803,0.00221103988706865,1.758202853448645e-16,1.9962746284663519e-07,0.019600003808232385,0.012737067043928843,0.0116508312157508,0.06618118144833746,0.07556476306713421
quality_linear,1.0,1e+19,exponential,4096,fixed_ref,9,True,1.8510500736433122,109.11816792023318,0.999999999831422,899657.631463528,0.41663254110330095,True,251,Optimization terminated successfully,0.4753081930331877,0.11302252583298263,0.09780573851782388,0.005965860910555919,0.11374224870536653,0.052205926704726666,0.025471094067150594,3.2549892595191735e-17,0.005504174308986995,0.3965546852460595,0.0021980068129055573,5.347172927206517e-17,6.075770358796088e-11,0.02095281603604732,0.012786850885287998,0.011832579141640159,0.06627444737637028,0.07568304539333809
quality_linear,1.0,1e+19,exponential,4096,fixed_ref,10,True,1.850673192723994,106.55272683801495,1.0,913152.5832743202,0.41663254110330095,True,165,Optimization terminated successfully,0.47537191435633663,0.1130225250856062,0.09682483089783848,0.00588967917941155,0.11375418946906794,0.052180971856600006,0.02546285271891186,1.498241383798104e-19,0.005487695584199305,0.3994324234432742,0.0022110312035708087,1.3037919230889183e-17,8.824489868489232e-11,0.01959999773255534,0.012737063034873874,0.011650820837537199,0.06618116587815398,0.07556475299015418
quality_linear,1.0,1e+19,exponential,4096,fixed_ref,11,False,1.8506731757100785,106.35602250278775,0.9999999999999872,913152.5340941919,0.41663254110330095,True,500,Iteration limit reached,0.47537191412583496,0.11302252121586355,0.09682483143189047,0.005889678633789271,0.11375419016662097,0.052180974022817087,0.02546285371129268,3.9227166049518087e-13,0.005487695922231734,0.3994324237713734,0.002211031811359942,4.429020957915444e-12,7.100875589278342e-11,0.019599997321284333,0.012737063560011086,0.01165082147167473,0.06618116495918924,0.07556475192477154
quality_linear,1.0,1e+19,exponential,4096,fixed_ref,12,False,1.8506771802539104,104.88427205739289,0.9999999999999999,913061.670956551,0.41663254110330095,True,500,Iteration limit reached,0.47537148823942926,0.11302106379746875,0.09682485388482369,0.005888261226114557,0.11375418891820493,0.05218283851477381,0.025462848593884792,4.003952859397049e-18,0.005487696726231904,0.39942968995281103,0.0022110298598984135,9.078079818893317e-17,1.0174236374001664e-06,0.019602030720567914,0.012737744259170389,0.011650820407565632,0.066181165073017,0.07556475064182977
quality_linear,1.0,1e+19,exponential,4096,fixed_ref,13,False,1.8506731751974588,106.38143126686325,0.9999999992792967,913152.5321474761,0.41663254110330095,True,500,Iteration limit reached,0.4753719141167109,0.11302252306308341,0.0968248305590214,0.005889678474614203,0.11375418930382039,0.05218097444788645,0.02546285404045312,1.7647622279444467e-11,0.00548769484877098,0.3994324278512681,0.0022110314285835693,1.0357804603374905e-12,1.576688441647939e-10,0.019599995888774646,0.012737061810120312,0.01165082212411606,0.06618116359023464,0.07556475239290045
quality_linear,1.0,1e+19,exponential,4096,fixed_ref,14,True,1.8506733968374791,106.95312362632937,0.9999999999993142,913152.3750440612,0.41663254110330095,True,205,Optimization terminated successfully,0.475371913380385,0.11302252268468244,0.09682483053329011,0.0058896780701164645,0.11375418887891248,0.05218097951624601,0.025462853297488923,1.0196386368001734e-11,0.005487695467039558,0.39943242344351676,0.002211031519815582,9.628707595290918e-15,2.015600547100944e-12,0.019599996894571096,0.01273706333972967,0.01165082076817177,0.06618116428052441,0.07556475129367314
quality_linear,1.0,1e+19,exponential,4096,fixed_ref,15,True,1.8506731784355719,106.33574304611749,0.9999999999999999,913152.4738085367,0.41663254110330095,True,263,Optimization terminated successfully,0.4753719138432829,0.11302252320070846,0.0968248314362239,0.0058896782299531,0.11375419103814137,0.05218095258267302,0.02546285353436934,3.6308338329882895e-17,0.005487694809071251,0.3994324157618661,0.0022110307285913167,9.137386961868435e-17,2.1424178337293176e-08,0.01959999591762188,0.012737064579588682,0.011650820685354807,0.06618116529605846,0.07556476077560002
quality_linear,1.0,1e+19,exponential,4096,fixed_ref,16,False,1.8506732306076707,106.66938693155738,0.9999999999999978,913152.4985064204,0.41663254110330095,True,500,Iteration limit reached,0.4753719139590391,0.11302252425428531,0.09682483359894886,0.005889676585370619,0.1137541999914584,0.05218097345379732,0.02546285388570185,4.4743747632446576e-17,0.0054876950572839206,0.3994324134801733,0.0022110315303697837,1.9401411813545161e-16,1.8297634662438017e-14,0.01959999654464694,0.01273706280658585,0.011650820616422624,0.06618116619375375,0.07556475200118298
quality_linear,1.0,1e+19,exponential,4096,fixed_ref,17,False,1.8506731736138118,106.34985073831224,0.9999999932888524,913152.6262253613,0.41663254110330095,True,500,Iteration limit reached,0.47537191455764327,0.11302252367879796,0.09682483079351,0.005889678942859165,0.11375419059549398,0.0521809707731319,0.025462854056946954,1.4282925918950315e-10,0.00548769543242199,0.39943242618572095,0.002211030390768816,6.891706055027866e-17,5.6012464017581516e-15,0.01959999704720598,0.012737063737482904,0.01165082087892384,0.066181165133471,0.07556475221042944
quality_linear,1.0,1e+19,exponential,4096,fixed_ref,18,True,1.8506731833419956,106.4771502479566,0.9999999999999992,913152.4407578424,0.41663254110330095,True,163,Optimization terminated successfully,0.47537191368837806,0.11302252269076239,0.09682483048005924,0.0058896788832946585,0.11375419123677154,0.05218097117887591,0.025462851710045056,1.3692599997903741e-17,0.005487695557976223,0.3994324232579294,0.002211032933313264,7.030733019395233e-19,5.792691880574813e-09,0.019599997039217932,0.012737063538805478,0.011650819377965834,0.06618116439151889,0.07556475193077233
quality_linear,1.0,1e+19,exponential,4096,fixed_ref,19,False,1.850673180662507,106.32049895371095,0.9999999999098452,913152.4355510385,0.41663254110330095,True,500,Iteration limit reached,0.47537191366397435,0.11302252559531638,0.09682483008401065,0.005889678472708395,0.11375419078137036,0.05218096748639224,0.025462853292750137,6.79503797385221e-14,0.00548769481631406,0.399432432458247,0.0022110284738373932,1.918743106454686e-15,1.0665314631202013e-08,0.019599998243189202,0.012737064199984837,0.011650813776282267,0.06618116472748445,0.07556474692672815
quality_linear,1.0,1e+19,exponential,4096,fixed_ref,20,False,1.8506738006152692,105.43503017134324,0.9999999999999233,913152.2785448193,0.41663254110330095,True,500,Iteration limit reached,0.4753719129281039,0.11302252211490993,0.09682482954227623,0.005889679136340865,0.11375419015050156,0.05218098310730179,0.02546285197255324,3.1465334374340797e-16,0.005487693104486151,0.39943242415575264,0.0022110285564723455,2.849010493648591e-14,3.0567543056426654e-12,0.019599997569824404,0.012737064711814076,0.011650821932556255,0.06618116311611776,0.07556475082600722
quality_linear,1.0,1e+19,exponential,4096,fixed_ref,21,False,1.8506733434878344,106.87612513167602,1.0,913152.3192725166,0.41663254110330095,True,500,Iteration limit reached,0.47537191311899,0.11302252121535551,0.09682483065630641,0.005889679654032433,0.11375419012589572,0.05218098165060263,0.025462852852729388,4.3487995517987576e-21,0.00548769618914578,0.39943242348347596,0.002211030053482616,2.7284679069169466e-17,6.274465053810076e-16,0.019599995723982806,0.012737063064606305,0.011650820161861017,0.06618116315108943,0.07556475201743346
quality_linear,1.0,1e+19,exponential,4096,fixed_ref,22,False,1.8506731769336764,106.33219745470137,1.0,913152.5383724209,0.41663254110330095,True,500,Iteration limit reached,0.47537191414588653,0.11302252314393772,0.09682483104574126,0.005889679032705639,0.11375418984069958,0.052180973641769074,0.025462852897401186,6.463249762309366e-20,0.0054876962059027395,0.39943242344845103,0.002211031912830734,6.192013963632009e-19,7.509533871136837e-11,0.019599997160708937,0.012737063659174435,0.011650821229701286,0.06618116496614333,0.07556475173973771
quality_linear,1.0,1e+19,exponential,4096,fixed_ref,23,False,1.8506733067603456,106.81956321519091,0.9999999999999984,913152.3737308783,0.41663254110330095,True,500,Iteration limit reached,0.47537191337423024,0.1130225202623362,0.09682483045601606,0.005889679143239114,0.11375418925899339,0.052180979894011915,0.025462852412034765,1.5910848475970505e-11,0.005487696324754268,0.3994324241475488,0.002211031235076921,8.603163506865611e-16,2.0905255151840765e-12,0.019599997361740833,0.012737062893398918,0.011650820893320703,0.06618116466433936,0.07556475103518646
quality_linear,1.0,1e+19,power,4096,fixed_ref,0,True,1.8507049464848153,106.58563452202505,1.0,913152.380685679,0.41663254110330095,True,455,Optimization terminated successfully,0.4753719134068266,0.11302252238499454,0.09682483067249784,0.005889678783502166,0.11375418899633022,0.052180976803292034,0.025462852203857307,3.031001807678976e-21,0.005487695490533128,0.39943242344417007,0.0022110320100645646,1.2225055806790627e-24,2.470238785498861e-09,0.01959999678236037,0.01273706307773526,0.011650820860239016,0.06618116457680721,0.0755647514433775
quality_linear,1.0,1e+19,power,4096,fixed_ref,1,False,1.8507049618601765,106.71133698743051,1.0,913152.4742591387,0.41663254110330095,True,500,Iteration limit reached,0.47537191384539484,0.11302252253198905,0.09682483055699295,0.005889679803289688,0.11375418912676087,0.05218097613950113,0.025462851806309878,1.6151626710397654e-19,0.005487696043027005,0.399432424059662,0.0022110319305583544,0.0,3.311728653779996e-18,0.019599996493823112,0.012737062978710426,0.011650821408370506,0.0661811643629131,0.07556475275809199
quality_linear,1.0,1e+19,power,4096,fixed_ref,2,False,1.8507054887172758,105.64870677469875,1.0,913152.4850312148,0.41663254110330095,True,500,Iteration limit reached,0.47537191389588235,0.11302252346033512,0.09682483067570892,0.005889678842537428,0.11375418968936855,0.052180975581696126,0.025462852658302032,1.6643071568961903e-13,0.005487695530626442,0.3994324243745217,0.002211031638621218,2.667471539163581e-17,1.336441055415335e-10,0.019599996827267308,0.012737063383535984,0.011650820820764391,0.06618116470640562,0.07556475167649845
quality_linear,1.0,1e+19,power,4096,fixed_ref,3,False,1.8507049436806697,106.55776975654612,0.9999999997362438,913152.4444151289,0.41663254110330095,True,500,Iteration limit reached,0.47537191370551934,0.11302252323695569,0.09682483073943252,0.005889678345342733,0.11375418967793095,0.05218094187132702,0.02546285289182026,2.7430812265903447e-11,0.005487696432283475,0.3994324256197144,0.0022110313229939333,7.367097863625022e-13,3.4214071895927405e-08,0.019599996383969687,0.0127370636583353,0.011650820723195468,0.06618116393073142,0.07556475092372766
quality_linear,1.0,1e+19,power,4096,fixed_ref,4,False,1.8507050982968745,106.06608909689511,0.9999999999277733,913152.4440395694,0.41663254110330095,True,500,Iteration limit reached,0.47537191370375914,0.11302252255563897,0.09682483124946996,0.0058896786302545375,0.11375418945227518,0.05218097663683899,0.02546285240452523,1.0490691129175293e-14,0.0054876960593534755,0.39943242393661965,0.0022110309996289774,1.4253234688456799e-16,5.297123252446777e-10,0.019599996682260108,0.01273706325925731,0.011650821291314511,0.06618116456604026,0.07556475174679994
quality_linear,1.0,1e+19,power,4096,fixed_ref,5,False,1.8507049474645079,106.64011120524927,0.9999999999998349,913152.5341555667,0.41663254110330095,True,500,Iteration limit reached,0.4753719141261226,0.11302252193732351,0.09682483083583666,0.005889678908518474,0.11375419009009723,0.05218097036884091,0.025462852467848192,1.724519047460328e-19,0.005487696361140405,0.39943242420718167,0.0022110316930696815,2.774116061965589e-17,3.602569961863387e-09,0.01959999723255955,0.012737063739669737,0.011650821177599885,0.0661811651023622,0.07556475227538184
quality_linear,1.0,1e+19,power,4096,fixed_ref,6,False,1.8507049375659714,106.49633834758498,0.9999999990909546,913152.7194162984,0.41663254110330095,True,500,Iteration limit reached,0.47537191499441855,0.11302252491997222,0.09682483151086975,0.0058896795882573275,0.11375419052798762,0.05218096586956446,0.025462853174481312,2.701067371742763e-17,0.0054876972450758135,0.3994324234446664,0.0022110324262022054,3.260584197626589e-15,1.2382398297315027e-09,0.019599997460815664,0.012737064294364183,0.011650821376134372,0.066181164885577,0.07556475203778856
quality_linear,1.0,1e+19,power,4096,fixed_ref,7,True,1.850704938215557,106.53840917516845,0.9999999999999998,913152.6408148326,0.41663254110330095,True,279,Optimization terminated successfully,0.47537191462602246,0.1130225228387618,0.09682483077950958,0.0058896802966865135,0.11375419203743307,0.052180964828457896,0.0254628532351876,1.677600157098412e-11,0.00548769691032991,0.399432422377604,0.0022110305715485803,3.037138787383028e-11,4.878093316951604e-09,0.01959999805191418,0.012737063912359662,0.011650821691442484,0.06618116597043112,0.07556475157309293
quality_linear,1.0,1e+19,power,4096,fixed_ref,8,False,1.850704948643395,106.54335807110087,1.0,913152.2559187647,0.41663254110330095,True,500,Iteration limit reached,0.4753719128220581,0.11302252123921254,0.09682482926167492,0.005889678461054947,0.11375418813215456,0.05218097608985639,0.025462851235129768,3.357197551219565e-24,0.005487695756375809,0.3994324242398089,0.0022110323522465734,5.129425526638876e-24,7.638751358196442e-09,0.019599993918158233,0.012737062588042107,0.011650820627450455,0.06618116590683586,0.07556475255324757
quality_linear,1.0,1e+19,power,4096,fixed_ref,9,False,1.8507217417158688,106.98429382697597,0.9999999999964551,912539.0966048602,0.41663254110330095,True,500,Iteration limit reached,0.4753690380477715,0.11302303061905133,0.09693339911448094,0.005889559282849171,0.11375418249132298,0.05218097182649383,0.025463200990952728,5.42523681470196e-12,0.0054897778531928405,0.39929501226967745,0.0022116944653399868,6.774031219918978e-12,5.0928276590634854e-11,0.019623425846940126,0.012737220915251734,0.011652227404287112,0.06618143523894314,0.07556486161808897
quality_linear,1.0,1e+19,power,4096,fixed_ref,10,False,1.8507049507016478,106.44185249766342,0.9999999999999625,913152.435978474,0.41663254110330095,True,500,Iteration limit reached,0.4753719136659777,0.11302252414742954,0.09682483029264005,0.005889678414680213,0.11375418969473254,0.05218097731073449,0.02546285282391252,1.2799913241850166e-16,0.005487696725813783,0.39943242387926564,0.002211032381063975,9.166245882788739e-17,1.3748343830265797e-13,0.01959999678305702,0.012737061019422154,0.011650819757129482,0.0661811644063503,0.07556475236363072
quality_linear,1.0,1e+19,power,4096,fixed_ref,11,True,1.8507049542522216,106.54471810247387,0.9999999999999661,913152.0492535426,0.41663254110330095,True,469,Optimization terminated successfully,0.47537191185344124,0.11302252161709174,0.09682482978639288,0.005889678751199064,0.11375419025918096,0.05218065173774576,0.025462853060914604,3.4119121299132816e-14,0.005487694900134665,0.3994324232868933,0.002211031472560232,1.6070252341332666e-16,3.2748152946459816e-07,0.019599996483322283,0.012737063843569324,0.011650821594736908,0.06618116539616051,0.07556475032853387
quality_linear,1.0,1e+19,power,4096,fixed_ref,12,False,1.8507049421084876,106.55370079911523,0.9999999999997191,913152.4996026707,0.41663254110330095,True,500,Iteration limit reached,0.4753719139641771,0.1130225243053322,0.0968248311583872,0.005889678945276328,0.11375418942927847,0.05218097392763392,0.025462852786889482,5.586970675447368e-11,0.005487695861009044,0.3994324256784387,0.0022110301069007193,4.955087712848823e-12,1.26225217305627e-09,0.019599997172420888,0.012737063348005064,0.011650820801236122,0.06618116390460498,0.07556475125151015
quality_linear,1.0,1e+19,power,4096,fixed_ref,13,False,1.8507049448587187,106.52260906223634,0.9999999999998666,913152.4058609885,0.41663254110330095,True,500,Iteration limit reached,0.47537191352482044,0.11302252295000433,0.09682482996416836,0.005889677859189327,0.11375418964472771,0.052180969980961486,0.025462853221067824,5.5629192275077464e-15,0.005487694792482584,0.39943242384050787,0.002211031654996954,9.856475527756933e-16,8.203354906351607e-09,0.019599995870663883,0.012737063135369195,0.011650820863893787,0.06618116611006974,0.07556475190853545
quality_linear,1.0,1e+19,power,4096,fixed_ref,14,False,1.850704950451008,106.63353804409188,0.9999999996476671,913152.3936430668,0.41663254110330095,True,500,Iteration limit reached,0.4753719134675564,0.11302252204176236,0.0968248302768579,0.005889678367178611,0.11375418978182186,0.05218097835398122,0.02546285268329561,1.6536670718755835e-14,0.005487695259028034,0.3994324235114805,0.0022110319666051124,1.9793121249870508e-14,5.736447052969297e-10,0.01959999689042768,0.012737063065248,0.011650821373469102,0.06618116440352004,0.0755647514516429
quality_linear,1.0,1e+19,power,4096,fixed_ref,15,False,1.8507053918734533,107.3542536060219,0.9999999959621095,913152.2181090716,0.41663254110330095,True,500,Iteration limit reached,0.4753719126448483,0.11302252125078496,0.0968248293283377,0.0058896771984376034,0.1137541868963474,0.052180951533581724,0.025462852726808947,1.4644009663050282e-18,0.005487696427825172,0.3994324280836203,0.0022110292470187624,9.79345847851468e-31,3.3205863557741946e-08,0.019599996853098472,0.01273706316486477,0.011650819665772468,0.0661811639346382,0.07556475048299993
quality_linear,1.0,1e+19,power,4096,fixed_ref,16,False,1.850836418161227,105.66651417217666,0.9999999999999999,908331.0883847674,0.41663254110330095,True,500,Iteration limit reached,0.4753492566884379,0.11311758455723084,0.0968511000168251,0.005913474155496609,0.11375451064469898,0.05218063859565104,0.02548761417232101,0.0,0.005537589721386548,0.3984042031778316,0.00221125204148256,3.542982168856909e-17,3.4108317586021056e-17,0.01960080421899111,0.012765652993548107,0.011651156903633775,0.0669599801795598,0.07556443862134304
quality_linear,1.0,1e+19,power,4096,fixed_ref,17,True,1.8507049383172498,106.53691875671223,1.0,913152.6374694074,0.41663254110330095,True,343,Optimization terminated successfully,0.47537191461034284,0.11302252465634563,0.0968248314319775,0.005889679052334362,0.11375419021597098,0.05218097001074263,0.025462853597828402,2.0877995604329147e-16,0.005487696059527392,0.39943242344386237,0.0022110316265598227,1.6098389768848536e-16,6.065204511020972e-11,0.019599997159559426,0.012737063923619719,0.01165082181310364,0.06618116491046586,0.0755647520374497
quality_linear,1.0,1e+19,power,4096,fixed_ref,18,False,1.8507049427191542,106.52083148739868,1.0,913152.4866212145,0.41663254110330095,True,500,Iteration limit reached,0.4753719139033345,0.11302252380201598,0.09682483010723564,0.005889679005584147,0.11375418948893924,0.05218097241382573,0.025462852744839504,2.2795428768172533e-18,0.005487695933873014,0.39943242345892943,0.0022110318166332723,9.503597715598435e-19,2.966099391790874e-09,0.019599996830034053,0.01273706382520007,0.011650820677932465,0.06618116487221881,0.07556475205663916
quality_linear,1.0,1e+19,power,4096,fixed_ref,19,False,1.850705008516515,106.23253783204139,0.99999999946332,913152.4632735284,0.41663254110330095,True,500,Iteration limit reached,0.47537191379390653,0.11302252313728889,0.0968248303001622,0.0058896788523053875,0.11375418997066077,0.05218097520345208,0.025462852851201572,4.8528027179492265e-14,0.005487695965530671,0.39943242359138326,0.002211030441205525,4.981675791193356e-14,1.1512008175425854e-09,0.01959999653954805,0.012737064655037236,0.011650821041193032,0.06618116472815479,0.07556475157157753
quality_linear,1.0,1e+19,power,4096,fixed_ref,20,False,1.8507066190272767,104.98484666943838,0.9999999434732553,913152.242194735,0.41663254110330095,True,500,Iteration limit reached,0.4753719127577351,0.11302252318151582,0.09682483076978202,0.00588967954972268,0.1137541879908095,0.05218061060609346,0.025462853123870845,1.8270582089494975e-12,0.005487696675450025,0.3994324245165722,0.002211032505300643,9.886687713008464e-16,3.60632330886256e-07,0.01959999695720216,0.012737064103884015,0.011650821804471963,0.06618116533899508,0.07556475224217071
quality_linear,1.0,1e+19,power,4096,fixed_ref,21,True,1.8507050716063531,106.10843000210741,0.9999999995942117,913152.4583964357,0.41663254110330095,True,220,Optimization terminated successfully,0.47537191377104815,0.11302252165784579,0.09682483086777943,0.00588967956471329,0.11375419015110289,0.05218096911866305,0.02546285408725442,7.580471896049422e-16,0.005487695593026046,0.39943242344400803,0.002211030886381878,6.96129472448143e-16,7.301851665793188e-09,0.0195999968545615,0.012737063041518764,0.01165082083967215,0.06618116479435915,0.07556475179726047
quality_linear,1.0,1e+19,power,4096,fixed_ref,22,False,1.8507049441123635,106.54665878902208,0.9999999999998399,913152.4232453048,0.41663254110330095,True,500,Iteration limit reached,0.47537191360629877,0.11302252239335397,0.09682483062781042,0.005889678752872979,0.11375418949220843,0.05218097785852001,0.025462852679287298,2.1169737144148388e-22,0.0054876958609421924,0.3994324234442117,0.002211031584982453,1.1856525552364831e-21,2.589347044556874e-15,0.01959999685201197,0.012737063314582995,0.011650820924190945,0.06618116452952029,0.07556475168550189
quality_linear,1.0,1e+19,power,4096,fixed_ref,23,False,1.8507108933147425,103.61943797947364,0.9999999999999992,913152.6047197322,0.41663254110330095,True,500,Iteration limit reached,0.47537191445684884,0.11302252385221505,0.09682483179618018,0.005889679520034781,0.11375418888902546,0.052180967411640654,0.025462852954745364,1.29739970022863e-09,0.005487696942589297,0.3994324237088614,0.0022110318961479545,8.997032074670642e-17,1.8523864251289822e-09,0.01959999756360447,0.012737064753913117,0.01165082077620668,0.0661811649901872,0.07556475179486222
quality_linear,1.0,1e+19,logarithmic,4096,fixed_ref,0,False,1.8505914729051616,106.03576666857175,0.9999999999477263,913152.6684116999,0.41663254110330095,True,500,Iteration limit reached,0.47537191475536583,0.1130225233551824,0.09682482988476447,0.0058896784754784845,0.11375419011191648,0.05218096946047143,0.02546285381469515,2.1307631763612907e-10,0.005487695195321798,0.39943243009818774,0.0022110313216033425,3.815525599678341e-14,3.4658274248876975e-10,0.019599997143434255,0.012737063091327683,0.011650820315631522,0.06618116437215942,0.07556475280012856
quality_linear,1.0,1e+19,logarithmic,4096,fixed_ref,1,False,1.8505914792138916,105.98952090189682,0.9999999999943767,913152.3585866177,0.41663254110330095,True,299,Positive directional derivative for linesearch,0.4753719133032508,0.1130225231383739,0.09682483092086089,0.005889678971852555,0.11375418939939898,0.05218098016020928,0.025462852463909138,4.2756196250724726e-15,0.005487695725336123,0.39943242400483014,0.002211030999939686,7.066940505116522e-16,9.440761862355298e-13,0.019599996642595846,0.012737062793943137,0.011650820652471151,0.06618116408081405,0.07556475004451611
quality_linear,1.0,1e+19,logarithmic,4096,fixed_ref,2,False,1.8505914781726216,105.97669101874949,0.9999999998275665,913152.3950189756,0.41663254110330095,True,500,Iteration limit reached,0.47537191347400515,0.11302252318847593,0.09682483016419156,0.005889678671807853,0.11375418946434877,0.052180965682501274,0.025462852617714964,8.408500993554992e-11,0.005487695502807035,0.39943242422776915,0.0022110310452554474,4.0389195425587436e-15,1.2631618876923536e-08,0.019599996909545194,0.012737062989354937,0.011650821240444162,0.06618116409551363,0.07556475148456218
quality_linear,1.0,1e+19,logarithmic,4096,fixed_ref,3,False,1.8505914809895487,106.04796604940962,0.9999999999991813,913152.4077809721,0.41663254110330095,True,500,Iteration limit reached,0.4753719135338192,0.11302252228766058,0.09682483106637135,0.005889678734021433,0.1137541895828893,0.052180895467973165,0.025462854094962652,7.389317448583923e-16,0.005487696146912436,0.3994324243680401,0.002211031731764695,1.5469166966931313e-15,8.017789963539434e-08,0.019599995817834788,0.012737063271723286,0.011650820890610212,0.0661811652508157,0.07556475111051844
quality_linear,1.0,1e+19,logarithmic,4096,fixed_ref,4,False,1.8505914863310255,105.89066678842859,0.9999999999563014,913152.2932997216,0.41663254110330095,True,500,Iteration limit reached,0.47537191299725845,0.11302252262018081,0.09682483008991073,0.005889678313015747,0.11375418920488138,0.05218098243178294,0.025462852525312343,2.980182823623919e-22,0.005487695223282822,0.39943242346497787,0.0022110310779072575,4.2146435758055707e-13,1.2783085317935256e-16,0.01959999620653431,0.012737063241532523,0.011650820515041866,0.06618116376195919,0.07556475132325871
quality_linear,1.0,1e+19,logarithmic,4096,fixed_ref,5,False,1.8505915048997124,106.18922919852525,0.9999999999972224,913152.510668831,0.41663254110330095,True,500,Iteration limit reached,0.47537191401604295,0.11302252277489261,0.09682483018270971,0.0058896792245534246,0.11375418899754286,0.05218092227647314,0.02546285330738356,1.1026125422186707e-11,0.005487696320252281,0.399432425169178,0.0022110318789943626,4.580746905544215e-13,5.086122614634246e-08,0.01959999725401833,0.012737063882023779,0.01165082087798712,0.06618116611068206,0.07556475087059829
quality_linear,1.0,1e+19,logarithmic,4096,fixed_ref,6,False,1.8505914808674384,106.02608999545329,0.9999999923064085,913152.354816068,0.41663254110330095,True,500,Iteration limit reached,0.47537191328557865,0.11302252319110523,0.09682482931903155,0.00588967826738572,0.11375418882444743,0.052180980285464,0.025462851519768067,8.565105042521827e-17,0.0054876959444330985,0.3994324239798457,0.0022110319971439946,4.179711805365904e-15,4.1960470794171986e-14,0.01959999815167778,0.012737063242619487,0.011650821514625605,0.06618116318334434,0.0755647505790618
quality_linear,1.0,1e+19,logarithmic,4096,fixed_ref,7,False,1.850591468894757,105.96414725828876,0.9999999903454546,913152.7507896287,0.41663254110330095,True,365,Positive directional derivative for linesearch,0.47537191514146176,0.11302252547142017,0.09682483157679918,0.005889678981664676,0.11375419030849178,0.052180955565537944,0.025462853572751198,5.837295749225074e-13,0.005487696026143305,0.399432424863266,0.0022110322606583104,4.0496258231100396e-14,1.0275190956772128e-08,0.019599997761445335,0.012737064137860582,0.01165082136117977,0.06618116553269786,0.07556475230426875
quality_linear,1.0,1e+19,logarithmic,4096,fixed_ref,8,False,1.85059163447376,105.49832509363873,0.9999999999998302,913152.4868257594,0.41663254110330095,True,500,Iteration limit reached,0.4753719139042932,0.11302252265692274,0.09682483116886803,0.005889677705776909,0.11375418940424661,0.05218097627964076,0.0254628540176568,2.538151924470653e-16,0.005487695883795546,0.39943242789842615,0.0022110304281254536,1.921262992092161e-19,8.022570047531967e-12,0.019599997787294897,0.012737064682020715,0.01165081999618461,0.06618116486277865,0.07556474722023929
quality_linear,1.0,1e+19,logarithmic,4096,fixed_ref,9,False,1.850591474370683,105.95921005726993,0.999999993899368,913152.5502852337,0.41663254110330095,True,500,Iteration limit reached,0.47537191420172054,0.11302252583166274,0.09682482962014642,0.005889678048497603,0.11375419059612694,0.052180966284177746,0.025462852704760414,3.6844822007738486e-14,0.00548769456637673,0.3994324288718892,0.00221103084838789,1.2958836347598938e-15,7.346578800022403e-09,0.019599996385832888,0.012737063047848203,0.011650820419879294,0.06618116466244986,0.07556475076534702
quality_linear,1.0,1e+19,logarithmic,4096,fixed_ref,10,True,1.8505914785321231,106.01457749841248,1.0,913152.4119438882,0.41663254110330095,True,201,Optimization terminated successfully,0.4753719135533303,0.11302252453291316,0.0968248300614958,0.005889678560745662,0.11375418908937918,0.052180978053290646,0.025462852680076063,4.5107097922581505e-18,0.005487695855693896,0.39943242344387386,0.0022110315139947387,3.686060500088799e-19,1.8171150898094752e-12,0.019599996977784688,0.012737063094639319,0.011650820177547214,0.0661811645013644,0.07556475145538447
quality_linear,1.0,1e+19,logarithmic,4096,fixed_ref,11,False,1.850591846279355,106.72311338471698,0.9999999944952696,913152.6226032375,0.41663254110330095,True,500,Iteration limit reached,0.4753719145406668,0.1130225218970869,0.09682483181731118,0.005889679966564566,0.11375419018395096,0.05218096896670262,0.02546285314057554,4.514969185896428e-11,0.005487696328643858,0.3994324238969912,0.0022110320730790323,1.5111019951807463e-18,1.828307220671685e-09,0.019599997189111654,0.012737064042922658,0.011650821411416988,0.06618116504393085,0.075564752168255
quality_linear,1.0,1e+19,logarithmic,4096,fixed_ref,12,True,1.850591479806851,106.03710063668174,1.0,913152.4171306398,0.41663254110330095,True,183,Optimization terminated successfully,0.47537191357764,0.11302252119435982,0.09682482976239133,0.005889678573938425,0.1137541894477428,0.05218097515654504,0.025462853745861942,1.7229655115684112e-19,0.00548769580605657,0.3994324234440624,0.0022110322358090953,1.2899175108695699e-18,2.9252801650242693e-09,0.019599997539598336,0.012737062362367569,0.011650821449097104,0.06618116459740386,0.07556475175948553
quality_linear,1.0,1e+19,logarithmic,4096,fixed_ref,13,False,1.8505914745846892,106.04519131826952,0.9999999961344308,913152.6379589883,0.41663254110330095,True,500,Iteration limit reached,0.47537191461263745,0.11302252355031256,0.09682483201350342,0.005889678846601184,0.11375418930088489,0.05218097081728764,0.025462851804377903,6.928064187485688e-13,0.00548769564439473,0.3994324276187878,0.0022110316662793646,1.3058672829933159e-17,1.4885423115222795e-14,0.019599996716543527,0.012737063539631811,0.011650820853775362,0.06618116476676,0.0755647528601523
quality_linear,1.0,1e+19,logarithmic,4096,fixed_ref,14,True,1.8505914816302966,105.97878113371277,1.0,913152.2668839538,0.41663254110330095,True,256,Optimization terminated successfully,0.4753719128734507,0.11302252264384675,0.09682483015806821,0.005889678213654038,0.1137541890588539,0.05218098335967649,0.025462852097751128,2.0173574294132596e-17,0.005487695358664254,0.3994324234391705,0.002211031043747298,1.6539218560277515e-17,7.873948392235403e-18,0.019599996288614096,0.012737062756962774,0.011650820374021355,0.06618116411197662,0.0755647510949926
quality_linear,1.0,1e+19,logarithmic,4096,fixed_ref,15,False,1.8505917725427257,106.53947358459399,0.9999999999999994,913149.373690823,0.41663254110330095,True,500,Iteration limit reached,0.4753718993133573,0.11302252327536783,0.09682483114135207,0.005889679707604603,0.11375419032652234,0.052177743577062126,0.025462853232932355,2.208117339881566e-12,0.0054876972628715584,0.39943242480357727,0.002211032025688826,5.667664395873805e-11,3.2248555490043934e-06,0.01959999706099052,0.012737063824703939,0.0116508214415469,0.06618116537465468,0.07556475203069128
quality_linear,1.0,1e+19,logarithmic,4096,fixed_ref,16,True,1.8505914972174218,105.8183285666587,1.0,913152.3484902972,0.41663254110330095,True,419,Optimization terminated successfully,0.4753719132559305,0.11302252269678915,0.09682483032790311,0.0058896792718781815,0.11375418947248092,0.05218098046992115,0.025462852385854037,6.066542440108028e-17,0.00548769569074688,0.3994324234441147,0.002211031172386449,1.8761250908797828e-17,1.5639098573681988e-12,0.019599996465400026,0.012737062756803138,0.011650820789985408,0.06618116386768243,0.07556475118649045
quality_linear,1.0,1e+19,logarithmic,4096,fixed_ref,17,False,1.8505914046775203,106.01863575452631,0.9999999999999997,913155.1488985273,0.41663254110330095,True,500,Iteration limit reached,0.47537192638110864,0.11302257019616983,0.09682483100110216,0.005889676309983564,0.11375421478153167,0.052180867288870676,0.025462865778610372,3.321232767725764e-17,0.005487687302169745,0.39943236171187074,0.0022110426511257803,3.676059060565124e-17,1.145055777357795e-16,0.01960004843979783,0.012737071903891178,0.011650833030981021,0.06618117170017586,0.07556475790371933
quality_linear,1.0,1e+19,logarithmic,4096,fixed_ref,18,False,1.850591472234141,105.93749275125047,0.9999999951248275,913152.6627605926,0.41663254110330095,True,500,Iteration limit reached,0.47537191472887974,0.11302252316787499,0.09682483017187267,0.005889679635793924,0.11375419067149942,0.05218096527314185,0.025462854077618086,6.3787746696004815e-15,0.005487696696944102,0.39943242606083096,0.0022110308666709847,1.3645671083209196e-15,4.3032671333708354e-09,0.019599997825408107,0.012737062965877012,0.011650821338137957,0.06618116433097405,0.07556475261408106
quality_linear,1.0,1e+19,logarithmic,4096,fixed_ref,19,False,1.8364236147456101,129.52315963956718,0.9999999999999996,1667074.4745063006,0.41663254110330095,True,500,Iteration limit reached,0.4779480480344501,0.11302557529224123,0.09682281543111149,0.005947860212653082,0.11376476043755346,0.03332105362866432,0.02554201845732582,2.18299286801824e-13,0.009666267270925944,0.4081743653511428,0.002191596090752586,2.2869660572041794e-13,0.0010832396484781173,0.019600119009337103,0.01266712563242562,0.01634092088816428,0.06627786940206014,0.07557441324671699
quality_linear,1.0,1e+19,logarithmic,4096,fixed_ref,20,False,1.8505916910032116,106.54308559685641,0.9999999999987881,913152.4842594415,0.41663254110330095,True,500,Iteration limit reached,0.47537191389226513,0.11302252207735713,0.09682483099153164,0.005889678919961394,0.11375418985986847,0.05218094827851578,0.02546285287233976,1.6946218935607138e-12,0.005487696164370918,0.39943242344924934,0.0022110313481404384,2.1852380045297434e-13,2.648864585470559e-08,0.019599997037632242,0.012737063560950258,0.011650822272888602,0.06618116472812807,0.07556475194850688
quality_linear,1.0,1e+19,logarithmic,4096,fixed_ref,21,False,1.850591505309248,106.19837335097422,1.0,913152.593850096,0.41663254110330095,True,500,Iteration limit reached,0.4753719144059041,0.11302252292253082,0.09682483080240974,0.005889679352135733,0.11375418973458054,0.05218097160128426,0.025462853128301717,1.0003017408679864e-18,0.005487696102390322,0.39943242348902813,0.002211032151026535,8.198584617966342e-20,1.786439902266794e-10,0.01959999708251541,0.012737064034809268,0.011650821707620673,0.06618116540236045,0.07556475231036233
quality_linear,1.0,1e+19,logarithmic,4096,fixed_ref,22,False,1.850591662422697,106.51950081861294,0.9999999984140792,913152.8906217869,0.41663254110330095,True,500,Iteration limit reached,0.475371915796839,0.11302252488534759,0.09682483139251875,0.005889680797354771,0.11375419054704579,0.052180931304659076,0.02546285519389416,1.5945876191329375e-11,0.005487697540432716,0.3994324222982949,0.0022110329885180733,4.0883219827153946e-13,2.8557135131739573e-08,0.019599998584186883,0.012737064707324447,0.011650822360112771,0.066181166418724,0.07556475240809642
quality_linear,1.0,1e+19,logarithmic,4096,fixed_ref,23,True,1.850591470887916,105.90790744258665,0.9999999872239577,913152.803500148,0.41663254110330095,True,355,Optimization terminated successfully,0.4753719153885099,0.113022524341021,0.09682483204163775,0.005889679814511674,0.11375419050248567,0.05218096370914557,0.02546285311631403,7.06601486739271e-18,0.005487696982997742,0.3994324207709628,0.002211033039827428,5.362572245592487e-18,1.0239288446271214e-10,0.019600000293041805,0.01273706541811289,0.011650821594248325,0.06618116536809437,0.07556475290520599
quality_linear,1.0,1e+22,exponential,4096,fixed_ref,0,False,1.745468071524048,2392.237882829545,0.9999999818969602,913152.7450617267,0.41663254110330095,True,500,Iteration limit reached,0.47537191511461574,0.11302252387279164,0.0968248312857121,0.005889680130814097,0.11375419093430737,0.052180966122446645,0.02546285328899228,3.4159561386873582e-15,0.005487696413175248,0.3994324235973147,0.0022110320839314173,8.7094835539518e-14,2.3850147615963997e-10,0.019599997388286456,0.012737064754078889,0.011650821889635317,0.06618116579675212,0.07556475220316962
quality_linear,1.0,1e+22,exponential,4096,fixed_ref,1,False,1.7454680777127631,2389.977080253579,0.9999999999990121,913152.3874090263,0.41663254110330095,True,500,Iteration limit reached,0.4753719134383382,0.1130225231876912,0.09682483022339528,0.005889677761809702,0.1137541897658097,0.05218097234983175,0.02546285269215486,4.637151917064562e-15,0.005487695827305158,0.39943242361211523,0.0022110300330173437,8.597633576998467e-17,6.490359495838001e-09,0.019599995632506015,0.012737063583162551,0.011650821450834641,0.06618116521616955,0.0755647521738328
quality_linear,1.0,1e+22,exponential,4096,fixed_ref,2,False,1.7454680810819396,2389.5174066438726,0.9999999992814604,913152.154290843,0.41663254110330095,True,500,Iteration limit reached,0.4753719123457394,0.1130225129238624,0.09682483068959441,0.005889682671687145,0.11375418906773602,0.05218096225234489,0.02546284950673784,4.4998340207822824e-14,0.005487696420834755,0.3994324198755965,0.0022110324987226174,5.89024645138901e-15,2.4553345166267375e-08,0.019599998937327005,0.01273706287497304,0.011650820432884183,0.06618116457025261,0.07556475272405061
quality_linear,1.0,1e+22,exponential,4096,fixed_ref,3,False,1.7454680754231027,2391.9553656430917,0.9999999999999994,913152.3271054014,0.41663254110330095,True,500,Iteration limit reached,0.4753719131557019,0.11302252252938311,0.09682483069275548,0.005889678235299687,0.11375418987291198,0.0521809809409008,0.025462852194475638,1.0147112534904669e-16,0.005487695638189163,0.3994324235222428,0.0022110307767823838,3.036781480940195e-18,3.0349083909747137e-10,0.019599996556510603,0.012737062940372884,0.011650820465923062,0.06618116425524793,0.07556475107551362
quality_linear,1.0,1e+22,exponential,4096,fixed_ref,4,False,1.7454658724609775,2394.8928191551818,0.9999999943423428,913387.9356915301,0.41663254110330095,True,500,Iteration limit reached,0.47537301728422665,0.11302244177929728,0.09682530483351783,0.005889639853288905,0.11375372850778707,0.052173874869015736,0.025462136301756692,5.192041169488114e-12,0.00548796993985565,0.39944011753972,0.002210990528070464,4.193190133358473e-11,1.7210231135831133e-10,0.01959999461320614,0.012737216337874915,0.011650156368663353,0.0661812242629595,0.0755652040457604
quality_linear,1.0,1e+22,exponential,4096,fixed_ref,5,True,1.7454680714936381,2392.2316199022416,0.9999999990297889,913152.7359234814,0.41663254110330095,True,204,Optimization terminated successfully,0.47537191507178583,0.11302252585494532,0.0968248319623217,0.00588967907485654,0.1137541903855394,0.05218096636990572,0.02546285319950288,8.36147552848839e-19,0.005487696928440165,0.39943242342162605,0.002211032802217709,6.822963075917429e-18,1.0360342971057953e-10,0.019599997188223972,0.012737063739147398,0.011650821790766253,0.06618116478681411,0.07556475239208942
quality_linear,1.0,1e+22,exponential,4096,fixed_ref,6,False,1.7454680819990114,2387.688426936318,0.9999999917664257,913152.7729621329,0.41663254110330095,True,500,Iteration limit reached,0.47537191524538175,0.11302252392319218,0.09682483160021875,0.005889679303696688,0.11375419043202976,0.05218096202753129,0.025462853461881138,9.2693859678035e-17,0.0054876981667169875,0.3994324184062228,0.0022110356390769017,4.871596743722115e-16,2.4452958829863777e-09,0.019599998301581014,0.012737064496428363,0.011650821698051277,0.06618116524734889,0.07556475485072757
quality_linear,1.0,1e+22,exponential,4096,fixed_ref,7,True,1.7454681006390476,2400.1436870088146,1.0,913152.4789096327,0.41663254110330095,True,443,Optimization terminated successfully,0.4753719138671912,0.11302252373685512,0.096824831511708,0.00588967888873695,0.11375419035861789,0.05218097534021453,0.025462852472535994,3.549077081035162e-21,0.005487695936515767,0.39943242344414376,0.0022110311939394565,1.0831722958667054e-17,4.0902985203974714e-10,0.019599996427878692,0.012737063764473361,0.01165082100657447,0.06618116415608007,0.07556475135269614
quality_linear,1.0,1e+22,exponential,4096,fixed_ref,8,False,1.7454680641867661,2392.822519589353,0.9999999713014392,913153.5371178014,0.41663254110330095,True,500,Iteration limit reached,0.4753719188268902,0.113022524797842,0.09682483138415603,0.005889680096993819,0.11375419010097955,0.052180912647167524,0.025462853182521724,4.267047624677392e-09,0.005487694199221741,0.3994324546049507,0.0022110318144290923,5.171486672539567e-09,1.4884872042896893e-08,0.019599998268583083,0.01273706355400083,0.011650822004693228,0.06618116593441771,0.07556475308663667
quality_linear,1.0,1e+22,exponential,4096,fixed_ref,9,False,1.7455312574370414,2514.105565317964,1.0,907204.8497756955,0.41663254110330095,True,500,Iteration limit reached,0.47534394682463865,0.1134092665671249,0.09738347645041427,0.005914814533126864,0.11375415123674348,0.05218095818976643,0.0254722911911705,3.598367924713406e-18,0.0054882413824822165,0.3983273469897995,0.002222798997893881,2.11199094918811e-17,0.0,0.01960018976689997,0.012738072181539608,0.011729208226374625,0.06618536431271506,0.07559381997394875
quality_linear,1.0,1e+22,exponential,4096,fixed_ref,10,False,1.7454692852636657,2401.5730897593667,1.0,913027.2262292928,0.41663254110330095,True,500,Iteration limit reached,0.47537132678178984,0.11302252191281013,0.09682484368164788,0.005889662434823046,0.11375419910803772,0.052181008251409186,0.025490643141674613,9.714102866468755e-17,0.005487699147187555,0.39940451415071454,0.0022110282664987465,1.66295569388139e-18,1.0053454581163532e-17,0.019600087023000704,0.012737062651922659,0.01165080051545748,0.06618115723986484,0.07556477247495075
quality_linear,1.0,1e+22,exponential,4096,fixed_ref,11,False,1.74546807299901,2392.3779160411873,1.0,913152.5712051899,0.41663254110330095,True,500,Iteration limit reached,0.47537191429977,0.11302252255101262,0.09682483114497234,0.005889679208402994,0.11375418995953965,0.05218097246868123,0.025462852962360505,9.056368857747017e-11,0.00548769610354463,0.3994324241713953,0.0022110318438978162,1.3953855847305121e-12,1.1338519763671973e-10,0.01959999722221171,0.01273706375803729,0.011650821441706658,0.06618116489374108,0.07556475206515183
quality_linear,1.0,1e+22,exponential,4096,fixed_ref,12,False,1.7454680730327667,2392.890784572481,0.9999999996483027,913152.5734809068,0.41663254110330095,True,500,Iteration limit reached,0.475371914310436,0.11302252299071347,0.09682483057824758,0.0058896791053829655,0.11375419004254883,0.05218097194919899,0.025462852323587082,1.8199138896365866e-16,0.005487696624467361,0.39943242373805216,0.00221103225573105,2.6595282749341537e-16,5.691123291252027e-10,0.019599996601687254,0.012737063787925367,0.011650821740519804,0.06618116584269594,0.07556475185012945
quality_linear,1.0,1e+22,exponential,4096,fixed_ref,13,False,1.7454680732219245,2393.190599902448,0.9999999979514358,913152.569846324,0.41663254110330095,True,500,Iteration limit reached,0.47537191429340114,0.11302252323555993,0.0968248312470907,0.005889679761300454,0.11375418988656884,0.052180969548515456,0.025462852691418243,6.867063267919361e-15,0.005487695982853512,0.39943242354749536,0.002211032203475127,6.098045860327881e-15,2.9581758664815974e-09,0.019599996763700202,0.012737063413976174,0.011650821467717664,0.06618116552127314,0.07556475177086634
quality_linear,1.0,1e+22,exponential,4096,fixed_ref,14,True,1.7454680749975715,2393.151358007035,0.9999999999999993,913152.3761319981,0.41663254110330095,True,463,Optimization terminated successfully,0.475371913385484,0.11302252245789526,0.09682483121208503,0.005889679014235392,0.11375419070825607,0.05218068339916488,0.025462854037695753,4.983642889499661e-16,0.00548769749553888,0.3994324232993846,0.002211031330393158,1.050297864464603e-19,2.857093599261183e-07,0.019599997563360026,0.012737064450988288,0.011650821569589666,0.06618116526161294,0.07556475249043966
quality_linear,1.0,1e+22,exponential,4096,fixed_ref,15,False,1.7454682474395928,2403.1013555113677,1.0,913139.4563453322,0.41663254110330095,True,500,Iteration limit reached,0.475371852831471,0.11302252161651574,0.09682483501859608,0.005889678788054901,0.11375418642264391,0.05218097302049022,0.025462855136132428,3.742312870098942e-20,0.00548771617669626,0.3994294817142483,0.0022110382099788596,5.5436896204918336e-17,3.0258139433822295e-17,0.01960000005029493,0.012737064666739717,0.011650820518256132,0.06618408062611539,0.07556474803523704
quality_linear,1.0,1e+22,exponential,4096,fixed_ref,16,False,1.7454695167374905,2337.3675088726836,1.0,913152.3468618996,0.41663254110330095,True,500,Iteration limit reached,0.47537191324829836,0.1130225230103924,0.0968249177672214,0.005889682428320176,0.1137541912393151,0.052180965987387515,0.025462853299167403,9.839064313994412e-18,0.005487697229957311,0.39943233127051014,0.002211032135285043,1.8836371359705957e-17,6.148248902420307e-18,0.019599997845161612,0.012737068402101051,0.011650822774744133,0.06618116478084879,0.07556475182958795
quality_linear,1.0,1e+22,exponential,4096,fixed_ref,17,False,1.7454680730478682,2392.3762218177303,0.9999999962525528,913152.5687581161,0.41663254110330095,True,500,Iteration limit reached,0.47537191428830083,0.11302252282443599,0.09682483103637221,0.005889679092012081,0.11375419011848216,0.052180964688871206,0.02546285287697118,2.7322961902774992e-14,0.005487696181553568,0.39943242485009767,0.0022110319140365275,2.6363760015545866e-13,7.919501432067419e-09,0.01959999714458899,0.012737063435506435,0.01165082097150495,0.06618116518894465,0.07556475175683013
quality_linear,1.0,1e+22,exponential,4096,fixed_ref,18,False,1.7454680939926441,2386.3263799392757,0.9999999957300215,913152.2338558174,0.41663254110330095,True,500,Iteration limit reached,0.47537191271865153,0.11302252019213616,0.09682482971685775,0.005889677923315716,0.11375418952596528,0.05218098111574616,0.025462851693746878,4.797640988296334e-12,0.0054876952412977655,0.3994324274026728,0.0022110306615954704,6.069069204978892e-11,4.014643949600001e-09,0.019599995708681324,0.012737063254875157,0.011650819657294212,0.06618116310379549,0.07556475072188741
quality_linear,1.0,1e+22,exponential,4096,fixed_ref,19,False,1.745468084303592,2397.516630354512,1.0,913152.5924449213,0.41663254110330095,True,500,Iteration limit reached,0.4753719143993182,0.11302252264715908,0.09682483135502135,0.00588967888901925,0.11375418958574347,0.0521809243684758,0.025462853646614072,3.745784638510986e-27,0.0054876961938658455,0.39943242499404985,0.002211032770094223,2.9507140540928625e-27,4.60564138036072e-08,0.019599997422480434,0.012737064261143531,0.011650821238179796,0.06618116465447904,0.07556475191726059
quality_linear,1.0,1e+22,exponential,4096,fixed_ref,20,False,1.7454737226594275,2421.5621192150006,1.0,912592.245704395,0.41663254110330095,True,500,Iteration limit reached,0.47536928731176703,0.1130225409193606,0.09682874770965212,0.005889701928057942,0.11375638180718513,0.05217782010422046,0.025463089509960925,2.5863503996040318e-17,0.005488313649149313,0.3992919154008104,0.0022114817180452773,1.6865264310015124e-19,8.022390265674401e-07,0.019656433351838386,0.012812351201478363,0.011651529550068727,0.06618342937767936,0.07556546153346635
quality_linear,1.0,1e+22,exponential,4096,fixed_ref,21,True,1.7454680824911586,2396.2887404272306,0.9999999999723999,913152.2560182781,0.41663254110330095,True,241,Optimization terminated successfully,0.4753719128225245,0.11302252252805874,0.09682483014732368,0.0058896781889612,0.11375418900631712,0.052180983740262935,0.02546285207507115,3.2510913492230693e-14,0.005487695359940139,0.39943242343441643,0.0022110310225628605,3.581355489047794e-14,1.3035480438667331e-11,0.019599996249478713,0.012737062710567298,0.011650820388365533,0.06618116405546158,0.0755647510801088
quality_linear,1.0,1e+22,exponential,4096,fixed_ref,22,False,1.7454680733954624,2392.268968214539,0.9999999999999796,913152.5310009363,0.41663254110330095,True,500,Iteration limit reached,0.4753719141113372,0.11302252338216273,0.0968248308439606,0.005889678801187933,0.1137541897416151,0.052180974046792124,0.025462852892880403,1.4547124467338084e-16,0.005487696144584446,0.39943242409682017,0.0022110318314558655,8.481165263594615e-16,1.2365940724261286e-11,0.019599997019761284,0.012737063490998167,0.011650821091144153,0.06618116470795407,0.07556475189631615
quality_linear,1.0,1e+22,exponential,4096,fixed_ref,23,False,1.745468075980009,2391.761055101405,0.9999999999999881,913152.2803819904,0.41663254110330095,True,500,Iteration limit reached,0.4753719129367145,0.1130225224749449,0.09682483046890754,0.005889678309475352,0.11375418867647022,0.05218098289992989,0.0254628526300263,2.7030437564712224e-15,0.0054876952068519235,0.3994324234472141,0.0022110311705312346,1.675651966647851e-18,2.4716404006684183e-16,0.019599996254728948,0.01273706263120074,0.011650820498755685,0.06618116411443156,0.07556475121652872
quality_linear,1.0,1e+22,power,4096,fixed_ref,0,True,1.7454685723130443,2388.5551918787355,0.9999999964525985,913152.4895238897,0.41663254110330095,True,263,Optimization terminated successfully,0.475371913916939,0.11302252307889651,0.09682483093286112,0.00588967838134204,0.1137541898043504,0.05218097372654018,0.02546285263898,7.936948408115101e-19,0.005487696104262902,0.39943242344406243,0.0022110319310726235,6.466482591221987e-18,1.6642887150973776e-09,0.019599997058713296,0.012737063199804038,0.011650820706910986,0.06618116533863251,0.07556475198928235
quality_linear,1.0,1e+22,power,4096,fixed_ref,1,True,1.7454686845939031,2408.907846540104,0.9999999999999433,913152.571988725,0.41663254110330095,True,479,Optimization terminated successfully,0.47537191430344233,0.11302252363328964,0.09682483078323269,0.005889679442583311,0.1137541899605564,0.05218097194794974,0.02546285272816389,3.3880085298488277e-16,0.005487696416735833,0.3994324234439313,0.002211031746183355,4.097801072774172e-15,5.177754808868328e-10,0.0195999970881339,0.01273706377868188,0.01165082156013759,0.0661811650405514,0.0755647519120891
quality_linear,1.0,1e+22,power,4096,fixed_ref,2,False,1.745468564374625,2393.1422890893364,0.9999999968767814,913152.5040040629,0.41663254110330095,True,500,Iteration limit reached,0.47537191398480594,0.11302252222877333,0.09682483189693637,0.00588967851676802,0.11375418920884892,0.052180973606393725,0.025462853222096928,3.7204230345568153e-14,0.005487695676552045,0.3994324243558663,0.0022110319834628325,2.8552352249207087e-13,1.5021722414803024e-09,0.01959999659812576,0.012737064325400418,0.011650821795957642,0.06618116429665143,0.07556475078567143
quality_linear,1.0,1e+22,power,4096,fixed_ref,3,False,1.7454687206125652,2411.0387938608046,0.9999999999999801,913152.3273749822,0.41663254110330095,True,500,Iteration limit reached,0.47537191315696536,0.11302252294626405,0.09682483059995617,0.005889678719846689,0.1137541886897845,0.05218098119409321,0.02546285201217839,3.536495297513795e-14,0.005487696295408359,0.39943242345127683,0.002211031101960315,1.8918112703528466e-14,1.017762431935917e-12,0.019599997071869924,0.012737062991622687,0.011650819584257425,0.06618116439323263,0.07556475094717682
quality_linear,1.0,1e+22,power,4096,fixed_ref,4,True,1.7454685663822347,2392.772757226237,1.0,913152.2771914495,0.41663254110330095,True,388,Optimization terminated successfully,0.4753719129217608,0.11302252257800056,0.09682483016522302,0.005889677977526398,0.11375418905795692,0.05218098286600235,0.025462852085395102,1.5090828841687465e-16,0.005487695201301284,0.3994324234361841,0.0022110310926799245,1.4948768791211742e-16,1.304413321490364e-10,0.019599996227946604,0.012737063060902137,0.011650820414373878,0.06618116429420363,0.07556475141186218
quality_linear,1.0,1e+22,power,4096,fixed_ref,5,False,1.7454685641758452,2391.746910597014,0.99999999987039,913152.5559423096,0.41663254110330095,True,500,Iteration limit reached,0.4753719142282346,0.11302252420718634,0.09682483137353495,0.005889678627232746,0.11375419052462023,0.0521809721736804,0.02546285309179425,7.996753474263713e-11,0.005487697133920503,0.39943242350021,0.0022110318044273945,1.4520747379917953e-10,4.5390227438555784e-10,0.019599996852822484,0.012737063466647503,0.011650820301472534,0.06618116425303809,0.07556475201033512
quality_linear,1.0,1e+22,power,4096,fixed_ref,6,False,1.745468565241117,2390.8686459356513,0.9999999999999605,913152.5615597547,0.41663254110330095,True,500,Iteration limit reached,0.47537191425456293,0.1130225229372191,0.09682482996702338,0.00588967995166956,0.11375419096436747,0.05218096990434392,0.025462853139852935,1.7564494334341596e-09,0.005487695796762253,0.3994324253767308,0.0022110311563885363,1.0364068067641775e-10,4.0338752361229345e-10,0.01959999651905273,0.012737063696836266,0.011650821429709326,0.0661811638039647,0.07556475309260136
quality_linear,1.0,1e+22,power,4096,fixed_ref,7,False,1.745468574409133,2392.8283353970864,0.9999990255225195,913152.1352481358,0.41663254110330095,True,500,Iteration limit reached,0.47537191225648834,0.11302252303170121,0.09682483343766547,0.005889679092214899,0.11375419809705516,0.05218054757586748,0.025462852712508248,2.7251990760510836e-17,0.005487702178771106,0.39943241140609914,0.0022110330425314535,8.04935699529775e-17,4.2312320468808496e-07,0.019599994827685686,0.012737063315395128,0.011650821265566578,0.06618116530038173,0.07556475159335199
quality_linear,1.0,1e+22,power,4096,fixed_ref,8,False,1.7454706628265253,2326.268186644661,0.9999999982842719,913152.7005560332,0.41663254110330095,True,500,Iteration limit reached,0.47537191490602265,0.11302252364709016,0.09682483050405225,0.005889680031924341,0.11375419046124237,0.052180962644028904,0.025462853340910294,1.1179175302638847e-15,0.005487695948643158,0.3994324263799323,0.0022110325715066414,1.2700975608322645e-14,5.556016961981613e-09,0.019599996425167392,0.012737063264553814,0.011650822377851658,0.06618116484856106,0.07556475199850489
quality_linear,1.0,1e+22,power,4096,fixed_ref,9,True,1.7454810895501456,2563.1023748177868,1.0,913152.3256599685,0.41663254110330095,True,499,Optimization terminated successfully,0.4753719131489273,0.1130225230835882,0.09682483022763776,0.00588967834833117,0.11375418924417458,0.052180981241464953,0.02546285235680196,4.386801712988591e-17,0.005487695485657007,0.39943242344259766,0.0022110311381659713,3.555069452489306e-18,1.313206318951064e-19,0.019599996358446507,0.01273706277770984,0.011650820695382653,0.06618116429277358,0.07556475130726813
quality_linear,1.0,1e+22,power,4096,fixed_ref,10,True,1.7454686879265129,2408.983439060792,0.9999999999999549,913152.3366815826,0.41663254110330095,True,293,Optimization terminated successfully,0.47537191320058436,0.11302252405945513,0.09682483023369291,0.005889678399426814,0.11375418910313032,0.05218097788495364,0.02546285186120924,9.564290827529917e-14,0.005487695401480797,0.39943242343654306,0.0022110315408120185,3.877858021255105e-13,2.7720696814733573e-09,0.019599996674029844,0.012737062659063861,0.011650820015520601,0.06618116471263297,0.07556475124549583
quality_linear,1.0,1e+22,power,4096,fixed_ref,11,False,1.7454685623073467,2393.231944208982,0.9999999999999929,913152.7270317202,0.41663254110330095,True,500,Iteration limit reached,0.47537191503011117,0.11302252402222893,0.09682483131895439,0.005889679511824697,0.11375419067158363,0.052180951115242624,0.025462853416738502,1.3722889466949781e-16,0.005487696711701275,0.3994324245403135,0.0022110322621437554,7.657928961038909e-14,1.5463741001342917e-08,0.01959999739446557,0.012737064572735986,0.011650821738152328,0.06618116507227438,0.07556475218782274
quality_linear,1.0,1e+22,power,4096,fixed_ref,12,False,1.745468566801916,2395.9048917554073,0.9999999993280781,913152.7448805965,0.41663254110330095,True,500,Iteration limit reached,0.4753719151137668,0.11302252451968352,0.09682483195033441,0.005889679331566514,0.11375418972598775,0.05218096756316048,0.025462851554556926,1.2059034500670605e-13,0.00548769429469794,0.39943243152866914,0.0022110299173904446,1.44219805853223e-14,2.347085790246062e-13,0.01959999708466643,0.012737063284949026,0.011650821294099448,0.06618116538675818,0.07556475256311003
quality_linear,1.0,1e+22,power,4096,fixed_ref,13,False,1.7454685752091867,2392.246350247097,0.9999999999998924,913151.3430942959,0.41663254110330095,True,500,Iteration limit reached,0.47537190854374994,0.11302252248113394,0.09682492251079211,0.005889679434589876,0.11375419049506807,0.05218096330542091,0.02546289731561647,6.633931793102747e-18,0.005487695071620344,0.39943213099170544,0.002211036564881282,5.2712657502460425e-16,6.438076605225397e-09,0.01959999827770906,0.012737062634629023,0.011650818561415624,0.06618132282504749,0.07556475309229337
quality_linear,1.0,1e+22,power,4096,fixed_ref,14,False,1.7454685651561226,2392.356640498529,0.9999999996709953,913152.413285378,0.41663254110330095,True,500,Iteration limit reached,0.4753719135596177,0.11302252290396538,0.09682483064746883,0.005889679168763729,0.1137541895004191,0.05218089659976605,0.025462852779497315,1.6981288868941045e-17,0.005487696167833985,0.399432423688177,0.002211031609498214,4.512055635309264e-17,7.873849324373553e-08,0.01959999692900133,0.012737063478444277,0.011650821072785509,0.06618116503967907,0.07556475167620688
quality_linear,1.0,1e+22,power,4096,fixed_ref,15,True,1.7454686580054324,2405.671478723138,1.0,913150.7848175792,0.41663254110330095,True,317,Optimization terminated successfully,0.4753719059271661,0.11302252290201459,0.09682483102589189,0.00588967866398104,0.11375418915645728,0.0521792329145621,0.025462853474607878,3.669242867800808e-20,0.005487695872936843,0.3994324207921603,0.0022110325454766768,0.0,1.7391575730796378e-06,0.019599997667640808,0.01273706430101444,0.011650820396907739,0.06618116538447372,0.07556475574430162
quality_linear,1.0,1e+22,power,4096,fixed_ref,16,True,1.7454685653397197,2390.4982626208916,0.9999999997007388,913152.624578426,0.41663254110330095,True,214,Optimization terminated successfully,0.4753719145499243,0.11302252382879065,0.0968248317874739,0.005889680223515088,0.11375418952692491,0.052180970271166784,0.02546285305547459,7.705608917657103e-11,0.005487697283234659,0.3994324234371945,0.0022110318878873136,8.492056993168123e-18,2.079502441811471e-10,0.019599997000060924,0.012737063642764347,0.01165082148504644,0.06618116514002455,0.07556475114543501
quality_linear,1.0,1e+22,power,4096,fixed_ref,17,False,1.7454694314707595,2436.35608559352,0.999999999998749,913152.4202783889,0.41663254110330095,True,500,Iteration limit reached,0.47537191359239317,0.11302252273216541,0.09682483057153096,0.005889678690678596,0.11375418947918485,0.052180975909959126,0.025462852615335596,6.532336768819518e-25,0.005487695923367914,0.39943242345086105,0.0022110315318169867,2.73143414913728e-24,1.9514261150216514e-09,0.019599996790660348,0.012737063088202794,0.011650820937498097,0.06618116475131575,0.07556475157599642
quality_linear,1.0,1e+22,power,4096,fixed_ref,18,True,1.745468566166378,2392.6290591286856,0.9999999999999997,913152.299993233,0.41663254110330095,True,192,Optimization terminated successfully,0.4753719130286302,0.11302252178927567,0.09682483195951165,0.005889678294004156,0.11375418867347534,0.05218098227125401,0.025462851837244598,3.488230315945184e-18,0.00548769521386173,0.3994324234434814,0.002211030878550721,1.832266568484579e-17,9.260623489444357e-17,0.01959999674934675,0.012737062457711567,0.011650820193006558,0.06618116455655161,0.07556475168272402
quality_linear,1.0,1e+22,power,4096,fixed_ref,19,False,1.7454685948874475,2400.8956509420937,0.9999999995022917,913152.5545463011,0.41663254110330095,True,500,Iteration limit reached,0.47537191422169167,0.11302252380867481,0.09682483104463732,0.005889678447218435,0.11375418801633753,0.052180965363072374,0.025462849218747422,2.4594321860213333e-11,0.005487695150497283,0.39943243108326487,0.00221103133000704,2.0059010518072256e-12,8.570923537655296e-09,0.01959999690638549,0.012737064631787512,0.01165082129030027,0.06618116332629244,0.07556475178525343
quality_linear,1.0,1e+22,power,4096,fixed_ref,20,True,1.745468563341501,2392.5444862025147,0.9999999972366326,913152.6046328809,0.41663254110330095,True,305,Optimization terminated successfully,0.4753719144564418,0.11302252440722801,0.09682483110467367,0.005889679479160326,0.11375418995847143,0.052180970187107156,0.025462852889835342,1.4992374096165455e-16,0.005487696167827317,0.3994324234420253,0.0022110317904017107,5.5929589768570016e-11,9.443391655054967e-10,0.019599997228995046,0.012737063589110708,0.011650821468212662,0.06618116522440963,0.07556475206227277
quality_linear,1.0,1e+22,power,4096,fixed_ref,21,True,1.745468566722139,2395.9488784131436,1.0,913152.766980556,0.41663254110330095,True,203,Optimization terminated successfully,0.4753719152173468,0.11302252447910519,0.09682483189804778,0.0058896803175095555,0.11375419159664756,0.052180965333621716,0.025462854251516,8.524462257221192e-17,0.0054876961553893076,0.399432422300868,0.002211031987459015,9.529387726197306e-18,3.781055516845944e-17,0.019599997919706538,0.012737062956424083,0.011650822091276878,0.06618116645459347,0.07556475225783482
quality_linear,1.0,1e+22,power,4096,fixed_ref,22,True,1.745468564828943,2392.4811442825185,1.0,913152.444751366,0.41663254110330095,True,170,Optimization terminated successfully,0.47537191370709525,0.11302252346195518,0.09682482977390237,0.005889679537941639,0.11375418872294343,0.052180976997019186,0.025462852637201903,7.901493103049073e-19,0.005487696285053429,0.39943242344249974,0.00221103156368265,1.4686399135736102e-17,2.438566830025256e-18,0.01959999487392049,0.012737063605919485,0.01165082095123452,0.0661811656257048,0.0755647525210211
quality_linear,1.0,1e+22,power,4096,fixed_ref,23,True,1.7454685915123478,2400.0533835679616,0.9999997455511505,913152.4560569875,0.41663254110330095,True,328,Optimization terminated successfully,0.4753719137600834,0.11302252420295882,0.09682483155249283,0.005889679492809725,0.11375419042389427,0.05218065710189639,0.025462853770027053,2.250384728915434e-16,0.005487696592217652,0.39943242343954577,0.002211032504232326,1.2898700485847471e-17,3.082205869210362e-07,0.019599997828053748,0.0127370642255516,0.011650822024080973,0.06618116593410917,0.07556475268754247
quality_linear,1.0,1e+22,logarithmic,4096,fixed_ref,0,True,1.745466824153422,2388.489149187545,1.0,913152.2826940315,0.41663254110330095,True,183,Optimization terminated successfully,0.47537191294755077,0.11302252253886996,0.09682483031591996,0.005889678008995346,0.11375418917162548,0.05218098281160791,0.02546285197100475,2.6532961287282076e-18,0.005487695553430132,0.39943242344362145,0.0022110306789717466,1.17919420496541e-18,1.465384631760093e-17,0.01959999471831547,0.0127370641371726,0.011650821546817283,0.06618116392832063,0.07556475117532736
quality_linear,1.0,1e+22,logarithmic,4096,fixed_ref,1,True,1.7454668202278703,2389.1750723230875,1.0,913152.4790544849,0.41663254110330095,True,226,Optimization terminated successfully,0.4753719138678701,0.11302252226567457,0.09682483067014079,0.005889679208595226,0.11375419027976048,0.052180963920339156,0.025462852853331632,3.7124246856527664e-18,0.005487696058807235,0.39943242343923496,0.0022110320349946967,6.3545271845290436e-18,1.1557124271978665e-08,0.01959999541073019,0.01273706339518539,0.011650821067981154,0.06618116571609907,0.07556475212200119
quality_linear,1.0,1e+22,logarithmic,4096,fixed_ref,2,False,1.745467512742017,2403.922234927529,1.0,913085.0123297503,0.41663254110330095,True,500,Iteration limit reached,0.47537159764728537,0.11302257353143193,0.09682484308135014,0.005896687256460062,0.11375419989402343,0.052180915776223136,0.02546634150691564,0.0,0.005487696127472005,0.3994169288125515,0.00221154444291963,1.7666154182959658e-16,0.0,0.019600061723012745,0.012741440155423873,0.011650801352646158,0.06618120999243114,0.0755647563471387
quality_linear,1.0,1e+22,logarithmic,4096,fixed_ref,3,False,1.7454668169961705,2394.277402990798,0.9999999995715377,913152.6279784879,0.41663254110330095,True,500,Iteration limit reached,0.47537191456586,0.11302252491840944,0.09682483214845324,0.0058896815630858895,0.1137541889698386,0.052180961809946164,0.02546285344053288,2.061057475289334e-09,0.0054876959773398305,0.39943242072595775,0.0022110339861996673,5.894010230484247e-12,4.7587073215187545e-09,0.019599997628698115,0.01273706234690383,0.011650821335016631,0.06618116655362451,0.07556475177033473
quality_linear,1.0,1e+22,logarithmic,4096,fixed_ref,4,True,1.7454668186809992,2391.2098824695895,0.9999999999999996,913152.2569501573,0.41663254110330095,True,232,Optimization terminated successfully,0.4753719128268921,0.11302252258317226,0.09682483012322915,0.005889678195394992,0.11375418902357515,0.05218098371722012,0.025462852072026775,4.867507667249773e-19,0.0054876953250133035,0.39943242344389474,0.0022110310167562743,1.0361790706219493e-17,7.81044901735991e-18,0.01959999625945325,0.012737062727003935,0.011650820355239962,0.06618116408615951,0.07556475107186068
quality_linear,1.0,1e+22,logarithmic,4096,fixed_ref,5,False,1.745466840215969,2385.1699442033973,0.9999999999404675,913152.3076235048,0.41663254110330095,True,500,Iteration limit reached,0.4753719130643924,0.11302252258500618,0.09682483000943809,0.005889678023686033,0.11375418931690479,0.05218098172514179,0.025462852163584675,2.553959027892938e-16,0.005487695485922956,0.3994324235115508,0.002211030908678661,2.401232877346149e-16,2.043742473477864e-10,0.019599996568154605,0.012737062997808461,0.011650820701925019,0.06618116443889319,0.07556475135892989
quality_linear,1.0,1e+22,logarithmic,4096,fixed_ref,6,False,1.7454668985380424,2378.7802169504953,0.9999999970278214,913152.5300077873,0.41663254110330095,True,500,Iteration limit reached,0.47537191410668245,0.11302252266205687,0.09682483142048846,0.005889678838381089,0.11375419004935343,0.052180967510772024,0.025462851765237916,6.837822665550542e-10,0.005487696187489601,0.3994324284941018,0.0022110316070465246,3.3432432212516955e-09,7.803718826586319e-10,0.01959999587435949,0.012737063760159721,0.011650820150029693,0.06618116388723796,0.07556475298588794
quality_linear,1.0,1e+22,logarithmic,4096,fixed_ref,7,False,1.745466816275329,2392.5897786918567,1.0,913152.4847158474,0.41663254110330095,True,500,Iteration limit reached,0.47537191389440425,0.11302252309268852,0.09682483117527253,0.005889678673167253,0.11375418981095924,0.05218097308984114,0.025462852160974925,4.4406381913699915e-22,0.005487696231140568,0.39943242354327263,0.002211032006480316,1.6183568501399505e-16,2.4564180524429777e-09,0.019599996437625274,0.012737062784578632,0.011650822014614714,0.0661811644030348,0.07556475211993116
quality_linear,1.0,1e+22,logarithmic,4096,fixed_ref,8,False,1.7454668177404,2391.0430526839964,1.0,913152.3737789878,0.41663254110330095,True,500,Iteration limit reached,0.4753719133744557,0.11302252044493252,0.0968248305632475,0.005889679844130506,0.1137541898237903,0.05218097836154121,0.025462850551442682,2.2531923275854773e-19,0.005487695779965919,0.3994324237196276,0.0022110322940761076,1.5090078453155235e-18,1.4213432231612643e-09,0.019599995287149525,0.012737064329632616,0.011650820517498451,0.06618116531741192,0.07556475174420993
quality_linear,1.0,1e+22,logarithmic,4096,fixed_ref,9,True,1.7454672888337495,2360.3405412710104,0.9999999995318658,913152.598508255,0.41663254110330095,True,359,Optimization terminated successfully,0.47537191442773635,0.11302252431004486,0.09682483119503878,0.005889679317139802,0.11375419034650194,0.05218096914078093,0.025462852964508773,0.0,0.005487696307816117,0.3994324234440611,0.0022110313957335653,9.141820659368084e-10,8.164387205941377e-10,0.01959999766172754,0.01273706349625929,0.011650820970103188,0.06618116567185121,0.07556475204781206
quality_linear,1.0,1e+22,logarithmic,4096,fixed_ref,10,True,1.7454668292249231,2396.9929516789434,0.9999999999999996,913152.2646661786,0.41663254110330095,True,224,Optimization terminated successfully,0.47537191286305625,0.11302252268471566,0.0968248302896335,0.005889678380916254,0.11375418902914089,0.052180970740298614,0.025462852058824786,0.0,0.005487695390695023,0.3994324233435092,0.002211031174683293,0.0,1.2234089651308845e-08,0.019599996352729052,0.012737062747080757,0.011650820334450874,0.06618116417429547,0.07556475106493712
quality_linear,1.0,1e+22,logarithmic,4096,fixed_ref,11,True,1.745466817388632,2392.7286135537825,0.9999999999999986,913152.3732444249,0.41663254110330095,True,283,Optimization terminated successfully,0.4753719133719503,0.11302252258628352,0.09682483061935958,0.005889678678847348,0.11375418951275944,0.052180945514114715,0.025462852561521837,1.0750937890473896e-16,0.005487695793676031,0.3994324234430472,0.002211031488487249,1.610603675120245e-15,3.289706853823572e-08,0.01959999672962335,0.01273706321965648,0.011650820844734998,0.0661811645722644,0.07556475153855362
quality_linear,1.0,1e+22,logarithmic,4096,fixed_ref,12,True,1.7454668186954845,2391.077936722723,1.0,913152.2680749904,0.41663254110330095,True,188,Optimization terminated successfully,0.47537191287903297,0.113022521962215,0.09682483021592676,0.005889678349494294,0.11375418943071117,0.052180983256335856,0.02546285187300851,9.957258600190688e-20,0.005487695311876222,0.3994324234355964,0.0022110311062932715,0.0,1.2086462428956496e-10,0.01959999615164439,0.012737062758380253,0.011650820374000387,0.06618116438419958,0.0755647512694533
quality_linear,1.0,1e+22,logarithmic,4096,fixed_ref,13,True,1.7462267099686006,4095.530680730191,0.9999999988348398,913105.8728136204,0.41663254110330095,True,248,Optimization terminated successfully,0.4753716954241195,0.11302260582035595,0.09682488787857846,0.005890113317340058,0.11375642747680996,0.052180997365786394,0.025463702575231516,1.6089543163599487e-18,0.005489236503619233,0.39942214883762645,0.00221452542287107,1.9449129217603325e-13,3.7511412587001353e-13,0.019600021967081178,0.012738405540146587,0.011650822378217835,0.06618139099897194,0.07556471391679385
quality_linear,1.0,1e+22,logarithmic,4096,fixed_ref,14,False,1.7454668161699973,2394.2041325871996,0.9999999980188486,913152.7019903926,0.41663254110330095,True,500,Iteration limit reached,0.47537191491274533,0.1130225220033536,0.0968248312255978,0.00588968016515682,0.11375419052085836,0.05218096723971392,0.025462853265818857,1.0889167890264073e-10,0.005487697110038233,0.39943242438073756,0.0022110314368728413,3.3758918315237597e-13,7.552526430361181e-10,0.01959999815156155,0.012737064011335293,0.011650821885341616,0.0661811650569586,0.0755647526821731
quality_linear,1.0,1e+22,logarithmic,4096,fixed_ref,15,False,1.7454668238887094,2388.0176936444964,1.0,913152.4915736597,0.41663254110330095,True,500,Iteration limit reached,0.47537191392654604,0.11302252311138104,0.09682483096213648,0.005889678932483219,0.11375418980464305,0.05218097530961683,0.02546285287119663,1.363594580473506e-15,0.005487696208096498,0.39943242346438185,0.0022110318781164238,1.4227817300842576e-18,6.696148865001389e-11,0.019599996976866076,0.0127370633963751,0.011650821257365685,0.06618116394777433,0.07556475181260387
quality_linear,1.0,1e+22,logarithmic,4096,fixed_ref,16,False,1.745466880464889,2404.0376893697176,0.9999999999999977,913152.610332381,0.41663254110330095,True,500,Iteration limit reached,0.4753719144831547,0.11302252541192177,0.09682483129359293,0.005889679449587317,0.11375419105080832,0.05218096559515162,0.025462852458934187,1.2255102070955322e-16,0.005487696047923024,0.39943242436134463,0.002211032152111079,5.506467100884664e-17,5.317039445202287e-09,0.019599996103577575,0.01273706333744006,0.011650821257591001,0.06618116450347511,0.07556475165950184
quality_linear,1.0,1e+22,logarithmic,4096,fixed_ref,17,True,1.7454668496836074,2383.861153200641,0.9999999999999999,913152.2844825238,0.41663254110330095,True,163,Optimization terminated successfully,0.47537191295593323,0.11302252272206914,0.0968248301986658,0.005889678235162527,0.11375418908129437,0.05218098273083395,0.025462852155971934,5.813247618665817e-17,0.005487695385382655,0.399432423442253,0.0022110310933907665,4.3168232724013994e-17,9.068719607542093e-17,0.01959999638357839,0.012737062798265671,0.011650820417390509,0.06618116411629144,0.0755647512394495
quality_linear,1.0,1e+22,logarithmic,4096,fixed_ref,18,False,1.7454668181252389,2390.714229445006,0.9999999994389872,913152.3732936244,0.41663254110330095,True,500,Iteration limit reached,0.4753719133721809,0.11302252299132089,0.09682483016789512,0.005889678000105779,0.11375418952585731,0.05218097907942643,0.025462852475492168,1.2458189169907522e-16,0.0054876958575019105,0.39943242359936815,0.002211031403900746,1.2500797797643055e-16,4.941656323136982e-10,0.0195999961004791,0.01273706359396243,0.011650820755764532,0.06618116486829466,0.07556475108646502
quality_linear,1.0,1e+22,logarithmic,4096,fixed_ref,19,False,1.7454668169712577,2393.042737793134,0.9999999999996086,913152.4417915093,0.41663254110330095,True,500,Iteration limit reached,0.47537191369322274,0.1130225228832724,0.09682483072420292,0.0058896787042534504,0.11375418969395923,0.05218097715811476,0.0254628526275551,1.6513723201695823e-14,0.0054876958620328565,0.3994324234575513,0.002211031563887985,2.7988434014217255e-14,5.98361795511641e-13,0.01959999678653184,0.012737063358323315,0.011650820912116782,0.0661811646360464,0.07556475163150889
quality_linear,1.0,1e+22,logarithmic,4096,fixed_ref,20,True,1.7454668341489936,2398.561973596825,1.0,913152.6140340242,0.41663254110330095,True,266,Optimization terminated successfully,0.47537191450050387,0.11302252345227247,0.09682483532758383,0.005889679546693259,0.11375419108444774,0.05218093329369505,0.025462852158196825,1.424656855450336e-15,0.005487696608725933,0.3994324139364146,0.0022110324105630817,7.52635484176086e-18,3.4954618113512885e-08,0.019600004582312792,0.012737063483070181,0.01165082160648264,0.06618116514297925,0.07556475241194288
quality_linear,1.0,1e+22,logarithmic,4096,fixed_ref,21,True,1.7454668181659296,2393.426001994304,0.9999999999999977,913152.3565821042,0.41663254110330095,True,142,Optimization terminated successfully,0.47537191329385586,0.1130225227067963,0.0968248297746528,0.005889680337692608,0.11375418779632865,0.05218098016564829,0.025462853319261965,3.562639298835044e-17,0.0054876955510864325,0.3994324233235194,0.0022110315224131705,8.04293755012779e-18,2.4799418204692214e-17,0.01959999697666549,0.012737062582196595,0.011650820763651369,0.06618116405600236,0.07556475112408438
quality_linear,1.0,1e+22,logarithmic,4096,fixed_ref,22,True,1.7454668168732341,2389.713980686704,0.999999994963266,913152.6986946175,0.41663254110330095,True,187,Optimization terminated successfully,0.4753719148972984,0.11302252518408593,0.09682483052546201,0.005889680698368646,0.11375419050418262,0.05218096778421693,0.025462852247292615,2.719159038397929e-19,0.005487696701080327,0.3994324229627672,0.0022110328757245622,1.3507307948336356e-18,3.085236774647818e-17,0.01959999753981246,0.012737064421273607,0.011650821687819902,0.06618116576247407,0.07556475110543909
quality_linear,1.0,1e+22,logarithmic,4096,fixed_ref,23,False,1.7456996952856758,3219.638955506921,0.9999999998925853,913120.8257817241,0.41663254110330095,True,500,Iteration limit reached,0.4753717655099919,0.1130225258984573,0.09683016305920826,0.0058900142734625415,0.11375457858571253,0.05218080639111923,0.025463299148547294,3.231794772124899e-13,0.0054877301664995925,0.3994242442171894,0.002211685551841742,0.0,1.1309013268935224e-11,0.01959998092333291,0.012737149076185197,0.011650901035984334,0.06618129530518774,0.0755656263556398
quality_linear,1.0,1e+24,exponential,4096,fixed_ref,0,False,1.717810031012316,9999.999952035016,0.9999999999999989,913152.7279880238,0.41663254110330095,True,500,Iteration limit reached,0.47537191503459325,0.11302252302684823,0.09682483021408472,0.005889679820692163,0.1137541868126627,0.05218092638746805,0.02546285378237941,1.8837801821590575e-11,0.005487697244984494,0.3994324290838056,0.002211032740637366,6.335002933713019e-12,4.003461666562355e-08,0.019599997926175873,0.012737061493145702,0.011650822371401205,0.06618116595138787,0.07556475308453715
quality_linear,1.0,1e+24,exponential,4096,fixed_ref,1,True,1.7178100323825434,9999.999911331264,1.0,913152.3738122226,0.41663254110330095,True,212,Optimization terminated successfully,0.4753719133746115,0.11302252208987913,0.09682483047552912,0.005889678670255744,0.11375418933822302,0.05218097889405121,0.025462852534503855,0.0,0.005487695976995978,0.39943242344374397,0.002211031179287812,1.3897568035582897e-21,7.141087730935399e-10,0.01959999711498129,0.012737063292419248,0.011650820509787363,0.06618116462882517,0.07556475113740821
quality_linear,1.0,1e+24,exponential,4096,fixed_ref,2,False,1.717810031752332,9999.999992656147,1.0,913152.5338786687,0.41663254110330095,True,500,Iteration limit reached,0.4753719141248248,0.11302252421735418,0.09682483059768547,0.005889678176920891,0.11375418978257833,0.05218097232528375,0.02546285266550971,1.247034252281895e-17,0.00548769622586219,0.39943242345192165,0.00221103177736197,2.6443888402577574e-18,1.4010479566874035e-09,0.01959999813718521,0.012737063430675502,0.0116508212023493,0.06618116525493808,0.07556475135332584
quality_linear,1.0,1e+24,exponential,4096,fixed_ref,3,True,1.7178100323234378,9999.999975724995,0.9999999996336267,913152.3865269984,0.41663254110330095,True,185,Optimization terminated successfully,0.4753719134342042,0.11302252170213284,0.09682483146760647,0.005889679742078019,0.11375419033154154,0.05218097922114083,0.025462851657726233,3.301702708907973e-17,0.005487694179103876,0.3994324234413372,0.0022110309816571485,9.314578575780302e-17,9.970470859030008e-17,0.01959999638517468,0.01273706358535861,0.011650820193008376,0.06618116507924522,0.07556475203288876
quality_linear,1.0,1e+24,exponential,4096,fixed_ref,4,False,1.7178100319983627,9999.999802510949,0.9999999999999578,913152.4785509038,0.41663254110330095,True,500,Iteration limit reached,0.47537191386550987,0.11302252431975586,0.09682483024482329,0.005889677442228998,0.11375418928688724,0.05218097450198962,0.025462852094359514,3.393031898479141e-14,0.00548769671923755,0.3994324240295327,0.0022110315989942197,9.925445103672227e-17,1.2656856409044072e-09,0.01959999652690108,0.012737064696681602,0.011650820009340751,0.06618116465486033,0.07556475260868745
quality_linear,1.0,1e+24,exponential,4096,fixed_ref,5,False,1.717810033317318,9999.999968919332,0.9999999999999885,913152.1283331072,0.41663254110330095,True,500,Iteration limit reached,0.4753719122240784,0.11302252575900275,0.09682483042803085,0.00588967762467814,0.11375418725610564,0.052180979264968064,0.025462850174383427,8.069377686149558e-15,0.0054876954334223665,0.399432424332363,0.0022110304605314794,4.376995655179985e-10,7.835221278488268e-09,0.019599994226614095,0.01273706239410734,0.011650819719198723,0.06618116388377791,0.07556475076988718
quality_linear,1.0,1e+24,exponential,4096,fixed_ref,6,False,1.7178100324815848,9999.999984486887,0.9999999999918477,913152.3447775828,0.41663254110330095,True,500,Iteration limit reached,0.4753719132385294,0.11302252207971866,0.09682483141398407,0.005889677714669496,0.11375418855156917,0.052180980477175155,0.02546285126822356,1.960243677277111e-14,0.005487696002469635,0.39943242348907443,0.002211032419903529,1.4208393579581483e-14,1.843469395709681e-10,0.019599997296972604,0.012737063756858335,0.011650820446265406,0.06618116494956573,0.07556474994916948
quality_linear,1.0,1e+24,exponential,4096,fixed_ref,7,False,1.7178100392968862,9999.999887215083,0.9999976241855236,913152.3234296042,0.41663254110330095,True,500,Iteration limit reached,0.4753719131384738,0.11302252300230813,0.09682483076714817,0.0058896786522361685,0.11375418857262219,0.05218097833993739,0.025462852589292942,1.0237890383120803e-20,0.005487694284784961,0.3994324236358632,0.0022110318295479386,6.629499165660805e-19,2.9125973306085112e-09,0.019599994914369777,0.012737063153764955,0.011650820851323122,0.06618116539643946,0.07556475109776407
quality_linear,1.0,1e+24,exponential,4096,fixed_ref,8,True,1.7178100324216534,10000.0,1.0,913152.3596417578,0.41663254110330095,True,148,Optimization terminated successfully,0.4753719133081961,0.11302252281813205,0.09682483029399121,0.005889678678052741,0.11375418985501508,0.052180980065959046,0.02546285247805608,0.0,0.005487695710180601,0.39943242344408453,0.002211030958893577,0.0,2.2995907545879284e-16,0.01959999616898004,0.012737062806808674,0.011650820969908332,0.06618116440139371,0.07556475135054411
quality_linear,1.0,1e+24,exponential,4096,fixed_ref,9,True,1.7178100320326652,9999.999941821263,0.9999999999999842,913152.4633399852,0.41663254110330095,True,355,Optimization terminated successfully,0.475371913794218,0.11302252332430976,0.09682483213773212,0.005889676355432592,0.11375418988531116,0.052180976353182425,0.02546285311624179,7.791180599603285e-23,0.005487697237949803,0.3994324234427714,0.0022110319221417592,1.2091118013953893e-16,1.204835319046545e-14,0.019599998071542096,0.012737061427437846,0.011650820112459687,0.06618116524982055,0.07556475136365497
quality_linear,1.0,1e+24,exponential,4096,fixed_ref,10,False,1.7178100322957435,9999.999367752313,0.9999999992488006,913152.4214922013,0.41663254110330095,True,500,Iteration limit reached,0.4753719135980822,0.11302252461404702,0.09682483208063655,0.005889678543274117,0.11375419036249144,0.052180951852930715,0.025462852165045305,7.945227986022655e-11,0.005487694953766346,0.3994324237169604,0.002211031745706685,2.2290251882109983e-15,2.487241516320261e-08,0.01959999593064615,0.01273706242978536,0.01165081982324585,0.0661811648521567,0.07556475197743769
quality_linear,1.0,1e+24,exponential,4096,fixed_ref,11,False,1.7178100316835403,9999.999996976596,0.9999999999999692,913152.5515569757,0.41663254110330095,True,500,Iteration limit reached,0.47537191420768105,0.11302252330578767,0.0968248320896254,0.005889678553766396,0.1137541906904978,0.0521809709453161,0.025462852036957126,2.2437074154525967e-15,0.005487695688338136,0.39943242345023944,0.0022110319183976895,3.984182625898098e-18,2.212852154103917e-09,0.01959999694702465,0.01273706372153309,0.011650821590745647,0.06618116467008461,0.07556475217883182
quality_linear,1.0,1e+24,exponential,4096,fixed_ref,12,True,1.7178100328210826,9999.999999995256,1.0,913152.2558613332,0.41663254110330095,True,259,Optimization terminated successfully,0.4753719128217889,0.11302252238823979,0.09682483025529753,0.00588967837848781,0.11375418885203865,0.052180983771502064,0.02546285194741633,0.0,0.005487695292433896,0.39943242342699004,0.002211030915881777,0.0,0.0,0.019599996434415512,0.012737062957315085,0.011650820394973761,0.06618116412092691,0.07556475086408064
quality_linear,1.0,1e+24,exponential,4096,fixed_ref,13,True,1.7178100323745615,10000.0,1.0,913152.3718773159,0.41663254110330095,True,181,Optimization terminated successfully,0.4753719133655428,0.11302252255361644,0.09682483043150626,0.005889678674970124,0.11375418964917539,0.05218097962147742,0.025462852386854598,4.137458048489133e-19,0.005487695460088097,0.3994324234421758,0.002211031579610634,1.3284273376881521e-17,3.5550897262083476e-11,0.019599996701399964,0.012737063395343414,0.01165082072551334,0.06618116405029027,0.07556475129242733
quality_linear,1.0,1e+24,exponential,4096,fixed_ref,14,False,1.7178100323813397,9999.999978916712,0.9999999997981578,913152.3712176321,0.41663254110330095,True,500,Iteration limit reached,0.47537191336245094,0.1130225237000296,0.09682483069030773,0.005889679079540366,0.11375418984938945,0.05218097833665813,0.025462852039467354,4.433153216637454e-19,0.0054876953401545026,0.39943242358284126,0.0022110311617669354,1.5644578006326062e-18,1.214378335734611e-09,0.01959999616907291,0.012737063218906547,0.011650820742321552,0.06618116342202998,0.07556475145313533
quality_linear,1.0,1e+24,exponential,4096,fixed_ref,15,False,1.7178100311800117,9999.99962645568,1.0,913152.6991365628,0.41663254110330095,True,500,Iteration limit reached,0.47537191489936975,0.11302252243091497,0.09682483170988528,0.005889679632295279,0.11375419102396346,0.052180960717335696,0.025462853431667612,1.6555097209649892e-10,0.005487696660649536,0.39943242392262274,0.002211032070455241,8.917494380041926e-12,6.938915404663672e-09,0.01959999770680746,0.012737064171345616,0.011650821689224933,0.06618116479883235,0.07556475292061583
quality_linear,1.0,1e+24,exponential,4096,fixed_ref,16,False,1.7178100388045314,9999.999319602575,0.9999999995437788,913150.73232443,0.41663254110330095,True,500,Iteration limit reached,0.4753719056811362,0.1130225002926456,0.09682482725513049,0.005889675473444058,0.11375418787465695,0.05218098100075943,0.025462849964179784,3.566082136885666e-08,0.005487692347756969,0.39943242479695534,0.0022110257763525085,8.802859689512176e-11,3.2063008775957662e-09,0.019599997649151185,0.012737061034814093,0.011650819633662482,0.06618116479230582,0.07556475315303456
quality_linear,1.0,1e+24,exponential,4096,fixed_ref,17,False,1.7178100321522167,9999.999763716263,0.9999999968697151,913152.4426293015,0.41663254110330095,True,500,Iteration limit reached,0.4753719136971494,0.11302252302613239,0.09682483116125913,0.005889678588515442,0.11375418918588456,0.052180976805666156,0.025462854097041788,3.821074115310242e-20,0.005487695812683534,0.3994324236724381,0.0022110306491595665,1.8563262190241885e-20,3.3177115848117064e-10,0.019599997108095072,0.0127370622439999,0.011650821473232103,0.06618116388140215,0.07556475196271893
quality_linear,1.0,1e+24,exponential,4096,fixed_ref,18,True,1.7178100325037808,9999.999995144753,0.9999999998093065,913152.3386627998,0.41663254110330095,True,161,Optimization terminated successfully,0.4753719132098701,0.1130225231432872,0.09682482986435861,0.005889678736732857,0.11375418926240101,0.052180979820811116,0.02546285277329275,1.0432448301712464e-13,0.005487695510373572,0.39943242344395635,0.002211031287181575,4.1971503744170357e-16,9.220241148172105e-10,0.01959999655100039,0.012737062039349973,0.011650820610764947,0.0661811651905942,0.07556475084376664
quality_linear,1.0,1e+24,exponential,4096,fixed_ref,19,False,1.7178100310945772,9999.99994521708,0.9999999777725328,913152.7232489821,0.41663254110330095,True,500,Iteration limit reached,0.4753719150123819,0.11302252162945987,0.09682483077521266,0.005889679758072921,0.11375419017052077,0.0521809668178582,0.025462851407352702,3.196176826580138e-10,0.005487695823189242,0.39943242970769405,0.0022110308147809473,2.1886046110400169e-10,6.195122380026692e-10,0.01959999795733314,0.012737063771046235,0.011650821591011008,0.06618116570891895,0.07556475290955875
quality_linear,1.0,1e+24,exponential,4096,fixed_ref,20,False,1.717810038133929,9999.999916564446,0.9999999725028783,913150.8994340878,0.41663254110330095,True,500,Iteration limit reached,0.47537190646436167,0.11302251996718651,0.09682482995359408,0.005889677826575573,0.11375418769937232,0.05217940733339781,0.025462852894189987,1.1307631912398487e-09,0.00548769540398994,0.3994324280964394,0.002211031384019764,2.6946939396607474e-10,1.566204010332484e-06,0.01959999827105604,0.01273706356117511,0.011650822358807282,0.06618116492664522,0.07556475271930785
quality_linear,1.0,1e+24,exponential,4096,fixed_ref,21,False,1.7178100309721511,9999.99992331444,0.9999999997967102,913152.739871562,0.41663254110330095,True,500,Iteration limit reached,0.47537191509029003,0.11302252490843902,0.09682483156708373,0.0058896800578713245,0.11375418991200381,0.052180952206906064,0.025462852177966743,2.278659904224432e-09,0.005487696756967448,0.39943242559987474,0.0022110318891809316,2.339814743537465e-10,1.0263996295538475e-08,0.019599997686256258,0.012737064214103849,0.01165082223079471,0.0661811652570164,0.07556475275889725
quality_linear,1.0,1e+24,exponential,4096,fixed_ref,22,True,1.7178100327664838,10000.0,1.0,913152.2700470636,0.41663254110330095,True,264,Optimization terminated successfully,0.47537191288827585,0.1130225226265238,0.09682483016524342,0.005889678230424777,0.11375418906392996,0.05218098325031437,0.025462852110431596,0.0,0.00548769536319705,0.399432423444112,0.002211031056922626,3.8380335421603125e-19,0.0,0.019599996297324167,0.012737062767589354,0.011650820391374092,0.06618116412587077,0.07556475110674209
quality_linear,1.0,1e+24,exponential,4096,fixed_ref,23,False,1.7178100319178171,9999.999999999918,0.9999999999999916,913152.4905498469,0.41663254110330095,True,500,Iteration limit reached,0.47537191392174755,0.11302252346574454,0.09682482964680716,0.005889678312658981,0.11375418931067557,0.052180974132938866,0.02546285217518509,1.0054937021156843e-10,0.005487695970000856,0.39943242388364514,0.002211032207672999,4.595130572120115e-16,1.1177100531664704e-09,0.01959999756808495,0.012737063899393367,0.011650821504178184,0.06618116516863498,0.07556475153611927
quality_linear,1.0,1e+24,power,4096,fixed_ref,0,False,1.7178100798900005,9999.999999693724,0.9999999998091824,913152.5710316529,0.41663254110330095,True,500,Iteration limit reached,0.47537191429895664,0.11302252423956026,0.09682483093360053,0.0058896787735157365,0.1137541900189052,0.05218097188834544,0.025462852481779204,3.1447639930675705e-11,0.005487695863020072,0.3994324248770762,0.0022110317208763022,6.899762159446035e-14,7.229428252096451e-10,0.019599997315236622,0.012737063387816782,0.011650821106109745,0.06618116470956732,0.07556475193013115
quality_linear,1.0,1e+24,power,4096,fixed_ref,1,True,1.7178100810464276,9999.999999999469,0.9999999997811494,913152.2705737398,0.41663254110330095,True,182,Optimization terminated successfully,0.4753719128907443,0.11302252467489218,0.09682482992144732,0.005889673527351083,0.11375418961275886,0.052180952546269435,0.025462852428810294,5.59461107400706e-23,0.005487696547461543,0.39943242341339574,0.0022110308223662768,2.408502793230347e-15,2.941718862245088e-08,0.019599997744252314,0.012737062161978709,0.011650821043726152,0.06618116467128603,0.07556475146681306
quality_linear,1.0,1e+24,power,4096,fixed_ref,2,False,1.717810080664756,9999.9999764778,0.9999999999657205,913152.3706680504,0.41663254110330095,True,500,Iteration limit reached,0.4753719133598751,0.11302252322544176,0.09682482990156754,0.005889679424640611,0.11375418924248147,0.05218097917003027,0.025462852400972295,9.328954882158863e-20,0.0054876951145467,0.39943242350911745,0.002211031942152036,1.4693948481622182e-17,4.6115993117400786e-10,0.019599997533587404,0.012737063110533645,0.011650820271505895,0.06618116332303434,0.07556475136922852
quality_linear,1.0,1e+24,power,4096,fixed_ref,3,False,1.7178180075705851,9955.670529181645,1.0,913108.4957456279,0.41663254110330095,True,500,Iteration limit reached,0.47537170771811477,0.11302268772814686,0.09682598510573619,0.005890315966551985,0.11375443053942064,0.05218095818976651,0.025463146438774512,1.8597981718891225e-20,0.005487871192374313,0.399422538036259,0.0022111345348869564,4.2688964425471436e-19,9.642818713833391e-20,0.019600399883603924,0.012737573338489317,0.011651030242490649,0.06618164910698354,0.07557027969651574
quality_linear,1.0,1e+24,power,4096,fixed_ref,4,False,1.717810080684196,9999.999798145262,0.9999999999980149,913152.3736560954,0.41663254110330095,True,500,Iteration limit reached,0.47537191337387974,0.11302252179894917,0.09682483045592429,0.005889678666779395,0.11375418949368742,0.052180974150189914,0.025462852774402873,3.600023006419263e-09,0.005487696190403603,0.3994324240063215,0.0022110309902855477,5.48973324884746e-16,7.223412906901503e-12,0.019599997501522016,0.01273706299011434,0.011650821110681641,0.06618116459787084,0.07556475166562038
quality_linear,1.0,1e+24,power,4096,fixed_ref,5,False,1.7178100770872409,9999.99999808038,0.9999999995426544,913153.299518242,0.41663254110330095,True,500,Iteration limit reached,0.4753719177132891,0.11302252424194775,0.09682483129279593,0.005889679420890128,0.11375419032532799,0.05218094911625865,0.02546285363285385,6.572398077277303e-12,0.005487696584111854,0.39943244165391817,0.002211032681311614,3.888267785874627e-12,4.349969783934476e-10,0.019599997845609497,0.012737063734039114,0.01165082136592596,0.06618116586920021,0.07556475179035158
quality_linear,1.0,1e+24,power,4096,fixed_ref,6,False,1.7178100774740506,9999.999999845757,0.9999999976213171,913153.2003481169,0.41663254110330095,True,500,Iteration limit reached,0.47537191724849037,0.11302252475438289,0.09682482892686602,0.005889677671901618,0.11375419103329171,0.05218094424804746,0.025462851218966465,4.888052735285362e-09,0.005487696987332648,0.39943245107628794,0.002211030992817491,7.684446078762767e-10,1.3666082858404999e-09,0.019599997069196486,0.012737064048412393,0.01165081830494905,0.06618116418198196,0.07556475246246032
quality_linear,1.0,1e+24,power,4096,fixed_ref,7,True,1.7178100810597619,10000.0,1.0,913152.2669483847,0.41663254110330095,True,346,Optimization terminated successfully,0.4753719128737527,0.11302252250866279,0.0968248301344399,0.005889678300778087,0.11375418915394048,0.052180983369437973,0.025462852113011625,2.3609185952842605e-21,0.005487695421483761,0.39943242343429136,0.0022110311056632746,3.6537526638671225e-17,4.147515879366722e-18,0.01959999625852192,0.012737062820081007,0.011650820373534019,0.0661811639618931,0.07556475104426066
quality_linear,1.0,1e+24,power,4096,fixed_ref,8,False,1.717810080595858,9999.999973710608,0.9999996353991639,913152.6564877159,0.41663254110330095,True,500,Iteration limit reached,0.4753719146994795,0.11302252308573159,0.09682483085549763,0.005889679647307613,0.11375419046481855,0.05218094306114057,0.025462853578047614,2.8809390329861038e-11,0.005487696616362341,0.39943242443317,0.0022110321597287696,4.578474346751319e-11,2.559475476870418e-08,0.0195999974716709,0.012737063625546614,0.011650821661410026,0.06618116513018532,0.07556475254003366
quality_linear,1.0,1e+24,power,4096,fixed_ref,9,False,1.7178100802177918,9999.999989288797,0.9999999999765001,913152.4862118653,0.41663254110330095,True,500,Iteration limit reached,0.4753719139014159,0.11302252284159392,0.09682483074251963,0.00588967881413901,0.11375418984111058,0.05218097271763105,0.025462852787337106,3.802150988060489e-19,0.005487696006594802,0.3994324236390677,0.002211031774502307,1.5250303291698436e-18,2.802064395257081e-09,0.01959999703209862,0.012737063342599522,0.011650821164491785,0.0661811647297668,0.07556475176448273
quality_linear,1.0,1e+24,power,4096,fixed_ref,10,False,1.7178100802340281,9999.999985526087,0.9999999999071294,913152.4822144209,0.41663254110330095,True,500,Iteration limit reached,0.47537191388268035,0.11302252278768961,0.0968248307562422,0.005889677511153689,0.1137541886420412,0.05218097473855648,0.02546285210185357,2.377668931063774e-13,0.005487696951821063,0.3994324246916566,0.002211030697674596,1.0044858654493296e-13,1.1526560718250285e-09,0.01959999695397964,0.012737063710955463,0.011650821561336405,0.06618116466587229,0.0755647530761729
quality_linear,1.0,1e+24,power,4096,fixed_ref,11,False,1.7178100793809044,9999.99973466835,0.999999997181925,913152.7172178979,0.41663254110330095,True,500,Iteration limit reached,0.4753719149841149,0.11302252410719951,0.0968248301707684,0.005889680776492957,0.11375418591547261,0.05218095250673443,0.025462853283022596,1.1221473907800394e-11,0.005487697351737351,0.3994324293583576,0.0022110330621201227,2.4355000063668796e-09,1.1316429940480145e-08,0.0195999949088291,0.012737063865059501,0.011650821634400392,0.06618116821048485,0.07556475108616924
quality_linear,1.0,1e+24,power,4096,fixed_ref,12,False,1.7178100806115877,9999.998555581667,0.9999999986599674,913152.4496822663,0.41663254110330095,True,500,Iteration limit reached,0.4753719137302058,0.11302252418332225,0.09682483049685947,0.00588967821491132,0.11375418965250247,0.05218093480976222,0.025462852684893063,4.227570270839937e-13,0.005487695755115646,0.39943242513863975,0.0022110315760895376,3.986410344550822e-12,4.072413882176011e-08,0.01959999684008165,0.012737063004414727,0.01165082154455512,0.06618116408120951,0.07556475128909523
quality_linear,1.0,1e+24,power,4096,fixed_ref,13,True,1.717810080015103,10000.0,0.9999998873798238,913152.6210986808,0.41663254110330095,True,191,Optimization terminated successfully,0.4753719145336151,0.11302252414841064,0.09682483138621562,0.005889678576857795,0.11375418818918868,0.052180970152170957,0.0254628538071467,6.333065955611612e-20,0.005487696932024457,0.3994324234413189,0.0022110315440699757,4.087568802896261e-17,5.284613787315619e-10,0.019599997646259318,0.012737064128309779,0.01165082163937731,0.06618116563140833,0.07556475224878018
quality_linear,1.0,1e+24,power,4096,fixed_ref,14,False,1.7178100799951137,9999.999999999593,0.9999999986141194,913152.5445849634,0.41663254110330095,True,500,Iteration limit reached,0.475371914175004,0.11302252530153792,0.09682482970410419,0.00588967890419839,0.11375418982064957,0.05218096522123087,0.025462851773398347,1.1016903442646959e-10,0.005487697015425113,0.3994324247784778,0.002211031680720059,4.927983223455602e-12,7.820174853742832e-09,0.019599996436628367,0.01273706373618015,0.011650820909953327,0.06618116369524489,0.0755647530869792
quality_linear,1.0,1e+24,power,4096,fixed_ref,15,True,1.7178100904946907,9999.949908730463,0.9999999999999997,913152.080264616,0.41663254110330095,True,237,Optimization terminated successfully,0.4753719119987867,0.11302252541162229,0.09682483162921525,0.005889679187293839,0.11375419000974621,0.052180357259056336,0.025462852800524637,1.1593836042373147e-09,0.005487697059147198,0.3994324234425217,0.0022110320474188557,1.992657900535147e-17,6.085106687929173e-07,0.01959999811201015,0.012737064719440147,0.011650821184945783,0.0661811659983662,0.07556475146863874
quality_linear,1.0,1e+24,power,4096,fixed_ref,16,False,1.7178100798564384,9999.999990349184,0.9999999997915748,913152.5801872121,0.41663254110330095,True,500,Iteration limit reached,0.4753719143418677,0.11302252364227004,0.09682483081293346,0.005889679210899947,0.11375419001170858,0.052180971298324996,0.025462853038547825,2.6639129753768454e-15,0.005487696383191893,0.39943242348499947,0.0022110323207852577,8.196061085286535e-16,8.704693592493294e-10,0.019599996105236422,0.012737064753880475,0.011650820804591316,0.06618116454258868,0.07556475271956883
quality_linear,1.0,1e+24,power,4096,fixed_ref,17,True,1.717810080434914,9999.999984055616,0.9999999999999992,913152.4300182313,0.41663254110330095,True,208,Optimization terminated successfully,0.4753719136380427,0.11302252217440137,0.09682483033044167,0.005889678814319051,0.11375418972295571,0.05218097453371466,0.025462852722358244,2.1247549597281513e-16,0.005487695866569778,0.3994324233761458,0.002211031578304554,1.5377328682372782e-16,2.98690241178383e-09,0.019599996749079234,0.012737063276645096,0.011650822426028513,0.06618116429808502,0.0755647511440486
quality_linear,1.0,1e+24,power,4096,fixed_ref,18,False,1.7178100891962589,9999.99999999145,0.999999999978679,913150.1529307831,0.41663254110330095,True,500,Iteration limit reached,0.4753719029655777,0.11302252295959807,0.09682483174471429,0.0058896795397976685,0.11375419087011948,0.0521784024925601,0.025462853411385475,5.042598041575273e-11,0.005487696883944592,0.3994324235789141,0.0022110327582480016,3.692977939613776e-12,2.562334898698806e-06,0.01959999779492216,0.01273706455389866,0.011650822228440844,0.06618116586374688,0.07556475293069206
quality_linear,1.0,1e+24,power,4096,fixed_ref,19,False,1.71781008100174,9999.999999995993,0.9999997698676782,913152.4510681835,0.41663254110330095,True,500,Iteration limit reached,0.47537191373670146,0.11302252263741637,0.09682483076739112,0.005889678817205516,0.11375418967678864,0.05218092104069075,0.02546285250465855,4.704534607056998e-16,0.0054876967891404034,0.3994324238488192,0.002211031318475087,1.4668627293379432e-15,5.391526128184067e-08,0.019599997003336683,0.012737064230812141,0.011650819903701053,0.06618116447266878,0.07556475307363249
quality_linear,1.0,1e+24,power,4096,fixed_ref,20,False,1.7178100802432057,9999.999999544923,0.9999999648398666,913152.5049547878,0.41663254110330095,True,500,Iteration limit reached,0.4753719139892619,0.11302252334044485,0.09682483133562264,0.005889678607118847,0.11375418979066293,0.052180931211057796,0.025462853864495594,1.932322466743971e-10,0.005487696439453683,0.39943242363597437,0.002211031924539199,8.685822744836172e-11,4.1740406233445925e-08,0.01959999644344447,0.01273706283021204,0.011650820739996456,0.06618116610988517,0.07556475170659516
quality_linear,1.0,1e+24,power,4096,fixed_ref,21,False,1.7178100800685354,9999.9999739352,0.9999999995722718,913152.5259829718,0.41663254110330095,True,500,Iteration limit reached,0.4753719140878186,0.11302252340372787,0.09682483117143993,0.0058896786848482525,0.11375418976220703,0.05218097408430285,0.025462853056685972,7.509801760894411e-14,0.005487696380098394,0.39943242346431934,0.0022110318976831926,8.797976817062712e-17,4.9109275333228347e-11,0.019599996287378397,0.012737064454947676,0.011650821147808119,0.066181164532371,0.0755647516229975
quality_linear,1.0,1e+24,power,4096,fixed_ref,22,False,1.7178100799225646,9999.999996460494,0.9999999999462568,913152.562616233,0.41663254110330095,True,500,Iteration limit reached,0.4753719142595145,0.11302252499067166,0.09682483036011365,0.00588967964549327,0.11375418918381165,0.05218096535496183,0.02546285341471303,4.006117198761844e-10,0.005487696594609024,0.3994324244144209,0.0022110313143769217,1.2423520915825979e-09,4.6591350231865986e-09,0.01959999764641724,0.012737063375696332,0.011650820670688204,0.06618116465681219,0.07556475207511537
quality_linear,1.0,1e+24,power,4096,fixed_ref,23,True,1.7178727950867094,9997.535451407002,0.9999999999986595,897150.039760144,0.41663254110330095,True,171,Optimization terminated successfully,0.4752962472871551,0.11302256653405936,0.09682492955217592,0.005897093205105118,0.11375940784768178,0.036668936155663245,0.0254652088750603,1.8383795858006955e-17,0.005487697352692873,0.39939044635520365,0.002219735088743502,1.378100658708022e-13,0.015512022033965409,0.01960489825941988,0.012737079075793167,0.01165096182891467,0.06619328042418363,0.07556573741119972
quality_linear,1.0,1e+24,logarithmic,4096,fixed_ref,0,True,1.7178099069615484,9999.999999256399,0.9999999864498993,913152.8166026892,0.41663254110330095,True,238,Optimization terminated successfully,0.47537191544992,0.11302252486369072,0.09682483114237571,0.005889680196540001,0.11375419306047785,0.05218096005874426,0.025462853984286004,6.48379214412815e-17,0.005487697812181929,0.3994324207674758,0.002211032601602077,9.459838355726106e-21,3.1296546680095563e-09,0.019599997833408617,0.012737063754467374,0.011650822582505448,0.06618116609068758,0.0755647521219019
quality_linear,1.0,1e+24,logarithmic,4096,fixed_ref,1,True,1.7178099090566001,10000.0,1.0,913152.262265356,0.41663254110330095,True,386,Optimization terminated successfully,0.47537191285180386,0.11302252295001633,0.09682483023596807,0.005889678234690712,0.11375418905558705,0.05218098269813521,0.025462852162147054,3.0505193772956165e-18,0.0054876951957191725,0.39943242344176433,0.0022110310797552233,1.6931007280125748e-17,7.682382509570712e-10,0.019599996069273578,0.012737062873657765,0.011650820175457209,0.06618116392650812,0.07556475113308184
quality_linear,1.0,1e+24,logarithmic,4096,fixed_ref,2,True,1.7178099075165452,10000.0,0.9999999999976018,913152.6624121331,0.41663254110330095,True,265,Optimization terminated successfully,0.47537191472724655,0.11302252281284438,0.09682483159062658,0.005889679814218287,0.11375419030523676,0.052180968099441775,0.025462853439642833,1.8553698293182437e-21,0.00548769670871654,0.3994324234435532,0.0022110325180365927,9.570567028253152e-19,1.2228350051749738e-09,0.019599997231828144,0.01273706389675959,0.011650821487705344,0.06618116529153723,0.07556475213701788
quality_linear,1.0,1e+24,logarithmic,4096,fixed_ref,3,False,1.717809908249588,9999.999999999958,0.9999999994900225,913152.4723221231,0.41663254110330095,True,500,Iteration limit reached,0.4753719138363163,0.11302252439901996,0.09682483059746272,0.005889678515454024,0.11375419005081028,0.052180975168186663,0.02546285173844253,5.423986377726125e-11,0.005487695053445456,0.399432424469542,0.00221103147273457,4.396793322692183e-10,1.1907142923339638e-10,0.019599997104169105,0.012737063324801744,0.011650821078356379,0.0661811647206245,0.07556475169395942
quality_linear,1.0,1e+24,logarithmic,4096,fixed_ref,4,True,1.7178099090575014,10000.0,1.0,913152.262031213,0.41663254110330095,True,164,Optimization terminated successfully,0.47537191285070646,0.11302252265150456,0.09682483015983973,0.005889678184605104,0.11375418900543667,0.05218098353069587,0.02546285210162468,9.452006091155351e-21,0.005487695329175022,0.39943242344077157,0.0022110310024140854,0.0,6.785477897485902e-18,0.01959999627217183,0.012737062779893399,0.01165082039244899,0.06618116407764597,0.07556475107177246
quality_linear,1.0,1e+24,logarithmic,4096,fixed_ref,5,False,1.717809908861211,9999.999952472832,0.9999999996989722,913152.3154021811,0.41663254110330095,True,500,Iteration limit reached,0.4753719131008502,0.11302252347980947,0.09682482951225242,0.005889678193589813,0.11375418902074624,0.05218097430810602,0.02546285127527067,3.4443372898797265e-09,0.005487695840187584,0.39943242390186673,0.0022110328581011755,6.181356957894573e-10,9.290615819602225e-10,0.019599995969275627,0.012737064742938375,0.011650820456025864,0.0661811647952694,0.07556475065502612
quality_linear,1.0,1e+24,logarithmic,4096,fixed_ref,6,False,1.717809909059557,9999.999944481537,0.9999999999999855,913152.2640070171,0.41663254110330095,True,500,Iteration limit reached,0.4753719128599668,0.11302252380450495,0.09682483189110352,0.005889680087869138,0.11375418746306111,0.05218096563011338,0.02546285363401913,2.050902880325973e-17,0.005487695311057054,0.3994324234443268,0.002211030516295108,2.7696811932070064e-23,1.7100466653475384e-08,0.01959999495564371,0.012737061032102474,0.01165081965242223,0.06618116326000993,0.07556475221700457
quality_linear,1.0,1e+24,logarithmic,4096,fixed_ref,7,False,1.7178099077423998,9999.999999981308,0.9999999993582859,913152.6042000453,0.41663254110330095,True,500,Iteration limit reached,0.4753719144544131,0.11302252384989829,0.09682483125783284,0.005889679612900297,0.11375419041791164,0.052180968824755584,0.02546285335353719,6.615384418468731e-13,0.005487695983131573,0.39943242358255976,0.002211031336900608,3.0965618373641473e-13,2.4328139519140827e-09,0.019599997386986572,0.01273706374982363,0.01165082107160686,0.06618116526210042,0.07556475187626971
quality_linear,1.0,1e+24,logarithmic,4096,fixed_ref,8,False,1.7178099076951898,9999.999782116864,0.9999999995963299,913152.6261408426,0.41663254110330095,True,500,Iteration limit reached,0.47537191455724714,0.11302252369518336,0.09682483289638341,0.005889682651856708,0.11375418810035408,0.05218094033623348,0.025462855694888844,6.609450397877589e-10,0.005487696385674169,0.3994324119374271,0.002211033483581119,2.390558886018752e-09,2.2652892654111598e-08,0.019599996734833123,0.012737070416925057,0.0116508217345785,0.06618116611386879,0.07556475411381561
quality_linear,1.0,1e+24,logarithmic,4096,fixed_ref,9,False,1.717809908384094,10000.0,1.0,913152.4369993021,0.41663254110330095,True,500,Iteration limit reached,0.4753719136707622,0.11302251873290434,0.09682483316127889,0.005889702796677562,0.11375420365828239,0.052180961590688336,0.02546285410435492,1.1965236197213536e-19,0.005487713083347522,0.39943233495334846,0.002211035654205808,3.7772791056988956e-20,2.119312013709097e-09,0.019599996006548017,0.012737075713505597,0.011650822329344033,0.06618117999981547,0.07556476609638646
quality_linear,1.0,1e+24,logarithmic,4096,fixed_ref,10,False,1.7178099443525434,9999.999999999958,0.9999999999999969,913143.0915539642,0.41663254110330095,True,500,Iteration limit reached,0.4753718698694915,0.11302255001669594,0.09682483081714889,0.005890653457505045,0.11375419069132707,0.052180968734708816,0.025463811999489,1.116668973556712e-13,0.005487693777622954,0.39943028756288856,0.002211030966819648,2.0198697447560534e-16,3.9455729760861885e-12,0.019599990906116777,0.012737178604325126,0.01165088855114441,0.06618117223346225,0.0755647516766881
quality_linear,1.0,1e+24,logarithmic,4096,fixed_ref,11,True,1.7178099085422414,9999.999999973905,0.999999998834067,913152.3967665932,0.41663254110330095,True,443,Optimization terminated successfully,0.47537191348219604,0.11302252285244999,0.09682483064861959,0.00588967793236842,0.11375418924970555,0.05218097874418247,0.025462852453910206,2.7214357148120095e-17,0.005487695945360484,0.39943242343527946,0.002211031244858758,3.6095780751978086e-13,4.426659098236475e-12,0.019599996562586257,0.012737063249614296,0.011650821148770465,0.06618116490862642,0.07556475161887996
quality_linear,1.0,1e+24,logarithmic,4096,fixed_ref,12,True,1.717809908854717,10000.0,1.0,913152.3147196989,0.41663254110330095,True,418,Optimization terminated successfully,0.4753719130976515,0.11302252268644455,0.09682483028475779,0.005889678410214753,0.11375418920210198,0.052180981665855546,0.025462852327262746,3.009916624022333e-17,0.0054876955149053466,0.3994324234435421,0.0022110312522336285,1.1312932579296226e-18,1.627731997542513e-17,0.01959999643558585,0.012737062892179971,0.011650820477880719,0.06618116425214489,0.07556475115488995
quality_linear,1.0,1e+24,logarithmic,4096,fixed_ref,13,False,1.7178099071542525,9999.999927509733,0.9999999923759342,913152.7654224865,0.41663254110330095,True,500,Iteration limit reached,0.4753719152100443,0.11302252444166658,0.09682482974304056,0.005889678306409929,0.11375418957369857,0.052180961431444524,0.0254628540636047,1.9196215217943604e-11,0.005487696204774212,0.39943242942504875,0.002211032901625703,2.9007740305587014e-09,2.9372968096743534e-10,0.019599997066551467,0.012737064015454306,0.01165082173883634,0.06618116523094335,0.0755647526432011
quality_linear,1.0,1e+24,logarithmic,4096,fixed_ref,14,True,1.7178099081464422,9999.999989691274,0.9999999972041573,913152.5012677243,0.41663254110330095,True,205,Optimization terminated successfully,0.47537191397198103,0.1130225232920086,0.09682483079769659,0.005889678936445974,0.11375418936154061,0.05218097411770891,0.02546285299580664,2.9847090894470214e-16,0.0054876960078820165,0.39943242343257135,0.0022110321202467235,3.686124212078523e-17,8.651554845359874e-10,0.01959999662124113,0.012737063608563776,0.011650821106229918,0.06618116491070748,0.07556475182619453
quality_linear,1.0,1e+24,logarithmic,4096,fixed_ref,15,False,1.717809908329669,9999.999998248039,0.9999999997743296,913152.4513853514,0.41663254110330095,True,500,Iteration limit reached,0.475371913738188,0.11302252388134393,0.09682483110352247,0.005889678362810127,0.11375418991050547,0.05218097025948058,0.025462853360357984,1.0866700831050484e-10,0.005487694870891567,0.399432423699521,0.0022110310820414414,2.031580004605866e-10,5.791775187439589e-09,0.01959999745136226,0.012737063315899123,0.011650820492387423,0.06618116523538961,0.07556475087088695
quality_linear,1.0,1e+24,logarithmic,4096,fixed_ref,16,False,1.7178099081520437,10000.0,0.9999999995923656,913152.4975913457,0.41663254110330095,True,500,Iteration limit reached,0.47537191395475026,0.11302252180514472,0.09682483093721994,0.0058896793001420545,0.11375419000694241,0.05218097479703446,0.025462853673586167,2.727105608842505e-16,0.005487696579095468,0.39943242357954356,0.0022110318297149972,6.743344793627687e-19,4.93257403721958e-10,0.019599996121352294,0.012737062751384146,0.011650821271316952,0.0661811655485766,0.07556475130568853
quality_linear,1.0,1e+24,logarithmic,4096,fixed_ref,17,False,1.717809908523194,9999.999999940364,0.9999999990925288,913152.4015271777,0.41663254110330095,True,500,Iteration limit reached,0.47537191350450836,0.11302252294775642,0.0968248321342998,0.005889678693448274,0.11375419060591481,0.052180978634973105,0.025462852515841187,1.137471672149781e-10,0.005487695826190952,0.399432424966987,0.0022110315551835827,1.0568961783821578e-13,1.185618582549469e-12,0.019599994578533,0.012737061643954386,0.01165081953736442,0.06618116426700385,0.07556475197751057
quality_linear,1.0,1e+24,logarithmic,4096,fixed_ref,18,False,1.717809908091145,9999.99999999775,0.9999999992533988,913152.5136635448,0.41663254110330095,True,500,Iteration limit reached,0.47537191403007883,0.11302252305449742,0.09682483133033967,0.005889677743197784,0.11375418873592222,0.052180974774279056,0.02546285315109466,4.39335157961107e-19,0.005487694197180062,0.39943242947869195,0.0022110299682125954,4.822187108059358e-18,7.491572791816014e-10,0.019599995749298993,0.012737063176243553,0.011650821541483438,0.06618116347769262,0.07556475287270877
quality_linear,1.0,1e+24,logarithmic,4096,fixed_ref,19,True,1.7178099087475434,10000.0,0.9999999967546033,913152.3449507646,0.41663254110330095,True,246,Optimization terminated successfully,0.4753719132393411,0.11302252290418204,0.09682483014683937,0.005889678326820696,0.1137541897503993,0.0521809805749401,0.025462852246138333,1.2474671177885456e-18,0.005487696502971251,0.3994324234311628,0.002211031659806381,3.711237517331271e-18,5.6953109307736916e-18,0.01959999651746688,0.012737061950165923,0.01165082171611604,0.06618116407340544,0.07556475019958549
quality_linear,1.0,1e+24,logarithmic,4096,fixed_ref,20,False,1.7178099084877414,9999.999980492097,0.9999999968840655,913152.413240667,0.41663254110330095,True,500,Iteration limit reached,0.47537191355940817,0.11302252367837622,0.09682483214784278,0.00588967803559178,0.11375419072394861,0.05218097637952555,0.02546285251231744,9.689932152445126e-11,0.005487695507566469,0.3994324248475762,0.0022110309863629623,3.9078717511774394e-15,1.7186119399695466e-09,0.019599996637782197,0.012737061940751467,0.011650819196189668,0.06618116490928112,0.07556475068137232
quality_linear,1.0,1e+24,logarithmic,4096,fixed_ref,21,False,1.7178099081588722,9999.99979788537,0.9999999999961354,913152.5046578246,0.41663254110330095,True,500,Iteration limit reached,0.47537191398787004,0.1130225227464208,0.09682483182889928,0.005889678684623733,0.11375418979970582,0.052180975019342754,0.02546285243531931,2.6830796128378662e-12,0.00548769546184941,0.39943242406008606,0.002211031676114062,1.6474942978553684e-16,2.072405016973337e-11,0.019599997293486344,0.01273706418307926,0.011650820492650963,0.06618116498571384,0.07556475130930108
quality_linear,1.0,1e+24,logarithmic,4096,fixed_ref,22,True,1.717809907443562,9999.999886631082,0.9999999790276609,913152.7019089072,0.41663254110330095,True,214,Optimization terminated successfully,0.4753719149123634,0.11302252361485074,0.09682483153483364,0.005889679554863366,0.11375419097099562,0.052180944961483094,0.025462853369757645,4.422605240390907e-10,0.00548769784548772,0.39943242294772696,0.0022110321974741923,1.1043583859631463e-10,2.121570880340413e-08,0.019599997253546834,0.012737064045103753,0.011650821596297267,0.06618116585838806,0.07556475248078609
quality_linear,1.0,1e+24,logarithmic,4096,fixed_ref,23,False,1.717809907609245,9999.999999275706,0.9999999866534396,913152.6481643227,0.41663254110330095,True,500,Iteration limit reached,0.4753719146604687,0.11302252473619037,0.09682483121933581,0.005889678983121572,0.11375419014068315,0.05218096807050736,0.025462852887197546,3.310438558665178e-16,0.005487696527565128,0.39943242376933474,0.002211031697719206,1.1067723963332603e-16,1.6102859304650346e-09,0.019599997498346886,0.012737064071403964,0.011650821388163143,0.06618116528064052,0.0755647521195042
quality_linear,1.0,1e+19,exponential,4096,mixture,0,False,1.850671523523428,106.42247416392388,1.0,913149.0741160581,0.4753718979092793,True,500,Iteration limit reached,0.4753718979092793,0.1130225223701975,0.09682482976753039,0.005889679142603698,0.11375418975776176,0.05217776012228355,0.025462851701588643,4.0130164057202255e-18,0.0054876953455874605,0.3994324234506412,0.002211031216811359,9.27453500081177e-24,3.2190761205883516e-06,0.019599997237324876,0.012737062888635626,0.011650821076468549,0.06618116530366777,0.07556475154277706
quality_linear,1.0,1e+19,exponential,4096,mixture,1,False,1.8506660954839687,106.4329597646404,0.9999999984282654,913349.3304381508,0.47537283638859357,True,500,Iteration limit reached,0.47537283638859357,0.11302718861175419,0.0968248706551379,0.005893908401309901,0.1137548832063509,0.05217033426187264,0.025463866356349937,3.1767944301603428e-12,0.0054896247000749835,0.3994119303294827,0.0022112214857989265,5.37516789782548e-12,1.7008248840174335e-08,0.01960097014448118,0.01274333061266602,0.011650822388992229,0.06618146275928802,0.0755755690696394
quality_linear,1.0,1e+19,exponential,4096,mixture,2,False,1.85067155517888,106.07130950850555,0.9999999620895749,913150.2223477783,0.4753719032909281,True,500,Iteration limit reached,0.4753719032909281,0.1130225256550527,0.09682483251657306,0.005889674804936899,0.11375418997322544,0.05218045875228321,0.025462855897730167,3.0744836266903846e-13,0.0054876923791444985,0.39943197331293284,0.0022110380570355254,1.1131311944732835e-11,5.072475788758059e-07,0.01959999502798753,0.012737064211851825,0.011650864882935938,0.06618136173134033,0.0755649655379524
quality_linear,1.0,1e+19,exponential,4096,mixture,3,False,1.8506715329269772,106.72366323570753,0.9999999972492578,913151.6780386091,0.4753719101135977,True,500,Iteration limit reached,0.4753719101135977,0.11302252144519372,0.09682483172529825,0.005889680692808645,0.1137541927030188,0.052180869819509604,0.025462855325347877,2.494751242602858e-14,0.0054876977361592305,0.39943217498848316,0.002211032471764953,2.7681267741054878e-14,9.200193235164978e-08,0.019599998611679728,0.012737062393596175,0.011650823570332047,0.0661811650228232,0.0755650014919997
quality_linear,1.0,1e+19,exponential,4096,mixture,4,False,1.8506714641063806,106.61094863175505,0.9999999996780585,913152.582210132,0.4753719143513489,True,500,Iteration limit reached,0.4753719143513489,0.11302252296311609,0.09682483102006281,0.005889678171610437,0.11375419014673291,0.052180971844897485,0.02546285278881752,5.930532615697595e-13,0.005487696535503548,0.3994324253838144,0.0022110316902912088,3.708561580038682e-11,5.651732450481092e-10,0.0195999972290546,0.012737062710583207,0.011650821305264032,0.06618116530249371,0.07556475230490604
quality_linear,1.0,1e+19,exponential,4096,mixture,5,False,1.8506714290713753,106.39808974453437,0.9999999998740969,913152.517165843,0.4753719140464937,True,500,Iteration limit reached,0.4753719140464937,0.11302252259193284,0.09682483042021645,0.005889678877555836,0.11375418975490163,0.05218087516859416,0.02546285228485226,3.172261182057036e-11,0.005487696762229074,0.39943242438315824,0.0022110327361337355,1.161685646079772e-11,9.594380803684335e-08,0.019599997829089635,0.012737064193150372,0.011650821068518,0.06618116536207178,0.07556475258044835
quality_linear,1.0,1e+19,exponential,4096,mixture,6,False,1.850671438170889,106.29237443831809,0.9999999999998317,913152.3488583951,0.4753719132576557,True,500,Iteration limit reached,0.4753719132576557,0.1130225209040367,0.09682483157874172,0.0058896783451418315,0.11375419020181807,0.05218098064306314,0.025462853867380765,4.551576006641046e-17,0.005487692327048286,0.3994324235378212,0.0022110319903791554,4.114581796221323e-15,4.0124153781828835e-14,0.019599996656171046,0.012737064650742659,0.011650818940087517,0.06618116391167066,0.07556475244585309
quality_linear,1.0,1e+19,exponential,4096,mixture,7,False,1.8506714419461983,106.52868906262866,0.9999999998357704,913152.6071604476,0.4753719144682882,True,500,Iteration limit reached,0.4753719144682882,0.11302252233016659,0.09682483196455237,0.005889679875794931,0.11375419067717946,0.052180937304025815,0.02546285377570879,9.34248790514633e-19,0.005487696004826481,0.39943242137437135,0.002211031609758206,8.058870149111799e-19,3.255188077781032e-08,0.01959999694418114,0.012737066836211956,0.011650821636934278,0.0661811654823855,0.07556475163202243
quality_linear,1.0,1e+19,exponential,4096,mixture,8,False,1.850671426592849,106.3820836937552,0.9999999998867994,913152.5979817214,0.47537191442526855,True,500,Iteration limit reached,0.47537191442526855,0.11302252348201607,0.09682483151277708,0.005889679643034579,0.11375419007476385,0.05218097152824577,0.025462852589557217,1.4873334791953662e-15,0.005487696309723872,0.39943242439891385,0.002211032426674432,6.157670027286423e-14,1.9522178740805642e-10,0.0195999977465872,0.01273706457527601,0.011650821726742052,0.06618116326901996,0.07556475052138308
quality_linear,1.0,1e+19,exponential,4096,mixture,9,True,1.8506714346249753,106.32487048601661,1.0,913152.3685735825,0.4753719133500586,True,365,Optimization terminated successfully,0.4753719133500586,0.1130225232172995,0.09682483036444293,0.00588967899117073,0.11375418893580969,0.05218097967670763,0.0254628522375648,5.2262652591714545e-19,0.005487695324259344,0.39943242344303875,0.002211031413144744,2.175169917777958e-18,3.438089099910302e-11,0.019599996747520217,0.0127370628887919,0.011650820942622538,0.06618116458316697,0.07556475120007938
quality_linear,1.0,1e+19,exponential,4096,mixture,10,False,1.8506714429308637,106.25384911132751,0.9999999999999994,913152.3736369564,0.47537191337379003,True,500,Iteration limit reached,0.47537191337379003,0.11302252325612809,0.09682483029720228,0.005889678532167035,0.11375418902873086,0.0521809795460704,0.025462852156105754,1.4627462336333453e-23,0.00548769546057939,0.3994324241560344,0.0022110311753817283,4.203356422779293e-16,9.254570247216978e-11,0.019599996620469823,0.012737063021849068,0.011650820635623968,0.06618116422767877,0.07556475179343243
quality_linear,1.0,1e+19,exponential,4096,mixture,11,False,1.8506714238034918,106.38255205942829,0.9999999999778074,913152.7009385565,0.4753719149078155,True,500,Iteration limit reached,0.4753719149078155,0.1130225236370731,0.0968248296873972,0.005889678917015572,0.11375418920767764,0.052180964474837284,0.025462853366318716,6.618003162592838e-10,0.005487695558393132,0.3994324352289798,0.002211026661690965,3.921385500610517e-10,3.5092886610183208e-09,0.019599997785137185,0.012737062358291524,0.011650821879112615,0.06618116600551363,0.07556475066933412
quality_linear,1.0,1e+19,exponential,4096,mixture,12,False,1.8506714339278052,106.36548508386305,1.0,913152.3298732452,0.47537191316867444,True,500,Iteration limit reached,0.47537191316867444,0.11302252232470004,0.0968248302855965,0.005889679924661935,0.11375418972703225,0.05218098118734511,0.025462851781845538,9.678835388760113e-16,0.005487695633107871,0.3994324235884016,0.002211030493028062,1.3119620321001608e-19,6.731220472195063e-14,0.01959999609682066,0.012737062411248168,0.011650821320748206,0.06618116444098848,0.07556475078440739
quality_linear,1.0,1e+19,exponential,4096,mixture,13,False,1.8506752679224088,108.78258916425571,0.9999999996062237,913152.4870111881,0.47537191390516226,True,500,Iteration limit reached,0.47537191390516226,0.11302252094875309,0.09682482974751777,0.0058896798853895335,0.11375419004604079,0.05218096715222095,0.025462852585574344,3.2102308662010695e-21,0.005487695581847726,0.3994324234724505,0.002211032997037415,2.4692211847797358e-20,8.292705148515141e-09,0.019599996577262937,0.012737064509333786,0.011650820892427778,0.0661811653371834,0.0755647519742548
quality_linear,1.0,1e+19,exponential,4096,mixture,14,True,1.8506714339055663,106.4883348934336,1.0,913152.6381843316,0.4753719146136936,True,370,Optimization terminated successfully,0.4753719146136936,0.11302252345339033,0.0968248313139473,0.005889679039964226,0.11375419029576034,0.05218096963023134,0.025462853628406952,1.0340499189882025e-21,0.005487696484677248,0.39943242344351515,0.0022110319189893373,7.178884307270384e-20,5.133425578651936e-10,0.019599997164875996,0.01273706397491248,0.011650821757167773,0.0661811653868699,0.07556475199394934
quality_linear,1.0,1e+19,exponential,4096,mixture,15,True,1.8506714353900404,106.38127593795195,1.0,913152.2731980094,0.475371912903044,True,423,Optimization terminated successfully,0.475371912903044,0.11302252261571505,0.09682483014323671,0.005889678198468609,0.11375418904570347,0.05218098313958359,0.025462852146878222,5.265550650425709e-17,0.005487695353757321,0.3994324234415493,0.00221103110298147,2.3774459193211723e-17,4.892561941992294e-17,0.01959999638494583,0.01273706277404384,0.011650820402315614,0.06618116417025,0.07556475108057067
quality_linear,1.0,1e+19,exponential,4096,mixture,16,True,1.850671435960888,106.38676662392822,0.9999999999999999,913152.2541149114,0.47537191281360364,True,258,Optimization terminated successfully,0.47537191281360364,0.11302252267512282,0.09682483016720618,0.00588967826003508,0.11375418898458728,0.05218096644546437,0.025462852235101845,4.731308923437467e-17,0.005487695368160098,0.3994324234431234,0.00221103115843356,1.1329162833215802e-15,1.6754078075303327e-08,0.01959999627331973,0.012737062884286906,0.011650820557000362,0.06618116350759806,0.07556475128648099
quality_linear,1.0,1e+19,exponential,4096,mixture,17,False,1.8506714113031695,106.38672141370495,0.9999999999211476,913153.1637040885,0.4753719170767441,True,500,Iteration limit reached,0.4753719170767441,0.11302252274131912,0.09682483054528251,0.005889680174198714,0.11375419049014626,0.0521809394545255,0.0254628526138212,3.6436166219182495e-11,0.0054876971553296915,0.3994324415934534,0.0022110329820575277,5.081208203909637e-11,1.439808540034665e-08,0.019599997296425895,0.01273706309698286,0.011650821207375114,0.06618116473489541,0.07556475142885313
quality_linear,1.0,1e+19,exponential,4096,mixture,18,True,1.8506714249742662,106.39137393378603,0.99999999999998,913152.6621970705,0.4753719147262386,True,485,Optimization terminated successfully,0.4753719147262386,0.11302252434111133,0.09682483064684409,0.005889680585421966,0.11375418998041745,0.05218096887174299,0.02546285344449624,9.167646954223637e-12,0.0054876967677894945,0.39943242295420295,0.002211030603760991,4.3469120069189886e-11,1.8851020096954953e-10,0.0195999984055621,0.012737064210633848,0.011650820929449749,0.06618116547505058,0.07556475254236933
quality_linear,1.0,1e+19,exponential,4096,mixture,19,False,1.8520324706255773,108.29521875073068,0.9999999999999997,864979.7556102824,0.47513996022644667,True,500,Iteration limit reached,0.47513996022644667,0.11302270303969018,0.09801414027118127,0.005957204601795857,0.11375677842619249,0.052180403434504266,0.025464093757521653,0.0,0.009485473283357759,0.3885384469396084,0.002211030769863278,1.2715733986941145e-17,5.547552622889893e-07,0.019633262386561986,0.012740605540421644,0.011684457352412057,0.07174560126786458,0.07556524417376222
quality_linear,1.0,1e+19,exponential,4096,mixture,20,True,1.8506715031685441,106.69984444262718,1.0,913152.375781039,0.4753719133838391,True,237,Optimization terminated successfully,0.4753719133838391,0.11302253162517514,0.09682483112943875,0.005889680016205471,0.11375418695491936,0.05218097197762317,0.025462851877723396,4.621596174511406e-16,0.005487696614367722,0.3994324176516292,0.0022110310359594546,6.901547422004983e-17,5.569279024816639e-09,0.019599995989486137,0.012737061487705351,0.01165082066909089,0.06618116509470487,0.07556475230669166
quality_linear,1.0,1e+19,exponential,4096,mixture,21,False,1.850677656961855,103.3921538179371,0.9999999999203387,913152.3065049527,0.4753719130591499,True,500,Iteration limit reached,0.4753719130591499,0.1130225230158799,0.09682483116487342,0.0058896783570037935,0.11375418937387898,0.05218098148258746,0.025462851086276644,1.18600806430362e-10,0.005487695952493539,0.39943242351837305,0.0022110318492196204,1.321684775210827e-14,2.6023799020540917e-10,0.01959999626144716,0.01273706380384482,0.011650819646494892,0.06618116343614425,0.07556475067263044
quality_linear,1.0,1e+19,exponential,4096,mixture,22,False,1.8506714341263208,106.3895614669046,0.9999999995014529,913152.3237221016,0.4753719131398447,True,500,Iteration limit reached,0.4753719131398447,0.11302252214356308,0.09682483212256224,0.00588967897640494,0.11375418778802876,0.0521809579750449,0.025462852100311018,1.1262487240055257e-18,0.005487695397094786,0.3994324237734684,0.002211032354582507,3.6136117589837276e-17,2.2652584355023792e-08,0.01959999666424831,0.012737062395821725,0.011650821346576813,0.06618116297543111,0.075564751334277
quality_linear,1.0,1e+19,exponential,4096,mixture,23,True,1.8506714380649638,106.43819879454917,0.999999999999987,913152.2682166793,0.47537191287969705,True,255,Optimization terminated successfully,0.47537191287969705,0.11302252299048723,0.09682483178822486,0.005889679670083235,0.11375419052238504,0.052180470611134316,0.025462854195086003,8.46247088230233e-16,0.005487697144799153,0.39943242189937456,0.002211032700885312,5.723452000883109e-15,4.944519932404999e-07,0.019599997663210446,0.012737064608982336,0.011650822684510526,0.06618116725257857,0.07556475181625864
quality_linear,1.0,1e+19,power,4096,mixture,0,True,1.8507013980193585,106.57719345787457,1.0,913152.48786324,0.47537191390915573,True,299,Optimization terminated successfully,0.47537191390915573,0.11302252603251733,0.09682483154613482,0.005889678601908187,0.11375419006207194,0.052180968037133985,0.025462853067018752,5.900592703721481e-22,0.0054876942499439635,0.399432422449357,0.0022110277647089034,1.1322241829302775e-21,6.789664133143122e-09,0.019599996051657798,0.012737065069484391,0.011650822275248619,0.06618116592834819,0.07556475207480202
quality_linear,1.0,1e+19,power,4096,mixture,1,False,1.8507017139643616,105.90527956938637,1.0,913150.4319950343,0.4753719042735234,True,500,Iteration limit reached,0.4753719042735234,0.11302255252036368,0.09682482495742528,0.00588978057485024,0.1137541800429249,0.05217980485822445,0.025462848264431227,1.536850040580967e-18,0.005487751956903547,0.3994322535760271,0.002211031249135227,9.782907370636741e-18,1.1711962010926717e-06,0.019600003712703748,0.012737057767908662,0.01165082119412762,0.06618116162344431,0.0755647565053287
quality_linear,1.0,1e+19,power,4096,mixture,2,False,1.8507014576743042,106.66514558805383,0.9999998817008636,913150.7930927278,0.47537190596595086,True,500,Iteration limit reached,0.47537190596595086,0.11302252110655242,0.09682482976975702,0.00588967988095937,0.11375418011811152,0.05218098958767707,0.025462840881028008,1.8900608995497737e-09,0.005487690300768025,0.3994324142086382,0.002211022508778786,5.109408662546756e-09,3.2078355615413854e-08,0.019599994450020367,0.012737064577045472,0.011650816572795162,0.06618116373465706,0.0755647532253865
quality_linear,1.0,1e+19,power,4096,mixture,3,False,1.850701519130655,106.09195127029726,0.9999999996912603,913152.6690670726,0.4753719147584375,True,500,Iteration limit reached,0.4753719147584375,0.11302252441110247,0.0968248321570288,0.005889678978194622,0.11375419101948565,0.05218091269526638,0.025462852538629958,1.5260139902887748e-10,0.005487696052989984,0.39943242478829444,0.0022110312075386334,1.0561079284773092e-16,5.4285917643849044e-08,0.019599998248768433,0.01273706412307526,0.011650821433197745,0.06618116482581773,0.07556475308209057
quality_linear,1.0,1e+19,power,4096,mixture,4,False,1.8507024940822991,105.34538550618623,0.9999999999999992,913147.1667366854,0.4753718889695654,True,500,Iteration limit reached,0.4753718889695654,0.11302256532346705,0.09682481259607822,0.005889935345755364,0.11375429405703856,0.05218098472518053,0.025463064261973558,0.0,0.00548770271771536,0.3994313130198857,0.002211113804486911,1.825560492341093e-16,0.0,0.0195999811042204,0.012737079343065973,0.01165099509014098,0.0661813348140186,0.0755648237969725
quality_linear,1.0,1e+19,power,4096,mixture,5,True,1.8507014038504233,106.59526107503665,0.999999999410678,913152.3281152025,0.4753719131604347,True,190,Optimization terminated successfully,0.4753719131604347,0.11302252239778264,0.09682482999237996,0.005889678893332128,0.11375419012457873,0.052180974747270716,0.025462852490326038,3.009622853558416e-19,0.005487694990154508,0.39943242344411345,0.002211031039618597,1.3438030045490726e-16,6.2455952839781875e-09,0.019599996007036435,0.012737063298545202,0.011650820266377244,0.06618116443670757,0.07556475162618137
quality_linear,1.0,1e+19,power,4096,mixture,6,False,1.8507014110489104,106.6720130269997,0.999999999079365,913152.4767533405,0.4753719138570849,True,500,Iteration limit reached,0.4753719138570849,0.1130225233586552,0.09682483032227067,0.005889676741780432,0.11375419034984564,0.05218097403305931,0.025462851741606552,1.100901846588481e-17,0.0054876958636858935,0.3994324236629881,0.0022110326080676387,3.2976166905358483e-19,1.8116791684595688e-09,0.019599996900568236,0.012737063376859526,0.01165082180318337,0.06618116543402493,0.07556475199172547
quality_linear,1.0,1e+19,power,4096,mixture,7,True,1.850701400855076,106.5250379889636,1.0,913152.3166332977,0.4753719131066203,True,218,Optimization terminated successfully,0.4753719131066203,0.11302252227621286,0.0968248303786499,0.005889678326424996,0.1137541893048204,0.052180981636105704,0.025462852240747,3.7305793495387207e-16,0.005487695521358707,0.39943242343729546,0.0022110311349162726,1.8867624753514242e-16,1.8393707420202366e-16,0.01959999654188045,0.012737062878531243,0.011650820726531504,0.06618116426769265,0.07556475132883192
quality_linear,1.0,1e+19,power,4096,mixture,8,False,1.8507014496205567,106.24779579331842,0.9999999999495208,913152.4493257873,0.47537191372853504,True,500,Iteration limit reached,0.47537191372853504,0.11302252301240183,0.0968248306287716,0.005889678654740323,0.11375418950318043,0.05218095984171288,0.02546285254251393,7.993123097151117e-17,0.005487695838839426,0.39943242425356423,0.002211031413477901,8.49651524294324e-19,1.6561879476841937e-08,0.01959999696832467,0.012737063369089833,0.011650820976818296,0.06618116473987203,0.07556475169481303
quality_linear,1.0,1e+19,power,4096,mixture,9,False,1.8507014063415603,106.32414649903528,0.9999999997556004,913153.1288902449,0.47537191691357567,True,500,Iteration limit reached,0.47537191691357567,0.11302252454752465,0.09682483214390873,0.0058896798465190485,0.11375419093644774,0.05218089658713909,0.025462854093057912,7.048633962702101e-13,0.005487697295060136,0.3994324318634375,0.0022110328608788026,8.408471138533257e-13,5.543823123583935e-08,0.019599998121266286,0.012737064752789998,0.011650822359502227,0.06618116607645588,0.07556475307623516
quality_linear,1.0,1e+19,power,4096,mixture,10,False,1.8507013975713962,106.56937531773288,0.9999999999999188,913152.485731558,0.4753719138991648,True,500,Iteration limit reached,0.4753719138991648,0.11302252309866458,0.09682483092478966,0.005889679158136712,0.11375419021475004,0.05218087237612248,0.02546285300978848,1.0517683324367253e-18,0.005487696405737241,0.3994324235738108,0.002211032088435914,6.286057037946943e-19,9.960689873985248e-08,0.019599997407348062,0.01273706352804878,0.011650821594538875,0.0661811649534786,0.07556475205945096
quality_linear,1.0,1e+19,power,4096,mixture,11,False,1.850701399361058,106.52346103794412,1.0,913152.3718016928,0.47537191336518836,True,500,Iteration limit reached,0.47537191336518836,0.11302252266493185,0.09682482969016859,0.005889677936734563,0.11375419008851503,0.05218097506024569,0.025462853376105418,1.8453545787394936e-17,0.005487696085548922,0.3994324235363558,0.002211030706409438,1.8913129072213955e-17,4.443502437853791e-09,0.019599995994315073,0.012737064276012988,0.01165082048357908,0.06618116433430733,0.07556475132326794
quality_linear,1.0,1e+19,power,4096,mixture,12,False,1.8507013992672527,106.52325771194981,0.9999999989243454,913152.3760445662,0.47537191338507423,True,500,Iteration limit reached,0.47537191338507423,0.11302252291156833,0.09682483040886353,0.005889679204143585,0.1137541908581021,0.05218097949607581,0.025462850859850557,6.188170911438525e-15,0.005487695088090027,0.3994324249132643,0.002211031999017625,1.8029737861892216e-17,2.0521245507296972e-10,0.01959999649834396,0.012737063176486088,0.01165082111369603,0.06618116191033553,0.07556475135694386
quality_linear,1.0,1e+19,power,4096,mixture,13,False,1.8507013943248338,106.53733916180794,0.9999999999165847,913152.5609031753,0.4753719142514856,True,500,Iteration limit reached,0.4753719142514856,0.11302252232125631,0.096824831512084,0.005889678672444714,0.11375418859468102,0.05218097292583327,0.025462853320546208,4.098921328892089e-21,0.005487697089862288,0.39943242351496255,0.002211032002754245,3.5249471215319527e-11,2.7257024444690555e-11,0.01959999687972361,0.01273706439250508,0.01165082139205336,0.0661811642286741,0.0755647530901127
quality_linear,1.0,1e+19,power,4096,mixture,14,False,1.8507014195440687,106.32928609137984,0.9999999997803406,913152.5907739322,0.47537191439148646,True,500,Iteration limit reached,0.47537191439148646,0.11302252362391468,0.09682483163829714,0.005889680211009557,0.11375418860836814,0.05218096778073075,0.025462853726921433,1.2267330449787522e-14,0.005487697309377277,0.39943242468834417,0.002211030855574181,1.453832898600948e-14,4.088128381318195e-09,0.019599997097258477,0.012737062915450861,0.01165082104904944,0.06618116417012586,0.075564752237423
quality_linear,1.0,1e+19,power,4096,mixture,15,True,1.8507014757894882,106.85533159502769,1.0,913152.2621520209,0.47537191285127267,True,240,Optimization terminated successfully,0.47537191285127267,0.11302252259558784,0.09682483014410388,0.005889678212254029,0.11375418903533716,0.052180983532209624,0.025462852096824484,7.082868234104421e-20,0.005487695351233806,0.39943242344386015,0.0022110310379428026,3.0058542525293805e-19,1.5133109510784514e-17,0.01959999627563776,0.012737062743931325,0.011650820371464596,0.06618116408565537,0.07556475107395728
quality_linear,1.0,1e+19,power,4096,mixture,16,False,1.850701332267044,106.58576657199298,0.9999999999999999,913154.9351370035,0.4753719253792354,True,500,Iteration limit reached,0.4753719253792354,0.11302253208061293,0.0968248734621838,0.005889704327307162,0.11375419563257046,0.0521808584132193,0.025462885601865607,9.904492769438391e-16,0.0054877019054606424,0.3994322344241425,0.002211031382090245,9.566733796530237e-16,4.469195368730542e-16,0.019599996599787922,0.012737168486873143,0.01165085741639179,0.0661811816217772,0.07556477864571497
quality_linear,1.0,1e+19,power,4096,mixture,17,False,1.8507013936913257,106.54768297576527,0.9999999999998899,913152.592981202,0.4753719144018317,True,500,Iteration limit reached,0.4753719144018317,0.11302252330186752,0.09682483093603153,0.005889680214252646,0.113754189448944,0.052180971439791,0.02546285332536286,3.5934875182225636e-16,0.00548769685776361,0.3994324243948756,0.0022110301390162925,5.4305305826773606e-17,4.67042757472589e-10,0.019599997719708478,0.012737064008138748,0.011650821248849511,0.06618116560026766,0.07556475089808738
quality_linear,1.0,1e+19,power,4096,mixture,18,False,1.8507014132804098,106.54961622095149,0.9999999952958495,913151.876523815,0.4753719110438761,True,500,Iteration limit reached,0.4753719110438761,0.1130225252482987,0.0968248317049648,0.005889679961494231,0.11375418935447153,0.05218035818805859,0.025462853512201927,1.6585442767687348e-17,0.005487695979607242,0.3994324235083,0.002211032679632369,7.794553786870878e-17,6.163262715249609e-07,0.01959999565531562,0.0127370637107812,0.011650821045293988,0.06618116356061936,0.07556474956468875
quality_linear,1.0,1e+19,power,4096,mixture,19,False,1.850701747775191,107.25019042557385,0.9999999997620147,913152.5495516442,0.4753719141982823,True,500,Iteration limit reached,0.4753719141982823,0.11302252447820116,0.09682483160571609,0.005889679525838738,0.11375419038383751,0.05218080586506203,0.025462852719140658,1.5680331685333046e-13,0.005487696583751911,0.3994324245876585,0.0022110325457231294,5.935414090302761e-15,1.616364206006714e-07,0.019599997590231275,0.012737063997428341,0.01165082131688419,0.06618116552957293,0.07556475163437008
quality_linear,1.0,1e+19,power,4096,mixture,20,False,1.8507016431115018,105.93423009343657,0.9999999999991183,913152.1632891468,0.47537191238791343,True,500,Iteration limit reached,0.47537191238791343,0.1130225227023708,0.09682483174794894,0.005889677545462464,0.11375418870798829,0.052180987031850326,0.025462851925386294,1.287604933045931e-18,0.005487694801877084,0.39943242354809344,0.002211028708002255,5.386982983309331e-17,3.7250086447661777e-13,0.019599997398489697,0.01273706052892139,0.011650819569315235,0.06618116415905925,0.07556475162486186
quality_linear,1.0,1e+19,power,4096,mixture,21,False,1.8507015786575545,106.00961490052795,0.9999999999996674,913152.4392849199,0.47537191368147463,True,500,Iteration limit reached,0.47537191368147463,0.11302252279977762,0.0968248320574218,0.0058896785257171015,0.11375418836051863,0.05218097295204513,0.02546285256122728,1.1476144619764397e-16,0.005487696128714534,0.39943242393992057,0.002211031290850273,9.699533693961439e-17,4.225588570968438e-09,0.01959999616523824,0.012737064228405233,0.011650820550359648,0.06618116452918814,0.07556475168502715
quality_linear,1.0,1e+19,power,4096,mixture,22,True,1.8507014664000052,106.84156879898352,1.0,913152.3872465048,0.47537191343757645,True,230,Optimization terminated successfully,0.47537191343757645,0.11302252263125617,0.09682483031331317,0.00588968009118846,0.11375418934232985,0.052180979086608605,0.02546285222276537,1.1150036878308887e-19,0.005487695772159596,0.39943242344397356,0.0022110313916084675,3.559678495767227e-19,2.0752653404074132e-11,0.019599996472114502,0.012737063057210118,0.011650820607306876,0.06618116428386114,0.07556475126355136
quality_linear,1.0,1e+19,power,4096,mixture,23,False,1.8507014492347669,106.23814221977742,0.9999999999999949,913152.6003513132,0.47537191443637455,True,500,Iteration limit reached,0.47537191443637455,0.11302252281917063,0.09682483101900283,0.005889679156831672,0.11375419050329265,0.052180969061414874,0.02546285331584996,2.5427112984365868e-17,0.00548769667900883,0.39943242361711556,0.0022110317652377894,3.880815926879981e-18,2.436640548456359e-09,0.019599997143669275,0.012737063971319504,0.011650821350360793,0.06618116526112279,0.07556475189996216
quality_linear,1.0,1e+19,logarithmic,4096,mixture,0,False,1.8505841236238239,105.96147183983126,0.9999999999999998,913152.6082857625,0.4753719144735624,True,500,Iteration limit reached,0.4753719144735624,0.11302252543794612,0.09682483079814246,0.005889679166690858,0.11375418974293595,0.05218097011610216,0.025462852955940363,3.3957867971818544e-16,0.005487696332602123,0.39943242429633097,0.002211031772357218,0.0,1.0122017612586172e-09,0.019599997198492983,0.012737063568006976,0.011650821303297379,0.06618116500643137,0.07556475129252097
quality_linear,1.0,1e+19,logarithmic,4096,mixture,1,False,1.8505841389093867,106.08356077795163,0.9999999984723372,913152.5320871086,0.475371914116428,True,500,Iteration limit reached,0.475371914116428,0.11302252375381519,0.09682483080380855,0.005889679007313138,0.11375419007857111,0.052180973866395496,0.0254628527153605,8.899547618582409e-15,0.005487695953271263,0.39943242388668465,0.0022110317684986922,2.0543364544971434e-13,8.316696938891132e-11,0.019599996749217675,0.012737063442329081,0.011650821187530896,0.06618116475113828,0.07556475195268404
quality_linear,1.0,1e+19,logarithmic,4096,mixture,2,False,1.8505841889622898,106.21709902957689,0.9999999999951381,913152.0718903221,0.4753719119595373,True,500,Iteration limit reached,0.4753719119595373,0.11302252565997133,0.09682483208470485,0.005889679842455626,0.11375419096571439,0.052180174715565554,0.025462853621782373,4.194363831623791e-11,0.005487696935268668,0.3994324242589052,0.0022110321858149497,1.5359580053972245e-16,7.867147218339206e-07,0.019599997741334793,0.012737064116504935,0.011650822493565352,0.06618116552841201,0.07556475309333445
quality_linear,1.0,1e+19,logarithmic,4096,mixture,3,True,1.8505841385389552,106.0365496978085,1.0,913152.2681198198,0.4753719128792431,True,199,Optimization terminated successfully,0.4753719128792431,0.11302252251756124,0.0968248301985944,0.005889678244625066,0.11375418895784511,0.052180983328742596,0.02546285213825183,1.0110273435896049e-16,0.005487695398360573,0.39943242344411245,0.002211031207495029,6.650681359775586e-17,1.467013942962753e-16,0.01959999636523983,0.012737062713097136,0.011650820359166023,0.06618116408256149,0.07556475104434698
quality_linear,1.0,1e+19,logarithmic,4096,mixture,4,False,1.8505841314141585,105.837191247537,0.9999999997711583,913152.5958803007,0.4753719144154194,True,500,Iteration limit reached,0.4753719144154194,0.11302252344194351,0.09682483101087508,0.005889678635867215,0.113754190287489,0.052180928997298946,0.025462852753919404,4.521256529205786e-11,0.005487696119744421,0.3994324258417352,0.0022110314857574907,5.587431931594243e-13,4.146021883563866e-08,0.0195999973476779,0.01273706357785741,0.011650821527927064,0.06618116511139059,0.07556475235452664
quality_linear,1.0,1e+19,logarithmic,4096,mixture,5,False,1.8505841249840764,105.85633000771625,0.9999999999847385,913152.740203014,0.4753719150918435,True,500,Iteration limit reached,0.4753719150918435,0.11302252421399307,0.09682483269891443,0.005889679932179959,0.11375419087274002,0.052180915459161266,0.025462853190775354,1.753030072459654e-14,0.005487696491488703,0.39943242300230497,0.002211032794733977,5.336942276508369e-15,4.9168896563752765e-08,0.0195999982243806,0.012737063737165823,0.011650821968262781,0.06618116532326422,0.0755647529217155
quality_linear,1.0,1e+19,logarithmic,4096,mixture,6,False,1.8506594252019641,110.47537652437758,1.0,910895.4939516586,0.4753613225397625,True,500,Iteration limit reached,0.4753613225397625,0.11300854711731424,0.09682698253068973,0.005938426250268712,0.11378570924205422,0.05219931161253163,0.02548517097143664,6.2267897518136335e-18,0.005487938115206472,0.399033603418697,0.002206662454725805,2.203631923324878e-18,6.069850099015259e-20,0.019681762879659618,0.0127797266093355,0.011650816952415646,0.06634921640504525,0.0755661254406195
quality_linear,1.0,1e+19,logarithmic,4096,mixture,7,False,1.8505841310828648,106.00470798785348,0.9999999999999544,913152.4194916325,0.47537191358870573,True,500,Iteration limit reached,0.47537191358870573,0.11302252253714949,0.09682483112893374,0.005889678187167567,0.11375419012435298,0.05218091831966203,0.025462852588543018,7.64201426343455e-17,0.005487695682580374,0.39943242349775854,0.0022110315773863636,4.461645160481878e-18,5.7573428517200375e-08,0.019599996303196292,0.012737064158539351,0.01165082111272378,0.06618116474942182,0.07556475245915616
quality_linear,1.0,1e+19,logarithmic,4096,mixture,8,False,1.850584129403052,105.97373353212926,1.0,913152.4097433699,0.4753719135430167,True,500,Iteration limit reached,0.4753719135430167,0.11302252338005431,0.09682483023554268,0.0058896802022006525,0.11375419030364908,0.05218097813354699,0.02546285370175265,1.3400633593257657e-18,0.005487696518541467,0.399432423741149,0.0022110327714044485,1.341397976152423e-16,1.4995228926632394e-10,0.019599997021030203,0.012737063990615987,0.011650817053974449,0.06618116479877342,0.07556474799781217
quality_linear,1.0,1e+19,logarithmic,4096,mixture,9,False,1.8505841370603477,106.05492144243256,0.9999999801910624,913152.4321276696,0.4753719136479294,True,500,Iteration limit reached,0.4753719136479294,0.11302252433014105,0.09682483049288357,0.005889679042566901,0.11375418832866895,0.05218097682776777,0.025462852702401936,2.2501986166348264e-14,0.005487697344692636,0.3994324275531252,0.002211030892060853,2.445676107543274e-15,1.1388670747918964e-09,0.019599995335814406,0.012737063694854644,0.011650819998849204,0.06618116342394272,0.075564748893338
quality_linear,1.0,1e+19,logarithmic,4096,mixture,10,False,1.8505841344440985,105.99649551514074,1.0,913152.2715032622,0.4753719128951009,True,500,Iteration limit reached,0.4753719128951009,0.11302252259273829,0.09682483007448511,0.005889678135600754,0.1137541888538378,0.052180983202250966,0.02546285218351444,1.4111596742260068e-18,0.005487695799187807,0.3994324234453636,0.0022110306081069217,1.929023924309003e-18,1.812578813410342e-17,0.019599996403778124,0.012737062903710114,0.011650820409825168,0.06618116419445672,0.07556475119314426
quality_linear,1.0,1e+19,logarithmic,4096,mixture,11,False,1.8505841380974335,105.84820027368664,0.9999999996890991,913152.2929059817,0.47537191299541304,True,500,Iteration limit reached,0.47537191299541304,0.11302252257653056,0.09682482798074922,0.005889679012156732,0.1137541882656144,0.05218098255922695,0.025462852899686642,1.753016534709938e-17,0.005487694096875166,0.3994324241554308,0.0022110307857957276,3.9145886114168725e-18,5.3120479475282396e-17,0.019599996527564646,0.012737064314098394,0.011650821071776158,0.06618116443289307,0.07556475132160144
quality_linear,1.0,1e+19,logarithmic,4096,mixture,12,True,1.8505841240641954,105.93018319335616,1.0,913152.5878870331,0.4753719143779559,True,236,Optimization terminated successfully,0.4753719143779559,0.11302252248277446,0.0968248328508765,0.005889679383627499,0.11375419068482345,0.052180807242215264,0.02546285377319019,1.6781082984666613e-16,0.005487696576179253,0.39943242234986603,0.0022110324950239207,1.9761478980553543e-16,1.5884302482672673e-07,0.019599997778211843,0.012737064587531263,0.011650821499545383,0.06618116650796815,0.07556475294514162
quality_linear,1.0,1e+19,logarithmic,4096,mixture,13,False,1.8505841296604126,105.90464403536194,0.9999999995390799,913152.4145889923,0.4753719135657276,True,500,Iteration limit reached,0.4753719135657276,0.11302252277076938,0.0968248317582456,0.005889678631658409,0.11375418939693449,0.05218097824132787,0.025462852602836393,3.0354463324255457e-12,0.005487695043206305,0.39943242420660513,0.0022110300368012306,1.577548726234635e-12,7.611845338499758e-14,0.01959999735052826,0.012737063021176056,0.011650821048138622,0.06618116390294974,0.07556475198413345
quality_linear,1.0,1e+19,logarithmic,4096,mixture,14,False,1.8505841246222368,105.9330543533892,0.9999999999999998,913152.5655779263,0.47537191427339565,True,500,Iteration limit reached,0.47537191427339565,0.11302252175854266,0.0968248306366069,0.005889679258941702,0.11375419097192056,0.05218097192454816,0.025462853722541548,1.530338569859524e-14,0.005487695783190735,0.39943242349921393,0.002211031517359307,2.845844234464216e-14,9.38662026103206e-10,0.01959999772724117,0.012737063986890793,0.011650822173789648,0.06618116389959115,0.07556475220091592
quality_linear,1.0,1e+19,logarithmic,4096,mixture,15,False,1.8505841280131687,105.90872549041637,0.9999999999999986,913152.4676255555,0.475371913814304,True,500,Iteration limit reached,0.475371913814304,0.11302252374098609,0.09682483047809141,0.00588967860095969,0.1137541894937189,0.05218097565439074,0.02546285254026958,1.4124805984790001e-14,0.005487695900861044,0.39943242364461595,0.0022110318999575586,1.519657045856199e-15,5.20710779530927e-10,0.01959999679715404,0.012737063354222443,0.011650820907796402,0.06618116484316693,0.0755647516230827
quality_linear,1.0,1e+19,logarithmic,4096,mixture,16,True,1.85064578885687,106.49391152764605,0.9999999999990039,910887.5666793905,0.47536128529331306,True,171,Optimization terminated successfully,0.47536128529331306,0.11309457669577809,0.09684621450121239,0.006069363164019977,0.11375859067470494,0.05218655827883929,0.025572810444806766,2.816936180766176e-17,0.005487697351763352,0.39900254154965353,0.002217462807131356,6.188570727713176e-17,7.793514083174687e-11,0.01962831433146768,0.012738009709104844,0.011652669535074121,0.06617556594556374,0.07556962493294461
quality_linear,1.0,1e+19,logarithmic,4096,mixture,17,False,1.8505841321414422,105.91869414876562,1.0,913152.3001679429,0.47537191302944903,True,500,Iteration limit reached,0.47537191302944903,0.11302252184612802,0.0968248298631645,0.005889678249465277,0.11375418945223001,0.05218098225930121,0.02546285197590147,1.670293642947904e-18,0.00548769567986075,0.3994324234815499,0.002211030942785989,2.109441603145492e-14,6.129015109598294e-12,0.01959999697847148,0.012737063280468424,0.011650820148143696,0.06618116355394377,0.07556475228243556
quality_linear,1.0,1e+19,logarithmic,4096,mixture,18,False,1.8505841289550817,105.90606942869533,0.9999999931471639,913152.4426239355,0.4753719136971242,True,500,Iteration limit reached,0.4753719136971242,0.113022521626562,0.09682483122269604,0.005889679468321559,0.11375418954195753,0.05218094767043229,0.025462852731380145,2.0831921596334984e-09,0.005487695837373066,0.39943242421460073,0.0022110323229915874,1.0444992422218895e-17,2.552974728156728e-08,0.019599996829760324,0.012737063457427113,0.011650821277832213,0.06618116510307857,0.07556475108264736
quality_linear,1.0,1e+19,logarithmic,4096,mixture,19,False,1.850584120804554,106.00952888140665,0.999999999912013,913152.8149653012,0.4753719154422458,True,500,Iteration limit reached,0.4753719154422458,0.11302252257496467,0.09682483158378599,0.005889678627345194,0.11375419080560828,0.05218096514264002,0.025462851443631137,4.286847353733197e-10,0.005487696252898873,0.399432435256331,0.002211031112608391,7.827930043110073e-12,3.466807408181938e-11,0.019599997515442415,0.012737062998113717,0.0116508208239602,0.06618116461998472,0.07556475077150468
quality_linear,1.0,1e+19,logarithmic,4096,mixture,20,False,1.850584131750057,105.83606075210315,1.0,913152.5893817015,0.47537191438496124,True,500,Iteration limit reached,0.47537191438496124,0.11302252341703783,0.09682483180135633,0.005889682016921363,0.11375419064812928,0.052180943089086565,0.025462853682499495,2.557877426480719e-11,0.0054876974218000885,0.3994324197400942,0.00221103177728367,2.2461022249382258e-23,2.7189984162931068e-08,0.019599996172715836,0.012737063944584862,0.01165082238613571,0.06618116521672332,0.07556475147006862
quality_linear,1.0,1e+19,logarithmic,4096,mixture,21,True,1.850584141898043,106.04874809804043,1.0,913152.2050709699,0.4753719125837402,True,324,Optimization terminated successfully,0.4753719125837402,0.1130225224995306,0.09682482997934469,0.005889678017528289,0.11375418886101983,0.05218098555847987,0.025462851916567986,0.0,0.005487695183290241,0.3994324234437149,0.0022110308485689917,1.6656591153664536e-15,4.0432796505555363e-16,0.019599996086890576,0.012737062575492833,0.011650820189765581,0.06618116394239416,0.07556475089740952
quality_linear,1.0,1e+19,logarithmic,4096,mixture,22,False,1.8505841342986589,105.84807608003618,0.9999999999999867,913152.4337363833,0.47537191365546927,True,500,Iteration limit reached,0.47537191365546927,0.11302252045938872,0.09682482998026384,0.005889679768807607,0.11375418899184657,0.052180975811760885,0.02546285246198898,7.477558497427643e-10,0.005487696677434509,0.39943242435882775,0.002211031138452796,9.529984448004902e-16,8.109611347156751e-10,0.019599997558906984,0.012737062650421087,0.011650822076710175,0.0661811653241922,0.07556475118227991
quality_linear,1.0,1e+19,logarithmic,4096,mixture,23,False,1.8505841260487554,105.99147360691367,0.9999999971510342,913152.571040868,0.47537191429899983,True,500,Iteration limit reached,0.47537191429899983,0.11302252266888241,0.09682483065844795,0.0058896788479396245,0.11375418972778834,0.0521809726493041,0.025462852735959062,1.2075928307967212e-15,0.005487696277091103,0.3994324247541376,0.002211032045709431,3.8087614277562087e-17,1.6054734320503378e-10,0.019599997581799283,0.01273706397957185,0.011650820689700313,0.06618116511980873,0.07556475210331162
