functional,omega,C,cost_form,ell,q0_mode,argmin_L_candidate,L_min,argmax_h_candidate,h_max,h_min,h_identifiable,argmax_Q_candidate,Q_cand_max,L_spread,n_tied_at_L_min,argmin_L_is_argmax_h,argmax_h_is_argmax_Q
mixture_l1,0.0,1e+19,exponential,2048,fixed_ref,reference_p0,3.123094642754934,reference_p0,1.0,1.0,False,dirichlet_a20_19,0.43829657372764846,0.0,14,True,False
mixture_l1,0.0,1e+19,exponential,2048,mixture,dirichlet_a20_19,3.1206863263355347,reference_p0,1.0,1.0,False,dirichlet_a20_19,0.43829657372764846,0.0041568138906122876,1,True,False
mixture_l1,0.0,1e+19,exponential,4096,fixed_ref,reference_p0,3.1355734585409953,reference_p0,1.0,1.0,False,dirichlet_a20_19,0.43829657372764846,0.0,14,True,False
mixture_l1,0.0,1e+19,exponential,4096,mixture,dirichlet_a20_19,3.1332382661140215,reference_p0,1.0,1.0,False,dirichlet_a20_19,0.43829657372764846,0.004032121606199368,1,True,False
mixture_l1,0.0,1e+19,exponential,8192,fixed_ref,reference_p0,3.158689755020952,reference_p0,1.0,1.0,False,dirichlet_a20_19,0.43829657372764846,0.0,14,True,False
mixture_l1,0.0,1e+19,exponential,8192,mixture,dirichlet_a20_19,3.15648142432891,reference_p0,1.0,1.0,False,dirichlet_a20_19,0.43829657372764846,0.0038155089878157966,1,True,False
mixture_l1,0.0,1e+19,exponential,32768,fixed_ref,reference_p0,3.264133767913078,reference_p0,1.0,1.0,False,dirichlet_a20_19,0.43829657372764846,0.0,14,True,False
mixture_l1,0.0,1e+19,exponential,32768,mixture,dirichlet_a20_19,3.262391456133365,reference_p0,1.0,1.0,False,dirichlet_a20_19,0.43829657372764846,0.003016870887794898,1,True,False
mixture_l1,0.0,1e+19,exponential,131072,fixed_ref,reference_p0,3.4850599226598504,reference_p0,1.0,1.0,False,dirichlet_a20_19,0.43829657372764846,0.0,14,True,False
mixture_l1,0.0,1e+19,exponential,131072,mixture,dirichlet_a20_19,3.483923347325088,reference_p0,1.0,1.0,False,dirichlet_a20_19,0.43829657372764846,0.0019727623476675227,1,True,False
mixture_l1,0.0,1e+19,logarithmic,2048,fixed_ref,reference_p0,3.1378169416872645,reference_p0,1.0,1.0,False,dirichlet_a20_19,0.43829657372764846,0.0,14,True,False
mixture_l1,0.0,1e+19,logarithmic,2048,mixture,dirichlet_a20_19,3.1322186041584374,reference_p0,1.0,1.0,False,dirichlet_a20_19,0.43829657372764846,0.01035409787034558,1,True,False
mixture_l1,0.0,1e+19,logarithmic,4096,fixed_ref,reference_p0,3.148193680538305,reference_p0,1.0,1.0,False,dirichlet_a20_19,0.43829657372764846,0.0,14,True,False
mixture_l1,0.0,1e+19,logarithmic,4096,mixture,dirichlet_a20_19,3.1426550389632872,reference_p0,1.0,1.0,False,dirichlet_a20_19,0.43829657372764846,0.010244688758882514,1,True,False
mixture_l1,0.0,1e+19,logarithmic,8192,fixed_ref,reference_p0,3.1675507884615346,reference_p0,1.0,1.0,False,dirichlet_a20_19,0.43829657372764846,0.0,14,True,False
mixture_l1,0.0,1e+19,logarithmic,8192,mixture,dirichlet_a20_19,3.1621218503809407,reference_p0,1.0,1.0,False,dirichlet_a20_19,0.43829657372764846,0.010043586382907588,1,True,False
mixture_l1,0.0,1e+19,logarithmic,32768,fixed_ref,reference_p0,3.2579055861422845,reference_p0,1.0,1.0,False,dirichlet_a20_19,0.43829657372764846,0.0,14,True,False
mixture_l1,0.0,1e+19,logarithmic,32768,mixture,dirichlet_a20_19,3.2529608872715605,reference_p0,1.0,1.0,False,dirichlet_a20_19,0.43829657372764846,0.009155240933095055,1,True,False
mixture_l1,0.0,1e+19,logarithmic,131072,fixed_ref,reference_p0,3.4563929533589386,reference_p0,1.0,1.0,False,dirichlet_a20_19,0.43829657372764846,0.0,14,True,False
mixture_l1,0.0,1e+19,logarithmic,131072,mixture,dirichlet_a20_19,3.452361792281061,reference_p0,1.0,1.0,False,dirichlet_a20_19,0.43829657372764846,0.007475964954934966,1,True,False
mixture_l1,0.0,1e+19,power,2048,fixed_ref,reference_p0,3.144776393094138,reference_p0,1.0,1.0,False,dirichlet_a20_19,0.43829657372764846,0.0,14,True,False
mixture_l1,0.0,1e+19,power,2048,mixture,dirichlet_a20_19,3.138592489300019,reference_p0,1.0,1.0,False,dirichlet_a20_19,0.43829657372764846,0.010377307078027087,1,True,False
mixture_l1,0.0,1e+19,power,4096,fixed_ref,reference_p0,3.157956094805795,reference_p0,1.0,1.0,False,dirichlet_a20_19,0.43829657372764846,0.0,14,True,False
mixture_l1,0.0,1e+19,power,4096,mixture,dirichlet_a20_19,3.152035529197699,reference_p0,1.0,1.0,False,dirichlet_a20_19,0.43829657372764846,0.009952318655048309,1,True,False
mixture_l1,0.0,1e+19,power,8192,fixed_ref,reference_p0,3.1822819379431824,reference_p0,1.0,1.0,False,dirichlet_a20_19,0.43829657372764846,0.0,14,True,False
mixture_l1,0.0,1e+19,power,8192,mixture,dirichlet_a20_19,3.176801107740833,reference_p0,1.0,1.0,False,dirichlet_a20_19,0.43829657372764846,0.009238269732703142,1,True,False
mixture_l1,0.0,1e+19,power,32768,fixed_ref,reference_p0,3.2920403920010926,reference_p0,1.0,1.0,False,dirichlet_a20_19,0.43829657372764846,0.0,14,True,False
mixture_l1,0.0,1e+19,power,32768,mixture,dirichlet_a20_19,3.288022668441628,reference_p0,1.0,1.0,False,dirichlet_a20_19,0.43829657372764846,0.006826965653917494,1,True,False
mixture_l1,0.0,1e+19,power,131072,fixed_ref,reference_p0,3.5175301707482776,reference_p0,1.0,1.0,False,dirichlet_a20_19,0.43829657372764846,0.0,14,True,False
mixture_l1,0.0,1e+19,power,131072,mixture,dirichlet_a20_19,3.515146744752241,reference_p0,1.0,1.0,False,dirichlet_a20_19,0.43829657372764846,0.004079617536919322,1,True,False
mixture_l1,0.0,1e+22,exponential,2048,fixed_ref,reference_p0,2.1509865641797186,reference_p0,1.0,1.0,False,dirichlet_a20_19,0.43829657372764846,0.0,14,True,False
mixture_l1,0.0,1e+22,exponential,2048,mixture,dirichlet_a20_19,2.150955307672904,reference_p0,1.0,1.0,False,dirichlet_a20_19,0.43829657372764846,5.439799943074419e-05,1,True,False
mixture_l1,0.0,1e+22,exponential,4096,fixed_ref,reference_p0,2.155148529080297,reference_p0,1.0,1.0,False,dirichlet_a20_19,0.43829657372764846,0.0,14,True,False
mixture_l1,0.0,1e+22,exponential,4096,mixture,dirichlet_a20_19,2.155117889001272,reference_p0,1.0,1.0,False,dirichlet_a20_19,0.43829657372764846,5.332547309944147e-05,1,True,False
mixture_l1,0.0,1e+22,exponential,8192,fixed_ref,reference_p0,2.1628865766765566,reference_p0,1.0,1.0,False,dirichlet_a20_19,0.43829657372764846,0.0,14,True,False
mixture_l1,0.0,1e+22,exponential,8192,mixture,dirichlet_a20_19,2.16285704050283,reference_p0,1.0,1.0,False,dirichlet_a20_19,0.43829657372764846,5.1404643108377e-05,1,True,False
mixture_l1,0.0,1e+22,exponential,32768,fixed_ref,reference_p0,2.198591790044161,reference_p0,1.0,1.0,False,dirichlet_a20_19,0.43829657372764846,0.0,14,True,False
mixture_l1,0.0,1e+22,exponential,32768,mixture,dirichlet_a20_19,2.198566747022271,reference_p0,1.0,1.0,False,dirichlet_a20_19,0.43829657372764846,4.3588492729895734e-05,1,True,False
mixture_l1,0.0,1e+22,exponential,131072,fixed_ref,reference_p0,2.2750259140022036,reference_p0,1.0,1.0,False,dirichlet_a20_19,0.43829657372764846,0.0,14,True,False
mixture_l1,0.0,1e+22,exponential,131072,mixture,dirichlet_a20_19,2.2750078883249256,reference_p0,1.0,1.0,False,dirichlet_a20_19,0.43829657372764846,3.137667026242852e-05,1,True,False
mixture_l1,0.0,1e+22,logarithmic,2048,fixed_ref,reference_p0,2.1463457390253806,reference_p0,1.0,1.0,False,dirichlet_a20_19,0.43829657372764846,0.0,14,True,False
mixture_l1,0.0,1e+22,logarithmic,2048,mixture,dirichlet_a20_19,2.1461790227700903,reference_p0,1.0,1.0,False,dirichlet_a20_19,0.43829657372764846,0.0003108615024762784,1,True,False
mixture_l1,0.0,1e+22,logarithmic,4096,fixed_ref,reference_p0,2.150604408716601,reference_p0,1.0,1.0,False,dirichlet_a20_19,0.43829657372764846,0.0,14,True,False
mixture_l1,0.0,1e+22,logarithmic,4096,mixture,dirichlet_a20_19,2.150441383243405,reference_p0,1.0,1.0,False,dirichlet_a20_19,0.43829657372764846,0.0003039913133422445,1,True,False
mixture_l1,0.0,1e+22,logarithmic,8192,fixed_ref,reference_p0,2.1585153775285373,reference_p0,1.0,1.0,False,dirichlet_a20_19,0.43829657372764846,0.0,14,True,False
mixture_l1,0.0,1e+22,logarithmic,8192,mixture,dirichlet_a20_19,2.1583589261908838,reference_p0,1.0,1.0,False,dirichlet_a20_19,0.43829657372764846,0.00029175632189559764,1,True,False
mixture_l1,0.0,1e+22,logarithmic,32768,fixed_ref,reference_p0,2.194915683808947,reference_p0,1.0,1.0,False,dirichlet_a20_19,0.43829657372764846,0.0,14,True,False
mixture_l1,0.0,1e+22,logarithmic,32768,mixture,dirichlet_a20_19,2.194785322374066,reference_p0,1.0,1.0,False,dirichlet_a20_19,0.43829657372764846,0.0002431750739297911,1,True,False
mixture_l1,0.0,1e+22,logarithmic,131072,fixed_ref,reference_p0,2.272411180898094,reference_p0,1.0,1.0,False,dirichlet_a20_19,0.43829657372764846,0.0,14,True,False
mixture_l1,0.0,1e+22,logarithmic,131072,mixture,dirichlet_a20_19,2.2723196680522832,reference_p0,1.0,1.0,False,dirichlet_a20_19,0.43829657372764846,0.00017077601896531291,1,True,False
mixture_l1,0.0,1e+22,power,2048,fixed_ref,reference_p0,2.15269061051389,reference_p0,1.0,1.0,False,dirichlet_a20_19,0.43829657372764846,0.0,14,True,False
mixture_l1,0.0,1e+22,power,2048,mixture,dirichlet_a20_19,2.1526299403242453,reference_p0,1.0,1.0,False,dirichlet_a20_19,0.43829657372764846,0.00010452515660208661,1,True,False
mixture_l1,0.0,1e+22,power,4096,fixed_ref,reference_p0,2.156819664290905,reference_p0,1.0,1.0,False,dirichlet_a20_19,0.43829657372764846,0.0,14,True,False
mixture_l1,0.0,1e+22,power,4096,mixture,dirichlet_a20_19,2.156760144360044,reference_p0,1.0,1.0,False,dirichlet_a20_19,0.43829657372764846,0.0001025441955717632,1,True,False
mixture_l1,0.0,1e+22,power,8192,fixed_ref,reference_p0,2.16449858381103,reference_p0,1.0,1.0,False,dirichlet_a20_19,0.43829657372764846,0.0,14,True,False
mixture_l1,0.0,1e+22,power,8192,mixture,dirichlet_a20_19,2.1644411322856136,reference_p0,1.0,1.0,False,dirichlet_a20_19,0.43829657372764846,9.898168766531157e-05,1,True,False
mixture_l1,0.0,1e+22,power,32768,fixed_ref,reference_p0,2.19996248004066,reference_p0,1.0,1.0,False,dirichlet_a20_19,0.43829657372764846,0.0,14,True,False
mixture_l1,0.0,1e+22,power,32768,mixture,dirichlet_a20_19,2.199913502101224,reference_p0,1.0,1.0,False,dirichlet_a20_19,0.43829657372764846,8.43895074242873e-05,1,True,False
mixture_l1,0.0,1e+22,power,131072,fixed_ref,reference_p0,2.2760167243969756,reference_p0,1.0,1.0,False,dirichlet_a20_19,0.43829657372764846,0.0,14,True,False
mixture_l1,0.0,1e+22,power,131072,mixture,dirichlet_a20_19,2.2759811812595974,reference_p0,1.0,1.0,False,dirichlet_a20_19,0.43829657372764846,6.124782237648674e-05,1,True,False
mixture_l1,0.0,1e+24,exponential,2048,fixed_ref,reference_p0,1.913903619152281,reference_p0,1.0,1.0,False,dirichlet_a20_19,0.43829657372764846,0.0,14,True,False
mixture_l1,0.0,1e+24,exponential,2048,mixture,dirichlet_a20_19,1.913901410003191,reference_p0,1.0,1.0,False,dirichlet_a20_19,0.43829657372764846,3.845491373333232e-06,1,True,False
mixture_l1,0.0,1e+24,exponential,4096,fixed_ref,reference_p0,1.9160275710896768,reference_p0,1.0,1.0,False,dirichlet_a20_19,0.43829657372764846,0.0,14,True,False
mixture_l1,0.0,1e+24,exponential,4096,mixture,dirichlet_a20_19,1.9160254137731916,reference_p0,1.0,1.0,False,dirichlet_a20_19,0.43829657372764846,3.755300874486167e-06,1,True,False
mixture_l1,0.0,1e+24,exponential,8192,fixed_ref,reference_p0,1.9199711532667088,reference_p0,1.0,1.0,False,dirichlet_a20_19,0.43829657372764846,0.0,14,True,False
mixture_l1,0.0,1e+24,exponential,8192,mixture,dirichlet_a20_19,1.91996908773344,reference_p0,1.0,1.0,False,dirichlet_a20_19,0.43829657372764846,3.59509814362724e-06,1,True,False
mixture_l1,0.0,1e+24,exponential,32768,fixed_ref,reference_p0,1.9380887958974857,reference_p0,1.0,1.0,False,dirichlet_a20_19,0.43829657372764846,0.0,14,True,False
mixture_l1,0.0,1e+24,exponential,32768,mixture,dirichlet_a20_19,1.9380870899896376,reference_p0,1.0,1.0,False,dirichlet_a20_19,0.43829657372764846,2.9695348904290597e-06,1,True,False
mixture_l1,0.0,1e+24,exponential,131072,fixed_ref,reference_p0,1.9765514600318008,reference_p0,1.0,1.0,False,dirichlet_a20_19,0.43829657372764846,0.0,14,True,False
mixture_l1,0.0,1e+24,exponential,131072,mixture,dirichlet_a20_19,1.9765502769496048,reference_p0,1.0,1.0,False,dirichlet_a20_19,0.43829657372764846,2.059443301893893e-06,1,True,False
mixture_l1,0.0,1e+24,logarithmic,2048,fixed_ref,reference_p0,1.9135877364974414,reference_p0,1.0,1.0,False,dirichlet_a20_19,0.43829657372764846,0.0,14,True,False
mixture_l1,0.0,1e+24,logarithmic,2048,mixture,dirichlet_a20_19,1.913576848918821,reference_p0,1.0,1.0,False,dirichlet_a20_19,0.43829657372764846,2.03276257120244e-05,1,True,False
mixture_l1,0.0,1e+24,logarithmic,4096,fixed_ref,reference_p0,1.915719160482562,reference_p0,1.0,1.0,False,dirichlet_a20_19,0.43829657372764846,0.0,14,True,False
mixture_l1,0.0,1e+24,logarithmic,4096,mixture,dirichlet_a20_19,1.9157085324100362,reference_p0,1.0,1.0,False,dirichlet_a20_19,0.43829657372764846,1.9842304478157047e-05,1,True,False
mixture_l1,0.0,1e+24,logarithmic,8192,fixed_ref,reference_p0,1.9196759830034493,reference_p0,1.0,1.0,False,dirichlet_a20_19,0.43829657372764846,0.0,14,True,False
mixture_l1,0.0,1e+24,logarithmic,8192,mixture,dirichlet_a20_19,1.9196658161393667,reference_p0,1.0,1.0,False,dirichlet_a20_19,0.43829657372764846,1.8982610380691156e-05,1,True,False
mixture_l1,0.0,1e+24,logarithmic,32768,fixed_ref,reference_p0,1.9378453784718424,reference_p0,1.0,1.0,False,dirichlet_a20_19,0.43829657372764846,0.0,14,True,False
mixture_l1,0.0,1e+24,logarithmic,32768,mixture,dirichlet_a20_19,1.937837006440978,reference_p0,1.0,1.0,False,dirichlet_a20_19,0.43829657372764846,1.5630826969204037e-05,1,True,False
mixture_l1,0.0,1e+24,logarithmic,131072,fixed_ref,reference_p0,1.976382940542712,reference_p0,1.0,1.0,False,dirichlet_a20_19,0.43829657372764846,0.0,14,True,False
mixture_l1,0.0,1e+24,logarithmic,131072,mixture,dirichlet_a20_19,1.9763771573058238,reference_p0,1.0,1.0,False,dirichlet_a20_19,0.43829657372764846,1.0799178649323338e-05,1,True,False
mixture_l1,0.0,1e+24,power,2048,fixed_ref,reference_p0,1.9140256838178147,reference_p0,1.0,1.0,False,dirichlet_a20_19,0.43829657372764846,0.0,14,True,False
mixture_l1,0.0,1e+24,power,2048,mixture,dirichlet_a20_19,1.9140212826368048,reference_p0,1.0,1.0,False,dirichlet_a20_19,0.43829657372764846,7.584505660407359e-06,1,True,False
mixture_l1,0.0,1e+24,power,4096,fixed_ref,reference_p0,1.9161467854608134,reference_p0,1.0,1.0,False,dirichlet_a20_19,0.43829657372764846,0.0,14,True,False
mixture_l1,0.0,1e+24,power,4096,mixture,dirichlet_a20_19,1.9161424868570553,reference_p0,1.0,1.0,False,dirichlet_a20_19,0.43829657372764846,7.408575120049221e-06,1,True,False
mixture_l1,0.0,1e+24,power,8192,fixed_ref,reference_p0,1.9200853111210283,reference_p0,1.0,1.0,False,dirichlet_a20_19,0.43829657372764846,0.0,14,True,False
mixture_l1,0.0,1e+24,power,8192,mixture,dirichlet_a20_19,1.920081194566145,reference_p0,1.0,1.0,False,dirichlet_a20_19,0.43829657372764846,7.094830013043563e-06,1,True,False
mixture_l1,0.0,1e+24,power,32768,fixed_ref,reference_p0,1.9381831316850204,reference_p0,1.0,1.0,False,dirichlet_a20_19,0.43829657372764846,0.0,14,True,False
mixture_l1,0.0,1e+24,power,32768,mixture,dirichlet_a20_19,1.9381797279125226,reference_p0,1.0,1.0,False,dirichlet_a20_19,0.43829657372764846,5.866399616749618e-06,1,True,False
mixture_l1,0.0,1e+24,power,131072,fixed_ref,reference_p0,1.9766169459038456,reference_p0,1.0,1.0,False,dirichlet_a20_19,0.43829657372764846,0.0,14,True,False
mixture_l1,0.0,1e+24,power,131072,mixture,dirichlet_a20_19,1.9766145811996512,reference_p0,1.0,1.0,False,dirichlet_a20_19,0.43829657372764846,4.075603501130232e-06,1,True,False
mixture_l1,0.5,1e+19,exponential,2048,fixed_ref,reference_p0,3.123094642754934,reference_p0,1.0,0.054341000008407324,True,dirichlet_a20_19,0.43829657372764846,0.847691502112514,1,True,False
mixture_l1,0.5,1e+19,exponential,2048,mixture,reference_p0,3.123094642754934,reference_p0,1.0,0.054341000008407324,True,dirichlet_a20_19,0.43829657372764846,0.8555136391799474,1,True,False
mixture_l1,0.5,1e+19,exponential,4096,fixed_ref,reference_p0,3.1355734585409953,reference_p0,1.0,0.054341000008407324,True,dirichlet_a20_19,0.43829657372764846,0.8570061370218407,1,True,False
mixture_l1,0.5,1e+19,exponential,4096,mixture,reference_p0,3.1355734585409953,reference_p0,1.0,0.054341000008407324,True,dirichlet_a20_19,0.43829657372764846,0.8649030047558117,1,True,False
mixture_l1,0.5,1e+19,exponential,8192,fixed_ref,reference_p0,3.158689755020952,reference_p0,1.0,0.054341000008407324,True,dirichlet_a20_19,0.43829657372764846,0.8743434356521891,1,True,False
mixture_l1,0.5,1e+19,exponential,8192,mixture,reference_p0,3.158689755020952,reference_p0,1.0,0.054341000008407324,True,dirichlet_a20_19,0.43829657372764846,0.8823790305243997,1,True,False
mixture_l1,0.5,1e+19,exponential,32768,fixed_ref,reference_p0,3.264133767913078,reference_p0,1.0,0.054341000008407324,True,dirichlet_a20_19,0.43829657372764846,0.9542686321728748,1,True,False
mixture_l1,0.5,1e+19,exponential,32768,mixture,reference_p0,3.264133767913078,reference_p0,1.0,0.054341000008407324,True,dirichlet_a20_19,0.43829657372764846,0.9613580301624269,1,True,False
mixture_l1,0.5,1e+19,exponential,131072,fixed_ref,reference_p0,3.4850599226598504,reference_p0,1.0,0.054341000008407324,True,dirichlet_a20_19,0.43829657372764846,1.1050278872923558,1,True,False
mixture_l1,0.5,1e+19,exponential,131072,mixture,reference_p0,3.4850599226598504,reference_p0,1.0,0.054341000008407324,True,dirichlet_a20_19,0.43829657372764846,1.1088373062292955,1,True,False
mixture_l1,0.5,1e+19,logarithmic,2048,fixed_ref,reference_p0,3.1378169416872645,reference_p0,1.0,0.054341000008407324,True,dirichlet_a20_19,0.43829657372764846,0.8329692031801836,1,True,False
mixture_l1,0.5,1e+19,logarithmic,2048,mixture,reference_p0,3.1378169416872645,reference_p0,1.0,0.054341000008407324,True,dirichlet_a20_19,0.43829657372764846,0.840791340247617,1,True,False
mixture_l1,0.5,1e+19,logarithmic,4096,fixed_ref,reference_p0,3.148193680538305,reference_p0,1.0,0.054341000008407324,True,dirichlet_a20_19,0.43829657372764846,0.8443859150245312,1,True,False
mixture_l1,0.5,1e+19,logarithmic,4096,mixture,reference_p0,3.148193680538305,reference_p0,1.0,0.054341000008407324,True,dirichlet_a20_19,0.43829657372764846,0.8522827827585022,1,True,False
mixture_l1,0.5,1e+19,logarithmic,8192,fixed_ref,reference_p0,3.1675507884615346,reference_p0,1.0,0.054341000008407324,True,dirichlet_a20_19,0.43829657372764846,0.8654824022116063,1,True,False
mixture_l1,0.5,1e+19,logarithmic,8192,mixture,reference_p0,3.1675507884615346,reference_p0,1.0,0.054341000008407324,True,dirichlet_a20_19,0.43829657372764846,0.8735179970838169,1,True,False
mixture_l1,0.5,1e+19,logarithmic,32768,fixed_ref,reference_p0,3.2579055861422845,reference_p0,1.0,0.054341000008407324,True,dirichlet_a20_19,0.43829657372764846,0.9608261641104421,1,True,False
mixture_l1,0.5,1e+19,logarithmic,32768,mixture,reference_p0,3.2579055861422845,reference_p0,1.0,0.054341000008407324,True,dirichlet_a20_19,0.43829657372764846,0.9694985692485054,1,True,False
mixture_l1,0.5,1e+19,logarithmic,131072,fixed_ref,reference_p0,3.4563929533589386,reference_p0,1.0,0.054341000008407324,True,dirichlet_a20_19,0.43829657372764846,1.1559759669253493,1,True,False
mixture_l1,0.5,1e+19,logarithmic,131072,mixture,reference_p0,3.4563929533589386,reference_p0,1.0,0.054341000008407324,True,dirichlet_a20_19,0.43829657372764846,1.165998263119218,1,True,False
mixture_l1,0.5,1e+19,power,2048,fixed_ref,reference_p0,3.144776393094138,reference_p0,1.0,0.054341000008407324,True,dirichlet_a20_19,0.43829657372764846,0.8260097517733103,1,True,False
mixture_l1,0.5,1e+19,power,2048,mixture,reference_p0,3.144776393094138,reference_p0,1.0,0.054341000008407324,True,dirichlet_a20_19,0.43829657372764846,0.8338318888407437,1,True,False
mixture_l1,0.5,1e+19,power,4096,fixed_ref,reference_p0,3.157956094805795,reference_p0,1.0,0.054341000008407324,True,dirichlet_a20_19,0.43829657372764846,0.8346235007570408,1,True,False
mixture_l1,0.5,1e+19,power,4096,mixture,reference_p0,3.157956094805795,reference_p0,1.0,0.054341000008407324,True,dirichlet_a20_19,0.43829657372764846,0.8425203684910119,1,True,False
mixture_l1,0.5,1e+19,power,8192,fixed_ref,reference_p0,3.1822819379431824,reference_p0,1.0,0.054341000008407324,True,dirichlet_a20_19,0.43829657372764846,0.8507512527299586,1,True,False
mixture_l1,0.5,1e+19,power,8192,mixture,reference_p0,3.1822819379431824,reference_p0,1.0,0.054341000008407324,True,dirichlet_a20_19,0.43829657372764846,0.8587868476021692,1,True,False
mixture_l1,0.5,1e+19,power,32768,fixed_ref,reference_p0,3.2920403920010926,reference_p0,1.0,0.054341000008407324,True,dirichlet_a20_19,0.43829657372764846,0.9266913582516341,1,True,False
mixture_l1,0.5,1e+19,power,32768,mixture,reference_p0,3.2920403920010926,reference_p0,1.0,0.054341000008407324,True,dirichlet_a20_19,0.43829657372764846,0.9353637633896974,1,True,False
mixture_l1,0.5,1e+19,power,131072,fixed_ref,reference_p0,3.5175301707482776,reference_p0,1.0,0.054341000008407324,True,dirichlet_a20_19,0.43829657372764846,1.0948387495360103,1,True,False
mixture_l1,0.5,1e+19,power,131072,mixture,reference_p0,3.5175301707482776,reference_p0,1.0,0.054341000008407324,True,dirichlet_a20_19,0.43829657372764846,1.104861045729879,1,True,False
mixture_l1,0.5,1e+22,exponential,2048,fixed_ref,reference_p0,2.1509865641797186,reference_p0,1.0,0.054341000008407324,True,dirichlet_a20_19,0.43829657372764846,0.28051256587816864,1,True,False
mixture_l1,0.5,1e+22,exponential,2048,mixture,reference_p0,2.1509865641797186,reference_p0,1.0,0.054341000008407324,True,dirichlet_a20_19,0.43829657372764846,0.28059808083934934,1,True,False
mixture_l1,0.5,1e+22,exponential,4096,fixed_ref,reference_p0,2.155148529080297,reference_p0,1.0,0.054341000008407324,True,dirichlet_a20_19,0.43829657372764846,0.28283395352508034,1,True,False
mixture_l1,0.5,1e+22,exponential,4096,mixture,reference_p0,2.155148529080297,reference_p0,1.0,0.054341000008407324,True,dirichlet_a20_19,0.43829657372764846,0.28291725304061144,1,True,False
mixture_l1,0.5,1e+22,exponential,8192,fixed_ref,reference_p0,2.1628865766765566,reference_p0,1.0,0.054341000008407324,True,dirichlet_a20_19,0.43829657372764846,0.28712271554898194,1,True,False
mixture_l1,0.5,1e+22,exponential,8192,mixture,reference_p0,2.1628865766765566,reference_p0,1.0,0.054341000008407324,True,dirichlet_a20_19,0.43829657372764846,0.2872021094365014,1,True,False
mixture_l1,0.5,1e+22,exponential,32768,fixed_ref,reference_p0,2.198591790044161,reference_p0,1.0,0.054341000008407324,True,dirichlet_a20_19,0.43829657372764846,0.3065050424440603,1,True,False
mixture_l1,0.5,1e+22,exponential,32768,mixture,reference_p0,2.198591790044161,reference_p0,1.0,0.054341000008407324,True,dirichlet_a20_19,0.43829657372764846,0.3065694172703699,1,True,False
mixture_l1,0.5,1e+22,exponential,131072,fixed_ref,reference_p0,2.2750259140022036,reference_p0,1.0,0.054341000008407324,True,dirichlet_a20_19,0.43829657372764846,0.3462838031514197,1,True,False
mixture_l1,0.5,1e+22,exponential,131072,mixture,reference_p0,2.2750259140022036,reference_p0,1.0,0.054341000008407324,True,dirichlet_a20_19,0.43829657372764846,0.3463271431379371,1,True,False
mixture_l1,0.5,1e+22,logarithmic,2048,fixed_ref,reference_p0,2.1463457390253806,reference_p0,1.0,0.054341000008407324,True,dirichlet_a20_19,0.43829657372764846,0.26945862195052994,1,True,False
mixture_l1,0.5,1e+22,logarithmic,2048,mixture,reference_p0,2.1463457390253806,reference_p0,1.0,0.054341000008407324,True,dirichlet_a20_19,0.43829657372764846,0.2699109245858371,1,True,False
mixture_l1,0.5,1e+22,logarithmic,4096,fixed_ref,reference_p0,2.150604408716601,reference_p0,1.0,0.054341000008407324,True,dirichlet_a20_19,0.43829657372764846,0.27161644973386956,1,True,False
mixture_l1,0.5,1e+22,logarithmic,4096,mixture,reference_p0,2.150604408716601,reference_p0,1.0,0.054341000008407324,True,dirichlet_a20_19,0.43829657372764846,0.2720604584395283,1,True,False
mixture_l1,0.5,1e+22,logarithmic,8192,fixed_ref,reference_p0,2.1585153775285373,reference_p0,1.0,0.054341000008407324,True,dirichlet_a20_19,0.43829657372764846,0.2756408304143494,1,True,False
mixture_l1,0.5,1e+22,logarithmic,8192,mixture,reference_p0,2.1585153775285373,reference_p0,1.0,0.054341000008407324,True,dirichlet_a20_19,0.43829657372764846,0.27606989610998367,1,True,False
mixture_l1,0.5,1e+22,logarithmic,32768,fixed_ref,reference_p0,2.194915683808947,reference_p0,1.0,0.054341000008407324,True,dirichlet_a20_19,0.43829657372764846,0.2943991839931801,1,True,False
mixture_l1,0.5,1e+22,logarithmic,32768,mixture,reference_p0,2.194915683808947,reference_p0,1.0,0.054341000008407324,True,dirichlet_a20_19,0.43829657372764846,0.2947666769069044,1,True,False
mixture_l1,0.5,1e+22,logarithmic,131072,fixed_ref,reference_p0,2.272411180898094,reference_p0,1.0,0.054341000008407324,True,dirichlet_a20_19,0.43829657372764846,0.33535816868726176,1,True,False
mixture_l1,0.5,1e+22,logarithmic,131072,mixture,reference_p0,2.272411180898094,reference_p0,1.0,0.054341000008407324,True,dirichlet_a20_19,0.43829657372764846,0.3356267937182533,1,True,False
mixture_l1,0.5,1e+22,power,2048,fixed_ref,reference_p0,2.15269061051389,reference_p0,1.0,0.054341000008407324,True,dirichlet_a20_19,0.43829657372764846,0.2885771626572238,1,True,False
mixture_l1,0.5,1e+22,power,2048,mixture,reference_p0,2.15269061051389,reference_p0,1.0,0.054341000008407324,True,dirichlet_a20_19,0.43829657372764846,0.28873311904153987,1,True,False
mixture_l1,0.5,1e+22,power,4096,fixed_ref,reference_p0,2.156819664290905,reference_p0,1.0,0.054341000008407324,True,dirichlet_a20_19,0.43829657372764846,0.2908079473629135,1,True,False
mixture_l1,0.5,1e+22,power,4096,mixture,reference_p0,2.156819664290905,reference_p0,1.0,0.054341000008407324,True,dirichlet_a20_19,0.43829657372764846,0.2909592954758371,1,True,False
mixture_l1,0.5,1e+22,power,8192,fixed_ref,reference_p0,2.16449858381103,reference_p0,1.0,0.054341000008407324,True,dirichlet_a20_19,0.43829657372764846,0.2949108396084936,1,True,False
mixture_l1,0.5,1e+22,power,8192,mixture,reference_p0,2.16449858381103,reference_p0,1.0,0.054341000008407324,True,dirichlet_a20_19,0.43829657372764846,0.2950541170205385,1,True,False
mixture_l1,0.5,1e+22,power,32768,fixed_ref,reference_p0,2.19996248004066,reference_p0,1.0,0.054341000008407324,True,dirichlet_a20_19,0.43829657372764846,0.3131625968436924,1,True,False
mixture_l1,0.5,1e+22,power,32768,mixture,reference_p0,2.19996248004066,reference_p0,1.0,0.054341000008407324,True,dirichlet_a20_19,0.43829657372764846,0.3132754418346617,1,True,False
mixture_l1,0.5,1e+22,power,131072,fixed_ref,reference_p0,2.2760167243969756,reference_p0,1.0,0.054341000008407324,True,dirichlet_a20_19,0.43829657372764846,0.3501933968798818,1,True,False
mixture_l1,0.5,1e+22,power,131072,mixture,reference_p0,2.2760167243969756,reference_p0,1.0,0.054341000008407324,True,dirichlet_a20_19,0.43829657372764846,0.35027389834150036,1,True,False
mixture_l1,0.5,1e+24,exponential,2048,fixed_ref,reference_p0,1.913903619152281,reference_p0,1.0,0.054341000008407324,True,dirichlet_a20_19,0.43829657372764846,0.1284542227445673,1,True,False
mixture_l1,0.5,1e+24,exponential,2048,mixture,reference_p0,1.913903619152281,reference_p0,1.0,0.054341000008407324,True,dirichlet_a20_19,0.43829657372764846,0.1284600001444569,1,True,False
mixture_l1,0.5,1e+24,exponential,4096,fixed_ref,reference_p0,1.9160275710896768,reference_p0,1.0,0.054341000008407324,True,dirichlet_a20_19,0.43829657372764846,0.12960389237305248,1,True,False
mixture_l1,0.5,1e+24,exponential,4096,mixture,reference_p0,1.9160275710896768,reference_p0,1.0,0.054341000008407324,True,dirichlet_a20_19,0.43829657372764846,0.12960954284568627,1,True,False
mixture_l1,0.5,1e+24,exponential,8192,fixed_ref,reference_p0,1.9199711532667088,reference_p0,1.0,0.054341000008407324,True,dirichlet_a20_19,0.43829657372764846,0.13174223378168137,1,True,False
mixture_l1,0.5,1e+24,exponential,8192,mixture,reference_p0,1.9199711532667088,reference_p0,1.0,0.054341000008407324,True,dirichlet_a20_19,0.43829657372764846,0.1317476605340786,1,True,False
mixture_l1,0.5,1e+24,exponential,32768,fixed_ref,reference_p0,1.9380887958974857,reference_p0,1.0,0.054341000008407324,True,dirichlet_a20_19,0.43829657372764846,0.14162074084090914,1,True,False
mixture_l1,0.5,1e+24,exponential,32768,mixture,reference_p0,1.9380887958974857,reference_p0,1.0,0.054341000008407324,True,dirichlet_a20_19,0.43829657372764846,0.14162527645359724,1,True,False
mixture_l1,0.5,1e+24,exponential,131072,fixed_ref,reference_p0,1.9765514600318008,reference_p0,1.0,0.054341000008407324,True,dirichlet_a20_19,0.43829657372764846,0.16280869947419196,1,True,False
mixture_l1,0.5,1e+24,exponential,131072,mixture,reference_p0,1.9765514600318008,reference_p0,1.0,0.054341000008407324,True,dirichlet_a20_19,0.43829657372764846,0.16281189646744654,1,True,False
mixture_l1,0.5,1e+24,logarithmic,2048,fixed_ref,reference_p0,1.9135877364974414,reference_p0,1.0,0.054341000008407324,True,dirichlet_a20_19,0.43829657372764846,0.12700434921109682,1,True,False
mixture_l1,0.5,1e+24,logarithmic,2048,mixture,reference_p0,1.9135877364974414,reference_p0,1.0,0.054341000008407324,True,dirichlet_a20_19,0.43829657372764846,0.12703792537335357,1,True,False
mixture_l1,0.5,1e+24,logarithmic,4096,fixed_ref,reference_p0,1.915719160482562,reference_p0,1.0,0.054341000008407324,True,dirichlet_a20_19,0.43829657372764846,0.12818612203330249,1,True,False
mixture_l1,0.5,1e+24,logarithmic,4096,mixture,reference_p0,1.915719160482562,reference_p0,1.0,0.054341000008407324,True,dirichlet_a20_19,0.43829657372764846,0.12821892107017918,1,True,False
mixture_l1,0.5,1e+24,logarithmic,8192,fixed_ref,reference_p0,1.9196759830034493,reference_p0,1.0,0.054341000008407324,True,dirichlet_a20_19,0.43829657372764846,0.13038164234604,1,True,False
mixture_l1,0.5,1e+24,logarithmic,8192,mixture,reference_p0,1.9196759830034493,reference_p0,1.0,0.054341000008407324,True,dirichlet_a20_19,0.43829657372764846,0.1304130644708963,1,True,False
mixture_l1,0.5,1e+24,logarithmic,32768,fixed_ref,reference_p0,1.9378453784718424,reference_p0,1.0,0.054341000008407324,True,dirichlet_a20_19,0.43829657372764846,0.14048708243775132,1,True,False
mixture_l1,0.5,1e+24,logarithmic,32768,mixture,reference_p0,1.9378453784718424,reference_p0,1.0,0.054341000008407324,True,dirichlet_a20_19,0.43829657372764846,0.1405130892239359,1,True,False
mixture_l1,0.5,1e+24,logarithmic,131072,fixed_ref,reference_p0,1.976382940542712,reference_p0,1.0,0.054341000008407324,True,dirichlet_a20_19,0.43829657372764846,0.16201295901461843,1,True,False
mixture_l1,0.5,1e+24,logarithmic,131072,mixture,reference_p0,1.976382940542712,reference_p0,1.0,0.054341000008407324,True,dirichlet_a20_19,0.43829657372764846,0.16203105082471247,1,True,False
mixture_l1,0.5,1e+24,power,2048,fixed_ref,reference_p0,1.9140256838178147,reference_p0,1.0,0.054341000008407324,True,dirichlet_a20_19,0.43829657372764846,0.12899907832174873,1,True,False
mixture_l1,0.5,1e+24,power,2048,mixture,reference_p0,1.9140256838178147,reference_p0,1.0,0.054341000008407324,True,dirichlet_a20_19,0.43829657372764846,0.12901023185099647,1,True,False
mixture_l1,0.5,1e+24,power,4096,fixed_ref,reference_p0,1.9161467854608134,reference_p0,1.0,0.054341000008407324,True,dirichlet_a20_19,0.43829657372764846,0.13013726708436546,1,True,False
mixture_l1,0.5,1e+24,power,4096,mixture,reference_p0,1.9161467854608134,reference_p0,1.0,0.054341000008407324,True,dirichlet_a20_19,0.43829657372764846,0.13014818354724356,1,True,False
mixture_l1,0.5,1e+24,power,8192,fixed_ref,reference_p0,1.9200853111210283,reference_p0,1.0,0.054341000008407324,True,dirichlet_a20_19,0.43829657372764846,0.13225508933999786,1,True,False
mixture_l1,0.5,1e+24,power,8192,mixture,reference_p0,1.9200853111210283,reference_p0,1.0,0.054341000008407324,True,dirichlet_a20_19,0.43829657372764846,0.13226558394305998,1,True,False
mixture_l1,0.5,1e+24,power,32768,fixed_ref,reference_p0,1.9381831316850204,reference_p0,1.0,0.054341000008407324,True,dirichlet_a20_19,0.43829657372764846,0.14205125779989092,1,True,False
mixture_l1,0.5,1e+24,power,32768,mixture,reference_p0,1.9381831316850204,reference_p0,1.0,0.054341000008407324,True,dirichlet_a20_19,0.43829657372764846,0.14206005579761194,1,True,False
mixture_l1,0.5,1e+24,power,131072,fixed_ref,reference_p0,1.9766169459038456,reference_p0,1.0,0.054341000008407324,True,dirichlet_a20_19,0.43829657372764846,0.16311401250316027,1,True,False
mixture_l1,0.5,1e+24,power,131072,mixture,reference_p0,1.9766169459038456,reference_p0,1.0,0.054341000008407324,True,dirichlet_a20_19,0.43829657372764846,0.16312024303102324,1,True,False
mixture_l1,1.0,1e+19,exponential,2048,fixed_ref,reference_p0,3.123094642754934,reference_p0,1.0,0.0029529442819137253,True,dirichlet_a20_19,0.43829657372764846,2.1335937616898204,1,True,False
mixture_l1,1.0,1e+19,exponential,2048,mixture,reference_p0,3.123094642754934,reference_p0,1.0,0.0029529442819137253,True,dirichlet_a20_19,0.43829657372764846,2.1458256064616363,1,True,False
mixture_l1,1.0,1e+19,exponential,4096,fixed_ref,reference_p0,3.1355734585409953,reference_p0,1.0,0.0029529442819137253,True,dirichlet_a20_19,0.43829657372764846,2.1551944111822747,1,True,False
mixture_l1,1.0,1e+19,exponential,4096,mixture,reference_p0,3.1355734585409953,reference_p0,1.0,0.0029529442819137253,True,dirichlet_a20_19,0.43829657372764846,2.167543114982192,1,True,False
mixture_l1,1.0,1e+19,exponential,8192,fixed_ref,reference_p0,3.158689755020952,reference_p0,1.0,0.0029529442819137253,True,dirichlet_a20_19,0.43829657372764846,2.1953373266613068,1,True,False
mixture_l1,1.0,1e+19,exponential,8192,mixture,reference_p0,3.158689755020952,reference_p0,1.0,0.0029529442819137253,True,dirichlet_a20_19,0.43829657372764846,2.2079029751801396,1,True,False
mixture_l1,1.0,1e+19,exponential,32768,fixed_ref,reference_p0,3.264133767913078,reference_p0,1.0,0.0029529442819137253,True,dirichlet_a20_19,0.43829657372764846,2.380279017474777,1,True,False
mixture_l1,1.0,1e+19,exponential,32768,mixture,reference_p0,3.264133767913078,reference_p0,1.0,0.0029529442819137253,True,dirichlet_a20_19,0.43829657372764846,2.3938404803441777,1,True,False
mixture_l1,1.0,1e+19,exponential,131072,fixed_ref,reference_p0,3.4850599226598504,reference_p0,1.0,0.0029529442819137253,True,dirichlet_a20_19,0.43829657372764846,2.774902127084184,1,True,False
mixture_l1,1.0,1e+19,exponential,131072,mixture,reference_p0,3.4850599226598504,reference_p0,1.0,0.0029529442819137253,True,dirichlet_a20_19,0.43829657372764846,2.7905744644887065,1,True,False
mixture_l1,1.0,1e+19,logarithmic,2048,fixed_ref,reference_p0,3.1378169416872645,reference_p0,1.0,0.0029529442819137253,True,dirichlet_a20_19,0.43829657372764846,2.11887146275749,1,True,False
mixture_l1,1.0,1e+19,logarithmic,2048,mixture,reference_p0,3.1378169416872645,reference_p0,1.0,0.0029529442819137253,True,dirichlet_a20_19,0.43829657372764846,2.131103307529306,1,True,False
mixture_l1,1.0,1e+19,logarithmic,4096,fixed_ref,reference_p0,3.148193680538305,reference_p0,1.0,0.0029529442819137253,True,dirichlet_a20_19,0.43829657372764846,2.1425741891849652,1,True,False
mixture_l1,1.0,1e+19,logarithmic,4096,mixture,reference_p0,3.148193680538305,reference_p0,1.0,0.0029529442819137253,True,dirichlet_a20_19,0.43829657372764846,2.1549228929848825,1,True,False
mixture_l1,1.0,1e+19,logarithmic,8192,fixed_ref,reference_p0,3.1675507884615346,reference_p0,1.0,0.0029529442819137253,True,dirichlet_a20_19,0.43829657372764846,2.186476293220724,1,True,False
mixture_l1,1.0,1e+19,logarithmic,8192,mixture,reference_p0,3.1675507884615346,reference_p0,1.0,0.0029529442819137253,True,dirichlet_a20_19,0.43829657372764846,2.199041941739557,1,True,False
mixture_l1,1.0,1e+19,logarithmic,32768,fixed_ref,reference_p0,3.2579055861422845,reference_p0,1.0,0.0029529442819137253,True,dirichlet_a20_19,0.43829657372764846,2.3865071992455706,1,True,False
mixture_l1,1.0,1e+19,logarithmic,32768,mixture,reference_p0,3.2579055861422845,reference_p0,1.0,0.0029529442819137253,True,dirichlet_a20_19,0.43829657372764846,2.4000686621149714,1,True,False
mixture_l1,1.0,1e+19,logarithmic,131072,fixed_ref,reference_p0,3.4563929533589386,reference_p0,1.0,0.0029529442819137253,True,dirichlet_a20_19,0.43829657372764846,2.803569096385096,1,True,False
mixture_l1,1.0,1e+19,logarithmic,131072,mixture,reference_p0,3.4563929533589386,reference_p0,1.0,0.0029529442819137253,True,dirichlet_a20_19,0.43829657372764846,2.8192414337896183,1,True,False
mixture_l1,1.0,1e+19,power,2048,fixed_ref,reference_p0,3.144776393094138,reference_p0,1.0,0.0029529442819137253,True,dirichlet_a20_19,0.43829657372764846,2.1119120113506167,1,True,False
mixture_l1,1.0,1e+19,power,2048,mixture,reference_p0,3.144776393094138,reference_p0,1.0,0.0029529442819137253,True,dirichlet_a20_19,0.43829657372764846,2.1241438561224326,1,True,False
mixture_l1,1.0,1e+19,power,4096,fixed_ref,reference_p0,3.157956094805795,reference_p0,1.0,0.0029529442819137253,True,dirichlet_a20_19,0.43829657372764846,2.132811774917475,1,True,False
mixture_l1,1.0,1e+19,power,4096,mixture,reference_p0,3.157956094805795,reference_p0,1.0,0.0029529442819137253,True,dirichlet_a20_19,0.43829657372764846,2.145160478717392,1,True,False
mixture_l1,1.0,1e+19,power,8192,fixed_ref,reference_p0,3.1822819379431824,reference_p0,1.0,0.0029529442819137253,True,dirichlet_a20_19,0.43829657372764846,2.1717451437390762,1,True,False
mixture_l1,1.0,1e+19,power,8192,mixture,reference_p0,3.1822819379431824,reference_p0,1.0,0.0029529442819137253,True,dirichlet_a20_19,0.43829657372764846,2.184310792257909,1,True,False
mixture_l1,1.0,1e+19,power,32768,fixed_ref,reference_p0,3.2920403920010926,reference_p0,1.0,0.0029529442819137253,True,dirichlet_a20_19,0.43829657372764846,2.3523723933867626,1,True,False
mixture_l1,1.0,1e+19,power,32768,mixture,reference_p0,3.2920403920010926,reference_p0,1.0,0.0029529442819137253,True,dirichlet_a20_19,0.43829657372764846,2.3659338562561634,1,True,False
mixture_l1,1.0,1e+19,power,131072,fixed_ref,reference_p0,3.5175301707482776,reference_p0,1.0,0.0029529442819137253,True,dirichlet_a20_19,0.43829657372764846,2.742431878995757,1,True,False
mixture_l1,1.0,1e+19,power,131072,mixture,reference_p0,3.5175301707482776,reference_p0,1.0,0.0029529442819137253,True,dirichlet_a20_19,0.43829657372764846,2.7581042164002794,1,True,False
mixture_l1,1.0,1e+22,exponential,2048,fixed_ref,reference_p0,2.1509865641797186,reference_p0,1.0,0.0029529442819137253,True,dirichlet_a20_19,0.43829657372764846,0.7376146441236031,1,True,False
mixture_l1,1.0,1e+22,exponential,2048,mixture,reference_p0,2.1509865641797186,reference_p0,1.0,0.0029529442819137253,True,dirichlet_a20_19,0.43829657372764846,0.7381627400828981,1,True,False
mixture_l1,1.0,1e+22,exponential,4096,fixed_ref,reference_p0,2.155148529080297,reference_p0,1.0,0.0029529442819137253,True,dirichlet_a20_19,0.43829657372764846,0.743843428302629,1,True,False
mixture_l1,1.0,1e+22,exponential,4096,mixture,reference_p0,2.155148529080297,reference_p0,1.0,0.0029529442819137253,True,dirichlet_a20_19,0.43829657372764846,0.7443763667251488,1,True,False
mixture_l1,1.0,1e+22,exponential,8192,fixed_ref,reference_p0,2.1628865766765566,reference_p0,1.0,0.0029529442819137253,True,dirichlet_a20_19,0.43829657372764846,0.7553679220121374,1,True,False
mixture_l1,1.0,1e+22,exponential,8192,mixture,reference_p0,2.1628865766765566,reference_p0,1.0,0.0029529442819137253,True,dirichlet_a20_19,0.43829657372764846,0.7558743073092438,1,True,False
mixture_l1,1.0,1e+22,exponential,32768,fixed_ref,reference_p0,2.198591790044161,reference_p0,1.0,0.0029529442819137253,True,dirichlet_a20_19,0.43829657372764846,0.8077189315175,1,True,False
mixture_l1,1.0,1e+22,exponential,32768,mixture,reference_p0,2.198591790044161,reference_p0,1.0,0.0029529442819137253,True,dirichlet_a20_19,0.43829657372764846,0.8081250173964039,1,True,False
mixture_l1,1.0,1e+22,exponential,131072,fixed_ref,reference_p0,2.2750259140022036,reference_p0,1.0,0.0029529442819137253,True,dirichlet_a20_19,0.43829657372764846,0.9164273090665138,1,True,False
mixture_l1,1.0,1e+22,exponential,131072,mixture,reference_p0,2.2750259140022036,reference_p0,1.0,0.0029529442819137253,True,dirichlet_a20_19,0.43829657372764846,0.9166970979702866,1,True,False
mixture_l1,1.0,1e+22,logarithmic,2048,fixed_ref,reference_p0,2.1463457390253806,reference_p0,1.0,0.0029529442819137253,True,dirichlet_a20_19,0.43829657372764846,0.733264528579002,1,True,False
mixture_l1,1.0,1e+22,logarithmic,2048,mixture,reference_p0,2.1463457390253806,reference_p0,1.0,0.0029529442819137253,True,dirichlet_a20_19,0.43829657372764846,0.7351326604672384,1,True,False
mixture_l1,1.0,1e+22,logarithmic,4096,fixed_ref,reference_p0,2.150604408716601,reference_p0,1.0,0.0029529442819137253,True,dirichlet_a20_19,0.43829657372764846,0.7382141885142492,1,True,False
mixture_l1,1.0,1e+22,logarithmic,4096,mixture,reference_p0,2.150604408716601,reference_p0,1.0,0.0029529442819137253,True,dirichlet_a20_19,0.43829657372764846,0.7400587893943218,1,True,False
mixture_l1,1.0,1e+22,logarithmic,8192,fixed_ref,reference_p0,2.1585153775285373,reference_p0,1.0,0.0029529442819137253,True,dirichlet_a20_19,0.43829657372764846,0.7474674659527616,1,True,False
mixture_l1,1.0,1e+22,logarithmic,8192,mixture,reference_p0,2.1585153775285373,reference_p0,1.0,0.0029529442819137253,True,dirichlet_a20_19,0.43829657372764846,0.7492690097778483,1,True,False
mixture_l1,1.0,1e+22,logarithmic,32768,fixed_ref,reference_p0,2.194915683808947,reference_p0,1.0,0.0029529442819137253,True,dirichlet_a20_19,0.43829657372764846,0.790964813829135,1,True,False
mixture_l1,1.0,1e+22,logarithmic,32768,mixture,reference_p0,2.194915683808947,reference_p0,1.0,0.0029529442819137253,True,dirichlet_a20_19,0.43829657372764846,0.7925793837783592,1,True,False
mixture_l1,1.0,1e+22,logarithmic,131072,fixed_ref,reference_p0,2.272411180898094,reference_p0,1.0,0.0029529442819137253,True,dirichlet_a20_19,0.43829657372764846,0.8878172869013836,1,True,False
mixture_l1,1.0,1e+22,logarithmic,131072,mixture,reference_p0,2.272411180898094,reference_p0,1.0,0.0029529442819137253,True,dirichlet_a20_19,0.43829657372764846,0.8890932018607143,1,True,False
mixture_l1,1.0,1e+22,power,2048,fixed_ref,reference_p0,2.15269061051389,reference_p0,1.0,0.0029529442819137253,True,dirichlet_a20_19,0.43829657372764846,0.75759753543795,1,True,False
mixture_l1,1.0,1e+22,power,2048,mixture,reference_p0,2.15269061051389,reference_p0,1.0,0.0029529442819137253,True,dirichlet_a20_19,0.43829657372764846,0.7587877428124457,1,True,False
mixture_l1,1.0,1e+22,power,4096,fixed_ref,reference_p0,2.156819664290905,reference_p0,1.0,0.0029529442819137253,True,dirichlet_a20_19,0.43829657372764846,0.7641299721488544,1,True,False
mixture_l1,1.0,1e+22,power,4096,mixture,reference_p0,2.156819664290905,reference_p0,1.0,0.0029529442819137253,True,dirichlet_a20_19,0.43829657372764846,0.7652804043514396,1,True,False
mixture_l1,1.0,1e+22,power,8192,fixed_ref,reference_p0,2.16449858381103,reference_p0,1.0,0.0029529442819137253,True,dirichlet_a20_19,0.43829657372764846,0.7761724048191043,1,True,False
mixture_l1,1.0,1e+22,power,8192,mixture,reference_p0,2.16449858381103,reference_p0,1.0,0.0029529442819137253,True,dirichlet_a20_19,0.43829657372764846,0.7772540522759317,1,True,False
mixture_l1,1.0,1e+22,power,32768,fixed_ref,reference_p0,2.19996248004066,reference_p0,1.0,0.0029529442819137253,True,dirichlet_a20_19,0.43829657372764846,0.8302284458272027,1,True,False
mixture_l1,1.0,1e+22,power,32768,mixture,reference_p0,2.19996248004066,reference_p0,1.0,0.0029529442819137253,True,dirichlet_a20_19,0.43829657372764846,0.8310603016198708,1,True,False
mixture_l1,1.0,1e+22,power,131072,fixed_ref,reference_p0,2.2760167243969756,reference_p0,1.0,0.0029529442819137253,True,dirichlet_a20_19,0.43829657372764846,0.9397008883175415,1,True,False
mixture_l1,1.0,1e+22,power,131072,mixture,reference_p0,2.2760167243969756,reference_p0,1.0,0.0029529442819137253,True,dirichlet_a20_19,0.43829657372764846,0.9402176692891633,1,True,False
mixture_l1,1.0,1e+24,exponential,2048,fixed_ref,reference_p0,1.913903619152281,reference_p0,1.0,0.0029529442819137253,True,dirichlet_a20_19,0.43829657372764846,0.338020581441163,1,True,False
mixture_l1,1.0,1e+24,exponential,2048,mixture,reference_p0,1.913903619152281,reference_p0,1.0,0.0029529442819137253,True,dirichlet_a20_19,0.43829657372764846,0.3380501869247716,1,True,False
mixture_l1,1.0,1e+24,exponential,4096,fixed_ref,reference_p0,1.9160275710896768,reference_p0,1.0,0.0029529442819137253,True,dirichlet_a20_19,0.43829657372764846,0.3408499130369467,1,True,False
mixture_l1,1.0,1e+24,exponential,4096,mixture,reference_p0,1.9160275710896768,reference_p0,1.0,0.0029529442819137253,True,dirichlet_a20_19,0.43829657372764846,0.3408787595250742,1,True,False
mixture_l1,1.0,1e+24,exponential,8192,fixed_ref,reference_p0,1.9199711532667088,reference_p0,1.0,0.0029529442819137253,True,dirichlet_a20_19,0.43829657372764846,0.34609579612172614,1,True,False
mixture_l1,1.0,1e+24,exponential,8192,mixture,reference_p0,1.9199711532667088,reference_p0,1.0,0.0029529442819137253,True,dirichlet_a20_19,0.43829657372764846,0.3461233030790265,1,True,False
mixture_l1,1.0,1e+24,exponential,32768,fixed_ref,reference_p0,1.9380887958974857,reference_p0,1.0,0.0029529442819137253,True,dirichlet_a20_19,0.43829657372764846,0.37022699419984395,1,True,False
mixture_l1,1.0,1e+24,exponential,32768,mixture,reference_p0,1.9380887958974857,reference_p0,1.0,0.0029529442819137253,True,dirichlet_a20_19,0.43829657372764846,0.37025021133500813,1,True,False
mixture_l1,1.0,1e+24,exponential,131072,fixed_ref,reference_p0,1.9765514600318008,reference_p0,1.0,0.0029529442819137253,True,dirichlet_a20_19,0.43829657372764846,0.4225940550355958,1,True,False
mixture_l1,1.0,1e+24,exponential,131072,mixture,reference_p0,1.9765514600318008,reference_p0,1.0,0.0029529442819137253,True,dirichlet_a20_19,0.43829657372764846,0.4226111670271089,1,True,False
mixture_l1,1.0,1e+24,logarithmic,2048,fixed_ref,reference_p0,1.9135877364974414,reference_p0,1.0,0.0029529442819137253,True,dirichlet_a20_19,0.43829657372764846,0.32942355661633904,1,True,False
mixture_l1,1.0,1e+24,logarithmic,2048,mixture,reference_p0,1.9135877364974414,reference_p0,1.0,0.0029529442819137253,True,dirichlet_a20_19,0.43829657372764846,0.3296039523180352,1,True,False
mixture_l1,1.0,1e+24,logarithmic,4096,fixed_ref,reference_p0,1.915719160482562,reference_p0,1.0,0.0029529442819137253,True,dirichlet_a20_19,0.43829657372764846,0.3323708234848426,1,True,False
mixture_l1,1.0,1e+24,logarithmic,4096,mixture,reference_p0,1.915719160482562,reference_p0,1.0,0.0029529442819137253,True,dirichlet_a20_19,0.43829657372764846,0.3325474615532946,1,True,False
mixture_l1,1.0,1e+24,logarithmic,8192,fixed_ref,reference_p0,1.9196759830034493,reference_p0,1.0,0.0029529442819137253,True,dirichlet_a20_19,0.43829657372764846,0.33785240578126596,1,True,False
mixture_l1,1.0,1e+24,logarithmic,8192,mixture,reference_p0,1.9196759830034493,reference_p0,1.0,0.0029529442819137253,True,dirichlet_a20_19,0.43829657372764846,0.338022320264743,1,True,False
mixture_l1,1.0,1e+24,logarithmic,32768,fixed_ref,reference_p0,1.9378453784718424,reference_p0,1.0,0.0029529442819137253,True,dirichlet_a20_19,0.43829657372764846,0.3631730065501404,1,True,False
mixture_l1,1.0,1e+24,logarithmic,32768,mixture,reference_p0,1.9378453784718424,reference_p0,1.0,0.0029529442819137253,True,dirichlet_a20_19,0.43829657372764846,0.36331589818995824,1,True,False
mixture_l1,1.0,1e+24,logarithmic,131072,fixed_ref,reference_p0,1.976382940542712,reference_p0,1.0,0.0029529442819137253,True,dirichlet_a20_19,0.43829657372764846,0.41747667640332664,1,True,False
mixture_l1,1.0,1e+24,logarithmic,131072,mixture,reference_p0,1.976382940542712,reference_p0,1.0,0.0029529442819137253,True,dirichlet_a20_19,0.43829657372764846,0.41757829259068235,1,True,False
mixture_l1,1.0,1e+24,power,2048,fixed_ref,reference_p0,1.9140256838178147,reference_p0,1.0,0.0029529442819137253,True,dirichlet_a20_19,0.43829657372764846,0.3412730973246203,1,True,False
mixture_l1,1.0,1e+24,power,2048,mixture,reference_p0,1.9140256838178147,reference_p0,1.0,0.0029529442819137253,True,dirichlet_a20_19,0.43829657372764846,0.34132637442654645,1,True,False
mixture_l1,1.0,1e+24,power,4096,fixed_ref,reference_p0,1.9161467854608134,reference_p0,1.0,0.0029529442819137253,True,dirichlet_a20_19,0.43829657372764846,0.34400156604185184,1,True,False
mixture_l1,1.0,1e+24,power,4096,mixture,reference_p0,1.9161467854608134,reference_p0,1.0,0.0029529442819137253,True,dirichlet_a20_19,0.43829657372764846,0.34405395066382805,1,True,False
mixture_l1,1.0,1e+24,power,8192,fixed_ref,reference_p0,1.9200853111210283,reference_p0,1.0,0.0029529442819137253,True,dirichlet_a20_19,0.43829657372764846,0.3490890995032845,1,True,False
mixture_l1,1.0,1e+24,power,8192,mixture,reference_p0,1.9200853111210283,reference_p0,1.0,0.0029529442819137253,True,dirichlet_a20_19,0.43829657372764846,0.34913986907938055,1,True,False
mixture_l1,1.0,1e+24,power,32768,fixed_ref,reference_p0,1.9381831316850204,reference_p0,1.0,0.0029529442819137253,True,dirichlet_a20_19,0.43829657372764846,0.3727886221424541,1,True,False
mixture_l1,1.0,1e+24,power,32768,mixture,reference_p0,1.9381831316850204,reference_p0,1.0,0.0029529442819137253,True,dirichlet_a20_19,0.43829657372764846,0.3728326351056428,1,True,False
mixture_l1,1.0,1e+24,power,131072,fixed_ref,reference_p0,1.9766169459038456,reference_p0,1.0,0.0029529442819137253,True,dirichlet_a20_19,0.43829657372764846,0.42449699213351333,1,True,False
mixture_l1,1.0,1e+24,power,131072,mixture,reference_p0,1.9766169459038456,reference_p0,1.0,0.0029529442819137253,True,dirichlet_a20_19,0.43829657372764846,0.42452979244697464,1,True,False
mixture_l1,2.0,1e+19,exponential,2048,fixed_ref,reference_p0,3.123094642754934,reference_p0,1.0,8.719879932086966e-06,True,dirichlet_a20_19,0.43829657372764846,7.288846532069519,1,True,False
mixture_l1,2.0,1e+19,exponential,2048,mixture,reference_p0,3.123094642754934,reference_p0,1.0,8.719879932086966e-06,True,dirichlet_a20_19,0.43829657372764846,7.318757157207953,1,True,False
mixture_l1,2.0,1e+19,exponential,4096,fixed_ref,reference_p0,3.1355734585409953,reference_p0,1.0,8.719879932086966e-06,True,dirichlet_a20_19,0.43829657372764846,7.359702465343973,1,True,False
mixture_l1,2.0,1e+19,exponential,4096,mixture,reference_p0,3.1355734585409953,reference_p0,1.0,8.719879932086966e-06,True,dirichlet_a20_19,0.43829657372764846,7.389898862082199,1,True,False
mixture_l1,2.0,1e+19,exponential,8192,fixed_ref,reference_p0,3.158689755020952,reference_p0,1.0,8.719879932086966e-06,True,dirichlet_a20_19,0.43829657372764846,7.491274397088867,1,True,False
mixture_l1,2.0,1e+19,exponential,8192,mixture,reference_p0,3.158689755020952,reference_p0,1.0,8.719879932086966e-06,True,dirichlet_a20_19,0.43829657372764846,7.52200123927895,1,True,False
mixture_l1,2.0,1e+19,exponential,32768,fixed_ref,reference_p0,3.264133767913078,reference_p0,1.0,8.719879932086966e-06,True,dirichlet_a20_19,0.43829657372764846,8.095912612171114,1,True,False
mixture_l1,2.0,1e+19,exponential,32768,mixture,reference_p0,3.264133767913078,reference_p0,1.0,8.719879932086966e-06,True,dirichlet_a20_19,0.43829657372764846,8.129074528390012,1,True,False
mixture_l1,2.0,1e+19,exponential,131072,fixed_ref,reference_p0,3.4850599226598504,reference_p0,1.0,8.719879932086966e-06,True,dirichlet_a20_19,0.43829657372764846,9.380193442956973,1,True,False
mixture_l1,2.0,1e+19,exponential,131072,mixture,reference_p0,3.4850599226598504,reference_p0,1.0,8.719879932086966e-06,True,dirichlet_a20_19,0.43829657372764846,9.418517139354964,1,True,False
mixture_l1,2.0,1e+19,logarithmic,2048,fixed_ref,reference_p0,3.1378169416872645,reference_p0,1.0,8.719879932086966e-06,True,dirichlet_a20_19,0.43829657372764846,7.274124233137188,1,True,False
mixture_l1,2.0,1e+19,logarithmic,2048,mixture,reference_p0,3.1378169416872645,reference_p0,1.0,8.719879932086966e-06,True,dirichlet_a20_19,0.43829657372764846,7.304034858275623,1,True,False
mixture_l1,2.0,1e+19,logarithmic,4096,fixed_ref,reference_p0,3.148193680538305,reference_p0,1.0,8.719879932086966e-06,True,dirichlet_a20_19,0.43829657372764846,7.347082243346663,1,True,False
mixture_l1,2.0,1e+19,logarithmic,4096,mixture,reference_p0,3.148193680538305,reference_p0,1.0,8.719879932086966e-06,True,dirichlet_a20_19,0.43829657372764846,7.3772786400848895,1,True,False
mixture_l1,2.0,1e+19,logarithmic,8192,fixed_ref,reference_p0,3.1675507884615346,reference_p0,1.0,8.719879932086966e-06,True,dirichlet_a20_19,0.43829657372764846,7.482413363648284,1,True,False
mixture_l1,2.0,1e+19,logarithmic,8192,mixture,reference_p0,3.1675507884615346,reference_p0,1.0,8.719879932086966e-06,True,dirichlet_a20_19,0.43829657372764846,7.513140205838367,1,True,False
mixture_l1,2.0,1e+19,logarithmic,32768,fixed_ref,reference_p0,3.2579055861422845,reference_p0,1.0,8.719879932086966e-06,True,dirichlet_a20_19,0.43829657372764846,8.102140793941908,1,True,False
mixture_l1,2.0,1e+19,logarithmic,32768,mixture,reference_p0,3.2579055861422845,reference_p0,1.0,8.719879932086966e-06,True,dirichlet_a20_19,0.43829657372764846,8.135302710160806,1,True,False
mixture_l1,2.0,1e+19,logarithmic,131072,fixed_ref,reference_p0,3.4563929533589386,reference_p0,1.0,8.719879932086966e-06,True,dirichlet_a20_19,0.43829657372764846,9.408860412257884,1,True,False
mixture_l1,2.0,1e+19,logarithmic,131072,mixture,reference_p0,3.4563929533589386,reference_p0,1.0,8.719879932086966e-06,True,dirichlet_a20_19,0.43829657372764846,9.447184108655875,1,True,False
mixture_l1,2.0,1e+19,power,2048,fixed_ref,reference_p0,3.144776393094138,reference_p0,1.0,8.719879932086966e-06,True,dirichlet_a20_19,0.43829657372764846,7.267164781730314,1,True,False
mixture_l1,2.0,1e+19,power,2048,mixture,reference_p0,3.144776393094138,reference_p0,1.0,8.719879932086966e-06,True,dirichlet_a20_19,0.43829657372764846,7.297075406868749,1,True,False
mixture_l1,2.0,1e+19,power,4096,fixed_ref,reference_p0,3.157956094805795,reference_p0,1.0,8.719879932086966e-06,True,dirichlet_a20_19,0.43829657372764846,7.337319829079172,1,True,False
mixture_l1,2.0,1e+19,power,4096,mixture,reference_p0,3.157956094805795,reference_p0,1.0,8.719879932086966e-06,True,dirichlet_a20_19,0.43829657372764846,7.367516225817399,1,True,False
mixture_l1,2.0,1e+19,power,8192,fixed_ref,reference_p0,3.1822819379431824,reference_p0,1.0,8.719879932086966e-06,True,dirichlet_a20_19,0.43829657372764846,7.467682214166636,1,True,False
mixture_l1,2.0,1e+19,power,8192,mixture,reference_p0,3.1822819379431824,reference_p0,1.0,8.719879932086966e-06,True,dirichlet_a20_19,0.43829657372764846,7.498409056356719,1,True,False
mixture_l1,2.0,1e+19,power,32768,fixed_ref,reference_p0,3.2920403920010926,reference_p0,1.0,8.719879932086966e-06,True,dirichlet_a20_19,0.43829657372764846,8.0680059880831,1,True,False
mixture_l1,2.0,1e+19,power,32768,mixture,reference_p0,3.2920403920010926,reference_p0,1.0,8.719879932086966e-06,True,dirichlet_a20_19,0.43829657372764846,8.101167904301997,1,True,False
mixture_l1,2.0,1e+19,power,131072,fixed_ref,reference_p0,3.5175301707482776,reference_p0,1.0,8.719879932086966e-06,True,dirichlet_a20_19,0.43829657372764846,9.347723194868546,1,True,False
mixture_l1,2.0,1e+19,power,131072,mixture,reference_p0,3.5175301707482776,reference_p0,1.0,8.719879932086966e-06,True,dirichlet_a20_19,0.43829657372764846,9.386046891266538,1,True,False
mixture_l1,2.0,1e+22,exponential,2048,fixed_ref,reference_p0,2.1509865641797186,reference_p0,1.0,8.719879932086966e-06,True,dirichlet_a20_19,0.43829657372764846,2.559474632842975,1,True,False
mixture_l1,2.0,1e+22,exponential,2048,mixture,reference_p0,2.1509865641797186,reference_p0,1.0,8.719879932086966e-06,True,dirichlet_a20_19,0.43829657372764846,2.569833308073453,1,True,False
mixture_l1,2.0,1e+22,exponential,4096,fixed_ref,reference_p0,2.155148529080297,reference_p0,1.0,8.719879932086966e-06,True,dirichlet_a20_19,0.43829657372764846,2.5841732599896123,1,True,False
mixture_l1,2.0,1e+22,exponential,4096,mixture,reference_p0,2.155148529080297,reference_p0,1.0,8.719879932086966e-06,True,dirichlet_a20_19,0.43829657372764846,2.5946309081533756,1,True,False
mixture_l1,2.0,1e+22,exponential,8192,fixed_ref,reference_p0,2.1628865766765566,reference_p0,1.0,8.719879932086966e-06,True,dirichlet_a20_19,0.43829657372764846,2.630007024710463,1,True,False
mixture_l1,2.0,1e+22,exponential,8192,mixture,reference_p0,2.1628865766765566,reference_p0,1.0,8.719879932086966e-06,True,dirichlet_a20_19,0.43829657372764846,2.6406483931322775,1,True,False
mixture_l1,2.0,1e+22,exponential,32768,fixed_ref,reference_p0,2.198591790044161,reference_p0,1.0,8.719879932086966e-06,True,dirichlet_a20_19,0.43829657372764846,2.840218375778493,1,True,False
mixture_l1,2.0,1e+22,exponential,32768,mixture,reference_p0,2.198591790044161,reference_p0,1.0,8.719879932086966e-06,True,dirichlet_a20_19,0.43829657372764846,2.851703054015231,1,True,False
mixture_l1,2.0,1e+22,exponential,131072,fixed_ref,reference_p0,2.2750259140022036,reference_p0,1.0,8.719879932086966e-06,True,dirichlet_a20_19,0.43829657372764846,3.2850694195588015,1,True,False
mixture_l1,2.0,1e+22,exponential,131072,mixture,reference_p0,2.2750259140022036,reference_p0,1.0,8.719879932086966e-06,True,dirichlet_a20_19,0.43829657372764846,3.2983417157340944,1,True,False
mixture_l1,2.0,1e+22,logarithmic,2048,fixed_ref,reference_p0,2.1463457390253806,reference_p0,1.0,8.719879932086966e-06,True,dirichlet_a20_19,0.43829657372764846,2.564115457997313,1,True,False
mixture_l1,2.0,1e+22,logarithmic,2048,mixture,reference_p0,2.1463457390253806,reference_p0,1.0,8.719879932086966e-06,True,dirichlet_a20_19,0.43829657372764846,2.574474133227791,1,True,False
mixture_l1,2.0,1e+22,logarithmic,4096,fixed_ref,reference_p0,2.150604408716601,reference_p0,1.0,8.719879932086966e-06,True,dirichlet_a20_19,0.43829657372764846,2.5887173803533083,1,True,False
mixture_l1,2.0,1e+22,logarithmic,4096,mixture,reference_p0,2.150604408716601,reference_p0,1.0,8.719879932086966e-06,True,dirichlet_a20_19,0.43829657372764846,2.5991750285170716,1,True,False
mixture_l1,2.0,1e+22,logarithmic,8192,fixed_ref,reference_p0,2.1585153775285373,reference_p0,1.0,8.719879932086966e-06,True,dirichlet_a20_19,0.43829657372764846,2.6343782238584823,1,True,False
mixture_l1,2.0,1e+22,logarithmic,8192,mixture,reference_p0,2.1585153775285373,reference_p0,1.0,8.719879932086966e-06,True,dirichlet_a20_19,0.43829657372764846,2.645019592280297,1,True,False
mixture_l1,2.0,1e+22,logarithmic,32768,fixed_ref,reference_p0,2.194915683808947,reference_p0,1.0,8.719879932086966e-06,True,dirichlet_a20_19,0.43829657372764846,2.843894482013707,1,True,False
mixture_l1,2.0,1e+22,logarithmic,32768,mixture,reference_p0,2.194915683808947,reference_p0,1.0,8.719879932086966e-06,True,dirichlet_a20_19,0.43829657372764846,2.855379160250445,1,True,False
mixture_l1,2.0,1e+22,logarithmic,131072,fixed_ref,reference_p0,2.272411180898094,reference_p0,1.0,8.719879932086966e-06,True,dirichlet_a20_19,0.43829657372764846,3.2876841526629113,1,True,False
mixture_l1,2.0,1e+22,logarithmic,131072,mixture,reference_p0,2.272411180898094,reference_p0,1.0,8.719879932086966e-06,True,dirichlet_a20_19,0.43829657372764846,3.300956448838204,1,True,False
mixture_l1,2.0,1e+22,power,2048,fixed_ref,reference_p0,2.15269061051389,reference_p0,1.0,8.719879932086966e-06,True,dirichlet_a20_19,0.43829657372764846,2.557770586508804,1,True,False
mixture_l1,2.0,1e+22,power,2048,mixture,reference_p0,2.15269061051389,reference_p0,1.0,8.719879932086966e-06,True,dirichlet_a20_19,0.43829657372764846,2.5681292617392817,1,True,False
mixture_l1,2.0,1e+22,power,4096,fixed_ref,reference_p0,2.156819664290905,reference_p0,1.0,8.719879932086966e-06,True,dirichlet_a20_19,0.43829657372764846,2.5825021247790043,1,True,False
mixture_l1,2.0,1e+22,power,4096,mixture,reference_p0,2.156819664290905,reference_p0,1.0,8.719879932086966e-06,True,dirichlet_a20_19,0.43829657372764846,2.5929597729427676,1,True,False
mixture_l1,2.0,1e+22,power,8192,fixed_ref,reference_p0,2.16449858381103,reference_p0,1.0,8.719879932086966e-06,True,dirichlet_a20_19,0.43829657372764846,2.6283950175759894,1,True,False
mixture_l1,2.0,1e+22,power,8192,mixture,reference_p0,2.16449858381103,reference_p0,1.0,8.719879932086966e-06,True,dirichlet_a20_19,0.43829657372764846,2.639036385997804,1,True,False
mixture_l1,2.0,1e+22,power,32768,fixed_ref,reference_p0,2.19996248004066,reference_p0,1.0,8.719879932086966e-06,True,dirichlet_a20_19,0.43829657372764846,2.838847685781994,1,True,False
mixture_l1,2.0,1e+22,power,32768,mixture,reference_p0,2.19996248004066,reference_p0,1.0,8.719879932086966e-06,True,dirichlet_a20_19,0.43829657372764846,2.8503323640187324,1,True,False
mixture_l1,2.0,1e+22,power,131072,fixed_ref,reference_p0,2.2760167243969756,reference_p0,1.0,8.719879932086966e-06,True,dirichlet_a20_19,0.43829657372764846,3.2840786091640295,1,True,False
mixture_l1,2.0,1e+22,power,131072,mixture,reference_p0,2.2760167243969756,reference_p0,1.0,8.719879932086966e-06,True,dirichlet_a20_19,0.43829657372764846,3.2973509053393224,1,True,False
mixture_l1,2.0,1e+24,exponential,2048,fixed_ref,reference_p0,1.913903619152281,reference_p0,1.0,8.719879932086966e-06,True,dirichlet_a20_19,0.43829657372764846,1.2418669686211827,1,True,False
mixture_l1,2.0,1e+24,exponential,2048,mixture,reference_p0,1.913903619152281,reference_p0,1.0,8.719879932086966e-06,True,dirichlet_a20_19,0.43829657372764846,1.243103920805491,1,True,False
mixture_l1,2.0,1e+24,exponential,4096,fixed_ref,reference_p0,1.9160275710896768,reference_p0,1.0,8.719879932086966e-06,True,dirichlet_a20_19,0.43829657372764846,1.2525226023116176,1,True,False
mixture_l1,2.0,1e+24,exponential,4096,mixture,reference_p0,1.9160275710896768,reference_p0,1.0,8.719879932086966e-06,True,dirichlet_a20_19,0.43829657372764846,1.2537224529645161,1,True,False
mixture_l1,2.0,1e+24,exponential,8192,fixed_ref,reference_p0,1.9199711532667088,reference_p0,1.0,8.719879932086966e-06,True,dirichlet_a20_19,0.43829657372764846,1.272249111167149,1,True,False
mixture_l1,2.0,1e+24,exponential,8192,mixture,reference_p0,1.9199711532667088,reference_p0,1.0,8.719879932086966e-06,True,dirichlet_a20_19,0.43829657372764846,1.2733845108469175,1,True,False
mixture_l1,2.0,1e+24,exponential,32768,fixed_ref,reference_p0,1.9380887958974857,reference_p0,1.0,8.719879932086966e-06,True,dirichlet_a20_19,0.43829657372764846,1.3620574903807268,1,True,False
mixture_l1,2.0,1e+24,exponential,32768,mixture,reference_p0,1.9380887958974857,reference_p0,1.0,8.719879932086966e-06,True,dirichlet_a20_19,0.43829657372764846,1.3629552496211819,1,True,False
mixture_l1,2.0,1e+24,exponential,131072,fixed_ref,reference_p0,1.9765514600318008,reference_p0,1.0,8.719879932086966e-06,True,dirichlet_a20_19,0.43829657372764846,1.5495767816464427,1,True,False
mixture_l1,2.0,1e+24,exponential,131072,mixture,reference_p0,1.9765514600318008,reference_p0,1.0,8.719879932086966e-06,True,dirichlet_a20_19,0.43829657372764846,1.5501638545878698,1,True,False
mixture_l1,2.0,1e+24,logarithmic,2048,fixed_ref,reference_p0,1.9135877364974414,reference_p0,1.0,8.719879932086966e-06,True,dirichlet_a20_19,0.43829657372764846,1.261550258244558,1,True,False
mixture_l1,2.0,1e+24,logarithmic,2048,mixture,reference_p0,1.9135877364974414,reference_p0,1.0,8.719879932086966e-06,True,dirichlet_a20_19,0.43829657372764846,1.264711464638279,1,True,False
mixture_l1,2.0,1e+24,logarithmic,4096,fixed_ref,reference_p0,1.915719160482562,reference_p0,1.0,8.719879932086966e-06,True,dirichlet_a20_19,0.43829657372764846,1.2699478174026053,1,True,False
mixture_l1,2.0,1e+24,logarithmic,4096,mixture,reference_p0,1.915719160482562,reference_p0,1.0,8.719879932086966e-06,True,dirichlet_a20_19,0.43829657372764846,1.2730766710026553,1,True,False
mixture_l1,2.0,1e+24,logarithmic,8192,fixed_ref,reference_p0,1.9196759830034493,reference_p0,1.0,8.719879932086966e-06,True,dirichlet_a20_19,0.43829657372764846,1.2856339336701168,1,True,False
mixture_l1,2.0,1e+24,logarithmic,8192,mixture,reference_p0,1.9196759830034493,reference_p0,1.0,8.719879932086966e-06,True,dirichlet_a20_19,0.43829657372764846,1.288703271921683,1,True,False
mixture_l1,2.0,1e+24,logarithmic,32768,fixed_ref,reference_p0,1.9378453784718424,reference_p0,1.0,8.719879932086966e-06,True,dirichlet_a20_19,0.43829657372764846,1.359184296161278,1,True,False
mixture_l1,2.0,1e+24,logarithmic,32768,mixture,reference_p0,1.9378453784718424,reference_p0,1.0,8.719879932086966e-06,True,dirichlet_a20_19,0.43829657372764846,1.3619900254714696,1,True,False
mixture_l1,2.0,1e+24,logarithmic,131072,fixed_ref,reference_p0,1.976382940542712,reference_p0,1.0,8.719879932086966e-06,True,dirichlet_a20_19,0.43829657372764846,1.522299442009315,1,True,False
mixture_l1,2.0,1e+24,logarithmic,131072,mixture,reference_p0,1.976382940542712,reference_p0,1.0,8.719879932086966e-06,True,dirichlet_a20_19,0.43829657372764846,1.5246033940275556,1,True,False
mixture_l1,2.0,1e+24,power,2048,fixed_ref,reference_p0,1.9140256838178147,reference_p0,1.0,8.719879932086966e-06,True,dirichlet_a20_19,0.43829657372764846,1.2628659826996353,1,True,False
mixture_l1,2.0,1e+24,power,2048,mixture,reference_p0,1.9140256838178147,reference_p0,1.0,8.719879932086966e-06,True,dirichlet_a20_19,0.43829657372764846,1.265920923775879,1,True,False
mixture_l1,2.0,1e+24,power,4096,fixed_ref,reference_p0,1.9161467854608134,reference_p0,1.0,8.719879932086966e-06,True,dirichlet_a20_19,0.43829657372764846,1.27431151560991,1,True,False
mixture_l1,2.0,1e+24,power,4096,mixture,reference_p0,1.9161467854608134,reference_p0,1.0,8.719879932086966e-06,True,dirichlet_a20_19,0.43829657372764846,1.2772432472058497,1,True,False
mixture_l1,2.0,1e+24,power,8192,fixed_ref,reference_p0,1.9200853111210283,reference_p0,1.0,8.719879932086966e-06,True,dirichlet_a20_19,0.43829657372764846,1.2954001806355397,1,True,False
mixture_l1,2.0,1e+24,power,8192,mixture,reference_p0,1.9200853111210283,reference_p0,1.0,8.719879932086966e-06,True,dirichlet_a20_19,0.43829657372764846,1.2981242759130147,1,True,False
mixture_l1,2.0,1e+24,power,32768,fixed_ref,reference_p0,1.9381831316850204,reference_p0,1.0,8.719879932086966e-06,True,dirichlet_a20_19,0.43829657372764846,1.390076435849979,1,True,False
mixture_l1,2.0,1e+24,power,32768,mixture,reference_p0,1.9381831316850204,reference_p0,1.0,8.719879932086966e-06,True,dirichlet_a20_19,0.43829657372764846,1.3920947706944802,1,True,False
mixture_l1,2.0,1e+24,power,131072,fixed_ref,reference_p0,1.9766169459038456,reference_p0,1.0,8.719879932086966e-06,True,dirichlet_a20_19,0.43829657372764846,1.582919220702234,1,True,False
mixture_l1,2.0,1e+24,power,131072,mixture,reference_p0,1.9766169459038456,reference_p0,1.0,8.719879932086966e-06,True,dirichlet_a20_19,0.43829657372764846,1.5841277107842322,1,True,False
quality_linear,0.0,1e+19,exponential,2048,fixed_ref,reference_p0,3.123094642754934,reference_p0,1.0,1.0,False,dirichlet_a20_19,0.43829657372764846,0.0,14,True,False
quality_linear,0.0,1e+19,exponential,2048,mixture,dirichlet_a20_19,3.1206863263355347,reference_p0,1.0,1.0,False,dirichlet_a20_19,0.43829657372764846,0.0041568138906122876,1,True,False
quality_linear,0.0,1e+19,exponential,4096,fixed_ref,reference_p0,3.1355734585409953,reference_p0,1.0,1.0,False,dirichlet_a20_19,0.43829657372764846,0.0,14,True,False
quality_linear,0.0,1e+19,exponential,4096,mixture,dirichlet_a20_19,3.1332382661140215,reference_p0,1.0,1.0,False,dirichlet_a20_19,0.43829657372764846,0.004032121606199368,1,True,False
quality_linear,0.0,1e+19,exponential,8192,fixed_ref,reference_p0,3.158689755020952,reference_p0,1.0,1.0,False,dirichlet_a20_19,0.43829657372764846,0.0,14,True,False
quality_linear,0.0,1e+19,exponential,8192,mixture,dirichlet_a20_19,3.15648142432891,reference_p0,1.0,1.0,False,dirichlet_a20_19,0.43829657372764846,0.0038155089878157966,1,True,False
quality_linear,0.0,1e+19,exponential,32768,fixed_ref,reference_p0,3.264133767913078,reference_p0,1.0,1.0,False,dirichlet_a20_19,0.43829657372764846,0.0,14,True,False
quality_linear,0.0,1e+19,exponential,32768,mixture,dirichlet_a20_19,3.262391456133365,reference_p0,1.0,1.0,False,dirichlet_a20_19,0.43829657372764846,0.003016870887794898,1,True,False
quality_linear,0.0,1e+19,exponential,131072,fixed_ref,reference_p0,3.4850599226598504,reference_p0,1.0,1.0,False,dirichlet_a20_19,0.43829657372764846,0.0,14,True,False
quality_linear,0.0,1e+19,exponential,131072,mixture,dirichlet_a20_19,3.483923347325088,reference_p0,1.0,1.0,False,dirichlet_a20_19,0.43829657372764846,0.0019727623476675227,1,True,False
quality_linear,0.0,1e+19,logarithmic,2048,fixed_ref,reference_p0,3.1378169416872645,reference_p0,1.0,1.0,False,dirichlet_a20_19,0.43829657372764846,0.0,14,True,False
quality_linear,0.0,1e+19,logarithmic,2048,mixture,dirichlet_a20_19,3.1322186041584374,reference_p0,1.0,1.0,False,dirichlet_a20_19,0.43829657372764846,0.01035409787034558,1,True,False
quality_linear,0.0,1e+19,logarithmic,4096,fixed_ref,reference_p0,3.148193680538305,reference_p0,1.0,1.0,False,dirichlet_a20_19,0.43829657372764846,0.0,14,True,False
quality_linear,0.0,1e+19,logarithmic,4096,mixture,dirichlet_a20_19,3.1426550389632872,reference_p0,1.0,1.0,False,dirichlet_a20_19,0.43829657372764846,0.010244688758882514,1,True,False
quality_linear,0.0,1e+19,logarithmic,8192,fixed_ref,reference_p0,3.1675507884615346,reference_p0,1.0,1.0,False,dirichlet_a20_19,0.43829657372764846,0.0,14,True,False
quality_linear,0.0,1e+19,logarithmic,8192,mixture,dirichlet_a20_19,3.1621218503809407,reference_p0,1.0,1.0,False,dirichlet_a20_19,0.43829657372764846,0.010043586382907588,1,True,False
quality_linear,0.0,1e+19,logarithmic,32768,fixed_ref,reference_p0,3.2579055861422845,reference_p0,1.0,1.0,False,dirichlet_a20_19,0.43829657372764846,0.0,14,True,False
quality_linear,0.0,1e+19,logarithmic,32768,mixture,dirichlet_a20_19,3.2529608872715605,reference_p0,1.0,1.0,False,dirichlet_a20_19,0.43829657372764846,0.009155240933095055,1,True,False
quality_linear,0.0,1e+19,logarithmic,131072,fixed_ref,reference_p0,3.4563929533589386,reference_p0,1.0,1.0,False,dirichlet_a20_19,0.43829657372764846,0.0,14,True,False
quality_linear,0.0,1e+19,logarithmic,131072,mixture,dirichlet_a20_19,3.452361792281061,reference_p0,1.0,1.0,False,dirichlet_a20_19,0.43829657372764846,0.007475964954934966,1,True,False
quality_linear,0.0,1e+19,power,2048,fixed_ref,reference_p0,3.144776393094138,reference_p0,1.0,1.0,False,dirichlet_a20_19,0.43829657372764846,0.0,14,True,False
quality_linear,0.0,1e+19,power,2048,mixture,dirichlet_a20_19,3.138592489300019,reference_p0,1.0,1.0,False,dirichlet_a20_19,0.43829657372764846,0.010377307078027087,1,True,False
quality_linear,0.0,1e+19,power,4096,fixed_ref,reference_p0,3.157956094805795,reference_p0,1.0,1.0,False,dirichlet_a20_19,0.43829657372764846,0.0,14,True,False
quality_linear,0.0,1e+19,power,4096,mixture,dirichlet_a20_19,3.152035529197699,reference_p0,1.0,1.0,False,dirichlet_a20_19,0.43829657372764846,0.009952318655048309,1,True,False
quality_linear,0.0,1e+19,power,8192,fixed_ref,reference_p0,3.1822819379431824,reference_p0,1.0,1.0,False,dirichlet_a20_19,0.43829657372764846,0.0,14,True,False
quality_linear,0.0,1e+19,power,8192,mixture,dirichlet_a20_19,3.176801107740833,reference_p0,1.0,1.0,False,dirichlet_a20_19,0.43829657372764846,0.009238269732703142,1,True,False
quality_linear,0.0,1e+19,power,32768,fixed_ref,reference_p0,3.2920403920010926,reference_p0,1.0,1.0,False,dirichlet_a20_19,0.43829657372764846,0.0,14,True,False
quality_linear,0.0,1e+19,power,32768,mixture,dirichlet_a20_19,3.288022668441628,reference_p0,1.0,1.0,False,dirichlet_a20_19,0.43829657372764846,0.006826965653917494,1,True,False
quality_linear,0.0,1e+19,power,131072,fixed_ref,reference_p0,3.5175301707482776,reference_p0,1.0,1.0,False,dirichlet_a20_19,0.43829657372764846,0.0,14,True,False
quality_linear,0.0,1e+19,power,131072,mixture,dirichlet_a20_19,3.515146744752241,reference_p0,1.0,1.0,False,dirichlet_a20_19,0.43829657372764846,0.004079617536919322,1,True,False
quality_linear,0.0,1e+22,exponential,2048,fixed_ref,reference_p0,2.1509865641797186,reference_p0,1.0,1.0,False,dirichlet_a20_19,0.43829657372764846,0.0,14,True,False
quality_linear,0.0,1e+22,exponential,2048,mixture,dirichlet_a20_19,2.150955307672904,reference_p0,1.0,1.0,False,dirichlet_a20_19,0.43829657372764846,5.439799943074419e-05,1,True,False
quality_linear,0.0,1e+22,exponential,4096,fixed_ref,reference_p0,2.155148529080297,reference_p0,1.0,1.0,False,dirichlet_a20_19,0.43829657372764846,0.0,14,True,False
quality_linear,0.0,1e+22,exponential,4096,mixture,dirichlet_a20_19,2.155117889001272,reference_p0,1.0,1.0,False,dirichlet_a20_19,0.43829657372764846,5.332547309944147e-05,1,True,False
quality_linear,0.0,1e+22,exponential,8192,fixed_ref,reference_p0,2.1628865766765566,reference_p0,1.0,1.0,False,dirichlet_a20_19,0.43829657372764846,0.0,14,True,False
quality_linear,0.0,1e+22,exponential,8192,mixture,dirichlet_a20_19,2.16285704050283,reference_p0,1.0,1.0,False,dirichlet_a20_19,0.43829657372764846,5.1404643108377e-05,1,True,False
quality_linear,0.0,1e+22,exponential,32768,fixed_ref,reference_p0,2.198591790044161,reference_p0,1.0,1.0,False,dirichlet_a20_19,0.43829657372764846,0.0,14,True,False
quality_linear,0.0,1e+22,exponential,32768,mixture,dirichlet_a20_19,2.198566747022271,reference_p0,1.0,1.0,False,dirichlet_a20_19,0.43829657372764846,4.3588492729895734e-05,1,True,False
quality_linear,0.0,1e+22,exponential,131072,fixed_ref,reference_p0,2.2750259140022036,reference_p0,1.0,1.0,False,dirichlet_a20_19,0.43829657372764846,0.0,14,True,False
quality_linear,0.0,1e+22,exponential,131072,mixture,dirichlet_a20_19,2.2750078883249256,reference_p0,1.0,1.0,False,dirichlet_a20_19,0.43829657372764846,3.137667026242852e-05,1,True,False
quality_linear,0.0,1e+22,logarithmic,2048,fixed_ref,reference_p0,2.1463457390253806,reference_p0,1.0,1.0,False,dirichlet_a20_19,0.43829657372764846,0.0,14,True,False
quality_linear,0.0,1e+22,logarithmic,2048,mixture,dirichlet_a20_19,2.1461790227700903,reference_p0,1.0,1.0,False,dirichlet_a20_19,0.43829657372764846,0.0003108615024762784,1,True,False
quality_linear,0.0,1e+22,logarithmic,4096,fixed_ref,reference_p0,2.150604408716601,reference_p0,1.0,1.0,False,dirichlet_a20_19,0.43829657372764846,0.0,14,True,False
quality_linear,0.0,1e+22,logarithmic,4096,mixture,dirichlet_a20_19,2.150441383243405,reference_p0,1.0,1.0,False,dirichlet_a20_19,0.43829657372764846,0.0003039913133422445,1,True,False
quality_linear,0.0,1e+22,logarithmic,8192,fixed_ref,reference_p0,2.1585153775285373,reference_p0,1.0,1.0,False,dirichlet_a20_19,0.43829657372764846,0.0,14,True,False
quality_linear,0.0,1e+22,logarithmic,8192,mixture,dirichlet_a20_19,2.1583589261908838,reference_p0,1.0,1.0,False,dirichlet_a20_19,0.43829657372764846,0.00029175632189559764,1,True,False
quality_linear,0.0,1e+22,logarithmic,32768,fixed_ref,reference_p0,2.194915683808947,reference_p0,1.0,1.0,False,dirichlet_a20_19,0.43829657372764846,0.0,14,True,False
quality_linear,0.0,1e+22,logarithmic,32768,mixture,dirichlet_a20_19,2.194785322374066,reference_p0,1.0,1.0,False,dirichlet_a20_19,0.43829657372764846,0.0002431750739297911,1,True,False
quality_linear,0.0,1e+22,logarithmic,131072,fixed_ref,reference_p0,2.272411180898094,reference_p0,1.0,1.0,False,dirichlet_a20_19,0.43829657372764846,0.0,14,True,False
quality_linear,0.0,1e+22,logarithmic,131072,mixture,dirichlet_a20_19,2.2723196680522832,reference_p0,1.0,1.0,False,dirichlet_a20_19,0.43829657372764846,0.00017077601896531291,1,True,False
quality_linear,0.0,1e+22,power,2048,fixed_ref,reference_p0,2.15269061051389,reference_p0,1.0,1.0,False,dirichlet_a20_19,0.43829657372764846,0.0,14,True,False
quality_linear,0.0,1e+22,power,2048,mixture,dirichlet_a20_19,2.1526299403242453,reference_p0,1.0,1.0,False,dirichlet_a20_19,0.43829657372764846,0.00010452515660208661,1,True,False
quality_linear,0.0,1e+22,power,4096,fixed_ref,reference_p0,2.156819664290905,reference_p0,1.0,1.0,False,dirichlet_a20_19,0.43829657372764846,0.0,14,True,False
quality_linear,0.0,1e+22,power,4096,mixture,dirichlet_a20_19,2.156760144360044,reference_p0,1.0,1.0,False,dirichlet_a20_19,0.43829657372764846,0.0001025441955717632,1,True,False
quality_linear,0.0,1e+22,power,8192,fixed_ref,reference_p0,2.16449858381103,reference_p0,1.0,1.0,False,dirichlet_a20_19,0.43829657372764846,0.0,14,True,False
quality_linear,0.0,1e+22,power,8192,mixture,dirichlet_a20_19,2.1644411322856136,reference_p0,1.0,1.0,False,dirichlet_a20_19,0.43829657372764846,9.898168766531157e-05,1,True,False
quality_linear,0.0,1e+22,power,32768,fixed_ref,reference_p0,2.19996248004066,reference_p0,1.0,1.0,False,dirichlet_a20_19,0.43829657372764846,0.0,14,True,False
quality_linear,0.0,1e+22,power,32768,mixture,dirichlet_a20_19,2.199913502101224,reference_p0,1.0,1.0,False,dirichlet_a20_19,0.43829657372764846,8.43895074242873e-05,1,True,False
quality_linear,0.0,1e+22,power,131072,fixed_ref,reference_p0,2.2760167243969756,reference_p0,1.0,1.0,False,dirichlet_a20_19,0.43829657372764846,0.0,14,True,False
quality_linear,0.0,1e+22,power,131072,mixture,dirichlet_a20_19,2.2759811812595974,reference_p0,1.0,1.0,False,dirichlet_a20_19,0.43829657372764846,6.124782237648674e-05,1,True,False
quality_linear,0.0,1e+24,exponential,2048,fixed_ref,reference_p0,1.913903619152281,reference_p0,1.0,1.0,False,dirichlet_a20_19,0.43829657372764846,0.0,14,True,False
quality_linear,0.0,1e+24,exponential,2048,mixture,dirichlet_a20_19,1.913901410003191,reference_p0,1.0,1.0,False,dirichlet_a20_19,0.43829657372764846,3.845491373333232e-06,1,True,False
quality_linear,0.0,1e+24,exponential,4096,fixed_ref,reference_p0,1.9160275710896768,reference_p0,1.0,1.0,False,dirichlet_a20_19,0.43829657372764846,0.0,14,True,False
quality_linear,0.0,1e+24,exponential,4096,mixture,dirichlet_a20_19,1.9160254137731916,reference_p0,1.0,1.0,False,dirichlet_a20_19,0.43829657372764846,3.755300874486167e-06,1,True,False
quality_linear,0.0,1e+24,exponential,8192,fixed_ref,reference_p0,1.9199711532667088,reference_p0,1.0,1.0,False,dirichlet_a20_19,0.43829657372764846,0.0,14,True,False
quality_linear,0.0,1e+24,exponential,8192,mixture,dirichlet_a20_19,1.91996908773344,reference_p0,1.0,1.0,False,dirichlet_a20_19,0.43829657372764846,3.59509814362724e-06,1,True,False
quality_linear,0.0,1e+24,exponential,32768,fixed_ref,reference_p0,1.9380887958974857,reference_p0,1.0,1.0,False,dirichlet_a20_19,0.43829657372764846,0.0,14,True,False
quality_linear,0.0,1e+24,exponential,32768,mixture,dirichlet_a20_19,1.9380870899896376,reference_p0,1.0,1.0,False,dirichlet_a20_19,0.43829657372764846,2.9695348904290597e-06,1,True,False
quality_linear,0.0,1e+24,exponential,131072,fixed_ref,reference_p0,1.9765514600318008,reference_p0,1.0,1.0,False,dirichlet_a20_19,0.43829657372764846,0.0,14,True,False
quality_linear,0.0,1e+24,exponential,131072,mixture,dirichlet_a20_19,1.9765502769496048,reference_p0,1.0,1.0,False,dirichlet_a20_19,0.43829657372764846,2.059443301893893e-06,1,True,False
quality_linear,0.0,1e+24,logarithmic,2048,fixed_ref,reference_p0,1.9135877364974414,reference_p0,1.0,1.0,False,dirichlet_a20_19,0.43829657372764846,0.0,14,True,False
quality_linear,0.0,1e+24,logarithmic,2048,mixture,dirichlet_a20_19,1.913576848918821,reference_p0,1.0,1.0,False,dirichlet_a20_19,0.43829657372764846,2.03276257120244e-05,1,True,False
quality_linear,0.0,1e+24,logarithmic,4096,fixed_ref,reference_p0,1.915719160482562,reference_p0,1.0,1.0,False,dirichlet_a20_19,0.43829657372764846,0.0,14,True,False
quality_linear,0.0,1e+24,logarithmic,4096,mixture,dirichlet_a20_19,1.9157085324100362,reference_p0,1.0,1.0,False,dirichlet_a20_19,0.43829657372764846,1.9842304478157047e-05,1,True,False
quality_linear,0.0,1e+24,logarithmic,8192,fixed_ref,reference_p0,1.9196759830034493,reference_p0,1.0,1.0,False,dirichlet_a20_19,0.43829657372764846,0.0,14,True,False
quality_linear,0.0,1e+24,logarithmic,8192,mixture,dirichlet_a20_19,1.9196658161393667,reference_p0,1.0,1.0,False,dirichlet_a20_19,0.43829657372764846,1.8982610380691156e-05,1,True,False
quality_linear,0.0,1e+24,logarithmic,32768,fixed_ref,reference_p0,1.9378453784718424,reference_p0,1.0,1.0,False,dirichlet_a20_19,0.43829657372764846,0.0,14,True,False
quality_linear,0.0,1e+24,logarithmic,32768,mixture,dirichlet_a20_19,1.937837006440978,reference_p0,1.0,1.0,False,dirichlet_a20_19,0.43829657372764846,1.5630826969204037e-05,1,True,False
quality_linear,0.0,1e+24,logarithmic,131072,fixed_ref,reference_p0,1.976382940542712,reference_p0,1.0,1.0,False,dirichlet_a20_19,0.43829657372764846,0.0,14,True,False
quality_linear,0.0,1e+24,logarithmic,131072,mixture,dirichlet_a20_19,1.9763771573058238,reference_p0,1.0,1.0,False,dirichlet_a20_19,0.43829657372764846,1.0799178649323338e-05,1,True,False
quality_linear,0.0,1e+24,power,2048,fixed_ref,reference_p0,1.9140256838178147,reference_p0,1.0,1.0,False,dirichlet_a20_19,0.43829657372764846,0.0,14,True,False
quality_linear,0.0,1e+24,power,2048,mixture,dirichlet_a20_19,1.9140212826368048,reference_p0,1.0,1.0,False,dirichlet_a20_19,0.43829657372764846,7.584505660407359e-06,1,True,False
quality_linear,0.0,1e+24,power,4096,fixed_ref,reference_p0,1.9161467854608134,reference_p0,1.0,1.0,False,dirichlet_a20_19,0.43829657372764846,0.0,14,True,False
quality_linear,0.0,1e+24,power,4096,mixture,dirichlet_a20_19,1.9161424868570553,reference_p0,1.0,1.0,False,dirichlet_a20_19,0.43829657372764846,7.408575120049221e-06,1,True,False
quality_linear,0.0,1e+24,power,8192,fixed_ref,reference_p0,1.9200853111210283,reference_p0,1.0,1.0,False,dirichlet_a20_19,0.43829657372764846,0.0,14,True,False
quality_linear,0.0,1e+24,power,8192,mixture,dirichlet_a20_19,1.920081194566145,reference_p0,1.0,1.0,False,dirichlet_a20_19,0.43829657372764846,7.094830013043563e-06,1,True,False
quality_linear,0.0,1e+24,power,32768,fixed_ref,reference_p0,1.9381831316850204,reference_p0,1.0,1.0,False,dirichlet_a20_19,0.43829657372764846,0.0,14,True,False
quality_linear,0.0,1e+24,power,32768,mixture,dirichlet_a20_19,1.9381797279125226,reference_p0,1.0,1.0,False,dirichlet_a20_19,0.43829657372764846,5.866399616749618e-06,1,True,False
quality_linear,0.0,1e+24,power,131072,fixed_ref,reference_p0,1.9766169459038456,reference_p0,1.0,1.0,False,dirichlet_a20_19,0.43829657372764846,0.0,14,True,False
quality_linear,0.0,1e+24,power,131072,mixture,dirichlet_a20_19,1.9766145811996512,reference_p0,1.0,1.0,False,dirichlet_a20_19,0.43829657372764846,4.075603501130232e-06,1,True,False
quality_linear,0.5,1e+19,exponential,2048,fixed_ref,dirichlet_a20_19,2.633655943569734,dirichlet_a20_19,12.565289070600741,0.12091170821587734,True,dirichlet_a20_19,0.43829657372764846,1.073396811897736,1,True,True
quality_linear,0.5,1e+19,exponential,2048,mixture,dirichlet_a20_19,2.6332003764826943,dirichlet_a20_19,12.565289070600741,0.12091170821587734,True,dirichlet_a20_19,0.43829657372764846,1.0826336004746295,1,True,True
quality_linear,0.5,1e+19,exponential,4096,fixed_ref,dirichlet_a20_19,2.641856609134538,dirichlet_a20_19,12.565289070600741,0.12091170821587734,True,dirichlet_a20_19,0.43829657372764846,1.0841264172305167,1,True,True
quality_linear,0.5,1e+19,exponential,4096,mixture,dirichlet_a20_19,2.641413163692953,dirichlet_a20_19,12.565289070600741,0.12091170821587734,True,dirichlet_a20_19,0.43829657372764846,1.0929158112787598,1,True,True
quality_linear,0.5,1e+19,exponential,8192,fixed_ref,dirichlet_a20_19,2.657065998560811,dirichlet_a20_19,12.565289070600741,0.12091170821587734,True,dirichlet_a20_19,0.43829657372764846,1.1036908021492802,1,True,True
quality_linear,0.5,1e+19,exponential,8192,mixture,dirichlet_a20_19,2.656643872139241,dirichlet_a20_19,12.565289070600741,0.12091170821587734,True,dirichlet_a20_19,0.43829657372764846,1.1117651513191849,1,True,True
quality_linear,0.5,1e+19,exponential,32768,fixed_ref,dirichlet_a20_19,2.726687941144956,dirichlet_a20_19,12.565289070600741,0.12091170821587734,True,dirichlet_a20_19,0.43829657372764846,1.1895493051131965,1,True,True
quality_linear,0.5,1e+19,exponential,32768,mixture,dirichlet_a20_19,2.7263472034880207,dirichlet_a20_19,12.565289070600741,0.12091170821587734,True,dirichlet_a20_19,0.43829657372764846,1.195429439121221,1,True,True
quality_linear,0.5,1e+19,exponential,131072,fixed_ref,dirichlet_a20_19,2.873405374024268,dirichlet_a20_19,12.565289070600741,0.12091170821587734,True,dirichlet_a20_19,0.43829657372764846,1.3605964683462974,1,True,True
quality_linear,0.5,1e+19,exponential,131072,mixture,dirichlet_a20_19,2.8731772418968826,dirichlet_a20_19,12.565289070600741,0.12091170821587734,True,dirichlet_a20_19,0.43829657372764846,1.3641810809535406,1,True,True
quality_linear,0.5,1e+19,logarithmic,2048,fixed_ref,dirichlet_a20_19,2.615552673781248,dirichlet_a20_19,12.565289070600741,0.12091170821587734,True,dirichlet_a20_19,0.43829657372764846,1.0917000601860587,1,True,True
quality_linear,0.5,1e+19,logarithmic,2048,mixture,dirichlet_a20_19,2.6137833462025437,dirichlet_a20_19,12.565289070600741,0.12091170821587734,True,dirichlet_a20_19,0.43829657372764846,1.1045586434711994,1,True,True
quality_linear,0.5,1e+19,logarithmic,4096,fixed_ref,dirichlet_a20_19,2.6233029540989854,dirichlet_a20_19,12.565289070600741,0.12091170821587734,True,dirichlet_a20_19,0.43829657372764846,1.103225330442621,1,True,True
quality_linear,0.5,1e+19,logarithmic,4096,mixture,dirichlet_a20_19,2.6215614811607915,dirichlet_a20_19,12.565289070600741,0.12091170821587734,True,dirichlet_a20_19,0.43829657372764846,1.1161620088238506,1,True,True
quality_linear,0.5,1e+19,logarithmic,8192,fixed_ref,dirichlet_a20_19,2.6377338233130505,dirichlet_a20_19,12.565289070600741,0.12091170821587734,True,dirichlet_a20_19,0.43829657372764846,1.124574262547727,1,True,True
quality_linear,0.5,1e+19,logarithmic,8192,mixture,dirichlet_a20_19,2.636042906437284,dirichlet_a20_19,12.565289070600741,0.12091170821587734,True,dirichlet_a20_19,0.43829657372764846,1.1376570554481975,1,True,True
quality_linear,0.5,1e+19,logarithmic,32768,fixed_ref,dirichlet_a20_19,2.70465455825838,dirichlet_a20_19,12.565289070600741,0.12091170821587734,True,dirichlet_a20_19,0.43829657372764846,1.2218974483363163,1,True,True
quality_linear,0.5,1e+19,logarithmic,32768,mixture,dirichlet_a20_19,2.7031770985419925,dirichlet_a20_19,12.565289070600741,0.12091170821587734,True,dirichlet_a20_19,0.43829657372764846,1.235669576054398,1,True,True
quality_linear,0.5,1e+19,logarithmic,131072,fixed_ref,dirichlet_a20_19,2.849427926460723,dirichlet_a20_19,12.565289070600741,0.12091170821587734,True,dirichlet_a20_19,0.43829657372764846,1.4189974969665635,1,True,True
quality_linear,0.5,1e+19,logarithmic,131072,mixture,dirichlet_a20_19,2.84831219509561,dirichlet_a20_19,12.565289070600741,0.12091170821587734,True,dirichlet_a20_19,0.43829657372764846,1.4288834862260194,1,True,True
quality_linear,0.5,1e+19,power,2048,fixed_ref,dirichlet_a20_19,2.6499805268803684,dirichlet_a20_19,12.565289070600741,0.12091170821587734,True,dirichlet_a20_19,0.43829657372764846,1.057272207086938,1,True,True
quality_linear,0.5,1e+19,power,2048,mixture,dirichlet_a20_19,2.6490599021504453,dirichlet_a20_19,12.565289070600741,0.12091170821587734,True,dirichlet_a20_19,0.43829657372764846,1.0692820875232978,1,True,True
quality_linear,0.5,1e+19,power,4096,fixed_ref,dirichlet_a20_19,2.6581866972794277,dirichlet_a20_19,12.565289070600741,0.12091170821587734,True,dirichlet_a20_19,0.43829657372764846,1.0683415872621786,1,True,True
quality_linear,0.5,1e+19,power,4096,mixture,dirichlet_a20_19,2.6572946656871643,dirichlet_a20_19,12.565289070600741,0.12091170821587734,True,dirichlet_a20_19,0.43829657372764846,1.0804288242974778,1,True,True
quality_linear,0.5,1e+19,power,8192,fixed_ref,dirichlet_a20_19,2.6733824251333145,dirichlet_a20_19,12.565289070600741,0.12091170821587734,True,dirichlet_a20_19,0.43829657372764846,1.088925660727463,1,True,True
quality_linear,0.5,1e+19,power,8192,mixture,dirichlet_a20_19,2.6725402506204876,dirichlet_a20_19,12.565289070600741,0.12091170821587734,True,dirichlet_a20_19,0.43829657372764846,1.101159711264994,1,True,True
quality_linear,0.5,1e+19,power,32768,fixed_ref,dirichlet_a20_19,2.7425740933287654,dirichlet_a20_19,12.565289070600741,0.12091170821587734,True,dirichlet_a20_19,0.43829657372764846,1.183977913265931,1,True,True
quality_linear,0.5,1e+19,power,32768,mixture,dirichlet_a20_19,2.7419171412616654,dirichlet_a20_19,12.565289070600741,0.12091170821587734,True,dirichlet_a20_19,0.43829657372764846,1.1969295333347252,1,True,True
quality_linear,0.5,1e+19,power,131072,fixed_ref,dirichlet_a20_19,2.8866883882025913,dirichlet_a20_19,12.565289070600741,0.12091170821587734,True,dirichlet_a20_19,0.43829657372764846,1.383761667417481,1,True,True
quality_linear,0.5,1e+19,power,131072,mixture,dirichlet_a20_19,2.886273736927755,dirichlet_a20_19,12.565289070600741,0.12091170821587734,True,dirichlet_a20_19,0.43829657372764846,1.392391288441058,1,True,True
quality_linear,0.5,1e+22,exponential,2048,fixed_ref,dirichlet_a20_19,1.9990013374766733,dirichlet_a20_19,12.565289070600741,0.12091170821587734,True,dirichlet_a20_19,0.43829657372764846,0.34131281265968716,1,True,True
quality_linear,0.5,1e+22,exponential,2048,mixture,dirichlet_a20_19,1.9989938463819164,dirichlet_a20_19,12.565289070600741,0.12091170821587734,True,dirichlet_a20_19,0.43829657372764846,0.3414008716831114,1,True,True
quality_linear,0.5,1e+22,exponential,4096,fixed_ref,dirichlet_a20_19,2.0018970835313223,dirichlet_a20_19,12.565289070600741,0.12091170821587734,True,dirichlet_a20_19,0.43829657372764846,0.3441248722056396,1,True,True
quality_linear,0.5,1e+22,exponential,4096,mixture,dirichlet_a20_19,2.0018897595329306,dirichlet_a20_19,12.565289070600741,0.12091170821587734,True,dirichlet_a20_19,0.43829657372764846,0.344210690555788,1,True,True
quality_linear,0.5,1e+22,exponential,8192,fixed_ref,dirichlet_a20_19,2.0072756376514063,dirichlet_a20_19,12.565289070600741,0.12091170821587734,True,dirichlet_a20_19,0.43829657372764846,0.3493351090480825,1,True,True
quality_linear,0.5,1e+22,exponential,8192,mixture,dirichlet_a20_19,2.0072686138532463,dirichlet_a20_19,12.565289070600741,0.12091170821587734,True,dirichlet_a20_19,0.43829657372764846,0.3494169693871987,1,True,True
quality_linear,0.5,1e+22,exponential,32768,fixed_ref,dirichlet_a20_19,2.032014492899323,dirichlet_a20_19,12.565289070600741,0.12091170821587734,True,dirichlet_a20_19,0.43829657372764846,0.37310621933033916,1,True,True
quality_linear,0.5,1e+22,exponential,32768,mixture,dirichlet_a20_19,2.0320086510439315,dirichlet_a20_19,12.565289070600741,0.12091170821587734,True,dirichlet_a20_19,0.43829657372764846,0.37317280830696564,1,True,True
quality_linear,0.5,1e+22,exponential,131072,fixed_ref,dirichlet_a20_19,2.084646222641722,dirichlet_a20_19,12.565289070600741,0.12091170821587734,True,dirichlet_a20_19,0.43829657372764846,0.42332884825122497,1,True,True
quality_linear,0.5,1e+22,exponential,131072,mixture,dirichlet_a20_19,2.084642132055642,dirichlet_a20_19,12.565289070600741,0.12091170821587734,True,dirichlet_a20_19,0.43829657372764846,0.42337643034942296,1,True,True
quality_linear,0.5,1e+22,logarithmic,2048,fixed_ref,dirichlet_a20_19,1.9979194792237023,dirichlet_a20_19,12.565289070600741,0.12091170821587734,True,dirichlet_a20_19,0.43829657372764846,0.329768038226123,1,True,True
quality_linear,0.5,1e+22,logarithmic,2048,mixture,dirichlet_a20_19,1.9978817958594377,dirichlet_a20_19,12.565289070600741,0.12091170821587734,True,dirichlet_a20_19,0.43829657372764846,0.3302768814952184,1,True,True
quality_linear,0.5,1e+22,logarithmic,4096,fixed_ref,dirichlet_a20_19,2.000840020369381,dirichlet_a20_19,12.565289070600741,0.12091170821587734,True,dirichlet_a20_19,0.43829657372764846,0.3326032709521063,1,True,True
quality_linear,0.5,1e+22,logarithmic,4096,mixture,dirichlet_a20_19,2.0008032212208606,dirichlet_a20_19,12.565289070600741,0.12091170821587734,True,dirichlet_a20_19,0.43829657372764846,0.33310199361900583,1,True,True
quality_linear,0.5,1e+22,logarithmic,8192,fixed_ref,dirichlet_a20_19,2.0062626251419986,dirichlet_a20_19,12.565289070600741,0.12091170821587734,True,dirichlet_a20_19,0.43829657372764846,0.3378820068107844,1,True,True
quality_linear,0.5,1e+22,logarithmic,8192,mixture,dirichlet_a20_19,2.0062273927095053,dirichlet_a20_19,12.565289070600741,0.12091170821587734,True,dirichlet_a20_19,0.43829657372764846,0.3383625827432528,1,True,True
quality_linear,0.5,1e+22,logarithmic,32768,fixed_ref,dirichlet_a20_19,2.031174921568808,dirichlet_a20_19,12.565289070600741,0.12091170821587734,True,dirichlet_a20_19,0.43829657372764846,0.3623488212643391,1,True,True
quality_linear,0.5,1e+22,logarithmic,32768,mixture,dirichlet_a20_19,2.0311458289467166,dirichlet_a20_19,12.565289070600741,0.12091170821587734,True,dirichlet_a20_19,0.43829657372764846,0.36275577971682305,1,True,True
quality_linear,0.5,1e+22,logarithmic,131072,fixed_ref,dirichlet_a20_19,2.0840611199066807,dirichlet_a20_19,12.565289070600741,0.12091170821587734,True,dirichlet_a20_19,0.43829657372764846,0.41517080312421895,1,True,True
quality_linear,0.5,1e+22,logarithmic,131072,mixture,dirichlet_a20_19,2.0840409454369024,dirichlet_a20_19,12.565289070600741,0.12091170821587734,True,dirichlet_a20_19,0.43829657372764846,0.4154632398400784,1,True,True
quality_linear,0.5,1e+22,power,2048,fixed_ref,dirichlet_a20_19,1.9994137571874298,dirichlet_a20_19,12.565289070600741,0.12091170821587734,True,dirichlet_a20_19,0.43829657372764846,0.3473544569838456,1,True,True
quality_linear,0.5,1e+22,power,2048,mixture,dirichlet_a20_19,1.999398939572936,dirichlet_a20_19,12.565289070600741,0.12091170821587734,True,dirichlet_a20_19,0.43829657372764846,0.34750995640438354,1,True,True
quality_linear,0.5,1e+22,power,4096,fixed_ref,dirichlet_a20_19,2.0023003333753087,dirichlet_a20_19,12.565289070600741,0.12091170821587734,True,dirichlet_a20_19,0.43829657372764846,0.3500118744479406,1,True,True
quality_linear,0.5,1e+22,power,4096,mixture,dirichlet_a20_19,2.002285843692479,dirichlet_a20_19,12.565289070600741,0.12091170821587734,True,dirichlet_a20_19,0.43829657372764846,0.3501629381767204,1,True,True
quality_linear,0.5,1e+22,power,8192,fixed_ref,dirichlet_a20_19,2.0076625639788106,dirichlet_a20_19,12.565289070600741,0.12091170821587734,True,dirichlet_a20_19,0.43829657372764846,0.35492132108697794,1,True,True
quality_linear,0.5,1e+22,power,8192,mixture,dirichlet_a20_19,2.0076486566244416,dirichlet_a20_19,12.565289070600741,0.12091170821587734,True,dirichlet_a20_19,0.43829657372764846,0.3550645962733112,1,True,True
quality_linear,0.5,1e+22,power,32768,fixed_ref,dirichlet_a20_19,2.0323366940043015,dirichlet_a20_19,12.565289070600741,0.12091170821587734,True,dirichlet_a20_19,0.43829657372764846,0.37726517470306264,1,True,True
quality_linear,0.5,1e+22,power,32768,mixture,dirichlet_a20_19,2.0323250991849298,dirichlet_a20_19,12.565289070600741,0.12091170821587734,True,dirichlet_a20_19,0.43829657372764846,0.3773845868087333,1,True,True
quality_linear,0.5,1e+22,power,131072,fixed_ref,dirichlet_a20_19,2.084872209609496,dirichlet_a20_19,12.565289070600741,0.12091170821587734,True,dirichlet_a20_19,0.43829657372764846,0.4263029183467544,1,True,True
quality_linear,0.5,1e+22,power,131072,mixture,dirichlet_a20_19,2.0848640633248543,dirichlet_a20_19,12.565289070600741,0.12091170821587734,True,dirichlet_a20_19,0.43829657372764846,0.426393354918833,1,True,True
quality_linear,0.5,1e+24,exponential,2048,fixed_ref,dirichlet_a20_19,1.8415174618421466,dirichlet_a20_19,12.565289070600741,0.12091170821587734,True,dirichlet_a20_19,0.43829657372764846,0.1593454348027621,1,True,True
quality_linear,0.5,1e+24,exponential,2048,mixture,dirichlet_a20_19,1.8415169767077686,dirichlet_a20_19,12.565289070600741,0.12091170821587734,True,dirichlet_a20_19,0.43829657372764846,0.1593515939122725,1,True,True
quality_linear,0.5,1e+24,exponential,4096,fixed_ref,dirichlet_a20_19,1.842963265455576,dirichlet_a20_19,12.565289070600741,0.12091170821587734,True,dirichlet_a20_19,0.43829657372764846,0.16081184113300862,1,True,True
quality_linear,0.5,1e+24,exponential,4096,mixture,dirichlet_a20_19,1.8429627919119884,dirichlet_a20_19,12.565289070600741,0.12091170821587734,True,dirichlet_a20_19,0.43829657372764846,0.16081786028679002,1,True,True
quality_linear,0.5,1e+24,exponential,8192,fixed_ref,dirichlet_a20_19,1.845647239718149,dirichlet_a20_19,12.565289070600741,0.12091170821587734,True,dirichlet_a20_19,0.43829657372764846,0.16353705443830124,1,True,True
quality_linear,0.5,1e+24,exponential,8192,mixture,dirichlet_a20_19,1.8456467867182433,dirichlet_a20_19,12.565289070600741,0.12091170821587734,True,dirichlet_a20_19,0.43829657372764846,0.16354282771198392,1,True,True
quality_linear,0.5,1e+24,exponential,32768,fixed_ref,dirichlet_a20_19,1.8579711265108332,dirichlet_a20_19,12.565289070600741,0.12091170821587734,True,dirichlet_a20_19,0.43829657372764846,0.17609370295337778,1,True,True
quality_linear,0.5,1e+24,exponential,32768,mixture,dirichlet_a20_19,1.857970753573595,dirichlet_a20_19,12.565289070600741,0.12091170821587734,True,dirichlet_a20_19,0.43829657372764846,0.17609850137272653,1,True,True
quality_linear,0.5,1e+24,exponential,131072,fixed_ref,dirichlet_a20_19,1.884107616283792,dirichlet_a20_19,12.565289070600741,0.12091170821587734,True,dirichlet_a20_19,0.43829657372764846,0.20289347678825487,1,True,True
quality_linear,0.5,1e+24,exponential,131072,mixture,dirichlet_a20_19,1.8841073587561248,dirichlet_a20_19,12.565289070600741,0.12091170821587734,True,dirichlet_a20_19,0.43829657372764846,0.20289683358557586,1,True,True
quality_linear,0.5,1e+24,logarithmic,2048,fixed_ref,dirichlet_a20_19,1.8414483995470097,dirichlet_a20_19,12.565289070600741,0.12091170821587734,True,dirichlet_a20_19,0.43829657372764846,0.15830790949763274,1,True,True
quality_linear,0.5,1e+24,logarithmic,2048,mixture,dirichlet_a20_19,1.8414460308760396,dirichlet_a20_19,12.565289070600741,0.12091170821587734,True,dirichlet_a20_19,0.43829657372764846,0.15834368283919975,1,True,True
quality_linear,0.5,1e+24,logarithmic,4096,fixed_ref,dirichlet_a20_19,1.8428958609221038,dirichlet_a20_19,12.565289070600741,0.12091170821587734,True,dirichlet_a20_19,0.43829657372764846,0.15979799792010718,1,True,True
quality_linear,0.5,1e+24,logarithmic,4096,mixture,dirichlet_a20_19,1.8428935493505882,dirichlet_a20_19,12.565289070600741,0.12091170821587734,True,dirichlet_a20_19,0.43829657372764846,0.15983293202665338,1,True,True
quality_linear,0.5,1e+24,logarithmic,8192,fixed_ref,dirichlet_a20_19,1.8455827696800045,dirichlet_a20_19,12.565289070600741,0.12091170821587734,True,dirichlet_a20_19,0.43829657372764846,0.16256529700601252,1,True,True
quality_linear,0.5,1e+24,logarithmic,8192,mixture,dirichlet_a20_19,1.8455805586664453,dirichlet_a20_19,12.565289070600741,0.12091170821587734,True,dirichlet_a20_19,0.43829657372764846,0.1625987436257199,1,True,True
quality_linear,0.5,1e+24,logarithmic,32768,fixed_ref,dirichlet_a20_19,1.857918083757221,dirichlet_a20_19,12.565289070600741,0.12091170821587734,True,dirichlet_a20_19,0.43829657372764846,0.1752878168494929,1,True,True
quality_linear,0.5,1e+24,logarithmic,32768,mixture,dirichlet_a20_19,1.8579162656445998,dirichlet_a20_19,12.565289070600741,0.12091170821587734,True,dirichlet_a20_19,0.43829657372764846,0.17531543570733876,1,True,True
quality_linear,0.5,1e+24,logarithmic,131072,fixed_ref,dirichlet_a20_19,1.8840710057794372,dirichlet_a20_19,12.565289070600741,0.12091170821587734,True,dirichlet_a20_19,0.43829657372764846,0.20233138401573414,1,True,True
quality_linear,0.5,1e+24,logarithmic,131072,mixture,dirichlet_a20_19,1.8840697519432321,dirichlet_a20_19,12.565289070600741,0.12091170821587734,True,dirichlet_a20_19,0.43829657372764846,0.20235053853050444,1,True,True
quality_linear,0.5,1e+24,power,2048,fixed_ref,dirichlet_a20_19,1.8415443232999245,dirichlet_a20_19,12.565289070600741,0.12091170821587734,True,dirichlet_a20_19,0.43829657372764846,0.15974026469155644,1,True,True
quality_linear,0.5,1e+24,power,2048,mixture,dirichlet_a20_19,1.8415433530874779,dirichlet_a20_19,12.565289070600741,0.12091170821587734,True,dirichlet_a20_19,0.43829657372764846,0.15975219157564768,1,True,True
quality_linear,0.5,1e+24,power,4096,fixed_ref,dirichlet_a20_19,1.8429894852934188,dirichlet_a20_19,12.565289070600741,0.12091170821587734,True,dirichlet_a20_19,0.43829657372764846,0.1611979505484713,1,True,True
quality_linear,0.5,1e+24,power,4096,mixture,dirichlet_a20_19,1.8429885382089861,dirichlet_a20_19,12.565289070600741,0.12091170821587734,True,dirichlet_a20_19,0.43829657372764846,0.16120961205145679,1,True,True
quality_linear,0.5,1e+24,power,8192,fixed_ref,dirichlet_a20_19,1.8456723227742466,dirichlet_a20_19,12.565289070600741,0.12091170821587734,True,dirichlet_a20_19,0.43829657372764846,0.16390763013823517,1,True,True
quality_linear,0.5,1e+24,power,8192,mixture,dirichlet_a20_19,1.8456714167343165,dirichlet_a20_19,12.565289070600741,0.12091170821587734,True,dirichlet_a20_19,0.43829657372764846,0.16391882206056985,1,True,True
quality_linear,0.5,1e+24,power,32768,fixed_ref,dirichlet_a20_19,1.8579917776250225,dirichlet_a20_19,12.565289070600741,0.12091170821587734,True,dirichlet_a20_19,0.43829657372764846,0.17640259282484805,1,True,True
quality_linear,0.5,1e+24,power,32768,mixture,dirichlet_a20_19,1.8579910315863868,dirichlet_a20_19,12.565289070600741,0.12091170821587734,True,dirichlet_a20_19,0.43829657372764846,0.17641191716937699,1,True,True
quality_linear,0.5,1e+24,power,131072,fixed_ref,dirichlet_a20_19,1.8841218823276915,dirichlet_a20_19,12.565289070600741,0.12091170821587734,True,dirichlet_a20_19,0.43829657372764846,0.2031104129118153,1,True,True
quality_linear,0.5,1e+24,power,131072,mixture,dirichlet_a20_19,1.8841213668596737,dirichlet_a20_19,12.565289070600741,0.12091170821587734,True,dirichlet_a20_19,0.43829657372764846,0.20311695713170907,1,True,True
quality_linear,1.0,1e+19,exponential,2048,fixed_ref,dirichlet_a20_19,2.312508083963645,dirichlet_a20_19,157.88648942775845,0.01461964118368146,True,dirichlet_a20_19,0.43829657372764846,2.1675925884714458,1,True,True
quality_linear,1.0,1e+19,exponential,2048,mixture,dirichlet_a20_19,2.3124159169612617,dirichlet_a20_19,157.88648942775845,0.01461964118368146,True,dirichlet_a20_19,0.43829657372764846,2.183022084627853,1,True,True
quality_linear,1.0,1e+19,exponential,4096,fixed_ref,dirichlet_a20_19,2.317978888240677,dirichlet_a20_19,157.88648942775845,0.01461964118368146,True,dirichlet_a20_19,0.43829657372764846,2.1887814224363242,1,True,True
quality_linear,1.0,1e+19,exponential,4096,mixture,dirichlet_a20_19,2.3178890923444686,dirichlet_a20_19,157.88648942775845,0.01461964118368146,True,dirichlet_a20_19,0.43829657372764846,2.204355086974146,1,True,True
quality_linear,1.0,1e+19,exponential,8192,fixed_ref,dirichlet_a20_19,2.328128164770892,dirichlet_a20_19,157.88648942775845,0.01461964118368146,True,dirichlet_a20_19,0.43829657372764846,2.2281184933777083,1,True,True
quality_linear,1.0,1e+19,exponential,8192,mixture,dirichlet_a20_19,2.328042556106305,dirichlet_a20_19,157.88648942775845,0.01461964118368146,True,dirichlet_a20_19,0.43829657372764846,2.243959977366508,1,True,True
quality_linear,1.0,1e+19,exponential,32768,fixed_ref,dirichlet_a20_19,2.3746268495843212,dirichlet_a20_19,157.88648942775845,0.01461964118368146,True,dirichlet_a20_19,0.43829657372764846,2.408782386686867,1,True,True
quality_linear,1.0,1e+19,exponential,32768,mixture,dirichlet_a20_19,2.374557363853362,dirichlet_a20_19,157.88648942775845,0.01461964118368146,True,dirichlet_a20_19,0.43829657372764846,2.425856391341611,1,True,True
quality_linear,1.0,1e+19,exponential,131072,fixed_ref,dirichlet_a20_19,2.4736483226607935,dirichlet_a20_19,157.88648942775845,0.01461964118368146,True,dirichlet_a20_19,0.43829657372764846,2.7912920508617476,1,True,True
quality_linear,1.0,1e+19,exponential,131072,mixture,dirichlet_a20_19,2.4735975030324915,dirichlet_a20_19,157.88648942775845,0.01461964118368146,True,dirichlet_a20_19,0.43829657372764846,2.8090400419409156,1,True,True
quality_linear,1.0,1e+19,logarithmic,2048,fixed_ref,dirichlet_a20_19,2.3009877666892304,dirichlet_a20_19,157.88648942775845,0.01461964118368146,True,dirichlet_a20_19,0.43829657372764846,2.1791129057458605,1,True,True
quality_linear,1.0,1e+19,logarithmic,2048,mixture,dirichlet_a20_19,2.3005150881824212,dirichlet_a20_19,157.88648942775845,0.01461964118368146,True,dirichlet_a20_19,0.43829657372764846,2.1949229134066934,1,True,True
quality_linear,1.0,1e+19,logarithmic,4096,fixed_ref,dirichlet_a20_19,2.3065344327099977,dirichlet_a20_19,157.88648942775845,0.01461964118368146,True,dirichlet_a20_19,0.43829657372764846,2.2002258779670036,1,True,True
quality_linear,1.0,1e+19,logarithmic,4096,mixture,dirichlet_a20_19,2.3060712773107,dirichlet_a20_19,157.88648942775845,0.01461964118368146,True,dirichlet_a20_19,0.43829657372764846,2.216172902007915,1,True,True
quality_linear,1.0,1e+19,logarithmic,8192,fixed_ref,dirichlet_a20_19,2.3168455553851195,dirichlet_a20_19,157.88648942775845,0.01461964118368146,True,dirichlet_a20_19,0.43829657372764846,2.239401102763481,1,True,True
quality_linear,1.0,1e+19,logarithmic,8192,mixture,dirichlet_a20_19,2.3163994682190436,dirichlet_a20_19,157.88648942775845,0.01461964118368146,True,dirichlet_a20_19,0.43829657372764846,2.2556030652537693,1,True,True
quality_linear,1.0,1e+19,logarithmic,32768,fixed_ref,dirichlet_a20_19,2.3644023043014806,dirichlet_a20_19,157.88648942775845,0.01461964118368146,True,dirichlet_a20_19,0.43829657372764846,2.4190069319697076,1,True,True
quality_linear,1.0,1e+19,logarithmic,32768,mixture,dirichlet_a20_19,2.3640253108571327,dirichlet_a20_19,157.88648942775845,0.01461964118368146,True,dirichlet_a20_19,0.43829657372764846,2.4363884443378403,1,True,True
quality_linear,1.0,1e+19,logarithmic,131072,fixed_ref,dirichlet_a20_19,2.466116262719092,dirichlet_a20_19,157.88648942775845,0.01461964118368146,True,dirichlet_a20_19,0.43829657372764846,2.7988241108034493,1,True,True
quality_linear,1.0,1e+19,logarithmic,131072,mixture,dirichlet_a20_19,2.4658462296184296,dirichlet_a20_19,157.88648942775845,0.01461964118368146,True,dirichlet_a20_19,0.43829657372764846,2.818745473695842,1,True,True
quality_linear,1.0,1e+19,power,2048,fixed_ref,dirichlet_a20_19,2.317930950511933,dirichlet_a20_19,157.88648942775845,0.01461964118368146,True,dirichlet_a20_19,0.43829657372764846,2.1621697219231577,1,True,True
quality_linear,1.0,1e+19,power,2048,mixture,dirichlet_a20_19,2.3177679803970164,dirichlet_a20_19,157.88648942775845,0.01461964118368146,True,dirichlet_a20_19,0.43829657372764846,2.1776700211920983,1,True,True
quality_linear,1.0,1e+19,power,4096,fixed_ref,dirichlet_a20_19,2.323227728747676,dirichlet_a20_19,157.88648942775845,0.01461964118368146,True,dirichlet_a20_19,0.43829657372764846,2.183532581929325,1,True,True
quality_linear,1.0,1e+19,power,4096,mixture,dirichlet_a20_19,2.3230695235330954,dirichlet_a20_19,157.88648942775845,0.01461964118368146,True,dirichlet_a20_19,0.43829657372764846,2.1991746557855194,1,True,True
quality_linear,1.0,1e+19,power,8192,fixed_ref,dirichlet_a20_19,2.333041670991813,dirichlet_a20_19,157.88648942775845,0.01461964118368146,True,dirichlet_a20_19,0.43829657372764846,2.2232049871567874,1,True,True
quality_linear,1.0,1e+19,power,8192,mixture,dirichlet_a20_19,2.332891824067292,dirichlet_a20_19,157.88648942775845,0.01461964118368146,True,dirichlet_a20_19,0.43829657372764846,2.239110709405521,1,True,True
quality_linear,1.0,1e+19,power,32768,fixed_ref,dirichlet_a20_19,2.3783585707240755,dirichlet_a20_19,157.88648942775845,0.01461964118368146,True,dirichlet_a20_19,0.43829657372764846,2.4050506655471127,1,True,True
quality_linear,1.0,1e+19,power,32768,mixture,dirichlet_a20_19,2.37822816687644,dirichlet_a20_19,157.88648942775845,0.01461964118368146,True,dirichlet_a20_19,0.43829657372764846,2.4221855883185333,1,True,True
quality_linear,1.0,1e+19,power,131072,fixed_ref,dirichlet_a20_19,2.4764205652795725,dirichlet_a20_19,157.88648942775845,0.01461964118368146,True,dirichlet_a20_19,0.43829657372764846,2.7885198082429685,1,True,True
quality_linear,1.0,1e+19,power,131072,mixture,dirichlet_a20_19,2.476321811487191,dirichlet_a20_19,157.88648942775845,0.01461964118368146,True,dirichlet_a20_19,0.43829657372764846,2.8082698918270803,1,True,True
quality_linear,1.0,1e+22,exponential,2048,fixed_ref,dirichlet_a20_19,1.8986412030606303,dirichlet_a20_19,157.88648942775845,0.01461964118368146,True,dirichlet_a20_19,0.43829657372764846,0.7117385643974934,1,True,True
quality_linear,1.0,1e+22,exponential,2048,mixture,dirichlet_a20_19,1.8986395205402313,dirichlet_a20_19,157.88648942775845,0.01461964118368146,True,dirichlet_a20_19,0.43829657372764846,0.7120451800248693,1,True,True
quality_linear,1.0,1e+22,exponential,4096,fixed_ref,dirichlet_a20_19,1.9006234407477633,dirichlet_a20_19,157.88648942775845,0.01461964118368146,True,dirichlet_a20_19,0.43829657372764846,0.7177589587722328,1,True,True
quality_linear,1.0,1e+22,exponential,4096,mixture,dirichlet_a20_19,1.90062179780813,dirichlet_a20_19,157.88648942775845,0.01461964118368146,True,dirichlet_a20_19,0.43829657372764846,0.7180575005236896,1,True,True
quality_linear,1.0,1e+22,exponential,8192,fixed_ref,dirichlet_a20_19,1.9043037241040912,dirichlet_a20_19,157.88648942775845,0.01461964118368146,True,dirichlet_a20_19,0.43829657372764846,0.7289212083717451,1,True,True
quality_linear,1.0,1e+22,exponential,8192,mixture,dirichlet_a20_19,1.904302151412844,dirichlet_a20_19,157.88648942775845,0.01461964118368146,True,dirichlet_a20_19,0.43829657372764846,0.7292055364617576,1,True,True
quality_linear,1.0,1e+22,exponential,32768,fixed_ref,dirichlet_a20_19,1.9212091993004061,dirichlet_a20_19,157.88648942775845,0.01461964118368146,True,dirichlet_a20_19,0.43829657372764846,0.7799643624690744,1,True,True
quality_linear,1.0,1e+22,exponential,32768,mixture,dirichlet_a20_19,1.9212079017329926,dirichlet_a20_19,157.88648942775845,0.01461964118368146,True,dirichlet_a20_19,0.43829657372764846,0.7801942778523219,1,True,True
quality_linear,1.0,1e+22,exponential,131072,fixed_ref,dirichlet_a20_19,1.9570887572000557,dirichlet_a20_19,157.88648942775845,0.01461964118368146,True,dirichlet_a20_19,0.43829657372764846,0.8872976250543805,1,True,True
quality_linear,1.0,1e+22,exponential,131072,mixture,dirichlet_a20_19,1.9570878581183693,dirichlet_a20_19,157.88648942775845,0.01461964118368146,True,dirichlet_a20_19,0.43829657372764846,0.8874519033191377,1,True,True
quality_linear,1.0,1e+22,logarithmic,2048,fixed_ref,dirichlet_a20_19,1.8984008736254554,dirichlet_a20_19,157.88648942775845,0.01461964118368146,True,dirichlet_a20_19,0.43829657372764846,0.6937755175865294,1,True,True
quality_linear,1.0,1e+22,logarithmic,2048,mixture,dirichlet_a20_19,1.89839260107804,dirichlet_a20_19,157.88648942775845,0.01461964118368146,True,dirichlet_a20_19,0.43829657372764846,0.6951903856979835,1,True,True
quality_linear,1.0,1e+22,logarithmic,4096,fixed_ref,dirichlet_a20_19,1.9003888181897524,dirichlet_a20_19,157.88648942775845,0.01461964118368146,True,dirichlet_a20_19,0.43829657372764846,0.6993929728805202,1,True,True
quality_linear,1.0,1e+22,logarithmic,4096,mixture,dirichlet_a20_19,1.9003807439016611,dirichlet_a20_19,157.88648942775845,0.01461964118368146,True,dirichlet_a20_19,0.43829657372764846,0.7007853895462712,1,True,True
quality_linear,1.0,1e+22,logarithmic,8192,fixed_ref,dirichlet_a20_19,1.9040792128463009,dirichlet_a20_19,157.88648942775845,0.01461964118368146,True,dirichlet_a20_19,0.43829657372764846,0.7098621175338087,1,True,True
quality_linear,1.0,1e+22,logarithmic,8192,mixture,dirichlet_a20_19,1.904071488281833,dirichlet_a20_19,157.88648942775845,0.01461964118368146,True,dirichlet_a20_19,0.43829657372764846,0.7112138029790074,1,True,True
quality_linear,1.0,1e+22,logarithmic,32768,fixed_ref,dirichlet_a20_19,1.921024167681607,dirichlet_a20_19,157.88648942775845,0.01461964118368146,True,dirichlet_a20_19,0.43829657372764846,0.7585545753498659,1,True,True
quality_linear,1.0,1e+22,logarithmic,32768,mixture,dirichlet_a20_19,1.921017809530214,dirichlet_a20_19,157.88648942775845,0.01461964118368146,True,dirichlet_a20_19,0.43829657372764846,0.759734515871981,1,True,True
quality_linear,1.0,1e+22,logarithmic,131072,fixed_ref,dirichlet_a20_19,1.956960764599062,dirichlet_a20_19,157.88648942775845,0.01461964118368146,True,dirichlet_a20_19,0.43829657372764846,0.8644956017135679,1,True,True
quality_linear,1.0,1e+22,logarithmic,131072,mixture,dirichlet_a20_19,1.9569563737509301,dirichlet_a20_19,157.88648942775845,0.01461964118368146,True,dirichlet_a20_19,0.43829657372764846,0.8653853285447091,1,True,True
quality_linear,1.0,1e+22,power,2048,fixed_ref,dirichlet_a20_19,1.89873423501555,dirichlet_a20_19,157.88648942775845,0.01461964118368146,True,dirichlet_a20_19,0.43829657372764846,0.7272944049016006,1,True,True
quality_linear,1.0,1e+22,power,2048,mixture,dirichlet_a20_19,1.8987308789039747,dirichlet_a20_19,157.88648942775845,0.01461964118368146,True,dirichlet_a20_19,0.43829657372764846,0.7278904805001647,1,True,True
quality_linear,1.0,1e+22,power,4096,fixed_ref,dirichlet_a20_19,1.900714286782681,dirichlet_a20_19,157.88648942775845,0.01461964118368146,True,dirichlet_a20_19,0.43829657372764846,0.7333045757292518,1,True,True
quality_linear,1.0,1e+22,power,4096,mixture,dirichlet_a20_19,1.900711009406602,dirichlet_a20_19,157.88648942775845,0.01461964118368146,True,dirichlet_a20_19,0.43829657372764846,0.7338825417219232,1,True,True
quality_linear,1.0,1e+22,power,8192,fixed_ref,dirichlet_a20_19,1.9043906940714426,dirichlet_a20_19,157.88648942775845,0.01461964118368146,True,dirichlet_a20_19,0.43829657372764846,0.7444249493437864,1,True,True
quality_linear,1.0,1e+22,power,8192,mixture,dirichlet_a20_19,1.904387556466314,dirichlet_a20_19,157.88648942775845,0.01461964118368146,True,dirichlet_a20_19,0.43829657372764846,0.7449712638040753,1,True,True
quality_linear,1.0,1e+22,power,32768,fixed_ref,dirichlet_a20_19,1.9212809967920286,dirichlet_a20_19,157.88648942775845,0.01461964118368146,True,dirichlet_a20_19,0.43829657372764846,0.7949224225218716,1,True,True
quality_linear,1.0,1e+22,power,32768,mixture,dirichlet_a20_19,1.9212784051397946,dirichlet_a20_19,157.88648942775845,0.01461964118368146,True,dirichlet_a20_19,0.43829657372764846,0.7953504152736364,1,True,True
quality_linear,1.0,1e+22,power,131072,fixed_ref,dirichlet_a20_19,1.9571385322900978,dirichlet_a20_19,157.88648942775845,0.01461964118368146,True,dirichlet_a20_19,0.43829657372764846,0.8994658897420718,1,True,True
quality_linear,1.0,1e+22,power,131072,mixture,dirichlet_a20_19,1.957136734888552,dirichlet_a20_19,157.88648942775845,0.01461964118368146,True,dirichlet_a20_19,0.43829657372764846,0.8997374322855625,1,True,True
quality_linear,1.0,1e+24,exponential,2048,fixed_ref,dirichlet_a20_19,1.7926210707629724,dirichlet_a20_19,157.88648942775845,0.01461964118368146,True,dirichlet_a20_19,0.43829657372764846,0.33116061588904255,1,True,True
quality_linear,1.0,1e+24,exponential,2048,mixture,dirichlet_a20_19,1.7926209652921625,dirichlet_a20_19,157.88648942775845,0.01461964118368146,True,dirichlet_a20_19,0.43829657372764846,0.33117952235309156,1,True,True
quality_linear,1.0,1e+24,exponential,4096,fixed_ref,dirichlet_a20_19,1.793602663387185,dirichlet_a20_19,157.88648942775845,0.01461964118368146,True,dirichlet_a20_19,0.43829657372764846,0.3341269746257991,1,True,True
quality_linear,1.0,1e+24,exponential,4096,mixture,dirichlet_a20_19,1.7936025604595538,dirichlet_a20_19,157.88648942775845,0.01461964118368146,True,dirichlet_a20_19,0.43829657372764846,0.33414549790145154,1,True,True
quality_linear,1.0,1e+24,exponential,8192,fixed_ref,dirichlet_a20_19,1.795424773467696,dirichlet_a20_19,157.88648942775845,0.01461964118368146,True,dirichlet_a20_19,0.43829657372764846,0.33964357854431193,1,True,True
quality_linear,1.0,1e+24,exponential,8192,mixture,dirichlet_a20_19,1.7954246750361496,dirichlet_a20_19,157.88648942775845,0.01461964118368146,True,dirichlet_a20_19,0.43829657372764846,0.3396614155054307,1,True,True
quality_linear,1.0,1e+24,exponential,32768,fixed_ref,dirichlet_a20_19,1.8037897358484944,dirichlet_a20_19,157.88648942775845,0.01461964118368146,True,dirichlet_a20_19,0.43829657372764846,0.3651194853581583,1,True,True
quality_linear,1.0,1e+24,exponential,32768,mixture,dirichlet_a20_19,1.8037896549262127,dirichlet_a20_19,157.88648942775845,0.01461964118368146,True,dirichlet_a20_19,0.43829657372764846,0.36513455023335895,1,True,True
quality_linear,1.0,1e+24,exponential,131072,fixed_ref,dirichlet_a20_19,1.8215242648890926,dirichlet_a20_19,157.88648942775845,0.01461964118368146,True,dirichlet_a20_19,0.43829657372764846,0.41973555346660474,1,True,True
quality_linear,1.0,1e+24,exponential,131072,mixture,dirichlet_a20_19,1.8215242090754251,dirichlet_a20_19,157.88648942775845,0.01461964118368146,True,dirichlet_a20_19,0.43829657372764846,0.41974633313178655,1,True,True
quality_linear,1.0,1e+24,logarithmic,2048,fixed_ref,dirichlet_a20_19,1.792606082618224,dirichlet_a20_19,157.88648942775845,0.01461964118368146,True,dirichlet_a20_19,0.43829657372764846,0.32742687039529317,1,True,True
quality_linear,1.0,1e+24,logarithmic,2048,mixture,dirichlet_a20_19,1.7926055693930611,dirichlet_a20_19,157.88648942775845,0.01461964118368146,True,dirichlet_a20_19,0.43829657372764846,0.32754312557461107,1,True,True
quality_linear,1.0,1e+24,logarithmic,4096,fixed_ref,dirichlet_a20_19,1.7935880367105834,dirichlet_a20_19,157.88648942775845,0.01461964118368146,True,dirichlet_a20_19,0.43829657372764846,0.3304725796141452,1,True,True
quality_linear,1.0,1e+24,logarithmic,4096,mixture,dirichlet_a20_19,1.7935875358721851,dirichlet_a20_19,157.88648942775845,0.01461964118368146,True,dirichlet_a20_19,0.43829657372764846,0.3305862372013799,1,True,True
quality_linear,1.0,1e+24,logarithmic,8192,fixed_ref,dirichlet_a20_19,1.7954107863669797,dirichlet_a20_19,157.88648942775845,0.01461964118368146,True,dirichlet_a20_19,0.43829657372764846,0.3361308959689129,1,True,True
quality_linear,1.0,1e+24,logarithmic,8192,mixture,dirichlet_a20_19,1.7954103074254835,dirichlet_a20_19,157.88648942775845,0.01461964118368146,True,dirichlet_a20_19,0.43829657372764846,0.3362399281331101,1,True,True
quality_linear,1.0,1e+24,logarithmic,32768,fixed_ref,dirichlet_a20_19,1.8037782366743038,dirichlet_a20_19,157.88648942775845,0.01461964118368146,True,dirichlet_a20_19,0.43829657372764846,0.36217413454285086,1,True,True
quality_linear,1.0,1e+24,logarithmic,32768,mixture,dirichlet_a20_19,1.8037778429871656,dirichlet_a20_19,157.88648942775845,0.01461964118368146,True,dirichlet_a20_19,0.43829657372764846,0.3622648499765111,1,True,True
quality_linear,1.0,1e+24,logarithmic,131072,fixed_ref,dirichlet_a20_19,1.8215163360162288,dirichlet_a20_19,157.88648942775845,0.01461964118368146,True,dirichlet_a20_19,0.43829657372764846,0.4176495258288553,1,True,True
quality_linear,1.0,1e+24,logarithmic,131072,mixture,dirichlet_a20_19,1.8215160646309858,dirichlet_a20_19,157.88648942775845,0.01461964118368146,True,dirichlet_a20_19,0.43829657372764846,0.4177130799318598,1,True,True
quality_linear,1.0,1e+24,power,2048,fixed_ref,dirichlet_a20_19,1.7926269129528813,dirichlet_a20_19,157.88648942775845,0.01461964118368146,True,dirichlet_a20_19,0.43829657372764846,0.33254169658660326,1,True,True
quality_linear,1.0,1e+24,power,2048,mixture,dirichlet_a20_19,1.7926267018260325,dirichlet_a20_19,157.88648942775845,0.01461964118368146,True,dirichlet_a20_19,0.43829657372764846,0.3325776680393562,1,True,True
quality_linear,1.0,1e+24,power,4096,fixed_ref,dirichlet_a20_19,1.7936083649016221,dirichlet_a20_19,157.88648942775845,0.01461964118368146,True,dirichlet_a20_19,0.43829657372764846,0.33548062015301294,1,True,True
quality_linear,1.0,1e+24,power,4096,mixture,dirichlet_a20_19,1.7936081588637887,dirichlet_a20_19,157.88648942775845,0.01461964118368146,True,dirichlet_a20_19,0.43829657372764846,0.33551588807816124,1,True,True
quality_linear,1.0,1e+24,power,8192,fixed_ref,dirichlet_a20_19,1.795430226001274,dirichlet_a20_19,157.88648942775845,0.01461964118368146,True,dirichlet_a20_19,0.43829657372764846,0.3409480142792096,1,True,True
quality_linear,1.0,1e+24,power,8192,mixture,dirichlet_a20_19,1.7954300289605694,dirichlet_a20_19,157.88648942775845,0.01461964118368146,True,dirichlet_a20_19,0.43829657372764846,0.34098201866020994,1,True,True
quality_linear,1.0,1e+24,power,32768,fixed_ref,dirichlet_a20_19,1.8037942194971635,dirichlet_a20_19,157.88648942775845,0.01461964118368146,True,dirichlet_a20_19,0.43829657372764846,0.36622415895067073,1,True,True
quality_linear,1.0,1e+24,power,32768,mixture,dirichlet_a20_19,1.803794057440114,dirichlet_a20_19,157.88648942775845,0.01461964118368146,True,dirichlet_a20_19,0.43829657372764846,0.36625302013977334,1,True,True
quality_linear,1.0,1e+24,power,131072,fixed_ref,dirichlet_a20_19,1.8215273574655353,dirichlet_a20_19,157.88648942775845,0.01461964118368146,True,dirichlet_a20_19,0.43829657372764846,0.4205292182696476,1,True,True
quality_linear,1.0,1e+24,power,131072,mixture,dirichlet_a20_19,1.8215272456834133,dirichlet_a20_19,157.88648942775845,0.01461964118368146,True,dirichlet_a20_19,0.43829657372764846,0.4205500232461148,1,True,True
quality_linear,2.0,1e+19,exponential,2048,fixed_ref,dirichlet_a20_19,1.9677182514594243,dirichlet_a20_19,24928.143543821683,0.00021373390833959505,True,dirichlet_a20_19,0.43829657372764846,5.059683447872259,1,True,True
quality_linear,2.0,1e+19,exponential,2048,mixture,dirichlet_a20_19,1.9677132305704745,dirichlet_a20_19,24928.143543821683,0.00021373390833959505,True,dirichlet_a20_19,0.43829657372764846,5.089027430363743,1,True,True
quality_linear,2.0,1e+19,exponential,4096,fixed_ref,dirichlet_a20_19,1.9703344028394887,dirichlet_a20_19,24928.143543821683,0.00021373390833959505,True,dirichlet_a20_19,0.43829657372764846,5.1080648377284685,1,True,True
quality_linear,2.0,1e+19,exponential,4096,mixture,dirichlet_a20_19,1.9703294958102753,dirichlet_a20_19,24928.143543821683,0.00021373390833959505,True,dirichlet_a20_19,0.43829657372764846,5.137689034497131,1,True,True
quality_linear,2.0,1e+19,exponential,8192,fixed_ref,dirichlet_a20_19,1.9751928906223082,dirichlet_a20_19,24928.143543821683,0.00021373390833959505,True,dirichlet_a20_19,0.43829657372764846,5.197869366575932,1,True,True
quality_linear,2.0,1e+19,exponential,8192,mixture,dirichlet_a20_19,1.975188187269365,dirichlet_a20_19,24928.143543821683,0.00021373390833959505,True,dirichlet_a20_19,0.43829657372764846,5.22801368348745,1,True,True
quality_linear,2.0,1e+19,exponential,32768,fixed_ref,dirichlet_a20_19,1.9975287355711724,dirichlet_a20_19,24928.143543821683,0.00021373390833959505,True,dirichlet_a20_19,0.43829657372764846,5.610075539181144,1,True,True
quality_linear,2.0,1e+19,exponential,32768,mixture,dirichlet_a20_19,1.9975248362887377,dirichlet_a20_19,24928.143543821683,0.00021373390833959505,True,dirichlet_a20_19,0.43829657372764846,5.6426075754003175,1,True,True
quality_linear,2.0,1e+19,exponential,131072,fixed_ref,dirichlet_a20_19,2.0450047478679982,dirichlet_a20_19,24928.143543821683,0.00021373390833959505,True,dirichlet_a20_19,0.43829657372764846,6.48372620626625,1,True,True
quality_linear,2.0,1e+19,exponential,131072,mixture,dirichlet_a20_19,2.0450020285113766,dirichlet_a20_19,24928.143543821683,0.00021373390833959505,True,dirichlet_a20_19,0.43829657372764846,6.521320170422724,1,True,True
quality_linear,2.0,1e+19,logarithmic,2048,fixed_ref,dirichlet_a20_19,1.9669960863221976,dirichlet_a20_19,24928.143543821683,0.00021373390833959505,True,dirichlet_a20_19,0.43829657372764846,5.060405613009486,1,True,True
quality_linear,2.0,1e+19,logarithmic,2048,mixture,dirichlet_a20_19,1.9669710436611965,dirichlet_a20_19,24928.143543821683,0.00021373390833959505,True,dirichlet_a20_19,0.43829657372764846,5.089769617273021,1,True,True
quality_linear,2.0,1e+19,logarithmic,4096,fixed_ref,dirichlet_a20_19,1.9696290139882144,dirichlet_a20_19,24928.143543821683,0.00021373390833959505,True,dirichlet_a20_19,0.43829657372764846,5.108770226579742,1,True,True
quality_linear,2.0,1e+19,logarithmic,4096,mixture,dirichlet_a20_19,1.969604563926836,dirichlet_a20_19,24928.143543821683,0.00021373390833959505,True,dirichlet_a20_19,0.43829657372764846,5.13841396638057,1,True,True
quality_linear,2.0,1e+19,logarithmic,8192,fixed_ref,dirichlet_a20_19,1.9745172741522854,dirichlet_a20_19,24928.143543821683,0.00021373390833959505,True,dirichlet_a20_19,0.43829657372764846,5.198544983045955,1,True,True
quality_linear,2.0,1e+19,logarithmic,8192,mixture,dirichlet_a20_19,1.9744938738505433,dirichlet_a20_19,24928.143543821683,0.00021373390833959505,True,dirichlet_a20_19,0.43829657372764846,5.228707996906273,1,True,True
quality_linear,2.0,1e+19,logarithmic,32768,fixed_ref,dirichlet_a20_19,1.9969699826085436,dirichlet_a20_19,24928.143543821683,0.00021373390833959505,True,dirichlet_a20_19,0.43829657372764846,5.610634292143773,1,True,True
quality_linear,2.0,1e+19,logarithmic,32768,mixture,dirichlet_a20_19,1.996950683705171,dirichlet_a20_19,24928.143543821683,0.00021373390833959505,True,dirichlet_a20_19,0.43829657372764846,5.643181727983885,1,True,True
quality_linear,2.0,1e+19,logarithmic,131072,fixed_ref,dirichlet_a20_19,2.044616457664235,dirichlet_a20_19,24928.143543821683,0.00021373390833959505,True,dirichlet_a20_19,0.43829657372764846,6.4841144964700135,1,True,True
quality_linear,2.0,1e+19,logarithmic,131072,mixture,dirichlet_a20_19,2.044603095533086,dirichlet_a20_19,24928.143543821683,0.00021373390833959505,True,dirichlet_a20_19,0.43829657372764846,6.521719103401015,1,True,True
quality_linear,2.0,1e+19,power,2048,fixed_ref,dirichlet_a20_19,1.9679951358790564,dirichlet_a20_19,24928.143543821683,0.00021373390833959505,True,dirichlet_a20_19,0.43829657372764846,5.059406563452627,1,True,True
quality_linear,2.0,1e+19,power,2048,mixture,dirichlet_a20_19,1.9679851728897975,dirichlet_a20_19,24928.143543821683,0.00021373390833959505,True,dirichlet_a20_19,0.43829657372764846,5.08875548804442,1,True,True
quality_linear,2.0,1e+19,power,4096,fixed_ref,dirichlet_a20_19,1.9706050020737444,dirichlet_a20_19,24928.143543821683,0.00021373390833959505,True,dirichlet_a20_19,0.43829657372764846,5.107794238494212,1,True,True
quality_linear,2.0,1e+19,power,4096,mixture,dirichlet_a20_19,1.970595263672023,dirichlet_a20_19,24928.143543821683,0.00021373390833959505,True,dirichlet_a20_19,0.43829657372764846,5.137423266635383,1,True,True
quality_linear,2.0,1e+19,power,8192,fixed_ref,dirichlet_a20_19,1.9754523153842884,dirichlet_a20_19,24928.143543821683,0.00021373390833959505,True,dirichlet_a20_19,0.43829657372764846,5.197609941813952,1,True,True
quality_linear,2.0,1e+19,power,8192,mixture,dirichlet_a20_19,1.975442977859473,dirichlet_a20_19,24928.143543821683,0.00021373390833959505,True,dirichlet_a20_19,0.43829657372764846,5.227758892897343,1,True,True
quality_linear,2.0,1e+19,power,32768,fixed_ref,dirichlet_a20_19,1.9977440660886072,dirichlet_a20_19,24928.143543821683,0.00021373390833959505,True,dirichlet_a20_19,0.43829657372764846,5.60986020866371,1,True,True
quality_linear,2.0,1e+19,power,32768,mixture,dirichlet_a20_19,1.9977363084267807,dirichlet_a20_19,24928.143543821683,0.00021373390833959505,True,dirichlet_a20_19,0.43829657372764846,5.642396103262275,1,True,True
quality_linear,2.0,1e+19,power,131072,fixed_ref,dirichlet_a20_19,2.0451551139850377,dirichlet_a20_19,24928.143543821683,0.00021373390833959505,True,dirichlet_a20_19,0.43829657372764846,6.483575840149211,1,True,True
quality_linear,2.0,1e+19,power,131072,mixture,dirichlet_a20_19,2.0451496901058075,dirichlet_a20_19,24928.143543821683,0.00021373390833959505,True,dirichlet_a20_19,0.43829657372764846,6.521172508828293,1,True,True
quality_linear,2.0,1e+22,exponential,2048,fixed_ref,dirichlet_a20_19,1.7856550128043733,dirichlet_a20_19,24928.143543821683,0.00021373390833959505,True,dirichlet_a20_19,0.43829657372764846,1.7475672095397035,1,True,True
quality_linear,2.0,1e+22,exponential,2048,mixture,dirichlet_a20_19,1.7856549327582532,dirichlet_a20_19,24928.143543821683,0.00021373390833959505,True,dirichlet_a20_19,0.43829657372764846,1.7529135867738563,1,True,True
quality_linear,2.0,1e+22,exponential,4096,fixed_ref,dirichlet_a20_19,1.7865702474458556,dirichlet_a20_19,24928.143543821683,0.00021373390833959505,True,dirichlet_a20_19,0.43829657372764846,1.7632724509223139,1,True,True
quality_linear,2.0,1e+22,exponential,4096,mixture,dirichlet_a20_19,1.7865701693303957,dirichlet_a20_19,24928.143543821683,0.00021373390833959505,True,dirichlet_a20_19,0.43829657372764846,1.768415712226322,1,True,True
quality_linear,2.0,1e+22,exponential,8192,fixed_ref,dirichlet_a20_19,1.7882691697497557,dirichlet_a20_19,24928.143543821683,0.00021373390833959505,True,dirichlet_a20_19,0.43829657372764846,1.7922570693050894,1,True,True
quality_linear,2.0,1e+22,exponential,8192,mixture,dirichlet_a20_19,1.7882690950474327,dirichlet_a20_19,24928.143543821683,0.00021373390833959505,True,dirichlet_a20_19,0.43829657372764846,1.7970586698819009,1,True,True
quality_linear,2.0,1e+22,exponential,32768,fixed_ref,dirichlet_a20_19,1.796068473423365,dirichlet_a20_19,24928.143543821683,0.00021373390833959505,True,dirichlet_a20_19,0.43829657372764846,1.9231488663993637,1,True,True
quality_linear,2.0,1e+22,exponential,32768,mixture,dirichlet_a20_19,1.7960684120120345,dirichlet_a20_19,24928.143543821683,0.00021373390833959505,True,dirichlet_a20_19,0.43829657372764846,1.9267891011464575,1,True,True
quality_linear,2.0,1e+22,exponential,131072,fixed_ref,dirichlet_a20_19,1.8126032703813226,dirichlet_a20_19,24928.143543821683,0.00021373390833959505,True,dirichlet_a20_19,0.43829657372764846,2.193481792493052,1,True,True
quality_linear,2.0,1e+22,exponential,131072,mixture,dirichlet_a20_19,1.8126032280271778,dirichlet_a20_19,24928.143543821683,0.00021373390833959505,True,dirichlet_a20_19,0.43829657372764846,2.1957670347826985,1,True,True
quality_linear,2.0,1e+22,logarithmic,2048,fixed_ref,dirichlet_a20_19,1.785643639913324,dirichlet_a20_19,24928.143543821683,0.00021373390833959505,True,dirichlet_a20_19,0.43829657372764846,1.7526796287786044,1,True,True
quality_linear,2.0,1e+22,logarithmic,2048,mixture,dirichlet_a20_19,1.7856432504577024,dirichlet_a20_19,24928.143543821683,0.00021373390833959505,True,dirichlet_a20_19,0.43829657372764846,1.7628407246654714,1,True,True
quality_linear,2.0,1e+22,logarithmic,4096,fixed_ref,dirichlet_a20_19,1.7865591489388752,dirichlet_a20_19,24928.143543821683,0.00021373390833959505,True,dirichlet_a20_19,0.43829657372764846,1.7694256521520761,1,True,True
quality_linear,2.0,1e+22,logarithmic,4096,mixture,dirichlet_a20_19,1.7865587689330955,dirichlet_a20_19,24928.143543821683,0.00021373390833959505,True,dirichlet_a20_19,0.43829657372764846,1.7796838178626724,1,True,True
quality_linear,2.0,1e+22,logarithmic,8192,fixed_ref,dirichlet_a20_19,1.7882585565623768,dirichlet_a20_19,24928.143543821683,0.00021373390833959505,True,dirichlet_a20_19,0.43829657372764846,1.8005100639397174,1,True,True
quality_linear,2.0,1e+22,logarithmic,8192,mixture,dirichlet_a20_19,1.7882581932518775,dirichlet_a20_19,24928.143543821683,0.00021373390833959505,True,dirichlet_a20_19,0.43829657372764846,1.8109484121161055,1,True,True
quality_linear,2.0,1e+22,logarithmic,32768,fixed_ref,dirichlet_a20_19,1.7960597487663617,dirichlet_a20_19,24928.143543821683,0.00021373390833959505,True,dirichlet_a20_19,0.43829657372764846,1.9432000005406598,1,True,True
quality_linear,2.0,1e+22,logarithmic,32768,mixture,dirichlet_a20_19,1.7960594501322842,dirichlet_a20_19,24928.143543821683,0.00021373390833959505,True,dirichlet_a20_19,0.43829657372764846,1.954465487814758,1,True,True
quality_linear,2.0,1e+22,logarithmic,131072,fixed_ref,dirichlet_a20_19,1.81259725487577,dirichlet_a20_19,24928.143543821683,0.00021373390833959505,True,dirichlet_a20_19,0.43829657372764846,2.198845116660865,1,True,True
quality_linear,2.0,1e+22,logarithmic,131072,mixture,dirichlet_a20_19,1.8125970490191232,dirichlet_a20_19,24928.143543821683,0.00021373390833959505,True,dirichlet_a20_19,0.43829657372764846,2.205741655058258,1,True,True
quality_linear,2.0,1e+22,power,2048,fixed_ref,dirichlet_a20_19,1.7856594466504128,dirichlet_a20_19,24928.143543821683,0.00021373390833959505,True,dirichlet_a20_19,0.43829657372764846,1.7526638220415156,1,True,True
quality_linear,2.0,1e+22,power,2048,mixture,dirichlet_a20_19,1.7856592864097565,dirichlet_a20_19,24928.143543821683,0.00021373390833959505,True,dirichlet_a20_19,0.43829657372764846,1.7628246887134174,1,True,True
quality_linear,2.0,1e+22,power,4096,fixed_ref,dirichlet_a20_19,1.7865745744651051,dirichlet_a20_19,24928.143543821683,0.00021373390833959505,True,dirichlet_a20_19,0.43829657372764846,1.7694102266258462,1,True,True
quality_linear,2.0,1e+22,power,4096,mixture,dirichlet_a20_19,1.7865744180882313,dirichlet_a20_19,24928.143543821683,0.00021373390833959505,True,dirichlet_a20_19,0.43829657372764846,1.7796681687075366,1,True,True
quality_linear,2.0,1e+22,power,8192,fixed_ref,dirichlet_a20_19,1.7882733076521609,dirichlet_a20_19,24928.143543821683,0.00021373390833959505,True,dirichlet_a20_19,0.43829657372764846,1.8004953128499332,1,True,True
quality_linear,2.0,1e+22,power,8192,mixture,dirichlet_a20_19,1.7882731581060736,dirichlet_a20_19,24928.143543821683,0.00021373390833959505,True,dirichlet_a20_19,0.43829657372764846,1.8109334472619094,1,True,True
quality_linear,2.0,1e+22,power,32768,fixed_ref,dirichlet_a20_19,1.7960718760573922,dirichlet_a20_19,24928.143543821683,0.00021373390833959505,True,dirichlet_a20_19,0.43829657372764846,1.9431878732496297,1,True,True
quality_linear,2.0,1e+22,power,32768,mixture,dirichlet_a20_19,1.79607175310296,dirichlet_a20_19,24928.143543821683,0.00021373390833959505,True,dirichlet_a20_19,0.43829657372764846,1.953081509380394,1,True,True
quality_linear,2.0,1e+22,power,131072,fixed_ref,dirichlet_a20_19,1.812605616539914,dirichlet_a20_19,24928.143543821683,0.00021373390833959505,True,dirichlet_a20_19,0.43829657372764846,2.232335968175292,1,True,True
quality_linear,2.0,1e+22,power,131072,mixture,dirichlet_a20_19,1.8126055317424257,dirichlet_a20_19,24928.143543821683,0.00021373390833959505,True,dirichlet_a20_19,0.43829657372764846,2.237562900958773,1,True,True
quality_linear,2.0,1e+24,exponential,2048,fixed_ref,dirichlet_a20_19,1.7370624328962956,dirichlet_a20_19,24928.143543821683,0.00021373390833959505,True,dirichlet_a20_19,0.43829657372764846,0.8174707194758719,1,True,True
quality_linear,2.0,1e+24,exponential,2048,mixture,dirichlet_a20_19,1.7370624279530418,dirichlet_a20_19,24928.143543821683,0.00021373390833959505,True,dirichlet_a20_19,0.43829657372764846,0.8177104242493654,1,True,True
quality_linear,2.0,1e+24,exponential,4096,fixed_ref,dirichlet_a20_19,1.737513981215727,dirichlet_a20_19,24928.143543821683,0.00021373390833959505,True,dirichlet_a20_19,0.43829657372764846,0.8245472135878347,1,True,True
quality_linear,2.0,1e+24,exponential,4096,mixture,dirichlet_a20_19,1.7375139763924254,dirichlet_a20_19,24928.143543821683,0.00021373390833959505,True,dirichlet_a20_19,0.43829657372764846,0.8247806418801926,1,True,True
quality_linear,2.0,1e+24,exponential,8192,fixed_ref,dirichlet_a20_19,1.7383521599389973,dirichlet_a20_19,24928.143543821683,0.00021373390833959505,True,dirichlet_a20_19,0.43829657372764846,0.8376722260629277,1,True,True
quality_linear,2.0,1e+24,exponential,8192,mixture,dirichlet_a20_19,1.7383521553264512,dirichlet_a20_19,24928.143543821683,0.00021373390833959505,True,dirichlet_a20_19,0.43829657372764846,0.8378945978858425,1,True,True
quality_linear,2.0,1e+24,exponential,32768,fixed_ref,dirichlet_a20_19,1.742199777555051,dirichlet_a20_19,24928.143543821683,0.00021373390833959505,True,dirichlet_a20_19,0.43829657372764846,0.8977599129386078,1,True,True
quality_linear,2.0,1e+24,exponential,32768,mixture,dirichlet_a20_19,1.7421997737641846,dirichlet_a20_19,24928.143543821683,0.00021373390833959505,True,dirichlet_a20_19,0.43829657372764846,0.8979398978374951,1,True,True
quality_linear,2.0,1e+24,exponential,131072,fixed_ref,dirichlet_a20_19,1.7503559506177622,dirichlet_a20_19,24928.143543821683,0.00021373390833959505,True,dirichlet_a20_19,0.43829657372764846,1.0244024232505011,1,True,True
quality_linear,2.0,1e+24,exponential,131072,mixture,dirichlet_a20_19,1.7503559480050574,dirichlet_a20_19,24928.143543821683,0.00021373390833959505,True,dirichlet_a20_19,0.43829657372764846,1.0245233297414305,1,True,True
quality_linear,2.0,1e+24,logarithmic,2048,fixed_ref,dirichlet_a20_19,1.7370617308679968,dirichlet_a20_19,24928.143543821683,0.00021373390833959505,True,dirichlet_a20_19,0.43829657372764846,0.7994586218737101,1,True,True
quality_linear,2.0,1e+24,logarithmic,2048,mixture,dirichlet_a20_19,1.7370617068458716,dirichlet_a20_19,24928.143543821683,0.00021373390833959505,True,dirichlet_a20_19,0.43829657372764846,0.8006237758435544,1,True,True
quality_linear,2.0,1e+24,logarithmic,4096,fixed_ref,dirichlet_a20_19,1.7375132962235693,dirichlet_a20_19,24928.143543821683,0.00021373390833959505,True,dirichlet_a20_19,0.43829657372764846,0.8062559143854775,1,True,True
quality_linear,2.0,1e+24,logarithmic,4096,mixture,dirichlet_a20_19,1.737513272784418,dirichlet_a20_19,24928.143543821683,0.00021373390833959505,True,dirichlet_a20_19,0.43829657372764846,0.8074017586998505,1,True,True
quality_linear,2.0,1e+24,logarithmic,8192,fixed_ref,dirichlet_a20_19,1.7383515048790523,dirichlet_a20_19,24928.143543821683,0.00021373390833959505,True,dirichlet_a20_19,0.43829657372764846,0.8189097678031547,1,True,True
quality_linear,2.0,1e+24,logarithmic,8192,mixture,dirichlet_a20_19,1.7383514824641721,dirichlet_a20_19,24928.143543821683,0.00021373390833959505,True,dirichlet_a20_19,0.43829657372764846,0.8200206423884031,1,True,True
quality_linear,2.0,1e+24,logarithmic,32768,fixed_ref,dirichlet_a20_19,1.742199239191626,dirichlet_a20_19,24928.143543821683,0.00021373390833959505,True,dirichlet_a20_19,0.43829657372764846,0.8775468733462168,1,True,True
quality_linear,2.0,1e+24,logarithmic,32768,mixture,dirichlet_a20_19,1.742199220770018,dirichlet_a20_19,24928.143543821683,0.00021373390833959505,True,dirichlet_a20_19,0.43829657372764846,0.8785112398079971,1,True,True
quality_linear,2.0,1e+24,logarithmic,131072,fixed_ref,dirichlet_a20_19,1.7503555795756671,dirichlet_a20_19,24928.143543821683,0.00021373390833959505,True,dirichlet_a20_19,0.43829657372764846,1.0041791309650503,1,True,True
quality_linear,2.0,1e+24,logarithmic,131072,mixture,dirichlet_a20_19,1.7503555668795534,dirichlet_a20_19,24928.143543821683,0.00021373390833959505,True,dirichlet_a20_19,0.43829657372764846,1.0048995046202265,1,True,True
quality_linear,2.0,1e+24,power,2048,fixed_ref,dirichlet_a20_19,1.7370627068083433,dirichlet_a20_19,24928.143543821683,0.00021373390833959505,True,dirichlet_a20_19,0.43829657372764846,0.8314030183255681,1,True,True
quality_linear,2.0,1e+24,power,2048,mixture,dirichlet_a20_19,1.7370626969073129,dirichlet_a20_19,24928.143543821683,0.00021373390833959505,True,dirichlet_a20_19,0.43829657372764846,0.8318593664770246,1,True,True
quality_linear,2.0,1e+24,power,4096,fixed_ref,dirichlet_a20_19,1.737514248481177,dirichlet_a20_19,24928.143543821683,0.00021373390833959505,True,dirichlet_a20_19,0.43829657372764846,0.8384275532571941,1,True,True
quality_linear,2.0,1e+24,power,4096,mixture,dirichlet_a20_19,1.7375142388203952,dirichlet_a20_19,24928.143543821683,0.00021373390833959505,True,dirichlet_a20_19,0.43829657372764846,0.8388701734295141,1,True,True
quality_linear,2.0,1e+24,power,8192,fixed_ref,dirichlet_a20_19,1.7383524155264256,dirichlet_a20_19,24928.143543821683,0.00021373390833959505,True,dirichlet_a20_19,0.43829657372764846,0.8514359084568963,1,True,True
quality_linear,2.0,1e+24,power,8192,mixture,dirichlet_a20_19,1.7383524062877596,dirichlet_a20_19,24928.143543821683,0.00021373390833959505,True,dirichlet_a20_19,0.43829657372764846,0.8518545140086371,1,True,True
quality_linear,2.0,1e+24,power,32768,fixed_ref,dirichlet_a20_19,1.7421999876127225,dirichlet_a20_19,24928.143543821683,0.00021373390833959505,True,dirichlet_a20_19,0.43829657372764846,0.9106738930602623,1,True,True
quality_linear,2.0,1e+24,power,32768,mixture,dirichlet_a20_19,1.7421999800197898,dirichlet_a20_19,24928.143543821683,0.00021373390833959505,True,dirichlet_a20_19,0.43829657372764846,0.9110024374433652,1,True,True
quality_linear,2.0,1e+24,power,131072,fixed_ref,dirichlet_a20_19,1.7503560953922561,dirichlet_a20_19,24928.143543821683,0.00021373390833959505,True,dirichlet_a20_19,0.43829657372764846,1.0340440886542763,1,True,True
quality_linear,2.0,1e+24,power,131072,mixture,dirichlet_a20_19,1.7503560901590882,dirichlet_a20_19,24928.143543821683,0.00021373390833959505,True,dirichlet_a20_19,0.43829657372764846,1.0342529460768568,1,True,True
