C,ell,cost_form,Q0_mode,budget_rel_residual,D_recomputed_vs_reported_rel,share_train,share_attn,share_quality,share_unused,share_sum,share_train_plus_attn_ratio_attn_over_train,attn_share_formula_check,Q_ge_Q0,Q_le_upper,pass_budget,pass_share_sum,pass_attn_formula
1e+19,2048,exponential,fixed_ref,0.0,0.0,0.7959380306816551,0.05433603622786766,0.14972593309047716,0.0,1.0,0.06826666666666667,0.0,True,True,True,True,True
1e+19,2048,exponential,mixture,0.0,0.0,0.8064009659989457,0.055050305945528025,0.13854872805552626,0.0,1.0,0.06826666666666666,1.3877787807814457e-17,True,True,True,True,True
1e+19,4096,exponential,fixed_ref,0.0,0.0,0.7473038597376824,0.10203188698285158,0.15066425327946587,2.048e-16,1.0,0.13653333333333334,0.0,True,True,True,True,True
1e+19,4096,exponential,mixture,0.0,0.0,0.7567071849029139,0.10331575431207785,0.13997706078500818,2.048e-16,1.0,0.13653333333333334,0.0,True,True,True,True,True
1e+19,8192,exponential,fixed_ref,0.0,0.0,0.665999019559207,0.1818621322743008,0.15213884816649229,-2.048e-16,1.0,0.2730666666666666,5.551115123125783e-17,True,True,True,True,True
1e+19,8192,exponential,mixture,0.0,0.0,0.6737105097395192,0.18396788319287136,0.1423216070676095,0.0,1.0,0.2730666666666666,5.551115123125783e-17,True,True,True,True,True
1e+19,32768,exponential,fixed_ref,0.0,0.0,0.40342295495708874,0.44064544626779617,0.15593159877511523,0.0,1.0000000000000002,1.0922666666666667,0.0,True,True,True,True,True
1e+19,32768,exponential,mixture,0.0,0.0,0.4067319040744395,0.44425970109037444,0.14900839483518608,0.0,1.0,1.0922666666666667,0.0,True,True,True,True,True
1e+19,131072,exponential,fixed_ref,0.0,0.0,0.15727620252522634,0.6871502139128822,0.15557358356189152,0.0,1.0,4.369066666666667,0.0,True,True,True,True,True
1e+19,131072,exponential,mixture,0.0,0.0,0.15798216955073266,0.6902346309117878,0.15178319953747949,0.0,1.0,4.369066666666668,8.881784197001252e-16,True,True,True,True,True
1e+19,2048,power,fixed_ref,0.0,0.0,0.8542456979959607,0.05831650631652425,0.08743779568751503,0.0,1.0,0.06826666666666666,1.3877787807814457e-17,True,True,True,True,True
1e+19,2048,power,mixture,0.0,0.0,0.8924535770945222,0.060924830862986064,0.04662159204249166,0.0,0.9999999999999999,0.06826666666666668,1.3877787807814457e-17,True,True,True,True,True
1e+19,4096,power,fixed_ref,0.0,0.0,0.7978061168498995,0.10892712848723962,0.09326675466286082,0.0,1.0,0.13653333333333334,0.0,True,True,True,True,True
1e+19,4096,power,mixture,0.0,0.0,0.8309845368470684,0.11345708876418642,0.05555837438874508,2.048e-16,1.0000000000000002,0.13653333333333334,0.0,True,True,True,True,True
1e+19,8192,power,fixed_ref,0.0,0.0,0.7046393344218804,0.19241351425280148,0.10294715132531806,0.0,1.0,0.2730666666666667,0.0,True,True,True,True,True
1e+19,8192,power,mixture,0.0,0.0,0.730414838528561,0.19945194524086574,0.07013321623057336,0.0,1.0000000000000002,0.2730666666666667,0.0,True,True,True,True,True
1e+19,32768,power,fixed_ref,0.0,0.0,0.4137649419509069,0.4519416539282439,0.13429340412084936,-2.048e-16,1.0,1.0922666666666667,0.0,True,True,True,True,True
1e+19,32768,power,mixture,0.0,0.0,0.42308254554521185,0.4621189617475167,0.11479849270727142,0.0,1.0,1.0922666666666667,0.0,True,True,True,True,True
1e+19,131072,power,fixed_ref,0.0,0.0,0.15522985514610843,0.6782095857903576,0.16656055906353415,-2.048e-16,1.0,4.369066666666668,8.881784197001252e-16,True,True,True,True,True
1e+19,131072,power,mixture,0.0,0.0,0.1568761878739531,0.6854025232338261,0.1577212888922208,0.0,1.0,4.369066666666667,0.0,True,True,True,True,True
1e+19,2048,logarithmic,fixed_ref,0.0,0.0,0.5807572302788601,0.039646360253703515,0.3795964094674364,0.0,1.0,0.06826666666666667,0.0,True,True,True,True,True
1e+19,2048,logarithmic,mixture,0.0,0.0,0.5893007383478899,0.04022959707121595,0.37046966458089425,0.0,1.0,0.06826666666666667,0.0,True,True,True,True,True
1e+19,4096,logarithmic,fixed_ref,0.0,0.0,0.5507053950070423,0.0751896432649615,0.37410496172799623,0.0,1.0,0.1365333333333333,2.7755575615628914e-17,True,True,True,True,True
1e+19,4096,logarithmic,mixture,0.0,0.0,0.5587380005033332,0.07628636166872177,0.364975637827945,0.0,1.0,0.13653333333333334,0.0,True,True,True,True,True
1e+19,8192,logarithmic,fixed_ref,0.0,0.0,0.4996792930910386,0.13644575896672628,0.36387494794223524,0.0,1.0,0.2730666666666667,0.0,True,True,True,True,True
1e+19,8192,logarithmic,mixture,0.0,0.0,0.5067655021300004,0.13838076644829878,0.354853731421701,-2.048e-16,1.0,0.2730666666666667,0.0,True,True,True,True,True
1e+19,32768,logarithmic,fixed_ref,0.0,1.1259614875489306e-16,0.32498337379955394,0.3549685064221262,0.32004811977831993,0.0,1.0,1.092266666666667,2.220446049250313e-16,True,True,True,True,True
1e+19,32768,logarithmic,mixture,0.0,0.0,0.32918115396727354,0.35955360177332063,0.31126524425940577,0.0,1.0,1.0922666666666667,0.0,True,True,True,True,True
1e+19,131072,logarithmic,fixed_ref,0.0,0.0,0.14123342355043728,0.6170582430534305,0.2417083333961322,0.0,0.9999999999999999,4.369066666666667,0.0,True,True,True,True,True
1e+19,131072,logarithmic,mixture,0.0,0.0,0.14272164002346174,0.623560360038506,0.23371799993803244,-2.048e-16,1.0,4.369066666666667,0.0,True,True,True,True,True
1e+22,2048,exponential,fixed_ref,0.0,0.0,0.8447130252193149,0.05766574252163857,0.09762123225904655,0.0,1.0,0.06826666666666667,0.0,True,True,True,True,True
1e+22,2048,exponential,mixture,0.0,0.0,0.8450291460275173,0.057687323035478515,0.0972835309370043,-2.097152e-16,1.0,0.06826666666666667,0.0,True,True,True,True,True
1e+22,4096,exponential,fixed_ref,0.0,0.0,0.7962919064404883,0.10872038829267468,0.09498770526683695,0.0,1.0,0.13653333333333334,0.0,True,True,True,True,True
1e+22,4096,exponential,mixture,0.0,0.0,0.7965818643235412,0.10875997720897417,0.09465815846748475,0.0,1.0,0.13653333333333334,0.0,True,True,True,True,True
1e+22,8192,exponential,fixed_ref,0.0,0.0,0.7146181359004318,0.19513839230987795,0.09024347178969029,0.0,1.0,0.27306666666666674,5.551115123125783e-17,True,True,True,True,True
1e+22,8192,exponential,mixture,0.0,0.0,0.7148653522293064,0.1952058988487493,0.08992874892194415,2.097152e-16,1.0,0.27306666666666674,5.551115123125783e-17,True,True,True,True,True
1e+22,32768,exponential,fixed_ref,0.0,1.6634152594612464e-16,0.4436433413381955,0.4845768336323329,0.07177982502947164,0.0,1.0,1.0922666666666665,2.220446049250313e-16,True,True,True,True,True
1e+22,32768,exponential,mixture,0.0,0.0,0.44376540684240795,0.48471016171373416,0.07152443144385785,0.0,1.0,1.0922666666666667,0.0,True,True,True,True,True
1e+22,131072,exponential,fixed_ref,0.0,0.0,0.17778196913911398,0.7767412753000649,0.04547675556082129,-2.097152e-16,1.0,4.369066666666666,8.881784197001252e-16,True,True,True,True,True
1e+22,131072,exponential,mixture,0.0,0.0,0.17781691363425675,0.7768939501289768,0.04528913623676661,-2.097152e-16,1.0,4.369066666666667,0.0,True,True,True,True,True
1e+22,2048,power,fixed_ref,0.0,0.0,0.8276987226605013,0.056504232800290224,0.11579704453920853,0.0,1.0,0.06826666666666667,0.0,True,True,True,True,True
1e+22,2048,power,mixture,0.0,0.0,0.8282748953581418,0.05654356618978248,0.11518153845207574,0.0,1.0,0.06826666666666667,0.0,True,True,True,True,True
1e+22,4096,power,fixed_ref,0.0,0.0,0.7806554887079689,0.10658549605826136,0.1127590152337698,0.0,1.0,0.13653333333333334,0.0,True,True,True,True,True
1e+22,4096,power,mixture,0.0,0.0,0.781184647084498,0.10665774381527014,0.11215760910023184,0.0,1.0,0.13653333333333337,2.7755575615628914e-17,True,True,True,True,True
1e+22,8192,power,fixed_ref,0.0,0.0,0.701180898032932,0.19146913055619263,0.10734997141087539,0.0,1.0,0.2730666666666667,0.0,True,True,True,True,True
1e+22,8192,power,mixture,0.0,0.0,0.701633371243971,0.191592685907687,0.10677394284834238,-4.194304e-16,0.9999999999999998,0.2730666666666667,0.0,True,True,True,True,True
1e+22,32768,power,fixed_ref,0.0,0.0,0.4368350434310975,0.47714035677167344,0.0860245997972291,0.0,1.0,1.0922666666666667,0.0,True,True,True,True,True
1e+22,32768,power,mixture,0.0,0.0,0.43706090655198376,0.4773870595298468,0.08555203391816953,0.0,1.0,1.0922666666666667,0.0,True,True,True,True,True
1e+22,131072,power,fixed_ref,0.0,0.0,0.175981861961743,0.7688764870349862,0.055141651003270946,-2.097152e-16,1.0,4.369066666666668,8.881784197001252e-16,True,True,True,True,True
1e+22,131072,power,mixture,0.0,0.0,0.17604491610029502,0.7691519747699288,0.054803109129776324,-2.097152e-16,1.0,4.369066666666666,8.881784197001252e-16,True,True,True,True,True
1e+22,2048,logarithmic,fixed_ref,0.0,0.0,0.8959938451068744,0.06116651315929595,0.04283964173382965,0.0,1.0,0.06826666666666666,1.3877787807814457e-17,True,True,True,True,True
1e+22,2048,logarithmic,mixture,0.0,0.0,0.8979954062520585,0.0613031530668072,0.04070144068113431,0.0,1.0,0.06826666666666667,0.0,True,True,True,True,True
1e+22,4096,logarithmic,fixed_ref,0.0,0.0,0.843329661453557,0.11514260977712563,0.04152772876931721,2.097152e-16,1.0,0.1365333333333333,2.7755575615628914e-17,True,True,True,True,True
1e+22,4096,logarithmic,mixture,0.0,0.0,0.8451393759239394,0.11538969612614854,0.03947092794991206,0.0,1.0,0.13653333333333334,0.0,True,True,True,True,True
1e+22,8192,logarithmic,fixed_ref,0.0,0.0,0.7546850925948908,0.20607934261791158,0.03923556478719766,0.0,1.0,0.27306666666666674,5.551115123125783e-17,True,True,True,True,True
1e+22,8192,logarithmic,mixture,0.0,0.0,0.7562288607317752,0.20650089423715676,0.037270245031068155,-2.097152e-16,1.0,0.2730666666666667,0.0,True,True,True,True,True
1e+22,32768,logarithmic,fixed_ref,0.0,0.0,0.4633887202026978,0.5061440527867334,0.030467227010568986,-2.097152e-16,1.0,1.0922666666666667,0.0,True,True,True,True,True
1e+22,32768,logarithmic,mixture,0.0,0.0,0.4641310401554597,0.5069548641271368,0.028914095717403564,-2.097152e-16,0.9999999999999998,1.0922666666666667,0.0,True,True,True,True,True
1e+22,131072,logarithmic,fixed_ref,0.0,0.0,0.18277881955480235,0.7985728478895684,0.01864833255562935,0.0,1.0,4.369066666666666,8.881784197001252e-16,True,True,True,True,True
1e+22,131072,logarithmic,mixture,0.0,0.0,0.1829595141811338,0.7993623147583189,0.017678171060547566,-2.097152e-16,1.0,4.369066666666666,8.881784197001252e-16,True,True,True,True,True
1e+24,2048,exponential,fixed_ref,0.0,0.0,0.9222774797184193,0.06296080928211077,0.01476171099946995,0.0,1.0,0.06826666666666668,1.3877787807814457e-17,True,True,True,True,True
1e+24,2048,exponential,mixture,0.0,0.0,0.9223363155961005,0.06296482581136047,0.01469885859253889,1.3421772800000001e-16,1.0,0.06826666666666667,0.0,True,True,True,True,True
1e+24,4096,exponential,fixed_ref,0.0,0.0,0.8673014697806731,0.11841556067405458,0.014282969545272313,0.0,1.0,0.13653333333333334,0.0,True,True,True,True,True
1e+24,4096,exponential,mixture,0.0,0.0,0.867355004018966,0.11842286988205615,0.014222126098977871,0.0,1.0,0.1365333333333333,2.7755575615628914e-17,True,True,True,True,True
1e+24,8192,exponential,fixed_ref,0.0,0.0,0.774946957130586,0.21161218242712537,0.013440860442288824,-2.6843545600000003e-16,1.0,0.2730666666666667,0.0,True,True,True,True,True
1e+24,8192,exponential,mixture,0.0,0.0,0.7749868741888996,0.21162308244518216,0.013390043365918158,1.3421772800000001e-16,1.0,0.2730666666666666,5.551115123125783e-17,True,True,True,True,True
1e+24,32768,exponential,fixed_ref,0.0,0.0,0.4730231184811492,0.5166673848796766,0.010309496639174374,0.0,1.0000000000000002,1.0922666666666667,0.0,True,True,True,True,True
1e+24,32768,exponential,mixture,1.3421772800000001e-16,0.0,0.47304419289022914,0.5166904037542343,0.010265403355536513,1.3421772800000001e-16,1.0,1.0922666666666665,2.220446049250313e-16,True,True,True,True,True
1e+24,131072,exponential,fixed_ref,0.0,0.0,0.18509698587124762,0.8087010710705389,0.00620194305821353,0.0,1.0,4.369066666666667,0.0,True,True,True,True,True
1e+24,131072,exponential,mixture,0.0,0.0,0.18510194670861807,0.8087227452997331,0.00617530799164908,-1.3421772800000001e-16,1.0,4.369066666666668,8.881784197001252e-16,True,True,True,True,True
1e+24,2048,power,fixed_ref,0.0,0.0,0.9191028726874685,0.06274408944213118,0.018153037870400145,1.3421772800000001e-16,0.9999999999999999,0.06826666666666667,0.0,True,True,True,True,True
1e+24,2048,power,mixture,0.0,0.0,0.9192112591376088,0.0627514886237941,0.018037252238597205,-1.3421772800000001e-16,1.0,0.06826666666666667,0.0,True,True,True,True,True
1e+24,4096,power,fixed_ref,0.0,0.0,0.8644051341248514,0.11802011431251305,0.017574751562635656,-1.3421772800000001e-16,0.9999999999999999,0.13653333333333334,0.0,True,True,True,True,True
1e+24,4096,power,mixture,0.0,0.0,0.8645112365089523,0.11803460082468896,0.017454162666358655,0.0,1.0,0.13653333333333334,0.0,True,True,True,True,True
1e+24,8192,power,fixed_ref,0.0,0.0,0.7725048603251911,0.21094532719279882,0.016549812482010106,1.3421772800000001e-16,1.0000000000000002,0.2730666666666666,5.551115123125783e-17,True,True,True,True,True
1e+24,8192,power,mixture,0.0,0.0,0.7725941517595282,0.2109697097071352,0.016436138533336413,2.6843545600000003e-16,0.9999999999999999,0.2730666666666667,0.0,True,True,True,True,True
1e+24,32768,power,fixed_ref,0.0,0.0,0.47187597139068826,0.5154143943510024,0.012709634258309219,0.0,0.9999999999999999,1.0922666666666667,0.0,True,True,True,True,True
1e+24,32768,power,mixture,0.0,0.0,0.4719178569934648,0.5154601445987286,0.012621998407806667,0.0,1.0,1.092266666666667,2.220446049250313e-16,True,True,True,True,True
1e+24,131072,power,fixed_ref,0.0,0.0,0.184824599733012,0.8075109978735115,0.007664402393476445,0.0,1.0,4.369066666666667,0.0,True,True,True,True,True
1e+24,131072,power,mixture,0.0,0.0,0.1848344927014447,0.8075542209121253,0.007611286386430185,-1.3421772800000001e-16,1.0,4.369066666666666,8.881784197001252e-16,True,True,True,True,True
1e+24,2048,logarithmic,fixed_ref,0.0,0.0,0.930653223690949,0.0635325934039688,0.005814182905082127,0.0,1.0,0.06826666666666668,1.3877787807814457e-17,True,True,True,True,True
1e+24,2048,logarithmic,mixture,0.0,0.0,0.9309449144476175,0.06355250615962402,0.005502579392758477,0.0,1.0,0.06826666666666666,1.3877787807814457e-17,True,True,True,True,True
1e+24,4096,logarithmic,fixed_ref,0.0,0.0,0.8749226725120007,0.11945610888697183,0.005621218601027588,0.0,1.0000000000000002,0.13653333333333334,0.0,True,True,True,True,True
1e+24,4096,logarithmic,mixture,0.0,0.0,0.8751877920407728,0.11949230653996686,0.00531990141926023,1.3421772800000001e-16,1.0,0.13653333333333334,0.0,True,True,True,True,True
1e+24,8192,logarithmic,fixed_ref,0.0,0.0,0.7813518080672495,0.21336113372289697,0.005287058209853547,0.0,1.0,0.27306666666666674,5.551115123125783e-17,True,True,True,True,True
1e+24,8192,logarithmic,mixture,0.0,0.0,0.7815744948618205,0.21342194206360113,0.005003563074578475,-1.3421772800000001e-16,0.9999999999999999,0.2730666666666667,0.0,True,True,True,True,True
1e+24,32768,logarithmic,fixed_ref,0.0,0.0,0.4760207597857563,0.5199416085553221,0.004037631658921475,0.0,0.9999999999999999,1.0922666666666667,0.0,True,True,True,True,True
1e+24,32768,logarithmic,mixture,0.0,0.0,0.47612525256211913,0.5200557425318506,0.003819004906030233,0.0,1.0,1.0922666666666665,2.220446049250313e-16,True,True,True,True,True
1e+24,131072,logarithmic,fixed_ref,0.0,0.0,0.18580217962093223,0.8117821095758275,0.00241571080324043,0.0,1.0000000000000002,4.369066666666666,8.881784197001252e-16,True,True,True,True,True
1e+24,131072,logarithmic,mixture,1.3421772800000001e-16,0.0,0.18582657969419394,0.8118887151225798,0.0022847051832265,-2.6843545600000003e-16,1.0,4.369066666666668,8.881784197001252e-16,True,True,True,True,True
1e+19,2048,exponential,fixed_ref,0.0,0.0,0.7925573116410263,0.05410524580802738,0.15333744255094645,0.0,1.0,0.06826666666666664,2.7755575615628914e-17,True,True,True,True,True
1e+19,2048,exponential,mixture,0.0,0.0,0.7952442280498624,0.054288672634870604,0.15046709931526706,0.0,1.0,0.06826666666666667,0.0,True,True,True,True,True
1e+19,4096,exponential,fixed_ref,0.0,0.0,0.7452783731273314,0.10175534054431831,0.1529662863283504,0.0,1.0,0.13653333333333334,0.0,True,True,True,True,True
1e+19,4096,exponential,mixture,0.0,0.0,0.7477013197015204,0.10208615351658092,0.1502125267818987,0.0,1.0,0.1365333333333333,2.7755575615628914e-17,True,True,True,True,True
1e+19,8192,exponential,fixed_ref,0.0,0.0,0.6658864730995504,0.18183139958771719,0.15228212731273252,-2.048e-16,1.0,0.2730666666666666,5.551115123125783e-17,True,True,True,True,True
1e+19,8192,exponential,mixture,0.0,0.0,0.6679165895288575,0.18238575671401333,0.14969765375712923,-2.048e-16,0.9999999999999998,0.2730666666666666,5.551115123125783e-17,True,True,True,True,True
1e+19,32768,exponential,fixed_ref,0.0,0.0,0.40680627512545386,0.4443409341103624,0.1488527907641836,2.048e-16,1.0,1.0922666666666667,0.0,True,True,True,True,True
1e+19,32768,exponential,mixture,0.0,0.0,0.4077299525273817,0.4453498361472415,0.1469202113253769,-2.048e-16,0.9999999999999998,1.0922666666666667,0.0,True,True,True,True,True
1e+19,131072,exponential,fixed_ref,0.0,0.0,0.1599370444300151,0.6987756095843648,0.14128734598562023,0.0,1.0000000000000002,4.369066666666668,8.881784197001252e-16,True,True,True,True,True
1e+19,131072,exponential,mixture,0.0,0.0,0.16014605724179978,0.6996888004932393,0.1401651422649609,0.0,1.0,4.369066666666667,0.0,True,True,True,True,True
1e+19,2048,power,fixed_ref,0.0,0.0,0.7715496907962677,0.05267112555835854,0.17577918364537376,0.0,1.0,0.06826666666666667,0.0,True,True,True,True,True
1e+19,2048,power,mixture,0.0,0.0,0.7774242838607786,0.05307216444489583,0.1695035516943254,2.048e-16,1.0,0.06826666666666668,1.3877787807814457e-17,True,True,True,True,True
1e+19,4096,power,fixed_ref,0.0,0.0,0.7243324238257393,0.09889552026634094,0.1767720559079195,2.048e-16,1.0,0.13653333333333334,0.0,True,True,True,True,True
1e+19,4096,power,mixture,0.0,0.0,0.7296135767009498,0.09961657367223634,0.17076984962681374,0.0,0.9999999999999999,0.1365333333333333,2.7755575615628914e-17,True,True,True,True,True
1e+19,8192,power,fixed_ref,0.0,0.0,0.6452921756101323,0.17620778341994012,0.17850004096992758,0.0,1.0,0.2730666666666666,5.551115123125783e-17,True,True,True,True,True
1e+19,8192,power,mixture,0.0,0.0,0.6496499613938732,0.17739774945795364,0.17295228914817307,0.0,0.9999999999999999,0.2730666666666667,0.0,True,True,True,True,True
1e+19,32768,power,fixed_ref,0.0,0.0,0.38968658572966797,0.42564166803965864,0.18467174623067345,0.0,1.0,1.0922666666666665,2.220446049250313e-16,True,True,True,True,True
1e+19,32768,power,mixture,0.0,0.0,0.3915730598546866,0.4277022008439457,0.18072473930136768,0.0,1.0,1.0922666666666667,0.0,True,True,True,True,True
1e+19,131072,power,fixed_ref,0.0,0.0,0.15048618172241918,0.6574841603573643,0.19202965792021667,-2.048e-16,1.0,4.369066666666668,8.881784197001252e-16,True,True,True,True,True
1e+19,131072,power,mixture,0.0,0.0,0.15088256813683015,0.6592159990276867,0.1899014328354833,-2.048e-16,1.0,4.369066666666666,8.881784197001252e-16,True,True,True,True,True
1e+19,2048,logarithmic,fixed_ref,0.0,0.0,0.7430292942495296,0.05072413315410122,0.20624657259636925,0.0,1.0,0.06826666666666667,0.0,True,True,True,True,True
1e+19,2048,logarithmic,mixture,0.0,0.0,0.749846415910011,0.051189515326123425,0.19896406876386538,2.048e-16,1.0,0.06826666666666667,0.0,True,True,True,True,True
1e+19,4096,logarithmic,fixed_ref,0.0,0.0,0.7023364044418057,0.09589233041978788,0.2017712651384064,0.0,0.9999999999999999,0.13653333333333337,2.7755575615628914e-17,True,True,True,True,True
1e+19,4096,logarithmic,mixture,0.0,0.0,0.7086729698559959,0.09675748281767198,0.1945695473263322,0.0,1.0,0.13653333333333334,0.0,True,True,True,True,True
1e+19,8192,logarithmic,fixed_ref,0.0,0.0,0.6332837771906932,0.1729286900915386,0.19378753271776822,0.0,1.0,0.2730666666666666,5.551115123125783e-17,True,True,True,True,True
1e+19,8192,logarithmic,mixture,0.0,0.0,0.638857208809038,0.17445060848545466,0.18669218270550744,0.0,1.0,0.2730666666666667,0.0,True,True,True,True,True
1e+19,32768,logarithmic,fixed_ref,0.0,0.0,0.4010768119304548,0.43808283244457147,0.16084035562497387,-2.048e-16,0.9999999999999998,1.0922666666666667,0.0,True,True,True,True,True
1e+19,32768,logarithmic,mixture,0.0,0.0,0.40406350915678707,0.44134510226831997,0.15459138857489318,-2.048e-16,1.0,1.0922666666666667,0.0,True,True,True,True,True
1e+19,131072,logarithmic,fixed_ref,0.0,0.0,0.16591451042935226,0.724891557033202,0.10919393253744589,0.0,1.0,4.369066666666667,0.0,True,True,True,True,True
1e+19,131072,logarithmic,mixture,0.0,0.0,0.16680269347908105,0.7287720879896704,0.10442521853124877,-2.048e-16,1.0,4.369066666666667,0.0,True,True,True,True,True
1e+22,2048,exponential,fixed_ref,0.0,0.0,0.9024634176997668,0.06160816931497075,0.03592841298526237,0.0,0.9999999999999999,0.06826666666666667,0.0,True,True,True,True,True
1e+22,2048,exponential,mixture,0.0,0.0,0.9026035542114259,0.06161773596750001,0.035778709821074055,0.0,0.9999999999999999,0.06826666666666667,0.0,True,True,True,True,True
1e+22,4096,exponential,fixed_ref,0.0,0.0,0.8492311866774217,0.11594836468769064,0.03482044863488767,0.0,1.0,0.13653333333333334,0.0,True,True,True,True,True
1e+22,4096,exponential,mixture,0.0,0.0,0.8493589899219658,0.11596581409067906,0.0346751959873552,-2.097152e-16,0.9999999999999998,0.13653333333333334,0.0,True,True,True,True,True
1e+22,8192,exponential,fixed_ref,0.0,0.0,0.7596973979602512,0.20744803613634596,0.03285456590340291,0.0,1.0,0.27306666666666674,5.551115123125783e-17,True,True,True,True,True
1e+22,8192,exponential,mixture,0.0,0.0,0.7598052713348064,0.2074774927591578,0.03271723590603583,0.0,1.0,0.2730666666666667,0.0,True,True,True,True,True
1e+22,32768,exponential,fixed_ref,0.0,1.1734434542558709e-16,0.4657924992435044,0.5087696205070384,0.025437880249457288,0.0,1.0000000000000002,1.0922666666666667,0.0,True,True,True,True,True
1e+22,32768,exponential,mixture,0.0,0.0,0.4658437071924173,0.5088255532427043,0.025330739564878562,-2.097152e-16,1.0,1.0922666666666665,2.220446049250313e-16,True,True,True,True,True
1e+22,131072,exponential,fixed_ref,0.0,0.0,0.18336358633306593,0.8011277329282538,0.015508680738680431,-2.097152e-16,1.0,4.369066666666666,8.881784197001252e-16,True,True,True,True,True
1e+22,131072,exponential,mixture,0.0,0.0,0.1833758758068056,0.8011814264583207,0.01544269773487381,-2.097152e-16,0.9999999999999998,4.369066666666666,8.881784197001252e-16,True,True,True,True,True
1e+22,2048,power,fixed_ref,0.0,0.0,0.8951327429484551,0.0611077285852812,0.04375952846626359,0.0,1.0,0.06826666666666666,1.3877787807814457e-17,True,True,True,True,True
1e+22,2048,power,mixture,0.0,0.0,0.8954063694252775,0.06112640815276561,0.04346722242195679,2.097152e-16,1.0,0.06826666666666667,0.0,True,True,True,True,True
1e+22,4096,power,fixed_ref,0.0,1.7443169935211428e-16,0.8425439697664121,0.11503533667210747,0.04242069356148036,0.0,1.0,0.13653333333333334,0.0,True,True,True,True,True
1e+22,4096,power,mixture,0.0,1.7438002578029861e-16,0.842793638592499,0.11506942478916256,0.04213693661833848,0.0,1.0,0.13653333333333337,2.7755575615628914e-17,True,True,True,True,True
1e+22,8192,power,fixed_ref,0.0,0.0,0.7540281834367488,0.2058999626237949,0.040071853939456434,-2.097152e-16,1.0,0.2730666666666667,0.0,True,True,True,True,True
1e+22,8192,power,mixture,0.0,0.0,0.754224497048593,0.20595356932740244,0.03982193362400456,0.0,0.9999999999999999,0.2730666666666667,0.0,True,True,True,True,True
1e+22,32768,power,fixed_ref,0.0,1.1884827677920158e-16,0.4630719073677806,0.5057980086875812,0.031130083944638336,-2.097152e-16,0.9999999999999998,1.0922666666666667,0.0,True,True,True,True,True
1e+22,32768,power,mixture,0.0,1.1882243999329378e-16,0.4631725978579882,0.5059079895536853,0.030919412588326662,-2.097152e-16,1.0,1.092266666666667,2.220446049250313e-16,True,True,True,True,True
1e+22,131072,power,fixed_ref,0.0,0.0,0.18270060090485782,0.7982311053933842,0.019068293701758006,2.097152e-16,1.0000000000000002,4.369066666666667,0.0,True,True,True,True,True
1e+22,131072,power,mixture,0.0,0.0,0.18272493274468368,0.7983374128237061,0.018937654431610235,0.0,1.0,4.369066666666667,0.0,True,True,True,True,True
1e+22,2048,logarithmic,fixed_ref,0.0,0.0,0.9224713528233385,0.06297404435273991,0.014554602823921634,0.0,1.0,0.06826666666666667,0.0,True,True,True,True,True
1e+22,2048,logarithmic,mixture,0.0,0.0,0.9231892108646182,0.06302305012835796,0.013787739007023786,0.0,1.0,0.06826666666666668,1.3877787807814457e-17,True,True,True,True,True
1e+22,4096,logarithmic,fixed_ref,0.0,0.0,0.8674778723452768,0.11843964550420848,0.014082482150514518,0.0,0.9999999999999999,0.13653333333333334,0.0,True,True,True,True,True
1e+22,4096,logarithmic,mixture,0.0,0.0,0.8681310209076226,0.11852882205458741,0.013340157037790026,0.0,1.0,0.13653333333333334,0.0,True,True,True,True,True
1e+22,8192,logarithmic,fixed_ref,0.0,0.0,0.775090233893694,0.21165130653523806,0.0132584595710678,0.0,0.9999999999999999,0.2730666666666667,0.0,True,True,True,True,True
1e+22,8192,logarithmic,mixture,0.0,0.0,0.7756444328987686,0.21180263981022376,0.012552927291007782,-2.097152e-16,1.0,0.2730666666666667,0.0,True,True,True,True,True
1e+22,32768,logarithmic,fixed_ref,0.0,0.0,0.47309255877620376,0.5167432321992883,0.010164209024507966,0.0,1.0,1.092266666666667,2.220446049250313e-16,True,True,True,True,True
1e+22,32768,logarithmic,mixture,0.0,1.1333496712963489e-16,0.4733518379587398,0.517026434207733,0.009621727833527341,-2.097152e-16,1.0,1.092266666666667,2.220446049250313e-16,True,True,True,True,True
1e+22,131072,logarithmic,fixed_ref,0.0,0.0,0.1851133311920884,0.8087724848669803,0.006114183940931407,0.0,1.0,4.369066666666666,8.881784197001252e-16,True,True,True,True,True
1e+22,131072,logarithmic,mixture,0.0,0.0,0.18517434516584694,0.8090390589859295,0.005786595848223477,0.0,1.0,4.369066666666666,8.881784197001252e-16,True,True,True,True,True
1e+24,2048,exponential,fixed_ref,0.0,0.0,0.9315938231105128,0.063596804991011,0.004809371898476353,-1.3421772800000001e-16,0.9999999999999999,0.06826666666666667,0.0,True,True,True,True,True
1e+24,2048,exponential,mixture,0.0,0.0,0.9316109927064808,0.06359797710209576,0.004791030191423357,0.0,1.0,0.06826666666666667,0.0,True,True,True,True,True
1e+24,4096,exponential,fixed_ref,0.0,0.0,0.8757765691002811,0.11957269423449172,0.004650736665227142,-1.3421772800000001e-16,0.9999999999999999,0.13653333333333334,0.0,True,True,True,True,True
1e+24,4096,exponential,mixture,0.0,0.0,0.8757941702091266,0.11957509737255274,0.0046307324183206475,0.0,1.0,0.1365333333333333,2.7755575615628914e-17,True,True,True,True,True
1e+24,8192,exponential,fixed_ref,0.0,0.0,0.7820698487496542,0.21355720669857228,0.0043729445517735445,-1.3421772800000001e-16,0.9999999999999999,0.2730666666666667,0.0,True,True,True,True,True
1e+24,8192,exponential,mixture,1.3421772800000001e-16,0.0,0.7820846277122319,0.2135612423406201,0.004354129947148142,-1.3421772800000001e-16,1.0,0.2730666666666666,5.551115123125783e-17,True,True,True,True,True
1e+24,32768,exponential,fixed_ref,0.0,0.0,0.4763551504892504,0.520306852374392,0.0033379971363576354,-2.6843545600000003e-16,0.9999999999999998,1.0922666666666667,0.0,True,True,True,True,True
1e+24,32768,exponential,mixture,0.0,0.0,0.4763620217957149,0.5203143576733995,0.003323620530885692,-1.3421772800000001e-16,1.0,1.0922666666666665,2.220446049250313e-16,True,True,True,True,True
1e+24,131072,exponential,fixed_ref,0.0,0.0,0.1858803390773992,0.8121235934517622,0.0019960674708385828,-1.3421772800000001e-16,0.9999999999999999,4.369066666666666,8.881784197001252e-16,True,True,True,True,True
1e+24,131072,exponential,mixture,0.0,0.0,0.18588194242855224,0.81213059859984,0.001987458971607748,-1.3421772800000001e-16,0.9999999999999999,4.369066666666667,0.0,True,True,True,True,True
1e+24,2048,power,fixed_ref,0.0,0.0,0.9305276565690315,0.06352402135511255,0.005948322075855907,1.3421772800000001e-16,1.0000000000000002,0.06826666666666667,0.0,True,True,True,True,True
1e+24,2048,power,mixture,1.3421772800000001e-16,0.0,0.9305663116962949,0.0635266602118004,0.0059070280919048005,-1.3421772800000001e-16,1.0,0.06826666666666667,0.0,True,True,True,True,True
1e+24,4096,power,fixed_ref,1.3421772800000001e-16,0.0,0.8748073062812958,0.11944035755093958,0.005752336167764655,-1.3421772800000001e-16,0.9999999999999999,0.13653333333333334,0.0,True,True,True,True,True
1e+24,4096,power,mixture,1.3421772800000001e-16,0.0,0.8748424493281718,0.11944515574827305,0.005712394923555263,-1.3421772800000001e-16,1.0,0.13653333333333334,0.0,True,True,True,True,True
1e+24,8192,power,fixed_ref,1.3421772800000001e-16,0.0,0.7812559418943639,0.21333495586662096,0.005409102239015133,1.3421772800000001e-16,1.0000000000000002,0.2730666666666667,0.0,True,True,True,True,True
1e+24,8192,power,mixture,0.0,0.0,0.7812854540025671,0.21334301463963434,0.005371531357798714,-1.3421772800000001e-16,1.0,0.2730666666666667,0.0,True,True,True,True,True
1e+24,32768,power,fixed_ref,0.0,0.0,0.47597663905776005,0.5198934169548227,0.004129943987417259,-1.3421772800000001e-16,0.9999999999999999,1.0922666666666667,0.0,True,True,True,True,True
1e+24,32768,power,mixture,0.0,0.0,0.4759903670691507,0.5199084116040645,0.004101221326784977,-1.3421772800000001e-16,1.0,1.0922666666666672,4.440892098500626e-16,True,True,True,True,True
1e+24,131072,power,fixed_ref,0.0,0.0,0.18579176293999647,0.811736598402374,0.0024716386576297713,-1.3421772800000001e-16,1.0,4.369066666666667,0.0,True,True,True,True,True
1e+24,131072,power,mixture,0.0,0.0,0.18579496983127547,0.8117506095241648,0.0024544206445599025,-1.3421772800000001e-16,0.9999999999999999,4.369066666666668,8.881784197001252e-16,True,True,True,True,True
1e+24,2048,logarithmic,fixed_ref,0.0,0.0,0.9343450620609243,0.0637846229033591,0.0018703150357166677,0.0,1.0,0.06826666666666667,0.0,True,True,True,True,True
1e+24,2048,logarithmic,mixture,0.0,0.0,0.934440057896759,0.06379110795241875,0.0017688341508223051,0.0,1.0,0.06826666666666667,0.0,True,True,True,True,True
1e+24,4096,logarithmic,fixed_ref,1.3421772800000001e-16,0.0,0.878277800368559,0.11991419567698727,0.001808003954453745,-1.3421772800000001e-16,0.9999999999999999,0.13653333333333337,2.7755575615628914e-17,True,True,True,True,True
1e+24,4096,logarithmic,mixture,0.0,0.0,0.8783641205448913,0.11992598125839582,0.0017098981967128466,0.0,1.0,0.1365333333333333,2.7755575615628914e-17,True,True,True,True,True
1e+24,8192,logarithmic,fixed_ref,0.0,0.0,0.7841696791093787,0.2141306003754677,0.0016997205151534401,0.0,0.9999999999999999,0.2730666666666667,0.0,True,True,True,True,True
1e+24,8192,logarithmic,mixture,0.0,0.0,0.784242133722681,0.2141503853152068,0.0016074809621122134,0.0,1.0,0.27306666666666674,5.551115123125783e-17,True,True,True,True,True
1e+24,32768,logarithmic,fixed_ref,0.0,0.0,0.4773314342708609,0.5213732146062523,0.001295351122886853,0.0,1.0,1.0922666666666667,0.0,True,True,True,True,True
1e+24,32768,logarithmic,mixture,0.0,0.0,0.47736504488715636,0.5214099263620781,0.0012250287507655946,0.0,1.0,1.0922666666666667,0.0,True,True,True,True,True
1e+24,131072,logarithmic,fixed_ref,0.0,0.0,0.18610810042620088,0.8131186979687668,0.000773201605032521,-2.6843545600000003e-16,1.0,4.369066666666667,0.0,True,True,True,True,True
1e+24,131072,logarithmic,mixture,0.0,0.0,0.18611592236892044,0.8131528725579714,0.0007312050731083726,-2.6843545600000003e-16,1.0,4.369066666666667,0.0,True,True,True,True,True
1e+19,2048,exponential,fixed_ref,0.0,1.115129226596059e-16,0.8075563243735151,0.0551291784105653,0.13731449721591954,0.0,1.0,0.06826666666666667,0.0,True,True,True,True,True
1e+19,2048,exponential,mixture,0.0,0.0,0.808373380467673,0.05518495610659316,0.1364416634257336,2.048e-16,1.0,0.06826666666666668,1.3877787807814457e-17,True,True,True,True,True
1e+19,4096,exponential,fixed_ref,0.0,0.0,0.7595129377704247,0.10369883310358866,0.13678822912598657,0.0,0.9999999999999999,0.13653333333333334,0.0,True,True,True,True,True
1e+19,4096,exponential,mixture,0.0,0.0,0.7602576099105044,0.10380050567311422,0.13594188441638128,0.0,1.0,0.13653333333333337,2.7755575615628914e-17,True,True,True,True,True
1e+19,8192,exponential,fixed_ref,0.0,0.0,0.6788157074987875,0.1853619425276689,0.1358223499735436,0.0,1.0,0.2730666666666667,0.0,True,True,True,True,True
1e+19,8192,exponential,mixture,0.0,0.0,0.6794379732530679,0.18553186256297108,0.13503016418396116,-2.048e-16,0.9999999999999998,0.2730666666666667,0.0,True,True,True,True,True
1e+19,32768,exponential,fixed_ref,0.0,0.0,0.4150575852013908,0.45335356506263913,0.13158884973597015,-2.048e-16,0.9999999999999998,1.0922666666666667,0.0,True,True,True,True,True
1e+19,32768,exponential,mixture,0.0,0.0,0.4153440076787563,0.4536664147872495,0.13098957753399404,2.048e-16,1.0,1.0922666666666665,2.220446049250313e-16,True,True,True,True,True
1e+19,131072,exponential,fixed_ref,0.0,0.0,0.16882496377955902,0.7376075217504786,0.09356751446996243,0.0,1.0,4.369066666666666,8.881784197001252e-16,True,True,True,True,True
1e+19,131072,exponential,mixture,0.0,0.0,0.16888551942208846,0.7378720933897327,0.09324238718817886,0.0,1.0,4.369066666666667,0.0,True,True,True,True,True
1e+19,2048,power,fixed_ref,0.0,0.0,0.7541847150682345,0.05148567654865814,0.19432960838310728,0.0,0.9999999999999999,0.06826666666666667,0.0,True,True,True,True,True
1e+19,2048,power,mixture,0.0,0.0,0.7556588562150726,0.05158631125094895,0.19275483253397843,0.0,0.9999999999999999,0.06826666666666667,0.0,True,True,True,True,True
1e+19,4096,power,fixed_ref,0.0,0.0,0.7086592443432205,0.09675560882766104,0.19458514682911834,2.048e-16,1.0,0.13653333333333334,0.0,True,True,True,True,True
1e+19,4096,power,mixture,0.0,0.0,0.709993025052424,0.0969377143538243,0.19306926059375165,0.0,0.9999999999999999,0.13653333333333334,0.0,True,True,True,True,True
1e+19,8192,power,fixed_ref,0.0,0.0,0.632307486423568,0.17266209762606233,0.19503041595036966,0.0,1.0,0.2730666666666667,0.0,True,True,True,True,True
1e+19,8192,power,mixture,0.0,0.0,0.6334180024030881,0.1729653425228699,0.1936166550740422,-2.048e-16,1.0,0.2730666666666666,5.551115123125783e-17,True,True,True,True,True
1e+19,32768,power,fixed_ref,0.0,0.0,0.3997941420204233,0.4366818148575076,0.16352404312206897,2.048e-16,1.0000000000000002,1.0922666666666665,2.220446049250313e-16,True,True,True,True,True
1e+19,32768,power,mixture,0.0,0.0,0.4001872624190209,0.4371112071648826,0.16270153041609645,0.0,1.0,1.0922666666666667,0.0,True,True,True,True,True
1e+19,131072,power,fixed_ref,0.0,0.0,0.1655448748441706,0.723276594519171,0.11117853063665847,-2.048e-16,0.9999999999999998,4.369066666666667,0.0,True,True,True,True,True
1e+19,131072,power,mixture,0.0,0.0,0.16565551366210474,0.7237599828906466,0.11058450344724909,-4.096e-16,1.0,4.369066666666668,8.881784197001252e-16,True,True,True,True,True
1e+19,2048,logarithmic,fixed_ref,0.0,0.0,0.8530852545067633,0.058237286707661706,0.08867745878557508,0.0,1.0,0.06826666666666667,0.0,True,True,True,True,True
1e+19,2048,logarithmic,mixture,0.0,0.0,0.8568615413253771,0.05849508122114574,0.08464337745347716,0.0,1.0,0.06826666666666667,0.0,True,True,True,True,True
1e+19,4096,logarithmic,fixed_ref,0.0,0.0,0.8040033145855818,0.10977325255141811,0.08622343286300015,-2.048e-16,0.9999999999999998,0.13653333333333334,0.0,True,True,True,True,True
1e+19,4096,logarithmic,mixture,0.0,0.0,0.8074634193541111,0.11024567218914798,0.08229090845674096,0.0,1.0,0.13653333333333334,0.0,True,True,True,True,True
1e+19,8192,logarithmic,fixed_ref,0.0,0.0,0.7212187766393306,0.19694080727431318,0.08184041608635637,-2.048e-16,1.0,0.2730666666666666,5.551115123125783e-17,True,True,True,True,True
1e+19,8192,logarithmic,mixture,0.0,0.0,0.7241641879850663,0.19774510093245545,0.07809071108247823,0.0,1.0,0.2730666666666667,0.0,True,True,True,True,True
1e+19,32768,logarithmic,fixed_ref,0.0,0.0,0.4469535595976351,0.4881924746965103,0.06485396570585476,-2.048e-16,0.9999999999999998,1.0922666666666667,0.0,True,True,True,True,True
1e+19,32768,logarithmic,mixture,0.0,0.0,0.448426032456338,0.48980080771764284,0.0617731598260193,-2.048e-16,1.0,1.0922666666666667,0.0,True,True,True,True,True
1e+19,131072,logarithmic,fixed_ref,0.0,0.0,0.17864522746217076,0.7805129084640547,0.04084186407377455,0.0,1.0,4.369066666666666,8.881784197001252e-16,True,True,True,True,True
1e+19,131072,logarithmic,mixture,0.0,0.0,0.17902224025446248,0.7821601024877637,0.03881765725777391,0.0,1.0,4.369066666666668,8.881784197001252e-16,True,True,True,True,True
1e+22,2048,exponential,fixed_ref,0.0,0.0,0.9247896120521503,0.06313230418276013,0.012078083765089658,-2.097152e-16,0.9999999999999998,0.06826666666666667,0.0,True,True,True,True,True
1e+22,2048,exponential,mixture,0.0,0.0,0.9248378823387057,0.0631355994343223,0.012026518226971868,0.0,0.9999999999999999,0.06826666666666666,1.3877787807814457e-17,True,True,True,True,True
1e+22,4096,exponential,fixed_ref,0.0,0.0,0.86958703932532,0.11872761710255035,0.011685343572129692,-2.097152e-16,0.9999999999999998,0.1365333333333333,2.7755575615628914e-17,True,True,True,True,True
1e+22,4096,exponential,mixture,0.0,0.0,0.8696309522845078,0.11873361268524478,0.01163543503024742,0.0,1.0,0.1365333333333333,2.7755575615628914e-17,True,True,True,True,True
1e+22,8192,exponential,fixed_ref,0.0,0.0,0.7768663459145118,0.21213630352438934,0.010997350561099102,0.0,1.0000000000000002,0.2730666666666667,0.0,True,True,True,True,True
1e+22,8192,exponential,mixture,0.0,0.0,0.7769032667266863,0.21214638536750047,0.01095034790581323,0.0,1.0,0.2730666666666667,0.0,True,True,True,True,True
1e+22,32768,exponential,fixed_ref,0.0,0.0,0.4739261395762184,0.5176537247211175,0.008420135702664354,-2.097152e-16,1.0,1.0922666666666667,0.0,True,True,True,True,True
1e+22,32768,exponential,mixture,0.0,0.0,0.47394338452010676,0.5176725607984953,0.008384054681397926,0.0,1.0,1.0922666666666667,0.0,True,True,True,True,True
1e+22,131072,exponential,fixed_ref,0.0,0.0,0.18530985650739418,0.809631117071239,0.005059026421366923,0.0,1.0000000000000002,4.369066666666667,0.0,True,True,True,True,True
1e+22,131072,exponential,mixture,0.0,0.0,0.18531390777742182,0.8096488173400743,0.005037274882503914,0.0,1.0,4.369066666666666,8.881784197001252e-16,True,True,True,True,True
1e+22,2048,power,fixed_ref,0.0,0.0,0.92216321962651,0.0629530091265031,0.014883771246986565,2.097152e-16,1.0,0.06826666666666668,1.3877787807814457e-17,True,True,True,True,True
1e+22,2048,power,mixture,0.0,0.0,0.9222590782594415,0.06295955307584453,0.014781368664713796,2.097152e-16,1.0,0.06826666666666666,1.3877787807814457e-17,True,True,True,True,True
1e+22,4096,power,fixed_ref,0.0,0.0,0.8671975049133032,0.118401366004163,0.014401129082533715,0.0,0.9999999999999998,0.13653333333333334,0.0,True,True,True,True,True
1e+22,4096,power,mixture,0.0,0.0,0.8672847264124387,0.1184132746461783,0.014301998941382829,2.097152e-16,1.0,0.13653333333333334,0.0,True,True,True,True,True
1e+22,8192,power,fixed_ref,0.0,0.0,0.7748569598267621,0.21158760716336114,0.013555433009876782,0.0,1.0,0.2730666666666666,5.551115123125783e-17,True,True,True,True,True
1e+22,8192,power,mixture,0.0,0.0,0.774930316791323,0.2116076385051506,0.013462044703526264,2.097152e-16,1.0,0.2730666666666667,0.0,True,True,True,True,True
1e+22,32768,power,fixed_ref,0.0,0.0,0.472982189369112,0.5166226793749021,0.010395131255985762,2.097152e-16,1.0000000000000002,1.0922666666666667,0.0,True,True,True,True,True
1e+22,32768,power,mixture,0.0,0.0,0.4730165271004357,0.5166601853342359,0.010323287565328515,0.0,1.0,1.0922666666666667,0.0,True,True,True,True,True
1e+22,131072,power,fixed_ref,0.0,0.0,0.18508735080759944,0.8086589748351224,0.0062536743572781635,0.0,1.0,4.369066666666666,8.881784197001252e-16,True,True,True,True,True
1e+22,131072,power,mixture,0.0,0.0,0.18509543424863198,0.8086942919278897,0.0062102738234786,-2.097152e-16,1.0,4.369066666666667,0.0,True,True,True,True,True
1e+22,2048,logarithmic,fixed_ref,0.0,0.0,0.9316565310237361,0.06360108585122039,0.004742383125043348,2.097152e-16,1.0,0.06826666666666667,0.0,True,True,True,True,True
1e+22,2048,logarithmic,mixture,0.0,0.0,0.9318967474977753,0.06361748462918146,0.00448576787304321,0.0,1.0,0.06826666666666667,0.0,True,True,True,True,True
1e+22,4096,logarithmic,fixed_ref,0.0,0.0,0.8758345615971264,0.11958061214339433,0.004584826259479301,0.0,1.0,0.13653333333333334,0.0,True,True,True,True,True
1e+22,4096,logarithmic,mixture,0.0,0.0,0.8760510139309711,0.11961016510204192,0.004338820966986879,0.0,0.9999999999999999,0.13653333333333334,0.0,True,True,True,True,True
1e+22,8192,logarithmic,fixed_ref,0.0,0.0,0.7821193706602355,0.21357072948162165,0.004309899858142783,0.0,1.0,0.2730666666666667,0.0,True,True,True,True,True
1e+22,8192,logarithmic,mixture,0.0,0.0,0.7823010690574771,0.21362034525729506,0.004078585685227887,0.0,1.0,0.2730666666666666,5.551115123125783e-17,True,True,True,True,True
1e+22,32768,logarithmic,fixed_ref,0.0,0.0,0.47637778991694174,0.5203315806666114,0.0032906294164466504,2.097152e-16,1.0,1.0922666666666665,2.220446049250313e-16,True,True,True,True,True
1e+22,32768,logarithmic,mixture,0.0,0.0,0.4764630108965367,0.5204246647019238,0.003112324401539415,0.0,1.0,1.0922666666666667,0.0,True,True,True,True,True
1e+22,131072,logarithmic,fixed_ref,0.0,0.0,0.18588571151777356,0.8121470660019205,0.0019672224803059077,0.0,1.0,4.369066666666667,0.0,True,True,True,True,True
1e+22,131072,logarithmic,mixture,0.0,0.0,0.1859054201063659,0.8122331741393862,0.0018614057542480065,-2.097152e-16,1.0,4.369066666666666,8.881784197001252e-16,True,True,True,True,True
1e+24,2048,exponential,fixed_ref,0.0,0.0,0.9346493372918022,0.06380539475912038,0.001545267949077305,0.0,0.9999999999999999,0.06826666666666668,1.3877787807814457e-17,True,True,True,True,True
1e+24,2048,exponential,mixture,1.3421772800000001e-16,0.0,0.9346555785425119,0.06380582082850214,0.0015386006289860173,0.0,1.0,0.06826666666666666,1.3877787807814457e-17,True,True,True,True,True
1e+24,4096,exponential,fixed_ref,1.3421772800000001e-16,0.0,0.8785542850729429,0.11995194505529246,0.0014937698717648197,-1.3421772800000001e-16,1.0,0.1365333333333333,2.7755575615628914e-17,True,True,True,True,True
1e+24,4096,exponential,mixture,0.0,0.0,0.878559956225493,0.11995271935665397,0.0014873244178530125,0.0,1.0,0.1365333333333333,2.7755575615628914e-17,True,True,True,True,True
1e+24,8192,exponential,fixed_ref,0.0,0.0,0.7844020197265873,0.21419404485334012,0.0014039354200726603,0.0,1.0,0.2730666666666667,0.0,True,True,True,True,True
1e+24,8192,exponential,mixture,0.0,0.0,0.7844067786059792,0.2141953443446727,0.0013978770493481803,0.0,1.0,0.2730666666666666,5.551115123125783e-17,True,True,True,True,True
1e+24,32768,exponential,fixed_ref,0.0,0.0,0.47743933383601983,0.5214910697046233,0.0010695964593567947,0.0,1.0,1.0922666666666667,0.0,True,True,True,True,True
1e+24,32768,exponential,mixture,0.0,1.1163004828394435e-16,0.47744154060255106,0.5214934800821465,0.0010649793153025442,0.0,1.0,1.0922666666666667,0.0,True,True,True,True,True
1e+24,131072,exponential,fixed_ref,0.0,0.0,0.1861331803067639,0.8132282736389386,0.0006385460542976079,0.0,1.0000000000000002,4.369066666666667,0.0,True,True,True,True,True
1e+24,131072,exponential,mixture,0.0,0.0,0.18613369391674042,0.8132305176351668,0.0006357884480928793,-1.3421772800000001e-16,1.0,4.369066666666668,8.881784197001252e-16,True,True,True,True,True
1e+24,2048,power,fixed_ref,0.0,0.0,0.9343045054951392,0.06378185424180151,0.0019136402630594265,-1.3421772800000001e-16,1.0,0.06826666666666667,0.0,True,True,True,True,True
1e+24,2048,power,mixture,0.0,0.0,0.9343169913951448,0.06378270661257522,0.0019003019922800577,0.0,1.0,0.06826666666666667,0.0,True,True,True,True,True
1e+24,4096,power,fixed_ref,1.3421772800000001e-16,0.0,0.8782409475233772,0.11990916403519176,0.0018498884414312475,-1.3421772800000001e-16,1.0,0.13653333333333334,0.0,True,True,True,True,True
1e+24,4096,power,mixture,1.3421772800000001e-16,0.0,0.8782522931930983,0.1199107130972977,0.0018369937096040366,0.0,1.0,0.13653333333333334,0.0,True,True,True,True,True
1e+24,8192,power,fixed_ref,1.3421772800000001e-16,0.0,0.7841390805520988,0.21412224492942644,0.0017386745184749216,-1.3421772800000001e-16,1.0,0.2730666666666667,0.0,True,True,True,True,True
1e+24,8192,power,mixture,1.3421772800000001e-16,0.0,0.7841486015389881,0.21412484479357968,0.0017265536674320118,1.3421772800000001e-16,0.9999999999999999,0.2730666666666667,0.0,True,True,True,True,True
1e+24,32768,power,fixed_ref,0.0,0.0,0.4773170842527356,0.521357540559788,0.0013253751874764464,0.0,1.0,1.0922666666666667,0.0,True,True,True,True,True
1e+24,32768,power,mixture,0.0,1.116581213934319e-16,0.477321502145196,0.5213623660764595,0.001316131778344768,-1.3421772800000001e-16,1.0,1.092266666666667,2.220446049250313e-16,True,True,True,True,True
1e+24,131072,power,fixed_ref,0.0,0.0,0.18610472455419289,0.8131039485589057,0.0007913268869016051,-1.3421772800000001e-16,1.0,4.369066666666667,0.0,True,True,True,True,True
1e+24,131072,power,mixture,1.3421772800000001e-16,0.0,0.18610575299908622,0.8131084419032075,0.0007858050977062288,0.0,0.9999999999999999,4.369066666666666,8.881784197001252e-16,True,True,True,True,True
1e+24,2048,logarithmic,fixed_ref,0.0,0.0,0.9355359590379752,0.06386592147032577,0.0005981194916989736,1.3421772800000001e-16,1.0,0.06826666666666667,0.0,True,True,True,True,True
1e+24,2048,logarithmic,mixture,1.3421772800000001e-16,0.0,0.9355663749550513,0.06386799786359819,0.0005656271813502508,2.6843545600000003e-16,1.0,0.06826666666666668,1.3877787807814457e-17,True,True,True,True,True
1e+24,4096,logarithmic,fixed_ref,1.3421772800000001e-16,0.0,0.8793598943290636,0.12006193757239482,0.000578168098541419,1.3421772800000001e-16,0.9999999999999999,0.13653333333333334,0.0,True,True,True,True,True
1e+24,4096,logarithmic,mixture,0.0,0.0,0.8793875301763044,0.1200657107867381,0.0005467590369573087,1.3421772800000001e-16,1.0,0.13653333333333334,0.0,True,True,True,True,True
1e+24,8192,logarithmic,fixed_ref,0.0,0.0,0.785078000020478,0.21437863253892522,0.0005433674405966323,1.3421772800000001e-16,1.0,0.2730666666666667,0.0,True,True,True,True,True
1e+24,8192,logarithmic,mixture,1.3421772800000001e-16,0.0,0.7851011877166441,0.21438496432582493,0.0005138479575309316,1.3421772800000001e-16,1.0,0.2730666666666667,0.0,True,True,True,True,True
1e+24,32768,logarithmic,fixed_ref,0.0,1.11447792089214e-16,0.4777527325669355,0.5218333846917782,0.0004138827412864205,0.0,1.0000000000000002,1.092266666666667,2.220446049250313e-16,True,True,True,True,True
1e+24,32768,logarithmic,mixture,0.0,1.1144528489982352e-16,0.47776348059080603,0.5218451243999844,0.00039139500920952523,0.0,0.9999999999999999,1.0922666666666667,0.0,True,True,True,True,True
1e+24,131072,logarithmic,fixed_ref,0.0,0.0,0.18620612517472548,0.8135469746300541,0.00024690019522052566,-1.3421772800000001e-16,0.9999999999999999,4.369066666666668,8.881784197001252e-16,True,True,True,True,True
1e+24,131072,logarithmic,mixture,0.0,0.0,0.18620862413630992,0.8135578927598139,0.00023348310387628365,-1.3421772800000001e-16,1.0,4.369066666666668,8.881784197001252e-16,True,True,True,True,True
1e+19,2048,exponential,fixed_ref,0.0,0.0,0.9109133386549053,0.06218501725217489,0.026901644092919685,2.048e-16,1.0,0.06826666666666668,1.3877787807814457e-17,True,True,True,True,True
1e+19,2048,exponential,mixture,0.0,0.0,0.9110192451518917,0.062192247135702476,0.026788507712405957,0.0,1.0000000000000002,0.06826666666666667,0.0,True,True,True,True,True
1e+19,4096,exponential,fixed_ref,0.0,1.118657775512708e-16,0.8569407365701708,0.11700097523304732,0.026058288196782,-2.048e-16,0.9999999999999998,0.13653333333333334,0.0,True,True,True,True,True
1e+19,4096,exponential,mixture,0.0,1.1185318077668938e-16,0.8570372442350693,0.11701415174622812,0.025948604018702554,0.0,1.0,0.1365333333333333,2.7755575615628914e-17,True,True,True,True,True
1e+19,8192,exponential,fixed_ref,0.0,1.186485556824989e-16,0.766206052407845,0.20922533271083554,0.02456861488131961,0.0,1.0000000000000002,0.2730666666666667,0.0,True,True,True,True,True
1e+19,8192,exponential,mixture,0.0,0.0,0.7662874082211579,0.20924754827159087,0.02446504350725119,0.0,1.0,0.2730666666666667,0.0,True,True,True,True,True
1e+19,32768,exponential,fixed_ref,0.0,1.539456732598108e-16,0.4689003391211647,0.5121642104107441,0.01893545046809134,-2.048e-16,1.0,1.0922666666666665,2.220446049250313e-16,True,True,True,True,True
1e+19,32768,exponential,mixture,0.0,0.0,0.46893436621137685,0.5122013770671465,0.018864256721476763,-2.048e-16,1.0,1.0922666666666665,2.220446049250313e-16,True,True,True,True,True
1e+19,131072,exponential,fixed_ref,0.0,0.0,0.18411377502256923,0.8044053573252733,0.011480867652157644,-2.048e-16,1.0,4.369066666666668,8.881784197001252e-16,True,True,True,True,True
1e+19,131072,exponential,mixture,0.0,0.0,0.18412290981681068,0.8044452678503003,0.01143182233288897,2.048e-16,1.0000000000000002,4.369066666666667,0.0,True,True,True,True,True
1e+19,2048,power,fixed_ref,0.0,0.0,0.9052886312889605,0.061801037229326374,0.0329103314817132,-2.048e-16,1.0,0.06826666666666667,0.0,True,True,True,True,True
1e+19,2048,power,mixture,0.0,0.0,0.9054967372172089,0.06181524392736147,0.0326880188554296,0.0,1.0,0.06826666666666668,1.3877787807814457e-17,True,True,True,True,True
1e+19,4096,power,fixed_ref,0.0,0.0,0.8518141912920357,0.11630103091773929,0.031884777790224854,2.048e-16,1.0,0.13653333333333334,0.0,True,True,True,True,True
1e+19,4096,power,mixture,0.0,1.1329040187916024e-16,0.8520039013180835,0.11632693265996234,0.031669166021954014,2.048e-16,1.0,0.13653333333333334,0.0,True,True,True,True,True
1e+19,8192,power,fixed_ref,0.0,0.0,0.761882876284818,0.2080448174175076,0.030072306297674475,-2.048e-16,0.9999999999999998,0.2730666666666666,5.551115123125783e-17,True,True,True,True,True
1e+19,8192,power,mixture,0.0,0.0,0.7620317267283719,0.20808546351196078,0.029882809759667315,0.0,1.0,0.2730666666666667,0.0,True,True,True,True,True
1e+19,32768,power,fixed_ref,0.0,3.1077480288114583e-16,0.46683731596198935,0.5099108389814156,0.023251845056594955,2.048e-16,1.0,1.092266666666667,2.220446049250313e-16,True,True,True,True,True
1e+19,32768,power,mixture,0.0,1.553621702043348e-16,0.4669131316035211,0.5099936498794727,0.02309321851700622,0.0,1.0,1.0922666666666667,0.0,True,True,True,True,True
1e+19,131072,power,fixed_ref,0.0,0.0,0.18361731666955777,0.8022362976837425,0.014146385646699688,0.0,1.0,4.369066666666666,8.881784197001252e-16,True,True,True,True,True
1e+19,131072,power,mixture,0.0,0.0,0.18363545792510935,0.8023155580386644,0.014048984036226338,0.0,1.0,4.369066666666666,8.881784197001252e-16,True,True,True,True,True
1e+19,2048,logarithmic,fixed_ref,0.0,0.0,0.9260123576161958,0.06321577694659898,0.010771865437205203,0.0,1.0,0.06826666666666668,1.3877787807814457e-17,True,True,True,True,True
1e+19,2048,logarithmic,mixture,0.0,0.0,0.9265502183941403,0.06325249490903999,0.010197286696819732,0.0,1.0,0.06826666666666668,1.3877787807814457e-17,True,True,True,True,True
1e+19,4096,logarithmic,fixed_ref,0.0,0.0,0.8707038185976061,0.11888009469919317,0.01041608670320075,0.0,1.0,0.13653333333333334,0.0,True,True,True,True,True
1e+19,4096,logarithmic,mixture,0.0,0.0,0.8711886204504367,0.11894628631216629,0.009865093237396884,2.048e-16,1.0,0.13653333333333334,0.0,True,True,True,True,True
1e+19,8192,logarithmic,fixed_ref,0.0,0.0,0.7778052351086228,0.2123926828669946,0.009802082024382845,-2.048e-16,1.0,0.2730666666666667,0.0,True,True,True,True,True
1e+19,8192,logarithmic,mixture,0.0,1.1476982025158603e-16,0.7782163172956914,0.21250493570954349,0.009278746994765106,2.048e-16,1.0000000000000002,0.2730666666666667,0.0,True,True,True,True,True
1e+19,32768,logarithmic,fixed_ref,0.0,0.0,0.47436455591596577,0.5181325922751456,0.00750285180888884,-2.048e-16,1.0,1.092266666666667,2.220446049250313e-16,True,True,True,True,True
1e+19,32768,logarithmic,mixture,0.0,0.0,0.47455643349378007,0.5183421737574728,0.007101392748747099,0.0,1.0,1.0922666666666667,0.0,True,True,True,True,True
1e+19,131072,logarithmic,fixed_ref,0.0,0.0,0.1854132253028746,0.8100827422299459,0.004504032467179496,0.0,1.0,4.369066666666666,8.881784197001252e-16,True,True,True,True,True
1e+19,131072,logarithmic,mixture,0.0,0.0,0.18545862854980727,0.8102811120426779,0.004260259407514885,0.0,1.0000000000000002,4.369066666666667,0.0,True,True,True,True,True
1e+22,2048,exponential,fixed_ref,0.0,0.0,0.9349180812749962,0.06382374101503974,0.0012581777099640206,0.0,1.0,0.06826666666666666,1.3877787807814457e-17,True,True,True,True,True
1e+22,2048,exponential,mixture,0.0,0.0,0.9349231644391681,0.06382408802571388,0.001252747535117979,0.0,0.9999999999999999,0.06826666666666667,0.0,True,True,True,True,True
1e+22,4096,exponential,fixed_ref,0.0,0.0,0.8787984787340184,0.11998528562981799,0.0012162356361636116,0.0,1.0,0.13653333333333334,0.0,True,True,True,True,True
1e+22,4096,exponential,mixture,0.0,0.0,0.878803097495469,0.11998591624471472,0.0012109862598163727,-2.097152e-16,1.0,0.13653333333333334,0.0,True,True,True,True,True
1e+22,8192,exponential,fixed_ref,0.0,0.0,0.7846069285519673,0.21424999862325725,0.0011430728247754675,-2.097152e-16,0.9999999999999998,0.27306666666666674,5.551115123125783e-17,True,True,True,True,True
1e+22,8192,exponential,mixture,0.0,0.0,0.7846108042007464,0.21425105693375052,0.0011381388655030845,0.0,0.9999999999999999,0.27306666666666674,5.551115123125783e-17,True,True,True,True,True
1e+22,32768,exponential,fixed_ref,0.0,0.0,0.4775343474778852,0.5215948499385115,0.0008708025836033282,0.0,1.0,1.0922666666666667,0.0,True,True,True,True,True
1e+22,32768,exponential,mixture,2.097152e-16,0.0,0.4775361444535126,0.5215968127150901,0.0008670428313975758,-2.097152e-16,1.0,1.0922666666666667,0.0,True,True,True,True,True
1e+22,131072,exponential,fixed_ref,0.0,0.0,0.1861552923567329,0.81332488265939,0.0005198249838772205,0.0,1.0,4.369066666666668,8.881784197001252e-16,True,True,True,True,True
1e+22,131072,exponential,mixture,0.0,0.0,0.18615571052371752,0.8133267096588235,0.0005175798174590753,0.0,1.0,4.369066666666667,0.0,True,True,True,True,True
1e+22,2048,power,fixed_ref,0.0,0.0,0.9346372146592835,0.0638045671874071,0.0015582181533095444,0.0,1.0000000000000002,0.06826666666666667,0.0,True,True,True,True,True
1e+22,2048,power,mixture,0.0,0.0,0.934647385137184,0.06380526149203176,0.001547353370784074,0.0,0.9999999999999999,0.06826666666666667,0.0,True,True,True,True,True
1e+22,4096,power,fixed_ref,0.0,0.0,0.8785432697578173,0.11995044109760067,0.0015062891445820708,0.0,1.0,0.13653333333333334,0.0,True,True,True,True,True
1e+22,4096,power,mixture,0.0,0.0,0.8785525112345903,0.1199517028672294,0.0014957858981803035,0.0,1.0,0.13653333333333334,0.0,True,True,True,True,True
1e+22,8192,power,fixed_ref,0.0,0.0,0.7843927763469467,0.21419152079447293,0.0014157028585804782,-2.097152e-16,0.9999999999999998,0.2730666666666667,0.0,True,True,True,True,True
1e+22,8192,power,mixture,0.0,0.0,0.7844005312307291,0.21419363839473776,0.0014058303745331166,0.0,0.9999999999999999,0.2730666666666667,0.0,True,True,True,True,True
1e+22,32768,power,fixed_ref,0.0,0.0,0.4774350475186204,0.5214863879030052,0.00107856457837446,0.0,1.0,1.0922666666666667,0.0,True,True,True,True,True
1e+22,32768,power,mixture,0.0,0.0,0.4774383923469743,0.5214900413475217,0.0010715663055038307,0.0,1.0,1.0922666666666665,2.220446049250313e-16,True,True,True,True,True
1e+22,131072,power,fixed_ref,0.0,0.0,0.18613218268992776,0.8132239149844737,0.0006439023255986505,0.0,1.0,4.369066666666666,8.881784197001252e-16,True,True,True,True,True
1e+22,131072,power,mixture,0.0,0.0,0.18613301965767418,0.8132275717523557,0.0006394085899701562,0.0,1.0,4.369066666666667,0.0,True,True,True,True,True
1e+22,2048,logarithmic,fixed_ref,0.0,0.0,0.935640284549623,0.06387304342525425,0.00048667202512280553,0.0,1.0,0.06826666666666666,1.3877787807814457e-17,True,True,True,True,True
1e+22,2048,logarithmic,mixture,0.0,0.0,0.9356648241043931,0.0638747186588599,0.0004604572367469832,0.0,1.0,0.06826666666666666,1.3877787807814457e-17,True,True,True,True,True
1e+22,4096,logarithmic,fixed_ref,0.0,0.0,0.8794546840504519,0.12007487952902171,0.0004704364205264884,-2.097152e-16,1.0,0.13653333333333334,0.0,True,True,True,True,True
1e+22,4096,logarithmic,mixture,0.0,0.0,0.8794769804843267,0.12007792373546007,0.0004450957802132679,0.0,1.0,0.13653333333333334,0.0,True,True,True,True,True
1e+22,8192,logarithmic,fixed_ref,0.0,0.0,0.7851575324168245,0.21440035018528758,0.0004421173978879716,-2.097152e-16,0.9999999999999998,0.27306666666666674,5.551115123125783e-17,True,True,True,True,True
1e+22,8192,logarithmic,mixture,0.0,0.0,0.7851764011698029,0.21440550261276753,0.00041809621742953685,0.0,0.9999999999999999,0.2730666666666667,0.0,True,True,True,True,True
1e+22,32768,logarithmic,fixed_ref,0.0,0.0,0.4777895970087053,0.5218736504927086,0.00033675249858604653,0.0,1.0,1.092266666666667,2.220446049250313e-16,True,True,True,True,True
1e+22,32768,logarithmic,mixture,0.0,0.0,0.47779834269350757,0.5218832031126953,0.00031845419379718015,0.0,1.0000000000000002,1.092266666666667,2.220446049250313e-16,True,True,True,True,True
1e+22,131072,logarithmic,fixed_ref,0.0,0.0,0.18621469612630057,0.8135844216888822,0.00020088218481723022,0.0,1.0,4.369066666666667,0.0,True,True,True,True,True
1e+22,131072,logarithmic,mixture,0.0,0.0,0.18621672941231435,0.8135933052510289,0.00018996533665689767,-2.097152e-16,1.0,4.369066666666667,0.0,True,True,True,True,True
1e+24,2048,exponential,fixed_ref,1.3421772800000001e-16,0.0,0.935948274032125,0.06389406884059307,0.00015765712728177134,2.6843545600000003e-16,1.0000000000000002,0.06826666666666667,0.0,True,True,True,True,True
1e+24,2048,exponential,mixture,0.0,0.0,0.9359489116815637,0.06389411237079476,0.00015697594764146734,1.3421772800000001e-16,1.0,0.06826666666666668,1.3877787807814457e-17,True,True,True,True,True
1e+24,4096,exponential,fixed_ref,0.0,0.0,0.8797345409336619,0.12011308932214262,0.00015236974419553055,1.3421772800000001e-16,1.0000000000000002,0.1365333333333333,2.7755575615628914e-17,True,True,True,True,True
1e+24,4096,exponential,mixture,0.0,0.0,0.8797351201848023,0.12011316840923165,0.00015171140596602863,-1.3421772800000001e-16,0.9999999999999999,0.1365333333333333,2.7755575615628914e-17,True,True,True,True,True
1e+24,8192,exponential,fixed_ref,0.0,0.0,0.7853923306931525,0.2144644657679435,0.00014320353890399476,-1.3421772800000001e-16,0.9999999999999999,0.2730666666666667,0.0,True,True,True,True,True
1e+24,8192,exponential,mixture,1.3421772800000001e-16,0.0,0.7853928167162453,0.21446459848464938,0.00014258479910553878,-1.3421772800000001e-16,1.0,0.2730666666666667,0.0,True,True,True,True,True
1e+24,32768,exponential,fixed_ref,0.0,0.0,0.4778984261395607,0.5219925209247042,0.000109052935735104,0.0,1.0,1.0922666666666667,0.0,True,True,True,True,True
1e+24,32768,exponential,mixture,0.0,0.0,0.47789865135045523,0.5219927669150572,0.00010858173448762439,-1.3421772800000001e-16,1.0,1.0922666666666667,0.0,True,True,True,True,True
1e+24,131072,exponential,fixed_ref,0.0,1.1474110879294676e-16,0.18623999747966505,0.8136949649884886,6.503753184644417e-05,-1.3421772800000001e-16,0.9999999999999999,4.369066666666667,0.0,True,True,True,True,True
1e+24,131072,exponential,mixture,0.0,1.1474107654520383e-16,0.18624004982203224,0.8136951936757805,6.475650218744307e-05,0.0,1.0000000000000002,4.369066666666668,8.881784197001252e-16,True,True,True,True,True
1e+24,2048,power,fixed_ref,0.0,0.0,0.9359129419270407,0.06389165683555265,0.0001954012374067544,-1.3421772800000001e-16,0.9999999999999999,0.06826666666666667,0.0,True,True,True,True,True
1e+24,2048,power,mixture,0.0,0.0,0.935914219038085,0.0638917440196666,0.00019403694224849328,-1.3421772800000001e-16,0.9999999999999999,0.06826666666666667,0.0,True,True,True,True,True
1e+24,4096,power,fixed_ref,0.0,0.0,0.8797024446323031,0.12010870710713044,0.0001888482605665924,0.0,1.0,0.1365333333333333,2.7755575615628914e-17,True,True,True,True,True
1e+24,4096,power,mixture,1.3421772800000001e-16,0.0,0.8797036047836969,0.12010886550646745,0.00018752970983561384,0.0,1.0,0.13653333333333337,2.7755575615628914e-17,True,True,True,True,True
1e+24,8192,power,fixed_ref,1.3421772800000001e-16,0.0,0.7853654000970526,0.21445711191983513,0.00017748798311244775,-1.3421772800000001e-16,1.0,0.2730666666666666,5.551115123125783e-17,True,True,True,True,True
1e+24,8192,power,mixture,0.0,0.0,0.7853663735311672,0.21445737773224405,0.00017624873658871924,0.0,1.0,0.2730666666666666,5.551115123125783e-17,True,True,True,True,True
1e+24,32768,power,fixed_ref,0.0,0.0,0.47788594707381454,0.5219788904571585,0.00013516246902691323,0.0,1.0,1.0922666666666667,0.0,True,True,True,True,True
1e+24,32768,power,mixture,0.0,0.0,0.47788639814604544,0.5219793831483205,0.00013421870563404593,0.0,0.9999999999999999,1.0922666666666665,2.220446049250313e-16,True,True,True,True,True
1e+24,131072,power,fixed_ref,0.0,0.0,0.18623709712774555,0.8136822931575957,8.060971465883526e-05,-1.3421772800000001e-16,0.9999999999999999,4.369066666666668,8.881784197001252e-16,True,True,True,True,True
1e+24,131072,power,mixture,0.0,1.147428311145468e-16,0.18623720196584226,0.8136827512022291,8.004683192880028e-05,-2.6843545600000003e-16,1.0,4.369066666666666,8.881784197001252e-16,True,True,True,True,True
1e+24,2048,logarithmic,fixed_ref,0.0,0.0,0.9360388369445327,0.06390025126874677,6.091178672058174e-05,0.0,1.0,0.06826666666666667,0.0,True,True,True,True,True
1e+24,2048,logarithmic,mixture,0.0,0.0,0.9360419360403254,0.06390046283368622,5.760112598845717e-05,-1.3421772800000001e-16,0.9999999999999999,0.06826666666666668,1.3877787807814457e-17,True,True,True,True,True
1e+24,4096,logarithmic,fixed_ref,0.0,0.0,0.8798168094939145,0.12012432172290245,5.886878318315576e-05,-1.3421772800000001e-16,0.9999999999999999,0.1365333333333333,2.7755575615628914e-17,True,True,True,True,True
1e+24,4096,logarithmic,mixture,1.3421772800000001e-16,0.0,0.8798196247445121,0.12012470609845072,5.5669157037260405e-05,-1.3421772800000001e-16,1.0,0.1365333333333333,2.7755575615628914e-17,True,True,True,True,True
1e+24,8192,logarithmic,fixed_ref,0.0,0.0,0.7854613580872031,0.2144833148483456,5.532706445152336e-05,-1.3421772800000001e-16,1.0,0.2730666666666667,0.0,True,True,True,True,True
1e+24,8192,logarithmic,mixture,0.0,0.0,0.7854637202080558,0.21448395986481314,5.231992713092549e-05,1.3421772800000001e-16,1.0,0.27306666666666674,5.551115123125783e-17,True,True,True,True,True
1e+24,32768,logarithmic,fixed_ref,0.0,0.0,0.47793041103465034,0.5220274569594474,4.213200590225542e-05,-1.3421772800000001e-16,0.9999999999999999,1.0922666666666667,0.0,True,True,True,True,True
1e+24,32768,logarithmic,mixture,0.0,0.0,0.47793150553562386,0.5220286524463774,3.984201799869872e-05,1.3421772800000001e-16,1.0,1.0922666666666667,0.0,True,True,True,True,True
1e+24,131072,logarithmic,fixed_ref,0.0,0.0,0.1862474310464232,0.8137274427372261,2.5126216350889636e-05,-1.3421772800000001e-16,1.0,4.369066666666667,0.0,True,True,True,True,True
1e+24,131072,logarithmic,mixture,0.0,0.0,0.18624768541082662,0.8137285540722622,2.3760516911247085e-05,-1.3421772800000001e-16,0.9999999999999999,4.369066666666667,0.0,True,True,True,True,True
1e+19,2048,exponential,fixed_ref,0.0,0.0,0.7959380306816551,0.05433603622786766,0.14972593309047716,0.0,1.0,0.06826666666666667,0.0,True,True,True,True,True
1e+19,2048,exponential,mixture,0.0,0.0,0.8064009659989457,0.055050305945528025,0.13854872805552626,0.0,1.0,0.06826666666666666,1.3877787807814457e-17,True,True,True,True,True
1e+19,4096,exponential,fixed_ref,0.0,0.0,0.7473038597376824,0.10203188698285158,0.15066425327946587,2.048e-16,1.0,0.13653333333333334,0.0,True,True,True,True,True
1e+19,4096,exponential,mixture,0.0,0.0,0.7567071849029139,0.10331575431207785,0.13997706078500818,2.048e-16,1.0,0.13653333333333334,0.0,True,True,True,True,True
1e+19,8192,exponential,fixed_ref,0.0,0.0,0.665999019559207,0.1818621322743008,0.15213884816649229,-2.048e-16,1.0,0.2730666666666666,5.551115123125783e-17,True,True,True,True,True
1e+19,8192,exponential,mixture,0.0,0.0,0.6737105097395192,0.18396788319287136,0.1423216070676095,0.0,1.0,0.2730666666666666,5.551115123125783e-17,True,True,True,True,True
1e+19,32768,exponential,fixed_ref,0.0,0.0,0.40342295495708874,0.44064544626779617,0.15593159877511523,0.0,1.0000000000000002,1.0922666666666667,0.0,True,True,True,True,True
1e+19,32768,exponential,mixture,0.0,0.0,0.4067319040744395,0.44425970109037444,0.14900839483518608,0.0,1.0,1.0922666666666667,0.0,True,True,True,True,True
1e+19,131072,exponential,fixed_ref,0.0,0.0,0.15727620252522634,0.6871502139128822,0.15557358356189152,0.0,1.0,4.369066666666667,0.0,True,True,True,True,True
1e+19,131072,exponential,mixture,0.0,0.0,0.15798216955073266,0.6902346309117878,0.15178319953747949,0.0,1.0,4.369066666666668,8.881784197001252e-16,True,True,True,True,True
1e+19,2048,power,fixed_ref,0.0,0.0,0.8542456979959607,0.05831650631652425,0.08743779568751503,0.0,1.0,0.06826666666666666,1.3877787807814457e-17,True,True,True,True,True
1e+19,2048,power,mixture,0.0,0.0,0.8924535770945222,0.060924830862986064,0.04662159204249166,0.0,0.9999999999999999,0.06826666666666668,1.3877787807814457e-17,True,True,True,True,True
1e+19,4096,power,fixed_ref,0.0,0.0,0.7978061168498995,0.10892712848723962,0.09326675466286082,0.0,1.0,0.13653333333333334,0.0,True,True,True,True,True
1e+19,4096,power,mixture,0.0,0.0,0.8309845368470684,0.11345708876418642,0.05555837438874508,2.048e-16,1.0000000000000002,0.13653333333333334,0.0,True,True,True,True,True
1e+19,8192,power,fixed_ref,0.0,0.0,0.7046393344218804,0.19241351425280148,0.10294715132531806,0.0,1.0,0.2730666666666667,0.0,True,True,True,True,True
1e+19,8192,power,mixture,0.0,0.0,0.730414838528561,0.19945194524086574,0.07013321623057336,0.0,1.0000000000000002,0.2730666666666667,0.0,True,True,True,True,True
1e+19,32768,power,fixed_ref,0.0,0.0,0.4137649419509069,0.4519416539282439,0.13429340412084936,-2.048e-16,1.0,1.0922666666666667,0.0,True,True,True,True,True
1e+19,32768,power,mixture,0.0,0.0,0.42308254554521185,0.4621189617475167,0.11479849270727142,0.0,1.0,1.0922666666666667,0.0,True,True,True,True,True
1e+19,131072,power,fixed_ref,0.0,0.0,0.15522985514610843,0.6782095857903576,0.16656055906353415,-2.048e-16,1.0,4.369066666666668,8.881784197001252e-16,True,True,True,True,True
1e+19,131072,power,mixture,0.0,0.0,0.1568761878739531,0.6854025232338261,0.1577212888922208,0.0,1.0,4.369066666666667,0.0,True,True,True,True,True
1e+19,2048,logarithmic,fixed_ref,0.0,0.0,0.5807572302788601,0.039646360253703515,0.3795964094674364,0.0,1.0,0.06826666666666667,0.0,True,True,True,True,True
1e+19,2048,logarithmic,mixture,0.0,0.0,0.5893007383478899,0.04022959707121595,0.37046966458089425,0.0,1.0,0.06826666666666667,0.0,True,True,True,True,True
1e+19,4096,logarithmic,fixed_ref,0.0,0.0,0.5507053950070423,0.0751896432649615,0.37410496172799623,0.0,1.0,0.1365333333333333,2.7755575615628914e-17,True,True,True,True,True
1e+19,4096,logarithmic,mixture,0.0,0.0,0.5587380005033332,0.07628636166872177,0.364975637827945,0.0,1.0,0.13653333333333334,0.0,True,True,True,True,True
1e+19,8192,logarithmic,fixed_ref,0.0,0.0,0.4996792930910386,0.13644575896672628,0.36387494794223524,0.0,1.0,0.2730666666666667,0.0,True,True,True,True,True
1e+19,8192,logarithmic,mixture,0.0,0.0,0.5067655021300004,0.13838076644829878,0.354853731421701,-2.048e-16,1.0,0.2730666666666667,0.0,True,True,True,True,True
1e+19,32768,logarithmic,fixed_ref,0.0,1.1259614875489306e-16,0.32498337379955394,0.3549685064221262,0.32004811977831993,0.0,1.0,1.092266666666667,2.220446049250313e-16,True,True,True,True,True
1e+19,32768,logarithmic,mixture,0.0,0.0,0.32918115396727354,0.35955360177332063,0.31126524425940577,0.0,1.0,1.0922666666666667,0.0,True,True,True,True,True
1e+19,131072,logarithmic,fixed_ref,0.0,0.0,0.14123342355043728,0.6170582430534305,0.2417083333961322,0.0,0.9999999999999999,4.369066666666667,0.0,True,True,True,True,True
1e+19,131072,logarithmic,mixture,0.0,0.0,0.14272164002346174,0.623560360038506,0.23371799993803244,-2.048e-16,1.0,4.369066666666667,0.0,True,True,True,True,True
1e+22,2048,exponential,fixed_ref,0.0,0.0,0.8447130252193149,0.05766574252163857,0.09762123225904655,0.0,1.0,0.06826666666666667,0.0,True,True,True,True,True
1e+22,2048,exponential,mixture,0.0,0.0,0.8450291460275173,0.057687323035478515,0.0972835309370043,-2.097152e-16,1.0,0.06826666666666667,0.0,True,True,True,True,True
1e+22,4096,exponential,fixed_ref,0.0,0.0,0.7962919064404883,0.10872038829267468,0.09498770526683695,0.0,1.0,0.13653333333333334,0.0,True,True,True,True,True
1e+22,4096,exponential,mixture,0.0,0.0,0.7965818643235412,0.10875997720897417,0.09465815846748475,0.0,1.0,0.13653333333333334,0.0,True,True,True,True,True
1e+22,8192,exponential,fixed_ref,0.0,0.0,0.7146181359004318,0.19513839230987795,0.09024347178969029,0.0,1.0,0.27306666666666674,5.551115123125783e-17,True,True,True,True,True
1e+22,8192,exponential,mixture,0.0,0.0,0.7148653522293064,0.1952058988487493,0.08992874892194415,2.097152e-16,1.0,0.27306666666666674,5.551115123125783e-17,True,True,True,True,True
1e+22,32768,exponential,fixed_ref,0.0,1.6634152594612464e-16,0.4436433413381955,0.4845768336323329,0.07177982502947164,0.0,1.0,1.0922666666666665,2.220446049250313e-16,True,True,True,True,True
1e+22,32768,exponential,mixture,0.0,0.0,0.44376540684240795,0.48471016171373416,0.07152443144385785,0.0,1.0,1.0922666666666667,0.0,True,True,True,True,True
1e+22,131072,exponential,fixed_ref,0.0,0.0,0.17778196913911398,0.7767412753000649,0.04547675556082129,-2.097152e-16,1.0,4.369066666666666,8.881784197001252e-16,True,True,True,True,True
1e+22,131072,exponential,mixture,0.0,0.0,0.17781691363425675,0.7768939501289768,0.04528913623676661,-2.097152e-16,1.0,4.369066666666667,0.0,True,True,True,True,True
1e+22,2048,power,fixed_ref,0.0,0.0,0.8276987226605013,0.056504232800290224,0.11579704453920853,0.0,1.0,0.06826666666666667,0.0,True,True,True,True,True
1e+22,2048,power,mixture,0.0,0.0,0.8282748953581418,0.05654356618978248,0.11518153845207574,0.0,1.0,0.06826666666666667,0.0,True,True,True,True,True
1e+22,4096,power,fixed_ref,0.0,0.0,0.7806554887079689,0.10658549605826136,0.1127590152337698,0.0,1.0,0.13653333333333334,0.0,True,True,True,True,True
1e+22,4096,power,mixture,0.0,0.0,0.781184647084498,0.10665774381527014,0.11215760910023184,0.0,1.0,0.13653333333333337,2.7755575615628914e-17,True,True,True,True,True
1e+22,8192,power,fixed_ref,0.0,0.0,0.701180898032932,0.19146913055619263,0.10734997141087539,0.0,1.0,0.2730666666666667,0.0,True,True,True,True,True
1e+22,8192,power,mixture,0.0,0.0,0.701633371243971,0.191592685907687,0.10677394284834238,-4.194304e-16,0.9999999999999998,0.2730666666666667,0.0,True,True,True,True,True
1e+22,32768,power,fixed_ref,0.0,0.0,0.4368350434310975,0.47714035677167344,0.0860245997972291,0.0,1.0,1.0922666666666667,0.0,True,True,True,True,True
1e+22,32768,power,mixture,0.0,0.0,0.43706090655198376,0.4773870595298468,0.08555203391816953,0.0,1.0,1.0922666666666667,0.0,True,True,True,True,True
1e+22,131072,power,fixed_ref,0.0,0.0,0.175981861961743,0.7688764870349862,0.055141651003270946,-2.097152e-16,1.0,4.369066666666668,8.881784197001252e-16,True,True,True,True,True
1e+22,131072,power,mixture,0.0,0.0,0.17604491610029502,0.7691519747699288,0.054803109129776324,-2.097152e-16,1.0,4.369066666666666,8.881784197001252e-16,True,True,True,True,True
1e+22,2048,logarithmic,fixed_ref,0.0,0.0,0.8959938451068744,0.06116651315929595,0.04283964173382965,0.0,1.0,0.06826666666666666,1.3877787807814457e-17,True,True,True,True,True
1e+22,2048,logarithmic,mixture,0.0,0.0,0.8979954062520585,0.0613031530668072,0.04070144068113431,0.0,1.0,0.06826666666666667,0.0,True,True,True,True,True
1e+22,4096,logarithmic,fixed_ref,0.0,0.0,0.843329661453557,0.11514260977712563,0.04152772876931721,2.097152e-16,1.0,0.1365333333333333,2.7755575615628914e-17,True,True,True,True,True
1e+22,4096,logarithmic,mixture,0.0,0.0,0.8451393759239394,0.11538969612614854,0.03947092794991206,0.0,1.0,0.13653333333333334,0.0,True,True,True,True,True
1e+22,8192,logarithmic,fixed_ref,0.0,0.0,0.7546850925948908,0.20607934261791158,0.03923556478719766,0.0,1.0,0.27306666666666674,5.551115123125783e-17,True,True,True,True,True
1e+22,8192,logarithmic,mixture,0.0,0.0,0.7562288607317752,0.20650089423715676,0.037270245031068155,-2.097152e-16,1.0,0.2730666666666667,0.0,True,True,True,True,True
1e+22,32768,logarithmic,fixed_ref,0.0,0.0,0.4633887202026978,0.5061440527867334,0.030467227010568986,-2.097152e-16,1.0,1.0922666666666667,0.0,True,True,True,True,True
1e+22,32768,logarithmic,mixture,0.0,0.0,0.4641310401554597,0.5069548641271368,0.028914095717403564,-2.097152e-16,0.9999999999999998,1.0922666666666667,0.0,True,True,True,True,True
1e+22,131072,logarithmic,fixed_ref,0.0,0.0,0.18277881955480235,0.7985728478895684,0.01864833255562935,0.0,1.0,4.369066666666666,8.881784197001252e-16,True,True,True,True,True
1e+22,131072,logarithmic,mixture,0.0,0.0,0.1829595141811338,0.7993623147583189,0.017678171060547566,-2.097152e-16,1.0,4.369066666666666,8.881784197001252e-16,True,True,True,True,True
1e+24,2048,exponential,fixed_ref,0.0,0.0,0.9222774797184193,0.06296080928211077,0.01476171099946995,0.0,1.0,0.06826666666666668,1.3877787807814457e-17,True,True,True,True,True
1e+24,2048,exponential,mixture,0.0,0.0,0.9223363155961005,0.06296482581136047,0.01469885859253889,1.3421772800000001e-16,1.0,0.06826666666666667,0.0,True,True,True,True,True
1e+24,4096,exponential,fixed_ref,0.0,0.0,0.8673014697806731,0.11841556067405458,0.014282969545272313,0.0,1.0,0.13653333333333334,0.0,True,True,True,True,True
1e+24,4096,exponential,mixture,0.0,0.0,0.867355004018966,0.11842286988205615,0.014222126098977871,0.0,1.0,0.1365333333333333,2.7755575615628914e-17,True,True,True,True,True
1e+24,8192,exponential,fixed_ref,0.0,0.0,0.774946957130586,0.21161218242712537,0.013440860442288824,-2.6843545600000003e-16,1.0,0.2730666666666667,0.0,True,True,True,True,True
1e+24,8192,exponential,mixture,0.0,0.0,0.7749868741888996,0.21162308244518216,0.013390043365918158,1.3421772800000001e-16,1.0,0.2730666666666666,5.551115123125783e-17,True,True,True,True,True
1e+24,32768,exponential,fixed_ref,0.0,0.0,0.4730231184811492,0.5166673848796766,0.010309496639174374,0.0,1.0000000000000002,1.0922666666666667,0.0,True,True,True,True,True
1e+24,32768,exponential,mixture,1.3421772800000001e-16,0.0,0.47304419289022914,0.5166904037542343,0.010265403355536513,1.3421772800000001e-16,1.0,1.0922666666666665,2.220446049250313e-16,True,True,True,True,True
1e+24,131072,exponential,fixed_ref,0.0,0.0,0.18509698587124762,0.8087010710705389,0.00620194305821353,0.0,1.0,4.369066666666667,0.0,True,True,True,True,True
1e+24,131072,exponential,mixture,0.0,0.0,0.18510194670861807,0.8087227452997331,0.00617530799164908,-1.3421772800000001e-16,1.0,4.369066666666668,8.881784197001252e-16,True,True,True,True,True
1e+24,2048,power,fixed_ref,0.0,0.0,0.9191028726874685,0.06274408944213118,0.018153037870400145,1.3421772800000001e-16,0.9999999999999999,0.06826666666666667,0.0,True,True,True,True,True
1e+24,2048,power,mixture,0.0,0.0,0.9192112591376088,0.0627514886237941,0.018037252238597205,-1.3421772800000001e-16,1.0,0.06826666666666667,0.0,True,True,True,True,True
1e+24,4096,power,fixed_ref,0.0,0.0,0.8644051341248514,0.11802011431251305,0.017574751562635656,-1.3421772800000001e-16,0.9999999999999999,0.13653333333333334,0.0,True,True,True,True,True
1e+24,4096,power,mixture,0.0,0.0,0.8645112365089523,0.11803460082468896,0.017454162666358655,0.0,1.0,0.13653333333333334,0.0,True,True,True,True,True
1e+24,8192,power,fixed_ref,0.0,0.0,0.7725048603251911,0.21094532719279882,0.016549812482010106,1.3421772800000001e-16,1.0000000000000002,0.2730666666666666,5.551115123125783e-17,True,True,True,True,True
1e+24,8192,power,mixture,0.0,0.0,0.7725941517595282,0.2109697097071352,0.016436138533336413,2.6843545600000003e-16,0.9999999999999999,0.2730666666666667,0.0,True,True,True,True,True
1e+24,32768,power,fixed_ref,0.0,0.0,0.47187597139068826,0.5154143943510024,0.012709634258309219,0.0,0.9999999999999999,1.0922666666666667,0.0,True,True,True,True,True
1e+24,32768,power,mixture,0.0,0.0,0.4719178569934648,0.5154601445987286,0.012621998407806667,0.0,1.0,1.092266666666667,2.220446049250313e-16,True,True,True,True,True
1e+24,131072,power,fixed_ref,0.0,0.0,0.184824599733012,0.8075109978735115,0.007664402393476445,0.0,1.0,4.369066666666667,0.0,True,True,True,True,True
1e+24,131072,power,mixture,0.0,0.0,0.1848344927014447,0.8075542209121253,0.007611286386430185,-1.3421772800000001e-16,1.0,4.369066666666666,8.881784197001252e-16,True,True,True,True,True
1e+24,2048,logarithmic,fixed_ref,0.0,0.0,0.930653223690949,0.0635325934039688,0.005814182905082127,0.0,1.0,0.06826666666666668,1.3877787807814457e-17,True,True,True,True,True
1e+24,2048,logarithmic,mixture,0.0,0.0,0.9309449144476175,0.06355250615962402,0.005502579392758477,0.0,1.0,0.06826666666666666,1.3877787807814457e-17,True,True,True,True,True
1e+24,4096,logarithmic,fixed_ref,0.0,0.0,0.8749226725120007,0.11945610888697183,0.005621218601027588,0.0,1.0000000000000002,0.13653333333333334,0.0,True,True,True,True,True
1e+24,4096,logarithmic,mixture,0.0,0.0,0.8751877920407728,0.11949230653996686,0.00531990141926023,1.3421772800000001e-16,1.0,0.13653333333333334,0.0,True,True,True,True,True
1e+24,8192,logarithmic,fixed_ref,0.0,0.0,0.7813518080672495,0.21336113372289697,0.005287058209853547,0.0,1.0,0.27306666666666674,5.551115123125783e-17,True,True,True,True,True
1e+24,8192,logarithmic,mixture,0.0,0.0,0.7815744948618205,0.21342194206360113,0.005003563074578475,-1.3421772800000001e-16,0.9999999999999999,0.2730666666666667,0.0,True,True,True,True,True
1e+24,32768,logarithmic,fixed_ref,0.0,0.0,0.4760207597857563,0.5199416085553221,0.004037631658921475,0.0,0.9999999999999999,1.0922666666666667,0.0,True,True,True,True,True
1e+24,32768,logarithmic,mixture,0.0,0.0,0.47612525256211913,0.5200557425318506,0.003819004906030233,0.0,1.0,1.0922666666666665,2.220446049250313e-16,True,True,True,True,True
1e+24,131072,logarithmic,fixed_ref,0.0,0.0,0.18580217962093223,0.8117821095758275,0.00241571080324043,0.0,1.0000000000000002,4.369066666666666,8.881784197001252e-16,True,True,True,True,True
1e+24,131072,logarithmic,mixture,1.3421772800000001e-16,0.0,0.18582657969419394,0.8118887151225798,0.0022847051832265,-2.6843545600000003e-16,1.0,4.369066666666668,8.881784197001252e-16,True,True,True,True,True
1e+19,2048,exponential,fixed_ref,0.0,0.0,0.7959380306816551,0.05433603622786766,0.14972593309047716,0.0,1.0,0.06826666666666667,0.0,True,True,True,True,True
1e+19,2048,exponential,mixture,0.0,0.0,0.7959380306816551,0.05433603622786766,0.14972593309047716,0.0,1.0,0.06826666666666667,0.0,True,True,True,True,True
1e+19,4096,exponential,fixed_ref,0.0,0.0,0.7473038597376824,0.10203188698285158,0.15066425327946587,2.048e-16,1.0,0.13653333333333334,0.0,True,True,True,True,True
1e+19,4096,exponential,mixture,0.0,0.0,0.7473038597376824,0.10203188698285158,0.15066425327946587,2.048e-16,1.0,0.13653333333333334,0.0,True,True,True,True,True
1e+19,8192,exponential,fixed_ref,0.0,0.0,0.665999019559207,0.1818621322743008,0.15213884816649229,-2.048e-16,1.0,0.2730666666666666,5.551115123125783e-17,True,True,True,True,True
1e+19,8192,exponential,mixture,0.0,0.0,0.665999019559207,0.1818621322743008,0.15213884816649229,-2.048e-16,1.0,0.2730666666666666,5.551115123125783e-17,True,True,True,True,True
1e+19,32768,exponential,fixed_ref,0.0,0.0,0.40342295495708874,0.44064544626779617,0.15593159877511523,0.0,1.0000000000000002,1.0922666666666667,0.0,True,True,True,True,True
1e+19,32768,exponential,mixture,0.0,0.0,0.40342295495708874,0.44064544626779617,0.15593159877511523,0.0,1.0000000000000002,1.0922666666666667,0.0,True,True,True,True,True
1e+19,131072,exponential,fixed_ref,0.0,0.0,0.15727620252522634,0.6871502139128822,0.15557358356189152,0.0,1.0,4.369066666666667,0.0,True,True,True,True,True
1e+19,131072,exponential,mixture,0.0,0.0,0.15727620252522634,0.6871502139128822,0.15557358356189152,0.0,1.0,4.369066666666667,0.0,True,True,True,True,True
1e+19,2048,power,fixed_ref,0.0,0.0,0.8542456979959607,0.05831650631652425,0.08743779568751503,0.0,1.0,0.06826666666666666,1.3877787807814457e-17,True,True,True,True,True
1e+19,2048,power,mixture,0.0,0.0,0.8542456979959607,0.05831650631652425,0.08743779568751503,0.0,1.0,0.06826666666666666,1.3877787807814457e-17,True,True,True,True,True
1e+19,4096,power,fixed_ref,0.0,0.0,0.7978061168498995,0.10892712848723962,0.09326675466286082,0.0,1.0,0.13653333333333334,0.0,True,True,True,True,True
1e+19,4096,power,mixture,0.0,0.0,0.7978061168498995,0.10892712848723962,0.09326675466286082,0.0,1.0,0.13653333333333334,0.0,True,True,True,True,True
1e+19,8192,power,fixed_ref,0.0,0.0,0.7046393344218804,0.19241351425280148,0.10294715132531806,0.0,1.0,0.2730666666666667,0.0,True,True,True,True,True
1e+19,8192,power,mixture,0.0,0.0,0.7046393344218804,0.19241351425280148,0.10294715132531806,0.0,1.0,0.2730666666666667,0.0,True,True,True,True,True
1e+19,32768,power,fixed_ref,0.0,0.0,0.4137649419509069,0.4519416539282439,0.13429340412084936,-2.048e-16,1.0,1.0922666666666667,0.0,True,True,True,True,True
1e+19,32768,power,mixture,0.0,0.0,0.4137649419509069,0.4519416539282439,0.13429340412084936,-2.048e-16,1.0,1.0922666666666667,0.0,True,True,True,True,True
1e+19,131072,power,fixed_ref,0.0,0.0,0.15522985514610843,0.6782095857903576,0.16656055906353415,-2.048e-16,1.0,4.369066666666668,8.881784197001252e-16,True,True,True,True,True
1e+19,131072,power,mixture,0.0,0.0,0.15522985514610843,0.6782095857903576,0.16656055906353415,-2.048e-16,1.0,4.369066666666668,8.881784197001252e-16,True,True,True,True,True
1e+19,2048,logarithmic,fixed_ref,0.0,0.0,0.5807572302788601,0.039646360253703515,0.3795964094674364,0.0,1.0,0.06826666666666667,0.0,True,True,True,True,True
1e+19,2048,logarithmic,mixture,0.0,0.0,0.5807572302788601,0.039646360253703515,0.3795964094674364,0.0,1.0,0.06826666666666667,0.0,True,True,True,True,True
1e+19,4096,logarithmic,fixed_ref,0.0,0.0,0.5507053950070423,0.0751896432649615,0.37410496172799623,0.0,1.0,0.1365333333333333,2.7755575615628914e-17,True,True,True,True,True
1e+19,4096,logarithmic,mixture,0.0,0.0,0.5507053950070423,0.0751896432649615,0.37410496172799623,0.0,1.0,0.1365333333333333,2.7755575615628914e-17,True,True,True,True,True
1e+19,8192,logarithmic,fixed_ref,0.0,0.0,0.4996792930910386,0.13644575896672628,0.36387494794223524,0.0,1.0,0.2730666666666667,0.0,True,True,True,True,True
1e+19,8192,logarithmic,mixture,0.0,0.0,0.4996792930910386,0.13644575896672628,0.36387494794223524,0.0,1.0,0.2730666666666667,0.0,True,True,True,True,True
1e+19,32768,logarithmic,fixed_ref,0.0,1.1259614875489306e-16,0.32498337379955394,0.3549685064221262,0.32004811977831993,0.0,1.0,1.092266666666667,2.220446049250313e-16,True,True,True,True,True
1e+19,32768,logarithmic,mixture,0.0,1.1259614875489306e-16,0.32498337379955394,0.3549685064221262,0.32004811977831993,0.0,1.0,1.092266666666667,2.220446049250313e-16,True,True,True,True,True
1e+19,131072,logarithmic,fixed_ref,0.0,0.0,0.14123342355043728,0.6170582430534305,0.2417083333961322,0.0,0.9999999999999999,4.369066666666667,0.0,True,True,True,True,True
1e+19,131072,logarithmic,mixture,0.0,0.0,0.14123342355043728,0.6170582430534305,0.2417083333961322,0.0,0.9999999999999999,4.369066666666667,0.0,True,True,True,True,True
1e+22,2048,exponential,fixed_ref,0.0,0.0,0.8447130252193149,0.05766574252163857,0.09762123225904655,0.0,1.0,0.06826666666666667,0.0,True,True,True,True,True
1e+22,2048,exponential,mixture,0.0,0.0,0.8447130252193149,0.05766574252163857,0.09762123225904655,0.0,1.0,0.06826666666666667,0.0,True,True,True,True,True
1e+22,4096,exponential,fixed_ref,0.0,0.0,0.7962919064404883,0.10872038829267468,0.09498770526683695,0.0,1.0,0.13653333333333334,0.0,True,True,True,True,True
1e+22,4096,exponential,mixture,0.0,0.0,0.7962919064404883,0.10872038829267468,0.09498770526683695,0.0,1.0,0.13653333333333334,0.0,True,True,True,True,True
1e+22,8192,exponential,fixed_ref,0.0,0.0,0.7146181359004318,0.19513839230987795,0.09024347178969029,0.0,1.0,0.27306666666666674,5.551115123125783e-17,True,True,True,True,True
1e+22,8192,exponential,mixture,0.0,0.0,0.7146181359004318,0.19513839230987795,0.09024347178969029,0.0,1.0,0.27306666666666674,5.551115123125783e-17,True,True,True,True,True
1e+22,32768,exponential,fixed_ref,0.0,1.6634152594612464e-16,0.4436433413381955,0.4845768336323329,0.07177982502947164,0.0,1.0,1.0922666666666665,2.220446049250313e-16,True,True,True,True,True
1e+22,32768,exponential,mixture,0.0,1.6634152594612464e-16,0.4436433413381955,0.4845768336323329,0.07177982502947164,0.0,1.0,1.0922666666666665,2.220446049250313e-16,True,True,True,True,True
1e+22,131072,exponential,fixed_ref,0.0,0.0,0.17778196913911398,0.7767412753000649,0.04547675556082129,-2.097152e-16,1.0,4.369066666666666,8.881784197001252e-16,True,True,True,True,True
1e+22,131072,exponential,mixture,0.0,0.0,0.17778196913911398,0.7767412753000649,0.04547675556082129,-2.097152e-16,1.0,4.369066666666666,8.881784197001252e-16,True,True,True,True,True
1e+22,2048,power,fixed_ref,0.0,0.0,0.8276987226605013,0.056504232800290224,0.11579704453920853,0.0,1.0,0.06826666666666667,0.0,True,True,True,True,True
1e+22,2048,power,mixture,0.0,0.0,0.8276987226605013,0.056504232800290224,0.11579704453920853,0.0,1.0,0.06826666666666667,0.0,True,True,True,True,True
1e+22,4096,power,fixed_ref,0.0,0.0,0.7806554887079689,0.10658549605826136,0.1127590152337698,0.0,1.0,0.13653333333333334,0.0,True,True,True,True,True
1e+22,4096,power,mixture,0.0,0.0,0.7806554887079689,0.10658549605826136,0.1127590152337698,0.0,1.0,0.13653333333333334,0.0,True,True,True,True,True
1e+22,8192,power,fixed_ref,0.0,0.0,0.701180898032932,0.19146913055619263,0.10734997141087539,0.0,1.0,0.2730666666666667,0.0,True,True,True,True,True
1e+22,8192,power,mixture,0.0,0.0,0.701180898032932,0.19146913055619263,0.10734997141087539,0.0,1.0,0.2730666666666667,0.0,True,True,True,True,True
1e+22,32768,power,fixed_ref,0.0,0.0,0.4368350434310975,0.47714035677167344,0.0860245997972291,0.0,1.0,1.0922666666666667,0.0,True,True,True,True,True
1e+22,32768,power,mixture,0.0,0.0,0.4368350434310975,0.47714035677167344,0.0860245997972291,0.0,1.0,1.0922666666666667,0.0,True,True,True,True,True
1e+22,131072,power,fixed_ref,0.0,0.0,0.175981861961743,0.7688764870349862,0.055141651003270946,-2.097152e-16,1.0,4.369066666666668,8.881784197001252e-16,True,True,True,True,True
1e+22,131072,power,mixture,0.0,0.0,0.175981861961743,0.7688764870349862,0.055141651003270946,-2.097152e-16,1.0,4.369066666666668,8.881784197001252e-16,True,True,True,True,True
1e+22,2048,logarithmic,fixed_ref,0.0,0.0,0.8959938451068744,0.06116651315929595,0.04283964173382965,0.0,1.0,0.06826666666666666,1.3877787807814457e-17,True,True,True,True,True
1e+22,2048,logarithmic,mixture,0.0,0.0,0.8959938451068744,0.06116651315929595,0.04283964173382965,0.0,1.0,0.06826666666666666,1.3877787807814457e-17,True,True,True,True,True
1e+22,4096,logarithmic,fixed_ref,0.0,0.0,0.843329661453557,0.11514260977712563,0.04152772876931721,2.097152e-16,1.0,0.1365333333333333,2.7755575615628914e-17,True,True,True,True,True
1e+22,4096,logarithmic,mixture,0.0,0.0,0.843329661453557,0.11514260977712563,0.04152772876931721,2.097152e-16,1.0,0.1365333333333333,2.7755575615628914e-17,True,True,True,True,True
1e+22,8192,logarithmic,fixed_ref,0.0,0.0,0.7546850925948908,0.20607934261791158,0.03923556478719766,0.0,1.0,0.27306666666666674,5.551115123125783e-17,True,True,True,True,True
1e+22,8192,logarithmic,mixture,0.0,0.0,0.7546850925948908,0.20607934261791158,0.03923556478719766,0.0,1.0,0.27306666666666674,5.551115123125783e-17,True,True,True,True,True
1e+22,32768,logarithmic,fixed_ref,0.0,0.0,0.4633887202026978,0.5061440527867334,0.030467227010568986,-2.097152e-16,1.0,1.0922666666666667,0.0,True,True,True,True,True
1e+22,32768,logarithmic,mixture,0.0,0.0,0.4633887202026978,0.5061440527867334,0.030467227010568986,-2.097152e-16,1.0,1.0922666666666667,0.0,True,True,True,True,True
1e+22,131072,logarithmic,fixed_ref,0.0,0.0,0.18277881955480235,0.7985728478895684,0.01864833255562935,0.0,1.0,4.369066666666666,8.881784197001252e-16,True,True,True,True,True
1e+22,131072,logarithmic,mixture,0.0,0.0,0.18277881955480235,0.7985728478895684,0.01864833255562935,0.0,1.0,4.369066666666666,8.881784197001252e-16,True,True,True,True,True
1e+24,2048,exponential,fixed_ref,0.0,0.0,0.9222774797184193,0.06296080928211077,0.01476171099946995,0.0,1.0,0.06826666666666668,1.3877787807814457e-17,True,True,True,True,True
1e+24,2048,exponential,mixture,0.0,0.0,0.9222774797184193,0.06296080928211077,0.01476171099946995,0.0,1.0,0.06826666666666668,1.3877787807814457e-17,True,True,True,True,True
1e+24,4096,exponential,fixed_ref,0.0,0.0,0.8673014697806731,0.11841556067405458,0.014282969545272313,0.0,1.0,0.13653333333333334,0.0,True,True,True,True,True
1e+24,4096,exponential,mixture,0.0,0.0,0.8673014697806731,0.11841556067405458,0.014282969545272313,0.0,1.0,0.13653333333333334,0.0,True,True,True,True,True
1e+24,8192,exponential,fixed_ref,0.0,0.0,0.774946957130586,0.21161218242712537,0.013440860442288824,-2.6843545600000003e-16,1.0,0.2730666666666667,0.0,True,True,True,True,True
1e+24,8192,exponential,mixture,0.0,0.0,0.774946957130586,0.21161218242712537,0.013440860442288824,-2.6843545600000003e-16,1.0,0.2730666666666667,0.0,True,True,True,True,True
1e+24,32768,exponential,fixed_ref,0.0,0.0,0.4730231184811492,0.5166673848796766,0.010309496639174374,0.0,1.0000000000000002,1.0922666666666667,0.0,True,True,True,True,True
1e+24,32768,exponential,mixture,0.0,0.0,0.4730231184811492,0.5166673848796766,0.010309496639174374,0.0,1.0000000000000002,1.0922666666666667,0.0,True,True,True,True,True
1e+24,131072,exponential,fixed_ref,0.0,0.0,0.18509698587124762,0.8087010710705389,0.00620194305821353,0.0,1.0,4.369066666666667,0.0,True,True,True,True,True
1e+24,131072,exponential,mixture,0.0,0.0,0.18509698587124762,0.8087010710705389,0.00620194305821353,0.0,1.0,4.369066666666667,0.0,True,True,True,True,True
1e+24,2048,power,fixed_ref,0.0,0.0,0.9191028726874685,0.06274408944213118,0.018153037870400145,1.3421772800000001e-16,0.9999999999999999,0.06826666666666667,0.0,True,True,True,True,True
1e+24,2048,power,mixture,0.0,0.0,0.9191028726874685,0.06274408944213118,0.018153037870400145,1.3421772800000001e-16,0.9999999999999999,0.06826666666666667,0.0,True,True,True,True,True
1e+24,4096,power,fixed_ref,0.0,0.0,0.8644051341248514,0.11802011431251305,0.017574751562635656,-1.3421772800000001e-16,0.9999999999999999,0.13653333333333334,0.0,True,True,True,True,True
1e+24,4096,power,mixture,0.0,0.0,0.8644051341248514,0.11802011431251305,0.017574751562635656,-1.3421772800000001e-16,0.9999999999999999,0.13653333333333334,0.0,True,True,True,True,True
1e+24,8192,power,fixed_ref,0.0,0.0,0.7725048603251911,0.21094532719279882,0.016549812482010106,1.3421772800000001e-16,1.0000000000000002,0.2730666666666666,5.551115123125783e-17,True,True,True,True,True
1e+24,8192,power,mixture,0.0,0.0,0.7725048603251911,0.21094532719279882,0.016549812482010106,1.3421772800000001e-16,1.0000000000000002,0.2730666666666666,5.551115123125783e-17,True,True,True,True,True
1e+24,32768,power,fixed_ref,0.0,0.0,0.47187597139068826,0.5154143943510024,0.012709634258309219,0.0,0.9999999999999999,1.0922666666666667,0.0,True,True,True,True,True
1e+24,32768,power,mixture,0.0,0.0,0.47187597139068826,0.5154143943510024,0.012709634258309219,0.0,0.9999999999999999,1.0922666666666667,0.0,True,True,True,True,True
1e+24,131072,power,fixed_ref,0.0,0.0,0.184824599733012,0.8075109978735115,0.007664402393476445,0.0,1.0,4.369066666666667,0.0,True,True,True,True,True
1e+24,131072,power,mixture,0.0,0.0,0.184824599733012,0.8075109978735115,0.007664402393476445,0.0,1.0,4.369066666666667,0.0,True,True,True,True,True
1e+24,2048,logarithmic,fixed_ref,0.0,0.0,0.930653223690949,0.0635325934039688,0.005814182905082127,0.0,1.0,0.06826666666666668,1.3877787807814457e-17,True,True,True,True,True
1e+24,2048,logarithmic,mixture,0.0,0.0,0.930653223690949,0.0635325934039688,0.005814182905082127,0.0,1.0,0.06826666666666668,1.3877787807814457e-17,True,True,True,True,True
1e+24,4096,logarithmic,fixed_ref,0.0,0.0,0.8749226725120007,0.11945610888697183,0.005621218601027588,0.0,1.0000000000000002,0.13653333333333334,0.0,True,True,True,True,True
1e+24,4096,logarithmic,mixture,0.0,0.0,0.8749226725120007,0.11945610888697183,0.005621218601027588,0.0,1.0000000000000002,0.13653333333333334,0.0,True,True,True,True,True
1e+24,8192,logarithmic,fixed_ref,0.0,0.0,0.7813518080672495,0.21336113372289697,0.005287058209853547,0.0,1.0,0.27306666666666674,5.551115123125783e-17,True,True,True,True,True
1e+24,8192,logarithmic,mixture,0.0,0.0,0.7813518080672495,0.21336113372289697,0.005287058209853547,0.0,1.0,0.27306666666666674,5.551115123125783e-17,True,True,True,True,True
1e+24,32768,logarithmic,fixed_ref,0.0,0.0,0.4760207597857563,0.5199416085553221,0.004037631658921475,0.0,0.9999999999999999,1.0922666666666667,0.0,True,True,True,True,True
1e+24,32768,logarithmic,mixture,0.0,0.0,0.4760207597857563,0.5199416085553221,0.004037631658921475,0.0,0.9999999999999999,1.0922666666666667,0.0,True,True,True,True,True
1e+24,131072,logarithmic,fixed_ref,0.0,0.0,0.18580217962093223,0.8117821095758275,0.00241571080324043,0.0,1.0000000000000002,4.369066666666666,8.881784197001252e-16,True,True,True,True,True
1e+24,131072,logarithmic,mixture,0.0,0.0,0.18580217962093223,0.8117821095758275,0.00241571080324043,0.0,1.0000000000000002,4.369066666666666,8.881784197001252e-16,True,True,True,True,True
1e+19,2048,exponential,fixed_ref,0.0,0.0,0.7959380306816551,0.05433603622786766,0.14972593309047716,0.0,1.0,0.06826666666666667,0.0,True,True,True,True,True
1e+19,2048,exponential,mixture,0.0,0.0,0.7959380306816551,0.05433603622786766,0.14972593309047716,0.0,1.0,0.06826666666666667,0.0,True,True,True,True,True
1e+19,4096,exponential,fixed_ref,0.0,0.0,0.7473038597376824,0.10203188698285158,0.15066425327946587,2.048e-16,1.0,0.13653333333333334,0.0,True,True,True,True,True
1e+19,4096,exponential,mixture,0.0,0.0,0.7473038597376824,0.10203188698285158,0.15066425327946587,2.048e-16,1.0,0.13653333333333334,0.0,True,True,True,True,True
1e+19,8192,exponential,fixed_ref,0.0,0.0,0.665999019559207,0.1818621322743008,0.15213884816649229,-2.048e-16,1.0,0.2730666666666666,5.551115123125783e-17,True,True,True,True,True
1e+19,8192,exponential,mixture,0.0,0.0,0.665999019559207,0.1818621322743008,0.15213884816649229,-2.048e-16,1.0,0.2730666666666666,5.551115123125783e-17,True,True,True,True,True
1e+19,32768,exponential,fixed_ref,0.0,0.0,0.40342295495708874,0.44064544626779617,0.15593159877511523,0.0,1.0000000000000002,1.0922666666666667,0.0,True,True,True,True,True
1e+19,32768,exponential,mixture,0.0,0.0,0.40342295495708874,0.44064544626779617,0.15593159877511523,0.0,1.0000000000000002,1.0922666666666667,0.0,True,True,True,True,True
1e+19,131072,exponential,fixed_ref,0.0,0.0,0.15727620252522634,0.6871502139128822,0.15557358356189152,0.0,1.0,4.369066666666667,0.0,True,True,True,True,True
1e+19,131072,exponential,mixture,0.0,0.0,0.15727620252522634,0.6871502139128822,0.15557358356189152,0.0,1.0,4.369066666666667,0.0,True,True,True,True,True
1e+19,2048,power,fixed_ref,0.0,0.0,0.8542456979959607,0.05831650631652425,0.08743779568751503,0.0,1.0,0.06826666666666666,1.3877787807814457e-17,True,True,True,True,True
1e+19,2048,power,mixture,0.0,0.0,0.8542456979959607,0.05831650631652425,0.08743779568751503,0.0,1.0,0.06826666666666666,1.3877787807814457e-17,True,True,True,True,True
1e+19,4096,power,fixed_ref,0.0,0.0,0.7978061168498995,0.10892712848723962,0.09326675466286082,0.0,1.0,0.13653333333333334,0.0,True,True,True,True,True
1e+19,4096,power,mixture,0.0,0.0,0.7978061168498995,0.10892712848723962,0.09326675466286082,0.0,1.0,0.13653333333333334,0.0,True,True,True,True,True
1e+19,8192,power,fixed_ref,0.0,0.0,0.7046393344218804,0.19241351425280148,0.10294715132531806,0.0,1.0,0.2730666666666667,0.0,True,True,True,True,True
1e+19,8192,power,mixture,0.0,0.0,0.7046393344218804,0.19241351425280148,0.10294715132531806,0.0,1.0,0.2730666666666667,0.0,True,True,True,True,True
1e+19,32768,power,fixed_ref,0.0,0.0,0.4137649419509069,0.4519416539282439,0.13429340412084936,-2.048e-16,1.0,1.0922666666666667,0.0,True,True,True,True,True
1e+19,32768,power,mixture,0.0,0.0,0.4137649419509069,0.4519416539282439,0.13429340412084936,-2.048e-16,1.0,1.0922666666666667,0.0,True,True,True,True,True
1e+19,131072,power,fixed_ref,0.0,0.0,0.15522985514610843,0.6782095857903576,0.16656055906353415,-2.048e-16,1.0,4.369066666666668,8.881784197001252e-16,True,True,True,True,True
1e+19,131072,power,mixture,0.0,0.0,0.15522985514610843,0.6782095857903576,0.16656055906353415,-2.048e-16,1.0,4.369066666666668,8.881784197001252e-16,True,True,True,True,True
1e+19,2048,logarithmic,fixed_ref,0.0,0.0,0.5807572302788601,0.039646360253703515,0.3795964094674364,0.0,1.0,0.06826666666666667,0.0,True,True,True,True,True
1e+19,2048,logarithmic,mixture,0.0,0.0,0.5807572302788601,0.039646360253703515,0.3795964094674364,0.0,1.0,0.06826666666666667,0.0,True,True,True,True,True
1e+19,4096,logarithmic,fixed_ref,0.0,0.0,0.5507053950070423,0.0751896432649615,0.37410496172799623,0.0,1.0,0.1365333333333333,2.7755575615628914e-17,True,True,True,True,True
1e+19,4096,logarithmic,mixture,0.0,0.0,0.5507053950070423,0.0751896432649615,0.37410496172799623,0.0,1.0,0.1365333333333333,2.7755575615628914e-17,True,True,True,True,True
1e+19,8192,logarithmic,fixed_ref,0.0,0.0,0.4996792930910386,0.13644575896672628,0.36387494794223524,0.0,1.0,0.2730666666666667,0.0,True,True,True,True,True
1e+19,8192,logarithmic,mixture,0.0,0.0,0.4996792930910386,0.13644575896672628,0.36387494794223524,0.0,1.0,0.2730666666666667,0.0,True,True,True,True,True
1e+19,32768,logarithmic,fixed_ref,0.0,1.1259614875489306e-16,0.32498337379955394,0.3549685064221262,0.32004811977831993,0.0,1.0,1.092266666666667,2.220446049250313e-16,True,True,True,True,True
1e+19,32768,logarithmic,mixture,0.0,1.1259614875489306e-16,0.32498337379955394,0.3549685064221262,0.32004811977831993,0.0,1.0,1.092266666666667,2.220446049250313e-16,True,True,True,True,True
1e+19,131072,logarithmic,fixed_ref,0.0,0.0,0.14123342355043728,0.6170582430534305,0.2417083333961322,0.0,0.9999999999999999,4.369066666666667,0.0,True,True,True,True,True
1e+19,131072,logarithmic,mixture,0.0,0.0,0.14123342355043728,0.6170582430534305,0.2417083333961322,0.0,0.9999999999999999,4.369066666666667,0.0,True,True,True,True,True
1e+22,2048,exponential,fixed_ref,0.0,0.0,0.8447130252193149,0.05766574252163857,0.09762123225904655,0.0,1.0,0.06826666666666667,0.0,True,True,True,True,True
1e+22,2048,exponential,mixture,0.0,0.0,0.8447130252193149,0.05766574252163857,0.09762123225904655,0.0,1.0,0.06826666666666667,0.0,True,True,True,True,True
1e+22,4096,exponential,fixed_ref,0.0,0.0,0.7962919064404883,0.10872038829267468,0.09498770526683695,0.0,1.0,0.13653333333333334,0.0,True,True,True,True,True
1e+22,4096,exponential,mixture,0.0,0.0,0.7962919064404883,0.10872038829267468,0.09498770526683695,0.0,1.0,0.13653333333333334,0.0,True,True,True,True,True
1e+22,8192,exponential,fixed_ref,0.0,0.0,0.7146181359004318,0.19513839230987795,0.09024347178969029,0.0,1.0,0.27306666666666674,5.551115123125783e-17,True,True,True,True,True
1e+22,8192,exponential,mixture,0.0,0.0,0.7146181359004318,0.19513839230987795,0.09024347178969029,0.0,1.0,0.27306666666666674,5.551115123125783e-17,True,True,True,True,True
1e+22,32768,exponential,fixed_ref,0.0,1.6634152594612464e-16,0.4436433413381955,0.4845768336323329,0.07177982502947164,0.0,1.0,1.0922666666666665,2.220446049250313e-16,True,True,True,True,True
1e+22,32768,exponential,mixture,0.0,1.6634152594612464e-16,0.4436433413381955,0.4845768336323329,0.07177982502947164,0.0,1.0,1.0922666666666665,2.220446049250313e-16,True,True,True,True,True
1e+22,131072,exponential,fixed_ref,0.0,0.0,0.17778196913911398,0.7767412753000649,0.04547675556082129,-2.097152e-16,1.0,4.369066666666666,8.881784197001252e-16,True,True,True,True,True
1e+22,131072,exponential,mixture,0.0,0.0,0.17778196913911398,0.7767412753000649,0.04547675556082129,-2.097152e-16,1.0,4.369066666666666,8.881784197001252e-16,True,True,True,True,True
1e+22,2048,power,fixed_ref,0.0,0.0,0.8276987226605013,0.056504232800290224,0.11579704453920853,0.0,1.0,0.06826666666666667,0.0,True,True,True,True,True
1e+22,2048,power,mixture,0.0,0.0,0.8276987226605013,0.056504232800290224,0.11579704453920853,0.0,1.0,0.06826666666666667,0.0,True,True,True,True,True
1e+22,4096,power,fixed_ref,0.0,0.0,0.7806554887079689,0.10658549605826136,0.1127590152337698,0.0,1.0,0.13653333333333334,0.0,True,True,True,True,True
1e+22,4096,power,mixture,0.0,0.0,0.7806554887079689,0.10658549605826136,0.1127590152337698,0.0,1.0,0.13653333333333334,0.0,True,True,True,True,True
1e+22,8192,power,fixed_ref,0.0,0.0,0.701180898032932,0.19146913055619263,0.10734997141087539,0.0,1.0,0.2730666666666667,0.0,True,True,True,True,True
1e+22,8192,power,mixture,0.0,0.0,0.701180898032932,0.19146913055619263,0.10734997141087539,0.0,1.0,0.2730666666666667,0.0,True,True,True,True,True
1e+22,32768,power,fixed_ref,0.0,0.0,0.4368350434310975,0.47714035677167344,0.0860245997972291,0.0,1.0,1.0922666666666667,0.0,True,True,True,True,True
1e+22,32768,power,mixture,0.0,0.0,0.4368350434310975,0.47714035677167344,0.0860245997972291,0.0,1.0,1.0922666666666667,0.0,True,True,True,True,True
1e+22,131072,power,fixed_ref,0.0,0.0,0.175981861961743,0.7688764870349862,0.055141651003270946,-2.097152e-16,1.0,4.369066666666668,8.881784197001252e-16,True,True,True,True,True
1e+22,131072,power,mixture,0.0,0.0,0.175981861961743,0.7688764870349862,0.055141651003270946,-2.097152e-16,1.0,4.369066666666668,8.881784197001252e-16,True,True,True,True,True
1e+22,2048,logarithmic,fixed_ref,0.0,0.0,0.8959938451068744,0.06116651315929595,0.04283964173382965,0.0,1.0,0.06826666666666666,1.3877787807814457e-17,True,True,True,True,True
1e+22,2048,logarithmic,mixture,0.0,0.0,0.8959938451068744,0.06116651315929595,0.04283964173382965,0.0,1.0,0.06826666666666666,1.3877787807814457e-17,True,True,True,True,True
1e+22,4096,logarithmic,fixed_ref,0.0,0.0,0.843329661453557,0.11514260977712563,0.04152772876931721,2.097152e-16,1.0,0.1365333333333333,2.7755575615628914e-17,True,True,True,True,True
1e+22,4096,logarithmic,mixture,0.0,0.0,0.843329661453557,0.11514260977712563,0.04152772876931721,2.097152e-16,1.0,0.1365333333333333,2.7755575615628914e-17,True,True,True,True,True
1e+22,8192,logarithmic,fixed_ref,0.0,0.0,0.7546850925948908,0.20607934261791158,0.03923556478719766,0.0,1.0,0.27306666666666674,5.551115123125783e-17,True,True,True,True,True
1e+22,8192,logarithmic,mixture,0.0,0.0,0.7546850925948908,0.20607934261791158,0.03923556478719766,0.0,1.0,0.27306666666666674,5.551115123125783e-17,True,True,True,True,True
1e+22,32768,logarithmic,fixed_ref,0.0,0.0,0.4633887202026978,0.5061440527867334,0.030467227010568986,-2.097152e-16,1.0,1.0922666666666667,0.0,True,True,True,True,True
1e+22,32768,logarithmic,mixture,0.0,0.0,0.4633887202026978,0.5061440527867334,0.030467227010568986,-2.097152e-16,1.0,1.0922666666666667,0.0,True,True,True,True,True
1e+22,131072,logarithmic,fixed_ref,0.0,0.0,0.18277881955480235,0.7985728478895684,0.01864833255562935,0.0,1.0,4.369066666666666,8.881784197001252e-16,True,True,True,True,True
1e+22,131072,logarithmic,mixture,0.0,0.0,0.18277881955480235,0.7985728478895684,0.01864833255562935,0.0,1.0,4.369066666666666,8.881784197001252e-16,True,True,True,True,True
1e+24,2048,exponential,fixed_ref,0.0,0.0,0.9222774797184193,0.06296080928211077,0.01476171099946995,0.0,1.0,0.06826666666666668,1.3877787807814457e-17,True,True,True,True,True
1e+24,2048,exponential,mixture,0.0,0.0,0.9222774797184193,0.06296080928211077,0.01476171099946995,0.0,1.0,0.06826666666666668,1.3877787807814457e-17,True,True,True,True,True
1e+24,4096,exponential,fixed_ref,0.0,0.0,0.8673014697806731,0.11841556067405458,0.014282969545272313,0.0,1.0,0.13653333333333334,0.0,True,True,True,True,True
1e+24,4096,exponential,mixture,0.0,0.0,0.8673014697806731,0.11841556067405458,0.014282969545272313,0.0,1.0,0.13653333333333334,0.0,True,True,True,True,True
1e+24,8192,exponential,fixed_ref,0.0,0.0,0.774946957130586,0.21161218242712537,0.013440860442288824,-2.6843545600000003e-16,1.0,0.2730666666666667,0.0,True,True,True,True,True
1e+24,8192,exponential,mixture,0.0,0.0,0.774946957130586,0.21161218242712537,0.013440860442288824,-2.6843545600000003e-16,1.0,0.2730666666666667,0.0,True,True,True,True,True
1e+24,32768,exponential,fixed_ref,0.0,0.0,0.4730231184811492,0.5166673848796766,0.010309496639174374,0.0,1.0000000000000002,1.0922666666666667,0.0,True,True,True,True,True
1e+24,32768,exponential,mixture,0.0,0.0,0.4730231184811492,0.5166673848796766,0.010309496639174374,0.0,1.0000000000000002,1.0922666666666667,0.0,True,True,True,True,True
1e+24,131072,exponential,fixed_ref,0.0,0.0,0.18509698587124762,0.8087010710705389,0.00620194305821353,0.0,1.0,4.369066666666667,0.0,True,True,True,True,True
1e+24,131072,exponential,mixture,0.0,0.0,0.18509698587124762,0.8087010710705389,0.00620194305821353,0.0,1.0,4.369066666666667,0.0,True,True,True,True,True
1e+24,2048,power,fixed_ref,0.0,0.0,0.9191028726874685,0.06274408944213118,0.018153037870400145,1.3421772800000001e-16,0.9999999999999999,0.06826666666666667,0.0,True,True,True,True,True
1e+24,2048,power,mixture,0.0,0.0,0.9191028726874685,0.06274408944213118,0.018153037870400145,1.3421772800000001e-16,0.9999999999999999,0.06826666666666667,0.0,True,True,True,True,True
1e+24,4096,power,fixed_ref,0.0,0.0,0.8644051341248514,0.11802011431251305,0.017574751562635656,-1.3421772800000001e-16,0.9999999999999999,0.13653333333333334,0.0,True,True,True,True,True
1e+24,4096,power,mixture,0.0,0.0,0.8644051341248514,0.11802011431251305,0.017574751562635656,-1.3421772800000001e-16,0.9999999999999999,0.13653333333333334,0.0,True,True,True,True,True
1e+24,8192,power,fixed_ref,0.0,0.0,0.7725048603251911,0.21094532719279882,0.016549812482010106,1.3421772800000001e-16,1.0000000000000002,0.2730666666666666,5.551115123125783e-17,True,True,True,True,True
1e+24,8192,power,mixture,0.0,0.0,0.7725048603251911,0.21094532719279882,0.016549812482010106,1.3421772800000001e-16,1.0000000000000002,0.2730666666666666,5.551115123125783e-17,True,True,True,True,True
1e+24,32768,power,fixed_ref,0.0,0.0,0.47187597139068826,0.5154143943510024,0.012709634258309219,0.0,0.9999999999999999,1.0922666666666667,0.0,True,True,True,True,True
1e+24,32768,power,mixture,0.0,0.0,0.47187597139068826,0.5154143943510024,0.012709634258309219,0.0,0.9999999999999999,1.0922666666666667,0.0,True,True,True,True,True
1e+24,131072,power,fixed_ref,0.0,0.0,0.184824599733012,0.8075109978735115,0.007664402393476445,0.0,1.0,4.369066666666667,0.0,True,True,True,True,True
1e+24,131072,power,mixture,0.0,0.0,0.184824599733012,0.8075109978735115,0.007664402393476445,0.0,1.0,4.369066666666667,0.0,True,True,True,True,True
1e+24,2048,logarithmic,fixed_ref,0.0,0.0,0.930653223690949,0.0635325934039688,0.005814182905082127,0.0,1.0,0.06826666666666668,1.3877787807814457e-17,True,True,True,True,True
1e+24,2048,logarithmic,mixture,0.0,0.0,0.930653223690949,0.0635325934039688,0.005814182905082127,0.0,1.0,0.06826666666666668,1.3877787807814457e-17,True,True,True,True,True
1e+24,4096,logarithmic,fixed_ref,0.0,0.0,0.8749226725120007,0.11945610888697183,0.005621218601027588,0.0,1.0000000000000002,0.13653333333333334,0.0,True,True,True,True,True
1e+24,4096,logarithmic,mixture,0.0,0.0,0.8749226725120007,0.11945610888697183,0.005621218601027588,0.0,1.0000000000000002,0.13653333333333334,0.0,True,True,True,True,True
1e+24,8192,logarithmic,fixed_ref,0.0,0.0,0.7813518080672495,0.21336113372289697,0.005287058209853547,0.0,1.0,0.27306666666666674,5.551115123125783e-17,True,True,True,True,True
1e+24,8192,logarithmic,mixture,0.0,0.0,0.7813518080672495,0.21336113372289697,0.005287058209853547,0.0,1.0,0.27306666666666674,5.551115123125783e-17,True,True,True,True,True
1e+24,32768,logarithmic,fixed_ref,0.0,0.0,0.4760207597857563,0.5199416085553221,0.004037631658921475,0.0,0.9999999999999999,1.0922666666666667,0.0,True,True,True,True,True
1e+24,32768,logarithmic,mixture,0.0,0.0,0.4760207597857563,0.5199416085553221,0.004037631658921475,0.0,0.9999999999999999,1.0922666666666667,0.0,True,True,True,True,True
1e+24,131072,logarithmic,fixed_ref,0.0,0.0,0.18580217962093223,0.8117821095758275,0.00241571080324043,0.0,1.0000000000000002,4.369066666666666,8.881784197001252e-16,True,True,True,True,True
1e+24,131072,logarithmic,mixture,0.0,0.0,0.18580217962093223,0.8117821095758275,0.00241571080324043,0.0,1.0000000000000002,4.369066666666666,8.881784197001252e-16,True,True,True,True,True
1e+19,2048,exponential,fixed_ref,0.0,0.0,0.7959380306816551,0.05433603622786766,0.14972593309047716,0.0,1.0,0.06826666666666667,0.0,True,True,True,True,True
1e+19,2048,exponential,mixture,0.0,0.0,0.7959380306816551,0.05433603622786766,0.14972593309047716,0.0,1.0,0.06826666666666667,0.0,True,True,True,True,True
1e+19,4096,exponential,fixed_ref,0.0,0.0,0.7473038597376824,0.10203188698285158,0.15066425327946587,2.048e-16,1.0,0.13653333333333334,0.0,True,True,True,True,True
1e+19,4096,exponential,mixture,0.0,0.0,0.7473038597376824,0.10203188698285158,0.15066425327946587,2.048e-16,1.0,0.13653333333333334,0.0,True,True,True,True,True
1e+19,8192,exponential,fixed_ref,0.0,0.0,0.665999019559207,0.1818621322743008,0.15213884816649229,-2.048e-16,1.0,0.2730666666666666,5.551115123125783e-17,True,True,True,True,True
1e+19,8192,exponential,mixture,0.0,0.0,0.665999019559207,0.1818621322743008,0.15213884816649229,-2.048e-16,1.0,0.2730666666666666,5.551115123125783e-17,True,True,True,True,True
1e+19,32768,exponential,fixed_ref,0.0,0.0,0.40342295495708874,0.44064544626779617,0.15593159877511523,0.0,1.0000000000000002,1.0922666666666667,0.0,True,True,True,True,True
1e+19,32768,exponential,mixture,0.0,0.0,0.40342295495708874,0.44064544626779617,0.15593159877511523,0.0,1.0000000000000002,1.0922666666666667,0.0,True,True,True,True,True
1e+19,131072,exponential,fixed_ref,0.0,0.0,0.15727620252522634,0.6871502139128822,0.15557358356189152,0.0,1.0,4.369066666666667,0.0,True,True,True,True,True
1e+19,131072,exponential,mixture,0.0,0.0,0.15727620252522634,0.6871502139128822,0.15557358356189152,0.0,1.0,4.369066666666667,0.0,True,True,True,True,True
1e+19,2048,power,fixed_ref,0.0,0.0,0.8542456979959607,0.05831650631652425,0.08743779568751503,0.0,1.0,0.06826666666666666,1.3877787807814457e-17,True,True,True,True,True
1e+19,2048,power,mixture,0.0,0.0,0.8542456979959607,0.05831650631652425,0.08743779568751503,0.0,1.0,0.06826666666666666,1.3877787807814457e-17,True,True,True,True,True
1e+19,4096,power,fixed_ref,0.0,0.0,0.7978061168498995,0.10892712848723962,0.09326675466286082,0.0,1.0,0.13653333333333334,0.0,True,True,True,True,True
1e+19,4096,power,mixture,0.0,0.0,0.7978061168498995,0.10892712848723962,0.09326675466286082,0.0,1.0,0.13653333333333334,0.0,True,True,True,True,True
1e+19,8192,power,fixed_ref,0.0,0.0,0.7046393344218804,0.19241351425280148,0.10294715132531806,0.0,1.0,0.2730666666666667,0.0,True,True,True,True,True
1e+19,8192,power,mixture,0.0,0.0,0.7046393344218804,0.19241351425280148,0.10294715132531806,0.0,1.0,0.2730666666666667,0.0,True,True,True,True,True
1e+19,32768,power,fixed_ref,0.0,0.0,0.4137649419509069,0.4519416539282439,0.13429340412084936,-2.048e-16,1.0,1.0922666666666667,0.0,True,True,True,True,True
1e+19,32768,power,mixture,0.0,0.0,0.4137649419509069,0.4519416539282439,0.13429340412084936,-2.048e-16,1.0,1.0922666666666667,0.0,True,True,True,True,True
1e+19,131072,power,fixed_ref,0.0,0.0,0.15522985514610843,0.6782095857903576,0.16656055906353415,-2.048e-16,1.0,4.369066666666668,8.881784197001252e-16,True,True,True,True,True
1e+19,131072,power,mixture,0.0,0.0,0.15522985514610843,0.6782095857903576,0.16656055906353415,-2.048e-16,1.0,4.369066666666668,8.881784197001252e-16,True,True,True,True,True
1e+19,2048,logarithmic,fixed_ref,0.0,0.0,0.5807572302788601,0.039646360253703515,0.3795964094674364,0.0,1.0,0.06826666666666667,0.0,True,True,True,True,True
1e+19,2048,logarithmic,mixture,0.0,0.0,0.5807572302788601,0.039646360253703515,0.3795964094674364,0.0,1.0,0.06826666666666667,0.0,True,True,True,True,True
1e+19,4096,logarithmic,fixed_ref,0.0,0.0,0.5507053950070423,0.0751896432649615,0.37410496172799623,0.0,1.0,0.1365333333333333,2.7755575615628914e-17,True,True,True,True,True
1e+19,4096,logarithmic,mixture,0.0,0.0,0.5507053950070423,0.0751896432649615,0.37410496172799623,0.0,1.0,0.1365333333333333,2.7755575615628914e-17,True,True,True,True,True
1e+19,8192,logarithmic,fixed_ref,0.0,0.0,0.4996792930910386,0.13644575896672628,0.36387494794223524,0.0,1.0,0.2730666666666667,0.0,True,True,True,True,True
1e+19,8192,logarithmic,mixture,0.0,0.0,0.4996792930910386,0.13644575896672628,0.36387494794223524,0.0,1.0,0.2730666666666667,0.0,True,True,True,True,True
1e+19,32768,logarithmic,fixed_ref,0.0,1.1259614875489306e-16,0.32498337379955394,0.3549685064221262,0.32004811977831993,0.0,1.0,1.092266666666667,2.220446049250313e-16,True,True,True,True,True
1e+19,32768,logarithmic,mixture,0.0,1.1259614875489306e-16,0.32498337379955394,0.3549685064221262,0.32004811977831993,0.0,1.0,1.092266666666667,2.220446049250313e-16,True,True,True,True,True
1e+19,131072,logarithmic,fixed_ref,0.0,0.0,0.14123342355043728,0.6170582430534305,0.2417083333961322,0.0,0.9999999999999999,4.369066666666667,0.0,True,True,True,True,True
1e+19,131072,logarithmic,mixture,0.0,0.0,0.14123342355043728,0.6170582430534305,0.2417083333961322,0.0,0.9999999999999999,4.369066666666667,0.0,True,True,True,True,True
1e+22,2048,exponential,fixed_ref,0.0,0.0,0.8447130252193149,0.05766574252163857,0.09762123225904655,0.0,1.0,0.06826666666666667,0.0,True,True,True,True,True
1e+22,2048,exponential,mixture,0.0,0.0,0.8447130252193149,0.05766574252163857,0.09762123225904655,0.0,1.0,0.06826666666666667,0.0,True,True,True,True,True
1e+22,4096,exponential,fixed_ref,0.0,0.0,0.7962919064404883,0.10872038829267468,0.09498770526683695,0.0,1.0,0.13653333333333334,0.0,True,True,True,True,True
1e+22,4096,exponential,mixture,0.0,0.0,0.7962919064404883,0.10872038829267468,0.09498770526683695,0.0,1.0,0.13653333333333334,0.0,True,True,True,True,True
1e+22,8192,exponential,fixed_ref,0.0,0.0,0.7146181359004318,0.19513839230987795,0.09024347178969029,0.0,1.0,0.27306666666666674,5.551115123125783e-17,True,True,True,True,True
1e+22,8192,exponential,mixture,0.0,0.0,0.7146181359004318,0.19513839230987795,0.09024347178969029,0.0,1.0,0.27306666666666674,5.551115123125783e-17,True,True,True,True,True
1e+22,32768,exponential,fixed_ref,0.0,1.6634152594612464e-16,0.4436433413381955,0.4845768336323329,0.07177982502947164,0.0,1.0,1.0922666666666665,2.220446049250313e-16,True,True,True,True,True
1e+22,32768,exponential,mixture,0.0,1.6634152594612464e-16,0.4436433413381955,0.4845768336323329,0.07177982502947164,0.0,1.0,1.0922666666666665,2.220446049250313e-16,True,True,True,True,True
1e+22,131072,exponential,fixed_ref,0.0,0.0,0.17778196913911398,0.7767412753000649,0.04547675556082129,-2.097152e-16,1.0,4.369066666666666,8.881784197001252e-16,True,True,True,True,True
1e+22,131072,exponential,mixture,0.0,0.0,0.17778196913911398,0.7767412753000649,0.04547675556082129,-2.097152e-16,1.0,4.369066666666666,8.881784197001252e-16,True,True,True,True,True
1e+22,2048,power,fixed_ref,0.0,0.0,0.8276987226605013,0.056504232800290224,0.11579704453920853,0.0,1.0,0.06826666666666667,0.0,True,True,True,True,True
1e+22,2048,power,mixture,0.0,0.0,0.8276987226605013,0.056504232800290224,0.11579704453920853,0.0,1.0,0.06826666666666667,0.0,True,True,True,True,True
1e+22,4096,power,fixed_ref,0.0,0.0,0.7806554887079689,0.10658549605826136,0.1127590152337698,0.0,1.0,0.13653333333333334,0.0,True,True,True,True,True
1e+22,4096,power,mixture,0.0,0.0,0.7806554887079689,0.10658549605826136,0.1127590152337698,0.0,1.0,0.13653333333333334,0.0,True,True,True,True,True
1e+22,8192,power,fixed_ref,0.0,0.0,0.701180898032932,0.19146913055619263,0.10734997141087539,0.0,1.0,0.2730666666666667,0.0,True,True,True,True,True
1e+22,8192,power,mixture,0.0,0.0,0.701180898032932,0.19146913055619263,0.10734997141087539,0.0,1.0,0.2730666666666667,0.0,True,True,True,True,True
1e+22,32768,power,fixed_ref,0.0,0.0,0.4368350434310975,0.47714035677167344,0.0860245997972291,0.0,1.0,1.0922666666666667,0.0,True,True,True,True,True
1e+22,32768,power,mixture,0.0,0.0,0.4368350434310975,0.47714035677167344,0.0860245997972291,0.0,1.0,1.0922666666666667,0.0,True,True,True,True,True
1e+22,131072,power,fixed_ref,0.0,0.0,0.175981861961743,0.7688764870349862,0.055141651003270946,-2.097152e-16,1.0,4.369066666666668,8.881784197001252e-16,True,True,True,True,True
1e+22,131072,power,mixture,0.0,0.0,0.175981861961743,0.7688764870349862,0.055141651003270946,-2.097152e-16,1.0,4.369066666666668,8.881784197001252e-16,True,True,True,True,True
1e+22,2048,logarithmic,fixed_ref,0.0,0.0,0.8959938451068744,0.06116651315929595,0.04283964173382965,0.0,1.0,0.06826666666666666,1.3877787807814457e-17,True,True,True,True,True
1e+22,2048,logarithmic,mixture,0.0,0.0,0.8959938451068744,0.06116651315929595,0.04283964173382965,0.0,1.0,0.06826666666666666,1.3877787807814457e-17,True,True,True,True,True
1e+22,4096,logarithmic,fixed_ref,0.0,0.0,0.843329661453557,0.11514260977712563,0.04152772876931721,2.097152e-16,1.0,0.1365333333333333,2.7755575615628914e-17,True,True,True,True,True
1e+22,4096,logarithmic,mixture,0.0,0.0,0.843329661453557,0.11514260977712563,0.04152772876931721,2.097152e-16,1.0,0.1365333333333333,2.7755575615628914e-17,True,True,True,True,True
1e+22,8192,logarithmic,fixed_ref,0.0,0.0,0.7546850925948908,0.20607934261791158,0.03923556478719766,0.0,1.0,0.27306666666666674,5.551115123125783e-17,True,True,True,True,True
1e+22,8192,logarithmic,mixture,0.0,0.0,0.7546850925948908,0.20607934261791158,0.03923556478719766,0.0,1.0,0.27306666666666674,5.551115123125783e-17,True,True,True,True,True
1e+22,32768,logarithmic,fixed_ref,0.0,0.0,0.4633887202026978,0.5061440527867334,0.030467227010568986,-2.097152e-16,1.0,1.0922666666666667,0.0,True,True,True,True,True
1e+22,32768,logarithmic,mixture,0.0,0.0,0.4633887202026978,0.5061440527867334,0.030467227010568986,-2.097152e-16,1.0,1.0922666666666667,0.0,True,True,True,True,True
1e+22,131072,logarithmic,fixed_ref,0.0,0.0,0.18277881955480235,0.7985728478895684,0.01864833255562935,0.0,1.0,4.369066666666666,8.881784197001252e-16,True,True,True,True,True
1e+22,131072,logarithmic,mixture,0.0,0.0,0.18277881955480235,0.7985728478895684,0.01864833255562935,0.0,1.0,4.369066666666666,8.881784197001252e-16,True,True,True,True,True
1e+24,2048,exponential,fixed_ref,0.0,0.0,0.9222774797184193,0.06296080928211077,0.01476171099946995,0.0,1.0,0.06826666666666668,1.3877787807814457e-17,True,True,True,True,True
1e+24,2048,exponential,mixture,0.0,0.0,0.9222774797184193,0.06296080928211077,0.01476171099946995,0.0,1.0,0.06826666666666668,1.3877787807814457e-17,True,True,True,True,True
1e+24,4096,exponential,fixed_ref,0.0,0.0,0.8673014697806731,0.11841556067405458,0.014282969545272313,0.0,1.0,0.13653333333333334,0.0,True,True,True,True,True
1e+24,4096,exponential,mixture,0.0,0.0,0.8673014697806731,0.11841556067405458,0.014282969545272313,0.0,1.0,0.13653333333333334,0.0,True,True,True,True,True
1e+24,8192,exponential,fixed_ref,0.0,0.0,0.774946957130586,0.21161218242712537,0.013440860442288824,-2.6843545600000003e-16,1.0,0.2730666666666667,0.0,True,True,True,True,True
1e+24,8192,exponential,mixture,0.0,0.0,0.774946957130586,0.21161218242712537,0.013440860442288824,-2.6843545600000003e-16,1.0,0.2730666666666667,0.0,True,True,True,True,True
1e+24,32768,exponential,fixed_ref,0.0,0.0,0.4730231184811492,0.5166673848796766,0.010309496639174374,0.0,1.0000000000000002,1.0922666666666667,0.0,True,True,True,True,True
1e+24,32768,exponential,mixture,0.0,0.0,0.4730231184811492,0.5166673848796766,0.010309496639174374,0.0,1.0000000000000002,1.0922666666666667,0.0,True,True,True,True,True
1e+24,131072,exponential,fixed_ref,0.0,0.0,0.18509698587124762,0.8087010710705389,0.00620194305821353,0.0,1.0,4.369066666666667,0.0,True,True,True,True,True
1e+24,131072,exponential,mixture,0.0,0.0,0.18509698587124762,0.8087010710705389,0.00620194305821353,0.0,1.0,4.369066666666667,0.0,True,True,True,True,True
1e+24,2048,power,fixed_ref,0.0,0.0,0.9191028726874685,0.06274408944213118,0.018153037870400145,1.3421772800000001e-16,0.9999999999999999,0.06826666666666667,0.0,True,True,True,True,True
1e+24,2048,power,mixture,0.0,0.0,0.9191028726874685,0.06274408944213118,0.018153037870400145,1.3421772800000001e-16,0.9999999999999999,0.06826666666666667,0.0,True,True,True,True,True
1e+24,4096,power,fixed_ref,0.0,0.0,0.8644051341248514,0.11802011431251305,0.017574751562635656,-1.3421772800000001e-16,0.9999999999999999,0.13653333333333334,0.0,True,True,True,True,True
1e+24,4096,power,mixture,0.0,0.0,0.8644051341248514,0.11802011431251305,0.017574751562635656,-1.3421772800000001e-16,0.9999999999999999,0.13653333333333334,0.0,True,True,True,True,True
1e+24,8192,power,fixed_ref,0.0,0.0,0.7725048603251911,0.21094532719279882,0.016549812482010106,1.3421772800000001e-16,1.0000000000000002,0.2730666666666666,5.551115123125783e-17,True,True,True,True,True
1e+24,8192,power,mixture,0.0,0.0,0.7725048603251911,0.21094532719279882,0.016549812482010106,1.3421772800000001e-16,1.0000000000000002,0.2730666666666666,5.551115123125783e-17,True,True,True,True,True
1e+24,32768,power,fixed_ref,0.0,0.0,0.47187597139068826,0.5154143943510024,0.012709634258309219,0.0,0.9999999999999999,1.0922666666666667,0.0,True,True,True,True,True
1e+24,32768,power,mixture,0.0,0.0,0.47187597139068826,0.5154143943510024,0.012709634258309219,0.0,0.9999999999999999,1.0922666666666667,0.0,True,True,True,True,True
1e+24,131072,power,fixed_ref,0.0,0.0,0.184824599733012,0.8075109978735115,0.007664402393476445,0.0,1.0,4.369066666666667,0.0,True,True,True,True,True
1e+24,131072,power,mixture,0.0,0.0,0.184824599733012,0.8075109978735115,0.007664402393476445,0.0,1.0,4.369066666666667,0.0,True,True,True,True,True
1e+24,2048,logarithmic,fixed_ref,0.0,0.0,0.930653223690949,0.0635325934039688,0.005814182905082127,0.0,1.0,0.06826666666666668,1.3877787807814457e-17,True,True,True,True,True
1e+24,2048,logarithmic,mixture,0.0,0.0,0.930653223690949,0.0635325934039688,0.005814182905082127,0.0,1.0,0.06826666666666668,1.3877787807814457e-17,True,True,True,True,True
1e+24,4096,logarithmic,fixed_ref,0.0,0.0,0.8749226725120007,0.11945610888697183,0.005621218601027588,0.0,1.0000000000000002,0.13653333333333334,0.0,True,True,True,True,True
1e+24,4096,logarithmic,mixture,0.0,0.0,0.8749226725120007,0.11945610888697183,0.005621218601027588,0.0,1.0000000000000002,0.13653333333333334,0.0,True,True,True,True,True
1e+24,8192,logarithmic,fixed_ref,0.0,0.0,0.7813518080672495,0.21336113372289697,0.005287058209853547,0.0,1.0,0.27306666666666674,5.551115123125783e-17,True,True,True,True,True
1e+24,8192,logarithmic,mixture,0.0,0.0,0.7813518080672495,0.21336113372289697,0.005287058209853547,0.0,1.0,0.27306666666666674,5.551115123125783e-17,True,True,True,True,True
1e+24,32768,logarithmic,fixed_ref,0.0,0.0,0.4760207597857563,0.5199416085553221,0.004037631658921475,0.0,0.9999999999999999,1.0922666666666667,0.0,True,True,True,True,True
1e+24,32768,logarithmic,mixture,0.0,0.0,0.4760207597857563,0.5199416085553221,0.004037631658921475,0.0,0.9999999999999999,1.0922666666666667,0.0,True,True,True,True,True
1e+24,131072,logarithmic,fixed_ref,0.0,0.0,0.18580217962093223,0.8117821095758275,0.00241571080324043,0.0,1.0000000000000002,4.369066666666666,8.881784197001252e-16,True,True,True,True,True
1e+24,131072,logarithmic,mixture,0.0,0.0,0.18580217962093223,0.8117821095758275,0.00241571080324043,0.0,1.0000000000000002,4.369066666666666,8.881784197001252e-16,True,True,True,True,True
