functional,omega,C,cost_form,ell,q0_mode,N_B,D_B,Q,h_true,L_pred,trust_status,L_correct_unit_rescore
quality_linear,0.0,1e+19,exponential,2048,fixed_ref,0.0215920229587635,72.25630332734711,0.4166325411033009,1.0,1.692314261499306,in,3.449747505370997
quality_linear,0.0,1e+19,exponential,2048,mixture,0.0228524797792075,68.27091744235928,0.4871620101591301,1.0,1.692266108462679,box_only,3.416100999188332
quality_linear,0.0,1e+19,exponential,4096,fixed_ref,0.0209958438091073,69.84466499559211,0.4166325411033009,1.0,1.6923383070141471,in,3.466572236960686
quality_linear,0.0,1e+19,exponential,4096,mixture,0.0222214980509868,65.9922960091233,0.4871620101591301,1.0,1.6922896939053464,box_only,3.4326040779699656
quality_linear,0.0,1e+19,exponential,8192,fixed_ref,0.0199452736855723,65.63834204082536,0.4166325411033009,1.0,1.692382940950535,in,3.49782064578163
quality_linear,0.0,1e+19,exponential,8192,mixture,0.0211095998027044,62.0179780056156,0.4871620101591301,1.0,1.692333473844469,box_only,3.4632550848244446
quality_linear,0.0,1e+19,exponential,32768,fixed_ref,0.0159348018241459,49.990219868494165,0.4166325411033009,1.0,1.6925878289987637,in,3.6411608961789277
quality_linear,0.0,1e+19,exponential,32768,mixture,0.016873298906258,47.209751405191696,0.4871620101591301,1.0,1.692534441686993,box_only,3.6036863039647855
quality_linear,0.0,1e+19,exponential,131072,fixed_ref,0.0104161365988311,29.80185424958124,0.4166325411033009,1.0,1.6930221433704056,in,3.9447483731554733
quality_linear,0.0,1e+19,exponential,131072,mixture,0.0110241894173997,28.15809607481448,0.4871620101591301,1.0,1.6929604461348704,box_only,3.901638500392645
quality_linear,0.0,1e+19,power,2048,fixed_ref,0.0215920229587635,72.25630332734711,0.4166325411033009,1.0,1.692314261499306,in,3.449747505370997
quality_linear,0.0,1e+19,power,2048,mixture,0.0228524797792075,68.27091744235928,0.4871620101591301,1.0,1.692266108462679,box_only,3.416100999188332
quality_linear,0.0,1e+19,power,4096,fixed_ref,0.0209958438091073,69.84466499559211,0.4166325411033009,1.0,1.6923383070141471,in,3.466572236960686
quality_linear,0.0,1e+19,power,4096,mixture,0.0222214980509868,65.9922960091233,0.4871620101591301,1.0,1.6922896939053464,box_only,3.4326040779699656
quality_linear,0.0,1e+19,power,8192,fixed_ref,0.0199452736855723,65.63834204082536,0.4166325411033009,1.0,1.692382940950535,in,3.49782064578163
quality_linear,0.0,1e+19,power,8192,mixture,0.0211095998027044,62.0179780056156,0.4871620101591301,1.0,1.692333473844469,box_only,3.4632550848244446
quality_linear,0.0,1e+19,power,32768,fixed_ref,0.0159348018241459,49.990219868494165,0.4166325411033009,1.0,1.6925878289987637,in,3.6411608961789277
quality_linear,0.0,1e+19,power,32768,mixture,0.016873298906258,47.209751405191696,0.4871620101591301,1.0,1.692534441686993,box_only,3.6036863039647855
quality_linear,0.0,1e+19,power,131072,fixed_ref,0.0104161365988311,29.80185424958124,0.4166325411033009,1.0,1.6930221433704056,in,3.9447483731554733
quality_linear,0.0,1e+19,power,131072,mixture,0.0110241894173997,28.15809607481448,0.4871620101591301,1.0,1.6929604461348704,box_only,3.901638500392645
quality_linear,0.0,1e+19,logarithmic,2048,fixed_ref,0.0215920229587635,72.25630332734711,0.4166325411033009,1.0,1.692314261499306,in,3.449747505370997
quality_linear,0.0,1e+19,logarithmic,2048,mixture,0.0228524797792075,68.27091744235928,0.4871620101591301,1.0,1.692266108462679,box_only,3.416100999188332
quality_linear,0.0,1e+19,logarithmic,4096,fixed_ref,0.0209958438091073,69.84466499559211,0.4166325411033009,1.0,1.6923383070141471,in,3.466572236960686
quality_linear,0.0,1e+19,logarithmic,4096,mixture,0.0222214980509868,65.9922960091233,0.4871620101591301,1.0,1.6922896939053464,box_only,3.4326040779699656
quality_linear,0.0,1e+19,logarithmic,8192,fixed_ref,0.0199452736855723,65.63834204082536,0.4166325411033009,1.0,1.692382940950535,in,3.49782064578163
quality_linear,0.0,1e+19,logarithmic,8192,mixture,0.0211095998027044,62.0179780056156,0.4871620101591301,1.0,1.692333473844469,box_only,3.4632550848244446
quality_linear,0.0,1e+19,logarithmic,32768,fixed_ref,0.0159348018241459,49.990219868494165,0.4166325411033009,1.0,1.6925878289987637,in,3.6411608961789277
quality_linear,0.0,1e+19,logarithmic,32768,mixture,0.016873298906258,47.209751405191696,0.4871620101591301,1.0,1.692534441686993,box_only,3.6036863039647855
quality_linear,0.0,1e+19,logarithmic,131072,fixed_ref,0.0104161365988311,29.80185424958124,0.4166325411033009,1.0,1.6930221433704056,in,3.9447483731554733
quality_linear,0.0,1e+19,logarithmic,131072,mixture,0.0110241894173997,28.15809607481448,0.4871620101591301,1.0,1.6929604461348704,box_only,3.901638500392645
quality_linear,0.0,1e+22,exponential,2048,fixed_ref,0.7390832048187815,1786.5544052099483,0.7644906677270099,1.0,1.690630005622433,in,2.244141293291543
quality_linear,0.0,1e+22,exponential,2048,mixture,0.7261282500540663,1843.1994138175676,0.7602243073098676,1.0,1.6906284131378808,box_only,2.245300089225355
quality_linear,0.0,1e+22,exponential,4096,fixed_ref,0.7202666946511164,1723.8166870950863,0.7693909543817422,1.0,1.690637236516379,in,2.248990000513017
quality_linear,0.0,1e+22,exponential,4096,mixture,0.7079892551963212,1776.6976776671731,0.7652569574501724,1.0,1.690635686986963,box_only,2.2501304710282417
quality_linear,0.0,1e+22,exponential,8192,fixed_ref,0.6864148438890036,1616.1073519237568,0.7782425832914014,1.0,1.690650647113936,in,2.258070278793574
quality_linear,0.0,1e+22,exponential,8192,mixture,0.6757094613478459,1661.8187541474754,0.7744059871889335,1.0,1.690649173039135,box_only,2.2591185903413415
quality_linear,0.0,1e+22,exponential,32768,fixed_ref,0.5557165531616646,1219.440588216475,0.817055964889995,1.0,1.6907120322117328,in,2.2996763273734837
quality_linear,0.0,1e+22,exponential,32768,mixture,0.5490686740526706,1245.3957127318668,0.8141475124816686,1.0,1.6907108451281865,box_only,2.3005463389632546
quality_linear,0.0,1e+22,exponential,131072,fixed_ref,0.3708286954532517,718.3964746671064,0.8908402810912497,1.0,1.690841381768011,in,2.387784540023687
quality_linear,0.0,1e+22,exponential,131072,mixture,0.368468189147868,726.7798284483092,0.889213318514643,1.0,1.6908405892385414,box_only,2.388290452173962
quality_linear,0.0,1e+22,power,2048,fixed_ref,0.7340179266611321,1754.0608890521355,0.6920597640303958,1.0,1.6906445121898166,in,2.249586744345071
quality_linear,0.0,1e+22,power,2048,mixture,0.7024466300419726,1892.586294202954,0.6790317967582609,1.0,1.6906411746090109,box_only,2.252701557710541
quality_linear,0.0,1e+22,power,4096,fixed_ref,0.7174417842712534,1684.6655361572473,0.6990757300027267,1.0,1.690651755841625,in,2.2541624853832607
quality_linear,0.0,1e+22,power,4096,mixture,0.6881028131028888,1811.1077656958007,0.6865397449295312,1.0,1.6906485253711123,box_only,2.2571303423061693
quality_linear,0.0,1e+22,power,8192,fixed_ref,0.6881028131028888,1564.6709925934697,0.7121120481508717,1.0,1.6906651687924776,in,2.2626275958176256
quality_linear,0.0,1e+22,power,8192,mixture,0.6619116119411185,1673.1698047229245,0.7002701273775375,1.0,1.690662124405369,box_only,2.2654238040564545
quality_linear,0.0,1e+22,power,32768,fixed_ref,0.5712155216230432,1137.8921687655877,0.7711332785256471,1.0,1.6907262369081466,in,2.3015025969275023
quality_linear,0.0,1e+22,power,32768,mixture,0.5557165531616646,1193.2289237201862,0.7620294970341073,1.0,1.6907238769011668,box_only,2.3035885794971986
quality_linear,0.0,1e+22,power,131072,fixed_ref,0.3981071705534968,630.2788037207847,0.8938582354119419,1.0,1.6908534107698188,in,2.383335881050353
quality_linear,0.0,1e+22,power,131072,mixture,0.3922834625395209,646.5297164029765,0.8881876425349612,1.0,1.6908519316637909,box_only,2.384579129183455
quality_linear,0.0,1e+22,logarithmic,2048,fixed_ref,0.883785082255996,1393.4998168928687,1.0,1.0,1.6906143089563717,in,2.2224787515247577
quality_linear,0.0,1e+22,logarithmic,2048,mixture,0.8537027230038308,1486.4534295528038,1.0,1.0,1.6906092518779736,box_only,2.223922173214784
quality_linear,0.0,1e+22,logarithmic,4096,fixed_ref,0.8537027230038308,1363.6915087594743,1.0,1.0,1.6906211238650943,in,2.227843441652083
quality_linear,0.0,1e+22,logarithmic,4096,mixture,0.8248468749105473,1453.419679055542,1.0,1.0,1.6906161470710956,box_only,2.2293277822180815
quality_linear,0.0,1e+22,logarithmic,8192,fixed_ref,0.801678063387679,1309.7568546297523,1.0,1.0,1.6906338137780763,in,2.2377827692777617
quality_linear,0.0,1e+22,logarithmic,8192,mixture,0.7755324957585902,1392.8824422679045,1.0,1.0,1.6906289826330294,box_only,2.2392680272720176
quality_linear,0.0,1e+22,logarithmic,32768,fixed_ref,0.6108294955902859,1089.3748944270033,1.0,1.0,1.6906926720466555,in,2.283542895742885
quality_linear,0.0,1e+22,logarithmic,32768,mixture,0.5938179663658979,1148.0947401818437,1.0,1.0,1.690688455132257,box_only,2.2850263521157657
quality_linear,0.0,1e+22,logarithmic,131072,fixed_ref,0.3717406037942833,741.4620083298612,1.0,1.0,1.6908200559118678,in,2.380445879032015
quality_linear,0.0,1e+22,logarithmic,131072,mixture,0.3645076661868154,769.3535626779997,1.0,1.0,1.6908168769396492,box_only,2.3817613334892993
quality_linear,0.0,1e+24,exponential,2048,fixed_ref,6.008600551799451,23570.888745708377,1.0,1.0,1.6901895542554368,in,1.9562979691048497
quality_linear,0.0,1e+24,exponential,2048,mixture,5.999752471908251,23638.23852944013,1.0,1.0,1.6901894592020188,box_only,1.9563352423184706
quality_linear,0.0,1e+24,exponential,4096,fixed_ref,5.825501700037946,22915.93906521231,1.0,1.0,1.69019310381402,in,1.9589196715414523
quality_linear,0.0,1e+24,exponential,4096,mixture,5.816923245869832,22980.535896264515,1.0,1.0,1.69019301065694,box_only,1.9589582973993644
quality_linear,0.0,1e+24,exponential,8192,fixed_ref,5.5028372272949015,21764.98353811017,1.0,1.0,1.6901997027163602,in,1.9638080257725934
quality_linear,0.0,1e+24,exponential,8192,mixture,5.493384528073889,21829.775463566,1.0,1.0,1.6901996129575645,box_only,1.9638609270872416
quality_linear,0.0,1e+24,exponential,32768,fixed_ref,4.301302633821375,17268.37732240891,1.0,1.0,1.6902301434301903,in,1.9861962813805576
quality_linear,0.0,1e+24,exponential,32768,mixture,4.29496866819792,17311.32846241085,1.0,1.0,1.6902300674580648,box_only,1.9862481216980445
quality_linear,0.0,1e+24,exponential,131072,fixed_ref,2.724624557469334,10906.95315250286,1.0,1.0,1.690295272708779,in,2.033487973970973
quality_linear,0.0,1e+24,exponential,131072,mixture,2.7232865010918146,10919.72904695105,1.0,1.0,1.6902952181703508,box_only,2.0334999060510275
quality_linear,0.0,1e+24,power,2048,fixed_ref,6.144407350126714,22607.791255809945,1.0,1.0,1.69019091975347,in,1.95571171494799
quality_linear,0.0,1e+24,power,2048,mixture,6.126324544438652,22734.67715702194,1.0,1.0,1.6901907313132805,box_only,1.9557858063892903
quality_linear,0.0,1e+24,power,4096,fixed_ref,5.952782297252953,22005.803304842106,1.0,1.0,1.6901944426130686,in,1.9583480585497863
quality_linear,0.0,1e+24,power,4096,mixture,5.935263438321449,22127.747395934985,1.0,1.0,1.6901942578001616,box_only,1.9584248245338212
quality_linear,0.0,1e+24,power,8192,fixed_ref,5.61754637879216,20938.719857822834,1.0,1.0,1.690200993584019,in,1.9632475691097788
quality_linear,0.0,1e+24,power,8192,mixture,5.603766104733674,21042.802637737568,1.0,1.0,1.6902008152886887,box_only,1.963305795421056
quality_linear,0.0,1e+24,power,32768,fixed_ref,4.373743734297596,16734.840328783128,1.0,1.0,1.6902312391304195,in,1.9856889610533226
quality_linear,0.0,1e+24,power,32768,mixture,4.36301460395205,16809.570421034212,1.0,1.0,1.6902310874516029,box_only,1.9857663801270993
quality_linear,0.0,1e+24,power,131072,fixed_ref,2.75558196282084,10681.619240609689,1.0,1.0,1.6902960626506316,in,2.0330615113368453
quality_linear,0.0,1e+24,power,131072,mixture,2.751524177793618,10711.560345304477,1.0,1.0,1.6902959529275476,box_only,2.033114778486354
quality_linear,0.0,1e+24,logarithmic,2048,fixed_ref,5.6313605400525,26591.334694753103,1.0,1.0,1.6901858472383675,in,1.9581277747677703
quality_linear,0.0,1e+24,logarithmic,2048,mixture,5.590019634749122,26964.848119656835,1.0,1.0,1.6901854320586651,box_only,1.958341992277319
quality_linear,0.0,1e+24,logarithmic,4096,fixed_ref,5.469152081099707,25768.74010923744,1.0,1.0,1.6901894747076456,in,1.960724793588435
quality_linear,0.0,1e+24,logarithmic,4096,mixture,5.429001979420654,26125.363310377328,1.0,1.0,1.690189068813423,box_only,1.960945586698668
quality_linear,0.0,1e+24,logarithmic,8192,fixed_ref,5.181474120187745,24337.03536830636,1.0,1.0,1.6901962128521035,in,1.9655734304615802
quality_linear,0.0,1e+24,logarithmic,8192,mixture,5.145963087716267,24653.34086283232,1.0,1.0,1.6901958234813657,box_only,1.9657821363017434
quality_linear,0.0,1e+24,logarithmic,32768,fixed_ref,4.10015240506615,18873.928427979827,1.0,1.0,1.690227212285457,in,1.9877483140197851
quality_linear,0.0,1e+24,logarithmic,32768,mixture,4.0780573907079045,19065.838500767317,1.0,1.0,1.6902268883457383,box_only,1.9879282303568953
quality_linear,0.0,1e+24,logarithmic,131072,fixed_ref,2.6441941090204626,11535.010722342977,1.0,1.0,1.6902931917191777,in,2.034636514280501
quality_linear,0.0,1e+24,logarithmic,131072,mixture,2.63511758986384,11608.43430774832,1.0,1.0,1.6902929647966047,box_only,2.034773436472835
quality_linear,0.5,1e+19,exponential,2048,fixed_ref,1.3876927947624351,0.9600960603482164,0.8502690188831805,3788.5078766638335,1.6904660617714589,box_only,2.1361253165862792
quality_linear,0.5,1e+19,exponential,2048,mixture,1.3744638862508136,0.9761808182321974,0.8479537927719789,3788.5078766638335,1.6904653806936398,box_only,2.1366359915446673
quality_linear,0.5,1e+19,exponential,4096,fixed_ref,1.3510352073023577,0.9274477248988188,0.8550915232100599,3788.5078766638335,1.6904718997436283,box_only,2.140115596052289
quality_linear,0.5,1e+19,exponential,4096,mixture,1.339142109386571,0.9420540077651608,0.8529180645136385,3788.5078766638335,1.690471236512203,box_only,2.140581701282224
quality_linear,0.5,1e+19,exponential,8192,fixed_ref,1.2869055287097737,0.870175103880337,0.8639898215164309,3788.5078766638335,1.6904827291366344,box_only,2.1474865393657074
quality_linear,0.5,1e+19,exponential,8192,mixture,1.2762037017483097,0.8830593021686286,0.8619440131348377,3788.5078766638335,1.690482097337757,box_only,2.147935694453688
quality_linear,0.5,1e+19,exponential,32768,fixed_ref,1.0390585013266238,0.6589236072484435,0.9029898807018716,3788.5078766638335,1.6905323289944394,box_only,2.1813245264275705
quality_linear,0.5,1e+19,exponential,32768,mixture,1.0324443849593763,0.6663188124193504,0.9014120248329912,3788.5078766638335,1.6905318176943076,box_only,2.1816964661866334
quality_linear,0.5,1e+19,exponential,131072,fixed_ref,0.691151624817032,0.3896340034145606,0.977360675655137,3788.5078766638335,1.6906369537732455,box_only,2.2528783536402077
quality_linear,0.5,1e+19,exponential,131072,mixture,0.6887791624696643,0.3920655133452866,0.9764791984339384,3788.5078766638335,1.6906366103617363,box_only,2.253099266261951
quality_linear,0.5,1e+19,power,2048,fixed_ref,1.454699646614145,0.8708077381409883,0.8244608425015907,3788.5078766638335,1.6904753558488992,box_only,2.1356082615859164
quality_linear,0.5,1e+19,power,2048,mixture,1.4249949764797882,0.902422011088642,0.8171424863423394,3788.5078766638335,1.690474041279015,box_only,2.1367362382106885
quality_linear,0.5,1e+19,power,4096,fixed_ref,1.4208012592019754,0.8375133699515783,0.8325346481327209,3788.5078766638335,1.6904810976464624,box_only,2.13929099078715
quality_linear,0.5,1e+19,power,4096,mixture,1.392472627087041,0.866971977165318,0.8253752455392518,3788.5078766638335,1.6904798228208318,box_only,2.140407045213764
quality_linear,0.5,1e+19,power,8192,fixed_ref,1.360358370779981,0.7800799810601892,0.8474532986149058,3788.5078766638335,1.6904917340903851,box_only,2.1461353128890215
quality_linear,0.5,1e+19,power,8192,mixture,1.3352010545096933,0.8054934865706131,0.8406920068358322,3788.5078766638335,1.690490528751005,box_only,2.1471826956416518
quality_linear,0.5,1e+19,power,32768,fixed_ref,1.1226386759718268,0.5729378218803095,0.9154350531583344,3788.5078766638335,1.6905402218210208,box_only,2.177471689475744
quality_linear,0.5,1e+19,power,32768,mixture,1.107847545934636,0.5862525645995335,0.9101918112190668,3788.5078766638335,1.6905392766945797,box_only,2.178254880918682
quality_linear,0.5,1e+19,power,131072,fixed_ref,0.7340179266611321,0.3509351604210284,1.0,3788.5078766638335,1.6906418258163247,box_only,2.248699446247715
quality_linear,0.5,1e+19,power,131072,mixture,0.7307800228888768,0.3538567930528551,1.0,3788.5078766638335,1.6906411785999549,box_only,2.248906904679453
quality_linear,0.5,1e+19,logarithmic,2048,fixed_ref,1.4582769122295305,0.9209426985861684,1.0,3788.5078766638335,1.6904518007064524,box_only,2.1276428508296106
quality_linear,0.5,1e+19,logarithmic,2048,mixture,1.422896572818622,0.9637878651749142,1.0,3788.5078766638335,1.6904492333154475,box_only,2.1286542737200023
quality_linear,0.5,1e+19,logarithmic,4096,fixed_ref,1.4110638527263817,0.8981664450606717,1.0,3788.5078766638335,1.6904575468496543,box_only,2.132035948347602
quality_linear,0.5,1e+19,logarithmic,4096,mixture,1.377843843351461,0.9388505867155174,1.0,3788.5078766638335,1.6904550266531355,box_only,2.133027242551474
quality_linear,0.5,1e+19,logarithmic,8192,fixed_ref,1.329964350735801,0.8568784336346277,1.0,3788.5078766638335,1.6904682366706087,box_only,2.140125200058462
quality_linear,0.5,1e+19,logarithmic,8192,mixture,1.299610864577289,0.8942562556069065,1.0,3788.5078766638335,1.6904658014942715,box_only,2.1411238718181833
quality_linear,0.5,1e+19,logarithmic,32768,fixed_ref,1.0283951031011906,0.6934078024430869,1.0,3788.5078766638335,1.6905176608867507,box_only,2.1773539273997997
quality_linear,0.5,1e+19,logarithmic,32768,mixture,1.0093768345219398,0.7180378523587001,1.0,3788.5078766638335,1.6905155758558827,box_only,2.1782549804042155
quality_linear,0.5,1e+19,logarithmic,131072,fixed_ref,0.6415837170651644,0.4508626918089706,1.0,3788.5078766638335,1.6906238975654793,box_only,2.255890049321132
quality_linear,0.5,1e+19,logarithmic,131072,mixture,0.6334417243849488,0.4616490915591019,1.0,3788.5078766638335,1.690622374246625,box_only,2.2566625813678365
quality_linear,0.5,1e+22,exponential,2048,fixed_ref,28.40795687442985,53.76455999578335,1.0,3788.5078766638335,1.690019107424238,box_only,1.8437774178065025
quality_linear,0.5,1e+22,exponential,2048,mixture,28.394005797110257,53.80899256216848,1.0,3788.5078766638335,1.6900190955767176,box_only,1.8437870003329144
quality_linear,0.5,1e+22,exponential,4096,fixed_ref,27.596457320292995,52.056695029015984,1.0,3788.5078766638335,1.6900211997775063,box_only,1.8452686294485952
quality_linear,0.5,1e+22,exponential,4096,mixture,27.596457320292995,52.07408884252244,1.0,3788.5078766638335,1.6900211882035825,box_only,1.8452648066291142
quality_linear,0.5,1e+22,exponential,8192,fixed_ref,26.189869435100267,49.02893616786695,1.0,3788.5078766638335,1.6900250851159764,box_only,1.8480163289577143
quality_linear,0.5,1e+22,exponential,8192,mixture,26.177007655033112,49.0680075505661,1.0,3788.5078766638335,1.6900250740289435,box_only,1.8480265408798051
quality_linear,0.5,1e+22,exponential,32768,fixed_ref,20.821243667649984,37.6940225682098,1.0,3788.5078766638335,1.6900429413743945,box_only,1.8606520895747394
quality_linear,0.5,1e+22,exponential,32768,mixture,20.81101840641133,37.72139765479568,1.0,3788.5078766638335,1.690042932198475,box_only,1.8606640580729796
quality_linear,0.5,1e+22,exponential,131072,fixed_ref,13.510352073023572,22.77176182736896,1.0,3788.5078766638335,1.6900808732449706,box_only,1.887406899593865
quality_linear,0.5,1e+22,exponential,131072,mixture,13.503717172554762,22.78618175670132,1.0,3788.5078766638335,1.6900808668638825,box_only,1.8874221672033864
quality_linear,0.5,1e+22,power,2048,fixed_ref,28.575905433749558,53.188810472162416,1.0,3788.5078766638335,1.6900192797081703,box_only,1.8436725495922135
quality_linear,0.5,1e+22,power,2048,mixture,28.54784521271172,53.276888652564416,1.0,3788.5078766638335,1.6900192557022398,box_only,1.8436915601713966
quality_linear,0.5,1e+22,power,4096,fixed_ref,27.75960827373036,51.507186283503465,1.0,3788.5078766638335,1.6900213680963616,box_only,1.8451608497331473
quality_linear,0.5,1e+22,power,4096,mixture,27.73234961885098,51.59138305170218,1.0,3788.5078766638335,1.6900213446406211,box_only,1.8451803087903953
quality_linear,0.5,1e+22,power,8192,fixed_ref,26.32530025938572,48.55959641235342,1.0,3788.5078766638335,1.69002524639452,box_only,1.847924062202486
quality_linear,0.5,1e+22,power,8192,mixture,26.29945002881712,48.63716262947054,1.0,3788.5078766638335,1.6900252239166635,box_only,1.8479443394050632
quality_linear,0.5,1e+22,power,32768,fixed_ref,20.903226831507865,37.41673462826064,1.0,3788.5078766638335,1.6900430749553497,box_only,1.860576306814952
quality_linear,0.5,1e+22,power,32768,mixture,20.89296130854041,37.45314719306565,1.0,3788.5078766638335,1.6900430563251028,box_only,1.8605851325618208
quality_linear,0.5,1e+22,power,131072,fixed_ref,13.543575507177197,22.668154998474407,1.0,3788.5078766638335,1.6900809662581875,box_only,1.8873507887056082
quality_linear,0.5,1e+22,power,131072,mixture,13.536924290762087,22.685908388327203,1.0,3788.5078766638335,1.690080953273798,box_only,1.8873638607692618
quality_linear,0.5,1e+22,logarithmic,2048,fixed_ref,27.992391272131524,55.26953623482156,1.0,3788.5078766638335,1.6900186597680638,box_only,1.8440354122479719
quality_linear,0.5,1e+22,logarithmic,2048,mixture,27.93744378923747,55.45592926458542,1.0,3788.5078766638335,1.6900186115140452,box_only,1.8440737417293454
quality_linear,0.5,1e+22,logarithmic,4096,fixed_ref,27.20612359362617,53.4657958582638,1.0,3788.5078766638335,1.6900207626109691,box_only,1.8455204117632056
quality_linear,0.5,1e+22,logarithmic,4096,mixture,27.166060694951128,53.61748298730247,1.0,3788.5078766638335,1.6900207155049525,box_only,1.8455459462454598
quality_linear,0.5,1e+22,logarithmic,8192,fixed_ref,25.832117057107787,50.29485102236462,1.0,3788.5078766638335,1.6900246665548824,box_only,1.848267426969831
quality_linear,0.5,1e+22,logarithmic,8192,mixture,25.79407747808961,50.4334729847161,1.0,3788.5078766638335,1.690024621481783,box_only,1.8482943633478846
quality_linear,0.5,1e+22,logarithmic,32768,fixed_ref,20.597444121170444,38.44918419180295,1.0,3788.5078766638335,1.6900425956898957,box_only,1.8608684746047977
quality_linear,0.5,1e+22,logarithmic,32768,mixture,20.57721838112541,38.52470445159638,1.0,3788.5078766638335,1.6900425585523264,box_only,1.8608863196854035
quality_linear,0.5,1e+22,logarithmic,131072,fixed_ref,13.42435206372724,23.04312514210165,1.0,3788.5078766638335,1.6900806334605545,box_only,1.8875538046164084
quality_linear,0.5,1e+22,logarithmic,131072,mixture,13.411169969215091,23.07932031438633,1.0,3788.5078766638335,1.6900806077804604,box_only,1.8875801515352395
quality_linear,0.5,1e+24,exponential,2048,fixed_ref,222.43339984851065,699.4857902817198,1.0,3788.5078766638335,1.689906503229032,box_only,1.7659202226003532
quality_linear,0.5,1e+24,exponential,2048,mixture,222.43339984851065,699.5171862457535,1.0,3788.5078766638335,1.6899065024774946,box_only,1.7659199743706562
quality_linear,0.5,1e+24,exponential,4096,fixed_ref,216.23865596446535,676.3670641715345,1.0,3788.5078766638335,1.689907542541372,box_only,1.7666508115002812
quality_linear,0.5,1e+24,exponential,4096,mixture,216.23865596446535,676.3964190501266,1.0,3788.5078766638335,1.6899075418078062,box_only,1.7666505692064896
quality_linear,0.5,1e+24,exponential,8192,fixed_ref,205.36826463764288,635.8906444954124,1.0,3788.5078766638335,1.68990947183738,box_only,1.768004977291519
quality_linear,0.5,1e+24,exponential,8192,mixture,205.36826463764288,635.9165910160783,1.0,3788.5078766638335,1.6899094711356992,box_only,1.7680047455293204
quality_linear,0.5,1e+24,exponential,32768,fixed_ref,164.03379526909376,484.7011027589927,1.0,3788.5078766638335,1.689918329464782,box_only,1.7742053455769295
quality_linear,0.5,1e+24,exponential,32768,mixture,164.03379526909376,484.7161777846554,1.0,3788.5078766638335,1.6899183288877104,box_only,1.7742051549726499
quality_linear,0.5,1e+24,exponential,131072,fixed_ref,107.09273253717652,289.5327586398226,1.0,3788.5078766638335,1.689937110763499,box_only,1.7873533255770468
quality_linear,0.5,1e+24,exponential,131072,mixture,107.09273253717652,289.538137620972,1.0,3788.5078766638335,1.6899371103653174,box_only,1.787353194059263
quality_linear,0.5,1e+24,power,2048,fixed_ref,222.54269001284652,698.6855769183285,1.0,3788.5078766638335,1.6899065141973113,box_only,1.765917142429721
quality_linear,0.5,1e+24,power,2048,mixture,222.54269001284652,698.7495150314395,1.0,3788.5078766638335,1.6899065126646018,box_only,1.7659166361820682
quality_linear,0.5,1e+24,power,4096,fixed_ref,216.4512010598334,675.2771820434975,1.0,3788.5078766638335,1.689907553246404,box_only,1.7666408132100064
quality_linear,0.5,1e+24,power,4096,mixture,216.34490241064765,675.6676688259822,1.0,3788.5078766638335,1.6899075517505653,box_only,1.7666470856346543
quality_linear,0.5,1e+24,power,8192,fixed_ref,205.5701250182408,634.8899230919933,1.0,3788.5078766638335,1.689909482075752,box_only,1.767994585447932
quality_linear,0.5,1e+24,power,8192,mixture,205.5701250182408,634.9427176913587,1.0,3788.5078766638335,1.6899094806451678,box_only,1.7679941129317993
quality_linear,0.5,1e+24,power,32768,fixed_ref,164.11439144059412,484.2437331790696,1.0,3788.5078766638335,1.689918337887775,box_only,1.7742006934706949
quality_linear,0.5,1e+24,power,32768,mixture,164.11439144059412,484.2744454605515,1.0,3788.5078766638335,1.689918336710713,box_only,1.7742003046920218
quality_linear,0.5,1e+24,power,131072,fixed_ref,107.09273253717652,289.4542439185939,1.0,3788.5078766638335,1.689937116576668,box_only,1.7873552456427535
quality_linear,0.5,1e+24,power,131072,mixture,107.09273253717652,289.4652171067156,1.0,3788.5078766638335,1.6899371157641,box_only,1.787354977255019
quality_linear,0.5,1e+24,logarithmic,2048,fixed_ref,221.99677564894077,702.039142708224,1.0,3788.5078766638335,1.6899064750680728,box_only,1.7659377441407709
quality_linear,0.5,1e+24,logarithmic,2048,mixture,221.88775358179797,702.5100033985244,1.0,3788.5078766638335,1.6899064720620045,box_only,1.7659434597962278
quality_linear,0.5,1e+24,logarithmic,4096,fixed_ref,215.81419169722463,678.7983299848895,1.0,3788.5078766638335,1.689907515058437,box_only,1.766668815801741
quality_linear,0.5,1e+24,logarithmic,4096,mixture,215.81419169722463,678.9162782208894,1.0,3788.5078766638335,1.689907512124711,box_only,1.7666678468039887
quality_linear,0.5,1e+24,logarithmic,8192,fixed_ref,205.06584566387923,637.8013008618383,1.0,3788.5078766638335,1.689909445553894,box_only,1.7680169648959931
quality_linear,0.5,1e+24,logarithmic,8192,mixture,204.9651383345529,638.2186074843429,1.0,3788.5078766638335,1.6899094427487624,box_only,1.7680229303178567
quality_linear,0.5,1e+24,logarithmic,32768,fixed_ref,163.792244160332,485.98095986559656,1.0,3788.5078766638335,1.6899183078507412,box_only,1.7742205165570724
quality_linear,0.5,1e+24,logarithmic,32768,mixture,163.792244160332,486.0414141372749,1.0,3788.5078766638335,1.6899183055444895,box_only,1.7742197548116063
quality_linear,0.5,1e+24,logarithmic,131072,fixed_ref,106.98757241360649,290.01883475629586,1.0,3788.5078766638335,1.689937095854774,box_only,1.7873655933027355
quality_linear,0.5,1e+24,logarithmic,131072,mixture,106.98757241360649,290.04036352080107,1.0,3788.5078766638335,1.689937094264571,box_only,1.7873650680652482
quality_linear,1.0,1e+19,exponential,2048,fixed_ref,51.2829894105414,0.0300647049396483,1.0,14352791.931543907,1.6899778717652203,box_only,1.8154557838413652
quality_linear,1.0,1e+19,exponential,2048,mixture,51.25780446135238,0.0300851095723808,1.0,14352791.931543907,1.6899778663950051,box_only,1.815465050372553
quality_linear,1.0,1e+19,exponential,4096,fixed_ref,49.83028066810549,0.0290938597060502,1.0,14352791.931543907,1.689979583461657,box_only,1.8166701181631195
quality_linear,1.0,1e+19,exponential,4096,mixture,49.83028066810549,0.0290992919629435,1.0,14352791.931543907,1.6899795782184135,box_only,1.8166683863414286
quality_linear,1.0,1e+19,exponential,8192,fixed_ref,47.30205404974613,0.0273804196212888,1.0,14352791.931543907,1.6899827614325644,box_only,1.8189119712669404
quality_linear,1.0,1e+19,exponential,8192,mixture,47.30205404974613,0.0273852308172132,1.0,14352791.931543907,1.68998275641359,box_only,1.8189103135203266
quality_linear,1.0,1e+19,exponential,32768,fixed_ref,37.68888881842046,0.0209624391352118,1.0,14352791.931543907,1.6899973592658633,box_only,1.8291894834739455
quality_linear,1.0,1e+19,exponential,32768,mixture,37.68888881842046,0.0209652590668843,1.0,14352791.931543907,1.6899973551251453,box_only,1.8291881158118617
quality_linear,1.0,1e+19,exponential,131072,fixed_ref,24.533527681592915,0.0125905676978422,1.0,14352791.931543907,1.690028340183805,box_only,1.8509571855853175
quality_linear,1.0,1e+19,exponential,131072,mixture,24.533527681592915,0.0125915849350785,1.0,14352791.931543907,1.6900283373154377,box_only,1.8509562381753646
quality_linear,1.0,1e+19,power,2048,fixed_ref,51.434359179786746,0.0298933095339942,1.0,14352791.931543907,1.689977949989064,box_only,1.8154154178125614
quality_linear,1.0,1e+19,power,2048,mixture,51.40909989327885,0.0299195033801217,1.0,14352791.931543907,1.689977939074217,box_only,1.815422841917533
quality_linear,1.0,1e+19,power,4096,fixed_ref,50.00191835850845,0.0289165745793416,1.0,14352791.931543907,1.689979659846888,box_only,1.8166173592431925
quality_linear,1.0,1e+19,power,4096,mixture,49.977362540143,0.0289415487646243,1.0,14352791.931543907,1.689979649187794,box_only,1.8166249742426155
quality_linear,1.0,1e+19,power,8192,fixed_ref,47.44167346524122,0.0272310520878824,1.0,14352791.931543907,1.6899828345563743,box_only,1.8188680767798628
quality_linear,1.0,1e+19,power,8192,mixture,47.418374976806994,0.0272539793607518,1.0,14352791.931543907,1.6899828243517507,box_only,1.8188760426635715
quality_linear,1.0,1e+19,power,32768,fixed_ref,37.78156992023142,0.0208705498096495,1.0,14352791.931543907,1.6899974196258432,box_only,1.82914815572084
quality_linear,1.0,1e+19,power,32768,mixture,37.76301548474216,0.0208864121866231,1.0,14352791.931543907,1.6899974111988414,box_only,1.82915762110578
quality_linear,1.0,1e+19,power,131072,fixed_ref,24.56970827636836,0.0125573280391683,1.0,14352791.931543907,1.690028382022975,box_only,1.8509284625124884
quality_linear,1.0,1e+19,power,131072,mixture,24.56970827636836,0.0125593935259789,1.0,14352791.931543907,1.6900283761793664,box_only,1.8509265323927326
quality_linear,1.0,1e+19,logarithmic,2048,fixed_ref,50.85652323529021,0.0305360818175854,1.0,14352791.931543907,1.6899776697292446,box_only,1.8155769881222625
quality_linear,1.0,1e+19,logarithmic,2048,mixture,50.80658447529164,0.0305898880710148,1.0,14352791.931543907,1.689977648058215,box_only,1.8155919754787853
quality_linear,1.0,1e+19,logarithmic,4096,fixed_ref,49.44017507673947,0.0295286714029278,1.0,14352791.931543907,1.6899793862254853,box_only,1.8167835743578455
quality_linear,1.0,1e+19,logarithmic,4096,mixture,49.39162710530183,0.0295799429578024,1.0,14352791.931543907,1.6899793650737112,box_only,1.816798946899398
quality_linear,1.0,1e+19,logarithmic,8192,fixed_ref,46.95480053556985,0.0277645883959829,1.0,14352791.931543907,1.6899825726995028,box_only,1.8190200495698645
quality_linear,1.0,1e+19,logarithmic,8192,mixture,46.90869308729074,0.0278115463535394,1.0,14352791.931543907,1.6899825524669545,box_only,1.8190361212549429
quality_linear,1.0,1e+19,logarithmic,32768,fixed_ref,37.46738071628563,0.0211926378300918,1.0,14352791.931543907,1.689997203732915,box_only,1.8292853550435237
quality_linear,1.0,1e+19,logarithmic,32768,mixture,37.448980578336894,0.021214529616411,1.0,14352791.931543907,1.6899971870814727,box_only,1.8292921387539807
quality_linear,1.0,1e+19,logarithmic,131072,fixed_ref,24.44931335208451,0.012672160371473,1.0,14352791.931543907,1.6900282326062777,box_only,1.8510210016475313
quality_linear,1.0,1e+19,logarithmic,131072,mixture,24.43730635480235,0.012682490074557,1.0,14352791.931543907,1.6900282211092144,box_only,1.85103140633757
quality_linear,1.0,1e+22,exponential,2048,fixed_ref,1144.9152321386127,1.3619596996507464,1.0,14352791.931543907,1.6898598983809925,box_only,1.7333831404116227
quality_linear,1.0,1e+22,exponential,2048,mixture,1144.9152321386127,1.3619716018946797,1.0,14352791.931543907,1.689859898297348,box_only,1.7333831127842099
quality_linear,1.0,1e+22,exponential,4096,fixed_ref,1113.3028820207708,1.31652612184206,1.0,14352791.931543907,1.6898604937862003,box_only,1.7337997520388606
quality_linear,1.0,1e+22,exponential,4096,mixture,1113.3028820207708,1.3165372432345348,1.0,14352791.931543907,1.6898604937045747,box_only,1.7337997250782742
quality_linear,1.0,1e+22,exponential,8192,fixed_ref,1057.8562752810856,1.2369743721037991,1.0,14352791.931543907,1.68986159900435,box_only,1.7345715516718492
quality_linear,1.0,1e+22,exponential,8192,mixture,1057.8562752810856,1.236984190066736,1.0,14352791.931543907,1.689861598926307,box_only,1.734571525894608
quality_linear,1.0,1e+22,exponential,32768,fixed_ref,844.9415492201532,0.9424208457137384,1.0,14352791.931543907,1.6898666725603313,box_only,1.738122962032638
quality_linear,1.0,1e+22,exponential,32768,mixture,844.9415492201532,0.942426544586116,1.0,14352791.931543907,1.6898666724961695,box_only,1.7381229408403251
quality_linear,1.0,1e+22,exponential,131072,fixed_ref,552.179145070468,0.5620493381264341,1.0,14352791.931543907,1.6898774278854956,box_only,1.7456431462595987
quality_linear,1.0,1e+22,exponential,131072,mixture,551.9079712588091,0.562327462988681,1.0,14352791.931543907,1.6898774278412636,box_only,1.745648053047333
quality_linear,1.0,1e+22,power,2048,fixed_ref,1144.9152321386127,1.3617859409476207,1.0,14352791.931543907,1.6898598996022092,box_only,1.7333835437744058
quality_linear,1.0,1e+22,power,2048,mixture,1144.9152321386127,1.361810228399659,1.0,14352791.931543907,1.6898598994314993,box_only,1.7333834873896483
quality_linear,1.0,1e+22,power,4096,fixed_ref,1113.3028820207708,1.3163637619096027,1.0,14352791.931543907,1.689860494977943,box_only,1.7338001456665635
quality_linear,1.0,1e+22,power,4096,mixture,1113.3028820207708,1.3163864561599523,1.0,14352791.931543907,1.689860494811353,box_only,1.7338000906425683
quality_linear,1.0,1e+22,power,8192,fixed_ref,1057.8562752810856,1.2368310396483135,1.0,14352791.931543907,1.6898616001437885,box_only,1.7345719280236527
quality_linear,1.0,1e+22,power,8192,mixture,1057.8562752810856,1.236851074415701,1.0,14352791.931543907,1.6898615999845097,box_only,1.7345718754144803
quality_linear,1.0,1e+22,power,32768,fixed_ref,844.9415492201532,0.9423376454145138,1.0,14352791.931543907,1.6898666734971106,box_only,1.7381232714470456
quality_linear,1.0,1e+22,power,32768,mixture,844.9415492201532,0.942349275287186,1.0,14352791.931543907,1.6898666733661598,box_only,1.738123228194496
quality_linear,1.0,1e+22,power,131072,fixed_ref,552.179145070468,0.5620197444121117,1.0,14352791.931543907,1.6898774285311453,box_only,1.7456433595149945
quality_linear,1.0,1e+22,power,131072,mixture,552.179145070468,0.5620238811962623,1.0,14352791.931543907,1.68987742844089,box_only,1.745643329704032
quality_linear,1.0,1e+22,logarithmic,2048,fixed_ref,1144.3529671014371,1.3630744835575588,1.0,14352791.931543907,1.689859895250128,box_only,1.7333859470860418
quality_linear,1.0,1e+22,logarithmic,2048,mixture,1144.3529671014371,1.3631220377477349,1.0,14352791.931543907,1.6898598949162906,box_only,1.733385836820932
quality_linear,1.0,1e+22,logarithmic,4096,fixed_ref,1112.7561417305162,1.3175893442666349,1.0,14352791.931543907,1.6898604907309605,box_only,1.7338026204273531
quality_linear,1.0,1e+22,logarithmic,4096,mixture,1112.7561417305162,1.3176337776369866,1.0,14352791.931543907,1.6898604904051835,box_only,1.7338025128245254
quality_linear,1.0,1e+22,logarithmic,8192,fixed_ref,1057.3367646821862,1.237949703114696,1.0,14352791.931543907,1.6898615960827474,box_only,1.7345745321342927
quality_linear,1.0,1e+22,logarithmic,8192,mixture,1057.3367646821862,1.2379889273263305,1.0,14352791.931543907,1.6898615957712737,box_only,1.7345744292558047
quality_linear,1.0,1e+22,logarithmic,32768,fixed_ref,844.9415492201532,0.9426341423293844,1.0,14352791.931543907,1.689866670159238,box_only,1.7381221689614426
quality_linear,1.0,1e+22,logarithmic,32768,mixture,844.9415492201532,0.9426568844664506,1.0,14352791.931543907,1.6898666699032694,box_only,1.7381220844160616
quality_linear,1.0,1e+22,logarithmic,131072,fixed_ref,551.9079712588091,0.5624013669323498,1.0,14352791.931543907,1.6898774262301028,box_only,1.7456475208875852
quality_linear,1.0,1e+22,logarithmic,131072,mixture,551.9079712588091,0.5624094622417043,1.0,14352791.931543907,1.6898774260536356,box_only,1.7456474626011718
quality_linear,1.0,1e+24,exponential,2048,fixed_ref,9152.2526413256,17.045592745180503,1.0,14352791.931543907,1.689828301949063,box_only,1.7112939837918282
quality_linear,1.0,1e+24,exponential,2048,mixture,9152.2526413256,17.04561138841355,1.0,14352791.931543907,1.689828301943902,box_only,1.711293982087178
quality_linear,1.0,1e+24,exponential,4096,fixed_ref,8900.478046834984,16.474993195144798,1.0,14352791.931543907,1.6898285956310846,box_only,1.711499074911187
quality_linear,1.0,1e+24,exponential,4096,mixture,8900.478046834984,16.475010611107432,1.0,14352791.931543907,1.6898285956260486,box_only,1.7114990732478246
quality_linear,1.0,1e+24,exponential,8192,fixed_ref,8456.387759082805,15.480550799820398,1.0,14352791.931543907,1.6898291407722876,box_only,1.7118801445863983
quality_linear,1.0,1e+24,exponential,8192,mixture,8456.387759082805,15.480566176755682,1.0,14352791.931543907,1.6898291407674724,box_only,1.7118801429959645
quality_linear,1.0,1e+24,exponential,32768,fixed_ref,6757.094613478459,11.788313654706007,1.0,14352791.931543907,1.6898316432029947,box_only,1.7136301550244513
quality_linear,1.0,1e+24,exponential,32768,mixture,6757.094613478459,11.788322571325445,1.0,14352791.931543907,1.6898316431990374,box_only,1.7136301537173775
quality_linear,1.0,1e+24,exponential,131072,fixed_ref,4414.538750052148,7.031575944425999,1.0,14352791.931543907,1.6898369478022617,box_only,1.7173405936073258
quality_linear,1.0,1e+24,exponential,131072,mixture,4414.538750052148,7.031579116929258,1.0,14352791.931543907,1.689836947799534,box_only,1.7173405927063659
quality_linear,1.0,1e+24,power,2048,fixed_ref,9152.2526413256,17.045320543536402,1.0,14352791.931543907,1.6898283020244171,box_only,1.7112940086809445
quality_linear,1.0,1e+24,power,2048,mixture,9152.2526413256,17.04535859469045,1.0,14352791.931543907,1.6898283020138831,box_only,1.7112940052016565
quality_linear,1.0,1e+24,power,4096,fixed_ref,8900.478046834984,16.474738912190855,1.0,14352791.931543907,1.6898285957046133,box_only,1.7114990991974794
quality_linear,1.0,1e+24,power,4096,mixture,8900.478046834984,16.47477445850187,1.0,14352791.931543907,1.6898285956943346,box_only,1.7114990958024605
quality_linear,1.0,1e+24,power,8192,fixed_ref,8456.387759082805,15.48032628760132,1.0,14352791.931543907,1.6898291408425927,box_only,1.7118801678078897
quality_linear,1.0,1e+24,power,8192,mixture,8456.387759082805,15.48035767227512,1.0,14352791.931543907,1.6898291408327646,box_only,1.71188016456172
quality_linear,1.0,1e+24,power,32768,fixed_ref,6757.094613478459,11.788183466383106,1.0,14352791.931543907,1.689831643260774,box_only,1.713630174108707
quality_linear,1.0,1e+24,power,32768,mixture,6757.094613478459,11.788201665527104,1.0,14352791.931543907,1.689831643252697,box_only,1.7136301714408853
quality_linear,1.0,1e+24,power,131072,fixed_ref,4414.538750052148,7.031529623637268,1.0,14352791.931543907,1.6898369478420887,box_only,1.717340606762036
quality_linear,1.0,1e+24,power,131072,mixture,4414.538750052148,7.031536098887252,1.0,14352791.931543907,1.6898369478365214,box_only,1.7173406049231135
quality_linear,1.0,1e+24,logarithmic,2048,fixed_ref,9152.2526413256,17.046290395673644,1.0,14352791.931543907,1.6898283017559383,box_only,1.7112939200035575
quality_linear,1.0,1e+24,logarithmic,2048,mixture,9152.2526413256,17.04636476538968,1.0,14352791.931543907,1.689828301735352,box_only,1.711293913203909
quality_linear,1.0,1e+24,logarithmic,4096,fixed_ref,8900.478046834984,16.475644918946546,1.0,14352791.931543907,1.6898285954426375,box_only,1.7114990126679357
quality_linear,1.0,1e+24,logarithmic,4096,mixture,8900.478046834984,16.47571439276053,1.0,14352791.931543907,1.6898285954225496,box_only,1.7114990060329855
quality_linear,1.0,1e+24,logarithmic,8192,fixed_ref,8456.387759082805,15.481126219717767,1.0,14352791.931543907,1.689829140592103,box_only,1.711880085072193
quality_linear,1.0,1e+24,logarithmic,8192,mixture,8456.387759082805,15.481187559366829,1.0,14352791.931543907,1.689829140572896,box_only,1.7118800787281572
quality_linear,1.0,1e+24,logarithmic,32768,fixed_ref,6757.094613478459,11.788647320412268,1.0,14352791.931543907,1.6898316430549134,box_only,1.7136301061137569
quality_linear,1.0,1e+24,logarithmic,32768,mixture,6757.094613478459,11.788682888762668,1.0,14352791.931543907,1.6898316430391285,box_only,1.713630100900042
quality_linear,1.0,1e+24,logarithmic,131072,fixed_ref,4414.538750052148,7.031694660244323,1.0,14352791.931543907,1.6898369477001902,box_only,1.717340559893549
quality_linear,1.0,1e+24,logarithmic,131072,mixture,4414.538750052148,7.031707315043356,1.0,14352791.931543907,1.6898369476893098,box_only,1.7173405562997905
quality_linear,2.0,1e+19,exponential,2048,fixed_ref,10000.0,0.0001560064532362,1.0,206002636230191.88,1.6898153350004308,box_only,1.7066745184324406
quality_linear,2.0,1e+19,exponential,2048,mixture,10000.0,0.0001560066094007,1.0,206002636230191.88,1.6898153349992249,box_only,1.706674518034101
quality_linear,2.0,1e+19,exponential,4096,fixed_ref,10000.0,0.0001466363545141,1.0,206002636230191.88,1.6898154102775984,box_only,1.7066993821707928
quality_linear,2.0,1e+19,exponential,4096,mixture,10000.0,0.0001466364924827,1.0,206002636230191.88,1.689815410276445,box_only,1.7066993817898313
quality_linear,2.0,1e+19,exponential,8192,fixed_ref,10000.0,0.0001309107642073,1.0,206002636230191.88,1.6898155515696789,box_only,1.7067460503627796
quality_linear,2.0,1e+19,exponential,8192,mixture,10000.0,0.0001309108741706,1.0,206002636230191.88,1.6898155515686155,box_only,1.7067460500117015
quality_linear,2.0,1e+19,exponential,32768,fixed_ref,10000.0,7.965594209698771e-05,1.0,206002636230191.88,1.6898162260229057,box_only,1.7069688194852084
quality_linear,2.0,1e+19,exponential,32768,mixture,10000.0,7.965598280998874e-05,1.0,206002636230191.88,1.6898162260221623,box_only,1.7069688192397194
quality_linear,2.0,1e+19,exponential,131072,fixed_ref,10000.0,3.104164147074664e-05,1.0,206002636230191.88,1.6898177941264498,box_only,1.707486757625738
quality_linear,2.0,1e+19,exponential,131072,mixture,10000.0,3.104164765355779e-05,1.0,206002636230191.88,1.6898177941260728,box_only,1.7074867575011992
quality_linear,2.0,1e+19,power,2048,fixed_ref,10000.0,0.0001560041731449,1.0,206002636230191.88,1.6898153350180394,box_only,1.7066745242484835
quality_linear,2.0,1e+19,power,2048,mixture,10000.0,0.00015600449188,1.0,206002636230191.88,1.6898153350155778,box_only,1.7066745234354495
quality_linear,2.0,1e+19,power,4096,fixed_ref,10000.0,0.0001466343400905,1.0,206002636230191.88,1.689815410294439,box_only,1.7066993877331107
quality_linear,2.0,1e+19,power,4096,mixture,10000.0,0.000146634621688,1.0,206002636230191.88,1.6898154102920848,box_only,1.7066993869555451
quality_linear,2.0,1e+19,power,8192,fixed_ref,10000.0,0.0001309091586757,1.0,206002636230191.88,1.689815551585198,box_only,1.7067460554887761
quality_linear,2.0,1e+19,power,8192,mixture,10000.0,0.0001309093831142,1.0,206002636230191.88,1.6898155515830284,box_only,1.7067460547722042
quality_linear,2.0,1e+19,power,32768,fixed_ref,10000.0,7.965534765896738e-05,1.0,206002636230191.88,1.6898162260337577,box_only,1.706968823069535
quality_linear,2.0,1e+19,power,32768,mixture,10000.0,7.965543075625457e-05,1.0,206002636230191.88,1.689816226032241,box_only,1.7069688225684752
quality_linear,2.0,1e+19,power,131072,fixed_ref,10000.0,3.104155119698131e-05,1.0,206002636230191.88,1.6898177941319552,box_only,1.7074867594441048
quality_linear,2.0,1e+19,power,131072,mixture,10000.0,3.104156381652134e-05,1.0,206002636230191.88,1.6898177941311856,box_only,1.7074867591899114
quality_linear,2.0,1e+19,logarithmic,2048,fixed_ref,10000.0,0.0001560122970627,1.0,206002636230191.88,1.6898153349553018,box_only,1.7066745035265403
quality_linear,2.0,1e+19,logarithmic,2048,mixture,10000.0,0.0001560129200137,1.0,206002636230191.88,1.6898153349504912,box_only,1.7066745019376157
quality_linear,2.0,1e+19,logarithmic,4096,fixed_ref,10000.0,0.0001466415174237,1.0,206002636230191.88,1.6898154102344385,box_only,1.706699367915179
quality_linear,2.0,1e+19,logarithmic,4096,mixture,10000.0,0.0001466420677876,1.0,206002636230191.88,1.6898154102298375,box_only,1.7066993663955745
quality_linear,2.0,1e+19,logarithmic,8192,fixed_ref,10000.0,0.0001309148791167,1.0,206002636230191.88,1.689815551529904,box_only,1.706746037225435
quality_linear,2.0,1e+19,logarithmic,8192,mixture,10000.0,0.0001309153177625,1.0,206002636230191.88,1.6898155515256643,box_only,1.7067460358250366
quality_linear,2.0,1e+19,logarithmic,32768,fixed_ref,10000.0,7.965746559039037e-05,1.0,206002636230191.88,1.689816225995094,box_only,1.7069688102990441
quality_linear,2.0,1e+19,logarithmic,32768,mixture,10000.0,7.965762799124778e-05,1.0,206002636230191.88,1.6898162259921292,box_only,1.7069688093198336
quality_linear,2.0,1e+19,logarithmic,131072,fixed_ref,10000.0,3.1041872830870856e-05,1.0,206002636230191.88,1.689817794112341,box_only,1.707486752965527
quality_linear,2.0,1e+19,logarithmic,131072,mixture,10000.0,3.1041897493004045e-05,1.0,206002636230191.88,1.6898177941108368,box_only,1.7074867524687685
quality_linear,2.0,1e+22,exponential,2048,fixed_ref,10000.0,0.1560064532362962,1.0,206002636230191.88,1.689811653052584,box_only,1.705458386227075
quality_linear,2.0,1e+22,exponential,2048,mixture,10000.0,0.1560066094007185,1.0,206002636230191.88,1.6898116530524097,box_only,1.705458386169449
quality_linear,2.0,1e+22,exponential,4096,fixed_ref,10000.0,0.1466363545141931,1.0,206002636230191.88,1.6898116639426093,box_only,1.7054619831575324
quality_linear,2.0,1e+22,exponential,4096,mixture,10000.0,0.1466364924827929,1.0,206002636230191.88,1.6898116639424423,box_only,1.7054619831024203
quality_linear,2.0,1e+22,exponential,8192,fixed_ref,10000.0,0.1309107642073502,1.0,206002636230191.88,1.6898116843827289,box_only,1.7054687344448398
quality_linear,2.0,1e+22,exponential,8192,mixture,10000.0,0.1309108741706132,1.0,206002636230191.88,1.689811684382575,box_only,1.705468734394051
quality_linear,2.0,1e+22,exponential,32768,fixed_ref,10000.0,0.0796559420969877,1.0,206002636230191.88,1.6898117819529863,box_only,1.7055009614989574
quality_linear,2.0,1e+22,exponential,32768,mixture,10000.0,0.0796559828099887,1.0,206002636230191.88,1.6898117819528788,box_only,1.7055009614634435
quality_linear,2.0,1e+22,exponential,131072,fixed_ref,10000.0,0.0310416414707466,1.0,206002636230191.88,1.689812008803805,box_only,1.7055758893897819
quality_linear,2.0,1e+22,exponential,131072,mixture,10000.0,0.0310416476535577,1.0,206002636230191.88,1.6898120088037505,box_only,1.7055758893717654
quality_linear,2.0,1e+22,power,2048,fixed_ref,10000.0,0.1560041731449691,1.0,206002636230191.88,1.6898116530551317,box_only,1.705458387068457
quality_linear,2.0,1e+22,power,2048,mixture,10000.0,0.156004491880029,1.0,206002636230191.88,1.689811653054775,box_only,1.7054583869508388
quality_linear,2.0,1e+22,power,4096,fixed_ref,10000.0,0.1466343400905619,1.0,206002636230191.88,1.6898116639450456,box_only,1.7054619839622092
quality_linear,2.0,1e+22,power,4096,mixture,10000.0,0.1466346216880198,1.0,206002636230191.88,1.689811663944705,box_only,1.705461983849722
quality_linear,2.0,1e+22,power,8192,fixed_ref,10000.0,0.1309091586757672,1.0,206002636230191.88,1.689811684384974,box_only,1.7054687351863957
quality_linear,2.0,1e+22,power,8192,mixture,10000.0,0.1309093831142509,1.0,206002636230191.88,1.6898116843846602,box_only,1.7054687350827324
quality_linear,2.0,1e+22,power,32768,fixed_ref,10000.0,0.0796553476589673,1.0,206002636230191.88,1.6898117819545564,box_only,1.7055009620174866
quality_linear,2.0,1e+22,power,32768,mixture,10000.0,0.0796554307562545,1.0,206002636230191.88,1.6898117819543368,box_only,1.7055009619450003
quality_linear,2.0,1e+22,power,131072,fixed_ref,10000.0,0.0310415511969813,1.0,206002636230191.88,1.6898120088046014,box_only,1.7055758896528372
quality_linear,2.0,1e+22,power,131072,mixture,10000.0,0.0310415638165213,1.0,206002636230191.88,1.68981200880449,box_only,1.7055758896160642
quality_linear,2.0,1e+22,logarithmic,2048,fixed_ref,10000.0,0.1560122970627428,1.0,206002636230191.88,1.6898116530460554,box_only,1.7054583840707023
quality_linear,2.0,1e+22,logarithmic,2048,mixture,10000.0,0.1560129200137033,1.0,206002636230191.88,1.6898116530453595,box_only,1.7054583838408395
quality_linear,2.0,1e+22,logarithmic,4096,fixed_ref,10000.0,0.1466415174237362,1.0,206002636230191.88,1.6898116639363654,box_only,1.7054619810952338
quality_linear,2.0,1e+22,logarithmic,4096,mixture,10000.0,0.146642067787694,1.0,206002636230191.88,1.6898116639357,box_only,1.7054619808753992
quality_linear,2.0,1e+22,logarithmic,8192,fixed_ref,10000.0,0.1309148791167921,1.0,206002636230191.88,1.6898116843769748,box_only,1.7054687325443165
quality_linear,2.0,1e+22,logarithmic,8192,mixture,10000.0,0.1309153177625527,1.0,206002636230191.88,1.6898116843763615,box_only,1.7054687323417268
quality_linear,2.0,1e+22,logarithmic,32768,fixed_ref,10000.0,0.0796574655903903,1.0,206002636230191.88,1.689811781948963,box_only,1.7055009601700344
quality_linear,2.0,1e+22,logarithmic,32768,mixture,10000.0,0.0796576279912477,1.0,206002636230191.88,1.689811781948534,box_only,1.7055009600283761
quality_linear,2.0,1e+22,logarithmic,131072,fixed_ref,10000.0,0.0310418728308708,1.0,206002636230191.88,1.689812008801764,box_only,1.7055758887156092
quality_linear,2.0,1e+22,logarithmic,131072,mixture,10000.0,0.031041897493004,1.0,206002636230191.88,1.6898120088015465,box_only,1.7055758886437453
quality_linear,2.0,1e+24,exponential,2048,fixed_ref,10000.0,15.600645323629625,1.0,206002636230191.88,1.6898112019250844,box_only,1.7053093806724133
quality_linear,2.0,1e+24,exponential,2048,mixture,10000.0,15.600660940071856,1.0,206002636230191.88,1.6898112019250362,box_only,1.705309380656533
quality_linear,2.0,1e+24,exponential,4096,fixed_ref,10000.0,14.663635451419315,1.0,206002636230191.88,1.6898112049261302,box_only,1.7053103719054867
quality_linear,2.0,1e+24,exponential,4096,mixture,10000.0,14.663649248279288,1.0,206002636230191.88,1.6898112049260845,box_only,1.705310371890299
quality_linear,2.0,1e+24,exponential,8192,fixed_ref,10000.0,13.09107642073502,1.0,206002636230191.88,1.689811210558967,box_only,1.7053122324083088
quality_linear,2.0,1e+24,exponential,8192,mixture,10000.0,13.09108741706132,1.0,206002636230191.88,1.6898112105589247,box_only,1.7053122323943124
quality_linear,2.0,1e+24,exponential,32768,fixed_ref,10000.0,7.965594209698771,1.0,206002636230191.88,1.689811237447134,box_only,1.7053211134590478
quality_linear,2.0,1e+24,exponential,32768,mixture,10000.0,7.965598280998874,1.0,206002636230191.88,1.6898112374471042,box_only,1.7053211134492612
quality_linear,2.0,1e+24,exponential,131072,fixed_ref,10000.0,3.104164147074664,1.0,206002636230191.88,1.6898112999621135,box_only,1.705341761899261
quality_linear,2.0,1e+24,exponential,131072,mixture,10000.0,3.1041647653557787,1.0,206002636230191.88,1.6898112999620984,box_only,1.705341761894296
quality_linear,2.0,1e+24,power,2048,fixed_ref,10000.0,15.600417314496909,1.0,206002636230191.88,1.6898112019257865,box_only,1.7053093809042792
quality_linear,2.0,1e+24,power,2048,mixture,10000.0,15.600449188002903,1.0,206002636230191.88,1.689811201925688,box_only,1.7053093808718665
quality_linear,2.0,1e+24,power,4096,fixed_ref,10000.0,14.66343400905619,1.0,206002636230191.88,1.6898112049268017,box_only,1.7053103721272376
quality_linear,2.0,1e+24,power,4096,mixture,10000.0,14.663462168801988,1.0,206002636230191.88,1.6898112049267076,box_only,1.7053103720962386
quality_linear,2.0,1e+24,power,8192,fixed_ref,10000.0,13.09091586757672,1.0,206002636230191.88,1.6898112105595855,box_only,1.7053122326126648
quality_linear,2.0,1e+24,power,8192,mixture,10000.0,13.090938311425097,1.0,206002636230191.88,1.6898112105594991,box_only,1.7053122325840975
quality_linear,2.0,1e+24,power,32768,fixed_ref,10000.0,7.965534765896738,1.0,206002636230191.88,1.6898112374475664,box_only,1.7053211136019428
quality_linear,2.0,1e+24,power,32768,mixture,10000.0,7.965543075625456,1.0,206002636230191.88,1.689811237447506,box_only,1.7053211135819673
quality_linear,2.0,1e+24,power,131072,fixed_ref,10000.0,3.104155119698131,1.0,206002636230191.88,1.689811299962333,box_only,1.705341761971753
quality_linear,2.0,1e+24,power,131072,mixture,10000.0,3.104156381652134,1.0,206002636230191.88,1.6898112999623025,box_only,1.7053417619616194
quality_linear,2.0,1e+24,logarithmic,2048,fixed_ref,10000.0,15.60122970627428,1.0,206002636230191.88,1.6898112019232852,box_only,1.7053093800781656
quality_linear,2.0,1e+24,logarithmic,2048,mixture,10000.0,15.601292001370332,1.0,206002636230191.88,1.6898112019230933,box_only,1.7053093800148205
quality_linear,2.0,1e+24,logarithmic,4096,fixed_ref,10000.0,14.664151742373626,1.0,206002636230191.88,1.6898112049244094,box_only,1.7053103713371636
quality_linear,2.0,1e+24,logarithmic,4096,mixture,10000.0,14.6642067787694,1.0,206002636230191.88,1.689811204924226,box_only,1.705310371276582
quality_linear,2.0,1e+24,logarithmic,8192,fixed_ref,10000.0,13.091487911679213,1.0,206002636230191.88,1.6898112105573817,box_only,1.7053122318845673
quality_linear,2.0,1e+24,logarithmic,8192,mixture,10000.0,13.091531776255277,1.0,206002636230191.88,1.6898112105572125,box_only,1.7053122318287381
quality_linear,2.0,1e+24,logarithmic,32768,fixed_ref,10000.0,7.965746559039037,1.0,206002636230191.88,1.689811237446025,box_only,1.7053211130928265
quality_linear,2.0,1e+24,logarithmic,32768,mixture,10000.0,7.965762799124778,1.0,206002636230191.88,1.6898112374459069,box_only,1.7053211130537889
quality_linear,2.0,1e+24,logarithmic,131072,fixed_ref,10000.0,3.104187283087086,1.0,206002636230191.88,1.6898112999615509,box_only,1.705341761713474
quality_linear,2.0,1e+24,logarithmic,131072,mixture,10000.0,3.1041897493004047,1.0,206002636230191.88,1.689811299961491,box_only,1.7053417616936701
mixture_l1,0.0,1e+19,exponential,2048,fixed_ref,0.0215920229587635,72.25630332734711,0.4166325411033009,1.0,1.692314261499306,in,3.449747505370997
mixture_l1,0.0,1e+19,exponential,2048,mixture,0.0228524797792075,68.27091744235928,0.4871620101591301,1.0,1.692266108462679,box_only,3.416100999188332
mixture_l1,0.0,1e+19,exponential,4096,fixed_ref,0.0209958438091073,69.84466499559211,0.4166325411033009,1.0,1.6923383070141471,in,3.466572236960686
mixture_l1,0.0,1e+19,exponential,4096,mixture,0.0222214980509868,65.9922960091233,0.4871620101591301,1.0,1.6922896939053464,box_only,3.4326040779699656
mixture_l1,0.0,1e+19,exponential,8192,fixed_ref,0.0199452736855723,65.63834204082536,0.4166325411033009,1.0,1.692382940950535,in,3.49782064578163
mixture_l1,0.0,1e+19,exponential,8192,mixture,0.0211095998027044,62.0179780056156,0.4871620101591301,1.0,1.692333473844469,box_only,3.4632550848244446
mixture_l1,0.0,1e+19,exponential,32768,fixed_ref,0.0159348018241459,49.990219868494165,0.4166325411033009,1.0,1.6925878289987637,in,3.6411608961789277
mixture_l1,0.0,1e+19,exponential,32768,mixture,0.016873298906258,47.209751405191696,0.4871620101591301,1.0,1.692534441686993,box_only,3.6036863039647855
mixture_l1,0.0,1e+19,exponential,131072,fixed_ref,0.0104161365988311,29.80185424958124,0.4166325411033009,1.0,1.6930221433704056,in,3.9447483731554733
mixture_l1,0.0,1e+19,exponential,131072,mixture,0.0110241894173997,28.15809607481448,0.4871620101591301,1.0,1.6929604461348704,box_only,3.901638500392645
mixture_l1,0.0,1e+19,power,2048,fixed_ref,0.0215920229587635,72.25630332734711,0.4166325411033009,1.0,1.692314261499306,in,3.449747505370997
mixture_l1,0.0,1e+19,power,2048,mixture,0.0228524797792075,68.27091744235928,0.4871620101591301,1.0,1.692266108462679,box_only,3.416100999188332
mixture_l1,0.0,1e+19,power,4096,fixed_ref,0.0209958438091073,69.84466499559211,0.4166325411033009,1.0,1.6923383070141471,in,3.466572236960686
mixture_l1,0.0,1e+19,power,4096,mixture,0.0222214980509868,65.9922960091233,0.4871620101591301,1.0,1.6922896939053464,box_only,3.4326040779699656
mixture_l1,0.0,1e+19,power,8192,fixed_ref,0.0199452736855723,65.63834204082536,0.4166325411033009,1.0,1.692382940950535,in,3.49782064578163
mixture_l1,0.0,1e+19,power,8192,mixture,0.0211095998027044,62.0179780056156,0.4871620101591301,1.0,1.692333473844469,box_only,3.4632550848244446
mixture_l1,0.0,1e+19,power,32768,fixed_ref,0.0159348018241459,49.990219868494165,0.4166325411033009,1.0,1.6925878289987637,in,3.6411608961789277
mixture_l1,0.0,1e+19,power,32768,mixture,0.016873298906258,47.209751405191696,0.4871620101591301,1.0,1.692534441686993,box_only,3.6036863039647855
mixture_l1,0.0,1e+19,power,131072,fixed_ref,0.0104161365988311,29.80185424958124,0.4166325411033009,1.0,1.6930221433704056,in,3.9447483731554733
mixture_l1,0.0,1e+19,power,131072,mixture,0.0110241894173997,28.15809607481448,0.4871620101591301,1.0,1.6929604461348704,box_only,3.901638500392645
mixture_l1,0.0,1e+19,logarithmic,2048,fixed_ref,0.0215920229587635,72.25630332734711,0.4166325411033009,1.0,1.692314261499306,in,3.449747505370997
mixture_l1,0.0,1e+19,logarithmic,2048,mixture,0.0228524797792075,68.27091744235928,0.4871620101591301,1.0,1.692266108462679,box_only,3.416100999188332
mixture_l1,0.0,1e+19,logarithmic,4096,fixed_ref,0.0209958438091073,69.84466499559211,0.4166325411033009,1.0,1.6923383070141471,in,3.466572236960686
mixture_l1,0.0,1e+19,logarithmic,4096,mixture,0.0222214980509868,65.9922960091233,0.4871620101591301,1.0,1.6922896939053464,box_only,3.4326040779699656
mixture_l1,0.0,1e+19,logarithmic,8192,fixed_ref,0.0199452736855723,65.63834204082536,0.4166325411033009,1.0,1.692382940950535,in,3.49782064578163
mixture_l1,0.0,1e+19,logarithmic,8192,mixture,0.0211095998027044,62.0179780056156,0.4871620101591301,1.0,1.692333473844469,box_only,3.4632550848244446
mixture_l1,0.0,1e+19,logarithmic,32768,fixed_ref,0.0159348018241459,49.990219868494165,0.4166325411033009,1.0,1.6925878289987637,in,3.6411608961789277
mixture_l1,0.0,1e+19,logarithmic,32768,mixture,0.016873298906258,47.209751405191696,0.4871620101591301,1.0,1.692534441686993,box_only,3.6036863039647855
mixture_l1,0.0,1e+19,logarithmic,131072,fixed_ref,0.0104161365988311,29.80185424958124,0.4166325411033009,1.0,1.6930221433704056,in,3.9447483731554733
mixture_l1,0.0,1e+19,logarithmic,131072,mixture,0.0110241894173997,28.15809607481448,0.4871620101591301,1.0,1.6929604461348704,box_only,3.901638500392645
mixture_l1,0.0,1e+22,exponential,2048,fixed_ref,0.7390832048187815,1786.5544052099483,0.7644906677270099,1.0,1.690630005622433,in,2.244141293291543
mixture_l1,0.0,1e+22,exponential,2048,mixture,0.7261282500540663,1843.1994138175676,0.7602243073098676,1.0,1.6906284131378808,box_only,2.245300089225355
mixture_l1,0.0,1e+22,exponential,4096,fixed_ref,0.7202666946511164,1723.8166870950863,0.7693909543817422,1.0,1.690637236516379,in,2.248990000513017
mixture_l1,0.0,1e+22,exponential,4096,mixture,0.7079892551963212,1776.6976776671731,0.7652569574501724,1.0,1.690635686986963,box_only,2.2501304710282417
mixture_l1,0.0,1e+22,exponential,8192,fixed_ref,0.6864148438890036,1616.1073519237568,0.7782425832914014,1.0,1.690650647113936,in,2.258070278793574
mixture_l1,0.0,1e+22,exponential,8192,mixture,0.6757094613478459,1661.8187541474754,0.7744059871889335,1.0,1.690649173039135,box_only,2.2591185903413415
mixture_l1,0.0,1e+22,exponential,32768,fixed_ref,0.5557165531616646,1219.440588216475,0.817055964889995,1.0,1.6907120322117328,in,2.2996763273734837
mixture_l1,0.0,1e+22,exponential,32768,mixture,0.5490686740526706,1245.3957127318668,0.8141475124816686,1.0,1.6907108451281865,box_only,2.3005463389632546
mixture_l1,0.0,1e+22,exponential,131072,fixed_ref,0.3708286954532517,718.3964746671064,0.8908402810912497,1.0,1.690841381768011,in,2.387784540023687
mixture_l1,0.0,1e+22,exponential,131072,mixture,0.368468189147868,726.7798284483092,0.889213318514643,1.0,1.6908405892385414,box_only,2.388290452173962
mixture_l1,0.0,1e+22,power,2048,fixed_ref,0.7340179266611321,1754.0608890521355,0.6920597640303958,1.0,1.6906445121898166,in,2.249586744345071
mixture_l1,0.0,1e+22,power,2048,mixture,0.7024466300419726,1892.586294202954,0.6790317967582609,1.0,1.6906411746090109,box_only,2.252701557710541
mixture_l1,0.0,1e+22,power,4096,fixed_ref,0.7174417842712534,1684.6655361572473,0.6990757300027267,1.0,1.690651755841625,in,2.2541624853832607
mixture_l1,0.0,1e+22,power,4096,mixture,0.6881028131028888,1811.1077656958007,0.6865397449295312,1.0,1.6906485253711123,box_only,2.2571303423061693
mixture_l1,0.0,1e+22,power,8192,fixed_ref,0.6881028131028888,1564.6709925934697,0.7121120481508717,1.0,1.6906651687924776,in,2.2626275958176256
mixture_l1,0.0,1e+22,power,8192,mixture,0.6619116119411185,1673.1698047229245,0.7002701273775375,1.0,1.690662124405369,box_only,2.2654238040564545
mixture_l1,0.0,1e+22,power,32768,fixed_ref,0.5712155216230432,1137.8921687655877,0.7711332785256471,1.0,1.6907262369081466,in,2.3015025969275023
mixture_l1,0.0,1e+22,power,32768,mixture,0.5557165531616646,1193.2289237201862,0.7620294970341073,1.0,1.6907238769011668,box_only,2.3035885794971986
mixture_l1,0.0,1e+22,power,131072,fixed_ref,0.3981071705534968,630.2788037207847,0.8938582354119419,1.0,1.6908534107698188,in,2.383335881050353
mixture_l1,0.0,1e+22,power,131072,mixture,0.3922834625395209,646.5297164029765,0.8881876425349612,1.0,1.6908519316637909,box_only,2.384579129183455
mixture_l1,0.0,1e+22,logarithmic,2048,fixed_ref,0.883785082255996,1393.4998168928687,1.0,1.0,1.6906143089563717,in,2.2224787515247577
mixture_l1,0.0,1e+22,logarithmic,2048,mixture,0.8537027230038308,1486.4534295528038,1.0,1.0,1.6906092518779736,box_only,2.223922173214784
mixture_l1,0.0,1e+22,logarithmic,4096,fixed_ref,0.8537027230038308,1363.6915087594743,1.0,1.0,1.6906211238650943,in,2.227843441652083
mixture_l1,0.0,1e+22,logarithmic,4096,mixture,0.8248468749105473,1453.419679055542,1.0,1.0,1.6906161470710956,box_only,2.2293277822180815
mixture_l1,0.0,1e+22,logarithmic,8192,fixed_ref,0.801678063387679,1309.7568546297523,1.0,1.0,1.6906338137780763,in,2.2377827692777617
mixture_l1,0.0,1e+22,logarithmic,8192,mixture,0.7755324957585902,1392.8824422679045,1.0,1.0,1.6906289826330294,box_only,2.2392680272720176
mixture_l1,0.0,1e+22,logarithmic,32768,fixed_ref,0.6108294955902859,1089.3748944270033,1.0,1.0,1.6906926720466555,in,2.283542895742885
mixture_l1,0.0,1e+22,logarithmic,32768,mixture,0.5938179663658979,1148.0947401818437,1.0,1.0,1.690688455132257,box_only,2.2850263521157657
mixture_l1,0.0,1e+22,logarithmic,131072,fixed_ref,0.3717406037942833,741.4620083298612,1.0,1.0,1.6908200559118678,in,2.380445879032015
mixture_l1,0.0,1e+22,logarithmic,131072,mixture,0.3645076661868154,769.3535626779997,1.0,1.0,1.6908168769396492,box_only,2.3817613334892993
mixture_l1,0.0,1e+24,exponential,2048,fixed_ref,6.008600551799451,23570.888745708377,1.0,1.0,1.6901895542554368,in,1.9562979691048497
mixture_l1,0.0,1e+24,exponential,2048,mixture,5.999752471908251,23638.23852944013,1.0,1.0,1.6901894592020188,box_only,1.9563352423184706
mixture_l1,0.0,1e+24,exponential,4096,fixed_ref,5.825501700037946,22915.93906521231,1.0,1.0,1.69019310381402,in,1.9589196715414523
mixture_l1,0.0,1e+24,exponential,4096,mixture,5.816923245869832,22980.535896264515,1.0,1.0,1.69019301065694,box_only,1.9589582973993644
mixture_l1,0.0,1e+24,exponential,8192,fixed_ref,5.5028372272949015,21764.98353811017,1.0,1.0,1.6901997027163602,in,1.9638080257725934
mixture_l1,0.0,1e+24,exponential,8192,mixture,5.493384528073889,21829.775463566,1.0,1.0,1.6901996129575645,box_only,1.9638609270872416
mixture_l1,0.0,1e+24,exponential,32768,fixed_ref,4.301302633821375,17268.37732240891,1.0,1.0,1.6902301434301903,in,1.9861962813805576
mixture_l1,0.0,1e+24,exponential,32768,mixture,4.29496866819792,17311.32846241085,1.0,1.0,1.6902300674580648,box_only,1.9862481216980445
mixture_l1,0.0,1e+24,exponential,131072,fixed_ref,2.724624557469334,10906.95315250286,1.0,1.0,1.690295272708779,in,2.033487973970973
mixture_l1,0.0,1e+24,exponential,131072,mixture,2.7232865010918146,10919.72904695105,1.0,1.0,1.6902952181703508,box_only,2.0334999060510275
mixture_l1,0.0,1e+24,power,2048,fixed_ref,6.144407350126714,22607.791255809945,1.0,1.0,1.69019091975347,in,1.95571171494799
mixture_l1,0.0,1e+24,power,2048,mixture,6.126324544438652,22734.67715702194,1.0,1.0,1.6901907313132805,box_only,1.9557858063892903
mixture_l1,0.0,1e+24,power,4096,fixed_ref,5.952782297252953,22005.803304842106,1.0,1.0,1.6901944426130686,in,1.9583480585497863
mixture_l1,0.0,1e+24,power,4096,mixture,5.935263438321449,22127.747395934985,1.0,1.0,1.6901942578001616,box_only,1.9584248245338212
mixture_l1,0.0,1e+24,power,8192,fixed_ref,5.61754637879216,20938.719857822834,1.0,1.0,1.690200993584019,in,1.9632475691097788
mixture_l1,0.0,1e+24,power,8192,mixture,5.603766104733674,21042.802637737568,1.0,1.0,1.6902008152886887,box_only,1.963305795421056
mixture_l1,0.0,1e+24,power,32768,fixed_ref,4.373743734297596,16734.840328783128,1.0,1.0,1.6902312391304195,in,1.9856889610533226
mixture_l1,0.0,1e+24,power,32768,mixture,4.36301460395205,16809.570421034212,1.0,1.0,1.6902310874516029,box_only,1.9857663801270993
mixture_l1,0.0,1e+24,power,131072,fixed_ref,2.75558196282084,10681.619240609689,1.0,1.0,1.6902960626506316,in,2.0330615113368453
mixture_l1,0.0,1e+24,power,131072,mixture,2.751524177793618,10711.560345304477,1.0,1.0,1.6902959529275476,box_only,2.033114778486354
mixture_l1,0.0,1e+24,logarithmic,2048,fixed_ref,5.6313605400525,26591.334694753103,1.0,1.0,1.6901858472383675,in,1.9581277747677703
mixture_l1,0.0,1e+24,logarithmic,2048,mixture,5.590019634749122,26964.848119656835,1.0,1.0,1.6901854320586651,box_only,1.958341992277319
mixture_l1,0.0,1e+24,logarithmic,4096,fixed_ref,5.469152081099707,25768.74010923744,1.0,1.0,1.6901894747076456,in,1.960724793588435
mixture_l1,0.0,1e+24,logarithmic,4096,mixture,5.429001979420654,26125.363310377328,1.0,1.0,1.690189068813423,box_only,1.960945586698668
mixture_l1,0.0,1e+24,logarithmic,8192,fixed_ref,5.181474120187745,24337.03536830636,1.0,1.0,1.6901962128521035,in,1.9655734304615802
mixture_l1,0.0,1e+24,logarithmic,8192,mixture,5.145963087716267,24653.34086283232,1.0,1.0,1.6901958234813657,box_only,1.9657821363017434
mixture_l1,0.0,1e+24,logarithmic,32768,fixed_ref,4.10015240506615,18873.928427979827,1.0,1.0,1.690227212285457,in,1.9877483140197851
mixture_l1,0.0,1e+24,logarithmic,32768,mixture,4.0780573907079045,19065.838500767317,1.0,1.0,1.6902268883457383,box_only,1.9879282303568953
mixture_l1,0.0,1e+24,logarithmic,131072,fixed_ref,2.6441941090204626,11535.010722342977,1.0,1.0,1.6902931917191777,in,2.034636514280501
mixture_l1,0.0,1e+24,logarithmic,131072,mixture,2.63511758986384,11608.43430774832,1.0,1.0,1.6902929647966047,box_only,2.034773436472835
mixture_l1,0.5,1e+19,exponential,2048,fixed_ref,0.0215920229587635,72.25630332734711,0.4166325411033009,1.0,1.692314261499306,in,3.449747505370997
mixture_l1,0.5,1e+19,exponential,2048,mixture,0.0215920229587635,72.25630332734711,0.4166325411033009,1.0,1.692314261499306,in,3.449747505370997
mixture_l1,0.5,1e+19,exponential,4096,fixed_ref,0.0209958438091073,69.84466499559211,0.4166325411033009,1.0,1.6923383070141471,in,3.466572236960686
mixture_l1,0.5,1e+19,exponential,4096,mixture,0.0209958438091073,69.84466499559211,0.4166325411033009,1.0,1.6923383070141471,in,3.466572236960686
mixture_l1,0.5,1e+19,exponential,8192,fixed_ref,0.0199452736855723,65.63834204082536,0.4166325411033009,1.0,1.692382940950535,in,3.49782064578163
mixture_l1,0.5,1e+19,exponential,8192,mixture,0.0199452736855723,65.63834204082536,0.4166325411033009,1.0,1.692382940950535,in,3.49782064578163
mixture_l1,0.5,1e+19,exponential,32768,fixed_ref,0.0159348018241459,49.990219868494165,0.4166325411033009,1.0,1.6925878289987637,in,3.6411608961789277
mixture_l1,0.5,1e+19,exponential,32768,mixture,0.0159348018241459,49.990219868494165,0.4166325411033009,1.0,1.6925878289987637,in,3.6411608961789277
mixture_l1,0.5,1e+19,exponential,131072,fixed_ref,0.0104161365988311,29.80185424958124,0.4166325411033009,1.0,1.6930221433704056,in,3.9447483731554733
mixture_l1,0.5,1e+19,exponential,131072,mixture,0.0104161365988311,29.80185424958124,0.4166325411033009,1.0,1.6930221433704056,in,3.9447483731554733
mixture_l1,0.5,1e+19,power,2048,fixed_ref,0.0215920229587635,72.25630332734711,0.4166325411033009,1.0,1.692314261499306,in,3.449747505370997
mixture_l1,0.5,1e+19,power,2048,mixture,0.0215920229587635,72.25630332734711,0.4166325411033009,1.0,1.692314261499306,in,3.449747505370997
mixture_l1,0.5,1e+19,power,4096,fixed_ref,0.0209958438091073,69.84466499559211,0.4166325411033009,1.0,1.6923383070141471,in,3.466572236960686
mixture_l1,0.5,1e+19,power,4096,mixture,0.0209958438091073,69.84466499559211,0.4166325411033009,1.0,1.6923383070141471,in,3.466572236960686
mixture_l1,0.5,1e+19,power,8192,fixed_ref,0.0199452736855723,65.63834204082536,0.4166325411033009,1.0,1.692382940950535,in,3.49782064578163
mixture_l1,0.5,1e+19,power,8192,mixture,0.0199452736855723,65.63834204082536,0.4166325411033009,1.0,1.692382940950535,in,3.49782064578163
mixture_l1,0.5,1e+19,power,32768,fixed_ref,0.0159348018241459,49.990219868494165,0.4166325411033009,1.0,1.6925878289987637,in,3.6411608961789277
mixture_l1,0.5,1e+19,power,32768,mixture,0.0159348018241459,49.990219868494165,0.4166325411033009,1.0,1.6925878289987637,in,3.6411608961789277
mixture_l1,0.5,1e+19,power,131072,fixed_ref,0.0104161365988311,29.80185424958124,0.4166325411033009,1.0,1.6930221433704056,in,3.9447483731554733
mixture_l1,0.5,1e+19,power,131072,mixture,0.0104161365988311,29.80185424958124,0.4166325411033009,1.0,1.6930221433704056,in,3.9447483731554733
mixture_l1,0.5,1e+19,logarithmic,2048,fixed_ref,0.0215920229587635,72.25630332734711,0.4166325411033009,1.0,1.692314261499306,in,3.449747505370997
mixture_l1,0.5,1e+19,logarithmic,2048,mixture,0.0215920229587635,72.25630332734711,0.4166325411033009,1.0,1.692314261499306,in,3.449747505370997
mixture_l1,0.5,1e+19,logarithmic,4096,fixed_ref,0.0209958438091073,69.84466499559211,0.4166325411033009,1.0,1.6923383070141471,in,3.466572236960686
mixture_l1,0.5,1e+19,logarithmic,4096,mixture,0.0209958438091073,69.84466499559211,0.4166325411033009,1.0,1.6923383070141471,in,3.466572236960686
mixture_l1,0.5,1e+19,logarithmic,8192,fixed_ref,0.0199452736855723,65.63834204082536,0.4166325411033009,1.0,1.692382940950535,in,3.49782064578163
mixture_l1,0.5,1e+19,logarithmic,8192,mixture,0.0199452736855723,65.63834204082536,0.4166325411033009,1.0,1.692382940950535,in,3.49782064578163
mixture_l1,0.5,1e+19,logarithmic,32768,fixed_ref,0.0159348018241459,49.990219868494165,0.4166325411033009,1.0,1.6925878289987637,in,3.6411608961789277
mixture_l1,0.5,1e+19,logarithmic,32768,mixture,0.0159348018241459,49.990219868494165,0.4166325411033009,1.0,1.6925878289987637,in,3.6411608961789277
mixture_l1,0.5,1e+19,logarithmic,131072,fixed_ref,0.0104161365988311,29.80185424958124,0.4166325411033009,1.0,1.6930221433704056,in,3.9447483731554733
mixture_l1,0.5,1e+19,logarithmic,131072,mixture,0.0104161365988311,29.80185424958124,0.4166325411033009,1.0,1.6930221433704056,in,3.9447483731554733
mixture_l1,0.5,1e+22,exponential,2048,fixed_ref,0.7390832048187815,1786.5544052099483,0.7644906677270099,1.0,1.690630005622433,in,2.244141293291543
mixture_l1,0.5,1e+22,exponential,2048,mixture,0.7390832048187815,1786.5544052099483,0.7644906677270099,1.0,1.690630005622433,in,2.244141293291543
mixture_l1,0.5,1e+22,exponential,4096,fixed_ref,0.7202666946511164,1723.8166870950863,0.7693909543817422,1.0,1.690637236516379,in,2.248990000513017
mixture_l1,0.5,1e+22,exponential,4096,mixture,0.7202666946511164,1723.8166870950863,0.7693909543817422,1.0,1.690637236516379,in,2.248990000513017
mixture_l1,0.5,1e+22,exponential,8192,fixed_ref,0.6864148438890036,1616.1073519237568,0.7782425832914014,1.0,1.690650647113936,in,2.258070278793574
mixture_l1,0.5,1e+22,exponential,8192,mixture,0.6864148438890036,1616.1073519237568,0.7782425832914014,1.0,1.690650647113936,in,2.258070278793574
mixture_l1,0.5,1e+22,exponential,32768,fixed_ref,0.5557165531616646,1219.440588216475,0.817055964889995,1.0,1.6907120322117328,in,2.2996763273734837
mixture_l1,0.5,1e+22,exponential,32768,mixture,0.5557165531616646,1219.440588216475,0.817055964889995,1.0,1.6907120322117328,in,2.2996763273734837
mixture_l1,0.5,1e+22,exponential,131072,fixed_ref,0.3708286954532517,718.3964746671064,0.8908402810912497,1.0,1.690841381768011,in,2.387784540023687
mixture_l1,0.5,1e+22,exponential,131072,mixture,0.3708286954532517,718.3964746671064,0.8908402810912497,1.0,1.690841381768011,in,2.387784540023687
mixture_l1,0.5,1e+22,power,2048,fixed_ref,0.7340179266611321,1754.0608890521355,0.6920597640303958,1.0,1.6906445121898166,in,2.249586744345071
mixture_l1,0.5,1e+22,power,2048,mixture,0.7340179266611321,1754.0608890521355,0.6920597640303958,1.0,1.6906445121898166,in,2.249586744345071
mixture_l1,0.5,1e+22,power,4096,fixed_ref,0.7174417842712534,1684.6655361572473,0.6990757300027267,1.0,1.690651755841625,in,2.2541624853832607
mixture_l1,0.5,1e+22,power,4096,mixture,0.7174417842712534,1684.6655361572473,0.6990757300027267,1.0,1.690651755841625,in,2.2541624853832607
mixture_l1,0.5,1e+22,power,8192,fixed_ref,0.6881028131028888,1564.6709925934697,0.7121120481508717,1.0,1.6906651687924776,in,2.2626275958176256
mixture_l1,0.5,1e+22,power,8192,mixture,0.6881028131028888,1564.6709925934697,0.7121120481508717,1.0,1.6906651687924776,in,2.2626275958176256
mixture_l1,0.5,1e+22,power,32768,fixed_ref,0.5712155216230432,1137.8921687655877,0.7711332785256471,1.0,1.6907262369081466,in,2.3015025969275023
mixture_l1,0.5,1e+22,power,32768,mixture,0.5712155216230432,1137.8921687655877,0.7711332785256471,1.0,1.6907262369081466,in,2.3015025969275023
mixture_l1,0.5,1e+22,power,131072,fixed_ref,0.3981071705534968,630.2788037207847,0.8938582354119419,1.0,1.6908534107698188,in,2.383335881050353
mixture_l1,0.5,1e+22,power,131072,mixture,0.3981071705534968,630.2788037207847,0.8938582354119419,1.0,1.6908534107698188,in,2.383335881050353
mixture_l1,0.5,1e+22,logarithmic,2048,fixed_ref,0.883785082255996,1393.4998168928687,1.0,1.0,1.6906143089563717,in,2.2224787515247577
mixture_l1,0.5,1e+22,logarithmic,2048,mixture,0.883785082255996,1393.4998168928687,1.0,1.0,1.6906143089563717,in,2.2224787515247577
mixture_l1,0.5,1e+22,logarithmic,4096,fixed_ref,0.8537027230038308,1363.6915087594743,1.0,1.0,1.6906211238650943,in,2.227843441652083
mixture_l1,0.5,1e+22,logarithmic,4096,mixture,0.8537027230038308,1363.6915087594743,1.0,1.0,1.6906211238650943,in,2.227843441652083
mixture_l1,0.5,1e+22,logarithmic,8192,fixed_ref,0.801678063387679,1309.7568546297523,1.0,1.0,1.6906338137780763,in,2.2377827692777617
mixture_l1,0.5,1e+22,logarithmic,8192,mixture,0.801678063387679,1309.7568546297523,1.0,1.0,1.6906338137780763,in,2.2377827692777617
mixture_l1,0.5,1e+22,logarithmic,32768,fixed_ref,0.6108294955902859,1089.3748944270033,1.0,1.0,1.6906926720466555,in,2.283542895742885
mixture_l1,0.5,1e+22,logarithmic,32768,mixture,0.6108294955902859,1089.3748944270033,1.0,1.0,1.6906926720466555,in,2.283542895742885
mixture_l1,0.5,1e+22,logarithmic,131072,fixed_ref,0.3717406037942833,741.4620083298612,1.0,1.0,1.6908200559118678,in,2.380445879032015
mixture_l1,0.5,1e+22,logarithmic,131072,mixture,0.3717406037942833,741.4620083298612,1.0,1.0,1.6908200559118678,in,2.380445879032015
mixture_l1,0.5,1e+24,exponential,2048,fixed_ref,6.008600551799451,23570.888745708377,1.0,1.0,1.6901895542554368,in,1.9562979691048497
mixture_l1,0.5,1e+24,exponential,2048,mixture,6.008600551799451,23570.888745708377,1.0,1.0,1.6901895542554368,in,1.9562979691048497
mixture_l1,0.5,1e+24,exponential,4096,fixed_ref,5.825501700037946,22915.93906521231,1.0,1.0,1.69019310381402,in,1.9589196715414523
mixture_l1,0.5,1e+24,exponential,4096,mixture,5.825501700037946,22915.93906521231,1.0,1.0,1.69019310381402,in,1.9589196715414523
mixture_l1,0.5,1e+24,exponential,8192,fixed_ref,5.5028372272949015,21764.98353811017,1.0,1.0,1.6901997027163602,in,1.9638080257725934
mixture_l1,0.5,1e+24,exponential,8192,mixture,5.5028372272949015,21764.98353811017,1.0,1.0,1.6901997027163602,in,1.9638080257725934
mixture_l1,0.5,1e+24,exponential,32768,fixed_ref,4.301302633821375,17268.37732240891,1.0,1.0,1.6902301434301903,in,1.9861962813805576
mixture_l1,0.5,1e+24,exponential,32768,mixture,4.301302633821375,17268.37732240891,1.0,1.0,1.6902301434301903,in,1.9861962813805576
mixture_l1,0.5,1e+24,exponential,131072,fixed_ref,2.724624557469334,10906.95315250286,1.0,1.0,1.690295272708779,in,2.033487973970973
mixture_l1,0.5,1e+24,exponential,131072,mixture,2.724624557469334,10906.95315250286,1.0,1.0,1.690295272708779,in,2.033487973970973
mixture_l1,0.5,1e+24,power,2048,fixed_ref,6.144407350126714,22607.791255809945,1.0,1.0,1.69019091975347,in,1.95571171494799
mixture_l1,0.5,1e+24,power,2048,mixture,6.144407350126714,22607.791255809945,1.0,1.0,1.69019091975347,in,1.95571171494799
mixture_l1,0.5,1e+24,power,4096,fixed_ref,5.952782297252953,22005.803304842106,1.0,1.0,1.6901944426130686,in,1.9583480585497863
mixture_l1,0.5,1e+24,power,4096,mixture,5.952782297252953,22005.803304842106,1.0,1.0,1.6901944426130686,in,1.9583480585497863
mixture_l1,0.5,1e+24,power,8192,fixed_ref,5.61754637879216,20938.719857822834,1.0,1.0,1.690200993584019,in,1.9632475691097788
mixture_l1,0.5,1e+24,power,8192,mixture,5.61754637879216,20938.719857822834,1.0,1.0,1.690200993584019,in,1.9632475691097788
mixture_l1,0.5,1e+24,power,32768,fixed_ref,4.373743734297596,16734.840328783128,1.0,1.0,1.6902312391304195,in,1.9856889610533226
mixture_l1,0.5,1e+24,power,32768,mixture,4.373743734297596,16734.840328783128,1.0,1.0,1.6902312391304195,in,1.9856889610533226
mixture_l1,0.5,1e+24,power,131072,fixed_ref,2.75558196282084,10681.619240609689,1.0,1.0,1.6902960626506316,in,2.0330615113368453
mixture_l1,0.5,1e+24,power,131072,mixture,2.75558196282084,10681.619240609689,1.0,1.0,1.6902960626506316,in,2.0330615113368453
mixture_l1,0.5,1e+24,logarithmic,2048,fixed_ref,5.6313605400525,26591.334694753103,1.0,1.0,1.6901858472383675,in,1.9581277747677703
mixture_l1,0.5,1e+24,logarithmic,2048,mixture,5.6313605400525,26591.334694753103,1.0,1.0,1.6901858472383675,in,1.9581277747677703
mixture_l1,0.5,1e+24,logarithmic,4096,fixed_ref,5.469152081099707,25768.74010923744,1.0,1.0,1.6901894747076456,in,1.960724793588435
mixture_l1,0.5,1e+24,logarithmic,4096,mixture,5.469152081099707,25768.74010923744,1.0,1.0,1.6901894747076456,in,1.960724793588435
mixture_l1,0.5,1e+24,logarithmic,8192,fixed_ref,5.181474120187745,24337.03536830636,1.0,1.0,1.6901962128521035,in,1.9655734304615802
mixture_l1,0.5,1e+24,logarithmic,8192,mixture,5.181474120187745,24337.03536830636,1.0,1.0,1.6901962128521035,in,1.9655734304615802
mixture_l1,0.5,1e+24,logarithmic,32768,fixed_ref,4.10015240506615,18873.928427979827,1.0,1.0,1.690227212285457,in,1.9877483140197851
mixture_l1,0.5,1e+24,logarithmic,32768,mixture,4.10015240506615,18873.928427979827,1.0,1.0,1.690227212285457,in,1.9877483140197851
mixture_l1,0.5,1e+24,logarithmic,131072,fixed_ref,2.6441941090204626,11535.010722342977,1.0,1.0,1.6902931917191777,in,2.034636514280501
mixture_l1,0.5,1e+24,logarithmic,131072,mixture,2.6441941090204626,11535.010722342977,1.0,1.0,1.6902931917191777,in,2.034636514280501
mixture_l1,1.0,1e+19,exponential,2048,fixed_ref,0.0215920229587635,72.25630332734711,0.4166325411033009,1.0,1.692314261499306,in,3.449747505370997
mixture_l1,1.0,1e+19,exponential,2048,mixture,0.0215920229587635,72.25630332734711,0.4166325411033009,1.0,1.692314261499306,in,3.449747505370997
mixture_l1,1.0,1e+19,exponential,4096,fixed_ref,0.0209958438091073,69.84466499559211,0.4166325411033009,1.0,1.6923383070141471,in,3.466572236960686
mixture_l1,1.0,1e+19,exponential,4096,mixture,0.0209958438091073,69.84466499559211,0.4166325411033009,1.0,1.6923383070141471,in,3.466572236960686
mixture_l1,1.0,1e+19,exponential,8192,fixed_ref,0.0199452736855723,65.63834204082536,0.4166325411033009,1.0,1.692382940950535,in,3.49782064578163
mixture_l1,1.0,1e+19,exponential,8192,mixture,0.0199452736855723,65.63834204082536,0.4166325411033009,1.0,1.692382940950535,in,3.49782064578163
mixture_l1,1.0,1e+19,exponential,32768,fixed_ref,0.0159348018241459,49.990219868494165,0.4166325411033009,1.0,1.6925878289987637,in,3.6411608961789277
mixture_l1,1.0,1e+19,exponential,32768,mixture,0.0159348018241459,49.990219868494165,0.4166325411033009,1.0,1.6925878289987637,in,3.6411608961789277
mixture_l1,1.0,1e+19,exponential,131072,fixed_ref,0.0104161365988311,29.80185424958124,0.4166325411033009,1.0,1.6930221433704056,in,3.9447483731554733
mixture_l1,1.0,1e+19,exponential,131072,mixture,0.0104161365988311,29.80185424958124,0.4166325411033009,1.0,1.6930221433704056,in,3.9447483731554733
mixture_l1,1.0,1e+19,power,2048,fixed_ref,0.0215920229587635,72.25630332734711,0.4166325411033009,1.0,1.692314261499306,in,3.449747505370997
mixture_l1,1.0,1e+19,power,2048,mixture,0.0215920229587635,72.25630332734711,0.4166325411033009,1.0,1.692314261499306,in,3.449747505370997
mixture_l1,1.0,1e+19,power,4096,fixed_ref,0.0209958438091073,69.84466499559211,0.4166325411033009,1.0,1.6923383070141471,in,3.466572236960686
mixture_l1,1.0,1e+19,power,4096,mixture,0.0209958438091073,69.84466499559211,0.4166325411033009,1.0,1.6923383070141471,in,3.466572236960686
mixture_l1,1.0,1e+19,power,8192,fixed_ref,0.0199452736855723,65.63834204082536,0.4166325411033009,1.0,1.692382940950535,in,3.49782064578163
mixture_l1,1.0,1e+19,power,8192,mixture,0.0199452736855723,65.63834204082536,0.4166325411033009,1.0,1.692382940950535,in,3.49782064578163
mixture_l1,1.0,1e+19,power,32768,fixed_ref,0.0159348018241459,49.990219868494165,0.4166325411033009,1.0,1.6925878289987637,in,3.6411608961789277
mixture_l1,1.0,1e+19,power,32768,mixture,0.0159348018241459,49.990219868494165,0.4166325411033009,1.0,1.6925878289987637,in,3.6411608961789277
mixture_l1,1.0,1e+19,power,131072,fixed_ref,0.0104161365988311,29.80185424958124,0.4166325411033009,1.0,1.6930221433704056,in,3.9447483731554733
mixture_l1,1.0,1e+19,power,131072,mixture,0.0104161365988311,29.80185424958124,0.4166325411033009,1.0,1.6930221433704056,in,3.9447483731554733
mixture_l1,1.0,1e+19,logarithmic,2048,fixed_ref,0.0215920229587635,72.25630332734711,0.4166325411033009,1.0,1.692314261499306,in,3.449747505370997
mixture_l1,1.0,1e+19,logarithmic,2048,mixture,0.0215920229587635,72.25630332734711,0.4166325411033009,1.0,1.692314261499306,in,3.449747505370997
mixture_l1,1.0,1e+19,logarithmic,4096,fixed_ref,0.0209958438091073,69.84466499559211,0.4166325411033009,1.0,1.6923383070141471,in,3.466572236960686
mixture_l1,1.0,1e+19,logarithmic,4096,mixture,0.0209958438091073,69.84466499559211,0.4166325411033009,1.0,1.6923383070141471,in,3.466572236960686
mixture_l1,1.0,1e+19,logarithmic,8192,fixed_ref,0.0199452736855723,65.63834204082536,0.4166325411033009,1.0,1.692382940950535,in,3.49782064578163
mixture_l1,1.0,1e+19,logarithmic,8192,mixture,0.0199452736855723,65.63834204082536,0.4166325411033009,1.0,1.692382940950535,in,3.49782064578163
mixture_l1,1.0,1e+19,logarithmic,32768,fixed_ref,0.0159348018241459,49.990219868494165,0.4166325411033009,1.0,1.6925878289987637,in,3.6411608961789277
mixture_l1,1.0,1e+19,logarithmic,32768,mixture,0.0159348018241459,49.990219868494165,0.4166325411033009,1.0,1.6925878289987637,in,3.6411608961789277
mixture_l1,1.0,1e+19,logarithmic,131072,fixed_ref,0.0104161365988311,29.80185424958124,0.4166325411033009,1.0,1.6930221433704056,in,3.9447483731554733
mixture_l1,1.0,1e+19,logarithmic,131072,mixture,0.0104161365988311,29.80185424958124,0.4166325411033009,1.0,1.6930221433704056,in,3.9447483731554733
mixture_l1,1.0,1e+22,exponential,2048,fixed_ref,0.7390832048187815,1786.5544052099483,0.7644906677270099,1.0,1.690630005622433,in,2.244141293291543
mixture_l1,1.0,1e+22,exponential,2048,mixture,0.7390832048187815,1786.5544052099483,0.7644906677270099,1.0,1.690630005622433,in,2.244141293291543
mixture_l1,1.0,1e+22,exponential,4096,fixed_ref,0.7202666946511164,1723.8166870950863,0.7693909543817422,1.0,1.690637236516379,in,2.248990000513017
mixture_l1,1.0,1e+22,exponential,4096,mixture,0.7202666946511164,1723.8166870950863,0.7693909543817422,1.0,1.690637236516379,in,2.248990000513017
mixture_l1,1.0,1e+22,exponential,8192,fixed_ref,0.6864148438890036,1616.1073519237568,0.7782425832914014,1.0,1.690650647113936,in,2.258070278793574
mixture_l1,1.0,1e+22,exponential,8192,mixture,0.6864148438890036,1616.1073519237568,0.7782425832914014,1.0,1.690650647113936,in,2.258070278793574
mixture_l1,1.0,1e+22,exponential,32768,fixed_ref,0.5557165531616646,1219.440588216475,0.817055964889995,1.0,1.6907120322117328,in,2.2996763273734837
mixture_l1,1.0,1e+22,exponential,32768,mixture,0.5557165531616646,1219.440588216475,0.817055964889995,1.0,1.6907120322117328,in,2.2996763273734837
mixture_l1,1.0,1e+22,exponential,131072,fixed_ref,0.3708286954532517,718.3964746671064,0.8908402810912497,1.0,1.690841381768011,in,2.387784540023687
mixture_l1,1.0,1e+22,exponential,131072,mixture,0.3708286954532517,718.3964746671064,0.8908402810912497,1.0,1.690841381768011,in,2.387784540023687
mixture_l1,1.0,1e+22,power,2048,fixed_ref,0.7340179266611321,1754.0608890521355,0.6920597640303958,1.0,1.6906445121898166,in,2.249586744345071
mixture_l1,1.0,1e+22,power,2048,mixture,0.7340179266611321,1754.0608890521355,0.6920597640303958,1.0,1.6906445121898166,in,2.249586744345071
mixture_l1,1.0,1e+22,power,4096,fixed_ref,0.7174417842712534,1684.6655361572473,0.6990757300027267,1.0,1.690651755841625,in,2.2541624853832607
mixture_l1,1.0,1e+22,power,4096,mixture,0.7174417842712534,1684.6655361572473,0.6990757300027267,1.0,1.690651755841625,in,2.2541624853832607
mixture_l1,1.0,1e+22,power,8192,fixed_ref,0.6881028131028888,1564.6709925934697,0.7121120481508717,1.0,1.6906651687924776,in,2.2626275958176256
mixture_l1,1.0,1e+22,power,8192,mixture,0.6881028131028888,1564.6709925934697,0.7121120481508717,1.0,1.6906651687924776,in,2.2626275958176256
mixture_l1,1.0,1e+22,power,32768,fixed_ref,0.5712155216230432,1137.8921687655877,0.7711332785256471,1.0,1.6907262369081466,in,2.3015025969275023
mixture_l1,1.0,1e+22,power,32768,mixture,0.5712155216230432,1137.8921687655877,0.7711332785256471,1.0,1.6907262369081466,in,2.3015025969275023
mixture_l1,1.0,1e+22,power,131072,fixed_ref,0.3981071705534968,630.2788037207847,0.8938582354119419,1.0,1.6908534107698188,in,2.383335881050353
mixture_l1,1.0,1e+22,power,131072,mixture,0.3981071705534968,630.2788037207847,0.8938582354119419,1.0,1.6908534107698188,in,2.383335881050353
mixture_l1,1.0,1e+22,logarithmic,2048,fixed_ref,0.883785082255996,1393.4998168928687,1.0,1.0,1.6906143089563717,in,2.2224787515247577
mixture_l1,1.0,1e+22,logarithmic,2048,mixture,0.883785082255996,1393.4998168928687,1.0,1.0,1.6906143089563717,in,2.2224787515247577
mixture_l1,1.0,1e+22,logarithmic,4096,fixed_ref,0.8537027230038308,1363.6915087594743,1.0,1.0,1.6906211238650943,in,2.227843441652083
mixture_l1,1.0,1e+22,logarithmic,4096,mixture,0.8537027230038308,1363.6915087594743,1.0,1.0,1.6906211238650943,in,2.227843441652083
mixture_l1,1.0,1e+22,logarithmic,8192,fixed_ref,0.801678063387679,1309.7568546297523,1.0,1.0,1.6906338137780763,in,2.2377827692777617
mixture_l1,1.0,1e+22,logarithmic,8192,mixture,0.801678063387679,1309.7568546297523,1.0,1.0,1.6906338137780763,in,2.2377827692777617
mixture_l1,1.0,1e+22,logarithmic,32768,fixed_ref,0.6108294955902859,1089.3748944270033,1.0,1.0,1.6906926720466555,in,2.283542895742885
mixture_l1,1.0,1e+22,logarithmic,32768,mixture,0.6108294955902859,1089.3748944270033,1.0,1.0,1.6906926720466555,in,2.283542895742885
mixture_l1,1.0,1e+22,logarithmic,131072,fixed_ref,0.3717406037942833,741.4620083298612,1.0,1.0,1.6908200559118678,in,2.380445879032015
mixture_l1,1.0,1e+22,logarithmic,131072,mixture,0.3717406037942833,741.4620083298612,1.0,1.0,1.6908200559118678,in,2.380445879032015
mixture_l1,1.0,1e+24,exponential,2048,fixed_ref,6.008600551799451,23570.888745708377,1.0,1.0,1.6901895542554368,in,1.9562979691048497
mixture_l1,1.0,1e+24,exponential,2048,mixture,6.008600551799451,23570.888745708377,1.0,1.0,1.6901895542554368,in,1.9562979691048497
mixture_l1,1.0,1e+24,exponential,4096,fixed_ref,5.825501700037946,22915.93906521231,1.0,1.0,1.69019310381402,in,1.9589196715414523
mixture_l1,1.0,1e+24,exponential,4096,mixture,5.825501700037946,22915.93906521231,1.0,1.0,1.69019310381402,in,1.9589196715414523
mixture_l1,1.0,1e+24,exponential,8192,fixed_ref,5.5028372272949015,21764.98353811017,1.0,1.0,1.6901997027163602,in,1.9638080257725934
mixture_l1,1.0,1e+24,exponential,8192,mixture,5.5028372272949015,21764.98353811017,1.0,1.0,1.6901997027163602,in,1.9638080257725934
mixture_l1,1.0,1e+24,exponential,32768,fixed_ref,4.301302633821375,17268.37732240891,1.0,1.0,1.6902301434301903,in,1.9861962813805576
mixture_l1,1.0,1e+24,exponential,32768,mixture,4.301302633821375,17268.37732240891,1.0,1.0,1.6902301434301903,in,1.9861962813805576
mixture_l1,1.0,1e+24,exponential,131072,fixed_ref,2.724624557469334,10906.95315250286,1.0,1.0,1.690295272708779,in,2.033487973970973
mixture_l1,1.0,1e+24,exponential,131072,mixture,2.724624557469334,10906.95315250286,1.0,1.0,1.690295272708779,in,2.033487973970973
mixture_l1,1.0,1e+24,power,2048,fixed_ref,6.144407350126714,22607.791255809945,1.0,1.0,1.69019091975347,in,1.95571171494799
mixture_l1,1.0,1e+24,power,2048,mixture,6.144407350126714,22607.791255809945,1.0,1.0,1.69019091975347,in,1.95571171494799
mixture_l1,1.0,1e+24,power,4096,fixed_ref,5.952782297252953,22005.803304842106,1.0,1.0,1.6901944426130686,in,1.9583480585497863
mixture_l1,1.0,1e+24,power,4096,mixture,5.952782297252953,22005.803304842106,1.0,1.0,1.6901944426130686,in,1.9583480585497863
mixture_l1,1.0,1e+24,power,8192,fixed_ref,5.61754637879216,20938.719857822834,1.0,1.0,1.690200993584019,in,1.9632475691097788
mixture_l1,1.0,1e+24,power,8192,mixture,5.61754637879216,20938.719857822834,1.0,1.0,1.690200993584019,in,1.9632475691097788
mixture_l1,1.0,1e+24,power,32768,fixed_ref,4.373743734297596,16734.840328783128,1.0,1.0,1.6902312391304195,in,1.9856889610533226
mixture_l1,1.0,1e+24,power,32768,mixture,4.373743734297596,16734.840328783128,1.0,1.0,1.6902312391304195,in,1.9856889610533226
mixture_l1,1.0,1e+24,power,131072,fixed_ref,2.75558196282084,10681.619240609689,1.0,1.0,1.6902960626506316,in,2.0330615113368453
mixture_l1,1.0,1e+24,power,131072,mixture,2.75558196282084,10681.619240609689,1.0,1.0,1.6902960626506316,in,2.0330615113368453
mixture_l1,1.0,1e+24,logarithmic,2048,fixed_ref,5.6313605400525,26591.334694753103,1.0,1.0,1.6901858472383675,in,1.9581277747677703
mixture_l1,1.0,1e+24,logarithmic,2048,mixture,5.6313605400525,26591.334694753103,1.0,1.0,1.6901858472383675,in,1.9581277747677703
mixture_l1,1.0,1e+24,logarithmic,4096,fixed_ref,5.469152081099707,25768.74010923744,1.0,1.0,1.6901894747076456,in,1.960724793588435
mixture_l1,1.0,1e+24,logarithmic,4096,mixture,5.469152081099707,25768.74010923744,1.0,1.0,1.6901894747076456,in,1.960724793588435
mixture_l1,1.0,1e+24,logarithmic,8192,fixed_ref,5.181474120187745,24337.03536830636,1.0,1.0,1.6901962128521035,in,1.9655734304615802
mixture_l1,1.0,1e+24,logarithmic,8192,mixture,5.181474120187745,24337.03536830636,1.0,1.0,1.6901962128521035,in,1.9655734304615802
mixture_l1,1.0,1e+24,logarithmic,32768,fixed_ref,4.10015240506615,18873.928427979827,1.0,1.0,1.690227212285457,in,1.9877483140197851
mixture_l1,1.0,1e+24,logarithmic,32768,mixture,4.10015240506615,18873.928427979827,1.0,1.0,1.690227212285457,in,1.9877483140197851
mixture_l1,1.0,1e+24,logarithmic,131072,fixed_ref,2.6441941090204626,11535.010722342977,1.0,1.0,1.6902931917191777,in,2.034636514280501
mixture_l1,1.0,1e+24,logarithmic,131072,mixture,2.6441941090204626,11535.010722342977,1.0,1.0,1.6902931917191777,in,2.034636514280501
mixture_l1,2.0,1e+19,exponential,2048,fixed_ref,0.0215920229587635,72.25630332734711,0.4166325411033009,1.0,1.692314261499306,in,3.449747505370997
mixture_l1,2.0,1e+19,exponential,2048,mixture,0.0215920229587635,72.25630332734711,0.4166325411033009,1.0,1.692314261499306,in,3.449747505370997
mixture_l1,2.0,1e+19,exponential,4096,fixed_ref,0.0209958438091073,69.84466499559211,0.4166325411033009,1.0,1.6923383070141471,in,3.466572236960686
mixture_l1,2.0,1e+19,exponential,4096,mixture,0.0209958438091073,69.84466499559211,0.4166325411033009,1.0,1.6923383070141471,in,3.466572236960686
mixture_l1,2.0,1e+19,exponential,8192,fixed_ref,0.0199452736855723,65.63834204082536,0.4166325411033009,1.0,1.692382940950535,in,3.49782064578163
mixture_l1,2.0,1e+19,exponential,8192,mixture,0.0199452736855723,65.63834204082536,0.4166325411033009,1.0,1.692382940950535,in,3.49782064578163
mixture_l1,2.0,1e+19,exponential,32768,fixed_ref,0.0159348018241459,49.990219868494165,0.4166325411033009,1.0,1.6925878289987637,in,3.6411608961789277
mixture_l1,2.0,1e+19,exponential,32768,mixture,0.0159348018241459,49.990219868494165,0.4166325411033009,1.0,1.6925878289987637,in,3.6411608961789277
mixture_l1,2.0,1e+19,exponential,131072,fixed_ref,0.0104161365988311,29.80185424958124,0.4166325411033009,1.0,1.6930221433704056,in,3.9447483731554733
mixture_l1,2.0,1e+19,exponential,131072,mixture,0.0104161365988311,29.80185424958124,0.4166325411033009,1.0,1.6930221433704056,in,3.9447483731554733
mixture_l1,2.0,1e+19,power,2048,fixed_ref,0.0215920229587635,72.25630332734711,0.4166325411033009,1.0,1.692314261499306,in,3.449747505370997
mixture_l1,2.0,1e+19,power,2048,mixture,0.0215920229587635,72.25630332734711,0.4166325411033009,1.0,1.692314261499306,in,3.449747505370997
mixture_l1,2.0,1e+19,power,4096,fixed_ref,0.0209958438091073,69.84466499559211,0.4166325411033009,1.0,1.6923383070141471,in,3.466572236960686
mixture_l1,2.0,1e+19,power,4096,mixture,0.0209958438091073,69.84466499559211,0.4166325411033009,1.0,1.6923383070141471,in,3.466572236960686
mixture_l1,2.0,1e+19,power,8192,fixed_ref,0.0199452736855723,65.63834204082536,0.4166325411033009,1.0,1.692382940950535,in,3.49782064578163
mixture_l1,2.0,1e+19,power,8192,mixture,0.0199452736855723,65.63834204082536,0.4166325411033009,1.0,1.692382940950535,in,3.49782064578163
mixture_l1,2.0,1e+19,power,32768,fixed_ref,0.0159348018241459,49.990219868494165,0.4166325411033009,1.0,1.6925878289987637,in,3.6411608961789277
mixture_l1,2.0,1e+19,power,32768,mixture,0.0159348018241459,49.990219868494165,0.4166325411033009,1.0,1.6925878289987637,in,3.6411608961789277
mixture_l1,2.0,1e+19,power,131072,fixed_ref,0.0104161365988311,29.80185424958124,0.4166325411033009,1.0,1.6930221433704056,in,3.9447483731554733
mixture_l1,2.0,1e+19,power,131072,mixture,0.0104161365988311,29.80185424958124,0.4166325411033009,1.0,1.6930221433704056,in,3.9447483731554733
mixture_l1,2.0,1e+19,logarithmic,2048,fixed_ref,0.0215920229587635,72.25630332734711,0.4166325411033009,1.0,1.692314261499306,in,3.449747505370997
mixture_l1,2.0,1e+19,logarithmic,2048,mixture,0.0215920229587635,72.25630332734711,0.4166325411033009,1.0,1.692314261499306,in,3.449747505370997
mixture_l1,2.0,1e+19,logarithmic,4096,fixed_ref,0.0209958438091073,69.84466499559211,0.4166325411033009,1.0,1.6923383070141471,in,3.466572236960686
mixture_l1,2.0,1e+19,logarithmic,4096,mixture,0.0209958438091073,69.84466499559211,0.4166325411033009,1.0,1.6923383070141471,in,3.466572236960686
mixture_l1,2.0,1e+19,logarithmic,8192,fixed_ref,0.0199452736855723,65.63834204082536,0.4166325411033009,1.0,1.692382940950535,in,3.49782064578163
mixture_l1,2.0,1e+19,logarithmic,8192,mixture,0.0199452736855723,65.63834204082536,0.4166325411033009,1.0,1.692382940950535,in,3.49782064578163
mixture_l1,2.0,1e+19,logarithmic,32768,fixed_ref,0.0159348018241459,49.990219868494165,0.4166325411033009,1.0,1.6925878289987637,in,3.6411608961789277
mixture_l1,2.0,1e+19,logarithmic,32768,mixture,0.0159348018241459,49.990219868494165,0.4166325411033009,1.0,1.6925878289987637,in,3.6411608961789277
mixture_l1,2.0,1e+19,logarithmic,131072,fixed_ref,0.0104161365988311,29.80185424958124,0.4166325411033009,1.0,1.6930221433704056,in,3.9447483731554733
mixture_l1,2.0,1e+19,logarithmic,131072,mixture,0.0104161365988311,29.80185424958124,0.4166325411033009,1.0,1.6930221433704056,in,3.9447483731554733
mixture_l1,2.0,1e+22,exponential,2048,fixed_ref,0.7390832048187815,1786.5544052099483,0.7644906677270099,1.0,1.690630005622433,in,2.244141293291543
mixture_l1,2.0,1e+22,exponential,2048,mixture,0.7390832048187815,1786.5544052099483,0.7644906677270099,1.0,1.690630005622433,in,2.244141293291543
mixture_l1,2.0,1e+22,exponential,4096,fixed_ref,0.7202666946511164,1723.8166870950863,0.7693909543817422,1.0,1.690637236516379,in,2.248990000513017
mixture_l1,2.0,1e+22,exponential,4096,mixture,0.7202666946511164,1723.8166870950863,0.7693909543817422,1.0,1.690637236516379,in,2.248990000513017
mixture_l1,2.0,1e+22,exponential,8192,fixed_ref,0.6864148438890036,1616.1073519237568,0.7782425832914014,1.0,1.690650647113936,in,2.258070278793574
mixture_l1,2.0,1e+22,exponential,8192,mixture,0.6864148438890036,1616.1073519237568,0.7782425832914014,1.0,1.690650647113936,in,2.258070278793574
mixture_l1,2.0,1e+22,exponential,32768,fixed_ref,0.5557165531616646,1219.440588216475,0.817055964889995,1.0,1.6907120322117328,in,2.2996763273734837
mixture_l1,2.0,1e+22,exponential,32768,mixture,0.5557165531616646,1219.440588216475,0.817055964889995,1.0,1.6907120322117328,in,2.2996763273734837
mixture_l1,2.0,1e+22,exponential,131072,fixed_ref,0.3708286954532517,718.3964746671064,0.8908402810912497,1.0,1.690841381768011,in,2.387784540023687
mixture_l1,2.0,1e+22,exponential,131072,mixture,0.3708286954532517,718.3964746671064,0.8908402810912497,1.0,1.690841381768011,in,2.387784540023687
mixture_l1,2.0,1e+22,power,2048,fixed_ref,0.7340179266611321,1754.0608890521355,0.6920597640303958,1.0,1.6906445121898166,in,2.249586744345071
mixture_l1,2.0,1e+22,power,2048,mixture,0.7340179266611321,1754.0608890521355,0.6920597640303958,1.0,1.6906445121898166,in,2.249586744345071
mixture_l1,2.0,1e+22,power,4096,fixed_ref,0.7174417842712534,1684.6655361572473,0.6990757300027267,1.0,1.690651755841625,in,2.2541624853832607
mixture_l1,2.0,1e+22,power,4096,mixture,0.7174417842712534,1684.6655361572473,0.6990757300027267,1.0,1.690651755841625,in,2.2541624853832607
mixture_l1,2.0,1e+22,power,8192,fixed_ref,0.6881028131028888,1564.6709925934697,0.7121120481508717,1.0,1.6906651687924776,in,2.2626275958176256
mixture_l1,2.0,1e+22,power,8192,mixture,0.6881028131028888,1564.6709925934697,0.7121120481508717,1.0,1.6906651687924776,in,2.2626275958176256
mixture_l1,2.0,1e+22,power,32768,fixed_ref,0.5712155216230432,1137.8921687655877,0.7711332785256471,1.0,1.6907262369081466,in,2.3015025969275023
mixture_l1,2.0,1e+22,power,32768,mixture,0.5712155216230432,1137.8921687655877,0.7711332785256471,1.0,1.6907262369081466,in,2.3015025969275023
mixture_l1,2.0,1e+22,power,131072,fixed_ref,0.3981071705534968,630.2788037207847,0.8938582354119419,1.0,1.6908534107698188,in,2.383335881050353
mixture_l1,2.0,1e+22,power,131072,mixture,0.3981071705534968,630.2788037207847,0.8938582354119419,1.0,1.6908534107698188,in,2.383335881050353
mixture_l1,2.0,1e+22,logarithmic,2048,fixed_ref,0.883785082255996,1393.4998168928687,1.0,1.0,1.6906143089563717,in,2.2224787515247577
mixture_l1,2.0,1e+22,logarithmic,2048,mixture,0.883785082255996,1393.4998168928687,1.0,1.0,1.6906143089563717,in,2.2224787515247577
mixture_l1,2.0,1e+22,logarithmic,4096,fixed_ref,0.8537027230038308,1363.6915087594743,1.0,1.0,1.6906211238650943,in,2.227843441652083
mixture_l1,2.0,1e+22,logarithmic,4096,mixture,0.8537027230038308,1363.6915087594743,1.0,1.0,1.6906211238650943,in,2.227843441652083
mixture_l1,2.0,1e+22,logarithmic,8192,fixed_ref,0.801678063387679,1309.7568546297523,1.0,1.0,1.6906338137780763,in,2.2377827692777617
mixture_l1,2.0,1e+22,logarithmic,8192,mixture,0.801678063387679,1309.7568546297523,1.0,1.0,1.6906338137780763,in,2.2377827692777617
mixture_l1,2.0,1e+22,logarithmic,32768,fixed_ref,0.6108294955902859,1089.3748944270033,1.0,1.0,1.6906926720466555,in,2.283542895742885
mixture_l1,2.0,1e+22,logarithmic,32768,mixture,0.6108294955902859,1089.3748944270033,1.0,1.0,1.6906926720466555,in,2.283542895742885
mixture_l1,2.0,1e+22,logarithmic,131072,fixed_ref,0.3717406037942833,741.4620083298612,1.0,1.0,1.6908200559118678,in,2.380445879032015
mixture_l1,2.0,1e+22,logarithmic,131072,mixture,0.3717406037942833,741.4620083298612,1.0,1.0,1.6908200559118678,in,2.380445879032015
mixture_l1,2.0,1e+24,exponential,2048,fixed_ref,6.008600551799451,23570.888745708377,1.0,1.0,1.6901895542554368,in,1.9562979691048497
mixture_l1,2.0,1e+24,exponential,2048,mixture,6.008600551799451,23570.888745708377,1.0,1.0,1.6901895542554368,in,1.9562979691048497
mixture_l1,2.0,1e+24,exponential,4096,fixed_ref,5.825501700037946,22915.93906521231,1.0,1.0,1.69019310381402,in,1.9589196715414523
mixture_l1,2.0,1e+24,exponential,4096,mixture,5.825501700037946,22915.93906521231,1.0,1.0,1.69019310381402,in,1.9589196715414523
mixture_l1,2.0,1e+24,exponential,8192,fixed_ref,5.5028372272949015,21764.98353811017,1.0,1.0,1.6901997027163602,in,1.9638080257725934
mixture_l1,2.0,1e+24,exponential,8192,mixture,5.5028372272949015,21764.98353811017,1.0,1.0,1.6901997027163602,in,1.9638080257725934
mixture_l1,2.0,1e+24,exponential,32768,fixed_ref,4.301302633821375,17268.37732240891,1.0,1.0,1.6902301434301903,in,1.9861962813805576
mixture_l1,2.0,1e+24,exponential,32768,mixture,4.301302633821375,17268.37732240891,1.0,1.0,1.6902301434301903,in,1.9861962813805576
mixture_l1,2.0,1e+24,exponential,131072,fixed_ref,2.724624557469334,10906.95315250286,1.0,1.0,1.690295272708779,in,2.033487973970973
mixture_l1,2.0,1e+24,exponential,131072,mixture,2.724624557469334,10906.95315250286,1.0,1.0,1.690295272708779,in,2.033487973970973
mixture_l1,2.0,1e+24,power,2048,fixed_ref,6.144407350126714,22607.791255809945,1.0,1.0,1.69019091975347,in,1.95571171494799
mixture_l1,2.0,1e+24,power,2048,mixture,6.144407350126714,22607.791255809945,1.0,1.0,1.69019091975347,in,1.95571171494799
mixture_l1,2.0,1e+24,power,4096,fixed_ref,5.952782297252953,22005.803304842106,1.0,1.0,1.6901944426130686,in,1.9583480585497863
mixture_l1,2.0,1e+24,power,4096,mixture,5.952782297252953,22005.803304842106,1.0,1.0,1.6901944426130686,in,1.9583480585497863
mixture_l1,2.0,1e+24,power,8192,fixed_ref,5.61754637879216,20938.719857822834,1.0,1.0,1.690200993584019,in,1.9632475691097788
mixture_l1,2.0,1e+24,power,8192,mixture,5.61754637879216,20938.719857822834,1.0,1.0,1.690200993584019,in,1.9632475691097788
mixture_l1,2.0,1e+24,power,32768,fixed_ref,4.373743734297596,16734.840328783128,1.0,1.0,1.6902312391304195,in,1.9856889610533226
mixture_l1,2.0,1e+24,power,32768,mixture,4.373743734297596,16734.840328783128,1.0,1.0,1.6902312391304195,in,1.9856889610533226
mixture_l1,2.0,1e+24,power,131072,fixed_ref,2.75558196282084,10681.619240609689,1.0,1.0,1.6902960626506316,in,2.0330615113368453
mixture_l1,2.0,1e+24,power,131072,mixture,2.75558196282084,10681.619240609689,1.0,1.0,1.6902960626506316,in,2.0330615113368453
mixture_l1,2.0,1e+24,logarithmic,2048,fixed_ref,5.6313605400525,26591.334694753103,1.0,1.0,1.6901858472383675,in,1.9581277747677703
mixture_l1,2.0,1e+24,logarithmic,2048,mixture,5.6313605400525,26591.334694753103,1.0,1.0,1.6901858472383675,in,1.9581277747677703
mixture_l1,2.0,1e+24,logarithmic,4096,fixed_ref,5.469152081099707,25768.74010923744,1.0,1.0,1.6901894747076456,in,1.960724793588435
mixture_l1,2.0,1e+24,logarithmic,4096,mixture,5.469152081099707,25768.74010923744,1.0,1.0,1.6901894747076456,in,1.960724793588435
mixture_l1,2.0,1e+24,logarithmic,8192,fixed_ref,5.181474120187745,24337.03536830636,1.0,1.0,1.6901962128521035,in,1.9655734304615802
mixture_l1,2.0,1e+24,logarithmic,8192,mixture,5.181474120187745,24337.03536830636,1.0,1.0,1.6901962128521035,in,1.9655734304615802
mixture_l1,2.0,1e+24,logarithmic,32768,fixed_ref,4.10015240506615,18873.928427979827,1.0,1.0,1.690227212285457,in,1.9877483140197851
mixture_l1,2.0,1e+24,logarithmic,32768,mixture,4.10015240506615,18873.928427979827,1.0,1.0,1.690227212285457,in,1.9877483140197851
mixture_l1,2.0,1e+24,logarithmic,131072,fixed_ref,2.6441941090204626,11535.010722342977,1.0,1.0,1.6902931917191777,in,2.034636514280501
mixture_l1,2.0,1e+24,logarithmic,131072,mixture,2.6441941090204626,11535.010722342977,1.0,1.0,1.6902931917191777,in,2.034636514280501
