_id,_domain,_ntok,Q,Q_base,conflict,is_conflict,z_教育价值,z_可读性,z_专业性,z_低噪声
BkiUbrg5i7PA9LposM8m,commoncrawl,273,0.500569,0.564342,0.401861,False,0.684482,0.753626,0.351765,0.5588
BkiUdMc5qX_AYwyj8Ffd,commoncrawl,739,0.535596,0.585795,0.254603,False,0.671813,0.622234,0.418465,0.673068
BkiUbGY4eIZijRGJ1DNi,commoncrawl,945,0.364825,0.420032,0.456363,False,0.67636,0.2813,0.236009,0.692372
BkiUdP7xK6wB9jjDgG1h,c4,41,0.475085,0.544852,0.427289,False,0.739586,0.538494,0.312298,0.708215
BkiUbLS6NNjgB0Ss0K9B,commoncrawl,386,0.42881,0.521736,0.551202,False,0.647627,0.763184,0.211983,0.706278
BkiUfTQ25V5jNiZ1JmMK,commoncrawl,550,0.483141,0.574138,0.564777,False,0.733508,0.835591,0.270814,0.654099
BkiUdWw4uBhivXSXyaFl,commoncrawl,285,0.455892,0.541861,0.534108,False,0.677633,0.789407,0.255299,0.630717
BkiUdP04eIZjlowc5lrs,book,39863,0.212971,0.295288,0.888689,True,0.570382,0.909586,0.0208968,0.675438
BkiUdmLxK1fBGsWmvzQr,stackexchange,131,0.474427,0.512844,0.427527,False,0.812315,0.479625,0.384789,0.461284
BkiUc1U4eILhP_ZFBAzu,book,77824,0.180996,0.252007,0.957454,True,0.443798,0.972758,0.0153032,0.579284
BkiUeAQ4eIOjReIV-YsK,commoncrawl,594,0.524582,0.580763,0.326077,False,0.719569,0.638962,0.393492,0.628678
BkiUeX3xK0-nUKDhrUvh,book,81068,0.186735,0.260413,0.906687,True,0.507272,0.921508,0.0148212,0.628505
BkiUdCQ25V5irqwkfFmr,commoncrawl,1494,0.562388,0.655412,0.590835,True,0.811755,0.936166,0.345331,0.702785
BkiUdirxaJJQnKrAkMj5,commoncrawl,890,0.501612,0.584651,0.48805,False,0.795905,0.703546,0.307855,0.677398
BkiUdak4uzlhjV1b1qkn,commoncrawl,669,0.495886,0.591159,0.556024,False,0.731426,0.829606,0.273581,0.73508
BkiUdUc4eIZjtO0fWuTz,stackexchange,158,0.60634,0.646353,0.211158,False,0.712044,0.724134,0.512976,0.659827
BkiUdO3xK3xgpZzQoG3B,commoncrawl,771,0.436563,0.520604,0.501302,False,0.701684,0.741768,0.240466,0.586348
BkiUfMQ4uzliBaE72VJi,c4,75,0.523507,0.589449,0.383115,False,0.676965,0.640702,0.369643,0.752758
BkiUd9k5qg5A59Bh1n0r,c4,909,0.363508,0.413098,0.435015,False,0.640205,0.247797,0.268548,0.682812
BkiUdUM5qhDACudDNjo-,commoncrawl,291,0.466206,0.529797,0.42,False,0.737827,0.683932,0.317827,0.491002
BkiUbmzxK0iCl7UGV-Ke,wikipedia,329,0.397489,0.484248,0.61133,True,0.674211,0.806382,0.195052,0.517757
BkiUdPw5qdmC_bV0wYgB,wikipedia,116,0.349572,0.375918,0.356847,False,0.644946,0.343917,0.288099,0.312348
BkiUcWPxK0wg09lKBgxi,commoncrawl,3267,0.584089,0.622346,0.284662,False,0.631042,0.779484,0.494822,0.616277
BkiUdv7xaKPQoka4SO05,commoncrawl,394,0.463065,0.528172,0.456593,False,0.767739,0.51526,0.311147,0.631968
BkiUa33xK2li-F6Jwqup,commoncrawl,14826,0.416203,0.528402,0.799157,True,0.69361,0.953563,0.154406,0.761307
BkiUbw84ukPiEPtYOrdQ,stackexchange,361,0.52633,0.572751,0.360061,False,0.778077,0.717788,0.418017,0.460828
BkiUbdc4eIZijRGJ1cwK,arxiv,1166,0.655421,0.685549,0.336588,False,0.680514,0.921709,0.585121,0.60178
BkiUfMHxaKgQX6Nqsq21,c4,1637,0.597734,0.682265,0.518899,False,0.781459,0.919392,0.400493,0.75278
BkiUednxK4sA-7sDgS_D,c4,54,0.380551,0.424988,0.438449,False,0.546198,0.276865,0.301348,0.715314
BkiUchbxK0fkXPSOpkL8,commoncrawl,997,0.576529,0.670816,0.62698,True,0.983505,0.853708,0.356525,0.676111
BkiUbmjxK6EuNA_gMTUa,stackexchange,698,0.479657,0.527714,0.434314,False,0.801838,0.669359,0.367524,0.392989
BkiUduw5qsFAfn88t3ms,wikipedia,226,0.412676,0.499236,0.567995,False,0.658074,0.778697,0.210702,0.574594
BkiUdnE4dbghcDJYFnY3,commoncrawl,279,0.449471,0.538715,0.561868,False,0.695119,0.803102,0.241234,0.624788
BkiUfGHxK03BfL1dWXhu,c4,89,0.278341,0.341844,0.504112,False,0.63428,0.130168,0.317602,0.519411
BkiUa8M4uBhhxNKuBbFj,commoncrawl,547,0.572035,0.658397,0.516645,False,0.751506,0.887168,0.370523,0.760373
BkiUcQTxK1yAgWay3-hw,c4,598,0.393728,0.496605,0.662858,True,0.661785,0.816539,0.153681,0.730507
BkiUflDxK6wB9jjDiWu7,c4,262,0.504306,0.603248,0.602292,True,0.749106,0.875732,0.27344,0.737625
BkiUd6I4eIOjR9j0NWz0,github,322,0.51449,0.588228,0.521888,False,0.799302,0.342436,0.864324,0.505822
BkiUdOnxK7IDOE3osJP-,commoncrawl,1203,0.413886,0.52351,0.707217,True,0.847645,0.865313,0.158096,0.646073
BkiUdHE4eIZjuBQZud-L,commoncrawl,440,0.500129,0.590725,0.588065,True,0.713338,0.876802,0.288737,0.6738
BkiUddk4eIZjfagW4taQ,c4,96,0.513744,0.588604,0.496402,False,0.63813,0.835471,0.339069,0.663714
BkiUd0U4uzlhipPcwI0p,stackexchange,387,0.603707,0.624415,0.159356,False,0.714745,0.689067,0.55573,0.555389
BkiUfWc25V5jP7YhG-5V,commoncrawl,584,0.534341,0.621469,0.503436,False,0.749399,0.834478,0.331042,0.720188
BkiUa6A5qhLACD0XwZx3,stackexchange,433,0.589072,0.623128,0.245278,False,0.754885,0.682188,0.509607,0.574455
BkiUa5TxK7Ehm9ic-Z2M,arxiv,3791,0.593531,0.644516,0.454564,False,0.673197,0.92913,0.474566,0.581218
BkiUetnxK7IDPjMdLSY6,commoncrawl,487,0.412081,0.502996,0.593175,True,0.606649,0.793119,0.199945,0.664417
BkiUa9o4eIfiUUIxjKv_,commoncrawl,838,0.548635,0.623236,0.40571,False,0.72001,0.780275,0.374564,0.716739
BkiUdOo4eIZjpZeDTbV5,arxiv,3852,0.631625,0.695097,0.465562,False,0.83537,0.949086,0.483525,0.60882
BkiUc1g4uBhizKyciZel,c4,290,0.520611,0.608072,0.489449,False,0.721149,0.805985,0.316536,0.742686
BkiUdjI4eIOjRurQNVBB,github,110,0.499218,0.540452,0.341672,False,0.618065,0.403005,0.744677,0.459856
BkiUcE_xK0fkXQzmK3Kk,commoncrawl,903,0.558094,0.642018,0.532209,False,0.71276,0.894481,0.362272,0.735295
BkiUeFrxK6EuNCveqdHI,commoncrawl,536,0.550216,0.621901,0.496454,False,0.684622,0.879406,0.382953,0.648575
BkiUdpfxK1ThhAcYkyk_,book,65600,0.534359,0.591294,0.425162,False,0.605023,0.826675,0.401513,0.608564
BkiUdg85qX_AYz6UqGvl,c4,310,0.382429,0.468743,0.531229,False,0.684427,0.546135,0.181028,0.712258
BkiUdnI5qdmDCTsM6ZmS,commoncrawl,718,0.505783,0.590939,0.55165,False,0.755025,0.858737,0.307087,0.612103
BkiUbbk4uzki0mx0NW6O,c4,805,0.468293,0.561188,0.51067,False,0.721881,0.715955,0.251538,0.762208
BkiUdDE25V5ikWNAG6XM,github,116,0.557836,0.59467,0.361854,False,0.619678,0.512858,0.833744,0.47189
BkiUbZjxK6wB9mpb0Z8F,c4,283,0.399492,0.474894,0.582556,True,0.806111,0.430961,0.223555,0.654153
BkiUdzjxaKPQonPpLyI_,commoncrawl,1256,0.457751,0.51165,0.424344,False,0.756332,0.422654,0.331988,0.645485
BkiUaMfxK1ThhBMLdfzq,c4,46,0.491855,0.567674,0.405207,False,0.642904,0.72015,0.314943,0.71185
BkiUdRw5qhLBUEdDcBpr,wikipedia,400,0.452675,0.520354,0.383536,False,0.678293,0.610652,0.294757,0.600222
BkiUe8DxK6wB9mn5Aqzz,c4,256,0.522786,0.600063,0.509129,False,0.647496,0.686279,0.342473,0.851602
BkiUeZLxK7IADTol2C5r,stackexchange,225,0.592606,0.614518,0.169156,False,0.710632,0.657875,0.541476,0.563318
BkiUb5zxK7FjYEXSDk2S,c4,275,0.527977,0.593606,0.332875,False,0.665444,0.707717,0.374842,0.703166
BkiUdpY4ubngzDmaLYp8,commoncrawl,660,0.456558,0.547625,0.530056,False,0.721965,0.774124,0.244069,0.658669
BkiUeqfxK3YB9m4AABJF,book,70784,0.499988,0.564884,0.544991,False,0.534584,0.893555,0.348564,0.611278
BkiUdr44dbgg-EpAJmH5,c4,168,0.593066,0.659185,0.355174,False,0.754398,0.793963,0.438789,0.718276
BkiUaYjxK6nrxrSHcy20,c4,128,0.458438,0.547239,0.482912,False,0.672683,0.722174,0.251236,0.734148
BkiUdwLxaJJQnL9IaO-L,wikipedia,29,0.452303,0.486476,0.246709,False,0.619275,0.372566,0.470259,0.516132
BkiUdOI5qdmDMTwvPCKs,book,48892,0.234989,0.314167,0.82747,True,0.332011,0.877711,0.0502415,0.657015
BkiUbfQ5qWTD6c9Tv2DH,commoncrawl,1456,0.497206,0.597329,0.600309,True,0.754423,0.863894,0.263585,0.740381
BkiUdgA5qrqCyqr5hGAw,commoncrawl,301,0.359388,0.452987,0.576653,False,0.608586,0.717643,0.14099,0.681913
BkiUeT3xK7DgtAAQJqVJ,arxiv,1810,0.637465,0.679446,0.395586,False,0.717401,0.935095,0.539508,0.588773
BkiUdaY5qoaAwqc6VmOR,commoncrawl,343,0.351206,0.416923,0.474039,False,0.671906,0.353592,0.197867,0.64189
BkiUe5rxK03BfHDu5U-k,arxiv,3523,0.621466,0.676115,0.445606,False,0.768192,0.939556,0.49395,0.586043
BkiUdWg4uBhi4In9YU-h,commoncrawl,4392,0.578136,0.631746,0.411774,False,0.65393,0.864822,0.453048,0.621574
BkiUe-Q5qhDCgpdHsf71,commoncrawl,1509,0.589607,0.647888,0.361164,False,0.759134,0.814782,0.453619,0.627878
BkiUcgvxK03BfJXwwODR,commoncrawl,343,0.435188,0.520233,0.456943,False,0.687648,0.693692,0.236749,0.647963
BkiUdRA5qhLBCSMaNRZK,commoncrawl,340,0.495861,0.565152,0.453324,False,0.593757,0.787505,0.334181,0.652597
BkiUd7o5qhDACwYJXrH4,c4,186,0.534805,0.598253,0.320145,False,0.706906,0.694921,0.386761,0.674059
BkiUdxY5qWTBHCllE9Ta,commoncrawl,206,0.459274,0.534326,0.411665,False,0.648099,0.695818,0.284153,0.635744
BkiUczg5qWTA5dUDj0ZD,commoncrawl,22799,0.398827,0.510756,0.757546,True,0.703059,0.895207,0.13766,0.782937
BkiUaa7xK7ICUn2IXjVM,c4,213,0.416235,0.500189,0.45609,False,0.676432,0.634215,0.220342,0.661457
BkiUfH025V5jQSoCcxm0,commoncrawl,578,0.558059,0.645703,0.603151,True,0.956705,0.702034,0.353554,0.731706
BkiUdP85qoYAv4ZEv9wl,commoncrawl,431,0.398051,0.46381,0.447257,False,0.69187,0.445796,0.244613,0.612887
BkiUbJE4dbjiVEKCITwV,commoncrawl,1422,0.484442,0.576692,0.601477,True,0.659528,0.870671,0.269194,0.714921
BkiUc3Y5jDKDyJ94Wv6C,c4,394,0.443691,0.543585,0.616047,True,0.665101,0.826649,0.210603,0.752975
BkiUc1M5qsNCPbQZ65Vy,c4,182,0.448948,0.536709,0.476848,False,0.709446,0.663723,0.244171,0.721019
BkiUbqnxaL3SuhOomNBr,c4,84,0.494513,0.582937,0.538295,False,0.685818,0.826485,0.288191,0.706423
BkiUbPjxK19JmejM7k64,commoncrawl,1598,0.612712,0.683724,0.487273,False,0.77427,0.934292,0.447019,0.675653
BkiUeME4eIOjRvCHtj4d,c4,485,0.384501,0.480556,0.636833,True,0.677086,0.614687,0.160372,0.797205
BkiUbDw4eIfiUU0QabS6,stackexchange,77,0.572531,0.609381,0.236316,False,0.641899,0.722863,0.610771,0.486547
BkiUd5c5qX_BxlWi8e5p,wikipedia,47,0.382465,0.438723,0.399199,False,0.650398,0.475747,0.251199,0.476351
BkiUfsU241xiKkAO5-Nn,arxiv,7048,0.522854,0.563499,0.519264,False,0.433503,0.947278,0.428014,0.573452
BkiUfpi6NNjgBpvID2SE,c4,547,0.527129,0.627598,0.556378,False,0.793821,0.84908,0.292702,0.785786
BkiUbbM4uzqh_FfD5Iq-,commoncrawl,350,0.507235,0.572974,0.396909,False,0.651827,0.750754,0.353845,0.622241
BkiUe7DxK7IAHL_U9n-R,commoncrawl,1422,0.54605,0.632056,0.580098,True,0.774936,0.925467,0.345369,0.644019
BkiUdvY5qhLA6eZZnrW6,c4,40,0.343388,0.413089,0.546085,False,0.673449,0.18075,0.328549,0.726835
BkiUcPrxK7FjYAb_6FxR,commoncrawl,739,0.416307,0.51683,0.729295,True,0.595639,0.911047,0.181752,0.722038
BkiUclbxK4sA-7sDei3M,wikipedia,190,0.456178,0.526105,0.440918,False,0.733935,0.634334,0.293016,0.561297
BkiUd1Y5qhDACudDN--G,commoncrawl,727,0.515151,0.597259,0.579302,True,0.60156,0.902867,0.323565,0.723688
BkiUftHxK6EuNA_gQG1a,commoncrawl,647,0.526002,0.611899,0.520878,False,0.743946,0.846452,0.325574,0.683437
BkiUfV84uzqgCTcsvoP_,commoncrawl,574,0.515509,0.592557,0.498776,False,0.632386,0.834503,0.335728,0.695555
BkiUdzw5qsNCPep76pFj,stackexchange,623,0.59728,0.636598,0.30058,False,0.806119,0.765808,0.526171,0.505539
BkiUdc3xaJJQnL9IZ5eu,wikipedia,42,0.388201,0.44713,0.410298,False,0.660998,0.2507,0.391391,0.615819
BkiUbpfxaJiQnsTQxqRO,c4,73,0.472063,0.534131,0.398358,False,0.673278,0.508939,0.327238,0.725597
BkiUfEs5qhDCeKz25t9J,commoncrawl,525,0.381837,0.448757,0.455645,False,0.681336,0.565626,0.225691,0.465854
BkiUeqnxaKgTq1C9PBNu,arxiv,2724,0.621824,0.671143,0.415605,False,0.738492,0.922353,0.506748,0.587706
BkiUdbw5qoYA4vSM24RK,commoncrawl,160,0.469501,0.546586,0.448145,False,0.691159,0.737783,0.289638,0.60397
BkiUdIY5qhDBIcqDkMn_,commoncrawl,2079,0.375488,0.42936,0.405726,False,0.616606,0.336338,0.249787,0.655513
BkiUf1A241xiKxw8KDYD,c4,142,0.528619,0.610723,0.463066,False,0.647781,0.796002,0.337042,0.800108
BkiUbec4ukPiEKkD6tE6,commoncrawl,507,0.427342,0.513269,0.486263,False,0.693313,0.713108,0.226845,0.618159
BkiUbWE4uzki04AfVRes,arxiv,6551,0.537478,0.571015,0.422226,False,0.459226,0.881452,0.459909,0.570941
BkiUdxDxaKgQJoJrLy17,c4,157,0.273773,0.333275,0.51111,False,0.646045,0.134935,0.233694,0.603851
BkiUdPY5qoTA_-bSs-Fi,arxiv,9637,0.580395,0.638366,0.51619,False,0.631337,0.961322,0.445132,0.614552
BkiUbuI4uzqh_DvIk9Tp,commoncrawl,744,0.590813,0.674801,0.515055,False,0.708594,0.909894,0.39484,0.814227
BkiUdBs4uBhi2h6VOrKr,commoncrawl,578,0.448408,0.518171,0.404619,False,0.642025,0.690247,0.285628,0.569245
BkiUesXxK6mkyCKC2Tte,commoncrawl,125,0.364618,0.444736,0.513644,False,0.609765,0.691318,0.177674,0.521482
BkiUa-A4ubnjoqNEqJIh,c4,211,0.538467,0.625353,0.470821,False,0.775156,0.806556,0.335735,0.728234
BkiUd3w5qYVBeaTuDwdA,commoncrawl,902,0.555897,0.641978,0.556202,False,0.761325,0.911241,0.355039,0.689299
BkiUfA85qhDCZ_S7eNnK,github,21,0.522728,0.59042,0.551886,False,0.65082,0.36478,0.916667,0.558179
BkiUdkc5qoYA4DD26dTm,commoncrawl,1468,0.479107,0.568691,0.597089,True,0.649476,0.867167,0.270079,0.687063
BkiUc_k5qhDBIcqDkFCA,commoncrawl,483,0.499691,0.524045,0.16794,False,0.610806,0.545165,0.442866,0.511384
BkiUb_TxaJJQnHaRwdKK,c4,167,0.379178,0.456971,0.444301,False,0.641961,0.552477,0.19766,0.62124
BkiUfVc4uzqj8WoUXSMi,commoncrawl,1135,0.557085,0.642638,0.526757,False,0.821877,0.884216,0.35746,0.656269
BkiUbELxK0fkXPSOoINZ,commoncrawl,493,0.382184,0.464945,0.500933,False,0.596831,0.59928,0.189074,0.690008
BkiUdH0241xiEptdWRpv,c4,308,0.170268,0.223139,0.593828,True,0.640728,0.0469008,0.135579,0.600169
BkiUdUfxK4sA-5Y3sjs1,commoncrawl,526,0.474761,0.568326,0.617223,True,0.692597,0.873666,0.256443,0.671687
BkiUfW825V5jXr9apTMy,c4,1382,0.484464,0.583313,0.620616,True,0.681635,0.874431,0.253815,0.7645
BkiUbYM5qsBB3Ha6iL8E,wikipedia,33,0.453786,0.48428,0.274455,False,0.657088,0.397835,0.382633,0.549779
BkiUbi_xK7ICUyBuzLd7,c4,482,0.536321,0.619303,0.460203,False,0.71838,0.802899,0.342696,0.74387
BkiUeEc5qWTD6lY8Yhgu,commoncrawl,276,0.530295,0.60562,0.466991,False,0.668279,0.821528,0.354538,0.690866
BkiUcyvxK1UJ-2RwWT-X,arxiv,3171,0.607139,0.662282,0.402817,False,0.740252,0.881287,0.47847,0.616244
BkiUbjc4ukPiEKkD6xpY,wikipedia,54,0.475579,0.501337,0.221655,False,0.637132,0.482585,0.415477,0.494456
BkiUdao5qoaAwm0PG7X6,c4,515,0.577616,0.651648,0.433787,False,0.712152,0.838661,0.404875,0.745512
BkiUdJQ4eIZjrLrbJ78_,commoncrawl,634,0.668586,0.712789,0.346888,False,0.86209,0.912332,0.580351,0.565444
BkiUeBE4eIOjRq_Tx5Kq,commoncrawl,262,0.521771,0.59179,0.453924,False,0.683552,0.812316,0.358393,0.616118
BkiUduU4dbghYS8bArCg,commoncrawl,554,0.428954,0.517314,0.621608,True,0.643627,0.844388,0.22278,0.590818
BkiUdeA5qdmB62pcdIQG,commoncrawl,734,0.608484,0.65185,0.385081,False,0.753623,0.892379,0.507299,0.529113
BkiUdKfxK6Ot9TMSqt2Y,c4,69,0.517583,0.588788,0.353371,False,0.70481,0.691599,0.351439,0.701311
BkiUcHTxK4sA-9F9jb1O,wikipedia,44,0.417506,0.463023,0.308316,False,0.619615,0.537157,0.311299,0.443483
BkiUaV7xK03BfHDu16tn,c4,572,0.456001,0.535439,0.493451,False,0.658596,0.603062,0.270646,0.764097
BkiUaQjxK7Dgs_XS9KLT,wikipedia,38,0.445883,0.478277,0.33207,False,0.702367,0.487294,0.370297,0.412773
BkiUgzTxK7IACL5k-etX,commoncrawl,898,0.491894,0.561046,0.479037,False,0.620236,0.809575,0.330538,0.59673
BkiUbgQ241xg-Gl0mzTL,arxiv,6108,0.592097,0.654083,0.496065,False,0.732849,0.943528,0.447463,0.59143
BkiUc_o4uzki0qvyMqlt,commoncrawl,800,0.557413,0.626164,0.369001,False,0.765997,0.737985,0.396995,0.684831
BkiUfa025V5jWJMbO_F_,stackexchange,773,0.543575,0.589168,0.322886,False,0.629289,0.576128,0.760076,0.43719
BkiUbovxaKgS2EKBg_Hd,arxiv,4361,0.625591,0.674252,0.445546,False,0.712321,0.957595,0.512049,0.591632
BkiUdkg4uBhi2h6VPH0-,c4,81,0.501546,0.591053,0.52842,False,0.627009,0.821118,0.292698,0.809293
BkiUdPw4ubng6eY9MG_q,c4,198,0.488265,0.58007,0.595591,True,0.634484,0.869644,0.274053,0.74812
BkiUd2M4eIOjRtI4aB46,commoncrawl,193,0.560259,0.599972,0.316468,False,0.679969,0.784062,0.467594,0.519702
BkiUdAk5qsMAIw7A56My,commoncrawl,584,0.570727,0.647221,0.511081,False,0.750707,0.903322,0.392241,0.659485
BkiUfaE5qhLBuVPowcam,c4,424,0.462225,0.538078,0.465216,False,0.661788,0.591386,0.285237,0.750453
BkiUbIU5qsNCPdNDGVg8,commoncrawl,1084,0.564895,0.646505,0.551569,False,0.706236,0.926039,0.374471,0.713061
BkiUdcw5qoTBAkU3U5__,commoncrawl,614,0.537867,0.58693,0.334087,False,0.571511,0.757472,0.423385,0.647365
BkiUa_DxaL3SuhOoliad,book,102260,0.149413,0.20523,0.720065,True,0.232498,0.73924,0.0191752,0.517718
BkiUeNPxK1UJ-rWoKUKs,c4,251,0.496838,0.580557,0.518407,False,0.635549,0.819901,0.301495,0.72265
BkiUbCM5qU2ApuiOV9dw,book,46487,0.474951,0.557974,0.491213,False,0.68742,0.772442,0.281229,0.648659
BkiUgfPxK03BfNelY4ct,wikipedia,91,0.42894,0.489994,0.414855,False,0.701336,0.609507,0.286481,0.470479
BkiUeDU5qoTAh9p005eg,c4,439,0.514802,0.589778,0.38309,False,0.722945,0.712145,0.339856,0.69122
BkiUgJnxK7Tt6CA5J7Pm,commoncrawl,322,0.455014,0.543366,0.513712,False,0.66555,0.762571,0.248859,0.689537
BkiUdVM4uzlh3iJcU3Li,commoncrawl,157,0.462783,0.540244,0.50622,False,0.648054,0.788259,0.282039,0.59087
BkiUcDHxaL3SuhzLnOmo,commoncrawl,731,0.582334,0.664738,0.520312,False,0.746381,0.91037,0.390057,0.736456
BkiUcj7xK1UJ-rWoJSKe,c4,47,0.542333,0.575666,0.232977,False,0.697533,0.464556,0.509758,0.664768
BkiUfrg5qhLBzMvmWaXo,wikipedia,221,0.509143,0.559931,0.300385,False,0.660921,0.691021,0.390636,0.550862
BkiUcMY5jDKDyDz_8N7E,commoncrawl,2555,0.358578,0.450931,0.591972,True,0.61268,0.639923,0.143088,0.73506
BkiUcV-6NNjgB1scXmI4,c4,142,0.519978,0.581282,0.322978,False,0.618815,0.699915,0.376937,0.699141
BkiUbpA4eIZijWIz2nhv,c4,3444,0.623479,0.7156,0.550788,False,0.891287,0.959319,0.408531,0.750451
BkiUd1_xK4sA-46xOi_N,c4,140,0.541328,0.606638,0.400483,False,0.644095,0.78942,0.388936,0.684656
BkiUeR3xK7IAHdKt3J_a,c4,78,0.447417,0.510349,0.394464,False,0.628888,0.516101,0.300576,0.69504
BkiUdYk5qhDBUi61UAMn,commoncrawl,425,0.37818,0.45251,0.477289,False,0.682033,0.500657,0.204744,0.599029
BkiUbdc4eIZijWO-mEYF,commoncrawl,2183,0.403731,0.494252,0.742112,True,0.613282,0.934628,0.192516,0.5399
BkiUaZA25V5hcGj03YLp,book,462,0.346824,0.415458,0.500117,False,0.618291,0.686797,0.18668,0.375279
BkiUfZc5qhDC0kZMX5XA,wikipedia,642,0.379603,0.469992,0.717912,True,0.655806,0.886608,0.168696,0.496418
BkiUbyrxK1UJ-2RwVXvn,commoncrawl,366,0.449103,0.505465,0.370028,False,0.687619,0.619214,0.317591,0.482553
BkiUdsA4uzlh53v23Lcf,commoncrawl,506,0.410086,0.504266,0.7023,True,0.578208,0.892635,0.190334,0.657101
BkiUfsbxK5YsWOzBD8uf,commoncrawl,780,0.539498,0.614963,0.40204,False,0.765452,0.71615,0.363412,0.717672
BkiUd27xK5YsWR0KjuN-,commoncrawl,299,0.496303,0.563236,0.477079,False,0.599601,0.817205,0.340127,0.603613
BkiUczY4ubngxaggv9bc,c4,127,0.498158,0.584748,0.485848,False,0.672823,0.781964,0.296115,0.749986
BkiUblTxK7Tt6AlxCP32,github,515,0.568367,0.594284,0.237382,False,0.645262,0.510635,0.745276,0.507895
BkiUdSLxK0zjCrsN_3hZ,commoncrawl,1369,0.392415,0.449555,0.441929,False,0.654923,0.343087,0.259089,0.701017
BkiUdK04eIfiUSg2fZx2,commoncrawl,2160,0.42721,0.498523,0.420028,False,0.635516,0.546942,0.260814,0.680843
BkiUdH45qWTA9fx_AH_X,commoncrawl,870,0.422938,0.527249,0.716236,True,0.687965,0.895784,0.179547,0.697035
BkiUd3A4c3aisDazmex1,commoncrawl,537,0.521626,0.601794,0.501714,False,0.756439,0.836282,0.334567,0.619405
BkiUf7s25V5jgpkz2-AL,c4,45,0.511382,0.555263,0.298055,False,0.630587,0.521215,0.408993,0.707047
BkiUdG85qX_BhIhybSg4,commoncrawl,284,0.42102,0.508501,0.652005,True,0.646758,0.868902,0.216896,0.547842
BkiUdpQ5qhLBRA7e7vkp,commoncrawl,515,0.637349,0.675534,0.232904,False,0.781153,0.756034,0.548249,0.643143
BkiUed3xK6Ot9WA5iukI,commoncrawl,396,0.419735,0.510349,0.488633,False,0.687169,0.696936,0.208302,0.67912
BkiUdgk4uzqh_QQD9GXc,commoncrawl,122,0.463779,0.534235,0.483282,False,0.617354,0.782664,0.299382,0.562818
BkiUakS6NNjgBvv4MX2v,commoncrawl,315,0.449383,0.529431,0.501115,False,0.661613,0.763722,0.262607,0.591643
BkiUbcI5jDKDyE8-K6g-,commoncrawl,8099,0.426233,0.533481,0.714192,True,0.75943,0.89018,0.175988,0.679397
BkiUdPw4ubnjot1QXxRS,commoncrawl,2481,0.476267,0.575735,0.700204,True,0.69103,0.944379,0.244175,0.688759
BkiUdZ04eIZjsHxU-7d7,commoncrawl,316,0.51906,0.607337,0.556228,False,0.740126,0.869309,0.313081,0.675034
BkiUd-bxaKgQMxLkzK2O,commoncrawl,743,0.494898,0.583587,0.570025,False,0.682245,0.857983,0.287958,0.68765
BkiUbxo5qsMAI0vkcMmk,commoncrawl,1950,0.347643,0.431874,0.546361,False,0.543307,0.606178,0.151104,0.697465
BkiUes85qhDCOpZYLhTN,commoncrawl,526,0.396918,0.466522,0.414022,False,0.64853,0.527579,0.234508,0.589874
BkiUgKDxK03BfNelYotf,c4,591,0.479153,0.57633,0.634972,True,0.640792,0.887379,0.252408,0.767924
BkiUdHPxK2li-LM1RlPT,commoncrawl,593,0.475718,0.556662,0.482706,False,0.67305,0.769553,0.286847,0.645886
BkiUeGs4eIOjSBZeesuF,commoncrawl,418,0.572761,0.650904,0.489108,False,0.758439,0.879537,0.390429,0.688985
BkiUbQY4dbjiU7SsVTGE,c4,2067,0.429465,0.528356,0.659687,True,0.608833,0.858408,0.198721,0.749165
BkiUdx05qYVBZEfUizBu,commoncrawl,2675,0.428583,0.53413,0.743471,True,0.663988,0.925777,0.182306,0.724894
BkiUdD05qdmC89dscwVi,arxiv,4956,0.593212,0.664659,0.49928,False,0.806439,0.925783,0.426503,0.612733
BkiUc_I5ixsDMQX0hiAW,commoncrawl,545,0.452838,0.548873,0.603372,True,0.662853,0.832129,0.228757,0.718442
BkiUa43xK7kjXLSrDQ4_,c4,109,0.476634,0.558718,0.474321,False,0.639955,0.702836,0.285103,0.759424
BkiUbHY5jDKDyFga_qHy,commoncrawl,2957,0.491783,0.60089,0.718151,True,0.79319,0.955349,0.237199,0.72442
BkiUfanxK5YsWTJsQwPk,github,290,0.498132,0.55982,0.364744,False,0.718938,0.354193,0.69342,0.556072
BkiUfdDxK7FjYAb_9I8O,commoncrawl,435,0.58437,0.658937,0.481237,False,0.752898,0.891619,0.410382,0.684152
BkiUbObxK2li-LJsuB1W,commoncrawl,2551,0.419844,0.517826,0.572659,False,0.671077,0.763877,0.191218,0.732304
BkiUbZ7xK6wB9mpb0aZo,arxiv,5924,0.583543,0.646279,0.506584,False,0.755331,0.943742,0.437158,0.559675
BkiUd685qoTBC5y2MUTm,commoncrawl,296,0.528348,0.598558,0.458385,False,0.632742,0.822911,0.364526,0.676039
BkiUceTxK4sA-5Y3ryXH,commoncrawl,3691,0.477473,0.58044,0.728661,True,0.824818,0.965877,0.237217,0.599884
BkiUe67xK0fkXQzmMw2y,c4,557,0.337493,0.421548,0.602204,True,0.647944,0.462432,0.141365,0.743569
BkiUbN05qsFAfvtmo8cS,arxiv,6020,0.608722,0.659407,0.4767,False,0.677953,0.967155,0.490455,0.587814
BkiUdo_xK0-nUGYe6Ig2,c4,331,0.453919,0.552279,0.541013,False,0.765425,0.755209,0.224412,0.716277
BkiUbfo4ukPiEYTwlFzn,c4,195,0.483323,0.577327,0.532611,False,0.716829,0.736359,0.26398,0.796591
BkiUfTTxK0zjCxN_vNy2,wikipedia,1165,0.455935,0.541149,0.582901,True,0.633726,0.840005,0.257104,0.626038
BkiUd1U4ubng45iLGxQf,c4,69,0.482152,0.565248,0.522878,False,0.641103,0.81114,0.288262,0.680555
BkiUbOrxK6Ot9TMSo9fn,c4,152,0.503229,0.601108,0.575095,False,0.755035,0.849942,0.274846,0.739608
BkiUdJM4uzqh_OyQcHGk,github,89,0.44718,0.49939,0.418106,False,0.636315,0.403895,0.743463,0.325357
BkiUdtjxaKgQKLxdcCGS,wikipedia,99,0.507823,0.571523,0.325534,False,0.641432,0.684724,0.35919,0.676117
BkiUdUA4eIXhz_smZfyX,commoncrawl,1302,0.666338,0.726011,0.409184,False,0.936285,0.880668,0.527102,0.639131
BkiUbXc4eIfiUOJsqAcg,c4,284,0.59243,0.661244,0.386746,False,0.712903,0.818611,0.431864,0.758407
BkiUa7XxK2li-F6JwuXm,commoncrawl,1195,0.508971,0.61328,0.657906,True,0.809022,0.923489,0.265583,0.712239
BkiUdqA5qdmDH5kXJGUo,c4,377,0.524745,0.61406,0.516418,False,0.71857,0.750666,0.316343,0.832761
BkiUcObxK2li-Hhr-9CJ,commoncrawl,616,0.527115,0.588993,0.321934,False,0.704667,0.67681,0.382733,0.65916
BkiUc845qX_BhIhybIbz,c4,163,0.446152,0.532353,0.538916,False,0.696258,0.599991,0.245017,0.783933
BkiUets5qhLBeyJsOxgd,arxiv,6251,0.581476,0.634058,0.487184,False,0.61023,0.945967,0.458783,0.61017
BkiUfQPxK0iCl4WD5c46,commoncrawl,830,0.474908,0.562891,0.586106,True,0.638308,0.85572,0.269614,0.681153
BkiUfRA5qg5DOdqYBcAF,c4,137,0.53984,0.619234,0.49174,False,0.697281,0.846328,0.354589,0.702382
BkiUd6Y5qoTBEmQ0QGaa,book,18018,0.179932,0.250359,0.863453,True,0.394459,0.879055,0.0156022,0.689876
BkiUbabxK4tBVhvvqhjc,github,172,0.497115,0.553606,0.492499,False,0.642957,0.365303,0.857802,0.466033
BkiUcq7xK0zjCsHeaRLq,c4,709,0.577394,0.672067,0.52373,False,0.880219,0.831249,0.356488,0.781772
BkiUflo5qhLB24oEzdUm,commoncrawl,702,0.431412,0.529644,0.576261,False,0.717052,0.778464,0.202203,0.696159
BkiUdQs4uzlh5yvfBjYZ,commoncrawl,2384,0.619195,0.66306,0.331474,False,0.801532,0.848319,0.516845,0.549928
BkiUfGU5qhLBgmacwcv_,commoncrawl,488,0.494216,0.584152,0.551915,False,0.71844,0.836281,0.284365,0.681038
BkiUa5rxK7kjXIK5peS1,c4,98,0.522351,0.612011,0.525385,False,0.680642,0.838528,0.313144,0.784512
BkiUeDw5qWTD6fxGXWIq,commoncrawl,599,0.588156,0.667635,0.505145,False,0.80228,0.907849,0.402704,0.677165
BkiUaS3xK5YsWTJsM9Ih,github,50,0.402044,0.488279,0.530702,False,0.664724,0.20083,0.731533,0.58126
BkiUgC_xK1ThhAqzZbQq,commoncrawl,389,0.514991,0.605144,0.58644,True,0.725127,0.891073,0.304633,0.680852
BkiUd3A5qdmDNqo3lNFh,commoncrawl,1125,0.381155,0.469219,0.52977,False,0.671257,0.705442,0.175672,0.581667
BkiUdwA5qhLBA_UtOKJ8,c4,323,0.574493,0.641052,0.334387,False,0.72413,0.738128,0.419188,0.753575
BkiUd0M5qYVBdrFDCMrx,c4,625,0.545665,0.642997,0.591453,True,0.813459,0.910009,0.318556,0.724432
BkiUbxHxK7kjXIK5qRYC,commoncrawl,650,0.535471,0.592315,0.367169,False,0.65252,0.770007,0.402838,0.607999
BkiUZ67xK0-nUKDhnyY1,c4,768,0.471039,0.563707,0.502078,False,0.756893,0.720167,0.254815,0.726314
BkiUcAnxK4tBViZLEVbZ,c4,284,0.399906,0.483608,0.613928,True,0.611303,0.533576,0.2046,0.818528
BkiUcGrxaL3SuiVmhTa2,c4,209,0.501426,0.590685,0.551598,False,0.770653,0.844753,0.293155,0.637443
BkiUcpC6NNjgBtyge5LM,commoncrawl,349,0.688601,0.722208,0.273218,False,0.820997,0.883403,0.610185,0.614689
BkiUcxc5qWTA5dUDjyM-,commoncrawl,383,0.431576,0.519849,0.602117,True,0.597502,0.827724,0.225607,0.653783
BkiUdx05qhLA_bAY2o8X,commoncrawl,4278,0.603181,0.694264,0.560799,False,0.871607,0.951451,0.390653,0.716855
BkiUajjxK6EuNAra_tpg,c4,143,0.456956,0.528235,0.548588,False,0.603566,0.528549,0.29064,0.839228
BkiUd-Y4uBhjDKLkNBGq,commoncrawl,776,0.487502,0.532047,0.286464,False,0.670027,0.544744,0.383563,0.572278
BkiUal_xK2li-DeXxupJ,arxiv,5354,0.560857,0.597603,0.409024,False,0.510522,0.88414,0.475116,0.594616
BkiUe6Q5qoTAhv86ioBs,commoncrawl,487,0.4665,0.537456,0.457703,False,0.758637,0.596812,0.300934,0.612082
BkiUeN_xK7IAGcV43AJv,commoncrawl,328,0.454289,0.529324,0.40062,False,0.679826,0.676817,0.279206,0.610704
BkiUcgLxK0iCl4WD3zsq,commoncrawl,182,0.471898,0.566271,0.6046,True,0.657713,0.856293,0.251693,0.724678
BkiUfEs4uzliCsUqq8yN,arxiv,1967,0.64422,0.681403,0.365362,False,0.699688,0.922824,0.598869,0.557461
BkiUdWbxaJJQnL9IZyEX,c4,97,0.506123,0.590084,0.498061,False,0.672582,0.718535,0.310214,0.808275
BkiUdvs5qoTBFHyxCWzr,commoncrawl,723,0.648942,0.706402,0.34174,False,0.702416,0.85661,0.51487,0.803677
BkiUfhLxK4sA-46xQHfR,c4,83,0.473945,0.553412,0.457116,False,0.657906,0.745636,0.28852,0.662318
BkiUd57xaJiQn-58DiK_,c4,100,0.454102,0.542253,0.575624,False,0.655269,0.824041,0.248417,0.643948
BkiUeIk4eIOjRxkyjNNl,commoncrawl,607,0.387622,0.469835,0.539677,False,0.551585,0.735469,0.195792,0.612643
BkiUd0nxK1UJ-rWoKHOB,stackexchange,85,0.536484,0.577203,0.282657,False,0.724132,0.715123,0.485439,0.441474
BkiUfvzxK7FjYEB4X44r,commoncrawl,627,0.487761,0.574715,0.506139,False,0.791006,0.743862,0.284867,0.650422
BkiUa4TxK02iP4Y2sx8Y,book,66985,0.159733,0.224037,0.898652,True,0.449105,0.908345,0.00969214,0.585014
BkiUe9bxK4sA-5fmy2yW,c4,135,0.447421,0.548996,0.625532,True,0.729957,0.835946,0.210414,0.706477
BkiUdh7xaJiQn8otYlvH,c4,371,0.427584,0.521539,0.614207,True,0.690812,0.624032,0.208357,0.822564
BkiUex3xK1UJ-rRIBLnP,c4,602,0.444491,0.542071,0.534298,False,0.731532,0.723861,0.216805,0.751102
BkiUdf85qhLA8xWe_rv0,c4,89,0.464771,0.545908,0.423007,False,0.680866,0.69846,0.275452,0.67754
BkiUb57xK3xgpZzQnFtJ,c4,57,0.477807,0.554616,0.435397,False,0.64128,0.733982,0.298586,0.672873
BkiUaiPxK4sA-7sDcqEj,commoncrawl,327,0.379007,0.44716,0.427973,False,0.647957,0.459344,0.219984,0.610048
BkiUcOLxK0iCl7DT7iLQ,commoncrawl,615,0.368966,0.455724,0.497317,False,0.663846,0.599925,0.16653,0.649104
BkiUc3k4dbgg5K7vb8CT,commoncrawl,463,0.401883,0.493587,0.646058,True,0.563479,0.833965,0.187907,0.67106
BkiUbIrxK19JmhArBehd,commoncrawl,886,0.460672,0.54612,0.58545,True,0.642543,0.846744,0.261294,0.62518
BkiUc10241xiDDDH9KXi,github,101,0.570978,0.606146,0.302862,False,0.791781,0.488919,0.611008,0.570658
BkiUcarxK6Ot9WA5gys0,github,342,0.556568,0.588459,0.261191,False,0.687844,0.743345,0.482154,0.486343
BkiUb_TxK0zjCrsN-n_0,wikipedia,115,0.446756,0.499777,0.280914,False,0.603954,0.542184,0.32304,0.589623
BkiUcZHxK0wg0_7493pd,github,179,0.481007,0.518268,0.306007,False,0.70007,0.394063,0.516009,0.50674
BkiUbcw5qhLACDOs81mS,commoncrawl,880,0.404684,0.500562,0.725726,True,0.605269,0.906695,0.180969,0.63097
BkiUbdU4eIXgu2VZnG7A,c4,683,0.495922,0.590834,0.567505,False,0.654067,0.805574,0.27446,0.841965
BkiUbp3xK6wB9lIs7fXs,arxiv,4058,0.60151,0.644558,0.442835,False,0.693528,0.943901,0.501065,0.526114
BkiUbsM5qsBB3Od3g05K,commoncrawl,820,0.40231,0.487152,0.503808,False,0.580432,0.708155,0.204347,0.669641
BkiUdng25V5hRtkVbWTN,commoncrawl,2587,0.401246,0.464807,0.375255,False,0.600115,0.48918,0.252938,0.628192
BkiUdUE5ixsDMB_MjH04,c4,377,0.382002,0.462267,0.547058,False,0.684772,0.461021,0.194717,0.741774
BkiUdaTxK0fkXQzmLzcj,commoncrawl,2679,0.442763,0.52098,0.474292,False,0.637093,0.73455,0.260258,0.604409
BkiUeCA4eIOjRwMTjbCo,c4,330,0.406455,0.48155,0.458641,False,0.646642,0.520816,0.231231,0.689872
BkiUfwbxK0wg09KOZhIa,commoncrawl,872,0.653169,0.692755,0.356974,False,0.768459,0.917777,0.582235,0.560803
BkiUaTPxK1yAga6JpMsj,c4,89,0.392245,0.450271,0.470056,False,0.726908,0.417923,0.256853,0.526432
BkiUbGbxK6nrxpQczRLy,commoncrawl,668,0.503939,0.589257,0.516336,False,0.756627,0.821198,0.304862,0.636099
BkiUbabxK6nrxpQczkvb,c4,526,0.519214,0.600849,0.433845,False,0.684076,0.759671,0.328732,0.762577
BkiUf0DxK7IDOjusFIUX,commoncrawl,365,0.419207,0.507748,0.611695,True,0.642422,0.824305,0.212611,0.58958
BkiUfUk4uzliDGNVOel9,c4,146,0.468611,0.546257,0.42127,False,0.694168,0.629305,0.287435,0.708705
BkiUePc4dbghfKo4nKKO,commoncrawl,516,0.449709,0.525444,0.56046,False,0.608927,0.833454,0.272995,0.54979
BkiUdQfxK7Ehm9idASXf,commoncrawl,188,0.432335,0.503472,0.415925,False,0.682274,0.595867,0.266349,0.593018
BkiUbULxK1yAgWay3HSP,commoncrawl,469,0.463165,0.517314,0.310031,False,0.646847,0.515466,0.336816,0.637523
BkiUaRfxK1yAgWt77l7t,commoncrawl,1530,0.39606,0.486763,0.554329,False,0.73875,0.63513,0.184421,0.647699
BkiUdrY4eIOjSEHJUCPw,commoncrawl,303,0.462639,0.549258,0.562507,False,0.643402,0.823035,0.260528,0.659155
BkiUdPDxK3YB9m3uvvyo,c4,562,0.467235,0.572985,0.677911,True,0.748234,0.898395,0.220485,0.726262
BkiUbG7xK7Ehm79fa840,commoncrawl,304,0.414375,0.485455,0.450869,False,0.653979,0.488213,0.24852,0.699389
BkiUbBo5qg5A51-LY3c6,commoncrawl,660,0.478987,0.574725,0.637559,True,0.780372,0.893158,0.255599,0.611823
BkiUdcLxaJJQn2qq64oK,c4,161,0.411001,0.496311,0.528697,False,0.570688,0.740642,0.211945,0.67647
BkiUd_I4ubnhC4Ri7Xii,commoncrawl,2671,0.593873,0.652836,0.322581,False,0.762143,0.778873,0.456292,0.67051
BkiUfGc5qhLBmqyw5omh,github,8,0.248869,0.326044,0.56419,False,0.517624,0.0687927,0.632982,0.497525
BkiUdmw4eIXh8Eim8JMH,commoncrawl,2847,0.466974,0.57304,0.658171,True,0.78173,0.877655,0.219485,0.715078
BkiUfj85qhDCzlTibVy1,stackexchange,248,0.618156,0.645816,0.192433,False,0.74605,0.741815,0.567721,0.553616
BkiUeDA5qoYDgaG4R3FN,commoncrawl,1298,0.589034,0.666954,0.439926,False,0.821095,0.847147,0.407221,0.698355
BkiUa7w5qsMAIoJiaxNk,c4,372,0.442179,0.536163,0.536589,False,0.656214,0.759473,0.222883,0.743065
BkiUfHg5qhLBirRk3B-m,commoncrawl,2224,0.470998,0.572884,0.707577,True,0.679797,0.94084,0.233263,0.721099
BkiUePA4eIOjRq_TyGCG,stackexchange,153,0.553172,0.594668,0.24466,False,0.701009,0.683523,0.456349,0.571848
BkiUfCg5qhDCU1N83BC4,c4,124,0.411656,0.471842,0.403444,False,0.646508,0.418723,0.271223,0.674667
BkiUdnY5qdmDD94KRW1Q,commoncrawl,862,0.562506,0.650494,0.547559,False,0.764115,0.904762,0.357202,0.724725
BkiUbIE5qU2ApuiOWDdt,commoncrawl,1621,0.586975,0.667294,0.51743,False,0.761514,0.916995,0.399565,0.710394
BkiUegXxK03BfHDu5EPM,commoncrawl,4618,0.442525,0.550541,0.686328,True,0.770686,0.876814,0.190486,0.712401
BkiUdYg4uzqh_OyQcYne,commoncrawl,996,0.546809,0.617862,0.476521,False,0.637587,0.857538,0.381017,0.699346
BkiUeI84ubnjorKKtsiO,commoncrawl,886,0.516473,0.615338,0.630812,True,0.767342,0.916599,0.285787,0.71269
BkiUdpo5qYVBjZJQzMcq,c4,1884,0.543339,0.639494,0.581671,True,0.707091,0.90065,0.318978,0.822785
BkiUazLxK1ThhBMLeEEg,c4,230,0.460003,0.568193,0.643294,True,0.777841,0.850855,0.20756,0.757565
BkiUbo7xK7Dgs_aSTVH4,stackexchange,174,0.508441,0.5649,0.330171,False,0.706874,0.685327,0.376703,0.557886
BkiUd6k4eIXh2xqaX4mm,commoncrawl,594,0.439309,0.508385,0.39753,False,0.67566,0.556397,0.27813,0.638505
BkiUdso5qoYA0qtoLHLu,arxiv,8936,0.588528,0.640757,0.496518,False,0.631873,0.963178,0.46666,0.593397
BkiUddrxK7IAAwXpsIcd,commoncrawl,788,0.543929,0.614612,0.386023,False,0.674253,0.729686,0.379003,0.765026
BkiUcqjxK19JmhArC8ug,commoncrawl,216,0.598305,0.634038,0.274743,False,0.755208,0.789673,0.526193,0.514929
BkiUfH7xK7kjXLlzd8pX,commoncrawl,998,0.476451,0.541943,0.408833,False,0.578082,0.732469,0.323636,0.629231
BkiUdWfxaJJQnKrAj_ts,commoncrawl,578,0.432172,0.503721,0.449164,False,0.634954,0.714387,0.265223,0.534789
BkiUfkTxK6-gDyrT_ogB,commoncrawl,643,0.37515,0.451492,0.455657,False,0.652678,0.550404,0.197021,0.586351
BkiUdxo4eIXh70-Ixsgo,commoncrawl,341,0.412131,0.49569,0.47013,False,0.687292,0.642105,0.217161,0.629246
BkiUbqbxK7ICUmfbyp7I,commoncrawl,3180,0.35311,0.448482,0.624445,True,0.588449,0.695148,0.130574,0.755019
BkiUdnY5qX_BvJpaXS_o,book,128,0.445945,0.490604,0.456662,False,0.798401,0.494087,0.341739,0.42958
BkiUayPxK03BfNelUypL,github,23,0.494445,0.510911,0.126106,False,0.582131,0.456025,0.461636,0.555973
BkiUczLxaKgTuVvaEdd_,commoncrawl,1045,0.44872,0.545461,0.526472,False,0.749463,0.736352,0.222991,0.718449
BkiUdOs5qoYAn-0Sl-eK,commoncrawl,858,0.452361,0.536172,0.489157,False,0.74596,0.690691,0.256802,0.624111
BkiUcb04ubnjorKKsvjo,commoncrawl,553,0.416403,0.501928,0.54688,False,0.608767,0.763726,0.216846,0.6288
BkiUf1DxK7kjXIK5uKaX,commoncrawl,3550,0.347712,0.446062,0.759514,True,0.620913,0.877743,0.118229,0.612054
BkiUf4I5qhDCwgy0AbPB,commoncrawl,1434,0.528397,0.57718,0.324553,False,0.680876,0.739123,0.41457,0.531842
BkiUdIc5ixsDMO6ytx5k,c4,1201,0.456383,0.550667,0.559981,False,0.664297,0.79637,0.236388,0.734482
BkiUfV_xK6mkyCfOERml,c4,160,0.422683,0.507071,0.552788,False,0.549553,0.778565,0.225777,0.683618
BkiUa57xaKPQoktPfqEV,commoncrawl,1253,0.590487,0.649346,0.475508,False,0.651472,0.928657,0.453149,0.648374
BkiUaS_xK1ThhAcYhvTM,github,102,0.566524,0.590058,0.260354,False,0.590151,0.520041,0.771966,0.511612
BkiUbVk5qU2Ap1mgSdQx,c4,569,0.50857,0.574296,0.397329,False,0.678645,0.599442,0.35521,0.75254
BkiUbEg4uBhhxKZ5uBU7,commoncrawl,1342,0.478171,0.569613,0.537393,False,0.751187,0.802198,0.264805,0.65917
BkiUdEM5qsBDCJWRkl6i,c4,228,0.471326,0.568419,0.610971,True,0.648409,0.855747,0.244776,0.767807
BkiUeBLxaKgQL0dMaYm4,c4,303,0.403634,0.480635,0.497579,False,0.721545,0.468945,0.223966,0.70344
BkiUdYw4eIfiUUQN69GS,commoncrawl,941,0.559872,0.636767,0.413833,False,0.741289,0.794285,0.380452,0.733703
BkiUe_bxK0wg05VB9FV7,c4,45,0.508969,0.57812,0.412225,False,0.573711,0.736878,0.347615,0.75984
BkiUdTQ4ubng1a6cpc0n,commoncrawl,605,0.430898,0.530871,0.57395,False,0.750131,0.77158,0.19763,0.693256
BkiUcgHxK2li-DeXzhaQ,book,48213,0.13503,0.190371,0.89674,True,0.333353,0.902643,0.00590273,0.642098
BkiUdV04c3aisMboHIqd,commoncrawl,1231,0.661481,0.728478,0.41129,False,0.821625,0.916444,0.505154,0.740285
BkiUdEY4eIZjhIQolXxH,commoncrawl,1088,0.45776,0.557693,0.686388,True,0.678985,0.91097,0.224582,0.695481
BkiUd3rxK6EuM_UbrY_n,commoncrawl,884,0.561169,0.634003,0.460254,False,0.807953,0.851477,0.391223,0.600125
BkiUb63xaL3SuhOomfOo,c4,107,0.456318,0.536981,0.561234,False,0.586406,0.829338,0.268104,0.637196
BkiUdEM5qX_AY1mDIQjv,c4,471,0.466601,0.563031,0.580564,True,0.658077,0.767948,0.2416,0.822164
BkiUdTc4eIXguwdVE_V2,c4,251,0.451594,0.544585,0.575671,False,0.637348,0.810286,0.234615,0.725131
BkiUe1A5qhDCHrMKH83K,arxiv,4300,0.548286,0.607317,0.506022,False,0.62486,0.916569,0.410547,0.578406
BkiUc204eIZjhIQolKYo,commoncrawl,1386,0.465381,0.559337,0.669739,True,0.635662,0.915889,0.24615,0.682299
BkiUd4U5qYVBjUFKb1_C,c4,76,0.494773,0.548961,0.32495,False,0.693285,0.519145,0.368335,0.684871
BkiUdjc5qsBDH_zJ93Lz,c4,129,0.510494,0.596131,0.53182,False,0.654554,0.842493,0.310672,0.73672
BkiUeZPxK6nrxq6Doqfc,commoncrawl,2012,0.448817,0.541378,0.494789,False,0.719932,0.727632,0.232843,0.703499
BkiUdis5qoYAv4ZEwRb-,arxiv,1697,0.5929,0.634999,0.362269,False,0.49467,0.856939,0.766123,0.500547
BkiUew66NNjgBtygg8Lt,github,46,0.54166,0.576263,0.260399,False,0.67083,0.460919,0.721318,0.494384
BkiUdmk5qdmDNlI6-inC,c4,497,0.461926,0.566996,0.671916,True,0.720897,0.888678,0.216762,0.743199
BkiUc5s5qhLA8xWe_H_S,commoncrawl,306,0.560518,0.616603,0.373701,False,0.803352,0.750602,0.429651,0.557829
BkiUbvQ5qsBB3JTH5cWh,commoncrawl,482,0.430817,0.509461,0.426113,False,0.673428,0.66127,0.247315,0.611174
BkiUdxw5qdmDNlI6-vvi,commoncrawl,1829,0.609735,0.685298,0.502383,False,0.779469,0.935806,0.433423,0.697446
BkiUbPs25V5hcJY57S1o,commoncrawl,863,0.508341,0.591783,0.546343,False,0.639575,0.859989,0.313645,0.71053
BkiUbEPxK1Thg98Ud8Nf,c4,718,0.276318,0.360846,0.659432,True,0.695793,0.414417,0.0790864,0.738518
BkiUdJA241xiErqyXzDP,stackexchange,84,0.423256,0.492728,0.515111,False,0.776263,0.261152,0.518264,0.560621
BkiUdR45qoTBEmQ0PbiJ,arxiv,12214,0.59117,0.665074,0.530695,False,0.808083,0.949423,0.418727,0.608835
BkiUenzxK6-gD0SrepEj,c4,335,0.459049,0.542376,0.563324,False,0.62933,0.627132,0.264619,0.827943
BkiUbkw4eIXgu113IhQw,commoncrawl,1328,0.46833,0.572275,0.700874,True,0.711909,0.926667,0.225793,0.719104
BkiUeDU5qoYA4p9vpkqN,commoncrawl,1124,0.543808,0.633398,0.507333,False,0.781553,0.842096,0.334764,0.730179
BkiUe0_xK6EuNA_gPQRK,stackexchange,178,0.566163,0.615982,0.380807,False,0.830726,0.698918,0.449919,0.551034
BkiUeALxaJiQnwHQjIIX,c4,71,0.412162,0.480938,0.389996,False,0.627147,0.64168,0.251683,0.527852
BkiUcRXxK7FjYHGHzG4V,c4,53,0.44502,0.494358,0.395096,False,0.657381,0.329899,0.379691,0.724994
BkiUfrA25V5jgwLP9CsR,arxiv,5999,0.613905,0.675904,0.464091,False,0.750638,0.93333,0.469239,0.63474
BkiUblM5qsFAfsI7Xtss,c4,50,0.522506,0.588955,0.382215,False,0.641645,0.680498,0.367459,0.749673
BkiUdcM4uBhjDhBB1teU,commoncrawl,1401,0.609023,0.68419,0.491724,False,0.7657,0.925357,0.433633,0.713031
BkiUdhw4ubngzDmaLRcZ,c4,178,0.472239,0.554093,0.457036,False,0.668314,0.738281,0.281245,0.678826
BkiUc5Q5qsBC6uknBK51,commoncrawl,1865,0.461331,0.556428,0.636989,True,0.673757,0.876428,0.239439,0.677249
BkiUd3c4eIZijir1ousz,arxiv,2969,0.595386,0.66645,0.499872,False,0.81558,0.929442,0.42957,0.605656
BkiUfec25V5jbixhKnkx,c4,150,0.455658,0.537606,0.458639,False,0.650375,0.723084,0.264445,0.671186
BkiUeCnxK7kjXIdG_Z0f,commoncrawl,2547,0.461552,0.55996,0.654769,True,0.685638,0.886703,0.231934,0.696427
BkiUfSI5qhLBirRk3M1n,commoncrawl,1503,0.616058,0.691759,0.505929,False,0.788031,0.945354,0.439425,0.69934
BkiUdWc5qoTBB2nxIpPw,commoncrawl,2043,0.424717,0.493158,0.400278,False,0.645626,0.519261,0.265022,0.6653
BkiUfSI5qhLBcdv_XcRh,arxiv,5586,0.598986,0.659314,0.496272,False,0.762401,0.954493,0.458221,0.566545
BkiUas_xK1fBGsWmtFA_,c4,165,0.542366,0.629091,0.508636,False,0.653713,0.848643,0.340007,0.829929
BkiUasfxK0iCl4YJldmk,commoncrawl,820,0.488195,0.575522,0.562765,False,0.700395,0.847198,0.284433,0.649577
BkiUd1k4uBhjD09iHsPU,commoncrawl,9754,0.21203,0.289807,0.689186,True,0.57578,0.544337,0.030548,0.719733
BkiUdUc5qsBDEocIjEdw,commoncrawl,577,0.497552,0.586247,0.548539,False,0.731126,0.839136,0.290597,0.662078
BkiUdT44uBhhxNZlVWQK,c4,40,0.291834,0.367644,0.614804,True,0.586441,0.114944,0.370063,0.729749
BkiUe5LxK7IAHUGvopis,stackexchange,986,0.516707,0.563176,0.338385,False,0.746663,0.568715,0.580134,0.408278
BkiUf8o25V5jgwLP9aOr,stackexchange,292,0.575463,0.624532,0.402463,False,0.808158,0.863433,0.472826,0.46097
BkiUddPxK2li-LJsv1Qk,c4,672,0.416772,0.518965,0.72272,True,0.654955,0.901042,0.178322,0.687912
BkiUfEHxK3YB9m8SZOXP,commoncrawl,470,0.512918,0.593414,0.510854,False,0.664916,0.835949,0.325096,0.685898
BkiUbQY5jDKDx8o5q1Cy,commoncrawl,676,0.50665,0.526587,0.197165,False,0.657295,0.46013,0.494954,0.513625
BkiUd5w5qdmDHWQtrcuL,commoncrawl,349,0.460847,0.519259,0.355879,False,0.680432,0.550552,0.324553,0.597754
BkiUd485qrqCysbsCwvI,c4,151,0.435996,0.494057,0.314984,False,0.615504,0.598984,0.30052,0.537553
BkiUcXU5qhLAB45oI7FB,commoncrawl,732,0.480988,0.572686,0.630356,True,0.627936,0.897381,0.267025,0.714244
BkiUe7Y5qhLBfzo2ow5d,github,173,0.470407,0.503949,0.247641,False,0.639782,0.416857,0.616595,0.392141
BkiUbQPxaKPQoekS2gNP,commoncrawl,253,0.453977,0.533762,0.535765,False,0.614344,0.803576,0.267812,0.613481
BkiUdj0241xg966rO_24,commoncrawl,1347,0.582804,0.681546,0.565423,False,0.862019,0.917829,0.352406,0.773461
BkiUbUg5i7PA9OgJDNFJ,c4,77,0.401908,0.46714,0.52612,False,0.573681,0.428145,0.249699,0.775819
BkiUdMs5qsJBjm66-2wk,commoncrawl,416,0.564005,0.62831,0.472671,False,0.634816,0.886633,0.413961,0.668709
BkiUdpfxaKgS2OSYHLME,commoncrawl,805,0.525562,0.61316,0.570127,False,0.70649,0.891294,0.321166,0.698551
BkiUbW85qdmB6w-nqmuC,commoncrawl,339,0.431295,0.51793,0.582196,True,0.619158,0.811344,0.229148,0.624439
BkiUf5w5qhLB215XNVpX,commoncrawl,994,0.45224,0.518623,0.376569,False,0.652783,0.673915,0.297346,0.552795
BkiUdEHxK7Ehm9idAK_M,commoncrawl,368,0.428904,0.519639,0.601135,True,0.632757,0.818323,0.217188,0.647543
BkiUdBE5qX_Bl-uWGVV4,commoncrawl,141,0.515207,0.604598,0.479346,False,0.781705,0.785973,0.306626,0.708834
BkiUdts5qoTBAjokp-t_,commoncrawl,1471,0.536412,0.615141,0.566191,False,0.732696,0.9189,0.352709,0.602696
BkiUdxDxK7Ehm79fdBcJ,commoncrawl,1793,0.345681,0.445021,0.755311,True,0.593376,0.869199,0.113888,0.66499
BkiUfvbxK3YB9m3uytc_,wikipedia,268,0.48074,0.557851,0.46287,False,0.763684,0.735203,0.300815,0.573068
BkiUdT44eIXhwKJrYYjo,commoncrawl,1028,0.473578,0.570529,0.550145,False,0.797505,0.724842,0.24736,0.740227
BkiUa3q6NNjgB1scWO0G,c4,663,0.448654,0.554345,0.637828,True,0.680729,0.839869,0.202042,0.816195
BkiUbqI4dbjiU5gJunV4,commoncrawl,309,0.541531,0.591868,0.342211,False,0.766289,0.6227,0.424078,0.606334
BkiUfW04uzliDHHXlW8l,wikipedia,107,0.429639,0.465408,0.271486,False,0.617666,0.467754,0.34618,0.46901
BkiUcHs5jDKDyDz_8H5N,c4,420,0.372174,0.449332,0.57797,True,0.678042,0.192137,0.40568,0.770108
BkiUczI5qX_Bb_jQWI7K,c4,434,0.565336,0.662387,0.54126,False,0.785721,0.880142,0.338882,0.821002
BkiUcFbxK02iP4Y2t2d7,commoncrawl,1248,0.357407,0.463473,0.796617,True,0.672161,0.906539,0.109922,0.685813
BkiUfCHxK7kjXJwSSr0c,commoncrawl,2590,0.371346,0.474071,0.741976,True,0.624739,0.87363,0.131654,0.700609
BkiUdHC6NNjgB1scYUxB,c4,60,0.51756,0.604763,0.495405,False,0.715685,0.809491,0.314086,0.734707
BkiUfJbxK7IADIh7REtI,commoncrawl,521,0.423346,0.514421,0.521858,False,0.626884,0.732696,0.210838,0.722186
BkiUeMPxK3YB9i3RMFiA,commoncrawl,352,0.541993,0.603671,0.407586,False,0.805664,0.682417,0.398078,0.606633
BkiUbHjxaJiQnbugTLgg,arxiv,5327,0.550607,0.611844,0.464518,False,0.668459,0.872239,0.407721,0.589357
BkiUgBDxK7IADzpkVqhY,arxiv,8826,0.58526,0.650035,0.512186,False,0.705944,0.946302,0.434116,0.615509
BkiUac_xK6Ot9TMSoRrZ,arxiv,8569,0.599565,0.67129,0.510207,False,0.799162,0.942412,0.432205,0.623676
BkiUbobxK6nrxjHzACpW,commoncrawl,486,0.59647,0.684319,0.498711,False,0.888777,0.890201,0.39149,0.707739
BkiUd0g5qhLBXeFpci4T,commoncrawl,446,0.453871,0.551936,0.609493,True,0.720743,0.834545,0.225052,0.684706
BkiUcmfxK4sA-5Y3r6Pk,commoncrawl,548,0.427113,0.528259,0.702126,True,0.670046,0.893232,0.191106,0.679657
BkiUfUbxK0flNeFb53UF,commoncrawl,431,0.51619,0.602096,0.472377,False,0.707484,0.788121,0.315743,0.746077
BkiUdM_xK3YB9m7_-V0z,c4,168,0.602212,0.661209,0.287654,False,0.752205,0.732981,0.46455,0.746164
BkiUdMc5qWTBGh9UQpCH,c4,108,0.250804,0.314114,0.591643,True,0.694723,0.10308,0.210068,0.644125
BkiUd2Q4eIOjR9j0NSkJ,github,136,0.556085,0.582404,0.14324,False,0.637913,0.583106,0.625252,0.494673
BkiUd8I5qoYA1LW_YCPf,c4,921,0.575302,0.670818,0.556841,False,0.839406,0.909272,0.352431,0.752428
BkiUabXxK3YB9raXxTD4,commoncrawl,171,0.583873,0.636967,0.32878,False,0.67917,0.788766,0.459986,0.667942
BkiUd0Y4eIOjRl2Ts6k1,commoncrawl,718,0.550928,0.618819,0.450663,False,0.628588,0.843176,0.392513,0.704686
BkiUel_xK2li-DeX0w2d,github,81,0.611873,0.633252,0.148934,False,0.693074,0.56199,0.710924,0.580709
BkiUeEvxK5YsWTJsP89q,commoncrawl,537,0.567608,0.636962,0.431911,False,0.731574,0.837694,0.405783,0.661768
BkiUfnLxK3YB9i3RNwgs,wikipedia,87,0.330157,0.398557,0.45418,False,0.624737,0.604664,0.170557,0.390999
BkiUfUw25V5jWJMbO4vl,commoncrawl,850,0.56096,0.647725,0.538902,False,0.741,0.89741,0.358508,0.73802
BkiUbvk5qsBB3Od3g4AF,c4,140,0.453532,0.525452,0.497815,False,0.659861,0.515724,0.285719,0.783534
BkiUfB45qsFChfNA25Wq,commoncrawl,497,0.59164,0.673002,0.472194,False,0.873989,0.836676,0.401795,0.698006
BkiUdeQ5qoTAlg17hJQn,commoncrawl,663,0.406861,0.468936,0.468455,False,0.730474,0.383309,0.262019,0.658611
BkiUfNrxK1yAgYaM4WLB,commoncrawl,927,0.486165,0.580593,0.589768,True,0.724475,0.855602,0.265834,0.688973
BkiUa3nxK7ICUyBuyoEb,c4,110,0.542388,0.61288,0.466124,False,0.658837,0.84403,0.377906,0.671192
BkiUdW44uzlh0_z-eGkA,c4,107,0.53348,0.606569,0.483859,False,0.590213,0.846796,0.362937,0.746004
BkiUdi45jDKDx8o5se73,c4,88,0.35576,0.422641,0.525956,False,0.708507,0.199705,0.310275,0.725661
BkiUdBk4eIXhsP2jpX32,commoncrawl,824,0.573251,0.653504,0.525158,False,0.762876,0.911153,0.385995,0.679538
BkiUdfo5qdmC7qKfcx5a,c4,89,0.494619,0.583893,0.538991,False,0.693376,0.825303,0.286312,0.708931
BkiUdqrxK3YB9m7_-5yl,commoncrawl,491,0.453703,0.557633,0.684496,True,0.738877,0.895696,0.2112,0.69076
BkiUd0zxaJJQnMsb0Rw_,commoncrawl,9870,0.643249,0.709161,0.403459,False,0.871959,0.892912,0.489453,0.66357
BkiUcofxK7kjXMEc8jK1,commoncrawl,832,0.605949,0.678905,0.444413,False,0.880131,0.823388,0.435718,0.672628
BkiUdHc4uzqh_OkldJaB,commoncrawl,292,0.448071,0.53565,0.575239,False,0.661316,0.818957,0.243718,0.623086
BkiUfQU25V5jgmwVpFqs,c4,242,0.572853,0.641773,0.392506,False,0.725189,0.804546,0.41204,0.705476
BkiUbJk4dbjiU7srvfru,c4,478,0.536919,0.626609,0.565139,False,0.68692,0.892779,0.327641,0.766834
BkiUby7xK3YB9m3uuM6l,commoncrawl,380,0.501377,0.587697,0.575966,False,0.661637,0.875928,0.299962,0.685776
BkiUdeI241xg-QyzEf9z,commoncrawl,602,0.500859,0.583017,0.476416,False,0.698494,0.785575,0.309159,0.680701
BkiUfQjxK0-nUGYe7Mv0,stackexchange,372,0.563869,0.618813,0.418432,False,0.741188,0.854101,0.435669,0.531548
BkiUcQzxK7ICUuXekNAE,github,525,0.407874,0.479572,0.423399,False,0.64365,0.240577,0.663977,0.514047
BkiUca26NNjgBpvIAtYp,commoncrawl,113,0.450275,0.519327,0.426649,False,0.612348,0.715803,0.289153,0.573609
BkiUdns4dbgj44SNmTZb,wikipedia,158,0.578737,0.604054,0.144183,False,0.663846,0.642182,0.600958,0.519662
BkiUbSrxaJJQnKM6sYGT,c4,92,0.444857,0.534902,0.579473,True,0.660012,0.814223,0.23475,0.648241
BkiUdlc4dbjiVCB-EZwP,commoncrawl,2426,0.606392,0.687227,0.532146,False,0.784643,0.949922,0.417776,0.716093
BkiUdLk5qhDBMnKv_90w,commoncrawl,457,0.554824,0.619778,0.422992,False,0.774845,0.826255,0.403262,0.57136
BkiUbObxK0wg05VB5a-t,commoncrawl,227,0.412152,0.494047,0.492142,False,0.621756,0.713207,0.221065,0.607083
BkiUdso5qsFAfyQRaOFU,c4,253,0.676916,0.719081,0.281001,False,0.829983,0.859531,0.57853,0.647771
BkiUdZY25V5ijU6aRJ-F,c4,77,0.491835,0.562008,0.364206,False,0.636951,0.689272,0.328099,0.692305
BkiUdis4eIOjR4Mj-BN0,commoncrawl,1015,0.462949,0.531087,0.41508,False,0.719039,0.608617,0.303959,0.59779
BkiUgHfxK7kjXLlze9Lr,commoncrawl,447,0.593782,0.671712,0.487806,False,0.781952,0.899752,0.411946,0.702208
BkiUeerxK0fkXPSOqtKc,github,31,0.472363,0.534382,0.375141,False,0.655352,0.327651,0.702792,0.540177
BkiUdpc4eIZjpZeDTyXz,wikipedia,526,0.501828,0.560044,0.324825,False,0.690819,0.673524,0.365993,0.577547
BkiUcIHxK6nrxl9bMXD-,c4,67,0.530496,0.605059,0.398757,False,0.66036,0.755274,0.356517,0.753476
BkiUfTzxK6EuM_UbszoH,commoncrawl,1013,0.46745,0.537994,0.369466,False,0.633995,0.672316,0.302849,0.648663
BkiUd8s5qoTBB2nxJRs0,c4,213,0.517975,0.598371,0.400855,False,0.730942,0.731239,0.330384,0.725645
BkiUeb3xaKgTq1C9Osgt,commoncrawl,571,0.39425,0.478209,0.625567,True,0.608655,0.823913,0.198346,0.525018
BkiUdKzxK6wB9k0iLgqi,commoncrawl,2790,0.575061,0.667231,0.586537,True,0.946535,0.871949,0.359998,0.666755
BkiUf5vxK1ThhAcYnF8e,c4,626,0.56451,0.628061,0.358296,False,0.661409,0.774519,0.416223,0.729609
BkiUbMA4uBhhxDSKx1Sl,commoncrawl,1034,0.475497,0.562901,0.56358,False,0.628597,0.835133,0.271553,0.703731
BkiUfTE4uzlh_1001epY,commoncrawl,514,0.427952,0.517852,0.609136,True,0.669584,0.827322,0.218186,0.594262
BkiUbWrxK6wB9jjDeVin,stackexchange,329,0.572338,0.598862,0.169808,False,0.653094,0.510448,0.680256,0.567138
BkiUb6bxaL3SuhzLnE0j,commoncrawl,642,0.450438,0.527744,0.560664,False,0.684457,0.830721,0.270057,0.504781
BkiUdeQ5jDKDyJzsKBZ8,c4,313,0.5354,0.624741,0.490317,False,0.718933,0.817253,0.326936,0.792616
BkiUbR7xK6EuNBRhGa4z,commoncrawl,472,0.409926,0.507207,0.626702,True,0.615771,0.809637,0.182935,0.724352
BkiUgBDxK1Thg98Uiwzn,c4,84,0.4272,0.492576,0.404246,False,0.65175,0.48413,0.274655,0.678901
BkiUeF84uBhjC0FRT6B8,commoncrawl,120,0.42369,0.475389,0.371433,False,0.67449,0.582312,0.303057,0.428905
BkiUcFE5qhLACAkw_9zS,c4,204,0.401456,0.496508,0.543889,False,0.723556,0.710404,0.179668,0.656856
BkiUbkjxK3YB9i3RJM0r,c4,95,0.469459,0.556856,0.564112,False,0.622478,0.829646,0.265534,0.700615
BkiUdrc4ukPiEUQBmWvP,commoncrawl,908,0.382698,0.453232,0.448109,False,0.666228,0.637161,0.218119,0.455277
BkiUdBXxaKgS2AZCvD3V,commoncrawl,211,0.538467,0.611912,0.4033,False,0.731373,0.770396,0.367096,0.677612
BkiUfcQ4uzliDF8orh9i,stackexchange,485,0.608516,0.633835,0.222698,False,0.772138,0.690911,0.550604,0.54944
BkiUctY5qX_Bc1tFFaUf,c4,334,0.559703,0.634706,0.48231,False,0.683539,0.867005,0.384696,0.711623
BkiUbTI4ubnjom5B5JcF,stackexchange,217,0.560726,0.584822,0.199636,False,0.704139,0.562262,0.504503,0.585615
BkiUbEw5i7PA9Fz9mQji,wikipedia,1236,0.442179,0.529468,0.68209,True,0.616181,0.920596,0.238506,0.580254
BkiUdec5qoTBBFOE4_Xw,c4,117,0.532768,0.604066,0.374963,False,0.684846,0.715509,0.366405,0.741367
BkiUblk5qg5A50bS1Ek8,c4,230,0.4628,0.560777,0.629984,True,0.744009,0.864171,0.234187,0.65602
BkiUd7w4eIZjyngneS7C,commoncrawl,634,0.435897,0.535725,0.632277,True,0.673939,0.835244,0.202966,0.719861
BkiUd9M4dbghdUvaxIVX,commoncrawl,1146,0.424132,0.523068,0.711401,True,0.640749,0.904682,0.193282,0.667004
BkiUa505qsNCPXodi05n,commoncrawl,271,0.39508,0.45503,0.348805,False,0.604001,0.508537,0.255196,0.546607
BkiUeBzxK6nrxq6DoRxS,wikipedia,117,0.377908,0.439407,0.3917,False,0.576792,0.626111,0.234411,0.440034
BkiUdag5qWTA9fx_AZGy,commoncrawl,7549,0.60575,0.670312,0.424499,False,0.808536,0.879604,0.455105,0.62362
BkiUdqrxK1ThhAqzXBY0,commoncrawl,1730,0.530466,0.611359,0.523223,False,0.704385,0.864937,0.341714,0.670708
BkiUa4nxaL3SuhgbjKSt,stackexchange,188,0.530366,0.579441,0.301336,False,0.701519,0.717194,0.415858,0.538688
BkiUdzI25V5i1dkg37aE,commoncrawl,680,0.498258,0.582085,0.538241,False,0.710832,0.840904,0.302663,0.634179
BkiUepnxK2li-LM1Sgmw,c4,270,0.493286,0.588547,0.610228,True,0.69758,0.881239,0.271011,0.719584
BkiUbsXxK1Thg98Uej_b,commoncrawl,1713,0.601259,0.679364,0.50779,False,0.879609,0.926804,0.419014,0.623398
BkiUfYPxK7IAHL_U90Dk,c4,1124,0.459377,0.561554,0.687923,True,0.627723,0.90889,0.220966,0.787716
BkiUbjzxK6Ot9WA5f_dr,commoncrawl,656,0.422652,0.47364,0.32484,False,0.62852,0.468372,0.30368,0.562748
BkiUdtLxK7Ehm79fc-6N,commoncrawl,301,0.455126,0.545079,0.516912,False,0.720029,0.762147,0.245235,0.655312
BkiUdVM4uBhhxQicLcv5,commoncrawl,245,0.427413,0.501833,0.486748,False,0.579135,0.740514,0.253766,0.582317
BkiUa9w5qhLAB70I2hI3,commoncrawl,968,0.480092,0.572976,0.65429,True,0.65805,0.917655,0.263365,0.677106
BkiUd_E5qhLBTAgpolzx,c4,945,0.329635,0.384846,0.524762,False,0.655976,0.200808,0.229087,0.725569
BkiUbKHxK3YB9raXyFAA,github,130,0.539307,0.600448,0.356621,False,0.71563,0.396644,0.753265,0.607806
BkiUa6I5i7PA9OgJCxAf,commoncrawl,863,0.465974,0.558307,0.578683,True,0.697629,0.829214,0.250532,0.669765
BkiUfQo5qhDCX84sRAMK,commoncrawl,264,0.4593,0.554127,0.632208,True,0.701557,0.870245,0.238037,0.648059
BkiUfHfxK3YB9m3ux-eS,wikipedia,235,0.430426,0.517792,0.630986,True,0.712545,0.857556,0.22657,0.5186
BkiUdVk5qWTA7nAgcvN5,github,29,0.273308,0.362506,0.736781,True,0.610994,0.065179,0.80196,0.535891
BkiUcXHxK3xgpbERClRC,commoncrawl,280,0.462118,0.547598,0.550482,False,0.66359,0.813148,0.262666,0.6339
BkiUfBHxK1ThhAcYmMLy,commoncrawl,4488,0.448667,0.543929,0.634305,True,0.627037,0.860695,0.22639,0.715553
BkiUdro5qrqCypefTS6-,c4,132,0.462091,0.521028,0.450958,False,0.638033,0.458678,0.324569,0.775527
BkiUdRg4uBhhxQOlniR3,c4,1787,0.399389,0.457322,0.542691,False,0.637376,0.321595,0.264211,0.806901
BkiUfDXxK19JmhArFPng,c4,352,0.392012,0.478994,0.5488,False,0.56514,0.666703,0.189054,0.737854
BkiUaM7xK0iCl7UGUo-u,commoncrawl,416,0.496683,0.571709,0.385529,False,0.695409,0.707152,0.321622,0.675161
BkiUdvI5qoYDgaG4Rdsm,commoncrawl,418,0.519991,0.600918,0.438363,False,0.769526,0.734883,0.331163,0.695949
BkiUdFk5qoYAxznJxkFs,commoncrawl,686,0.588231,0.672231,0.501656,False,0.756221,0.893887,0.392231,0.769935
BkiUfMs5qsFCifBZHfev,commoncrawl,507,0.437429,0.53835,0.622233,True,0.753452,0.82418,0.201947,0.668758
BkiUdhPxK0zjCobCOujX,commoncrawl,611,0.228514,0.292771,0.623898,True,0.702478,0.368299,0.0785793,0.359254
BkiUbqzxaL3SuhzLmy7A,commoncrawl,529,0.447891,0.490221,0.332605,False,0.681727,0.349121,0.368944,0.657425
BkiUeG7xK6EuNArbC_pe,wikipedia,156,0.566992,0.598447,0.297716,False,0.791313,0.612162,0.493597,0.536379
BkiUdNLxK6mkyCfOCLbg,c4,51,0.49358,0.55322,0.481547,False,0.615994,0.513038,0.354421,0.835968
BkiUdWM5qoYA0qtoKzlJ,wikipedia,101,0.380507,0.426005,0.414647,False,0.688993,0.41745,0.274346,0.41718
BkiUeFbxaKgS2Kyudcaq,c4,80,0.480895,0.549383,0.350027,False,0.634445,0.671115,0.321088,0.666061
BkiUe1s5qsFCgpxUVQ_Y,github,691,0.655474,0.677286,0.14054,False,0.630912,0.740333,0.74512,0.60458
BkiUf7TxK0zjCxh756n0,commoncrawl,1390,0.51723,0.616188,0.645624,True,0.772592,0.931952,0.286328,0.698717
BkiUdlM4eIOjR4K9QJiG,c4,420,0.398984,0.498177,0.707036,True,0.688156,0.874569,0.167534,0.609552
BkiUd1U25V5hegR8ZKnW,commoncrawl,2288,0.499346,0.554029,0.490552,False,0.862304,0.469956,0.371752,0.625178
BkiUd8_xK7Ehm2ZQ0_fF,commoncrawl,651,0.504075,0.597682,0.549187,False,0.79272,0.834844,0.285658,0.674506
BkiUdFrxK6EuM_UbqrMl,commoncrawl,473,0.421073,0.512763,0.612919,True,0.654255,0.82005,0.207131,0.621207
BkiUdKzxK6Ot9Pm3vQBs,github,2605,0.415196,0.458993,0.236439,False,0.528812,0.313002,0.549441,0.487921
BkiUd7o4eIOjSdSJzAah,c4,93,0.301749,0.367836,0.583686,True,0.613246,0.147548,0.275997,0.731234
BkiUbi3xaJJQnJ5kTNVr,commoncrawl,331,0.430686,0.521542,0.600756,True,0.58517,0.819444,0.218688,0.704679
BkiUdUI4eIXh4qTE5ZE0,commoncrawl,292,0.471694,0.55901,0.537307,False,0.751064,0.805262,0.267954,0.60208
BkiUdg_xK0iCl4WD4YYo,arxiv,3761,0.615037,0.6607,0.427849,False,0.700748,0.936342,0.508492,0.571042
BkiUdLQ4uzqh_OkldNzi,commoncrawl,599,0.528859,0.60021,0.381767,False,0.744142,0.71725,0.362375,0.670791
BkiUdLk241xg-MA3n9k6,c4,460,0.433746,0.501624,0.447899,False,0.692097,0.459044,0.275365,0.723263
BkiUdB84ubng0WcZyJt4,commoncrawl,514,0.590545,0.668841,0.492972,False,0.771476,0.900825,0.407853,0.705828
BkiUbH45qoaAwj4XMsHl,arxiv,4442,0.612438,0.66138,0.356617,False,0.753871,0.854858,0.49824,0.595822
BkiUeHPxK6mkyCfODF_f,c4,88,0.502434,0.589664,0.528429,False,0.689056,0.827325,0.298896,0.70908
BkiUduQ4eIZjwV-u6FQ-,c4,66,0.460495,0.526342,0.383033,False,0.554655,0.689886,0.306853,0.653354
BkiUc5o5qoYDgaG4Q5kw,commoncrawl,586,0.473634,0.55624,0.554523,False,0.651521,0.835409,0.280887,0.625731
BkiUgCI5qhDCpkQ4EyuO,commoncrawl,681,0.607849,0.659358,0.388721,False,0.747485,0.876382,0.487661,0.591568
BkiUfcrxK7IDPADJ4imQ,commoncrawl,234,0.439243,0.514381,0.467058,False,0.730981,0.617054,0.263923,0.587664
BkiUddnxaKgTz-oDsKtB,c4,82,0.58523,0.659478,0.413659,False,0.749016,0.825645,0.411986,0.742205
BkiUbXHxK7Ehm9ic-zXI,commoncrawl,1075,0.481329,0.566538,0.57879,True,0.636257,0.861299,0.28251,0.664944
BkiUdKQ4eIZijir1oAPP,c4,428,0.510954,0.599657,0.453476,False,0.757457,0.75728,0.303981,0.741116
BkiUezs5qhLBmA6ijDg5,commoncrawl,1052,0.464834,0.540515,0.470572,False,0.612079,0.758817,0.288245,0.637188
BkiUaUrxK0-nUKDhoJTL,commoncrawl,459,0.500062,0.563456,0.406672,False,0.633589,0.758815,0.352144,0.595169
BkiUfnPxK02iP1lCZsJe,commoncrawl,1223,0.620603,0.695779,0.471533,False,0.811213,0.916724,0.445191,0.707725
BkiUc_Y5qoTApGm2f0Es,wikipedia,238,0.515713,0.537422,0.226702,False,0.69176,0.465058,0.495484,0.523278
BkiUbQjxK4tBVicoA3qJ,wikipedia,4203,0.38214,0.460732,0.523986,False,0.527188,0.722746,0.19876,0.59422
BkiUchTxK0wg0_749_d6,commoncrawl,9229,0.578874,0.66776,0.558563,False,0.792514,0.930035,0.371472,0.725887
BkiUeS7xK6wB9mn5ADXT,c4,1104,0.457026,0.554365,0.545348,False,0.691004,0.775251,0.229902,0.765963
BkiUaUTxK0wg05VB4md2,commoncrawl,538,0.367377,0.408558,0.374845,False,0.646132,0.271287,0.300616,0.528405
BkiUcr7xK6wB9jjDfmbU,commoncrawl,431,0.523919,0.599396,0.484106,False,0.670895,0.831912,0.347806,0.66468
BkiUc0fxaKgS2Pj73wf1,commoncrawl,404,0.694744,0.730521,0.362814,False,0.974079,0.772644,0.611264,0.618995
BkiUbdrxK6-gDw5Atm-s,commoncrawl,10690,0.600799,0.66644,0.446432,False,0.708249,0.894069,0.447636,0.695784
BkiUdkE5qX_BrrvEBcDo,commoncrawl,1208,0.450786,0.535397,0.490501,False,0.692158,0.743861,0.25336,0.62936
BkiUdCE4ubnjot1QXlQu,commoncrawl,937,0.627561,0.663522,0.251325,False,0.794979,0.784949,0.543654,0.571295
BkiUc-rxK0fkXQzmLhjo,commoncrawl,1147,0.482807,0.572714,0.659349,True,0.668891,0.932372,0.273024,0.631316
BkiUdkI5qoTAsvxNqYf7,commoncrawl,211,0.472705,0.548153,0.436503,False,0.686495,0.733164,0.29666,0.604328
BkiUdPQ25V5iiy6RtmVd,commoncrawl,706,0.533592,0.625143,0.603417,True,0.731756,0.923389,0.319972,0.70599
BkiUdtw5qsNCPep76htd,commoncrawl,598,0.471762,0.552872,0.448017,False,0.730523,0.684677,0.282506,0.660803
BkiUbxLxK3YB9raXyuzy,c4,92,0.521675,0.606034,0.514963,False,0.8398,0.647984,0.324837,0.762703
BkiUdfc5qhDBYTWvJKlz,commoncrawl,718,0.529048,0.597724,0.416071,False,0.656219,0.784875,0.368804,0.671777
BkiUd1zxK0-nUKDhq9jP,commoncrawl,1779,0.311875,0.39622,0.522819,False,0.63789,0.563437,0.115071,0.593782
BkiUdic5qdmDKLU7psYu,commoncrawl,724,0.422857,0.520787,0.708624,True,0.602405,0.902977,0.194353,0.694646
BkiUaKA25V5hRtaNixC_,commoncrawl,591,0.559618,0.635038,0.464011,False,0.806731,0.847648,0.383637,0.619707
BkiUdZrxaKgTw5qkD9O8,commoncrawl,554,0.422716,0.509367,0.468831,False,0.657985,0.689361,0.22053,0.672206
BkiUeBzxK6nrxjHzCTqA,commoncrawl,1196,0.508322,0.580281,0.433218,False,0.773635,0.649061,0.340416,0.663064
BkiUdWs5qdmB64sMAexL,commoncrawl,305,0.432541,0.51107,0.439397,False,0.615953,0.688704,0.249307,0.644549
BkiUdcg5qoYAxznJx3Hu,commoncrawl,238,0.376062,0.442164,0.445154,False,0.66698,0.412395,0.221826,0.625846
BkiUdys4eIOjR-dm5o6W,commoncrawl,553,0.503989,0.583223,0.516927,False,0.65524,0.836036,0.319109,0.661539
BkiUdzTxK6-gDw5AvxjF,commoncrawl,477,0.459074,0.5487,0.644529,True,0.646444,0.894476,0.249947,0.626573
BkiUccrxK6wB9k0iK2oR,arxiv,10627,0.591059,0.631779,0.468287,False,0.559329,0.964332,0.496045,0.595339
BkiUdZU5qrqCysksNE3F,commoncrawl,738,0.42112,0.510421,0.637328,True,0.648466,0.850079,0.21275,0.578002
BkiUgBA241xiQRY-ThMj,wikipedia,127,0.51033,0.556495,0.373974,False,0.776588,0.543567,0.402613,0.564194
BkiUdj3xK0wg09KOXR3j,c4,150,0.510108,0.600721,0.554085,False,0.690383,0.852762,0.298677,0.740094
BkiUdpc5qYVBhn-WmQjD,stackexchange,199,0.526894,0.588632,0.393299,False,0.776139,0.723801,0.382839,0.55806
BkiUcL7xK3YB9ohkLbpV,commoncrawl,481,0.495035,0.572538,0.509643,False,0.657472,0.823839,0.314196,0.631064
BkiUcBLxK5YsWV5L20U9,c4,371,0.41191,0.482995,0.502784,False,0.621823,0.474619,0.246046,0.74883
BkiUa7vxK6Ot9WA5fcCU,commoncrawl,204,0.50015,0.565159,0.438556,False,0.787019,0.611591,0.348464,0.608037
BkiUfjA5qhLB10-R4Skw,c4,396,0.511901,0.603891,0.583691,True,0.611879,0.88095,0.297258,0.829419
BkiUeGE5qsNCPf8MxuqF,arxiv,27328,0.550338,0.603607,0.543757,False,0.46895,0.969799,0.426043,0.684869
BkiUdlc4uzlgqEf1TfrU,c4,750,0.469837,0.555746,0.497219,False,0.700452,0.658959,0.269382,0.766601
BkiUbuQ5qsNCPdQKtG0P,c4,153,0.350397,0.414824,0.504476,False,0.704541,0.335242,0.200065,0.6258
BkiUdaY5qsMAI6JFtShu,commoncrawl,227,0.469555,0.555876,0.528306,False,0.69708,0.796447,0.268141,0.640869
BkiUdjvxK1ThhCdy8uXR,stackexchange,248,0.578419,0.60834,0.370781,False,0.879385,0.508604,0.564752,0.542136
BkiUfyfxK7Tt6AlxGU8C,c4,1094,0.647996,0.73656,0.530593,False,0.971938,0.913601,0.441345,0.750816
BkiUbsTxaL3SufhMnZL2,stackexchange,294,0.574767,0.610518,0.388949,False,0.8803,0.649457,0.494472,0.491351
BkiUdoI5qsBDDqo4CQQ_,commoncrawl,3659,0.371301,0.463701,0.628316,True,0.683402,0.784017,0.155702,0.552899
BkiUazfxK7Dgs_cY3rpl,c4,328,0.429482,0.514634,0.544335,False,0.642304,0.60982,0.230794,0.77513
BkiUcw7xK3YB9i3RKeV5,commoncrawl,146,0.488038,0.567492,0.487474,False,0.729083,0.790119,0.302645,0.594549
BkiUd2vxK6EuM_UbrYFb,c4,194,0.422195,0.490548,0.477094,False,0.739801,0.415577,0.262707,0.716371
BkiUeKfxK1yAgWay5wPI,commoncrawl,359,0.578874,0.636254,0.388899,False,0.695886,0.833887,0.444989,0.63453
BkiUbWfxK02iP4Y2tL_B,commoncrawl,777,0.531138,0.618192,0.503435,False,0.816566,0.831448,0.328014,0.655458
BkiUdI84ubng6eY9MAx7,commoncrawl,838,0.579953,0.601179,0.194539,False,0.724963,0.530425,0.534656,0.635298
BkiUbTY5qhDAChH9S5_d,c4,102,0.45471,0.541888,0.510476,False,0.646846,0.695736,0.251294,0.76177
BkiUfm85qhDCgpdHtH3l,c4,653,0.560314,0.643684,0.453054,False,0.818839,0.779536,0.365785,0.73496
BkiUdgjxK6wB9mpb2XWq,commoncrawl,1106,0.43696,0.514654,0.548054,False,0.565751,0.803726,0.255672,0.60297
BkiUemfxK7Tt522WbvIx,stackexchange,710,0.591954,0.641921,0.303524,False,0.778889,0.724218,0.475365,0.633145
BkiUd8_xK03BfNelXPAu,c4,268,0.426216,0.507654,0.502784,False,0.738976,0.52842,0.236192,0.7194
BkiUdCvxaKgTq1C9OJ-S,commoncrawl,824,0.572144,0.661123,0.544163,False,0.85511,0.908689,0.364525,0.674173
BkiUbas5qg5A53urzCc4,commoncrawl,149,0.576771,0.63153,0.395407,False,0.728405,0.844408,0.449002,0.575866
BkiUa97xaL3SufhMm61_,commoncrawl,495,0.45995,0.531931,0.419387,False,0.625559,0.711381,0.291994,0.615811
BkiUd0rxaJJQnNCygIPx,commoncrawl,126,0.453852,0.523423,0.424852,False,0.674336,0.716371,0.291519,0.532717
BkiUdr84uzlgqEf1Tlje,commoncrawl,262,0.4834,0.562244,0.523829,False,0.630442,0.823261,0.299432,0.642637
BkiUc2zxK6wB9k0iLNKt,arxiv,21177,0.516718,0.567184,0.570806,False,0.398963,0.969769,0.414933,0.644351
BkiUbj84eIZijQpFYt75,c4,190,0.303951,0.379982,0.576593,False,0.703136,0.126543,0.344566,0.677852
BkiUaWLxK02iP15vdrlF,c4,180,0.320058,0.367538,0.54968,False,0.758953,0.211837,0.209272,0.541389
BkiUbV05qsMAIxuM4a1x,arxiv,4838,0.620384,0.686976,0.48384,False,0.822441,0.948841,0.465001,0.613642
BkiUbKA5qsBB3Ha6h-wg,commoncrawl,286,0.428262,0.47974,0.395659,False,0.703805,0.417417,0.308145,0.584869
BkiUdy425V5itcKZF4jG,c4,1484,0.550522,0.64394,0.521706,False,0.799564,0.854253,0.332547,0.756581
BkiUdm_xaJJQnL9IaE6W,c4,306,0.425078,0.514173,0.62912,True,0.624368,0.608253,0.217191,0.846311
BkiUeXM4eIOjR-dm6KJR,commoncrawl,5120,0.305483,0.410923,0.788005,True,0.778545,0.84746,0.0594551,0.719046
BkiUdEQ4uBhi8DXP5XFx,stackexchange,200,0.593216,0.630218,0.355685,False,0.862563,0.680636,0.53002,0.506878
BkiUcnnxK7kjXLlzbheK,c4,277,0.512337,0.596803,0.521049,False,0.659173,0.729564,0.315252,0.836301
BkiUdQ84dbghOwL13wJF,c4,81,0.508751,0.561391,0.403052,False,0.642583,0.507519,0.385925,0.788978
BkiUbQ_xK7Dgs_cY4FcE,github,34,0.39309,0.460537,0.394867,False,0.630579,0.235712,0.527302,0.573509
BkiUaOe6NNjgBvv4MDBe,c4,49,0.539997,0.606177,0.367121,False,0.685384,0.678612,0.385577,0.752698
BkiUgArxK0zjCxh76Ae9,commoncrawl,1333,0.320824,0.364232,0.454481,False,0.674021,0.267736,0.219539,0.443779
BkiUdYXxK7IDBrtwRF5R,commoncrawl,723,0.413721,0.511397,0.72453,True,0.611484,0.910339,0.185809,0.660081
BkiUdXA5qoYA4DD26SxS,c4,703,0.416637,0.522944,0.657928,True,0.709626,0.826516,0.168588,0.754664
BkiUd485qoTBEmQ0QEtR,stackexchange,367,0.605166,0.639587,0.425263,False,0.950114,0.617039,0.524851,0.543757
BkiUe4vxK7Dgs_cY6wtW,arxiv,8981,0.570704,0.644091,0.543974,False,0.706987,0.943444,0.399469,0.645713
BkiUdRnxaJiQnhPtnxwg,commoncrawl,83,0.382946,0.435172,0.39436,False,0.655444,0.544104,0.261084,0.384933
BkiUdcPxaJJQnMsbz5qd,c4,196,0.453953,0.544623,0.560409,False,0.636157,0.802797,0.242388,0.710016
BkiUdoY25V5ioeHBmgSB,c4,551,0.524347,0.628557,0.611043,True,0.813227,0.892232,0.28119,0.7644
BkiUaWvxK4sA-5fmuiD4,commoncrawl,540,0.487526,0.564587,0.40824,False,0.693997,0.715957,0.307717,0.664212
BkiUan7xK3YB9raXxg66,c4,104,0.525467,0.606723,0.508628,False,0.639966,0.844497,0.335869,0.746165
BkiUb6TxaL3Sug5GK-6Z,arxiv,7862,0.597955,0.659271,0.500597,False,0.697553,0.955481,0.454884,0.622964
BkiUbYvxK1UJ-rRH-nK7,commoncrawl,525,0.52528,0.589476,0.403123,False,0.640394,0.778613,0.37549,0.644731
BkiUdGrxK6EuNCvepjP8,c4,85,0.445676,0.509431,0.453346,False,0.615496,0.75026,0.296914,0.490967
BkiUeTTxK7IAHdKt3Kc1,commoncrawl,473,0.409749,0.508997,0.645473,True,0.712466,0.823644,0.178171,0.640748
BkiUbTk4ukPiEYTwk6qr,commoncrawl,994,0.564497,0.639131,0.478123,False,0.820915,0.868474,0.390351,0.599378
BkiUayXxK0iCl7UGVN97,c4,96,0.528663,0.617002,0.516191,False,0.781574,0.838729,0.322537,0.685073
BkiUflfxK3xgpfdGRUgV,commoncrawl,214,0.529554,0.575407,0.346239,False,0.768803,0.578035,0.422564,0.583673
BkiUbEE4c3aisKzQybNl,c4,359,0.539359,0.629869,0.492214,False,0.778386,0.820382,0.328168,0.750694
BkiUgPvxK6Ot9WA5kd4B,commoncrawl,961,0.490699,0.582597,0.512876,False,0.789147,0.754346,0.276271,0.699958
BkiUatbxaL3Sug5GJsOP,commoncrawl,636,0.4621,0.544238,0.535864,False,0.80631,0.635985,0.270446,0.632129
BkiUafbxK4sA-9F9h-0u,commoncrawl,3440,0.463987,0.568675,0.640674,True,0.815853,0.86039,0.219715,0.677161
BkiUbVPxaJJQnJ5kTGLq,c4,264,0.627641,0.669678,0.323298,False,0.752059,0.852851,0.529553,0.592085
BkiUfFnxK1fBGwCLOhJH,github,205,0.621469,0.658553,0.222603,False,0.757543,0.71957,0.644991,0.53494
BkiUdcE5qYVBNAWDbnaw,commoncrawl,1091,0.4356,0.529369,0.63926,True,0.616197,0.856064,0.216804,0.685768
BkiUeSDxK7IABDHEZFpM,commoncrawl,1859,0.595758,0.684839,0.538253,False,0.804662,0.926155,0.387902,0.76063
BkiUfzXxK7kjXIdHBI6x,c4,285,0.34483,0.402208,0.451102,False,0.633325,0.210948,0.295502,0.66205
BkiUgPTxK3xgpfdGRx2c,commoncrawl,300,0.418572,0.494466,0.492597,False,0.610326,0.734083,0.241486,0.552043
BkiUdZM4uBhhxIH73suC,commoncrawl,335,0.431677,0.523969,0.66267,True,0.552636,0.878998,0.216328,0.716317
BkiUdAs4uBhhxJVAbI88,commoncrawl,2055,0.534115,0.60353,0.395284,False,0.767429,0.649526,0.372146,0.715021
BkiUdFg5i7PA9O6rS7jn,arxiv,10017,0.512876,0.573584,0.587812,True,0.371223,0.959035,0.512436,0.593071
BkiUdyY4dbgg9CUVss4r,github,513,0.458239,0.503949,0.271869,False,0.588927,0.351583,0.623452,0.499532
BkiUeArxaL3SujGfKlVq,commoncrawl,962,0.477705,0.55807,0.574695,False,0.63722,0.864884,0.290188,0.606099
BkiUbb3xK6wB9mpb0cQs,wikipedia,49,0.464454,0.526201,0.403857,False,0.645834,0.724234,0.320377,0.511414
BkiUfOrxK03BfHDu5iuw,c4,134,0.54517,0.617417,0.467134,False,0.654472,0.843727,0.376592,0.698573
BkiUdNs5qhLA6eZZnTRk,c4,714,0.384046,0.483934,0.585979,True,0.691766,0.710784,0.150974,0.736953
BkiUdSY5qoYAttXCyxex,c4,59,0.51758,0.58505,0.448876,False,0.659371,0.809026,0.360151,0.609611
BkiUd5g5qdmDM09ejILC,commoncrawl,489,0.572918,0.637112,0.423627,False,0.738996,0.84676,0.423133,0.622136
BkiUf0G6NNjgB0Ss4q8D,commoncrawl,457,0.43536,0.490199,0.389423,False,0.696826,0.46359,0.307403,0.58123
BkiUc9E4eIZjlTb7HoO0,c4,256,0.419711,0.46865,0.383675,False,0.689197,0.337275,0.305522,0.678816
BkiUdMPxaKgTw5qkDwpv,c4,47,0.335046,0.386891,0.381249,False,0.595323,0.214074,0.360935,0.486683
BkiUcys4eIXhsP2jpIWU,commoncrawl,123,0.467727,0.551419,0.504652,False,0.666296,0.777097,0.272445,0.654919
BkiUbiXxK7Tt6AlxCM0P,commoncrawl,478,0.584005,0.65636,0.463322,False,0.798661,0.878498,0.415176,0.636964
BkiUcOvxK19JmejM8fF2,c4,383,0.45016,0.553474,0.609316,True,0.748062,0.818409,0.209093,0.731986
BkiUdBA5qoYArXHsw4Sp,commoncrawl,496,0.552214,0.616633,0.417118,False,0.688992,0.819021,0.401903,0.63734
BkiUdeQ5qoTDt5iRgJUN,book,81674,0.331043,0.417571,0.776413,True,0.502186,0.905558,0.129145,0.516043
BkiUdZc5qoYAw9DL6exx,commoncrawl,3062,0.416797,0.510681,0.563579,False,0.761312,0.733991,0.197732,0.614625
BkiUciXxK6wB9k0iK8Zr,c4,342,0.37397,0.461127,0.570234,False,0.650151,0.54921,0.170604,0.740838
BkiUdQ85qX_AYzjedFH1,commoncrawl,1939,0.62824,0.688178,0.377539,False,0.852327,0.865926,0.488387,0.622124
BkiUd1c5qsBDFq2tCp-x,c4,396,0.547094,0.625253,0.467628,False,0.655912,0.832351,0.364723,0.767265
BkiUdbw4uzlhrI4X8Oo1,wikipedia,576,0.640486,0.694979,0.388359,False,0.863374,0.901696,0.513337,0.583648
BkiUfoTxK6nrxl9bPviV,github,13,0.470319,0.548043,0.56468,False,0.610442,0.288961,0.853641,0.598719
BkiUd2rxK7IABLfxIVEd,arxiv,6000,0.609261,0.669568,0.487783,False,0.736158,0.956327,0.468544,0.609205
BkiUfDs4uzliAaD0wjjE,c4,192,0.463937,0.56028,0.549052,False,0.72196,0.788188,0.239136,0.723383
BkiUaf3xK6Ot9Pm3s2t0,commoncrawl,530,0.469987,0.573984,0.668576,True,0.751901,0.895903,0.227326,0.7079
BkiUdIE4ubng0WcZyPpc,wikipedia,1557,0.621863,0.682307,0.470165,False,0.826116,0.950994,0.480829,0.573606
BkiUdYc5qWTBBvMd7KBh,wikipedia,28,0.439776,0.493835,0.388246,False,0.701884,0.313638,0.447721,0.603184
BkiUdSvxaJiQoZ1WkYV2,book,35215,0.378431,0.485011,0.765573,True,0.644021,0.895317,0.129745,0.737114
BkiUfqTxK6nrxpQc3nXr,c4,132,0.546943,0.628781,0.491683,False,0.72548,0.84767,0.355987,0.713732
BkiUgNzxK6Ot9WA5kb2e,c4,42,0.501851,0.576188,0.45993,False,0.576133,0.788328,0.328398,0.738632
BkiUbOPxK7kjXLSrDie9,c4,1671,0.460759,0.547899,0.478912,False,0.645831,0.736344,0.257432,0.735484
BkiUcDnxaJJQnHaRwiKb,commoncrawl,647,0.582082,0.662547,0.518941,False,0.716701,0.913272,0.39433,0.746319
BkiUdjI5qdmDEeS7VSOn,commoncrawl,864,0.447517,0.542713,0.627121,True,0.691552,0.852514,0.225393,0.652062
BkiUdpA4eIZijir1oeCD,c4,68,0.530303,0.609158,0.469342,False,0.646509,0.815649,0.346307,0.753702
BkiUdGI5qYVBND0w39BR,commoncrawl,576,0.451164,0.551303,0.608787,True,0.69921,0.826293,0.217507,0.734117
BkiUdIU5i7PA9MKgaHmn,commoncrawl,90,0.373139,0.428974,0.431287,False,0.674143,0.491296,0.242856,0.420711
BkiUeGLxaKPQoka4So6d,github,405,0.559554,0.610193,0.298201,False,0.703062,0.441397,0.739597,0.603935
BkiUd5s4uBhjDH-QNOpR,commoncrawl,520,0.585926,0.658777,0.492068,False,0.711867,0.90801,0.415941,0.700354
BkiUf6rxK7IDPV_Iub-z,c4,2427,0.440742,0.54932,0.621739,True,0.793349,0.809132,0.187393,0.755532
BkiUez05qhLBfzo2op4X,c4,55,0.435393,0.481932,0.478993,False,0.621706,0.329285,0.326801,0.805794
BkiUd9nxK6Ot9Pm3v-SZ,arxiv,3007,0.618495,0.680889,0.469903,False,0.824709,0.942813,0.47291,0.58439
BkiUetQ241xiDDeOZbDA,arxiv,4798,0.610925,0.671783,0.476365,False,0.755052,0.945291,0.468925,0.608388
BkiUbaXxK0zjCsHeZFCF,c4,732,0.388893,0.455813,0.453964,False,0.643726,0.232747,0.419171,0.686711
BkiUdc85qhLA9mqw1QpF,commoncrawl,269,0.397879,0.450619,0.370323,False,0.645142,0.375558,0.274818,0.618875
BkiUeO84eIOjR3O4ddG_,github,503,0.431865,0.476099,0.31331,False,0.623991,0.328651,0.641961,0.39013
BkiUdso4ubng6eY9Mg3F,c4,39,0.264709,0.321207,0.413744,False,0.546624,0.13288,0.31639,0.462183
BkiUclTxK6nrxq6Dm642,commoncrawl,274,0.47179,0.543937,0.472605,False,0.776052,0.590885,0.303447,0.628778
BkiUfLE5qhLBoPwGqy7u,commoncrawl,1235,0.668958,0.719267,0.362258,False,0.832408,0.913826,0.551568,0.637841
BkiUfXPxK4sA-46xQBs4,commoncrawl,166,0.426771,0.498194,0.441522,False,0.611992,0.70164,0.260118,0.551143
BkiUfgw5qhDCOpZYMTCB,commoncrawl,4024,0.344595,0.430839,0.52753,False,0.612129,0.67089,0.14336,0.583776
BkiUbcA5qU2Ap1mgSjKQ,commoncrawl,310,0.458055,0.548346,0.512136,False,0.671479,0.759514,0.247377,0.715945
BkiUaq_xK4sA-5fmu1iG,commoncrawl,386,0.537495,0.586372,0.29594,False,0.694343,0.719389,0.423449,0.558838
BkiUd-I4eIXh6uVu46D_,commoncrawl,276,0.438412,0.537356,0.658457,True,0.661248,0.866001,0.207544,0.700518
BkiUfn7xK0-nUKDhsJq7,c4,87,0.391316,0.43372,0.323806,False,0.587605,0.334107,0.292372,0.616179
BkiUbpbxK7DgtAWezJGs,c4,40,0.46099,0.525287,0.521235,False,0.627498,0.468606,0.310964,0.832199
BkiUbjvxK6wB9k0iKB3C,commoncrawl,283,0.620379,0.666236,0.296797,False,0.745675,0.810175,0.513378,0.635194
BkiUeEzxK7kjXIK5sbfw,c4,57,0.414258,0.478591,0.53365,False,0.685606,0.26415,0.362786,0.7978
BkiUbbLxK7kjXIdG87eW,c4,258,0.478056,0.57351,0.617669,True,0.657673,0.873,0.255331,0.73726
BkiUdWw5qU2ApzQrTdcm,commoncrawl,812,0.389118,0.46896,0.459112,False,0.661931,0.656264,0.202819,0.548274
BkiUbBA4uzki01MTGhcH,commoncrawl,426,0.338525,0.423093,0.530202,False,0.671401,0.544676,0.141199,0.618992
BkiUeEY4eIOjR0ItaEBs,commoncrawl,1327,0.532534,0.611598,0.570134,False,0.670453,0.918186,0.348051,0.652724
BkiUgSbxK02iP15viBXb,c4,541,0.489512,0.59283,0.660976,True,0.675749,0.909411,0.248435,0.808145
BkiUdws4uzqh_O2xy55S,c4,143,0.539242,0.604201,0.338582,False,0.675502,0.726254,0.387672,0.700554
BkiUdaM5qoTA0iwhHXNz,c4,200,0.48196,0.573141,0.563918,False,0.651559,0.737813,0.269204,0.833122
BkiUd-zxK0zjCrsOAfbj,c4,664,0.340429,0.431178,0.576243,False,0.581671,0.653015,0.128682,0.704925
BkiUbCbxaJiQn5NNhaDG,c4,547,0.466506,0.552493,0.486116,False,0.636237,0.751984,0.265868,0.731934
BkiUc445qhDBS5hVZQgi,commoncrawl,288,0.389589,0.469919,0.483635,False,0.626535,0.685786,0.202151,0.560704
BkiUd4PxK6EuM_UbrZgk,commoncrawl,1189,0.505092,0.592859,0.578015,True,0.683115,0.878318,0.300303,0.685208
BkiUc-k5qhLA11kI91oR,commoncrawl,396,0.415533,0.48953,0.486581,False,0.729453,0.499476,0.242873,0.648414
BkiUdoHxK7IAHL_U9G6G,c4,75,0.441152,0.515354,0.577812,True,0.656972,0.473252,0.268016,0.845827
BkiUdZLxK3YB9m3uv8ZR,commoncrawl,679,0.56708,0.656754,0.548574,False,0.840874,0.906415,0.35784,0.68181
BkiUd_7xK0wg09FXWeUt,c4,736,0.526519,0.630529,0.623134,True,0.834901,0.906964,0.28383,0.734807
BkiUfd3xaKgQW0DXr45A,c4,347,0.453265,0.525132,0.478321,False,0.763894,0.471507,0.285573,0.738836
BkiUdwU4eIXgu5UZgDQv,commoncrawl,321,0.448813,0.544896,0.648368,True,0.737707,0.872985,0.224617,0.608665
BkiUdhQ5qYVBWth0LlOe,commoncrawl,3593,0.258775,0.335481,0.554824,False,0.634619,0.608311,0.0797955,0.408656
BkiUdjs4ubng6eY9MYpX,commoncrawl,3547,0.453847,0.56145,0.674048,True,0.876822,0.712462,0.202773,0.783174
BkiUdIc4eIXhz_smZVPp,github,1484,0.566339,0.604515,0.21141,False,0.67176,0.688672,0.477262,0.604802
BkiUcRLxK1yAga6JrCaM,arxiv,7511,0.465013,0.534423,0.643073,True,0.303057,0.946131,0.487727,0.582923
BkiUgIo5qhDC0V1en6KZ,commoncrawl,1048,0.551991,0.635525,0.500904,False,0.771273,0.857981,0.357077,0.690086
BkiUfKo5qhLBirRk3FKM,c4,284,0.445319,0.533688,0.524346,False,0.663385,0.669168,0.239125,0.76347
BkiUdwo5qoYA0D8lLGnN,commoncrawl,1046,0.400564,0.460638,0.482522,False,0.740195,0.314112,0.26039,0.742911
BkiUaRDxK6EuNCvem_Ar,c4,57,0.535741,0.613288,0.461788,False,0.64101,0.816587,0.3548,0.761441
BkiUalfxK6wB9jjDdpQF,commoncrawl,1117,0.524987,0.591691,0.381068,False,0.750411,0.673402,0.369344,0.656524
BkiUePzxK7Dgs_cY6VPi,commoncrawl,2350,0.462746,0.549729,0.486954,False,0.729519,0.746739,0.259784,0.644788
BkiUd2o5qsBDH_zJ-OCj,commoncrawl,428,0.593698,0.63851,0.283833,False,0.772968,0.7303,0.601912,0.489136
BkiUdSM5qYVBMbjheV1G,stackexchange,465,0.518046,0.582594,0.404557,False,0.771991,0.768997,0.527955,0.367435
BkiUfo45qhLB3VuyXM19,c4,380,0.439504,0.518191,0.49876,False,0.644482,0.578872,0.255901,0.754661
BkiUdbc5jDKDyKU9DXmu,commoncrawl,908,0.610852,0.684745,0.480278,False,0.83184,0.918715,0.438437,0.655959
BkiUbhDxaJiQn33wkzBX,c4,657,0.434922,0.536791,0.629215,True,0.65151,0.78056,0.197229,0.826444
BkiUdeI5qX_Bo8oPOjpq,c4,154,0.318585,0.380062,0.536523,False,0.60881,0.175141,0.274449,0.711664
BkiUeZnxK6Ot9WA5iqiA,arxiv,4902,0.601988,0.673249,0.509661,False,0.816796,0.945373,0.435712,0.610475
BkiUePU4dbghfPG8YSJ0,arxiv,2306,0.631461,0.696269,0.428192,False,0.830511,0.908434,0.480242,0.64853
BkiUdAA5qdmDApqFPKpx,commoncrawl,670,0.402743,0.503502,0.738722,True,0.612502,0.906362,0.16764,0.689074
BkiUdvM5qhLACA4Pvz4R,commoncrawl,1925,0.531167,0.619259,0.616529,True,0.696817,0.942149,0.325621,0.687535
BkiUdaA5qYVBhn-WmATo,github,1067,0.63081,0.667067,0.279766,False,0.773894,0.825978,0.567053,0.546212
BkiUeMDxK7Ehm2ZQ1I0A,commoncrawl,718,0.420806,0.512884,0.515949,False,0.721905,0.689736,0.205956,0.673824
BkiUfoHxK02iP15vhjjK,c4,119,0.608246,0.650776,0.305104,False,0.704156,0.814115,0.509011,0.614614
BkiUdZc5qWTBK286bWhP,commoncrawl,535,0.484036,0.558942,0.518302,False,0.651855,0.827557,0.309255,0.584754
BkiUeKHxK7kjXIK5sg9h,c4,128,0.440698,0.525621,0.4903,False,0.732843,0.714729,0.242543,0.600265
BkiUdyE5qoTBEBw4JUa4,c4,124,0.481036,0.559121,0.454564,False,0.603071,0.719368,0.298836,0.7534
BkiUfIs25V5jU0uocXSW,c4,394,0.496333,0.589816,0.594309,True,0.64423,0.872515,0.278206,0.773282
BkiUdLs4eIXgu4C768ol,commoncrawl,239,0.48369,0.568645,0.524073,False,0.752026,0.809535,0.285462,0.601237
BkiUfd85qhLBhZ3KGetX,commoncrawl,1114,0.59641,0.682565,0.53637,False,0.809968,0.931752,0.395382,0.727173
BkiUdRk4eIZjfagW4i-q,arxiv,4515,0.608894,0.675705,0.482145,False,0.863045,0.935148,0.453003,0.570028
BkiUdNM241xiDDDH9lBo,c4,298,0.45595,0.548789,0.559444,False,0.643312,0.736767,0.239327,0.79877
BkiUf5825V5jeJ_WRKOq,commoncrawl,392,0.510699,0.577636,0.48525,False,0.603506,0.839761,0.354511,0.619436
BkiUbCY4uBhhxDSKxszr,commoncrawl,409,0.447709,0.533563,0.523817,False,0.683313,0.771199,0.247383,0.621142
BkiUeB84eIOjR9_GglZj,wikipedia,27,0.311545,0.343815,0.376607,False,0.612855,0.236248,0.317344,0.303916
BkiUdcM4ubng559gnHzt,github,525,0.635632,0.653514,0.13362,False,0.70121,0.593907,0.727527,0.601997
BkiUfss25V5jfOBX58DW,github,188,0.543561,0.565772,0.22472,False,0.716456,0.491736,0.527975,0.550808
BkiUdh44uBhi2h6VPF0G,github,31,0.521174,0.585285,0.511367,False,0.604549,0.371581,0.882949,0.591432
BkiUdqA5qX_AYt7X0VQb,commoncrawl,284,0.596841,0.655572,0.421637,False,0.691115,0.881437,0.4598,0.659321
BkiUcZDxK7Ehm4qsz5kr,c4,38,0.500931,0.56945,0.481006,False,0.624792,0.600056,0.341054,0.82206
BkiUd3425V5jBGHQ2osF,commoncrawl,1204,0.56344,0.653102,0.581287,True,0.80407,0.935513,0.354226,0.682488
BkiUdanxK7IAE_K9x_VT,commoncrawl,346,0.546827,0.633411,0.543893,False,0.731907,0.88869,0.344797,0.717411
BkiUfXA5qhLBeMNHmTNb,commoncrawl,285,0.528124,0.614783,0.55208,False,0.736041,0.878001,0.32592,0.677872
BkiUdQzxK7FjYAb_7EFG,commoncrawl,183,0.246092,0.295508,0.482381,False,0.61317,0.130789,0.222732,0.425822
BkiUdVw5qoYA2skZ5EkI,c4,176,0.543211,0.622378,0.424934,False,0.76031,0.783421,0.358487,0.702418
BkiUaQXxK7kjXLlzZTDJ,commoncrawl,380,0.434081,0.519468,0.519807,False,0.65541,0.754651,0.234844,0.626271
BkiUdL85qoYAtIo5ILvr,commoncrawl,5589,0.606294,0.69477,0.571991,False,0.860923,0.97184,0.399849,0.696226
BkiUfVLxK1Thg98UiBRA,commoncrawl,878,0.485702,0.565589,0.502781,False,0.648396,0.80208,0.299299,0.657039
BkiUdBE4eIZjpZeDTPnY,commoncrawl,1573,0.581153,0.646299,0.467254,False,0.8964,0.893796,0.429146,0.507269
BkiUbdI5qsMAIvuccRfS,c4,464,0.45697,0.565131,0.689472,True,0.755447,0.894067,0.204595,0.736939
BkiUbIw5qoTDtozcqXTh,commoncrawl,2175,0.470877,0.567225,0.699278,True,0.609825,0.945343,0.246065,0.728967
BkiUa9c5qdmB62kgIcRh,commoncrawl,1280,0.54987,0.598441,0.393576,False,0.830113,0.537667,0.436537,0.658161
BkiUd1E4eIOjRvCHtPbL,commoncrawl,682,0.539996,0.615356,0.48334,False,0.696987,0.847498,0.364158,0.666339
BkiUctU25V5hegR8YLac,c4,429,0.448787,0.5473,0.671611,True,0.646326,0.890534,0.218923,0.7111
BkiUfv45qhDCyOQLSs-M,commoncrawl,2968,0.352997,0.444988,0.551329,False,0.623398,0.657329,0.138351,0.689681
BkiUf085qhDCbXrR5sqP,c4,49,0.395487,0.445029,0.388874,False,0.668762,0.329639,0.279888,0.635276
BkiUc8zxK6Ot9Pm3vB5a,commoncrawl,667,0.543668,0.639233,0.589054,True,0.755162,0.909738,0.320683,0.757432
BkiUcwM5qsNCPep76BWs,c4,106,0.486948,0.567993,0.471027,False,0.669461,0.768871,0.297844,0.678504
BkiUdo04eIXhx5LdS8PD,commoncrawl,14820,0.599643,0.670058,0.494653,False,0.735507,0.929994,0.435341,0.676783
BkiUbkrxK3YB9m3uuAjY,commoncrawl,349,0.523501,0.611918,0.499784,False,0.747871,0.816978,0.317195,0.723048
BkiUew3xaKgQSxpOOvcw,commoncrawl,723,0.552636,0.632798,0.505509,False,0.871101,0.750248,0.365591,0.670847
BkiUdrc5qhDBeB4iUQBC,commoncrawl,287,0.427214,0.506572,0.490922,False,0.65201,0.732966,0.242044,0.568782
BkiUcCjxK6wB9mn495KZ,commoncrawl,2014,0.518539,0.552614,0.207797,False,0.646827,0.550297,0.43903,0.596725
BkiUdg_xK1fBGwCLM-X7,commoncrawl,17914,0.407804,0.522591,0.845276,True,0.718517,0.985243,0.139966,0.750325
BkiUbgU25V5ha7jY77Xf,c4,164,0.543507,0.593889,0.285057,False,0.650507,0.711007,0.42595,0.631358
BkiUdbc5qhDBZQieo5Hi,c4,375,0.423797,0.521831,0.60834,True,0.624634,0.756332,0.195052,0.803392
BkiUbn7xaKgS2Gx0caX5,commoncrawl,815,0.465211,0.544664,0.431599,False,0.71142,0.693358,0.279821,0.637197
BkiUacu6NNjgB1scV0TV,commoncrawl,804,0.551404,0.633828,0.553075,False,0.694339,0.912158,0.359082,0.709362
BkiUeHs4dbghblPW5sKP,commoncrawl,1626,0.509098,0.582104,0.557113,False,0.670388,0.895866,0.338753,0.56409
BkiUc2XxK7ICUt7cQCeB,commoncrawl,320,0.399602,0.482687,0.602153,True,0.578677,0.80789,0.205737,0.563631
BkiUbNU5qhDACqrAN_G3,commoncrawl,372,0.467676,0.564703,0.641161,True,0.616437,0.882439,0.241279,0.773943
BkiUczM4eIZjjLi4TYy8,commoncrawl,938,0.432766,0.521983,0.519627,False,0.720232,0.74422,0.224592,0.615971
BkiUcWXxK1yAgWay4Eo9,c4,154,0.466184,0.564017,0.614481,True,0.6712,0.852387,0.237906,0.74266
BkiUfcfxK7IAGcV43g9q,commoncrawl,799,0.540365,0.620241,0.554397,False,0.718489,0.908382,0.353985,0.640299
BkiUadzxK6-gD5Tla-7e,commoncrawl,426,0.458902,0.555659,0.655641,True,0.711696,0.888775,0.233134,0.645709
BkiUf8XxK7FjYAb_9qDW,stackexchange,168,0.5435,0.602027,0.319754,False,0.687882,0.726694,0.40694,0.645631
BkiUdkQ5qhDBLTI4uumv,commoncrawl,416,0.405871,0.494121,0.579825,True,0.659791,0.779778,0.199953,0.578641
BkiUdc44uzlgqEf1TX2Q,c4,155,0.388003,0.455203,0.375528,False,0.598108,0.511325,0.231204,0.606732
BkiUaV26NNjgB1scVtmC,c4,1403,0.404599,0.511867,0.715466,True,0.687517,0.869773,0.154306,0.742037
BkiUbNM5qsFAfyH9wlOU,commoncrawl,1105,0.476058,0.564132,0.655027,True,0.607026,0.92558,0.270552,0.665718
BkiUdEjxK6Ot9V_E3xqh,commoncrawl,222,0.55472,0.627122,0.407502,False,0.753102,0.793284,0.385782,0.670898
BkiUdiw5qsNCPfj-mM-A,commoncrawl,387,0.437493,0.531669,0.607926,True,0.665482,0.825673,0.217747,0.666986
BkiUfUA5qhLBeyJsPU-A,commoncrawl,653,0.576075,0.663235,0.510457,False,0.854646,0.883158,0.372701,0.687552
BkiUav425V5hRtaNjOBP,c4,68,0.55171,0.624529,0.442482,False,0.649695,0.824284,0.381802,0.743791
BkiUc8TxK1ThhAqzWWKq,commoncrawl,439,0.480852,0.535073,0.293334,False,0.647669,0.623817,0.354335,0.572432
BkiUdC85qX_BiS5Jh3JI,c4,133,0.450308,0.53574,0.529091,False,0.617646,0.780057,0.250966,0.680694
BkiUfAbxK3YB9raX2YGh,commoncrawl,375,0.452673,0.546896,0.614917,True,0.708462,0.847736,0.232819,0.639047
BkiUeZ7xK7Dgs_aSVS46,commoncrawl,510,0.415896,0.507252,0.55349,False,0.648252,0.756222,0.202733,0.665223
BkiUc7k4uBhiz5uUyfdB,commoncrawl,682,0.413331,0.479826,0.453907,False,0.615041,0.468469,0.258176,0.712083
BkiUfg45qhDCykklLgQ5,commoncrawl,778,0.576414,0.669479,0.548082,False,0.870119,0.907346,0.359263,0.707911
BkiUbi85qoTDtpmP3tEZ,c4,172,0.612829,0.666363,0.315707,False,0.687126,0.731745,0.487917,0.803624
BkiUbAg4dbgj407o0wQk,commoncrawl,265,0.536775,0.609617,0.511259,False,0.680931,0.878068,0.366809,0.629511
BkiUfnPxK6-gD5TlfzPI,c4,58,0.50046,0.557727,0.334485,False,0.638834,0.588572,0.366838,0.701323
BkiUddzxK3YB9m8SXVhJ,github,99,0.438086,0.480655,0.354105,False,0.692861,0.338756,0.470132,0.483577
BkiUd085qhDACs7pJrtD,commoncrawl,459,0.415894,0.515154,0.69798,True,0.665621,0.882266,0.184286,0.649586
BkiUazc25V5ha7jY7Uur,c4,123,0.582469,0.640872,0.350218,False,0.656683,0.796412,0.446195,0.722763
BkiUdr05qoYArn4hRwHV,commoncrawl,440,0.435779,0.530492,0.618013,True,0.624561,0.832797,0.214784,0.707984
BkiUdFY5qsBC3VG0zQNb,commoncrawl,551,0.45684,0.538157,0.420083,False,0.687183,0.6663,0.2671,0.68534
BkiUb3bxK7DgtAAQH-CX,c4,847,0.496131,0.59224,0.611171,True,0.658148,0.88305,0.271879,0.777915
BkiUdXk5qWTD6hAatafR,github,787,0.551697,0.602727,0.294093,False,0.707548,0.72672,0.432627,0.593171
BkiUdQbxK1yAgYaM2dFF,commoncrawl,3204,0.310079,0.393814,0.510057,False,0.624752,0.611504,0.114695,0.546955
BkiUduA4eIZjpBzzwi55,commoncrawl,1061,0.550987,0.623479,0.434627,False,0.797922,0.816465,0.381838,0.607252
BkiUdCM5qoTAmEQQo2MV,c4,210,0.474067,0.56441,0.601866,True,0.618156,0.865133,0.263267,0.720148
BkiUdXg5qU2ApzQrTeFi,commoncrawl,5597,0.619612,0.686208,0.487531,False,0.724841,0.951753,0.464222,0.692219
BkiUd-M5qWTD6lY8YY2i,arxiv,3246,0.615953,0.685055,0.474333,False,0.863089,0.92905,0.454717,0.603888
BkiUdZU5qdmDJrznF9vR,book,42847,0.240212,0.32787,0.777553,True,0.65865,0.813231,0.0356778,0.592789
BkiUdXDxaKgT2YGEm4Zs,commoncrawl,881,0.453315,0.536015,0.499851,False,0.760199,0.644067,0.260348,0.647071
BkiUbLM5qsMAIoJibBLa,c4,1604,0.337171,0.411367,0.680457,True,0.623659,0.330713,0.164048,0.844505
BkiUe5PxaKgQWseFwvml,c4,803,0.36108,0.458088,0.58936,True,0.710675,0.633222,0.134728,0.724088
BkiUbNfxK02iP15vedL1,commoncrawl,977,0.579208,0.670144,0.552424,False,0.88295,0.919447,0.367024,0.67658
BkiUbujxK6Ot9TMSpceI,wikipedia,528,0.475571,0.547813,0.530938,False,0.66611,0.837944,0.307007,0.525268
BkiUgDHxK7Tt52mM_6HE,commoncrawl,268,0.51401,0.601698,0.552921,False,0.740464,0.862325,0.309405,0.663056
BkiUexLxK3YB9ohkOXM3,commoncrawl,217,0.460968,0.509491,0.344297,False,0.692046,0.494627,0.347749,0.56592
BkiUdck5qsBC-7ALu3ty,commoncrawl,1567,0.250463,0.326153,0.599608,True,0.599809,0.376661,0.0738532,0.673461
BkiUgLk241xiRac9upJ_,commoncrawl,808,0.433898,0.522537,0.550579,False,0.673657,0.777653,0.227073,0.626033
BkiUcjvxK7Dgs_XS_XP9,github,94,0.48515,0.538051,0.329069,False,0.690783,0.361714,0.660145,0.507966
BkiUd7k5qdmDNlI6-8M5,c4,459,0.401047,0.482495,0.504704,False,0.618463,0.579598,0.211001,0.715705
BkiUa-w4uzlgp_qLhA9r,c4,313,0.439868,0.54386,0.608183,True,0.805402,0.784413,0.19722,0.701011
BkiUaYI25V5hc_OxvaSj,commoncrawl,1222,0.55431,0.632717,0.562113,False,0.720151,0.933474,0.371361,0.641726
BkiUex05qhLBjuJj9taV,stackexchange,665,0.557003,0.607602,0.330535,False,0.759922,0.769474,0.438939,0.530915
BkiUd7c5qhDACwYJXq9Q,commoncrawl,779,0.544391,0.61977,0.537247,False,0.710468,0.905753,0.368506,0.621953
BkiUe8bxK6nrxqmo1KnW,c4,366,0.437132,0.534549,0.671044,True,0.590996,0.88087,0.209826,0.746393
BkiUcsTxK4sA-7sDepmN,book,61910,0.146143,0.203526,0.895354,True,0.247845,0.907604,0.0122501,0.583083
BkiUdZM4eILhQLGUUmVc,commoncrawl,569,0.44282,0.544197,0.691675,True,0.666575,0.897949,0.206275,0.709284
BkiUdZE4uBhiwecdfZb6,github,54,0.600525,0.628736,0.237687,False,0.669795,0.534701,0.772387,0.564879
BkiUaSTxK3xgpdbcgW9w,commoncrawl,721,0.468116,0.514001,0.380047,False,0.66232,0.393712,0.36105,0.741097
BkiUbmnxK7ICUyBuzOxd,commoncrawl,427,0.488692,0.552631,0.342154,False,0.614317,0.681654,0.3395,0.655846
BkiUbdzxK0-nUKDhpKPC,commoncrawl,607,0.501999,0.587065,0.538156,False,0.727454,0.841669,0.303513,0.638788
BkiUbCs4eIfiUWJpLXhL,c4,160,0.473282,0.56468,0.586435,True,0.658394,0.846454,0.260019,0.70102
BkiUeFE5qsNCPep768_g,commoncrawl,2186,0.623533,0.688807,0.407834,False,0.764318,0.879061,0.471227,0.710878
BkiUbdDxaKgS2MYsNrcw,commoncrawl,817,0.466571,0.546551,0.435415,False,0.702989,0.715368,0.279952,0.6334
BkiUdvvxaKgQLBMQPbKd,arxiv,8432,0.6179,0.668103,0.458723,False,0.664106,0.959481,0.500757,0.624317
BkiUdxDxK0iCl7DT8i0A,commoncrawl,3579,0.635361,0.705136,0.475221,False,0.861412,0.947772,0.472552,0.640667
BkiUdLY5qdmDD94KQ_gd,c4,1160,0.481776,0.582423,0.603769,True,0.725169,0.850701,0.246932,0.754576
BkiUbEvxaL3SuhOolodp,commoncrawl,333,0.534425,0.597971,0.411514,False,0.797664,0.615942,0.38615,0.673738
BkiUfSfxK6Ot9TMSstTH,c4,327,0.495106,0.585426,0.592018,True,0.659304,0.876379,0.284361,0.714364
BkiUa-DxK1yAga6Jp2nl,commoncrawl,773,0.365527,0.433933,0.515713,False,0.665777,0.357926,0.205913,0.721626
BkiUd3U5qX_Bxod3l-G3,c4,108,0.51065,0.594635,0.528694,False,0.634223,0.843379,0.314685,0.742364
BkiUf3M241xiMs_hTj-t,stackexchange,429,0.602701,0.661666,0.493922,False,0.959038,0.721013,0.465116,0.595833
BkiUdS84uzlh3ybkLqj0,c4,139,0.534989,0.607777,0.420048,False,0.668833,0.785196,0.365148,0.711326
BkiUdxA5qWTBD5_PldIE,c4,73,0.504729,0.597465,0.521134,False,0.760126,0.80948,0.288346,0.717687
BkiUdfs4eIZjyr7dvJsF,c4,616,0.481695,0.585085,0.650586,True,0.76443,0.891037,0.240451,0.714687
BkiUeQQ4eIOjR_CK124N,c4,123,0.605242,0.664903,0.373869,False,0.672835,0.839902,0.466033,0.742016
BkiUfCTxK6wB9k0iNTg0,commoncrawl,3504,0.538027,0.615643,0.421209,False,0.776702,0.778133,0.356924,0.665683
BkiUbDo4eIZijRi2L8o4,commoncrawl,209,0.427973,0.502374,0.416746,False,0.644441,0.578549,0.25437,0.671117
BkiUbaLxK3YB9m8SVH8-,c4,868,0.455248,0.554742,0.55832,False,0.739891,0.781414,0.223094,0.733298
BkiUbJM5qsBB3TGfZ_Wy,commoncrawl,408,0.412844,0.495817,0.60691,True,0.673584,0.826152,0.219242,0.49475
BkiUdwHxaKgQL0dMaEYE,commoncrawl,361,0.410583,0.486859,0.403914,False,0.631965,0.599923,0.232607,0.63652
BkiUc6LxK02iP15vf5aV,stackexchange,167,0.481788,0.546255,0.4892,False,0.820564,0.766187,0.331364,0.427156
BkiUcvg5qoYAmQl5-5nh,c4,88,0.407033,0.456424,0.424789,False,0.557786,0.371914,0.291787,0.716576
BkiUfW45qhLB0AM-e_i5,c4,1542,0.437271,0.532559,0.616319,True,0.670876,0.670218,0.214934,0.831253
BkiUgJA241xiQk66ov8l,c4,1102,0.586296,0.68982,0.604398,True,0.949136,0.922949,0.344738,0.749376
BkiUd2k4ubnhDOA8sJrK,stackexchange,406,0.558639,0.589641,0.314152,False,0.800452,0.523765,0.4863,0.592821
BkiUbV85ixsDL9BWxBBR,commoncrawl,710,0.434691,0.511041,0.512809,False,0.589757,0.769351,0.256542,0.585509
BkiUe2_xK2li-LJswrBY,stackexchange,220,0.447957,0.492055,0.298015,False,0.643076,0.464969,0.345061,0.568032
BkiUctTxK7FjYAb_6gJy,commoncrawl,335,0.570078,0.638002,0.476594,False,0.731716,0.88818,0.411586,0.619255
BkiUdyQ4uzki06kEiJgD,arxiv,1963,0.645866,0.699712,0.417091,False,0.798025,0.937316,0.520225,0.615914
BkiUbOU5qsBB3Ha6iCta,stackexchange,1514,0.571791,0.600804,0.265034,False,0.769129,0.504095,0.619187,0.542702
BkiUfKE25V5jS9ZhY-Ll,c4,79,0.480949,0.550252,0.372137,False,0.634637,0.691378,0.319241,0.654195
BkiUfnfxK3YB9ohkPZeB,c4,308,0.396511,0.479649,0.582097,True,0.636077,0.522952,0.202524,0.784621
BkiUd1vxK02iP5rWK7t7,c4,680,0.454361,0.540185,0.544463,False,0.560504,0.79857,0.254107,0.747944
BkiUeBQ5qoTBFq8c9egf,commoncrawl,139,0.400601,0.477646,0.543095,False,0.684202,0.763925,0.22083,0.450438
BkiUf2U25V5je08w0xB_,commoncrawl,123,0.474342,0.560538,0.561034,False,0.68617,0.834252,0.273217,0.630744
BkiUdxM5qhLBXbB1e3I_,c4,80,0.549094,0.604965,0.339182,False,0.605937,0.696405,0.41873,0.757912
BkiUdoQ4eIXhwh1Bxa3k,wikipedia,725,0.516565,0.56761,0.304888,False,0.627717,0.702348,0.39746,0.592263
BkiUd3k5qdmB663W6qS_,commoncrawl,1359,0.41424,0.463797,0.392973,False,0.691581,0.324543,0.298608,0.689909
BkiUcAbxK7Tt6CA5F4kM,c4,348,0.328285,0.388231,0.494117,False,0.590396,0.188413,0.298767,0.68253
BkiUfP3xK03BfL1dWd7s,arxiv,8961,0.534426,0.57757,0.534728,False,0.433756,0.968484,0.464126,0.570565
BkiUdbk5qdmC6Srl9Y7d,c4,92,0.630887,0.688614,0.402211,False,0.898402,0.813322,0.496192,0.620084
BkiUeUs4eIOjRzejsQ_n,commoncrawl,1468,0.490164,0.588655,0.611407,True,0.719246,0.871759,0.260352,0.734854
BkiUfK7xK1UJ-rRIBc6z,commoncrawl,632,0.470078,0.547287,0.555563,False,0.581572,0.845486,0.289923,0.62892
BkiUf3E25V5jgqmmpDF0,commoncrawl,2559,0.369987,0.443565,0.496171,False,0.64906,0.43249,0.198307,0.694479
BkiUdGc4dbgg-nPSsBkK,commoncrawl,130,0.467095,0.539755,0.425101,False,0.62334,0.722656,0.297554,0.632906
BkiUc7M4uzlhXz2JUBm5,github,122,0.556446,0.585419,0.224069,False,0.680509,0.495203,0.712911,0.488842
BkiUdSI5qWTA8XvyTTvQ,commoncrawl,2527,0.554277,0.620217,0.54285,False,0.668944,0.943265,0.400416,0.585473
BkiUbP84uzki04AfVLGS,c4,1223,0.566314,0.654861,0.573076,False,0.715503,0.932779,0.359703,0.76572
BkiUegI5qsFChfNA2SYl,c4,538,0.433459,0.533543,0.592082,True,0.652132,0.792012,0.19993,0.783523
BkiUdZ05qoYAw9DL6fQT,c4,472,0.389064,0.478287,0.519831,False,0.626827,0.70071,0.180879,0.657569
BkiUdVrxaJiQoZ1WkbtG,commoncrawl,2938,0.427408,0.523607,0.622155,True,0.6835,0.825101,0.202946,0.655769
BkiUbmXxK7FjYAb_5fhV,commoncrawl,153,0.516552,0.578897,0.358628,False,0.703778,0.72971,0.371082,0.589155
BkiUc9g5qdmC7lEem1R3,commoncrawl,571,0.419892,0.515919,0.64206,True,0.651197,0.837892,0.195831,0.661995
BkiUdk3xaKPQof3xyRog,commoncrawl,676,0.588032,0.685559,0.556432,False,0.916901,0.895944,0.360468,0.745587
BkiUcgLxK5YsWTJsPCFH,c4,1150,0.557841,0.625538,0.383796,False,0.661183,0.783678,0.399883,0.738781
BkiUdgk5qWTBHCllEv4p,wikipedia,64,0.476774,0.523439,0.261906,False,0.629795,0.578595,0.367889,0.559884
BkiUeVbxK1yAgXBVF1JE,commoncrawl,219,0.609368,0.647932,0.342664,False,0.702541,0.862049,0.519385,0.560236
BkiUdew4eIXhx5LdS1qR,c4,192,0.731359,0.771033,0.236023,False,0.87481,0.86459,0.638787,0.731462
BkiUdILxaKgQIQzdx4r4,commoncrawl,1481,0.531426,0.605334,0.441948,False,0.727399,0.800922,0.358974,0.641799
BkiUdCA5qWTA8XvyTEN2,commoncrawl,157,0.46092,0.549093,0.589772,True,0.668727,0.844954,0.255182,0.629887
BkiUcpjxK0wg09lKBwsu,c4,226,0.490539,0.578182,0.575987,False,0.644907,0.862025,0.286038,0.702277
BkiUdKQ241xg-QyzEKET,c4,686,0.60126,0.693155,0.523761,False,0.857176,0.910599,0.386839,0.764233
BkiUdjTxaKPQof3xyPw2,c4,406,0.412107,0.508056,0.568227,False,0.655952,0.756452,0.188225,0.712177
BkiUct84ubnjopEPvC4X,github,905,0.521025,0.55404,0.210653,False,0.654644,0.44399,0.553991,0.585128
BkiUcqQ5qhDBIcqDjvdt,commoncrawl,5895,0.314,0.405852,0.56758,False,0.658318,0.667257,0.0996771,0.616698
BkiUeCM4eIOjRrm8Bg_J,commoncrawl,261,0.453707,0.536278,0.480701,False,0.662126,0.741742,0.261042,0.644642
BkiUdUU5qhDBUi61T9Av,commoncrawl,756,0.545808,0.619323,0.532428,False,0.662855,0.906699,0.374271,0.653806
BkiUdIU4uBhizKycisMQ,commoncrawl,518,0.501265,0.583112,0.531681,False,0.635778,0.841969,0.310288,0.695664
BkiUeBs5qWTD6hUhk7pD,commoncrawl,1087,0.494838,0.589402,0.578549,True,0.731592,0.852738,0.274188,0.704952
BkiUdYE4ubnjot5Javir,arxiv,12674,0.483792,0.523732,0.493433,False,0.390598,0.884031,0.442609,0.492118
BkiUd1rxK7IAGcV42213,commoncrawl,925,0.627709,0.698774,0.461879,False,0.774502,0.923768,0.461889,0.721336
BkiUfEnxK0fkXPSOrHzH,stackexchange,751,0.631885,0.655053,0.20037,False,0.686097,0.778195,0.596783,0.577826
BkiUdcU5qYVBeaTuDRRu,commoncrawl,741,0.44642,0.527793,0.510826,False,0.767376,0.56654,0.25655,0.695166
BkiUdaM4ubngtpssn0pa,commoncrawl,340,0.489844,0.553243,0.324748,False,0.635783,0.646247,0.341912,0.66666
BkiUa1XxK02iP4Y2su6y,c4,344,0.470075,0.568451,0.640323,True,0.681059,0.880853,0.24053,0.722831
BkiUbXfxK3YB9m3utxUx,commoncrawl,350,0.551364,0.626005,0.446403,False,0.784281,0.823606,0.377202,0.630088
BkiUaT7xK6EuNA_gLGsV,c4,61,0.62159,0.664893,0.228189,False,0.712859,0.748739,0.520549,0.703367
BkiUdJc4eIZjuQleB4re,commoncrawl,194,0.600553,0.66445,0.415547,False,0.867007,0.801644,0.45146,0.621063
BkiUdoc25V5hcGj05n-x,arxiv,7394,0.595751,0.643411,0.470912,False,0.641279,0.955456,0.484544,0.57714
BkiUbAM4ukPiEY1bk8S7,book,84257,0.465107,0.505408,0.551911,False,0.371069,0.92298,0.380388,0.500591
BkiUaSbxK3xgpdbcgXE1,commoncrawl,328,0.434653,0.521029,0.492188,False,0.668518,0.725298,0.23311,0.651351
BkiUgKPxK7IDOUSbv3xd,c4,431,0.516306,0.5952,0.412025,False,0.744245,0.704231,0.332219,0.720454
BkiUe2DxK1yAgWay6Zo1,commoncrawl,410,0.410513,0.466764,0.368109,False,0.553748,0.473928,0.27926,0.647369
BkiUdso5qsJBjnJ8-XnK,c4,66,0.428565,0.469872,0.286804,False,0.539506,0.439304,0.33218,0.618984
BkiUeMTxK6EuNA_gOqDw,c4,226,0.340003,0.401137,0.456699,False,0.65287,0.197358,0.306804,0.654057
BkiUdEY5qWTBCi0lzOrK,commoncrawl,220,0.595897,0.642941,0.35803,False,0.698409,0.844157,0.486127,0.596137
BkiUa6U5qhLACA4PuKfV,book,145837,0.231796,0.286628,0.473259,False,0.204322,0.577113,0.103854,0.548908
BkiUdmg5qWTBLNsCqtcL,stackexchange,218,0.55011,0.588165,0.23823,False,0.699544,0.691908,0.535909,0.461314
BkiUeNXxK7IAHdKt3IDj,commoncrawl,637,0.530611,0.597593,0.371005,False,0.724314,0.745323,0.374319,0.630937
BkiUflC6NNjgB0Ss4arD,stackexchange,121,0.530125,0.582853,0.313296,False,0.720389,0.691845,0.407093,0.568704
BkiUgyLxK7IADTol3Kv4,commoncrawl,2389,0.460259,0.554753,0.637228,True,0.642125,0.877003,0.239775,0.700657
BkiUfMA5qhDCU1N83I41,c4,1618,0.522575,0.628674,0.656884,True,0.755993,0.931894,0.27501,0.805519
BkiUdyo5qoTAsvxNqmmm,arxiv,10328,0.565617,0.621781,0.517763,False,0.603524,0.952329,0.434567,0.598279
BkiUbIc5qsBB3JTH452c,commoncrawl,33046,0.506032,0.601743,0.678693,True,0.597101,0.9614,0.282708,0.807215
BkiUasPxK0zjCobCMGoP,arxiv,3560,0.62775,0.681331,0.426824,False,0.755058,0.929552,0.502728,0.610628
BkiUdig5qWTBGBH18S85,commoncrawl,694,0.499038,0.57968,0.538685,False,0.718947,0.84956,0.310875,0.594335
BkiUbSo5qhLACA4PujPM,commoncrawl,199,0.46941,0.551137,0.520682,False,0.659239,0.799396,0.278715,0.627734
BkiUdqvxK7ICUubszsqY,arxiv,2692,0.628504,0.683025,0.452669,False,0.761347,0.953955,0.597691,0.501286
BkiUdzE5qYVBc0cis_OB,c4,41,0.214955,0.276065,0.535673,False,0.608036,0.0723629,0.224228,0.58458
BkiUdos5qoTAoIoYJY5w,stackexchange,332,0.563934,0.613534,0.305343,False,0.753543,0.732928,0.448201,0.572332
BkiUd0fxK0wg05VB74oQ,commoncrawl,708,0.467171,0.515807,0.264688,False,0.618374,0.616102,0.353686,0.525211
BkiUdUc4eIfiUUgehTTA,commoncrawl,302,0.435352,0.516449,0.566107,False,0.608384,0.812232,0.246126,0.584391
BkiUc-45qhDACkwuRwAh,commoncrawl,708,0.481864,0.5743,0.642052,True,0.691018,0.908232,0.26618,0.650602
BkiUdz84uzqh_N6SCXSX,c4,147,0.481267,0.562881,0.533892,False,0.627176,0.666875,0.290834,0.824727
BkiUdJM5qX_Bo8oPOPWC,c4,453,0.53521,0.625552,0.562874,False,0.732506,0.887285,0.324411,0.725841
BkiUcaDxK4tBVhat3MCN,commoncrawl,643,0.461171,0.555342,0.647211,True,0.65083,0.888648,0.241437,0.680423
BkiUdHk4ukPiEPTal_Lm,commoncrawl,2041,0.644192,0.717741,0.45852,False,0.925848,0.931099,0.472578,0.651272
BkiUe1nxK0flNeFb5h8l,commoncrawl,497,0.562058,0.646212,0.523162,False,0.818968,0.888862,0.3657,0.654778
BkiUd3DxK0-nUGYe6R9J,commoncrawl,728,0.586837,0.65545,0.335899,False,0.743963,0.762143,0.426739,0.762638
BkiUa_DxK7ICUuXejJTB,commoncrawl,630,0.464541,0.547443,0.570938,False,0.566119,0.84204,0.271102,0.694456
BkiUczrxK6Ot9Pm3u98m,commoncrawl,355,0.403904,0.464718,0.360236,False,0.62224,0.467614,0.262004,0.611434
BkiUbQQ5qoTDtpFhrOPg,commoncrawl,878,0.495108,0.591801,0.646548,True,0.693131,0.916038,0.26949,0.716227
BkiUd3Y5qWTD6fxGXGba,arxiv,6386,0.502636,0.550367,0.477695,False,0.493778,0.868959,0.391263,0.546366
BkiUeuPxK4sA-46xPXLg,c4,205,0.342529,0.395437,0.546082,False,0.58081,0.219078,0.250779,0.76516
BkiUfsLxK0-nUKDhsMvc,commoncrawl,1034,0.601202,0.647243,0.277223,False,0.770996,0.712035,0.493773,0.647365
BkiUdz05qYVBbtzIxjaR,c4,240,0.53444,0.625462,0.513731,False,0.708498,0.802032,0.322056,0.835787
BkiUbIvxaJiQnbugTMmH,commoncrawl,2001,0.461426,0.555963,0.637318,True,0.648161,0.878158,0.24084,0.696202
BkiUdO85qWTA8JC6SEWJ,arxiv,3639,0.55537,0.615054,0.492686,False,0.624088,0.908795,0.416108,0.606212
BkiUc_LxK7kjXIK5rXzh,commoncrawl,382,0.32464,0.416288,0.673215,True,0.659335,0.78401,0.110795,0.522217
BkiUdK85qoaAwtECZMnC,commoncrawl,258,0.495027,0.569535,0.422486,False,0.713751,0.743662,0.321176,0.616904
BkiUfWM5qdmC6x7UQclY,commoncrawl,494,0.494766,0.57913,0.537882,False,0.693907,0.835797,0.297915,0.650637
BkiUfLc5qhDChOLpqhJZ,commoncrawl,555,0.454602,0.555159,0.678395,True,0.702019,0.898363,0.219968,0.683804
BkiUd8G6NNjgBtyggHIc,c4,120,0.446852,0.527469,0.454446,False,0.640135,0.654792,0.258745,0.713192
BkiUdWM5qsFAfyQRZ3t_,commoncrawl,592,0.421538,0.523345,0.710073,True,0.650235,0.894063,0.18399,0.700015
BkiUdcM5qdmDNqo3kwtx,commoncrawl,567,0.526108,0.580069,0.301387,False,0.687841,0.701587,0.4002,0.586128
BkiUdME5qhDBblGOUk2n,github,35,0.452131,0.522572,0.547773,False,0.648717,0.287768,0.835541,0.477791
BkiUe8XxK7ICUt7cQ2mx,commoncrawl,282,0.431659,0.520733,0.518474,False,0.658061,0.742294,0.223819,0.671783
BkiUcvLxK5YsWR0KjKF-,commoncrawl,844,0.515494,0.572405,0.409318,False,0.625803,0.792019,0.382701,0.565811
BkiUdhM4dbghblPW5EiW,commoncrawl,420,0.423287,0.523205,0.63116,True,0.739339,0.821304,0.190143,0.647909
BkiUbus5qsJBjkzigc7K,c4,973,0.353132,0.437015,0.669488,True,0.661629,0.422584,0.157406,0.826894
BkiUd8A5qX_BukO5hvcS,commoncrawl,547,0.460523,0.537976,0.475007,False,0.741909,0.754808,0.2798,0.534222
BkiUdno4eIXh3noafltZ,c4,99,0.460711,0.5562,0.585819,True,0.717561,0.823723,0.237904,0.679844
BkiUbI85qhLACDi6Am4T,commoncrawl,1158,0.568656,0.625247,0.343129,False,0.735891,0.779741,0.436612,0.609918
BkiUdDI5qsFAf3AIADsb,github,28,0.399598,0.471465,0.445606,False,0.628583,0.231907,0.677514,0.499822
BkiUa5bxK7Dgs_cY3xwQ,stackexchange,380,0.532114,0.60206,0.469692,False,0.838598,0.651464,0.368906,0.651713
BkiUbKA4uzki0oIf_pB9,commoncrawl,782,0.488783,0.570497,0.537362,False,0.651667,0.835481,0.298119,0.652227
BkiUdhc5qdmC_bV0wphY,wikipedia,1528,0.496132,0.583461,0.572626,False,0.72575,0.864992,0.292366,0.630993
BkiUfInxK6wB9mn5A4a4,commoncrawl,2561,0.446938,0.534741,0.669952,True,0.585309,0.912016,0.242064,0.632132
BkiUd1W6NNjgBpvICBxB,c4,161,0.698773,0.737017,0.250281,False,0.859818,0.779048,0.609537,0.722639
BkiUeW04eIOjSEHJUnMJ,c4,62,0.534467,0.576026,0.274377,False,0.695018,0.437495,0.508549,0.711872
BkiUd5s4eIZjyr7dvmgG,commoncrawl,2415,0.523099,0.56166,0.239955,False,0.55866,0.610975,0.433125,0.67308
BkiUeeHxK4sA-7sDgTer,commoncrawl,787,0.571347,0.650431,0.472048,False,0.791885,0.858866,0.386818,0.680089
BkiUc8o25YjgKDfmRel3,c4,212,0.465712,0.556739,0.611232,True,0.633897,0.864547,0.253315,0.691403
BkiUczQ5qoYDgPtUqVLr,c4,570,0.54965,0.620873,0.443053,False,0.685745,0.826516,0.383463,0.683513
BkiUaO7xK3YB9raXxFq-,arxiv,6389,0.617735,0.676653,0.474355,False,0.769882,0.954616,0.480261,0.593807
BkiUdXbxK5YsWV5L30l7,wikipedia,721,0.449004,0.497213,0.334816,False,0.671331,0.5282,0.336516,0.512054
BkiUcwU5qoTAkOJ5A-Xh,github,1137,0.492482,0.536701,0.30336,False,0.692665,0.389305,0.544788,0.564697
BkiUdn7xaKPQonPpLknM,commoncrawl,6175,0.407409,0.503209,0.585717,True,0.629026,0.769594,0.183877,0.719071
BkiUfbY5qhDCKmWYNArP,github,39,0.396152,0.480551,0.554155,False,0.644705,0.19922,0.753376,0.550365
BkiUfy3xK0wg09lKE9e_,commoncrawl,861,0.574071,0.652952,0.526515,False,0.726189,0.91653,0.390015,0.700005
BkiUcqw5qhDBIcqDjwAq,commoncrawl,307,0.414354,0.503067,0.529974,False,0.650448,0.737331,0.207358,0.643185
BkiUdec5qsBDHTHZ3Ppi,commoncrawl,1294,0.490429,0.584515,0.515519,False,0.772914,0.786414,0.270895,0.70834
BkiUd0g5qWTBLkQDJK5r,github,8,0.381442,0.478309,0.750943,True,0.615526,0.155421,0.906364,0.60216
BkiUdPU5qoYA0D8lKjDS,commoncrawl,858,0.498272,0.588646,0.631119,True,0.689774,0.918517,0.287398,0.658899
BkiUcl_xK6Ot9Pm3uwfx,arxiv,9542,0.541144,0.593734,0.516432,False,0.555525,0.934867,0.418435,0.5717
BkiUezjxK6EuNCverIq7,wikipedia,26,0.368483,0.416259,0.446106,False,0.703113,0.257008,0.319617,0.519427
BkiUeCE4ubnhDOg0Xopc,c4,300,0.448976,0.544486,0.646918,True,0.623487,0.873036,0.226118,0.713217
BkiUeOo4ubnjorQ5sXCM,c4,447,0.440381,0.531957,0.529163,False,0.663847,0.703146,0.226702,0.755865
BkiUdi45qWTA9fx_AhTT,github,443,0.500935,0.544051,0.269334,False,0.603811,0.669665,0.400332,0.54115
BkiUdc04uBhjAAuFmXDW,commoncrawl,402,0.483887,0.580972,0.636278,True,0.723753,0.893633,0.257356,0.683788
BkiUdEA4uBhi07hH1h1D,commoncrawl,276,0.481913,0.54872,0.421759,False,0.586851,0.747788,0.326029,0.633384
BkiUdCQ5qsBC5lINcIir,arxiv,2747,0.62054,0.661206,0.401115,False,0.669263,0.926768,0.525654,0.586166
BkiUennxK6nrxjHzC2MS,commoncrawl,646,0.50822,0.59892,0.612902,True,0.703852,0.909489,0.296587,0.677247
BkiUd3U5qYVBgGxQ8TZ0,commoncrawl,326,0.513171,0.586105,0.403324,False,0.684764,0.672972,0.34299,0.746313
BkiUe3A5qhLBeyJsO7xb,c4,91,0.506737,0.594601,0.466207,False,0.751656,0.767929,0.301721,0.717282
BkiUcJHxK03BfNelWCBX,c4,1158,0.617328,0.692894,0.419619,False,0.832874,0.860627,0.441009,0.728999
BkiUdDU4dbgg2ozrHuJx,commoncrawl,345,0.476627,0.554705,0.415972,False,0.708859,0.710415,0.294443,0.63816
BkiUgOvxK7IDBrtwSOzI,commoncrawl,1001,0.483223,0.576508,0.653586,True,0.655258,0.919143,0.265557,0.690054
BkiUbtjxK7Ehm4qszQaf,commoncrawl,239,0.473885,0.554521,0.527605,False,0.665539,0.813339,0.285734,0.610918
BkiUd_44ubng9GOHWBRf,commoncrawl,507,0.577492,0.64873,0.47841,False,0.778121,0.889679,0.411269,0.621909
BkiUcQbxK1ThhAcYjhch,commoncrawl,1431,0.466298,0.567759,0.696297,True,0.733074,0.925852,0.229555,0.666094
BkiUdTI4eIZjv1U1EyZi,commoncrawl,923,0.518523,0.596659,0.553473,False,0.673296,0.889681,0.336208,0.629003
BkiUdZU5qWTD6faZ28Sc,commoncrawl,647,0.507169,0.549638,0.252302,False,0.562608,0.660376,0.408074,0.601888
BkiUdp45qoaAwrv3W4ls,commoncrawl,416,0.560091,0.623669,0.477197,False,0.632457,0.888938,0.411741,0.653403
BkiUazXxK6-gDyrT7H33,c4,461,0.543337,0.615267,0.509422,False,0.62495,0.884921,0.375499,0.689841
BkiUfcE25V5jMfEUKNBP,c4,139,0.474352,0.548164,0.429455,False,0.582528,0.731582,0.302126,0.700885
BkiUdhM4uBhjC0FRTSPV,commoncrawl,236,0.494489,0.535825,0.36748,False,0.765519,0.423003,0.398039,0.639357
BkiUdlE4uzlh5yvfB2Xq,c4,175,0.449722,0.520574,0.479373,False,0.707418,0.477615,0.2844,0.763773
BkiUdkfxK7IAAwXpsK-H,commoncrawl,1500,0.392285,0.46802,0.450796,False,0.666366,0.549018,0.215569,0.607734
BkiUdVw5qYVBihbKCdbJ,commoncrawl,473,0.542539,0.61125,0.402693,False,0.784906,0.617436,0.382213,0.753415
BkiUdxjxK7kjXMEc9mJD,commoncrawl,1601,0.454218,0.555193,0.642589,True,0.694104,0.861198,0.218608,0.726105
BkiUfSQ25V5jfOBX5ept,commoncrawl,275,0.396206,0.470277,0.513518,False,0.73689,0.577292,0.223372,0.514227
BkiUacXxK7kjXLSrC1JM,c4,190,0.31125,0.36983,0.563135,False,0.598869,0.174564,0.242075,0.737699
BkiUdtg5qdmB68TTCTio,c4,37,0.510941,0.57379,0.368189,False,0.616499,0.658732,0.364294,0.732483
BkiUeqs5qhDCHWDRFMpY,commoncrawl,899,0.499578,0.593182,0.639404,True,0.680426,0.920573,0.281169,0.702431
BkiUfujxK7FjYCv2UVtG,commoncrawl,781,0.519038,0.618371,0.623061,True,0.792609,0.910321,0.28726,0.704897
BkiUeIPxK6Ot9WA5iYmk,c4,316,0.539222,0.624832,0.473113,False,0.735692,0.812579,0.339466,0.750748
BkiUdbc4eIXhtAAvrOjo,wikipedia,949,0.662644,0.684765,0.252536,False,0.677801,0.863567,0.611031,0.614724
BkiUbKvxaKPQoqJ9_v2s,commoncrawl,391,0.585113,0.665538,0.498446,False,0.784417,0.8959,0.397455,0.702195
BkiUa9I4uzki04AfU2Q2,commoncrawl,1155,0.490138,0.531793,0.368638,False,0.761581,0.395402,0.392943,0.675674
BkiUbq7xaJJQnHaRwFy_,commoncrawl,518,0.521657,0.588139,0.525124,False,0.664224,0.891656,0.366532,0.550983
BkiUdTo4uzlgqFtGn8gn,commoncrawl,1594,0.534586,0.621228,0.536798,False,0.787709,0.869219,0.33242,0.65403
BkiUdfE5qsBC6bS3Pjx6,github,72,0.528077,0.552335,0.254269,False,0.725746,0.471477,0.516198,0.526875
BkiUdgrxaJiQn_InzD-4,commoncrawl,511,0.510077,0.59951,0.524815,False,0.707831,0.826213,0.301398,0.732404
BkiUc904eIXhpe8BPopL,c4,342,0.436201,0.53456,0.612833,True,0.65517,0.819532,0.206699,0.734675
BkiUeQc4eIOjSKyN-StM,commoncrawl,243,0.502421,0.544977,0.28332,False,0.686443,0.583932,0.403123,0.545817
BkiUdT04eIZjn9vgH6eU,c4,152,0.489237,0.587966,0.589166,True,0.748683,0.726449,0.25887,0.848036
BkiUf7PxK0wg09FXYcG5,c4,354,0.522564,0.613129,0.511662,False,0.738609,0.822907,0.311244,0.746591
BkiUaoU25V5hYDkHFVAR,c4,576,0.446683,0.511531,0.490055,False,0.664099,0.444144,0.29537,0.785425
BkiUb1w5jDKDyDF8v5T7,commoncrawl,1051,0.556258,0.643422,0.558807,False,0.748308,0.911683,0.352876,0.711606
BkiUevHxK7ICUmfb0a6P,c4,531,0.52091,0.616403,0.531688,False,0.76365,0.82978,0.298092,0.763754
BkiUfNHxK0iCl7DT9a97,commoncrawl,466,0.536734,0.629315,0.574763,False,0.794395,0.895477,0.320714,0.687079
BkiUfDQ5qhLBeyJsPHV8,github,56,0.423866,0.465081,0.377593,False,0.705291,0.374128,0.540858,0.327698
BkiUabDxK19JmhArA0yr,commoncrawl,652,0.578937,0.661967,0.511361,False,0.896561,0.845632,0.3852,0.657259
BkiUdlg5qg5A59MXHLiN,book,13010,0.367363,0.46884,0.646717,True,0.750663,0.777301,0.130583,0.632038
BkiUeWLxK1fBGwCLNzl7,github,424,0.374182,0.437303,0.419255,False,0.646154,0.226899,0.548714,0.454212
BkiUdhw5qhLAB45oJhTJ,github,60,0.61244,0.658578,0.415218,False,0.721621,0.504785,0.920003,0.561248
BkiUcoM25V5hegR8YFFA,commoncrawl,373,0.457251,0.552268,0.655743,True,0.644749,0.891288,0.235545,0.686478
BkiUdn04eIXgu5sT-TD7,stackexchange,208,0.566937,0.603862,0.334245,False,0.815024,0.640342,0.480779,0.529866
BkiUeN_xK1ThhAqzXmSR,commoncrawl,447,0.662995,0.709831,0.313179,False,0.847038,0.866891,0.553712,0.624341
BkiUd8g4uBhjDe9z1quI,commoncrawl,194,0.474617,0.534208,0.36753,False,0.601026,0.703101,0.335571,0.574125
BkiUbOg4uzlgqIdPisrL,wikipedia,48,0.456269,0.496876,0.347455,False,0.708974,0.511445,0.361519,0.464869
BkiUdFvxaJiQnQ_a0dZ_,c4,384,0.435967,0.516464,0.520333,False,0.580726,0.641928,0.248141,0.768474
BkiUdlE4uBhhxJ8CUjph,c4,523,0.470129,0.568633,0.601552,True,0.626454,0.824117,0.240288,0.841841
BkiUfBY5qhLBhZ3KGC6T,c4,51,0.349672,0.404672,0.448817,False,0.646232,0.279415,0.221339,0.670156
BkiUdmA4uzlhb-St4L1w,commoncrawl,263,0.496217,0.596326,0.610891,True,0.774999,0.873518,0.262628,0.710582
BkiUdrI5qoaAwqc6V2h-,commoncrawl,377,0.318228,0.366421,0.499279,False,0.705056,0.377338,0.205777,0.328941
BkiUdILxaKgTyeUb1rYC,commoncrawl,845,0.493457,0.574992,0.526492,False,0.671564,0.8297,0.303208,0.646616
BkiUb97xaL3SufhMnsKq,commoncrawl,482,0.520437,0.569168,0.275755,False,0.682485,0.637488,0.40673,0.59296
BkiUdL44ubngyA6kLC7i,commoncrawl,643,0.490993,0.579832,0.502153,False,0.703846,0.785854,0.283701,0.719817
BkiUbhE4uzqh-42_TKml,commoncrawl,1371,0.398953,0.500932,0.759574,True,0.63582,0.920575,0.161001,0.666598
BkiUdMk5qWTA_7kewxsQ,commoncrawl,7266,0.576979,0.681372,0.627717,True,0.908063,0.96111,0.333393,0.740326
BkiUcUbxK1ThhBMLfcnM,commoncrawl,211,0.620221,0.670318,0.349044,False,0.772365,0.852373,0.503328,0.609207
BkiUdbA5qoYA4xX7FvYd,wikipedia,59,0.509511,0.555438,0.274368,False,0.627899,0.676716,0.402348,0.556645
BkiUfr_xK1UJ-2RwYHSg,c4,206,0.536274,0.600819,0.330363,False,0.692497,0.716032,0.385669,0.681244
BkiUdVo4uzki0w_tkh3t,commoncrawl,101,0.451459,0.528319,0.546419,False,0.646054,0.818539,0.272119,0.541012
BkiUaVfxK1Thg98UdS1_,commoncrawl,1157,0.592559,0.648504,0.392843,False,0.721262,0.854864,0.462021,0.620768
BkiUgCQ5qhDC0uAdXigL,commoncrawl,1531,0.457802,0.540124,0.448162,False,0.713878,0.652213,0.265716,0.687418
BkiUdAc4eIXhwh1Bw3-b,commoncrawl,904,0.488116,0.563233,0.485399,False,0.798245,0.622009,0.312845,0.64755
BkiUc-85qoYAm1d-CxX0,c4,136,0.379938,0.432335,0.463788,False,0.635254,0.295544,0.257678,0.721466
BkiUdMk5qdmDDqr2GXPT,commoncrawl,3646,0.454805,0.563144,0.676056,True,0.778795,0.878069,0.202013,0.726831
BkiUdQc5qYVBQos0ILYV,commoncrawl,338,0.539134,0.615558,0.420274,False,0.781086,0.762127,0.360811,0.66821
BkiUfPI4uzkg3srlXgNx,commoncrawl,152,0.467416,0.541776,0.451355,False,0.745263,0.711276,0.293908,0.552678
BkiUf-3xK7FjYEB4YItD,commoncrawl,1508,0.45542,0.541515,0.488037,False,0.651523,0.742568,0.254531,0.697696
BkiUfxw5qhLB10-R4m1Z,arxiv,4618,0.60805,0.66928,0.479849,False,0.707722,0.945029,0.46518,0.644788
BkiUfQ85qhDChOLpqlst,github,55,0.420035,0.466806,0.322954,False,0.633855,0.310901,0.553429,0.435241
BkiUeQM4eIOjSBZee3md,c4,176,0.476885,0.546694,0.435875,False,0.749872,0.538783,0.313996,0.703794
BkiUc4w5qhDAClUdRSZm,commoncrawl,674,0.440321,0.524371,0.471853,False,0.653845,0.716059,0.244205,0.660669
BkiUdb_xaKgT9kwJM-si,c4,246,0.340647,0.402918,0.477486,False,0.6039,0.331592,0.195348,0.672834
BkiUdUc25V5i9my3-ZX2,commoncrawl,558,0.464107,0.543332,0.475292,False,0.616715,0.754539,0.279247,0.670228
BkiUdKHxaKgQJFc-iaq_,c4,67,0.528372,0.589994,0.363763,False,0.605576,0.695051,0.384587,0.74835
BkiUeivxK0wg09KOYRPJ,book,14954,0.376704,0.475831,0.686363,True,0.652071,0.83177,0.145407,0.64825
BkiUdnw4eIOjR5O2qlXz,book,8354,0.400245,0.502598,0.688358,True,0.769624,0.849778,0.16142,0.603002
BkiUeJ44eIOjRq_TyBWp,c4,638,0.1015,0.133187,0.551193,False,0.578756,0.0354535,0.0275634,0.536082
BkiUbZTxK6wB9k0iJ3gm,book,72157,0.319357,0.407164,0.792374,True,0.427911,0.906849,0.114475,0.616259
BkiUdyA4uBhi8u04powx,commoncrawl,2457,0.588983,0.66228,0.456251,False,0.784483,0.874207,0.417957,0.671002
BkiUbUI4c3aisKzQypEC,commoncrawl,716,0.569213,0.646727,0.526193,False,0.719226,0.914537,0.388344,0.684631
BkiUc9I25YjgKOMQwnHS,c4,54,0.552384,0.616011,0.358956,False,0.676037,0.691093,0.403921,0.762877
BkiUc744eIfiUWiFcs_J,c4,349,0.583164,0.655524,0.46405,False,0.725517,0.878376,0.414325,0.699154
BkiUa1a6NNjgB0Ssz5E3,commoncrawl,206,0.469454,0.558294,0.589724,True,0.661495,0.851884,0.262159,0.657068
BkiUeQjxK7IACwaaAkPk,arxiv,9146,0.532547,0.570009,0.496694,False,0.506609,0.941829,0.445135,0.496902
BkiUdr85qoTAqsduDDoa,stackexchange,188,0.535358,0.59518,0.323188,False,0.714076,0.718963,0.395774,0.617449
BkiUcLjxK7Ehm308pnwY,c4,224,0.343846,0.396788,0.484243,False,0.643168,0.247918,0.220317,0.70456
BkiUeCg5qsNCPfdFfNDM,c4,351,0.458876,0.555568,0.601252,True,0.653099,0.748516,0.23326,0.834511
BkiUeDQ4dbghZEB7Vbjv,commoncrawl,1094,0.381715,0.474624,0.675501,True,0.61518,0.840429,0.164927,0.593855
BkiUfQQ25V5jMetkVKHx,c4,675,0.474024,0.562874,0.583842,True,0.619121,0.850549,0.266707,0.714128
BkiUdJk4uBhiyG-89dIQ,c4,453,0.528093,0.627391,0.582032,True,0.72209,0.878428,0.296396,0.823503
BkiUdwXxK19JmejM952-,wikipedia,237,0.534807,0.586059,0.342542,False,0.629269,0.757759,0.415217,0.595731
BkiUdQk4ubnhAqznNcUG,commoncrawl,1361,0.462191,0.566643,0.702681,True,0.717696,0.921152,0.218471,0.712801
BkiUd_a6NNjgB0Ss21mJ,commoncrawl,312,0.426804,0.515327,0.501559,False,0.721811,0.683079,0.220252,0.648651
BkiUbXs5i7PA9L16ZyoA,stackexchange,84,0.464202,0.500593,0.478391,False,0.857682,0.379291,0.396616,0.486519
BkiUdWA241xg966rOyg1,c4,635,0.496257,0.592192,0.631959,True,0.661641,0.904367,0.272408,0.75386
BkiUbeI5qhLACD0Xw7LA,commoncrawl,638,0.543805,0.606962,0.469992,False,0.86643,0.568494,0.396438,0.694846
BkiUdoA5qdmDC8BJoFxy,c4,242,0.567839,0.64517,0.491945,False,0.708721,0.879346,0.387402,0.717396
BkiUaZ3xK7ICUyBuyMzn,commoncrawl,337,0.493712,0.571937,0.426472,False,0.722452,0.73766,0.311188,0.644889
BkiUc9PxK7ICUyBu0XXG,commoncrawl,442,0.421211,0.517594,0.69373,True,0.595259,0.890046,0.196317,0.688937
BkiUeDvxK1yAgXBVFjKs,commoncrawl,1580,0.563718,0.66281,0.6018,True,0.834393,0.934302,0.332501,0.744137
BkiUeCs5qsBB3WJXyNpU,commoncrawl,1383,0.546058,0.635301,0.590774,True,0.718752,0.9286,0.337826,0.722094
BkiUgujxK7IABLfxJoBs,commoncrawl,2440,0.459444,0.562016,0.720851,True,0.663797,0.940959,0.220108,0.724704
BkiUdpQ5qWTBE9PKwuaw,c4,728,0.528815,0.616727,0.590709,True,0.652215,0.914396,0.323687,0.74899
BkiUdP44ubng3m-N42U1,c4,133,0.431491,0.517574,0.483479,False,0.650901,0.714107,0.230628,0.668731
BkiUdMs5jDKDyKU9DH_U,c4,336,0.526779,0.615438,0.560958,False,0.720924,0.880864,0.319907,0.705781
BkiUdj_xK7IADTol1t-a,commoncrawl,1323,0.53063,0.621545,0.601848,True,0.751932,0.920344,0.318496,0.676705
BkiUgZrxK7IDM3wqhKLU,commoncrawl,226,0.618012,0.670305,0.325034,False,0.817416,0.821031,0.495997,0.606383
BkiUdfk4uzlh0_z-eORD,c4,490,0.392664,0.489857,0.564453,False,0.684473,0.692916,0.16588,0.730333
BkiUdK3xK1ThhAqzWkq0,c4,73,0.487154,0.542814,0.291027,False,0.648309,0.630796,0.357281,0.594046
BkiUbF85qhDACqRGQzsR,c4,83,0.493526,0.572825,0.470189,False,0.650053,0.689133,0.308493,0.778682
BkiUdfE4dbghMG6xpRyd,arxiv,7413,0.601627,0.660887,0.501119,False,0.754293,0.964472,0.463353,0.565804
BkiUc5k5qoYDgc3N6JUz,c4,39,0.496031,0.565665,0.397455,False,0.593981,0.731008,0.333553,0.706653
BkiUeGI4uBhjDhBB2Y2_,wikipedia,648,0.450193,0.530042,0.601174,True,0.606783,0.865052,0.263878,0.569398
BkiUfQY4uzlh_1001bUH,commoncrawl,313,0.398061,0.469402,0.397621,False,0.605119,0.629219,0.231598,0.55009
BkiUc9M4uBhivVgoi3Br,c4,260,0.548981,0.642422,0.538118,False,0.705034,0.86907,0.330952,0.839482
BkiUd3o4ubng_M3aRhiB,commoncrawl,296,0.529349,0.608102,0.537697,False,0.712021,0.883288,0.34559,0.628866
BkiUdm85qhLA6eZZnkA6,book,53783,0.359157,0.462502,0.807101,True,0.625721,0.925122,0.11802,0.667101
BkiUeIM4dbghUyoCIrno,c4,600,0.475407,0.567583,0.535472,False,0.795802,0.763705,0.260331,0.655356
BkiUba_xK6EuNBRhGjvj,commoncrawl,1539,0.493282,0.585626,0.594492,True,0.668463,0.872305,0.277813,0.725505
BkiUc2g5qhLA33KHLwE1,stackexchange,326,0.53036,0.565404,0.298094,False,0.746685,0.670569,0.448591,0.45491
BkiUbkk5qsNCPiNSnJXd,commoncrawl,242,0.476575,0.563226,0.533879,False,0.682791,0.808269,0.274391,0.664037
BkiUfm8241xiPYkWnwSt,commoncrawl,1825,0.521172,0.608757,0.609062,True,0.712576,0.925869,0.316807,0.656664
BkiUdf04eIXhtAAvrSVe,arxiv,6047,0.643564,0.678937,0.387462,False,0.654146,0.948487,0.561025,0.610354
BkiUaenxK7FjYEB4S2lH,commoncrawl,633,0.422947,0.512246,0.4884,False,0.655128,0.702984,0.214584,0.695838
BkiUdFE5qX_BqBVRGkSA,c4,61,0.457691,0.543103,0.463959,False,0.700558,0.664802,0.258397,0.722356
BkiUcV85qhLAB70I3xLk,commoncrawl,535,0.343828,0.413007,0.548124,False,0.655651,0.332456,0.18241,0.730534
BkiUbCQ25V5hd-428Y9T,arxiv,7971,0.539366,0.590841,0.490566,False,0.419258,0.909824,0.565499,0.564812
BkiUf6nxK0zjCobCRBP_,c4,257,0.420561,0.505463,0.569024,False,0.706528,0.524127,0.222457,0.791481
BkiUcw3xK4tBVhat3iP7,book,37025,0.320926,0.398691,0.619766,True,0.331524,0.759241,0.139475,0.717663
BkiUdn44eIZijkbdOKIT,commoncrawl,288,0.446344,0.538009,0.553758,False,0.786216,0.749158,0.232458,0.611251
BkiUduQ25V5jD6RgA1-B,commoncrawl,480,0.616576,0.6642,0.326179,False,0.718869,0.83163,0.505451,0.64401
BkiUdZfxaKPQounYEYe2,c4,402,0.432418,0.527941,0.541435,False,0.712526,0.69196,0.20953,0.750965
BkiUbWE4dbgj407o1HwE,c4,213,0.436389,0.514535,0.443455,False,0.619315,0.638188,0.254049,0.697504
BkiUbCc5qoTDt1xDZJ8a,c4,253,0.459265,0.56167,0.650833,True,0.693317,0.871154,0.220321,0.746899
BkiUfOg25V5jOxNYlque,commoncrawl,375,0.411044,0.491911,0.444917,False,0.635569,0.620277,0.222353,0.66727
BkiUdTI25V5hcJY58dis,c4,575,0.583913,0.639699,0.341799,False,0.672023,0.795546,0.453747,0.690201
BkiUbok5qsMAIvuccdmN,commoncrawl,337,0.581539,0.646755,0.389213,False,0.775943,0.818579,0.429366,0.64143
BkiUfZzxK7IAGcV43fvx,commoncrawl,1006,0.438254,0.530788,0.49692,False,0.703028,0.705154,0.222343,0.719263
BkiUdHY5qhLA33KHL_Lc,c4,642,0.490211,0.558922,0.410853,False,0.673089,0.593104,0.329886,0.740739
BkiUe666NNjgBvv4QbWv,wikipedia,154,0.445696,0.522828,0.506988,False,0.772711,0.623188,0.265723,0.583523
BkiUdLg4eIZjjLi4TyiY,c4,33,0.479572,0.547841,0.382248,False,0.631487,0.633711,0.320277,0.702525
BkiUdbnxaJJQnJA_XVEv,book,96514,0.287769,0.363509,0.614079,True,0.467296,0.725122,0.111043,0.462362
BkiUd6XxK7kjXLlzcutY,c4,376,0.392254,0.492043,0.639067,True,0.684978,0.798478,0.159411,0.670722
BkiUcY7xK5YsWPOofRmE,commoncrawl,752,0.40303,0.483661,0.438524,False,0.653413,0.606133,0.214889,0.642261
BkiUd2c5qhLBWY0XuwD8,c4,329,0.435945,0.529258,0.607282,True,0.601594,0.825495,0.218213,0.723134
BkiUdnY4dbghdUvawxL0,commoncrawl,432,0.468405,0.554068,0.500373,False,0.699643,0.768897,0.268524,0.651918
BkiUcqLxK1Thg9qFc5jn,c4,34,0.536709,0.577595,0.316557,False,0.715006,0.46533,0.441307,0.757865
BkiUcPjxK7Dgs_aST4ki,commoncrawl,3779,0.276379,0.341171,0.449006,False,0.552972,0.574204,0.125198,0.339888
BkiUd2g5qYVBc0citDHI,commoncrawl,213,0.415276,0.502627,0.513715,False,0.670151,0.725171,0.211456,0.62031
BkiUcTnxK6wB9jjDfNtQ,c4,172,0.520998,0.601335,0.514611,False,0.700159,0.848157,0.333546,0.659834
BkiUbAM4uzqh_FxekiHK,commoncrawl,704,0.532263,0.608983,0.475558,False,0.703474,0.828807,0.353249,0.667529
BkiUbuXxK6-gD5TlcI6v,c4,516,0.515105,0.606075,0.535635,False,0.697485,0.838478,0.302843,0.761348
BkiUd8rxK7IDBOV4sum7,commoncrawl,492,0.546261,0.628967,0.46124,False,0.751644,0.814519,0.353279,0.723275
BkiUeAHxK0fkXPSOqcaO,commoncrawl,473,0.502757,0.571516,0.426776,False,0.668771,0.769095,0.342319,0.605711
BkiUcUA5qsNCPV6YjoRh,commoncrawl,1162,0.460791,0.552282,0.664033,True,0.620637,0.911344,0.247311,0.66442
BkiUcQ7xK0wg09FXU0qy,commoncrawl,884,0.510401,0.598187,0.558869,False,0.68286,0.864435,0.305566,0.709435
BkiUaqa6NNjgB1scWBhL,wikipedia,654,0.46205,0.544366,0.627698,True,0.651967,0.897677,0.269979,0.555317
BkiUdLo4uBhhxQOlncjE,c4,807,0.358606,0.459412,0.607671,True,0.694224,0.708769,0.123393,0.731063
BkiUfsg25V5jX_qCeuPS,commoncrawl,308,0.413485,0.483933,0.425556,False,0.565833,0.576329,0.249104,0.674661
BkiUf6c5qhDCuPMnCeh5,commoncrawl,4769,0.597091,0.658226,0.452581,False,0.694746,0.907026,0.454445,0.655374
BkiUdwU4eIXgusHAGbYv,commoncrawl,8845,0.440873,0.548143,0.645146,True,0.796184,0.835723,0.190577,0.710635
BkiUdwq6NNjgBpvIB89H,stackexchange,250,0.606856,0.665554,0.350893,False,0.820785,0.792269,0.469892,0.642046
BkiUcwDxaKgTtE-RScEe,github,151,0.519965,0.554096,0.285444,False,0.616315,0.440324,0.725769,0.478527
BkiUbHo5qsJBjjDuqh1e,github,121,0.543544,0.58067,0.25411,False,0.704152,0.456917,0.711027,0.496899
BkiUeLLxaJJQnNCygfvv,c4,542,0.487831,0.565343,0.465546,False,0.727092,0.592142,0.306968,0.772514
BkiUaYHxK2li-LM1PPUI,commoncrawl,413,0.517377,0.58163,0.467716,False,0.574921,0.835168,0.367452,0.648431
BkiUdGA4uBhhxMaCiXG7,commoncrawl,2099,0.5772,0.615314,0.300838,False,0.789104,0.609016,0.488266,0.610842
BkiUeO04c3aisE1SRYq6,commoncrawl,1812,0.466506,0.566164,0.70599,True,0.62939,0.939963,0.233973,0.741392
BkiUbwHxaL3SugEfKWcE,stackexchange,104,0.524448,0.55996,0.254325,False,0.695911,0.501312,0.441586,0.638117
BkiUfBw5qhLBirRk274r,c4,116,0.445128,0.512107,0.446096,False,0.734938,0.514489,0.288842,0.629392
BkiUbsDxK3YB9raXyopf,commoncrawl,539,0.47138,0.559156,0.551534,False,0.670882,0.818101,0.266568,0.667608
BkiUeGA5qU2Ap3mnj9-D,commoncrawl,373,0.425455,0.532,0.631857,True,0.702557,0.808708,0.176851,0.795571
BkiUdsY5qoaAwrv3W7Mx,stackexchange,275,0.585665,0.616043,0.270077,False,0.601436,0.784861,0.514784,0.592658
BkiUdiHxK4tBVhvvshbM,commoncrawl,658,0.547782,0.605634,0.393703,False,0.635253,0.806499,0.412796,0.636011
BkiUbKPxaJiQnbugTODI,commoncrawl,551,0.54687,0.597809,0.317287,False,0.745298,0.637922,0.428011,0.627527
BkiUffc5qhDC0V1enP5r,c4,59,0.436084,0.505534,0.401574,False,0.574826,0.613359,0.274033,0.675607
BkiUbRo4uBhhxMDmQ6EQ,wikipedia,24,0.512841,0.547175,0.320586,False,0.753315,0.432729,0.44121,0.623135
BkiUd504ubnjorQ5r-d9,arxiv,1671,0.650404,0.707259,0.408846,False,0.821268,0.92659,0.517744,0.634985
BkiUdwq6NNjgB0Ss2l_M,commoncrawl,1418,0.567459,0.665892,0.595894,True,0.866535,0.933677,0.337783,0.719032
BkiUdV45qhDBPdB3YkME,commoncrawl,846,0.484037,0.576176,0.650304,True,0.694617,0.919349,0.269045,0.640912
BkiUgODxK1UJ-rWoLp9f,commoncrawl,395,0.367274,0.463895,0.587697,True,0.727403,0.729522,0.141825,0.613624
BkiUc17xaKgTtE-RSjNT,commoncrawl,2373,0.607795,0.647961,0.426721,False,0.623639,0.940795,0.514074,0.584353
BkiUeOA4eIOjR3O4dcAe,c4,68,0.525339,0.608354,0.487754,False,0.681506,0.819394,0.33164,0.739243
BkiUdK05qdmDBjMqd5s1,commoncrawl,416,0.523572,0.615179,0.517234,False,0.827056,0.791087,0.309822,0.706106
BkiUbWw5qoaAwmbq1nzz,c4,52,0.536629,0.608419,0.439674,False,0.598939,0.808792,0.369118,0.766084
BkiUbejxK6Ot9WA5f6ip,c4,324,0.509885,0.596703,0.506645,False,0.654076,0.813956,0.307311,0.774399
BkiUdQU241xg-Ma3xVPq,commoncrawl,479,0.384053,0.45909,0.437211,False,0.626502,0.524507,0.208968,0.646179
BkiUbXA4ukPiEPtYORI_,commoncrawl,606,0.45494,0.54972,0.597015,True,0.661812,0.830802,0.233788,0.709619
BkiUesfxK7IAHO1E07pY,commoncrawl,818,0.526328,0.627718,0.621846,True,0.846164,0.911597,0.289751,0.694115
BkiUfSPxK3YB9ohkO9DG,c4,254,0.312942,0.374154,0.587347,True,0.757461,0.210457,0.170114,0.720772
BkiUbsnxK1yAgYaM1Ba4,commoncrawl,1454,0.281765,0.345075,0.46898,False,0.603023,0.312309,0.134043,0.560283
BkiUdxM4uBhi_K2XL4nL,stackexchange,102,0.512929,0.529561,0.169128,False,0.64325,0.481971,0.534993,0.474122
BkiUbiHxK1fBGsWmt3AV,commoncrawl,1116,0.490155,0.59138,0.661006,True,0.715418,0.914971,0.253965,0.73499
BkiUdS_xK1fBGsWmviz3,commoncrawl,1480,0.560968,0.638773,0.522648,False,0.679552,0.90207,0.379422,0.715567
BkiUd0c4dbjiVCOrAlxx,c4,175,0.433869,0.518508,0.483954,False,0.698108,0.607475,0.23638,0.720334
BkiUcFvxK5YsWV5L25lJ,c4,101,0.501144,0.567395,0.355685,False,0.702242,0.68495,0.346557,0.621557
BkiUaRrxK0zjCrsN9CM3,commoncrawl,5992,0.576775,0.646828,0.449616,False,0.779044,0.862932,0.413316,0.629824
BkiUbJc4uzki0sdMstcE,arxiv,1618,0.64102,0.691444,0.400539,False,0.810848,0.923901,0.523362,0.582899
BkiUd0vxK4tBVhvvswjc,commoncrawl,445,0.531307,0.596478,0.358574,False,0.720095,0.737817,0.379243,0.628066
BkiUfpjxK7IDOE3otDYE,commoncrawl,682,0.495673,0.569255,0.53514,False,0.612713,0.859122,0.323982,0.615443
BkiUfVvxaKgQZYloKm0s,c4,173,0.447454,0.533356,0.512119,False,0.592457,0.727729,0.247015,0.759134
BkiUbxfxK6wB9lIs7mzU,c4,42,0.510451,0.589487,0.414058,False,0.740091,0.725133,0.326033,0.689817
BkiUdxU5qX_BnPKL8taM,c4,611,0.490492,0.578399,0.606913,True,0.61205,0.892289,0.285375,0.7176
BkiUdJE5qYVBND0w3_xs,c4,94,0.492969,0.579556,0.537671,False,0.625031,0.828602,0.290931,0.748257
BkiUenY5qhLBcdv_WuQC,c4,1361,0.546929,0.623451,0.467918,False,0.677781,0.836297,0.368378,0.723292
BkiUd6s4dbghbE-_nE2I,wikipedia,274,0.407466,0.48783,0.574293,False,0.624984,0.794244,0.219951,0.518124
BkiUftM5qhDCUnl_etXG,c4,2090,0.573914,0.657981,0.461824,False,0.793667,0.839583,0.377759,0.744355
BkiUchvxK7FjYAb_6YRd,c4,1336,0.52075,0.621984,0.550877,False,0.829272,0.835416,0.284538,0.758627
BkiUfnbxK3xgpZzQpmhL,c4,981,0.644805,0.7117,0.414683,False,0.821482,0.903401,0.488718,0.707263
BkiUdsY5qoTBAkU3VJML,commoncrawl,1755,0.452651,0.561826,0.729375,True,0.736676,0.927286,0.197911,0.735698
BkiUdV05qhLA7iWj6z5U,commoncrawl,1359,0.518969,0.606678,0.556281,False,0.752548,0.870595,0.314314,0.657452
BkiUao3xK4sA-7sDcwTf,commoncrawl,1251,0.507684,0.586048,0.443068,False,0.767903,0.761805,0.324835,0.620459
BkiUdcs25V5is4Ho6OC0,commoncrawl,548,0.420902,0.516697,0.628433,True,0.657364,0.825813,0.19738,0.664164
BkiUc6E5qsNCPep76MiO,commoncrawl,2912,0.568083,0.645225,0.474709,False,0.862795,0.785198,0.388086,0.659005
BkiUdzQ5qoYDgaG4Ri0z,commoncrawl,3350,0.629093,0.706875,0.485946,False,0.838996,0.93355,0.447604,0.711988
BkiUdhk4uzqh_NPd3B48,c4,146,0.521866,0.596461,0.383549,False,0.688857,0.731359,0.34781,0.722048
BkiUbA3xK6mkyCfOAGwY,commoncrawl,344,0.437848,0.524272,0.580188,True,0.651788,0.816381,0.236192,0.600505
BkiUeMI4dbghfNG-eMPw,commoncrawl,1627,0.570096,0.645443,0.51918,False,0.720128,0.913467,0.394287,0.668928
BkiUbUDxK4tBVhvvqbKF,c4,92,0.497251,0.576008,0.517929,False,0.544831,0.831414,0.313485,0.774764
BkiUbprxK0wg05VB52VE,c4,84,0.528346,0.611292,0.492503,False,0.711413,0.82731,0.334807,0.708281
BkiUc4w4uBhivVgoiyeC,c4,67,0.443617,0.49234,0.487824,False,0.548316,0.396992,0.32993,0.817754
BkiUeYQ4eIOjR7R13KzF,arxiv,2114,0.577398,0.627234,0.458364,False,0.72293,0.919478,0.461114,0.504856
BkiUeDXxK6Ot9V_E4rlE,commoncrawl,2359,0.571777,0.639422,0.478089,False,0.661084,0.892026,0.413937,0.684657
BkiUch3xK3xgpZzQnvve,github,131,0.572168,0.585377,0.101866,False,0.621438,0.542627,0.643215,0.541349
BkiUf7fxK7kjXIdHBRsW,commoncrawl,210,0.520928,0.604313,0.53807,False,0.683245,0.864431,0.326361,0.691546
BkiUdQU4eIZjhIQolh9i,commoncrawl,380,0.56022,0.634993,0.497553,False,0.80869,0.883304,0.385752,0.58982
BkiUaz3xK7kjXIdG8Yai,commoncrawl,612,0.510066,0.59963,0.543288,False,0.768597,0.844371,0.301083,0.6612
BkiUbdTxK0zjCxh71qdf,commoncrawl,515,0.492791,0.578767,0.516345,False,0.65764,0.808525,0.29218,0.721771
BkiUc9zxK0wg05VB7DhY,c4,2130,0.355666,0.435351,0.568316,False,0.730272,0.391892,0.169733,0.738049
BkiUdrg4eIOjRvCHtHDc,commoncrawl,486,0.49801,0.57915,0.520456,False,0.623739,0.829139,0.308684,0.704335
BkiUbpnxK0zjCxh712ob,wikipedia,300,0.559729,0.605821,0.42575,False,0.622183,0.877932,0.452182,0.54526
BkiUdg45qoTA-AMJss5O,c4,408,0.427749,0.524431,0.686487,True,0.579991,0.888644,0.202157,0.724848
BkiUftg5qhDCisszkhIl,arxiv,5511,0.595943,0.652567,0.496087,False,0.69644,0.959905,0.463818,0.584721
BkiUaZvxK1yAgXBVCIrZ,commoncrawl,774,0.45509,0.520878,0.336776,False,0.618758,0.63836,0.301585,0.617673
BkiUbKjxaKgS2Kkr4EPi,commoncrawl,350,0.472355,0.564016,0.629579,True,0.644226,0.888057,0.258478,0.683698
BkiUdDA4ubngxbxwen25,commoncrawl,261,0.503318,0.560184,0.404658,False,0.775289,0.563374,0.370631,0.608143
BkiUdOw5qoYA189x-AR8,commoncrawl,372,0.507991,0.585814,0.503593,False,0.702397,0.829996,0.326403,0.618611
BkiUfNfxK0zjCsHecpjp,commoncrawl,366,0.44199,0.538377,0.655659,True,0.657059,0.872744,0.217085,0.673987
BkiUe945qhDCZ_S7eKnx,c4,219,0.495673,0.598602,0.597789,True,0.778297,0.853292,0.255504,0.755918
BkiUcy45qhLACGfB1HSw,c4,335,0.574833,0.660379,0.523904,False,0.763304,0.89913,0.375226,0.738233
BkiUafnxK1fBGsWms30y,wikipedia,256,0.442095,0.528734,0.520838,False,0.760776,0.734707,0.239938,0.582167
BkiUdJ05jDKDyKU9DE4H,commoncrawl,1068,0.559108,0.64388,0.529384,False,0.74896,0.890692,0.361308,0.712811
BkiUc7425V5ik2zA0Bew,c4,391,0.501602,0.580148,0.445345,False,0.72723,0.763672,0.318327,0.640458
BkiUdlg5qYVBTkzTnK5u,commoncrawl,471,0.474815,0.566634,0.617896,True,0.664352,0.878468,0.260572,0.677282
BkiUb6U25V5hYDkHGhJ5,c4,159,0.433337,0.519355,0.463208,False,0.675933,0.66427,0.232628,0.695836
BkiUeWzxK1yAgYaM3hhT,commoncrawl,1214,0.485396,0.574938,0.597944,True,0.639621,0.874409,0.276465,0.706102
BkiUbXDxK4tBVgEFTTk-,book,64975,0.274792,0.354189,0.841639,True,0.330906,0.931171,0.0895319,0.567234
BkiUdw45qsBB3WJXx2mE,commoncrawl,173,0.421207,0.488793,0.396177,False,0.659685,0.602044,0.263508,0.545094
BkiUdszxK6nrxrSHf12i,c4,158,0.452065,0.544136,0.605447,True,0.684399,0.84268,0.237233,0.640057
BkiUbF3xaJJQnKM6sKET,c4,962,0.484798,0.581919,0.52475,False,0.74655,0.782933,0.258183,0.759166
BkiUdfs5qdmC89dsdHxM,commoncrawl,625,0.503892,0.586992,0.525928,False,0.663137,0.835919,0.30999,0.690509
BkiUfb8241xiKkAO5o0W,commoncrawl,560,0.679338,0.732836,0.339938,False,0.856506,0.894448,0.55451,0.678873
BkiUdTU4uzqh_RadJQGl,c4,373,0.40477,0.499786,0.548956,False,0.676541,0.686991,0.183066,0.732022
BkiUdj45qsBB3ZsxcYVv,c4,66,0.486996,0.534759,0.30027,False,0.675819,0.494821,0.375549,0.651016
BkiUePU4eIOjRq_TyGUP,c4,247,0.453784,0.544004,0.505523,False,0.709578,0.748792,0.24327,0.676916
BkiUeRzxK6EuNCveqpx6,commoncrawl,1331,0.56866,0.628574,0.493629,False,0.682335,0.92249,0.42886,0.578155
BkiUcdvxK7FjYEB4UuO5,c4,29,0.220983,0.303127,0.666481,True,0.605627,0.0293132,0.666667,0.695794
BkiUfEDxK7Dgs_XTA5ki,commoncrawl,699,0.542819,0.641516,0.596428,True,0.755677,0.908956,0.312528,0.788458
BkiUdCXxK7Tt522WaOKC,c4,152,0.615143,0.682134,0.383338,False,0.748621,0.842171,0.458832,0.748318
BkiUdwA4ubng-JcX42Aq,commoncrawl,1249,0.473976,0.567622,0.677285,True,0.727084,0.932754,0.255469,0.598579
BkiUdIo5qX_BoWGV61pT,wikipedia,21,0.53901,0.579107,0.246345,False,0.691795,0.661314,0.445451,0.551827
BkiUcU_xK0zjCsHeZ7oJ,c4,66,0.515409,0.590024,0.472123,False,0.598091,0.813431,0.341308,0.72956
BkiUdqLxK6Ot9Pm3vvNe,arxiv,9772,0.580725,0.644769,0.516987,False,0.648968,0.948277,0.43129,0.651
BkiUeuzxK4sA-7sDgf-D,c4,217,0.553937,0.635833,0.436687,False,0.799533,0.796707,0.362845,0.706888
BkiUbTg5qsMAIw1alATD,wikipedia,32,0.268362,0.308097,0.429042,False,0.604688,0.278866,0.175646,0.303843
BkiUdEnxaJJQnMsbzisC,c4,289,0.443846,0.541571,0.652372,True,0.651111,0.868193,0.215821,0.704162
BkiUeH025V5ha7jY9gvm,c4,71,0.542609,0.616811,0.456642,False,0.683432,0.826114,0.369472,0.693657
BkiUe0XxK0wg0_75AOgu,commoncrawl,1474,0.543995,0.601839,0.31376,False,0.722787,0.688245,0.409027,0.644665
BkiUfMo25V5jP8O73aT8,c4,57,0.528831,0.605606,0.466674,False,0.578375,0.814324,0.349689,0.816363
BkiUbyc25V5hc_OxwwBZ,book,53974,0.191625,0.264759,0.876099,True,0.402431,0.897078,0.0209791,0.62541
BkiUcrPxK7kjXMEc8l_E,c4,192,0.504388,0.593937,0.57201,False,0.637782,0.867448,0.295439,0.760822
BkiUdTU25V5io-ocxqNf,commoncrawl,301,0.461852,0.55758,0.638004,True,0.670737,0.876492,0.238488,0.688627
BkiUe1DxK6-gDw5AwzzJ,commoncrawl,568,0.418123,0.509161,0.572696,False,0.608318,0.778398,0.205702,0.689051
BkiUdTU5qsBC6HyicWrG,c4,103,0.512362,0.578378,0.403101,False,0.595256,0.761425,0.358324,0.688816
BkiUfRo5qhLByVBy1eTi,c4,369,0.462794,0.570319,0.668097,True,0.774991,0.879999,0.211902,0.730988
BkiUf2zxK7Tt6CA5JoLT,stackexchange,1094,0.596349,0.643187,0.293381,False,0.76148,0.780441,0.48706,0.591175
BkiUda04eILhQCVbeWE9,commoncrawl,788,0.508154,0.591933,0.488761,False,0.716041,0.801433,0.312672,0.683846
BkiUdfw4uBhjCUQN8KM9,github,115,0.467769,0.536629,0.458159,False,0.714402,0.307096,0.765255,0.493676
BkiUda85qrqCyq8KqJTe,commoncrawl,325,0.441726,0.524943,0.510852,False,0.689918,0.758406,0.247554,0.585723
BkiUfcY241xiNk_AYyv-,commoncrawl,1447,0.523877,0.56758,0.448825,False,0.870726,0.426086,0.421902,0.662793
BkiUfnI5qhDCaySU-Ecw,commoncrawl,532,0.474989,0.549385,0.407296,False,0.708695,0.643718,0.301399,0.662199
BkiUfk3xK02iP15vhhYY,commoncrawl,458,0.442548,0.528414,0.582733,True,0.586503,0.824927,0.242194,0.664696
BkiUc8E25V5ha7jY8uB5,c4,468,0.443975,0.511167,0.466719,False,0.706496,0.446031,0.287195,0.753914
BkiUdWI5qdmDGzKHb9Ij,commoncrawl,6278,0.617504,0.677124,0.486432,False,0.737958,0.964822,0.47839,0.617059
BkiUe37xK1yAgXBVGV4L,c4,2278,0.474117,0.57974,0.711682,True,0.735873,0.939345,0.227664,0.716875
BkiUd0M241xg-Kf-9UR3,wikipedia,93,0.641767,0.653031,0.0799736,False,0.673577,0.695459,0.630748,0.615485
BkiUfmHxK0wg09lKEvjQ,commoncrawl,528,0.426643,0.519412,0.621978,True,0.638502,0.832158,0.210181,0.650878
BkiUcrrxK4tBVgEFUknp,commoncrawl,8090,0.551049,0.639708,0.622454,True,0.696448,0.966632,0.344178,0.722397
BkiUduI4dbghMG6xpecg,commoncrawl,625,0.445172,0.503872,0.420987,False,0.729193,0.488303,0.308206,0.587111
BkiUdfU5qWTBE9PKwlvp,commoncrawl,625,0.460706,0.541321,0.475116,False,0.641461,0.74772,0.272603,0.656261
BkiUdUY4ukPiEekASd72,commoncrawl,527,0.494521,0.575227,0.522719,False,0.665121,0.828926,0.306207,0.648157
BkiUfPQ5qhLB24oEzEey,commoncrawl,862,0.499527,0.585275,0.483846,False,0.710579,0.783296,0.29945,0.703578
BkiUbfs5qoYDgPtUptyC,commoncrawl,658,0.425192,0.52351,0.6522,True,0.677848,0.847984,0.195784,0.666349
BkiUfnA5qhDCgmFdhbK_,c4,36,0.466579,0.525997,0.404272,False,0.732207,0.510269,0.327935,0.624528
BkiUb-PxK6nrxjHzAUxq,wikipedia,79,0.369012,0.417326,0.346056,False,0.602336,0.50146,0.25628,0.391638
BkiUe57xK7Tt6CA5IrZx,commoncrawl,176,0.53705,0.617041,0.499344,False,0.736098,0.84975,0.350406,0.661112
BkiUe8g5qsFCgpxUVXnP,commoncrawl,734,0.532365,0.595661,0.390287,False,0.673427,0.77496,0.384673,0.626939
BkiUdrA4ubnhDVw621h7,c4,120,0.482416,0.544593,0.376839,False,0.71205,0.512565,0.337335,0.714174
BkiUgPrxK0fkXPSOr6kR,commoncrawl,210,0.498812,0.528629,0.229613,False,0.658853,0.42924,0.434073,0.636042
BkiUcw0241xiEnW_4N6b,github,57,0.478963,0.517027,0.322963,False,0.713108,0.390146,0.611245,0.420098
BkiUdVk5qoYAzjhRyeRZ,commoncrawl,336,0.469288,0.55359,0.553134,False,0.713796,0.825716,0.272582,0.584142
BkiUcu7xaKPQoka4Ry9n,commoncrawl,1806,0.448334,0.551588,0.665189,True,0.723472,0.872599,0.20741,0.70589
BkiUbeo4uBhhxE6LxeYH,commoncrawl,370,0.535719,0.609294,0.441433,False,0.805478,0.688975,0.364045,0.681941
BkiUdVg4eIXhvb74PaGu,commoncrawl,201,0.474264,0.568202,0.608058,True,0.678308,0.863133,0.255075,0.697311
BkiUePPxK7Ehm4VQwDFE,c4,287,0.433053,0.523725,0.558594,False,0.70396,0.617818,0.221487,0.78008
BkiUcMPxK1ThhCdy7akx,commoncrawl,771,0.559736,0.632914,0.466321,False,0.706141,0.85531,0.388989,0.682804
BkiUdgo5qoYDgbkp4TIE,commoncrawl,321,0.465091,0.567471,0.659514,True,0.68007,0.885719,0.226206,0.760088
BkiUfbs5qhLBzMvmWGWJ,commoncrawl,1388,0.481254,0.564433,0.545517,False,0.684941,0.832687,0.28717,0.619279
BkiUbZ85qX_AYyuLNUkp,c4,625,0.400187,0.505113,0.733078,True,0.662922,0.88844,0.155362,0.7096
BkiUfEDxK0fkXQzmM3Z1,commoncrawl,417,0.419901,0.508435,0.512266,False,0.67024,0.72559,0.213324,0.643342
BkiUflXxK4sA-9F9mtXI,c4,668,0.437076,0.522818,0.499369,False,0.631216,0.67753,0.237011,0.73638
BkiUfo7xK4tBVhat6SyT,arxiv,1911,0.617116,0.67429,0.443151,False,0.775418,0.926862,0.483711,0.594524
BkiUdWM5qWTA8xMZTs4W,c4,356,0.470996,0.569293,0.567358,False,0.743553,0.808995,0.241637,0.721865
BkiUa5I5qhDACtS7fNVV,arxiv,6458,0.611487,0.678616,0.487982,False,0.788266,0.942836,0.454854,0.627215
BkiUcKfxK7Dgs_XS-8aA,commoncrawl,216,0.462215,0.499459,0.313006,False,0.688318,0.42965,0.375312,0.560541
BkiUaNfxK0iCl4YJk_52,github,79,0.468457,0.550258,0.572078,False,0.672352,0.277589,0.849668,0.577698
BkiUfafxK03BfHDu5qvx,c4,108,0.503272,0.574188,0.419727,False,0.597025,0.711202,0.337801,0.757529
BkiUfVjxK6EuNBRhKNNg,commoncrawl,794,0.511932,0.604637,0.621794,True,0.731288,0.917414,0.29562,0.673418
BkiUdSg5qoYAlWqzxr5v,commoncrawl,2087,0.465318,0.566615,0.650931,True,0.720992,0.879891,0.22896,0.708754
BkiUfuQ5qhLBxoxlCDXg,c4,591,0.581986,0.656032,0.445104,False,0.71361,0.854315,0.409211,0.742263
BkiUeUg4eIOjSc7LVB7j,c4,136,0.490867,0.56008,0.408438,False,0.604434,0.669651,0.329372,0.737809
BkiUfmQ5qhLBrnqN0lcr,commoncrawl,4678,0.505933,0.539547,0.300714,False,0.610371,0.427501,0.445911,0.728215
BkiUeSDxK02iP5rWLKj9,commoncrawl,321,0.489156,0.557585,0.354319,False,0.629173,0.681609,0.329489,0.683808
BkiUaonxK0iCl4WD2CVP,c4,242,0.429523,0.504757,0.491826,False,0.64389,0.531819,0.253975,0.745801
BkiUdE825V5ikWNAG75I,github,38,0.356201,0.447948,0.646254,True,0.631217,0.142126,0.78838,0.567739
BkiUdkI5qsMAI6JFtdYF,commoncrawl,838,0.440627,0.518006,0.441965,False,0.702042,0.591344,0.260077,0.666368
BkiUdlk5qoYA4vSM3Axi,commoncrawl,1020,0.605048,0.667665,0.392197,False,0.80352,0.851136,0.458939,0.633
BkiUdaI25V5instYDwi8,c4,379,0.469466,0.519599,0.439404,False,0.62466,0.417874,0.352489,0.791893
BkiUeTzxK6mkyCfODSv-,arxiv,6774,0.617201,0.671885,0.480972,False,0.724948,0.970577,0.489605,0.591445
BkiUfUPxK6Ot9V_E55PR,commoncrawl,2188,0.443855,0.51746,0.512796,False,0.784906,0.477371,0.272111,0.702696
BkiUdlHxaJJQnMJkYPHx,commoncrawl,3167,0.441026,0.542065,0.74659,True,0.62644,0.951859,0.205269,0.704298
BkiUeG04eIOjRtI4aTG9,commoncrawl,1497,0.36982,0.427392,0.435844,False,0.67133,0.351575,0.235486,0.599794
BkiUae_xK6-gDw5AsuRr,commoncrawl,445,0.439221,0.537371,0.599538,True,0.695864,0.809741,0.210203,0.70304
BkiUd184eIOjR5O2q1iv,commoncrawl,1317,0.379064,0.471927,0.6167,True,0.665528,0.779082,0.162381,0.587868
BkiUdpg5qWTBCi0lzyDu,arxiv,15514,0.500696,0.558536,0.534593,False,0.365735,0.900328,0.486328,0.607495
BkiUc5o5qYVBSqkygjXF,c4,266,0.455508,0.546823,0.631042,True,0.614755,0.873482,0.24244,0.686084
BkiUearxK6wB9jjDhPeP,commoncrawl,525,0.460888,0.555878,0.597339,True,0.66759,0.836583,0.239244,0.713827
BkiUdIA5qhLA33KHL_fI,c4,183,0.475572,0.545509,0.443404,False,0.638694,0.586979,0.312386,0.75579
BkiUdi44eIOjSEHJT7kQ,c4,1083,0.388098,0.437143,0.472012,False,0.57714,0.309817,0.273661,0.745673
BkiUfr4241xiO5MUMNjl,arxiv,7609,0.590004,0.654177,0.509131,False,0.700746,0.949399,0.440268,0.625103
BkiUbNbxK6nrxq6Dln2R,commoncrawl,831,0.565922,0.651618,0.551358,False,0.770062,0.917325,0.365967,0.697109
BkiUdDPxK1fBGwCLMfV-,commoncrawl,1197,0.561507,0.61376,0.403069,False,0.842652,0.742689,0.439583,0.515703
BkiUe5o5qhDCYT-7hKwo,commoncrawl,744,0.501135,0.582862,0.546902,False,0.60827,0.857339,0.310437,0.712514
BkiUdVs5qX_AYwyj8NyE,c4,934,0.395089,0.49332,0.649643,True,0.601673,0.726067,0.165882,0.815524
BkiUdes5qsBDCrvnOCgL,c4,1013,0.448077,0.534533,0.474694,False,0.721039,0.671386,0.246345,0.683959
BkiUdJ3xK6EuNBRhIG5w,commoncrawl,2156,0.340444,0.446631,0.770224,True,0.715052,0.862898,0.0926747,0.691868
BkiUdn05qhDACwYJXXac,arxiv,1375,0.618085,0.679066,0.399506,False,0.839359,0.875303,0.475797,0.608187
BkiUcv_xK0wg09FXVPq4,arxiv,3965,0.591623,0.6327,0.447829,False,0.620332,0.943606,0.495777,0.552095
BkiUdeE5qoTArwHy4XhP,commoncrawl,352,0.50273,0.562741,0.336581,False,0.658101,0.699284,0.362703,0.600654
BkiUdrjxaKgS2Q1DVhm8,commoncrawl,932,0.498991,0.595315,0.581971,True,0.782927,0.856204,0.274233,0.682665
BkiUex3xaKgQRkwUl44f,commoncrawl,5532,0.326984,0.414415,0.622966,True,0.574696,0.745945,0.122979,0.557594
BkiUd1M241xg-MOC_nOd,commoncrawl,192,0.455479,0.537665,0.589137,True,0.616596,0.852848,0.263711,0.602141
BkiUdxA4c3aisMlrHFut,commoncrawl,618,0.655335,0.685918,0.239216,False,0.780929,0.823192,0.589588,0.583976
BkiUgPjxK6EuNBRhLHLI,c4,40,0.467621,0.523872,0.436051,False,0.541574,0.535084,0.336369,0.77242
BkiUa7fxK7ICUuXejFkB,commoncrawl,283,0.571788,0.643185,0.465816,False,0.704368,0.87101,0.405194,0.688244
BkiUdF_xK3YB9m8SW784,c4,45,0.514234,0.582075,0.393289,False,0.644512,0.667663,0.355939,0.749228
BkiUdwDxK7IACwaaAYXT,c4,84,0.472869,0.557185,0.543843,False,0.665843,0.819974,0.276131,0.638848
BkiUgSTxK6EuNCwyyNI0,c4,151,0.496154,0.575177,0.524095,False,0.630902,0.665341,0.311768,0.835864
BkiUdQXxaJJQnMJkX2Ut,commoncrawl,3091,0.432213,0.537207,0.69615,True,0.687876,0.883376,0.187226,0.73071
BkiUda04ubngxaggwjHM,arxiv,3531,0.603785,0.660302,0.455514,False,0.723137,0.927426,0.471913,0.600522
BkiUdlc4ubng-qmPCvNg,commoncrawl,370,0.555261,0.619265,0.469019,False,0.70588,0.874936,0.405918,0.586467
BkiUdjk5qoTArwHy4dEb,commoncrawl,1338,0.501237,0.593065,0.5856,True,0.729122,0.87257,0.28697,0.677102
BkiUdKHxK7FjYHGHz8JR,c4,99,0.387758,0.454957,0.442913,False,0.614671,0.447444,0.230961,0.673874
BkiUeYnxK2li-HhsAWOq,commoncrawl,1379,0.405766,0.48796,0.471262,False,0.685241,0.620735,0.213979,0.622183
BkiUdow5qg5A6DwoMq02,commoncrawl,1694,0.533278,0.578937,0.376519,False,0.565493,0.80326,0.426742,0.579431
BkiUdQc5qoYAlE7mUnQ6,stackexchange,121,0.635989,0.687219,0.384615,False,0.901068,0.807154,0.593707,0.516453
BkiUfgLxK7FjYEXSHDO5,commoncrawl,816,0.451871,0.542443,0.498637,False,0.73436,0.739172,0.240535,0.662443
BkiUbPPxK3xgpbERBhPw,c4,151,0.594275,0.650023,0.388292,False,0.630924,0.852487,0.464195,0.714959
BkiUfvXxK7kjXIdHBEhR,commoncrawl,420,0.432521,0.519458,0.540483,False,0.618377,0.770152,0.229669,0.664975
BkiUdUE4ukPiEPTamNG8,c4,64,0.522655,0.607838,0.488833,False,0.671788,0.812727,0.323894,0.771516
BkiUf8bxK7IAEeGRgb91,arxiv,4442,0.563542,0.631921,0.526635,False,0.724096,0.930625,0.40399,0.585565
BkiUd5Y4eIOjSKE2u1FJ,commoncrawl,1121,0.579198,0.675831,0.565275,False,0.917788,0.918996,0.353721,0.698895
BkiUdh45qsBB3KByX0eS,github,29,0.320844,0.397479,0.51689,False,0.658919,0.142029,0.53226,0.499917
BkiUdq05qWTBGBH18cJR,commoncrawl,294,0.553991,0.61773,0.414983,False,0.68411,0.820249,0.405266,0.640149
BkiUdWw5qsBDH_zJ9pPM,c4,65,0.535633,0.571059,0.271719,False,0.650268,0.498139,0.452973,0.724692
BkiUdY3xK7FjYHGH0LC9,c4,584,0.522395,0.58246,0.407909,False,0.790154,0.53827,0.382245,0.707762
BkiUbgvxK1fBGsWmt1oJ,commoncrawl,829,0.473605,0.56262,0.57151,False,0.768244,0.837415,0.265905,0.585224
BkiUdP3xK3YB9i3RK-XE,arxiv,4355,0.629607,0.682087,0.446464,False,0.830408,0.953618,0.507154,0.538838
BkiUbn44uzki0sdMtK-K,c4,2092,0.461774,0.567797,0.718096,True,0.691203,0.932484,0.214387,0.751088
BkiUa8XxK6wB9mpb0Bux,commoncrawl,587,0.491893,0.574782,0.548689,False,0.711153,0.847174,0.298486,0.606574
BkiUcFLxK2li-DeXzEyN,c4,53,0.315442,0.388031,0.583933,True,0.73,0.410291,0.146068,0.517026
BkiUbT_xaL3Suhgbjp2A,github,57,0.275932,0.34519,0.549396,False,0.663725,0.114329,0.486173,0.38359
BkiUd2M5qsNCPfj-mhK0,c4,279,0.705616,0.744941,0.257365,False,0.852373,0.871224,0.613859,0.675511
BkiUa9o5qhDACkNVy__2,c4,304,0.473133,0.552127,0.452726,False,0.676395,0.74154,0.288815,0.641122
BkiUcqu6NNjgBpvIA9d1,c4,631,0.390168,0.483434,0.566586,False,0.649226,0.658396,0.172547,0.739133
BkiUfP_xaKgQVeJrmyRJ,stackexchange,147,0.533922,0.582145,0.405928,False,0.827332,0.651606,0.505434,0.421404
BkiUb-vxK7kjXJwSPsb_,arxiv,9429,0.557661,0.607699,0.522601,False,0.675136,0.963507,0.440906,0.475365
BkiUcLzxK7Ehm9ic_kAI,github,12,0.369219,0.465645,0.772442,True,0.59375,0.144225,0.916667,0.597255
BkiUeVPxK6wB9jjDhJ2A,commoncrawl,1027,0.414115,0.514921,0.61012,True,0.640584,0.789022,0.178903,0.775965
BkiUa-85qsNCPdNDGN-1,commoncrawl,599,0.477191,0.561496,0.623235,True,0.600178,0.903713,0.280478,0.652911
BkiUdkg4eIXhyO7AEJDy,commoncrawl,2966,0.629497,0.691969,0.455317,False,0.717515,0.939045,0.483728,0.703326
BkiUdYA25V5i-i-xnYtE,github,18,0.332036,0.418862,0.496663,False,0.625702,0.129441,0.605195,0.626104
BkiUd5g5qdmDMTwvPwX8,c4,192,0.609425,0.623051,0.0726111,False,0.650245,0.624269,0.577633,0.642672
BkiUfJ3xK7kjXMEc--_j,commoncrawl,363,0.454722,0.5502,0.638033,True,0.72827,0.869975,0.231942,0.622871
BkiUcXHxK0iCl4YJnBZk,stackexchange,183,0.593105,0.625446,0.235902,False,0.753544,0.716901,0.547173,0.517643
BkiUd6s5qhLBWY0Xu0_N,commoncrawl,374,0.471511,0.558827,0.483348,False,0.751123,0.672479,0.267775,0.720462
BkiUa7c4uBhhxMDmQnY8,commoncrawl,278,0.430279,0.507079,0.440559,False,0.619598,0.691638,0.251079,0.613995
BkiUbwvxK6EuNCveoYP2,commoncrawl,454,0.529826,0.611865,0.495004,False,0.71532,0.833405,0.338401,0.694447
BkiUgA0241xiQRY-Tg2h,c4,481,0.414379,0.507807,0.561675,False,0.624286,0.758055,0.19638,0.714413
BkiUcJrxK7FjYCv2Q0Am,commoncrawl,1813,0.558829,0.613136,0.436828,False,0.560405,0.86894,0.432111,0.671502
BkiUbV44eIXgu113IRa4,commoncrawl,2332,0.523613,0.566702,0.260268,False,0.633547,0.563035,0.423072,0.683341
BkiUfEzxK1UJ-rRIBYox,c4,128,0.450686,0.501816,0.397928,False,0.68534,0.382663,0.331382,0.72931
BkiUbHM5qhDACp_JXk3z,c4,234,0.422085,0.505557,0.455864,False,0.635209,0.661523,0.227318,0.683182
BkiUbiPxK1yAgWt78wlT,commoncrawl,577,0.461784,0.519205,0.364773,False,0.692574,0.515868,0.327801,0.620288
BkiUgfLxK7IDPXIhosd1,commoncrawl,594,0.445166,0.537231,0.615108,True,0.636869,0.845455,0.230347,0.670857
BkiUbKrxK6wB9jjDeJ01,commoncrawl,1413,0.542329,0.576241,0.225135,False,0.633686,0.688335,0.4632,0.545682
BkiUc6w4eIXhrWWONQv0,commoncrawl,388,0.465956,0.564611,0.587131,True,0.744963,0.822893,0.235762,0.70235
BkiUdaHxK7Tt522Wammk,wikipedia,245,0.506433,0.541083,0.254093,False,0.679676,0.583915,0.425583,0.507426
BkiUbH44dbjiU7SsVJ57,c4,574,0.519228,0.610473,0.593235,True,0.687804,0.899557,0.306322,0.732348
BkiUem7xK7IDOE3osrYC,book,84829,0.288092,0.367376,0.84838,True,0.381938,0.951473,0.103093,0.484024
BkiUcIM5qsNCPfdFd_ni,commoncrawl,1299,0.397486,0.474604,0.549658,False,0.605124,0.501807,0.217545,0.767203
BkiUfri6NNjgBvv4RLUP,commoncrawl,773,0.666931,0.72485,0.383702,False,0.915491,0.899632,0.531788,0.630186
BkiUdXvxK7Ehm4qs0epC,commoncrawl,393,0.47473,0.562587,0.572122,False,0.65784,0.841854,0.269732,0.670074
BkiUbck4c3aisKzQywfj,c4,61,0.483719,0.568204,0.519102,False,0.626805,0.805689,0.286587,0.719731
BkiUbd84eIZijRi2MZbT,github,730,0.454725,0.486617,0.265589,False,0.645899,0.474797,0.480703,0.38031
BkiUbhXxK6nrxrSHd1-q,c4,494,0.486112,0.578263,0.574849,False,0.664079,0.733614,0.271093,0.845942
BkiUan7xK6Ot9UjD-8Ag,c4,199,0.456061,0.557349,0.633922,True,0.681521,0.853646,0.219724,0.753867
BkiUd9bxK6EuNArbC2K6,commoncrawl,465,0.360367,0.399513,0.361741,False,0.630767,0.44415,0.269026,0.337844
BkiUbgM4eIfiUU0Qa6Et,commoncrawl,438,0.449343,0.549648,0.582356,True,0.692005,0.766974,0.215299,0.797655
BkiUa8PxK6EuNA_gLuN4,stackexchange,276,0.54576,0.571357,0.270539,False,0.756573,0.541467,0.53518,0.486034
BkiUa345qsNCPe9kG2tG,commoncrawl,3004,0.374884,0.471057,0.57756,True,0.686881,0.72804,0.15048,0.652669
BkiUf0Q5qhDC0kZMYZTJ,commoncrawl,505,0.390012,0.474503,0.500039,False,0.601021,0.692904,0.192865,0.630253
BkiUddE5qYVBL5XJcJxs,commoncrawl,1515,0.438533,0.52447,0.50611,False,0.652331,0.744125,0.238015,0.654244
BkiUc9Y5qhLACGfB1TNu,github,41,0.493353,0.58424,0.706752,True,0.728016,0.281284,0.988036,0.575368
BkiUflk241xiQRY-S-jA,wikipedia,75,0.330334,0.384907,0.547238,False,0.750236,0.454027,0.202998,0.317048
BkiUeCM4uBhjDe9z1x9c,c4,197,0.448192,0.53546,0.538138,False,0.587412,0.730388,0.244566,0.782704
BkiUbNg5qoYDgaG4QEbS,c4,210,0.426521,0.512917,0.510918,False,0.673564,0.620147,0.22493,0.735849
BkiUa3o5qoYDgY37yzHE,commoncrawl,412,0.556262,0.633348,0.504971,False,0.759666,0.881365,0.376394,0.638252
BkiUe6rxK7ICUmfb0fbl,commoncrawl,1188,0.553247,0.643429,0.58262,True,0.785212,0.925442,0.342821,0.687668
BkiUdqo5qWTBJsoPR2CJ,c4,53,0.503915,0.572936,0.399432,False,0.600062,0.742295,0.342864,0.705299
BkiUdWzxK4sA-46xOHgY,wikipedia,26,0.334659,0.397192,0.434385,False,0.623134,0.56075,0.18875,0.376891
BkiUblw5qsJBjlIh2R6v,stackexchange,175,0.540759,0.586598,0.326605,False,0.760405,0.750995,0.4338,0.477852
BkiUfBc5qhLBlnv5Fbc3,github,45,0.49537,0.518916,0.15564,False,0.529547,0.44043,0.59607,0.521543
BkiUcGPxK7DgtAWeziFk,commoncrawl,576,0.498216,0.582101,0.535212,False,0.681426,0.837696,0.302484,0.664549
BkiUdVs5qX_BnPKL8TYM,commoncrawl,178,0.555352,0.628577,0.487867,False,0.692938,0.872362,0.384495,0.671452
BkiUbG04uzlgp_BI0abz,commoncrawl,497,0.512534,0.598872,0.502272,False,0.81335,0.759114,0.311078,0.669317
BkiUdaTxaKgT2YGEm7pw,commoncrawl,6393,0.416182,0.481994,0.562278,False,0.51541,0.824899,0.26262,0.483025
BkiUcZvxK6EuNCveo75f,commoncrawl,56139,0.517616,0.57006,0.539903,False,0.459035,0.935151,0.395248,0.622193
BkiUcDzxaL3Sug5GLJlK,commoncrawl,402,0.294456,0.345455,0.454043,False,0.6295,0.209831,0.175457,0.613232
BkiUdvw5qhDBeB4iUUID,stackexchange,163,0.626079,0.672983,0.395202,False,0.91184,0.767861,0.516638,0.566971
BkiUfMXxK7Ehm4qs1mwd,commoncrawl,1238,0.462841,0.511287,0.450643,False,0.800443,0.349801,0.386747,0.630791
BkiUdqc4eIOjSHWcvwfH,wikipedia,3564,0.406743,0.493502,0.622573,True,0.546835,0.826877,0.204304,0.641187
BkiUdhM4eIXhuGSApuOy,commoncrawl,345,0.474673,0.540638,0.377816,False,0.69857,0.628294,0.320753,0.606617
BkiUa9c5qX_AYzDLrsgn,wikipedia,118,0.387958,0.432858,0.375512,False,0.658703,0.514193,0.28319,0.36583
BkiUfL825V5jXvdT2zJK,github,88,0.362474,0.453248,0.713547,True,0.652853,0.15067,0.864217,0.495212
BkiUflM25V5jgwLP868E,commoncrawl,745,0.500147,0.588718,0.601156,True,0.689464,0.894637,0.293481,0.663122
BkiUfJDxK0-nUGYe7HhM,commoncrawl,200,0.507047,0.581701,0.403933,False,0.710703,0.736788,0.332855,0.656651
BkiUdUc5qhLBP6tbpYg6,commoncrawl,1001,0.527771,0.61389,0.57088,False,0.736158,0.897708,0.326828,0.657209
BkiUcnA4uBhhw71LLyS3,c4,45,0.388749,0.435138,0.35775,False,0.576527,0.28051,0.347138,0.63826
BkiUeLc4eIOjR3SloFUZ,c4,702,0.300391,0.346056,0.493328,False,0.687164,0.193837,0.206609,0.520184
BkiUf1DxK0wg09lKFABO,commoncrawl,1991,0.395018,0.472565,0.436154,False,0.631956,0.566308,0.214076,0.650229
BkiUdOA4ubngzDmaLBQD,commoncrawl,2011,0.470233,0.560804,0.606671,True,0.640909,0.86557,0.258899,0.688063
BkiUeQLxK5YsWV5L4W8o,commoncrawl,740,0.439071,0.494766,0.408708,False,0.717822,0.428606,0.309113,0.629808
BkiUecHxK4tBViZLGsyT,c4,170,0.468195,0.553426,0.585668,True,0.56373,0.85499,0.269322,0.722076
BkiUdRjxK4tBViZLFi3j,commoncrawl,843,0.394725,0.482077,0.52908,False,0.654494,0.719981,0.190901,0.599477
BkiUcarxK03BfNelWUtV,commoncrawl,556,0.582756,0.655523,0.426128,False,0.839096,0.834627,0.412968,0.638279
BkiUbC05qrqCykKvZL8Y,commoncrawl,1149,0.529013,0.610569,0.517445,False,0.708358,0.85616,0.338714,0.67624
BkiUfHvxK0fkXQzmM54m,arxiv,6375,0.577065,0.639517,0.519008,False,0.686419,0.95035,0.431343,0.594297
BkiUdPQ5qdmDM09eihuU,commoncrawl,182,0.438835,0.523549,0.551139,False,0.65403,0.792308,0.241168,0.600625
BkiUdbg5qoYAqyxO-mLX,commoncrawl,489,0.44778,0.541344,0.543922,False,0.677727,0.773385,0.229463,0.713241
BkiUd705qrqCysksNrOV,c4,45,0.517614,0.582192,0.499606,False,0.590664,0.611518,0.366931,0.866537
BkiUgB7xK6nrxpQc4AGT,commoncrawl,725,0.48044,0.571031,0.554699,False,0.823758,0.731835,0.269059,0.654975
BkiUbVU5qg5A5-klCXe7,commoncrawl,874,0.485154,0.568884,0.506349,False,0.709961,0.796135,0.289786,0.639021
BkiUe2I5qhDCUnl_d7MF,commoncrawl,1948,0.474084,0.5778,0.709437,True,0.772422,0.941517,0.232081,0.659542
BkiUdVY4eIXh70-IxRix,c4,171,0.368431,0.445237,0.48538,False,0.674597,0.650233,0.189218,0.472792
BkiUe-45qhLBkuIjTP2N,github,143,0.420347,0.452735,0.255297,False,0.600072,0.352864,0.575305,0.344776
BkiUbSLxaJJQnKrAirWb,c4,195,0.580406,0.662184,0.45787,False,0.733771,0.847459,0.389588,0.793393
BkiUaY7xK2li-F6JwMwJ,wikipedia,237,0.520696,0.537392,0.144166,False,0.625906,0.528369,0.52347,0.481739
BkiUbGI5qhDACpWOR4co,commoncrawl,166,0.455049,0.522502,0.381727,False,0.6125,0.601462,0.297658,0.679385
BkiUdAA5qhDACkwuRxME,arxiv,3870,0.618255,0.677133,0.464913,False,0.788419,0.945785,0.480872,0.586178
BkiUbrDxK6Ot9TMSpY8Z,commoncrawl,719,0.567928,0.633006,0.414372,False,0.718042,0.83045,0.416078,0.646988
BkiUcXnxK7Ehm308p0ty,c4,50,0.600369,0.666602,0.396679,False,0.660022,0.796313,0.445826,0.842505
BkiUeUo4eIOjRrm8B0e1,stackexchange,385,0.565395,0.625915,0.358005,False,0.782187,0.781337,0.424182,0.591925
BkiUeyjxK3YB9m3uxj2G,c4,108,0.652299,0.695862,0.281145,False,0.714374,0.831798,0.550653,0.716545
BkiUbM05qsFAf4WX2A17,commoncrawl,2974,0.434491,0.533385,0.573724,False,0.777462,0.721855,0.203737,0.706837
BkiUews5qoTAhv86iatT,commoncrawl,671,0.432382,0.536818,0.717763,True,0.752383,0.906463,0.1887,0.644104
BkiUdRo241xiDnlsQGtW,c4,110,0.443503,0.530954,0.528615,False,0.614771,0.768065,0.23945,0.702221
BkiUf2PxK02iP15vhtvb,c4,163,0.387751,0.447519,0.458561,False,0.673638,0.248294,0.338936,0.706854
BkiUc9HxK1UJ-rWoJl_y,commoncrawl,402,0.481425,0.560994,0.458735,False,0.73803,0.7545,0.295765,0.601028
BkiUfhrxK4tBVicoE-yS,c4,193,0.447165,0.546311,0.627641,True,0.698558,0.843464,0.215823,0.69953
BkiUdUk5qYVBc0cisfGv,stackexchange,149,0.524144,0.566454,0.311372,False,0.736791,0.533357,0.425419,0.615769
BkiUdpY5qWTBJsoPR0Y1,arxiv,5812,0.613794,0.67964,0.484536,False,0.783086,0.944689,0.460153,0.626642
BkiUdLg4dbjiVENjobLB,commoncrawl,641,0.542876,0.603713,0.431634,False,0.630921,0.832555,0.400921,0.630627
BkiUcazxK5YsWTJsO8X9,commoncrawl,248,0.493172,0.583071,0.523699,False,0.731602,0.807107,0.283408,0.69017
BkiUdwE4uzlh5RkAv8bZ,c4,359,0.549324,0.620888,0.453431,False,0.602945,0.771071,0.382342,0.835773
BkiUbdo5qoYDgYgh4Ni1,commoncrawl,852,0.553357,0.609845,0.387417,False,0.808968,0.698085,0.42155,0.580899
BkiUbPY5qsFAftmvNAix,commoncrawl,231,0.434564,0.502753,0.412664,False,0.688119,0.617295,0.275455,0.545711
BkiUgLrxK7IAD7XMKiKN,c4,1413,0.441838,0.545023,0.697254,True,0.669726,0.898327,0.201073,0.728243
BkiUeoHxK7FjYAb_8VWg,commoncrawl,180,0.481501,0.55294,0.370203,False,0.657825,0.685014,0.31481,0.658665
BkiUdmQ5qdmDDqr2Gydy,commoncrawl,4551,0.415974,0.502037,0.473501,False,0.633936,0.68866,0.215159,0.675492
BkiUdozxK6Ot9UjEBvcU,arxiv,3268,0.608539,0.655915,0.445497,False,0.642787,0.943492,0.497995,0.612762
BkiUdes4eIZjqV0yNbof,commoncrawl,1071,0.490608,0.589713,0.588977,True,0.79858,0.848339,0.259362,0.687631
BkiUfYc25V5jLcQY1fb_,github,309,0.532409,0.593392,0.450509,False,0.675973,0.390118,0.840627,0.559133
BkiUeJPxK0-nUh8iKLpV,commoncrawl,448,0.448597,0.533826,0.469435,False,0.696702,0.719165,0.24973,0.648447
BkiUbuy6NNjgB0Ss0uOR,c4,300,0.529476,0.619786,0.491229,False,0.770433,0.809981,0.318752,0.741415
BkiUbb3xK1yAgWt78qXL,book,323352,0.482039,0.525703,0.615061,True,0.416667,0.995217,0.380156,0.484263
BkiUb8PxK6-gDz87Otx7,commoncrawl,403,0.563469,0.63392,0.424904,False,0.766213,0.823986,0.399082,0.640749
BkiUfS025V5jPC6s03E-,commoncrawl,559,0.488131,0.569396,0.532583,False,0.61159,0.831095,0.298512,0.692343
BkiUdv3xK0-nUh8iJ6wm,c4,437,0.409374,0.489625,0.523015,False,0.634484,0.546689,0.222122,0.745137
BkiUdb04uBhi8u04pUX0,commoncrawl,667,0.410689,0.508071,0.716152,True,0.5788,0.899614,0.183462,0.696254
BkiUc0zxK6wB9dbuTY1c,c4,76,0.488665,0.531876,0.335983,False,0.61651,0.462297,0.387839,0.723822
BkiUe6rxK4sA-9F9mEog,commoncrawl,206,0.498018,0.579237,0.559021,False,0.609472,0.867528,0.308508,0.689718
BkiUdcU5qsBC6uknBvFB,commoncrawl,1051,0.562201,0.644604,0.43467,False,0.797453,0.804596,0.369926,0.727136
BkiUeEY4dbghfNG-eC_q,book,113074,0.48277,0.521551,0.60323,True,0.392282,0.995512,0.392645,0.482308
BkiUdpbxK7IACL5k9Epc,commoncrawl,793,0.474571,0.556151,0.564681,False,0.645403,0.848897,0.284217,0.613961
BkiUd-o4ukPiEYUYdoU-,c4,146,0.649633,0.691831,0.226895,False,0.778066,0.729613,0.551171,0.732119
BkiUcTLxK0iCl36cWij8,commoncrawl,136,0.512718,0.593297,0.468661,False,0.668862,0.793362,0.324701,0.718767
BkiUdHo5qhDBUi61TwY9,c4,2212,0.395323,0.468922,0.558135,False,0.598461,0.461736,0.223594,0.781729
BkiUd085qhLAB-QFv2O-,c4,103,0.45596,0.544333,0.510708,False,0.610981,0.760466,0.249759,0.755835
BkiUduk25V5i9my3-xlv,c4,959,0.586382,0.659655,0.495325,False,0.677052,0.910736,0.415411,0.739022
BkiUdEXxK0wg09FXVj-B,commoncrawl,253,0.457763,0.54047,0.480488,False,0.594389,0.745269,0.264781,0.726907
BkiUeLg4dbghYS8bBKsX,arxiv,7542,0.612366,0.659,0.470529,False,0.608755,0.974084,0.503554,0.631515
BkiUdzY4uBhhxNZlVyyL,stackexchange,108,0.490651,0.531744,0.317457,False,0.712225,0.508644,0.394768,0.558937
BkiUdgg25V5iqz-y4HNX,commoncrawl,813,0.485077,0.574366,0.642754,True,0.656252,0.919491,0.276737,0.651217
BkiUdnXxaKPQonPpLj-g,wikipedia,261,0.357373,0.427543,0.52907,False,0.722714,0.582698,0.193645,0.409183
BkiUflrxK7FjYHGH2TJy,commoncrawl,301,0.412781,0.50465,0.616286,True,0.641913,0.814707,0.19842,0.624094
BkiUbFw5qhDAChH9Sq6Y,stackexchange,1597,0.6327,0.66084,0.208371,False,0.775411,0.666865,0.650409,0.567039
BkiUaT_xK6Ot9V_E1Sl1,commoncrawl,1103,0.553041,0.63006,0.544716,False,0.722191,0.918046,0.37333,0.636438
BkiUd4o4eIXh79703APK,commoncrawl,3616,0.371329,0.477018,0.813137,True,0.649825,0.937859,0.124722,0.678673
BkiUcx05qhDACrLp7NnU,commoncrawl,5586,0.341398,0.411501,0.483594,False,0.503896,0.483104,0.177825,0.661419
BkiUbj04eIXguvMsvC95,commoncrawl,452,0.690774,0.73098,0.314954,False,0.8362,0.911913,0.627154,0.596959
BkiUd-LxaKgQGdQApx-4,stackexchange,192,0.613822,0.674629,0.349006,False,0.789383,0.820945,0.677185,0.471939
BkiUdn85qsMAIpX-fnUW,github,247,0.530957,0.577023,0.415218,False,0.631351,0.423472,0.838689,0.494283
BkiUcanxK4sA-9F9jvAU,commoncrawl,1751,0.492069,0.577106,0.654419,True,0.600673,0.94807,0.293651,0.662839
BkiUbYfxK3YB9m3utyj_,commoncrawl,405,0.460024,0.514991,0.322489,False,0.557905,0.654259,0.33177,0.580664
BkiUd-S6NNjgB1scZJuf,c4,59,0.512624,0.585731,0.37519,False,0.697391,0.687735,0.342039,0.717229
BkiUe-Y5qhLBc_f2-qLT,commoncrawl,161,0.466963,0.549126,0.521859,False,0.716325,0.797109,0.275249,0.578122
BkiUfqrxaKgQZYloLDPx,c4,1479,0.665791,0.727982,0.396756,False,0.7925,0.917434,0.520678,0.741797
BkiUc-M5qYVBL5XJbuu8,commoncrawl,938,0.471239,0.570461,0.676254,True,0.694372,0.915977,0.239723,0.693789
BkiUfjM5qhDCWb0lNSrU,c4,74,0.49055,0.559697,0.491784,False,0.581963,0.623622,0.329208,0.820992
BkiUfVDxK0zjCxN_vPot,commoncrawl,270,0.477453,0.545458,0.362458,False,0.660632,0.681232,0.318773,0.616786
BkiUf_bxK7IDKzHWOGO9,c4,156,0.524104,0.60483,0.410556,False,0.71859,0.742909,0.335745,0.746301
BkiUeDg5qWTD6lY8YgHy,commoncrawl,850,0.503655,0.600946,0.567753,False,0.751879,0.844396,0.276644,0.741944
BkiUfYY5qhLBfzo2pJLK,wikipedia,421,0.469065,0.538858,0.457304,False,0.653965,0.763519,0.306215,0.551166
BkiUcKTxK0iCl4WD3cZZ,commoncrawl,455,0.476101,0.566603,0.543953,False,0.807026,0.808881,0.264928,0.595444
BkiUe5XxK7IAD7XMJ_cg,c4,259,0.507459,0.590114,0.453787,False,0.678088,0.739418,0.3146,0.768386
BkiUfvY5qhDCnWORd-oE,github,536,0.617637,0.658311,0.263102,False,0.785831,0.771915,0.522729,0.592254
BkiUfl_xK1ThhBMLin-D,commoncrawl,531,0.561393,0.634557,0.512021,False,0.725832,0.902697,0.390677,0.633212
BkiUdNfxK6nrxpQc1PeK,c4,41,0.409567,0.460167,0.45532,False,0.616595,0.291499,0.333818,0.746819
BkiUghjxK7IACRyfn1D1,commoncrawl,547,0.613861,0.682199,0.437042,False,0.775921,0.891449,0.454407,0.688967
BkiUdvTxK4sA-5fmxp5r,commoncrawl,2961,0.408552,0.494159,0.478289,False,0.622388,0.687089,0.208801,0.666989
BkiUd6I4dbghcmVn2Xu2,commoncrawl,2203,0.466746,0.559973,0.641757,True,0.69368,0.890973,0.249216,0.637728
BkiUdjo5jDKDyDF8wyj7,commoncrawl,310,0.502612,0.559435,0.305943,False,0.675966,0.631426,0.370023,0.620047
BkiUd_LxK1ThhAqzXWxw,commoncrawl,498,0.502742,0.589759,0.598231,True,0.706235,0.897933,0.299701,0.636111
BkiUebTxK2li-HhsAYGt,commoncrawl,1905,0.452634,0.551572,0.648984,True,0.644341,0.870763,0.221779,0.742864
BkiUd7_xK0zjCsHebaRd,commoncrawl,2800,0.576641,0.645862,0.386778,False,0.801905,0.748208,0.415127,0.698446
BkiUgGnxK1Thg9qFgR53,commoncrawl,844,0.553774,0.63522,0.527642,False,0.891375,0.774303,0.363733,0.648283
BkiUdGo5qWTD6lXPcrsJ,stackexchange,240,0.607103,0.644207,0.278839,False,0.799365,0.733716,0.520526,0.564083
BkiUdKPxaKgTx4Y_-Elz,commoncrawl,321,0.457664,0.545733,0.567053,False,0.648163,0.819222,0.252168,0.661838
BkiUeGXxK7Tt6AlxEooi,c4,135,0.514153,0.602263,0.537347,False,0.845909,0.666782,0.308562,0.755495
BkiUcJjxK0iCl7UGWdpC,c4,322,0.516049,0.601626,0.437677,False,0.73447,0.754045,0.316368,0.747329
BkiUdoo5qhDBPdB3YyVi,commoncrawl,372,0.40576,0.48714,0.460471,False,0.676346,0.598596,0.215875,0.643612
BkiUdSM4ubng19hinVgd,wikipedia,54,0.444029,0.488686,0.398158,False,0.64957,0.737989,0.349913,0.339831
BkiUgwHxK7IACL5k-cOT,arxiv,3094,0.619935,0.673081,0.450992,False,0.84239,0.94692,0.495928,0.518702
BkiUd3bxK4tBVicoDWnD,commoncrawl,423,0.457659,0.551088,0.499098,False,0.738757,0.726844,0.239659,0.715971
BkiUfc_xK1yAgYaM4ibR,commoncrawl,782,0.519804,0.576411,0.281447,False,0.641253,0.663372,0.387721,0.669168
BkiUbqjxK0-nUh8iIWy7,commoncrawl,600,0.455422,0.532642,0.451969,False,0.727208,0.57054,0.275239,0.704364
BkiUdwQ25V5i9my3-zv1,commoncrawl,477,0.436095,0.538144,0.675362,True,0.77057,0.873345,0.197983,0.628426
BkiUcwQ4uzlhXkpzW-BK,book,181159,0.436818,0.475831,0.654076,True,0.345787,0.999864,0.401307,0.369223
BkiUdTA5qYVBTBbD-tqE,commoncrawl,883,0.602502,0.658698,0.385469,False,0.710856,0.856848,0.471379,0.655581
BkiUdbU5qhDBUi61UCgh,github,131,0.457378,0.544907,0.622488,True,0.724624,0.253144,0.875632,0.548372
BkiUfKY5qhDCoPRSN9Ux,stackexchange,204,0.509901,0.553734,0.297485,False,0.70511,0.574046,0.407625,0.569742
BkiUfXg5qhDCgpdHs4Vr,c4,303,0.469746,0.565702,0.582495,True,0.694518,0.828344,0.245849,0.723342
BkiUfTjxK7IAFzA-hVOi,commoncrawl,70,0.448897,0.481676,0.305604,False,0.678019,0.372414,0.435349,0.489585
BkiUatrxK0iCl7DT6J0o,commoncrawl,1270,0.599812,0.675513,0.493872,False,0.76239,0.917049,0.423176,0.703607
BkiUawDxK1yAgWay2nXs,c4,155,0.442335,0.525009,0.591295,True,0.61769,0.586005,0.249431,0.840726
BkiUeDU4dbghWHCOH6Es,c4,342,0.446132,0.534052,0.513139,False,0.613174,0.754122,0.240983,0.729284
BkiUav3xK3YB9raXxqMb,commoncrawl,285,0.474044,0.563145,0.552908,False,0.698632,0.819052,0.266143,0.659856
BkiUfybxK1fBGsWmyBu6,c4,45,0.30911,0.384422,0.620527,True,0.606478,0.13338,0.357086,0.753907
BkiUdTo5qoYAmdCYOW5V,c4,133,0.519444,0.607566,0.460801,False,0.771918,0.774629,0.313829,0.725721
BkiUbb04uBhhxMtSgyQO,c4,157,0.461251,0.556696,0.599725,True,0.676644,0.838269,0.238544,0.709072
BkiUbQs5qhLAB70I21YL,github,89,0.516532,0.58889,0.557982,False,0.653489,0.347696,0.905678,0.58417
BkiUda_xK7IAB1deVFMv,commoncrawl,5393,0.615549,0.687549,0.412494,False,0.860042,0.814699,0.447548,0.712471
BkiUfKw5qhLBgou5wzz5,commoncrawl,407,0.405894,0.483017,0.479212,False,0.55864,0.705153,0.225941,0.610957
BkiUfGw4uzliDHHXlC0U,commoncrawl,7018,0.582146,0.656604,0.515181,False,0.798912,0.923592,0.408411,0.616597
BkiUfdA5qhDCWcKLxhpR,commoncrawl,1483,0.625371,0.686665,0.361254,False,0.772723,0.843605,0.482351,0.706954
BkiUdRM25V5ij0Pv7hLH,commoncrawl,1329,0.429411,0.531524,0.722469,True,0.697242,0.913615,0.191146,0.65436
BkiUfOI5qhLBtiOLcr5x,commoncrawl,1672,0.367603,0.460491,0.633804,True,0.539507,0.784669,0.150864,0.702327
BkiUbH45qsNCPfdFdLLQ,github,1426,0.422219,0.515019,0.57713,False,0.782815,0.205686,0.754749,0.578108
BkiUbnzxK7Ehm79fbeGg,github,271,0.511575,0.552703,0.308472,False,0.685656,0.41561,0.724082,0.452161
BkiUdmQ4uBhi_K2XLuCi,c4,136,0.458545,0.540741,0.512626,False,0.610488,0.779381,0.266755,0.673114
BkiUdpXxK1ThhAqzW_8H,commoncrawl,326,0.453051,0.544928,0.646048,True,0.626601,0.884718,0.23867,0.665727
BkiUe1vxaKgTq1C9PPjn,commoncrawl,564,0.512388,0.600341,0.600064,True,0.672729,0.907229,0.307165,0.692456
BkiUe-_xK0wg09FXXeVw,c4,212,0.476029,0.566088,0.592003,True,0.619275,0.857896,0.265893,0.726343
BkiUbL05qX_AY17CluTX,c4,57,0.500087,0.579966,0.440066,False,0.641618,0.745333,0.313704,0.75377
BkiUd0g25V5is4Ho6jzp,c4,1299,0.37801,0.485733,0.726588,True,0.686871,0.853243,0.126655,0.747237
BkiUfR_xK4tBVhvvuPub,c4,306,0.411989,0.512699,0.635795,True,0.65244,0.734694,0.176999,0.812794
BkiUdAzxK0-nUh8iJeT2,commoncrawl,776,0.453317,0.537412,0.550296,False,0.676468,0.807392,0.257096,0.59352
BkiUdOM5qoYAqyxO-bxN,commoncrawl,1000,0.442078,0.502155,0.401613,False,0.703513,0.450029,0.3019,0.664907
BkiUdOnxK0wg05VB7U27,c4,112,0.408957,0.471806,0.532726,False,0.594808,0.262309,0.399155,0.795035
BkiUfOQ25V5jX_qCeL6l,commoncrawl,389,0.414757,0.49458,0.426915,False,0.655418,0.646842,0.228503,0.617041
BkiUfMnxK6mkyCKC22Xb,c4,55,0.551105,0.62167,0.370531,False,0.677944,0.752912,0.386452,0.756983
BkiUa645ixsDL7k8xRue,arxiv,1423,0.647278,0.700132,0.389331,False,0.829183,0.913283,0.523953,0.605491
BkiUbNbxK7Dgs_cY4CFU,c4,826,0.585751,0.661284,0.419654,False,0.775311,0.829161,0.409507,0.726206
BkiUcCHxK6nrxq6DmYfD,commoncrawl,1149,0.537856,0.619781,0.563412,False,0.650647,0.910109,0.346696,0.718403
BkiUdfg5qsBC9WrglOmF,arxiv,3780,0.591307,0.636288,0.449982,False,0.707565,0.936333,0.486351,0.508597
BkiUdXg4dbgg5rq9rFfg,commoncrawl,1876,0.431841,0.529153,0.544559,False,0.749339,0.701105,0.204781,0.727685
BkiUdZvxaJJQnL9IZ12R,commoncrawl,377,0.547593,0.63512,0.486724,False,0.754239,0.830087,0.343363,0.756544
BkiUeRHxK6wB9jjDhFXE,github,1152,0.615784,0.643624,0.239951,False,0.790774,0.711103,0.550824,0.553985
BkiUfI7xK7Dgs_cY676V,commoncrawl,6203,0.410621,0.505505,0.710262,True,0.567818,0.899488,0.189226,0.674478
BkiUfYjxaKgQWseFxYr8,github,41,0.478455,0.516206,0.246296,False,0.603224,0.39037,0.636666,0.473542
BkiUbXo4uBhhxHcxAIvb,commoncrawl,768,0.457791,0.536013,0.420406,False,0.648564,0.664184,0.275275,0.69568
BkiUddPxK6Ot9TMSq_1R,c4,187,0.38806,0.458827,0.571621,False,0.631459,0.395775,0.222938,0.794559
BkiUbeI5qhDAChH9TFEh,commoncrawl,316,0.430317,0.525901,0.601072,True,0.666507,0.80836,0.207288,0.683941
BkiUdgg5qhLBU3f_P2l8,commoncrawl,1907,0.613991,0.685813,0.464623,False,0.780424,0.911027,0.446404,0.696847
BkiUavXxK7ICUt7cOOr5,commoncrawl,393,0.426196,0.516316,0.604829,True,0.588022,0.820745,0.215916,0.681126
BkiUc3o4dbgg6MqXbHRF,commoncrawl,468,0.43132,0.470416,0.282378,False,0.622475,0.422774,0.340097,0.547004
BkiUddE4uBhjD09iHVOe,c4,265,0.522899,0.603996,0.538844,False,0.634705,0.872519,0.333674,0.719874
BkiUb7zxaJJQnKM6s_55,commoncrawl,2983,0.528657,0.6047,0.539132,False,0.603727,0.890357,0.351225,0.707921
BkiUcMrxK0fkXPSOpOHm,commoncrawl,705,0.343523,0.422576,0.527113,False,0.686178,0.429914,0.159065,0.678157
BkiUbn_xK1yAga6JqdDx,commoncrawl,1027,0.421584,0.523326,0.670703,True,0.639932,0.85489,0.184186,0.742989
BkiUfOM5qhLBxoxlBdVN,commoncrawl,1655,0.371342,0.426542,0.402429,False,0.644972,0.344463,0.242543,0.613788
BkiUbWo5qsJBjkzigE7s,c4,109,0.582328,0.640983,0.388529,False,0.636342,0.833993,0.445464,0.713912
BkiUcQ7xK1yAgWay3_E2,c4,79,0.458336,0.521996,0.380272,False,0.635622,0.546159,0.309797,0.690068
BkiUa2TxK3YB9m3utOxI,arxiv,9378,0.571277,0.640372,0.533935,False,0.702509,0.943992,0.410058,0.618211
BkiUdhk5qoYApuLfLw1-,commoncrawl,908,0.605708,0.669537,0.334396,False,0.791169,0.784566,0.456773,0.708642
BkiUdhI4uBhiyG-891O-,c4,1942,0.414428,0.513873,0.675593,True,0.612898,0.857984,0.182391,0.725678
BkiUfcXxK6nrxrSHhi16,commoncrawl,948,0.493843,0.585459,0.566037,False,0.741045,0.846109,0.280072,0.668522
BkiUdc7xK6Ot9WA5hwHC,commoncrawl,268,0.546322,0.608633,0.400244,False,0.668253,0.801175,0.40093,0.639124
BkiUd2TxK7DgtAWe0z9c,commoncrawl,277,0.427486,0.496197,0.418944,False,0.686105,0.560052,0.267161,0.590146
BkiUdmE25V5iqPl1DrhY,commoncrawl,378,0.463854,0.553189,0.574482,False,0.649444,0.829889,0.255407,0.679692
BkiUbq3xK6nrxpQcz1NW,c4,55,0.680935,0.710462,0.195816,False,0.740157,0.807853,0.612037,0.696175
BkiUdXw5qhLACGCwN3O2,stackexchange,165,0.564301,0.599709,0.273583,False,0.755264,0.651269,0.481681,0.545887
BkiUd105qhLBSMLQwddt,commoncrawl,3656,0.559135,0.609322,0.411439,False,0.567807,0.853469,0.442031,0.64338
BkiUdZE5qhLBU3f_PwNw,commoncrawl,723,0.417733,0.517667,0.714982,True,0.628192,0.899538,0.184556,0.687323
BkiUaenxK0iCl2n19EWL,commoncrawl,869,0.481666,0.563922,0.442093,False,0.678776,0.731828,0.289735,0.702215
BkiUdK425V5jAV9GHEWI,commoncrawl,533,0.421171,0.508993,0.532051,False,0.6642,0.748304,0.216253,0.623712
BkiUa3I5qsNCPe9kG1-I,commoncrawl,710,0.484076,0.57041,0.498066,False,0.75866,0.780698,0.282631,0.631963
BkiUeHY4dbghfNG-eGbn,commoncrawl,396,0.563538,0.645108,0.53091,False,0.731384,0.904118,0.373208,0.701526
BkiUa5E5qhDACuHxBz_P,commoncrawl,290,0.414139,0.496414,0.588487,True,0.604313,0.810649,0.222162,0.557347
BkiUezHxK6nrxjHzDCGQ,github,32,0.302839,0.38601,0.519261,False,0.627169,0.108774,0.516176,0.628035
BkiUbMw5qdmB63dEy-jN,commoncrawl,433,0.531352,0.605508,0.405264,False,0.723353,0.763586,0.358322,0.678962
BkiUeprxK7IADTol2Jnb,github,127,0.503825,0.555003,0.448622,False,0.545353,0.384411,0.833033,0.543162
BkiUa5PxK1fBGsWmtRbB,commoncrawl,2481,0.61436,0.698308,0.529413,False,0.816381,0.947895,0.418482,0.734053
BkiUdLM5qhDBQzqNFA-u,commoncrawl,360,0.479553,0.528179,0.318549,False,0.684641,0.526826,0.366092,0.589267
BkiUe6bxK7IADzpkVOhw,commoncrawl,265,0.440618,0.521343,0.562666,False,0.689852,0.814926,0.252261,0.520457
BkiUdmo4eIOjR8afg9Tu,commoncrawl,468,0.395293,0.493085,0.657525,True,0.670554,0.824638,0.167113,0.638344
BkiUfKo4uzliDJh6RL-i,c4,106,0.46583,0.546188,0.499135,False,0.594517,0.777462,0.278328,0.691308
BkiUdZM5qWTBLpFf1L3S,book,126838,0.109351,0.152697,0.774767,True,0.147104,0.782979,0.00821255,0.52068
BkiUdHk5qoYAn-0Sl4X2,commoncrawl,277,0.416351,0.497283,0.495368,False,0.619089,0.722877,0.227509,0.60001
BkiUb0HxK7kjXLSrEHkH,commoncrawl,165,0.492685,0.548258,0.427588,False,0.637279,0.790602,0.363014,0.493847
BkiUdVY5qoYAttXCyzxp,stackexchange,148,0.579145,0.617363,0.268323,False,0.727291,0.758291,0.489968,0.537527
BkiUdeA4eIXhpe8BQEdF,commoncrawl,6902,0.451807,0.557158,0.641737,True,0.718901,0.847724,0.205987,0.766447
BkiUdrXxaKgTz-oDsXyZ,c4,174,0.461717,0.551532,0.538168,False,0.608571,0.790317,0.252148,0.762271
BkiUf1TxK6-gD0Srf4FB,c4,102,0.456482,0.52379,0.425517,False,0.65888,0.526019,0.299431,0.724948
BkiUbn05qoYDgY37zebn,commoncrawl,261,0.504314,0.567482,0.514161,False,0.584788,0.871083,0.356922,0.570189
BkiUdks25V5jBFwBtzwi,stackexchange,522,0.572413,0.629765,0.364388,False,0.802981,0.755271,0.438592,0.59124
BkiUfk05qhDCnXuZvXQ8,c4,453,0.44375,0.540957,0.648322,True,0.646743,0.865256,0.216934,0.70448
BkiUdQI5qX_BjprW8ek3,commoncrawl,332,0.459729,0.55221,0.518428,False,0.748432,0.762366,0.243938,0.667405
BkiUc5rxK6EuNBRhH2qy,commoncrawl,233,0.477938,0.566752,0.496494,False,0.767199,0.746577,0.270705,0.664899
BkiUcC45qsNCPdQKte5U,wikipedia,73,0.465194,0.523435,0.37354,False,0.702838,0.627147,0.329298,0.516995
BkiUd_U25V5hRtkVbxGF,c4,2074,0.466904,0.578598,0.72425,True,0.778899,0.930536,0.206285,0.74838
BkiUc_A5qYVBTkzTmk0B,commoncrawl,206,0.528728,0.598779,0.505494,False,0.685786,0.870771,0.365277,0.589109
BkiUfFHxK3xgpbERETVh,c4,525,0.458473,0.520344,0.417065,False,0.680409,0.314107,0.468914,0.731172
BkiUd1w5qrqCypefTdmx,c4,39,0.505864,0.558798,0.457023,False,0.616638,0.49254,0.382351,0.839374
BkiUe9M5qhDCU1N828PP,commoncrawl,626,0.558912,0.63174,0.445593,False,0.744357,0.834571,0.388978,0.658954
BkiUdYvxK7ICUuXek7QT,c4,415,0.61237,0.661224,0.334436,False,0.681964,0.832813,0.498377,0.675279
BkiUdBnxK7FjYHGHzzoN,commoncrawl,348,0.449231,0.541598,0.589752,True,0.649774,0.823459,0.233707,0.687318
BkiUe7LxK7IAE_K9ylXz,commoncrawl,385,0.421567,0.513137,0.549912,False,0.690007,0.757815,0.207902,0.636903
BkiUanm6NNjgB0Sszrpk,c4,182,0.47381,0.569178,0.607979,True,0.710759,0.859265,0.251286,0.683197
BkiUdSM5qWTBGBH18CHL,c4,97,0.443086,0.501728,0.336392,False,0.630074,0.510807,0.306255,0.642647
BkiUdKzxK4tBVgEFVAIw,commoncrawl,544,0.448906,0.547751,0.689741,True,0.696697,0.908007,0.218266,0.651074
BkiUeGzxK0-nUKDhrI34,c4,208,0.439029,0.526237,0.460661,False,0.696207,0.67426,0.235546,0.692865
BkiUbKU4dbgj407o07J2,commoncrawl,302,0.434222,0.516775,0.516599,False,0.603271,0.758198,0.241599,0.644784
BkiUbss5qoaAwmU2r_XK,commoncrawl,1823,0.464539,0.536761,0.415454,False,0.632786,0.622524,0.296022,0.711476
BkiUdxc4dbghQvjK-apd,c4,2876,0.489227,0.583195,0.58338,True,0.682283,0.735338,0.269969,0.853349
BkiUf07xK0wg09KOZlvQ,commoncrawl,488,0.498237,0.58854,0.604462,True,0.677019,0.891991,0.287529,0.690474
BkiUfxo25V5jayWgFmJs,commoncrawl,82,0.482255,0.540674,0.302481,False,0.648427,0.638328,0.345946,0.596634
BkiUfPM5qhLBcdv_XZL9,commoncrawl,1106,0.262933,0.336363,0.548944,False,0.62079,0.64054,0.0915962,0.349693
BkiUbNA5qhDACrtP098J,commoncrawl,1434,0.675862,0.730277,0.400323,False,0.845053,0.949218,0.548895,0.645885
BkiUciTxK4sA-5fmwkdx,book,97223,0.271594,0.347818,0.796897,True,0.319714,0.890634,0.0937376,0.54547
BkiUdh85qX_AY5k-y9sy,commoncrawl,296,0.54476,0.584522,0.264637,False,0.716618,0.530873,0.451981,0.678817
BkiUdXE5qhLA90Q4aXNL,commoncrawl,1241,0.56624,0.653854,0.567209,False,0.830985,0.929018,0.361809,0.654076
BkiUdu425YjgKNDlVviV,commoncrawl,1070,0.487483,0.579986,0.612964,True,0.693302,0.884605,0.271641,0.678648
BkiUdzHxK4tBVhvvsuz8,wikipedia,73,0.412964,0.470116,0.336506,False,0.602353,0.616114,0.279609,0.470493
BkiUbpDxK03BfNelVlgT,c4,153,0.486618,0.580075,0.517036,False,0.685893,0.781793,0.268553,0.785589
BkiUbSDxK6EuNBRhGbED,commoncrawl,1353,0.615167,0.696381,0.495498,False,0.895231,0.921166,0.425668,0.669752
BkiUdVzxK0zjCxN_tWze,commoncrawl,1079,0.606044,0.642775,0.379458,False,0.682818,0.899797,0.520338,0.53387
BkiUd_I5qg5A56rhLYnu,commoncrawl,526,0.428886,0.511355,0.563331,False,0.575629,0.79979,0.236459,0.627465
BkiUdIA5qhLA11kI99wF,commoncrawl,240,0.462396,0.545449,0.605043,True,0.581976,0.873649,0.268606,0.647609
BkiUdOI5i7PA9KWZEkOY,c4,305,0.41758,0.506308,0.540357,False,0.568861,0.750904,0.210547,0.729716
BkiUbRo4dbjiU69DgKOu,commoncrawl,244,0.417935,0.502118,0.526018,False,0.683804,0.747527,0.221509,0.560769
BkiUbog5qsBB3TGfad1B,c4,507,0.44164,0.545289,0.62903,True,0.681934,0.828824,0.199793,0.781663
BkiUf2nxK7Tt52mM_tPS,commoncrawl,834,0.668288,0.714685,0.349561,False,0.829675,0.909587,0.560026,0.617234
BkiUfEo4uzliAaD0wk64,commoncrawl,301,0.59206,0.665798,0.46063,False,0.823478,0.880635,0.420005,0.644986
BkiUaj7xK7ICUubsxbxo,commoncrawl,395,0.423205,0.510129,0.541001,False,0.688376,0.761381,0.22038,0.58562
BkiUembxK3YB9ohkOJ2x,commoncrawl,658,0.496381,0.555264,0.295994,False,0.65378,0.618224,0.358988,0.654982
BkiUfnfxK4tBVhat6RUd,commoncrawl,389,0.510123,0.59032,0.437654,False,0.740467,0.760652,0.322998,0.667186
BkiUd_Y4ubnhDOA8sSHE,commoncrawl,876,0.442247,0.548409,0.725148,True,0.788351,0.919684,0.194536,0.640175
BkiUfck25V5jWKzzU7uR,c4,260,0.619833,0.68659,0.361069,False,0.776351,0.825137,0.464067,0.747397
BkiUdxk5qg5A55PIF2mi,c4,556,0.550004,0.635015,0.519028,False,0.731885,0.870673,0.351645,0.725345
BkiUefPxK1ThhAqzX0XB,wikipedia,93,0.438086,0.496817,0.39411,False,0.695155,0.572981,0.301045,0.50787
BkiUd9k5qdmDNJbAMl1F,commoncrawl,88,0.459874,0.538886,0.472267,False,0.744422,0.747778,0.275511,0.549478
BkiUdh85qsMAIzZBdXDu,c4,102,0.331582,0.39945,0.584163,True,0.598569,0.173222,0.323609,0.757385
BkiUdlU25V5heEVpD2hE,c4,404,0.610936,0.689993,0.463025,False,0.796706,0.889494,0.426469,0.749785
BkiUdF04eIZijfnaz4OC,c4,665,0.56794,0.645968,0.454667,False,0.659997,0.84054,0.385873,0.813123
BkiUflrxK6EuNCver4-D,commoncrawl,364,0.465141,0.555674,0.566825,False,0.652396,0.820724,0.2539,0.700667
BkiUd7M5qX_BwR884ayO,commoncrawl,1209,0.598944,0.682401,0.478006,False,0.823028,0.882218,0.404212,0.738625
BkiUdO3xaKgQIQzdx_Mr,github,125,0.607564,0.655343,0.45859,False,0.667752,0.496078,0.954668,0.583155
BkiUdfg4eIfiUUQN7ChA,stackexchange,223,0.480439,0.525717,0.382305,False,0.757094,0.491141,0.374788,0.547977
BkiUfr85qhDCuB568KAl,arxiv,5559,0.555663,0.601868,0.504488,False,0.447849,0.952337,0.523985,0.587026
BkiUeMPxK6wB9dbuUum7,commoncrawl,902,0.559228,0.611432,0.260897,False,0.697758,0.65567,0.437416,0.698313
BkiUfhE5qhLByVBy1v-Y,commoncrawl,6775,0.609095,0.679688,0.519277,False,0.790724,0.963657,0.44438,0.630122
BkiUfco241xiMHY2aZCS,c4,417,0.537895,0.621055,0.484802,False,0.685517,0.828657,0.343855,0.761306
BkiUeUvxK1ThhAcYlhGW,stackexchange,214,0.557533,0.585524,0.221054,False,0.643784,0.713273,0.492219,0.519985
BkiUbnPxK5YsWTJsOMVU,book,181510,0.427004,0.483495,0.695929,True,0.295192,0.991122,0.370127,0.504238
BkiUdjk4uzlh5TJwIwgc,commoncrawl,1302,0.447484,0.522703,0.399167,False,0.642201,0.636411,0.271971,0.671139
BkiUfyDxK3YB9raX3TYR,commoncrawl,384,0.427758,0.503044,0.47667,False,0.626112,0.72876,0.25209,0.556277
BkiUbLo5qsFAfyH9wjXX,c4,157,0.292636,0.3548,0.677502,True,0.614862,0.147586,0.211,0.825088
BkiUdgk5qoTAmkNrlXMS,commoncrawl,631,0.485679,0.571775,0.498218,False,0.698368,0.783006,0.284789,0.685857
BkiUdjU4uBhi-rdEbWbT,commoncrawl,1001,0.531958,0.605241,0.483134,False,0.690019,0.844098,0.360964,0.638024
BkiUbxzxaJJQnKrAjKeU,commoncrawl,2337,0.354151,0.454686,0.719532,True,0.665037,0.839104,0.119572,0.638121
BkiUdEM4uBhi2h6VOtZd,arxiv,4093,0.594725,0.656711,0.407331,False,0.77551,0.85742,0.450089,0.621347
BkiUgATxK7kjXLlze1Hk,commoncrawl,551,0.510918,0.585507,0.390785,False,0.693832,0.727662,0.336877,0.690718
BkiUewLxK5YsWTJsQVEq,commoncrawl,902,0.470875,0.57044,0.581464,True,0.81959,0.820021,0.238557,0.659681
BkiUdWY4uzlhXz2JUZKQ,c4,711,0.499513,0.596041,0.51957,False,0.793851,0.783907,0.274282,0.738835
BkiUf1HxK7IDBrtwSAg1,commoncrawl,313,0.38549,0.449159,0.35241,False,0.589341,0.557087,0.236931,0.522849
BkiUczI5ixsDMDLI7o5v,c4,92,0.426732,0.483608,0.5295,False,0.60464,0.373365,0.29402,0.82352
BkiUdK_xK7kjXIdG-kU8,commoncrawl,253,0.455023,0.514791,0.315368,False,0.564709,0.624411,0.315566,0.630934
BkiUeWXxK1UJ-rWoKaUO,github,888,0.476098,0.535544,0.424176,False,0.564348,0.33739,0.761566,0.567081
BkiUdPM4eILhQLGUUbf-,commoncrawl,1918,0.57833,0.655974,0.477326,False,0.807098,0.874487,0.397161,0.660331
BkiUd2w4uBhi8u04ptt3,commoncrawl,527,0.448117,0.529096,0.465872,False,0.725039,0.64082,0.259166,0.650317
BkiUdIs5qYVBXTJ3BRLf,commoncrawl,1424,0.536405,0.625941,0.580138,True,0.688929,0.907625,0.327487,0.749239
BkiUcP7xK7Dgs_cY5Ag3,commoncrawl,1143,0.519984,0.585246,0.35944,False,0.727145,0.719597,0.367705,0.609564
BkiUbMI5qhLAB45oITiF,stackexchange,270,0.597402,0.62018,0.18454,False,0.728792,0.633,0.544252,0.589181
BkiUacTxK7FjYHGHxat1,c4,40,0.48237,0.56454,0.465414,False,0.707949,0.652529,0.29064,0.756054
BkiUc9U4dbgg1iRCUZaU,arxiv,2041,0.634987,0.688796,0.415063,False,0.785425,0.924494,0.509431,0.608418
BkiUgHDxK4tBVgEFX6qj,commoncrawl,1350,0.557054,0.650032,0.588866,True,0.809515,0.928971,0.340105,0.6977
BkiUd0LxaKgT3IjnVU8f,commoncrawl,2889,0.575699,0.670549,0.577943,True,0.851046,0.932325,0.354382,0.718647
BkiUbXM5jDKDx8o5q8gh,commoncrawl,561,0.483202,0.579424,0.563414,False,0.738747,0.822099,0.258685,0.716792
BkiUdbA4ukPiEbA1tVJ4,commoncrawl,216,0.356042,0.434956,0.462019,False,0.633929,0.577116,0.171911,0.568125
BkiUa8s25V5hYDkHFp6i,github,61,0.403332,0.445681,0.369246,False,0.673762,0.304517,0.575194,0.334148
BkiUd284ubng_M3aRgxV,c4,40,0.518368,0.587942,0.370278,False,0.641064,0.726308,0.35603,0.720586
BkiUbVfxaL3SufhMnRUt,c4,44,0.450787,0.49302,0.419368,False,0.616464,0.352454,0.352243,0.771611
BkiUdVM4eIZjqV0yNR_p,commoncrawl,248,0.425969,0.503756,0.492821,False,0.609706,0.737289,0.244468,0.585504
BkiUbPE4uzki0w6oMqpf,commoncrawl,646,0.443612,0.55008,0.7066,True,0.76972,0.901786,0.195186,0.674627
BkiUcgrxK3YB9i3RKLMK,commoncrawl,486,0.436019,0.531914,0.591277,True,0.680842,0.803542,0.212264,0.68841
BkiUdvU5qsJBjpijFlS_,commoncrawl,318,0.417827,0.496261,0.444675,False,0.668773,0.679491,0.234816,0.567869
BkiUc7HxK6-gDz87PoC-,commoncrawl,923,0.428381,0.511466,0.599219,True,0.64935,0.833737,0.234518,0.538434
BkiUeAY25V5jEBMNXgPT,c4,201,0.49945,0.599736,0.570833,False,0.725703,0.802328,0.265449,0.836282
BkiUa67xK0wg09FXTiWO,commoncrawl,754,0.54696,0.625051,0.483125,False,0.708706,0.847872,0.364747,0.696166
BkiUc-g25V5irJ1Xw5Pg,c4,583,0.59039,0.665984,0.403695,False,0.788281,0.817697,0.414002,0.737001
BkiUfgHxK5YsWPOohKfA,commoncrawl,1387,0.480162,0.576971,0.670735,True,0.668779,0.925008,0.254274,0.703809
BkiUdcTxK7kjXJwSRIng,commoncrawl,646,0.520031,0.591717,0.544348,False,0.637584,0.897113,0.352765,0.607311
BkiUbiHxK6EuNArbAnMO,commoncrawl,504,0.32308,0.387979,0.514351,False,0.685999,0.171648,0.318267,0.603552
BkiUbjfxK6nrxjHy_9y5,commoncrawl,1421,0.559356,0.651597,0.57386,False,0.720244,0.917986,0.344126,0.791888
BkiUdpPxK6EuM_UbrOK5,commoncrawl,589,0.425439,0.500827,0.424747,False,0.674283,0.59477,0.249536,0.62819
BkiUfuY5qhDCkVn5uv8I,commoncrawl,2003,0.404751,0.482585,0.419735,False,0.631921,0.597727,0.223137,0.642872
BkiUca7xK7ICUmfbzUgn,c4,73,0.485138,0.560691,0.472089,False,0.589829,0.694353,0.308849,0.780937
BkiUdk7xK7DgtAAQJO2l,commoncrawl,714,0.504176,0.594482,0.620714,True,0.700977,0.914175,0.293461,0.663693
BkiUfwfxK7IACwaaBHve,commoncrawl,1439,0.565323,0.6624,0.593858,True,0.88535,0.932667,0.338809,0.687762
BkiUazHxK4tBViZLDO-0,commoncrawl,268,0.343856,0.422261,0.531824,False,0.692737,0.661068,0.160913,0.430571
BkiUdj3xK6EuNA_gOFuD,commoncrawl,3324,0.375468,0.480839,0.705349,True,0.747589,0.834953,0.129604,0.658517
BkiUeXg4eIOjR4K9Q3lB,github,9,0.270453,0.341048,0.51064,False,0.616373,0.105733,0.45419,0.45536
BkiUdiM5qsBDEocIjRrT,commoncrawl,353,0.511123,0.594808,0.478706,False,0.794563,0.760544,0.315857,0.655439
BkiUaO_xK1yAgXBVB-MK,c4,502,0.509967,0.601835,0.527273,False,0.702644,0.76705,0.29561,0.822883
BkiUe7825V5jWH_DcV9T,arxiv,3586,0.620055,0.67223,0.438479,False,0.773597,0.936793,0.498315,0.565365
BkiUfGs25V5jNiVr8I94,commoncrawl,157,0.623424,0.659212,0.240841,False,0.696384,0.780758,0.643255,0.539917
BkiUcnrxK6EuNCvepJW0,commoncrawl,804,0.598716,0.658798,0.367353,False,0.825877,0.736394,0.458524,0.675388
BkiUd-44ubng8Lrd29et,arxiv,5883,0.564417,0.616979,0.317755,False,0.759527,0.703231,0.441772,0.614012
BkiUffrxK7Ehm79feGUL,commoncrawl,1004,0.601099,0.637159,0.32076,False,0.680203,0.83772,0.559435,0.51696
BkiUbX7xK2li-LJsuLOp,commoncrawl,331,0.445475,0.532174,0.496345,False,0.659699,0.739522,0.243177,0.67544
BkiUfGg5qhLBc_f2-yo-,commoncrawl,618,0.494793,0.577301,0.539075,False,0.708565,0.841349,0.302274,0.616017
BkiUdjQ5qWTD6fxGWvuK,wikipedia,2778,0.34439,0.430971,0.554479,False,0.62585,0.696845,0.142366,0.554198
BkiUfxw5qhDC0kZMYWJH,commoncrawl,741,0.578157,0.633637,0.430719,False,0.879425,0.729539,0.448706,0.559838
BkiUbEI5qdmB61-1YLn_,c4,2047,0.472101,0.568606,0.654608,True,0.625921,0.901532,0.246923,0.749421
BkiUdvg4dbghcDJYFvKN,c4,422,0.432102,0.540998,0.71015,True,0.764893,0.888162,0.178011,0.706884
BkiUeTLxK6-gDyrT-Y02,commoncrawl,637,0.51469,0.597487,0.519935,False,0.651436,0.841433,0.321499,0.722797
BkiUcOPxK3YB9i3RJ5Nm,commoncrawl,957,0.40725,0.505443,0.671128,True,0.659917,0.849263,0.178135,0.652494
BkiUe9_xK0iCl2n2Abfo,stackexchange,228,0.499023,0.545725,0.353685,False,0.743735,0.530511,0.39005,0.576206
BkiUbm44eIXgu1jpDEX-,c4,172,0.395882,0.488202,0.532253,False,0.618953,0.712723,0.18047,0.712277
BkiUauXxK1ThhCdy6F5g,commoncrawl,3665,0.399614,0.477753,0.496467,False,0.57928,0.579251,0.21729,0.713757
BkiUcxrxK7FjYHGHzjFJ,c4,123,0.536045,0.617387,0.484115,False,0.669813,0.830363,0.346248,0.754108
BkiUbHA4uBhhxNKuBmio,commoncrawl,3807,0.416993,0.514748,0.753496,True,0.603149,0.942396,0.188899,0.652714
BkiUfsHxK7FjYHGH2aPb,arxiv,13909,0.548653,0.619765,0.557505,False,0.628773,0.940229,0.382724,0.651845
BkiUddU4eIXh8Eim8AiP,commoncrawl,1115,0.51469,0.616703,0.647069,True,0.754156,0.923728,0.276659,0.749854
BkiUc9s5qoTAhudwxxrQ,c4,98,0.456827,0.53197,0.506977,False,0.661814,0.544857,0.281492,0.788469
BkiUdFo4ubng2gXILJOl,commoncrawl,13554,0.418891,0.521182,0.739963,True,0.632869,0.920177,0.180214,0.70167
BkiUbLg5qoaAwnKZBQrp,c4,431,0.434583,0.536346,0.691381,True,0.644945,0.888516,0.197136,0.731322
BkiUdzA5qoTBDdoZ64VX,arxiv,13389,0.587337,0.646025,0.488858,False,0.646231,0.939257,0.450399,0.636995
BkiUfLXxK1Thg9qFfU9y,c4,83,0.449222,0.522805,0.4643,False,0.554616,0.741828,0.277528,0.653856
BkiUdzLxaKPQosiZm572,commoncrawl,455,0.508807,0.59323,0.51574,False,0.72707,0.827558,0.311819,0.659739
BkiUdgTxaKgTwZRrJQbw,c4,643,0.302083,0.365486,0.531156,False,0.67309,0.154143,0.250343,0.6853
BkiUfzvxK1yAga6JufY7,commoncrawl,963,0.520836,0.620698,0.570848,False,0.858672,0.857277,0.287824,0.700009
BkiUdY7xK1fBGsWmvo1R,commoncrawl,15069,0.394771,0.483834,0.594145,True,0.580039,0.645908,0.186958,0.781102
BkiUbYrxK3xgpfY9dYfX,github,31,0.409558,0.490866,0.466275,False,0.686117,0.219842,0.628405,0.611836
BkiUeA84ubnhCU1Zd8PH,c4,370,0.52879,0.607829,0.458849,False,0.700942,0.803215,0.344366,0.703739
BkiUbBc4uBhhxE6Lw-zj,commoncrawl,500,0.495628,0.580207,0.59133,True,0.649685,0.889607,0.298277,0.656951
BkiUbII5qoYDgbhImIi_,wikipedia,27,0.377955,0.4386,0.484888,False,0.721339,0.236451,0.355157,0.610325
BkiUd6s4dbjiVCOrAtEF,github,10,0.418651,0.474058,0.303973,False,0.545182,0.289369,0.593342,0.539333
BkiUdOo4dbgg9iX1Ilsi,commoncrawl,536,0.484949,0.572205,0.547444,False,0.687414,0.828794,0.28135,0.668319
BkiUbz_xaJJQnNCye9zo,commoncrawl,624,0.53135,0.620242,0.52152,False,0.80713,0.845455,0.323935,0.669134
BkiUdEE5qhLACGCwNn6-,commoncrawl,268,0.440062,0.508555,0.441538,False,0.721782,0.63469,0.280244,0.520709
BkiUdjXxaKPQos1WZp8x,commoncrawl,257,0.467302,0.554729,0.487172,False,0.654516,0.750477,0.263305,0.731571
BkiUdZg5qX_BlbLl_sRt,c4,152,0.453122,0.541562,0.490242,False,0.652905,0.723753,0.246762,0.737004
BkiUbRHxaJiQn33wkfwj,c4,58,0.442166,0.513481,0.393404,False,0.615859,0.611346,0.275764,0.669168
BkiUcqzxK3YB9raXztKZ,arxiv,9660,0.54692,0.607011,0.534637,False,0.586001,0.941346,0.406709,0.604962
BkiUcBrxK6Ot9WA5gY_l,stackexchange,431,0.589052,0.611543,0.181964,False,0.666876,0.718538,0.536574,0.543953
BkiUbf84eIXgu113Ib4d,commoncrawl,2982,0.501899,0.614657,0.717046,True,0.826381,0.955844,0.238798,0.755767
BkiUbeHxaJiQnuolFgom,c4,220,0.495525,0.554011,0.387398,False,0.669479,0.524852,0.359058,0.746456
BkiUdM04uBhhxQicLVwK,commoncrawl,1035,0.29163,0.35372,0.467383,False,0.614137,0.53715,0.146754,0.322688
BkiUfLTxK0iCl36cYVoo,commoncrawl,439,0.424765,0.522954,0.691921,True,0.590349,0.887577,0.195655,0.72834
BkiUa645qhLACD0Xwa0k,c4,89,0.501248,0.586053,0.487898,False,0.642129,0.764832,0.303371,0.791269
BkiUdLvxK1yAgXBVEtff,commoncrawl,985,0.419413,0.525901,0.752103,True,0.680494,0.923044,0.170941,0.71084
BkiUdY04eIZjofWfIiRw,commoncrawl,737,0.665882,0.727903,0.369823,False,0.837781,0.890991,0.521168,0.721536
BkiUf105qhDCo-3ZMzRR,github,156,0.463445,0.511344,0.343494,False,0.695174,0.35168,0.606526,0.460937
BkiUeB84eIOjRwCobb2y,commoncrawl,278,0.601453,0.628256,0.24251,False,0.781424,0.610397,0.538913,0.606042
BkiUbRY5qg5A53r24kFJ,commoncrawl,540,0.399119,0.49457,0.590913,True,0.673345,0.767314,0.176401,0.655214
BkiUcwc4ubngtpssnOT4,commoncrawl,744,0.485112,0.571964,0.506475,False,0.685152,0.788932,0.282457,0.700477
BkiUdEPxK6-gDz87PxRp,github,1335,0.474954,0.519096,0.368854,False,0.587685,0.371956,0.740809,0.448265
BkiUbNw5i7PA9OgJDFsZ,commoncrawl,1156,0.599667,0.661326,0.413225,False,0.685497,0.869022,0.455796,0.704334
BkiUcjA25V5hegR8X-LQ,github,92,0.591401,0.622378,0.246408,False,0.648682,0.51912,0.765528,0.582008
BkiUa9k4uzki01MTGeRM,c4,52,0.377995,0.435162,0.491983,False,0.616256,0.244604,0.32265,0.736587
BkiUdF3xK0iCl7DT8Hjt,commoncrawl,18490,0.394365,0.490999,0.668757,True,0.53179,0.837641,0.168884,0.770924
BkiUbGc4ubnjop7FD9jm,commoncrawl,269,0.45972,0.551889,0.620367,True,0.641351,0.865026,0.24466,0.682775
BkiUa-3xK4tBViZLDa3a,commoncrawl,368,0.461877,0.558167,0.647191,True,0.707455,0.884391,0.2372,0.653299
BkiUd_04dbghe2kmY66C,commoncrawl,2914,0.570848,0.622006,0.492976,False,0.709719,0.944453,0.494491,0.451478
BkiUbzTxK4sA-46xMtmu,c4,252,0.446411,0.547663,0.651434,True,0.61131,0.861591,0.210158,0.811529
BkiUbmfxK6-gD0SrbzAS,c4,124,0.462095,0.543904,0.438335,False,0.641194,0.709543,0.271208,0.708776
BkiUfo3xaKgQX72adjo9,github,90,0.278162,0.355703,0.581758,True,0.678989,0.0972319,0.464732,0.519401
BkiUe2o5qhDCTJN_BnhK,commoncrawl,104,0.489165,0.532559,0.377259,False,0.680399,0.765171,0.398164,0.387912
BkiUeIU4dbghfNG-eHRW,commoncrawl,491,0.443836,0.499383,0.284757,False,0.598985,0.552191,0.314228,0.598197
BkiUb37xaJJQnHaRwUtC,commoncrawl,564,0.426246,0.52746,0.692409,True,0.618165,0.882491,0.190081,0.745142
BkiUdfw5qoYA1LW_Xhfn,commoncrawl,333,0.460942,0.546249,0.495513,False,0.683184,0.757404,0.261891,0.65649
BkiUc1s4uzlhXkpzXESa,commoncrawl,242,0.459695,0.541671,0.479885,False,0.641482,0.748302,0.268417,0.667656
BkiUd4nxaJiQoZ1WlD61,c4,375,0.386398,0.472913,0.531961,False,0.599299,0.71649,0.184529,0.630248
BkiUdak5qU2Ap6TguUdU,commoncrawl,2007,0.456295,0.54784,0.520642,False,0.724067,0.763334,0.242692,0.67086
BkiUe-zxK7IACRyfnG1R,commoncrawl,1008,0.54462,0.616094,0.366193,False,0.693262,0.744042,0.377849,0.739006
BkiUbdg4uzqh_FfD5LA1,commoncrawl,1142,0.495465,0.59133,0.655554,True,0.676975,0.927334,0.271781,0.716008
BkiUc4TxK6EuNArbB1DJ,c4,353,0.541383,0.627323,0.539272,False,0.70062,0.880127,0.340855,0.736478
BkiUfXI25V5jeJ_WQlMJ,commoncrawl,547,0.49044,0.556313,0.327648,False,0.66332,0.664387,0.336738,0.645197
BkiUa7HxK7Dgs_aSSrs0,commoncrawl,8211,0.598763,0.684825,0.590369,True,0.800739,0.98832,0.39795,0.698142
BkiUaSPxK3YB9m7_7LtY,github,105,0.480942,0.525206,0.298888,False,0.676548,0.562242,0.37766,0.529564
BkiUdto5qhDBeSTLFCNV,commoncrawl,299,0.460906,0.543494,0.548156,False,0.628593,0.816355,0.268199,0.633496
BkiUfXc5qhDCKmWYM9qD,c4,119,0.47116,0.54233,0.436782,False,0.651198,0.586615,0.305099,0.741881
BkiUdx8241xg-Kf-9RhD,c4,167,0.454571,0.534936,0.462809,False,0.609345,0.729862,0.267053,0.688954
BkiUbkA5qsMAIvHrFn-3,c4,353,0.259706,0.305594,0.420883,False,0.573518,0.152635,0.17361,0.57231
BkiUdzjxK7Ehm79fdDAz,c4,588,0.532814,0.623531,0.587608,True,0.703533,0.908752,0.321143,0.735786
BkiUfaw5qhLBsCDnQvbN,commoncrawl,426,0.480249,0.567373,0.528082,False,0.778322,0.805042,0.27696,0.596691
BkiUfxQ5qhDCo-3ZMuII,c4,488,0.530473,0.614199,0.508423,False,0.699955,0.843537,0.335113,0.718891
BkiUeL44dbghdUvaxZsG,c4,341,0.532613,0.619586,0.545049,False,0.692715,0.874725,0.329676,0.737341
BkiUf3TxK1UJ-rWoLZ71,commoncrawl,1091,0.459124,0.557657,0.692239,True,0.729424,0.921454,0.229215,0.626953
BkiUdWA5qhDBcOf_cb5K,github,2512,0.552822,0.590076,0.351647,False,0.817544,0.465897,0.518755,0.613483
BkiUd8g4eIXgu5sT-qyY,c4,110,0.281673,0.34036,0.551341,False,0.572207,0.144736,0.23218,0.696077
BkiUdoc5qhLBXeFpcVtC,commoncrawl,5827,0.60789,0.666823,0.413842,False,0.718513,0.884221,0.470379,0.661499
BkiUfLc25V5jZT5RAvTG,c4,245,0.578272,0.643949,0.377898,False,0.705752,0.802924,0.425026,0.713798
BkiUdH_xK0wg09lKCP6Q,commoncrawl,1424,0.536173,0.584371,0.310449,False,0.665119,0.734161,0.423711,0.563545
BkiUcdg5qhLAB-QFvVeA,commoncrawl,147,0.477862,0.555409,0.495161,False,0.576968,0.79208,0.296918,0.700874
BkiUf0fxK3xgpfdGRfK4,c4,421,0.430496,0.518456,0.59879,True,0.619178,0.627918,0.225258,0.824048
BkiUeeM4eIOjR8afhtQS,commoncrawl,1064,0.409829,0.48365,0.481049,False,0.718627,0.575159,0.237578,0.556742
BkiUbDDxaKPQoqJ9_pCq,c4,109,0.395912,0.467728,0.515742,False,0.595403,0.472651,0.228341,0.744083
BkiUd1I5qoaAwpKBAesi,arxiv,10756,0.621442,0.673135,0.475757,False,0.676325,0.97658,0.500823,0.620568
BkiUbvXxK03BfNelVr3V,arxiv,5797,0.615617,0.688062,0.482313,False,0.844345,0.928894,0.44658,0.639759
BkiUdXk5qoTApGm2gLJ4,c4,89,0.49024,0.573416,0.521961,False,0.638611,0.818123,0.296162,0.698277
BkiUc2s4uzlhdExj6Q2Z,arxiv,12252,0.534117,0.596035,0.550192,False,0.551669,0.939835,0.389643,0.624518
BkiUbW85jDKDx3bd2UIX,c4,70,0.490514,0.561585,0.424204,False,0.592441,0.690177,0.324681,0.748884
BkiUdP04eIXhqpoAX8-d,commoncrawl,1707,0.485239,0.574221,0.607923,True,0.660962,0.885537,0.277615,0.668585
BkiUc0U5qdmC6lzyv6QU,c4,145,0.45091,0.539599,0.484128,False,0.662017,0.720248,0.243967,0.728096
BkiUc7bxK0wg09FXVbH-,c4,291,0.498788,0.584148,0.574519,False,0.608993,0.874134,0.299616,0.729551
BkiUdvU4eIfiUSz0seaM,commoncrawl,8003,0.405953,0.514239,0.656574,True,0.778009,0.809857,0.153283,0.722155
BkiUc_PxK03BfJXwwdbz,commoncrawl,192,0.47989,0.567238,0.58628,True,0.661159,0.862358,0.276078,0.657213
BkiUbZjxK7kjXLlzaXHg,commoncrawl,710,0.563228,0.595882,0.25092,False,0.737957,0.56769,0.487037,0.61788
BkiUa-DxK7Ehm4qsykUv,commoncrawl,1191,0.608384,0.682767,0.478327,False,0.775271,0.913149,0.434823,0.705792
BkiUeDc4eIOjRurQN1_Q,commoncrawl,498,0.398215,0.47701,0.443582,False,0.639725,0.573211,0.214358,0.65794
BkiUdhs5qdmB6xJ6-k6B,c4,373,0.410043,0.486751,0.531579,False,0.7127,0.231059,0.446497,0.762638
BkiUd5rxK1fBGwCLNVFO,book,100048,0.258098,0.33055,0.689119,True,0.327339,0.77816,0.0890411,0.523575
BkiUd67xK6mkyCfOC4rx,c4,336,0.398035,0.489782,0.564457,False,0.581686,0.748416,0.18396,0.717323
BkiUeYk4eIOjR_CK1_TJ,commoncrawl,1047,0.3205,0.379955,0.507267,False,0.582355,0.181772,0.285274,0.689038
BkiUgPrxK7IACL5k-Hdz,commoncrawl,182,0.535669,0.615547,0.445408,False,0.728939,0.794697,0.349289,0.709236
BkiUdjPxaKgQMxLkyq9f,c4,414,0.371599,0.434565,0.508652,False,0.656448,0.329343,0.224679,0.733331
BkiUdW05qhLBVQLdyin4,commoncrawl,810,0.57956,0.644801,0.348683,False,0.776014,0.758092,0.427331,0.687481
BkiUdrQ4eIXhtfm3PgfA,commoncrawl,698,0.560713,0.638277,0.522598,False,0.70011,0.902328,0.37973,0.691641
BkiUbQ7xaKgS2Kkr4Kqe,c4,2004,0.624384,0.715375,0.532339,False,0.832538,0.944412,0.412073,0.808072
BkiUdRA5qYVBOT10JoOp,commoncrawl,2062,0.420317,0.51249,0.590999,True,0.600103,0.796247,0.205248,0.702389
BkiUbwjxK4tBViZLEJFe,commoncrawl,5940,0.41678,0.531082,0.753977,True,0.904051,0.851435,0.150073,0.686691
BkiUfijxK4sA-9zSCvke,commoncrawl,690,0.546799,0.628264,0.416647,False,0.758086,0.77336,0.356713,0.744699
BkiUeEw5qdmDNmRzV1VO,commoncrawl,391,0.475938,0.5492,0.409473,False,0.639109,0.714466,0.304993,0.652925
BkiUdq05qhLBU-R-yhe8,commoncrawl,3804,0.597527,0.649751,0.46727,False,0.675772,0.942942,0.475672,0.587914
BkiUfIrxK6-gDz87R0AJ,commoncrawl,773,0.487438,0.57733,0.577976,True,0.670994,0.855668,0.277692,0.696269
BkiUeJfxK3YB9raX1X19,commoncrawl,770,0.494605,0.56855,0.394416,False,0.716482,0.660571,0.322066,0.685199
BkiUbUnxaJJQnNCyexI6,commoncrawl,175,0.489809,0.567392,0.461439,False,0.728279,0.770221,0.308782,0.598053
BkiUeBw4eIOjRyLa5d6s,c4,563,0.440601,0.508967,0.477481,False,0.621136,0.506399,0.281079,0.75856
BkiUfq7xK6EuNArbEfBy,commoncrawl,604,0.330362,0.411934,0.550142,False,0.641198,0.463476,0.140027,0.69017
BkiUerU241xiDDeOZYiE,commoncrawl,436,0.421095,0.516498,0.568063,False,0.766549,0.636626,0.198486,0.733601
BkiUaVvxK1fBGsWmsuj-,c4,346,0.636804,0.684171,0.240213,False,0.766495,0.759593,0.526282,0.71502
BkiUdsE4eIOjR1Ci90q5,commoncrawl,4491,0.412531,0.485008,0.535493,False,0.778913,0.422499,0.243419,0.690094
BkiUcfDxK7Dgs_XS_SSK,stackexchange,248,0.589842,0.627729,0.256952,False,0.758391,0.736754,0.501439,0.554128
BkiUd5Y4eIOjR8afhL-_,arxiv,3954,0.619678,0.678609,0.45917,False,0.763899,0.941343,0.482173,0.611521
BkiUf4jxK6wB9k0iOJpU,c4,404,0.531182,0.605004,0.512683,False,0.610805,0.871615,0.358931,0.700853
BkiUcFvxK4tBVhvvrIcN,c4,288,0.579811,0.660072,0.422159,False,0.735474,0.806842,0.392535,0.814694
BkiUd_E5i7PA9MKga2id,commoncrawl,1071,0.469765,0.568607,0.590673,True,0.756735,0.829807,0.239134,0.695355
BkiUd3Y5qoYA4xX7GQCW,commoncrawl,557,0.48025,0.57323,0.627742,True,0.744113,0.89104,0.263298,0.617931
BkiUdpM5qoTBBnDyhG_x,c4,94,0.608538,0.658127,0.277137,False,0.685642,0.769966,0.492829,0.720995
BkiUbec5qsNCPf8MwLSP,commoncrawl,1156,0.620186,0.680488,0.385143,False,0.792513,0.864625,0.479482,0.65254
BkiUe-7xK7kjXLSrHIBB,commoncrawl,1385,0.567612,0.635242,0.50276,False,0.725348,0.912567,0.409807,0.600128
BkiUbwnxaL3SufhMneTS,wikipedia,362,0.494552,0.577374,0.572635,False,0.738886,0.873936,0.301301,0.570814
BkiUfZI5qhDC0kZMX4ws,commoncrawl,1968,0.409018,0.493494,0.484379,False,0.690009,0.58185,0.211908,0.696287
BkiUfnbxK7kjXIdHA7uW,commoncrawl,5487,0.432245,0.539319,0.708524,True,0.762383,0.89093,0.182406,0.681518
BkiUb4fxaJJQnJ5kTmy4,c4,116,0.452612,0.523767,0.440119,False,0.694023,0.520374,0.286583,0.726702
BkiUeNXxK7FjYAb_7-JL,c4,1020,0.473681,0.56564,0.542389,False,0.662569,0.8015,0.259111,0.743281
BkiUdmLxaL3Sugla09k1,commoncrawl,208,0.44883,0.532486,0.612312,True,0.603038,0.865947,0.253635,0.606459
BkiUesHxK7IDOB8TiTV-,c4,167,0.477055,0.566437,0.544728,False,0.641172,0.734737,0.268497,0.813225
BkiUbU84uzlgp_BI0n14,commoncrawl,149,0.576368,0.622613,0.317324,False,0.620785,0.78579,0.468465,0.657502
BkiUdG85qWTBGBH173M1,wikipedia,89,0.572022,0.589568,0.137147,False,0.668228,0.531081,0.579664,0.587304
BkiUdoU5qoTBGNkie-F-,c4,52,0.462457,0.512997,0.365177,False,0.696847,0.40629,0.344531,0.709708
BkiUbPLxK7kjXMEc7NKI,c4,73,0.477503,0.54441,0.356796,False,0.627566,0.678181,0.321385,0.641954
BkiUbr425V5hZMvJno_b,c4,129,0.477808,0.562048,0.498831,False,0.659871,0.780077,0.281246,0.688833
BkiUdVU5qWTBLnE2DBjm,github,995,0.557757,0.588953,0.292407,False,0.777372,0.484965,0.578492,0.551625
BkiUclTxK7DgtAAQIqGT,commoncrawl,315,0.45868,0.557001,0.572226,False,0.801491,0.797194,0.229265,0.656301
BkiUbLjxaL3SuhzLmXzL,commoncrawl,2324,0.3652,0.441776,0.546991,False,0.733512,0.444801,0.186522,0.624958
BkiUc_A4uBhixmHbfX-U,commoncrawl,742,0.490625,0.586551,0.641374,True,0.69753,0.908171,0.266798,0.699717
BkiUfl45qhLBxVCRg1t-,c4,334,0.447528,0.545921,0.537473,False,0.738351,0.755418,0.217946,0.729716
BkiUbaE5qsMAIw1alGr2,github,71,0.618045,0.654955,0.25566,False,0.662404,0.663059,0.787583,0.531922
BkiUbSI5i7PA9OgJDKln,c4,217,0.355398,0.409794,0.460272,False,0.630638,0.283845,0.228473,0.688745
BkiUbg45qg5A51-LZX9s,commoncrawl,402,0.402908,0.478825,0.409624,False,0.633823,0.635392,0.225769,0.577591
BkiUcb7xK7FjYEB4Usaa,commoncrawl,859,0.57117,0.654984,0.528829,False,0.74104,0.904433,0.375604,0.73082
BkiUbOPxK5YsWV5L2Hz4,wikipedia,421,0.458965,0.5022,0.274548,False,0.632631,0.531153,0.358083,0.528533
BkiUftbxK6-gDyrT_ySr,commoncrawl,1074,0.395599,0.474148,0.480822,False,0.685232,0.500619,0.212317,0.693139
BkiUeEY4eIXh70-IyCv0,commoncrawl,215,0.545781,0.619723,0.398181,False,0.771432,0.750813,0.37325,0.682061
BkiUbb_xK7DgtAAQHi1F,commoncrawl,913,0.552421,0.623852,0.440276,False,0.740136,0.826025,0.385748,0.642079
BkiUa_E5qg5A5-klCAB4,commoncrawl,2195,0.459987,0.563571,0.706271,True,0.711642,0.924564,0.218293,0.701376
BkiUdJo4eIXh1x7bjGle,c4,253,0.517783,0.606316,0.558508,False,0.665569,0.869714,0.311206,0.749751
BkiUdVbxK7FjYAb_7Iv2,commoncrawl,951,0.397268,0.494256,0.567045,False,0.659273,0.715987,0.170963,0.738008
BkiUdoc25V5isMEL7TEd,c4,218,0.435602,0.529545,0.518794,False,0.69415,0.735196,0.216402,0.711124
BkiUdbfxK0iCl2n1_gyW,commoncrawl,3072,0.675885,0.738125,0.440552,False,0.84067,0.97121,0.530658,0.685021
BkiUfeXxK1fBGwCLO4uU,commoncrawl,246,0.369835,0.446169,0.548364,False,0.740085,0.597422,0.191721,0.466825
BkiUfcE5qhDCiqRdLMtt,book,127974,0.34605,0.440463,0.873706,True,0.586019,0.999459,0.125753,0.509231
BkiUdtPxaJiQnQ_a1Bta,commoncrawl,1185,0.500689,0.532783,0.223553,False,0.592867,0.491481,0.425804,0.649357
BkiUdKw25V5jAV9GHEQi,c4,103,0.461099,0.550835,0.568058,False,0.637516,0.699189,0.251714,0.819772
BkiUcto4uzlhaGmcas8M,commoncrawl,508,0.575188,0.653955,0.461461,False,0.85286,0.82371,0.391399,0.664931
BkiUdg44dbjiU7z3Zirq,commoncrawl,5658,0.466713,0.577877,0.761723,True,0.816712,0.969053,0.20733,0.678512
BkiUdUw5qoYDgPtUqxMf,commoncrawl,4519,0.360666,0.449896,0.529435,False,0.681898,0.609653,0.152464,0.644877
BkiUdkM5qWTBLkQDI5St,c4,617,0.618839,0.679788,0.415486,False,0.679441,0.892109,0.476623,0.73906
BkiUcd7xK6nrxl9bMtbg,github,82,0.482755,0.543659,0.340679,False,0.576041,0.340647,0.681326,0.653217
BkiUfbrxK7Tt522WcjzE,commoncrawl,1044,0.423549,0.509818,0.621086,True,0.556364,0.843341,0.222255,0.647047
BkiUd6s5qU2Ap6Tgu39B,commoncrawl,2218,0.590337,0.664303,0.504962,False,0.732143,0.92271,0.417749,0.689875
BkiUe7fxK03BfNelX0mb,commoncrawl,567,0.56028,0.622188,0.45611,False,0.686315,0.871939,0.415829,0.602085
BkiUbq_xK0zjCsHeZVa7,commoncrawl,359,0.443772,0.531696,0.523059,False,0.652575,0.761675,0.238616,0.673164
BkiUfWfxK0zjCxN_vRBB,commoncrawl,7572,0.615044,0.696104,0.500566,False,0.853961,0.926472,0.425906,0.696606
BkiUbGPxK3xgpdbchFIH,commoncrawl,635,0.53372,0.610953,0.427013,False,0.768296,0.780523,0.35351,0.656973
BkiUdic4eILhQJnKqvWc,commoncrawl,442,0.581499,0.658987,0.493948,False,0.771058,0.894639,0.400692,0.682073
BkiUdLA5qg5A55PIFNNW,c4,672,0.508784,0.595284,0.529569,False,0.641886,0.83652,0.306951,0.761433
BkiUa945qhLAB70I2hO7,commoncrawl,329,0.456332,0.556471,0.586869,True,0.803147,0.809542,0.222673,0.66147
BkiUfpk5qhDCiwNLzBEP,c4,231,0.467511,0.563471,0.554523,False,0.685222,0.798128,0.243605,0.755868
BkiUa-g5qWTD6fM1Vxl_,commoncrawl,3406,0.341967,0.448742,0.781172,True,0.660087,0.873997,0.0928251,0.752826
BkiUd045qsFAfyQRaWLO,commoncrawl,696,0.465237,0.544788,0.450447,False,0.730067,0.596476,0.27962,0.722932
BkiUc6Y5qWTA_H8tsTW-,commoncrawl,779,0.496958,0.595842,0.643919,True,0.774769,0.910146,0.266227,0.670798
BkiUbQ84eIXgu2RlnXVh,arxiv,1873,0.610251,0.645003,0.321739,False,0.682427,0.850901,0.529162,0.563219
BkiUbkLxK7Ehm2ZQzRUt,c4,70,0.495355,0.560566,0.391815,False,0.670081,0.583975,0.343196,0.735011
BkiUdqI25V5irqwkfn5A,commoncrawl,566,0.44079,0.539427,0.621119,True,0.708434,0.831756,0.210637,0.681223
BkiUd3M4dbghaWXTedT4,c4,199,0.431087,0.519716,0.585568,True,0.600681,0.667899,0.224286,0.809853
BkiUbCA5qsMAIxuM4Ipz,commoncrawl,781,0.589997,0.62849,0.352191,False,0.595645,0.852372,0.500181,0.614328
BkiUdDY5qsFAfoQ6Q6Ul,commoncrawl,708,0.566809,0.632267,0.397606,False,0.811678,0.735943,0.414072,0.645953
BkiUbPTxaJJQnMJkWkFk,c4,1114,0.283055,0.357772,0.617478,True,0.64424,0.320833,0.108716,0.726194
BkiUf3PxK7FjYCv2Ue4T,commoncrawl,440,0.461899,0.543954,0.483078,False,0.666139,0.753516,0.270438,0.644482
BkiUdPI5qhLACG6g_I1f,c4,126,0.486215,0.558785,0.424086,False,0.740974,0.679694,0.316888,0.610603
BkiUeCLxK2li-LM1SKLt,commoncrawl,984,0.613195,0.678543,0.386091,False,0.752328,0.846806,0.460715,0.722126
BkiUamzxK7kjXMEc6ph7,book,136203,0.261653,0.333053,0.886691,True,0.252409,0.981745,0.0950539,0.519577
BkiUaXHxK7FjYEXSCLQI,c4,1234,0.449281,0.544479,0.52942,False,0.696317,0.733568,0.227152,0.756572
BkiUcvs5qsBC5lINb1M1,wikipedia,126,0.465517,0.517467,0.359133,False,0.703433,0.556874,0.3443,0.531491
BkiUebjxK02iP4Y2vXfK,github,103,0.497492,0.538559,0.460966,False,0.585878,0.414272,0.862634,0.401668
BkiUbXY4dbjiU5gJuTtW,wikipedia,180,0.400054,0.471433,0.389387,False,0.570238,0.622889,0.233502,0.595062
BkiUdA04ubnjorQ5rSY3,book,9958,0.312914,0.392954,0.473146,False,0.550589,0.599298,0.126152,0.571103
BkiUfR_xK6nrxjHzDeW_,commoncrawl,3018,0.464464,0.555452,0.631228,True,0.609563,0.883388,0.25216,0.700361
BkiUcEfxK2li-DeXzEHk,wikipedia,441,0.582672,0.632998,0.423776,False,0.655858,0.889021,0.465245,0.591741
BkiUf0rxK7IACwaaBJ4b,commoncrawl,696,0.63885,0.680041,0.328258,False,0.831732,0.870996,0.543859,0.542737
BkiUfes25V5jLYeqmAKm,c4,86,0.491365,0.574347,0.461547,False,0.641643,0.759288,0.29774,0.749721
BkiUdnA4ubngzDmaLWXH,c4,302,0.46206,0.562968,0.556935,False,0.755192,0.74817,0.226608,0.783544
BkiUd185qoYDgPtUrUwA,c4,1005,0.531137,0.637036,0.607224,True,0.882148,0.891262,0.284039,0.736819
BkiUgBHxK1yAgXBVHf3-,commoncrawl,1605,0.481901,0.572734,0.607977,True,0.66139,0.877937,0.269959,0.685857
BkiUbSPxK6nrxq6DlsmO,commoncrawl,1350,0.486961,0.594424,0.682433,True,0.787958,0.918648,0.236215,0.729274
BkiUcD_xK19JmhArCVUh,commoncrawl,736,0.456352,0.553459,0.681949,True,0.668536,0.911717,0.229768,0.669177
BkiUdcU5qX_Bc1tFGIxT,commoncrawl,373,0.412781,0.50208,0.541796,False,0.664848,0.746214,0.204418,0.625744
BkiUbHTxK02iP4Wj-jfk,book,123431,0.123483,0.171232,0.819241,True,0.149726,0.831309,0.0120682,0.535741
BkiUdpQ5qg5A55BmGz9d,commoncrawl,1894,0.570437,0.639177,0.496847,False,0.735601,0.906891,0.410043,0.61001
BkiUbOM5qsNCPV6YjKmd,c4,588,0.560517,0.602945,0.24169,False,0.65154,0.624968,0.461518,0.703209
BkiUdXU4uBhjCUQN8A3a,commoncrawl,547,0.442044,0.539642,0.689889,True,0.655607,0.904205,0.214316,0.666591
BkiUekLxK6wB9mn5ARP9,commoncrawl,753,0.479607,0.569895,0.535155,False,0.804091,0.77743,0.268936,0.626912
