Model,BBH,bbh_macro,bbh_weighted,bbh_group,n_subtasks
0-hero/Matter-0.2-7B-DPO,10.0555,35.9625,35.8445,35.8445,24
01-ai/Yi-1.5-34B,42.7494,59.7639,59.5383,59.5383,24
01-ai/Yi-1.5-34B-32K,43.3818,60.1569,59.816,59.816,24
01-ai/Yi-1.5-34B-Chat,44.2628,60.8375,60.6492,60.6492,24
01-ai/Yi-1.5-34B-Chat-16K,44.5362,61.0022,60.7013,60.7013,24
01-ai/Yi-1.5-6B,22.0279,44.8835,44.8186,44.8186,24
01-ai/Yi-1.5-6B-Chat,23.6787,45.5486,45.0616,45.0616,24
01-ai/Yi-1.5-9B,30.5007,51.4294,51.3626,51.3626,24
01-ai/Yi-1.5-9B-32K,28.937,49.6332,49.4011,49.4011,24
01-ai/Yi-1.5-9B-Chat,36.9529,55.5906,55.2855,55.2855,24
01-ai/Yi-1.5-9B-Chat-16K,31.4976,51.5338,51.2411,51.2411,24
01-ai/Yi-34B,35.5424,54.571,54.5044,54.5044,24
01-ai/Yi-34B-200K,36.0221,54.4182,54.0184,54.0184,24
01-ai/Yi-34B-Chat,37.624,55.6087,55.2682,55.2682,24
01-ai/Yi-6B,19.4085,43.0923,42.6662,42.6662,24
01-ai/Yi-6B-200K,20.148,42.8929,42.4579,42.4579,24
01-ai/Yi-6B-Chat,17.0002,41.326,40.8783,40.8783,24
01-ai/Yi-9B,27.627,49.3961,49.2623,49.2623,24
01-ai/Yi-9B-200K,26.4925,47.933,47.8042,47.8042,24
01-ai/Yi-Coder-9B-Chat,25.9432,48.142,48.0299,48.0299,24
1-800-LLMs/Qwen-2.5-14B-Hindi,49.3299,65.239,64.9714,64.9714,24
1-800-LLMs/Qwen-2.5-14B-Hindi-Custom-Instruct,46.5402,62.8432,62.5759,62.5759,24
1024m/PHI-4-Hindi,52.4618,67.1002,66.9675,66.9675,24
1024m/QWEN-14B-B100,49.7766,65.3271,65.1102,65.1102,24
152334H/miqu-1-70b-sf,43.8071,61.0236,60.8748,60.8748,24
1TuanPham/T-VisStar-7B-v0.1,30.2438,50.522,50.3211,50.3211,24
1TuanPham/T-VisStar-v0.1,30.2438,50.522,50.3211,50.3211,24
3rd-Degree-Burn/L-3.1-Science-Writer-8B,29.1993,50.4131,50.0781,50.0781,24
3rd-Degree-Burn/Llama-3.1-8B-Squareroot,8.61806,34.6094,34.2475,34.2475,24
3rd-Degree-Burn/Llama-3.1-8B-Squareroot-v1,6.51514,33.4277,33.154,33.154,24
3rd-Degree-Burn/Llama-Squared-8B,21.2771,44.3103,44.1069,44.1069,24
4season/final_model_test_v2,47.4107,63.4205,63.2355,63.2355,24
AALF/FuseChat-Llama-3.1-8B-Instruct-preview,30.8481,51.1989,50.946,50.946,24
AALF/FuseChat-Llama-3.1-8B-SFT-preview,32.5368,52.403,52.2132,52.2132,24
AALF/gemma-2-27b-it-SimPO-37K,15.3079,39.1134,38.8995,38.8995,24
AALF/gemma-2-27b-it-SimPO-37K-100steps,15.2611,39.3082,39.1772,39.1772,24
AELLM/gemma-2-aeria-infinity-9b,42.0902,59.8334,59.7639,59.7639,24
AELLM/gemma-2-lyco-infinity-9b,39.7875,58.3953,58.2885,58.2885,24
AGI-0/Art-v0-3B,8.02978,33.9811,33.8656,33.8656,24
AGI-0/Artificium-llama3.1-8B-001,19.3489,42.5622,42.3711,42.3711,24
AGI-0/smartllama3.1-8B-001,24.8577,46.7018,46.3982,46.3982,24
AI-MO/NuminaMath-7B-CoT,19.1524,43.1419,42.9786,42.9786,24
AI-MO/NuminaMath-7B-TIR,16.8735,41.4369,41.2776,41.2776,24
AI-Sweden-Models/Llama-3-8B-instruct,18.3881,41.7346,41.4685,41.4685,24
AI-Sweden-Models/gpt-sw3-40b,6.89493,32.6774,32.4596,32.4596,24
AI4free/Dhanishtha,7.93648,34.0394,33.7615,33.7615,24
AI4free/t2,2.13315,29.1011,28.745,28.745,24
AIDC-AI/Marco-o1,34.8425,53.6436,53.3414,53.3414,24
Aashraf995/Creative-7B-nerd,37.0802,56.0679,55.841,55.841,24
Aashraf995/Gemma-Evo-10B,43.4246,60.4435,60.3541,60.3541,24
Aashraf995/Qwen-Evo-7B,38.5853,57.0936,56.8131,56.8131,24
Aashraf995/QwenStock-14B,50.4339,65.5013,65.2838,65.2838,24
AbacusResearch/Jallabi-34B,43.6158,60.2338,59.8681,59.8681,24
Ahdoot/StructuredThinker-v0.3-MoreStructure,27.2585,48.3769,48.134,48.134,24
Ahdoot/Test_StealthThinker,25.3666,46.4664,46.1031,46.1031,24
AicoresSecurity/Cybernet-Sec-3B-R1-V0,22.3221,44.9743,44.8707,44.8707,24
AicoresSecurity/Cybernet-Sec-3B-R1-V0-Coder,22.6515,44.775,44.5235,44.5235,24
AicoresSecurity/Cybernet-Sec-3B-R1-V1,19.1251,42.8234,42.6315,42.6315,24
AicoresSecurity/Cybernet-Sec-3B-R1-V1.1,20.4306,43.9178,43.673,43.673,24
Alepach/notHumpback-M0,1.27736,29.0011,28.6409,28.6409,24
Alepach/notHumpback-M1,1.92295,29.498,29.1095,29.1095,24
Alepach/notHumpback-M1-v2,1.26767,27.7564,27.5126,27.5126,24
Alibaba-NLP/gte-Qwen2-7B-instruct,21.9255,44.9514,44.5756,44.5756,24
Alsebay/Qwen2.5-7B-test-novelist,30.4175,51.5122,51.1717,51.1717,24
Amaorynho/BBAI2006,1.67767,27.0437,26.7141,26.7141,24
Amaorynho/BBAI270V4,3.00679,30.712,30.4114,30.4114,24
Amaorynho/BBAIIFEV1,32.9747,52.9246,52.8033,52.8033,24
Amaorynho/BBAI_375,1.67767,27.0437,26.7141,26.7141,24
Amu/t1-1.5B,15.1729,40.0761,39.8021,39.8021,24
Amu/t1-3B,15.2488,39.9898,39.6459,39.6459,24
ArliAI/ArliAI-RPMax-12B-v1.1,24.8091,47.5182,47.3355,47.3355,24
ArliAI/Llama-3.1-8B-ArliAI-RPMax-v1.1,28.787,50.1561,49.974,49.974,24
Arthur-LAGACHERIE/Precis-1B-Instruct,6.0691,32.2361,31.9563,31.9563,24
Artples/L-MChat-7b,24.2016,46.0033,45.8427,45.8427,24
Artples/L-MChat-Small,26.8565,48.2256,47.891,47.891,24
Aryanne/QwentileSwap,57.6757,70.0837,69.7969,69.7969,24
Aryanne/SHBA,32.4777,52.3317,52.109,52.109,24
Aryanne/SuperHeart,31.8936,52.1538,51.9181,51.9181,24
AtAndDev/Qwen2.5-1.5B-continuous-learnt,19.5377,42.5775,42.1628,42.1628,24
AtAndDev/Qwen2.5-1.5B-continuous-learnt,19.7664,42.5775,42.1628,42.1628,24
Ateron/Glowing-Forest-12B,35.5255,54.9176,54.6954,54.6954,24
Ateron/Lotus-Magpic,32.6577,52.5351,52.2652,52.2652,24
Ateron/Way_of_MagPicaro,34.3159,54.2739,54.0184,54.0184,24
AuraIndustries/Aura-4B,22.6409,44.9041,44.6971,44.6971,24
AuraIndustries/Aura-8B,30.9813,51.3123,51.0849,51.0849,24
AuraIndustries/Aura-MoE-2x4B,20.6138,43.3851,43.2217,43.2217,24
AuraIndustries/Aura-MoE-2x4B-v2,20.8012,43.1524,42.9266,42.9266,24
Aurel9/testmerge-7b,32.7928,51.8959,51.5188,51.5188,24
Ayush-Singh/Llama1B-sft-2,1.23757,28.3428,28.0854,28.0854,24
Azure99/Blossom-V6-14B,30.3528,50.6873,50.2343,50.2343,24
Azure99/Blossom-V6-7B,29.4475,49.7367,49.54,49.54,24
Azure99/blossom-v5-32b,42.8831,59.5455,59.3126,59.3126,24
Azure99/blossom-v5-llama3-8b,18.3065,41.8491,41.5553,41.5553,24
Azure99/blossom-v5.1-34b,44.1477,61.0744,60.8054,60.8054,24
Azure99/blossom-v5.1-9b,34.2012,53.4329,53.1852,53.1852,24
BAAI/Gemma2-9B-IT-Simpo-Infinity-Preference,42.1908,59.7946,59.7119,59.7119,24
BAAI/Infinity-Instruct-3M-0613-Llama3-70B,51.3272,66.4161,66.2559,66.2559,24
BAAI/Infinity-Instruct-3M-0613-Mistral-7B,28.9929,49.5823,49.4185,49.4185,24
BAAI/Infinity-Instruct-3M-0625-Llama3-70B,52.0282,66.7034,66.3947,66.3947,24
BAAI/Infinity-Instruct-3M-0625-Llama3-8B,28.9882,49.5499,49.2102,49.2102,24
BAAI/Infinity-Instruct-3M-0625-Mistral-7B,28.8233,49.3967,49.1408,49.1408,24
BAAI/Infinity-Instruct-3M-0625-Qwen2-7B,34.6568,53.4591,53.1505,53.1505,24
BAAI/Infinity-Instruct-3M-0625-Yi-1.5-9B,35.3787,55.0912,54.9731,54.9731,24
BAAI/Infinity-Instruct-7M-0729-Llama3_1-8B,30.8888,50.7734,50.4079,50.4079,24
BAAI/Infinity-Instruct-7M-0729-mistral-7B,28.6979,49.6381,49.3144,49.3144,24
BAAI/Infinity-Instruct-7M-Gen-Llama3_1-70B,52.4989,66.952,66.7592,66.7592,24
BAAI/Infinity-Instruct-7M-Gen-Llama3_1-8B,30.8888,50.7734,50.4079,50.4079,24
BAAI/Infinity-Instruct-7M-Gen-mistral-7B,28.6979,49.6381,49.3144,49.3144,24
BAAI/OPI-Llama-3.1-8B-Instruct,9.76871,35.5122,35.2022,35.2022,24
BEE-spoke-data/Meta-Llama-3-8Bee,24.199,46.2636,46.2073,46.2073,24
BEE-spoke-data/smol_llama-101M-GQA,3.198,30.1756,29.7691,29.7691,24
BEE-spoke-data/smol_llama-220M-GQA,3.03784,30.3167,29.9774,29.9774,24
BEE-spoke-data/smol_llama-220M-GQA-fineweb_edu,2.3149,29.2905,28.9707,28.9707,24
BEE-spoke-data/smol_llama-220M-openhermes,3.10769,30.2752,29.9774,29.9774,24
BEE-spoke-data/tFINE-900m-e16-d32-flan,4.41189,30.2804,30.1163,30.1163,24
BEE-spoke-data/tFINE-900m-e16-d32-flan-infinity-instruct-7m-T2T_en-1024,4.73702,31.3779,31.1578,31.1578,24
BEE-spoke-data/tFINE-900m-e16-d32-instruct_2e,5.01307,31.3457,30.9668,30.9668,24
BEE-spoke-data/tFINE-900m-instruct-orpo,3.2673,30.2209,29.9948,29.9948,24
BSC-LT/salamandra-7b,10.1574,35.1661,35.0981,35.0981,24
BSC-LT/salamandra-7b-instruct,14.6881,38.5132,38.292,38.292,24
Ba2han/Llama-Phi-3_DoRA,37.2492,55.1456,54.9037,54.9037,24
Baptiste-HUVELLE-10/LeTriomphant2.2_ECE_iLAB,61.6123,72.5632,72.3833,72.3833,24
BenevolenceMessiah/Qwen2.5-72B-2x-Instruct-TIES-v1.0,61.9115,72.7311,72.5742,72.5742,24
BenevolenceMessiah/Yi-Coder-9B-Chat-Instruct-TIES-MoE-v1.0,26.878,49.0867,49.0366,49.0366,24
BlackBeenie/Bloslain-8B-v0.2,30.6629,51.1088,50.8766,50.8766,24
BlackBeenie/Llama-3.1-8B-OpenO1-SFT-v0.1,26.0343,47.8745,47.648,47.648,24
BlackBeenie/Llama-3.1-8B-pythonic-passthrough-merge,9.3599,34.5385,34.1955,34.1955,24
BlackBeenie/Neos-Gemma-2-9b,35.6389,55.0298,54.8342,54.8342,24
BlackBeenie/Neos-Llama-3.1-8B,21.0801,44.25,43.9333,43.9333,24
BlackBeenie/Neos-Llama-3.1-base,2.22145,29.3034,28.9186,28.9186,24
BlackBeenie/Neos-Phi-3-14B-v0.1,46.6314,62.1193,62.0205,62.0205,24
BlackBeenie/llama-3-luminous-merged,30.6437,51.5392,51.4147,51.4147,24
BlackBeenie/llama-3.1-8B-Galore-openassistant-guanaco,31.4447,52.1337,51.9528,51.9528,24
Bllossom/llama-3.2-Korean-Bllossom-AICA-5B,18.6502,42.9307,42.7704,42.7704,24
BoltMonkey/DreadMix,34.845,54.351,54.2267,54.2267,24
BoltMonkey/NeuralDaredevil-SuperNova-Lite-7B-DARETIES-abliterated,30.7599,51.6168,51.5362,51.5362,24
BoltMonkey/NeuralDaredevil-SuperNova-Lite-7B-DARETIES-abliterated,30.7938,51.6168,51.5362,51.5362,24
BoltMonkey/SuperNeuralDreadDevil-8b,32.6122,52.862,52.7165,52.7165,24
BrainWave-ML/llama3.2-3B-maths-orpo,2.34704,29.1178,28.7624,28.7624,24
BramVanroy/GEITje-7B-ultra,12.8799,37.7616,37.5456,37.5456,24
BramVanroy/fietje-2,15.6037,40.3567,40.2187,40.2187,24
BramVanroy/fietje-2-chat,17.719,41.4975,41.3296,41.3296,24
BramVanroy/fietje-2-instruct,17.5725,41.3607,41.156,41.156,24
CYFRAGOVPL/Llama-PLLuM-8B-base,20.2187,43.2045,43.1696,43.1696,24
CYFRAGOVPL/Llama-PLLuM-8B-chat,16.2791,40.7707,40.5659,40.5659,24
CYFRAGOVPL/PLLuM-12B-base,21.2408,43.906,43.725,43.725,24
CYFRAGOVPL/PLLuM-12B-chat,21.3197,44.458,44.3152,44.3152,24
CYFRAGOVPL/PLLuM-12B-nc-base,19.3877,42.7676,42.4232,42.4232,24
CYFRAGOVPL/PLLuM-12B-nc-chat,23.0086,45.7643,45.5997,45.5997,24
CarrotAI/Llama-3.2-Rabbit-Ko-3B-Instruct,21.4973,44.2672,43.9681,43.9681,24
CarrotAI/Llama-3.2-Rabbit-Ko-3B-Instruct-2412,20.1757,43.5772,43.5515,43.5515,24
Casual-Autopsy/L3-Umbral-Mind-RP-v2.0-8B,32.4863,52.6241,52.5082,52.5082,24
CausalLM/14B,24.7809,47.0046,46.7454,46.7454,24
CausalLM/34b-beta,36.6772,55.91,55.4938,55.4938,24
CausalLM/preview-1-hf,10.1009,36.1457,35.966,35.966,24
Changgil/K2S3-14b-v0.2,24.2839,46.1331,45.9642,45.9642,24
Changgil/K2S3-v0.1,24.5596,46.5549,46.3114,46.3114,24
ClaudioItaly/Albacus,31.6389,51.1304,50.8939,50.8939,24
ClaudioItaly/Book-Gut12B,34.6322,54.1737,54.0531,54.0531,24
ClaudioItaly/Evolutionstory-7B-v2.2,31.6239,51.0804,50.8419,50.8419,24
ClaudioItaly/intelligence-cod-rag-7b-v3,34.7762,53.6634,53.3067,53.3067,24
CohereForAI/aya-23-35B,34.8584,53.9955,53.6018,53.6018,24
CohereForAI/aya-23-8B,20.2038,42.9616,42.5621,42.5621,24
CohereForAI/aya-expanse-32b,38.7096,56.4867,56.2923,56.2923,24
CohereForAI/aya-expanse-8b,28.5235,49.772,49.4185,49.4185,24
CohereForAI/c4ai-command-r-plus,39.92,58.1542,58.1323,58.1323,24
CohereForAI/c4ai-command-r-plus-08-2024,42.8369,59.96,59.4862,59.4862,24
CohereForAI/c4ai-command-r-v01,34.5567,54.0642,53.515,53.515,24
CohereForAI/c4ai-command-r7b-12-2024,36.0246,55.0264,54.9384,54.9384,24
Columbia-NLP/LION-Gemma-2b-dpo-v1.0,14.586,39.1996,38.8648,38.8648,24
Columbia-NLP/LION-Gemma-2b-dpo-v1.0,14.243,39.1996,38.8648,38.8648,24
Columbia-NLP/LION-Gemma-2b-odpo-v1.0,14.0239,38.9584,38.6218,38.6218,24
Columbia-NLP/LION-Gemma-2b-sft-v1.0,14.1172,38.7878,38.4655,38.4655,24
Columbia-NLP/LION-LLaMA-3-8b-dpo-v1.0,30.3564,50.2848,49.8351,49.8351,24
Columbia-NLP/LION-LLaMA-3-8b-odpo-v1.0,30.4572,50.2393,49.783,49.783,24
Columbia-NLP/LION-LLaMA-3-8b-sft-v1.0,30.8843,50.8777,50.5294,50.5294,24
CombinHorizon/Josiefied-abliteratedV4-Qwen2.5-14B-Inst-BaseMerge-TIES,48.1959,63.7009,63.4612,63.4612,24
CombinHorizon/Rombos-Qwen2.5-7B-Inst-BaseMerge-TIES,34.9541,54.0209,53.758,53.758,24
CombinHorizon/YiSM-blossom5.1-34B-SLERP,46.3976,62.0755,61.7775,61.7775,24
CombinHorizon/huihui-ai-abliterated-Qwen2.5-32B-Inst-BaseMerge-TIES,56.0448,69.2925,68.9811,68.9811,24
CombinHorizon/huihui-ai-abliteratedV2-Qwen2.5-14B-Inst-BaseMerge-TIES,47.7673,63.3589,63.1314,63.1314,24
CombinHorizon/zetasepic-abliteratedV2-Qwen2.5-32B-Inst-BaseMerge-TIES,56.8274,69.5517,69.2762,69.2762,24
ContactDoctor/Bio-Medical-3B-CoT-012025,22.2635,43.8315,43.43,43.43,24
ContactDoctor/Bio-Medical-Llama-3-8B,26.1958,48.6312,48.568,48.568,24
CoolSpring/Qwen2-0.5B-Abyme,2.27648,28.6183,28.3284,28.3284,24
CoolSpring/Qwen2-0.5B-Abyme-merge2,3.70904,29.9427,29.8039,29.8039,24
CoolSpring/Qwen2-0.5B-Abyme-merge3,4.30115,30.0314,29.8212,29.8212,24
Corianas/Neural-Mistral-7B,22.4312,44.2802,44.159,44.159,24
Corianas/Quokka_2.7b,3.16527,30.5547,30.2031,30.2031,24
Corianas/llama-3-reactor,21.8886,44.5715,44.5582,44.5582,24
CortexLM/btlm-7b-base-v0.2,16.1933,40.0641,39.8716,39.8716,24
Cran-May/SCE-2-24B,46.3257,62.6469,62.4544,62.4544,24
Cran-May/SCE-3-24B,42.2786,59.7283,59.6077,59.6077,24
Cran-May/T.E-8.1,37.0244,55.8175,55.5806,55.5806,24
Cran-May/merge_model_20250308_2,50.9957,65.8531,65.631,65.631,24
Cran-May/merge_model_20250308_3,46.5685,62.7146,62.4024,62.4024,24
Cran-May/merge_model_20250308_4,52.0237,66.6435,66.4294,66.4294,24
Cran-May/tempmotacilla-cinerea-0308,50.5989,65.884,65.683,65.683,24
CreitinGameplays/Llama-3.1-8B-R1-v0.1,3.21598,30.5749,30.2552,30.2552,24
CultriX/Qwen2.5-14B-Broca,50.0344,65.2715,65.0755,65.0755,24
CultriX/Qwen2.5-14B-BrocaV9,48.0532,63.9138,63.6174,63.6174,24
CultriX/Qwen2.5-14B-Brocav3,49.0491,64.5235,64.3118,64.3118,24
CultriX/Qwen2.5-14B-Brocav6,47.8192,63.8884,63.5827,63.5827,24
CultriX/Qwen2.5-14B-Brocav7,48.9054,64.4403,64.1729,64.1729,24
CultriX/Qwen2.5-14B-Emerged,45.9324,62.6003,62.4024,62.4024,24
CultriX/Qwen2.5-14B-Emergedv3,44.7316,61.9073,61.6386,61.6386,24
CultriX/Qwen2.5-14B-FinalMerge,38.1625,57.1495,57.0387,57.0387,24
CultriX/Qwen2.5-14B-Hyper,49.7599,65.0745,64.8499,64.8499,24
CultriX/Qwen2.5-14B-HyperMarck-dl,43.7859,60.9648,60.8054,60.8054,24
CultriX/Qwen2.5-14B-Hyperionv3,49.9501,65.2217,65.0061,65.0061,24
CultriX/Qwen2.5-14B-Hyperionv4,49.0765,64.7179,64.52,64.52,24
CultriX/Qwen2.5-14B-Hyperionv5,48.9483,64.4266,64.225,64.225,24
CultriX/Qwen2.5-14B-MegaMerge-pt2,50.9079,65.777,65.5095,65.5095,24
CultriX/Qwen2.5-14B-MergeStock,51.0094,65.7934,65.5442,65.5442,24
CultriX/Qwen2.5-14B-ReasoningMerge,50.8679,65.7823,65.7178,65.7178,24
CultriX/Qwen2.5-14B-Ultimav2,50.4411,65.5503,65.4053,65.4053,24
CultriX/Qwen2.5-14B-Unity,42.2586,60.1996,60.0243,60.0243,24
CultriX/Qwen2.5-14B-Wernicke,50.6429,65.6836,65.4227,65.4227,24
CultriX/Qwen2.5-14B-Wernicke-SFT,49.3306,64.6059,64.4333,64.4333,24
CultriX/Qwen2.5-14B-Wernicke-SLERP,49.3723,64.4093,64.1902,64.1902,24
CultriX/Qwen2.5-14B-Wernickev3,44.5763,61.8415,61.656,61.656,24
CultriX/Qwen2.5-14B-partialmergept1,44.5944,61.5118,61.3435,61.3435,24
CultriX/Qwenfinity-2.5-14B,37.2599,56.5501,56.2923,56.2923,24
CultriX/Qwestion-14B,48.757,64.501,64.3291,64.3291,24
CultriX/SeQwence-14B,50.1636,65.0567,64.9193,64.9193,24
CultriX/SeQwence-14B-EvolMerge,50.7804,65.7218,65.5095,65.5095,24
CultriX/SeQwence-14B-EvolMergev1,50.3023,65.4555,65.2491,65.2491,24
CultriX/SeQwence-14B-v5,49.9957,65.1709,65.0234,65.0234,24
CultriX/SeQwence-14Bv1,47.1909,63.4467,63.2182,63.2182,24
CultriX/SeQwence-14Bv2,46.5292,63.0451,62.8016,62.8016,24
CultriX/SeQwence-14Bv3,46.3854,63.0225,62.7669,62.7669,24
DRXD1000/Atlas-7B,7.54021,33.0218,32.8242,32.8242,24
DRXD1000/Phoenix-7B,15.6202,39.3157,39.0036,39.0036,24
DUAL-GPO/zephyr-7b-ipo-0k-15k-i1,22.6586,44.7271,44.4714,44.4714,24
DZgas/GIGABATEMAN-7B,29.8275,50.3218,50.1475,50.1475,24
Daemontatox/AetherDrake-SFT,27.1393,48.7201,48.4465,48.4465,24
Daemontatox/AetherSett,34.7441,54.5162,54.3829,54.3829,24
Daemontatox/AetherTOT,29.4364,50.6606,50.4079,50.4079,24
Daemontatox/AetherTOT,29.0319,50.6606,50.4079,50.4079,24
Daemontatox/AetherUncensored,21.6786,44.6313,44.593,44.593,24
Daemontatox/Cogito-MIS,29.076,50.5998,50.4773,50.4773,24
Daemontatox/CogitoDistil,11.9488,36.7677,36.5388,36.5388,24
Daemontatox/CogitoZ,53.8896,67.3449,66.9849,66.9849,24
Daemontatox/CogitoZ14,46.4794,62.9751,62.8363,62.8363,24
Daemontatox/DocumentCogito,29.7936,51.1156,51.0502,51.0502,24
Daemontatox/DocumentCogito,31.1848,51.1156,51.0502,51.0502,24
Daemontatox/Llama3.3-70B-CogniLink,52.1247,66.6833,66.6898,66.6898,24
Daemontatox/Llama_cot,26.8666,48.3837,47.9431,47.9431,24
Daemontatox/MawaredT1,31.9008,52.1482,51.8834,51.8834,24
Daemontatox/Mini_QwQ,36.2103,55.4899,55.3029,55.3029,24
Daemontatox/NemoR,31.6055,51.9407,51.8834,51.8834,24
Daemontatox/PathFinderAI2.0,52.9565,66.8976,66.5336,66.5336,24
Daemontatox/PathFinderAi3.0,55.5384,68.8422,68.4777,68.4777,24
Daemontatox/PathfinderAI,52.6465,66.6785,66.2732,66.2732,24
Daemontatox/PathfinderAI,52.3222,66.6785,66.2732,66.2732,24
Daemontatox/Phi-4-COT,45.343,61.7293,61.5345,61.5345,24
Daemontatox/PixelParse_AI,29.0319,50.3431,50.0955,50.0955,24
Daemontatox/RA2.0,28.4718,48.8869,48.6547,48.6547,24
Daemontatox/RA_Reasoner,43.073,60.5369,60.3541,60.3541,24
Daemontatox/RA_Reasoner2.0,43.0701,60.6247,60.493,60.493,24
Daemontatox/ReasonTest,35.375,54.3526,54.0705,54.0705,24
Daemontatox/Research_PathfinderAI,1.42635,28.7226,28.3631,28.3631,24
Daemontatox/SphinX,34.7125,54.4058,54.2614,54.2614,24
Daemontatox/Sphinx2.0,49.3968,64.7284,64.4853,64.4853,24
Daemontatox/TinySphinx,6.54658,33.0984,32.8936,32.8936,24
Daemontatox/TinySphinx2.0,5.00403,31.6841,31.4876,31.4876,24
Daemontatox/Zirel-7B-Math,34.9394,54.477,54.192,54.192,24
Daemontatox/Zirel_1.5,15.0821,39.8467,39.5938,39.5938,24
Daemontatox/mini-Cogito-R1,6.039,32.8049,32.6679,32.6679,24
Daemontatox/mini_Pathfinder,16.03,39.5569,39.3508,39.3508,24
Dampfinchen/Llama-3.1-8B-Ultra-Instruct,32.4946,52.5753,52.5082,52.5082,24
Danielbrdz/Barcenas-10b,43.7697,61.2083,61.0137,61.0137,24
Danielbrdz/Barcenas-14b-Phi-3-medium-ORPO,51.0294,64.4527,64.2597,64.2597,24
Danielbrdz/Barcenas-14b-phi-4,53.2577,67.693,67.4883,67.4883,24
Danielbrdz/Barcenas-14b-phi-4-v2,50.2069,65.73,65.7525,65.7525,24
Danielbrdz/Barcenas-3b-GRPO,21.1366,44.1435,44.0896,44.0896,24
Danielbrdz/Barcenas-Llama3-8b-ORPO,28.6006,49.8656,49.6268,49.6268,24
Danielbrdz/Barcenas-R1-Qwen-1.5b,10.4913,35.872,35.7403,35.7403,24
Dans-DiscountModels/12b-mn-dans-reasoning-test-2,26.1089,48.0703,47.7001,47.7001,24
Dans-DiscountModels/12b-mn-dans-reasoning-test-3,25.8486,48.3888,48.2902,48.2902,24
Dans-DiscountModels/Dans-Instruct-CoreCurriculum-12b-ChatML,26.0464,52.4414,52.3347,52.3347,24
Dans-DiscountModels/Dans-Instruct-Mix-8b-ChatML,26.3364,47.3817,47.1446,47.1446,24
Dans-DiscountModels/Dans-Instruct-Mix-8b-ChatML-V0.1.0,26.7377,47.7477,47.5785,47.5785,24
Dans-DiscountModels/Dans-Instruct-Mix-8b-ChatML-V0.1.1,26.4126,47.4865,47.2487,47.2487,24
Dans-DiscountModels/Dans-Instruct-Mix-8b-ChatML-V0.2.0,24.7348,46.2426,46.051,46.051,24
Dans-DiscountModels/Mistral-7b-v0.3-Test-E0.7,26.8208,47.5022,47.3876,47.3876,24
Dans-DiscountModels/mistral-7b-test-merged,28.941,48.7678,48.7589,48.7589,24
Darkknight535/OpenCrystal-12B-L3,31.8445,52.226,51.9875,51.9875,24
DavidAU/DeepHermes-3-Llama-3-8B-Preview-16.5B-Brainstorm,24.9088,47.6223,47.4397,47.4397,24
DavidAU/DeepSeek-BlackRoot-R1-Distill-Llama-3.1-8B,27.6166,48.8694,48.6027,48.6027,24
DavidAU/DeepSeek-Grand-Horror-SMB-R1-Distill-Llama-3.1-16B,22.7771,44.8781,44.6103,44.6103,24
DavidAU/DeepSeek-MOE-4X8B-R1-Distill-Llama-3.1-Deep-Thinker-Uncensored-24B,27.7736,48.8603,48.6721,48.6721,24
DavidAU/DeepSeek-MOE-4X8B-R1-Distill-Llama-3.1-Mad-Scientist-24B,25.6144,47.6938,47.7174,47.7174,24
DavidAU/DeepSeek-R1-Distill-Qwen-25.5B-Brainstorm,38.5485,58.069,58.1323,58.1323,24
DavidAU/DeepSeek-V2-Grand-Horror-SMB-R1-Distill-Llama-3.1-Uncensored-16.5B,22.8784,44.6238,44.402,44.402,24
DavidAU/DeepThought-MOE-8X3B-R1-Llama-3.2-Reasoning-18B,18.8109,42.323,42.1802,42.1802,24
DavidAU/Gemma-The-Writer-9B,41.2723,59.0544,58.9134,58.9134,24
DavidAU/Gemma-The-Writer-DEADLINE-10B,41.0192,58.9609,58.896,58.896,24
DavidAU/Gemma-The-Writer-J.GutenBerg-10B,41.156,59.0942,59.0349,59.0349,24
DavidAU/Gemma-The-Writer-Mighty-Sword-9B,41.3926,59.1196,59.0002,59.0002,24
DavidAU/Gemma-The-Writer-N-Restless-Quill-10B-Uncensored,40.8501,59.2229,59.139,59.139,24
DavidAU/L3-DARKEST-PLANET-16.5B,31.7762,52.3044,52.1611,52.1611,24
DavidAU/L3-Dark-Planet-8B,29.7896,50.8408,50.5989,50.5989,24
DavidAU/L3-Jamet-12.2B-MK.V-Blackroot-Instruct,25.8698,47.6572,47.405,47.405,24
DavidAU/L3-Lumimaid-12.2B-v0.1-OAS-Instruct,24.5048,46.9302,46.728,46.728,24
DavidAU/L3-SMB-Instruct-12.2B-F32,26.131,47.8641,47.6133,47.6133,24
DavidAU/L3-Stheno-Maid-Blackroot-Grand-HORROR-16B,26.692,47.3633,47.1793,47.1793,24
DavidAU/L3-Stheno-v3.2-12.2B-Instruct,27.3696,48.4598,48.0993,48.0993,24
DavidAU/L3.1-Dark-Planet-SpinFire-Uncensored-8B,32.4618,52.6091,52.4215,52.4215,24
DavidAU/L3.1-MOE-2X8B-Deepseek-DeepHermes-e32-uncensored-abliterated-13.7B,21.1978,44.2082,44.4367,44.4367,24
DavidAU/Qwen2.5-MOE-2X1.5B-DeepSeek-Uncensored-Censored-4B,3.02358,30.3261,29.9427,29.9427,24
DavidAU/Qwen2.5-MOE-2X7B-DeepSeek-Abliterated-Censored-19B,10.8702,35.9227,35.6362,35.6362,24
DavidAU/Qwen2.5-MOE-6x1.5B-DeepSeek-Reasoning-e32,6.21896,32.8618,32.6332,32.6332,24
Davidsv/SUONG-1,1.82724,28.1713,27.7556,27.7556,24
DavieLion/Llama-3.2-1B-SPIN-iter0,2.10083,29.3008,28.9533,28.9533,24
DavieLion/Llama-3.2-1B-SPIN-iter0,2.33067,29.3008,28.9533,28.9533,24
DavieLion/Llama-3.2-1B-SPIN-iter1,2.43377,29.4025,29.1095,29.1095,24
DavieLion/Llama-3.2-1B-SPIN-iter2,3.15734,29.8034,29.3525,29.3525,24
DavieLion/Llama-3.2-1B-SPIN-iter3,3.1395,29.7523,29.3005,29.3005,24
DavieLion/Llama-3.2-1B-SPIN-iter3,3.02851,29.7523,29.3005,29.3005,24
DavieLion/Lllma-3.2-1B,2.43812,29.6469,29.3525,29.3525,24
DebateLabKIT/Llama-3.1-Argunaut-1-8B-SFT,27.1878,48.2383,48.0299,48.0299,24
Deci/DeciLM-7B,21.2527,44.2286,43.9507,43.9507,24
Deci/DeciLM-7B-instruct,23.8871,45.8975,45.6865,45.6865,24
DeepAutoAI/Explore_Llama-3.1-8B-Inst,30.3933,51.1742,51.0502,51.0502,24
DeepAutoAI/Explore_Llama-3.2-1B-Inst,8.29227,34.8646,34.6468,34.6468,24
DeepAutoAI/Explore_Llama-3.2-1B-Inst_v0,7.04277,33.6509,33.4317,33.4317,24
DeepAutoAI/Explore_Llama-3.2-1B-Inst_v1,4.25778,31.4148,31.0363,31.0363,24
DeepAutoAI/Explore_Llama-3.2-1B-Inst_v1.1,8.81815,31.288,30.9321,30.9321,24
DeepAutoAI/causal_gpt2,2.63334,30.2571,29.9427,29.9427,24
DeepAutoAI/d2nwg_Llama-3.1-8B-Instruct-v0.0,30.5101,50.8041,50.46,50.46,24
DeepAutoAI/d2nwg_causal_gpt2,2.85057,30.269,29.9254,29.9254,24
DeepAutoAI/d2nwg_causal_gpt2_v1,2.38728,29.919,29.5608,29.5608,24
DeepAutoAI/ldm_soup_Llama-3.1-8B-Inst,31.1016,51.2117,50.8592,50.8592,24
DeepAutoAI/ldm_soup_Llama-3.1-8B-Instruct-v0.0,31.1626,51.2518,50.8939,50.8939,24
DeepAutoAI/ldm_soup_Llama-3.1-8B-Instruct-v0.1,31.1626,51.2518,50.8939,50.8939,24
DeepMount00/Lexora-Lite-3B,28.4363,48.7339,48.4291,48.4291,24
DeepMount00/Lexora-Lite-3B_v2,27.1685,48.1177,47.9951,47.9951,24
DeepMount00/Lexora-Medium-7B,32.6953,51.4484,51.1543,51.1543,24
DeepMount00/Llama-3-8b-Ita,28.0777,49.3577,49.1755,49.1755,24
DeepMount00/Llama-3.1-8b-ITA,30.9332,51.7,51.3973,51.3973,24
DeepMount00/Llama-3.1-8b-Ita,31.3336,51.7,51.3973,51.3973,24
DeepMount00/Llama-3.1-Distilled,30.8414,51.0088,50.6856,50.6856,24
DeepMount00/Qwen2-1.5B-Ita,15.423,39.8058,39.4723,39.4723,24
DeepMount00/Qwen2-1.5B-Ita_v2,15.1061,39.5383,39.2119,39.2119,24
DeepMount00/Qwen2-1.5B-Ita_v3,15.2265,39.4848,39.1252,39.1252,24
DeepMount00/Qwen2-1.5B-Ita_v5,16.487,40.3204,39.941,39.941,24
DeepMount00/Qwen2-1.5B-Ita_v6,19.0938,42.4861,42.1107,42.1107,24
DeepMount00/Qwen2.5-7B-Instruct-MathCoder,2.63667,29.9844,29.665,29.665,24
DeepMount00/mergekit-ties-okvgjfz,2.63667,29.9844,29.665,29.665,24
Delta-Vector/Baldur-8B,32.5418,53.0584,52.9248,52.9248,24
Delta-Vector/Control-8B,29.1551,50.4146,50.2864,50.2864,24
Delta-Vector/Control-8B-V1.1,28.7259,49.9284,49.7483,49.7483,24
Delta-Vector/Darkens-8B,32.8838,52.5059,52.2132,52.2132,24
Delta-Vector/Henbane-7b-attempt2,30.8658,50.6118,50.2517,50.2517,24
Delta-Vector/Odin-9B,34.8324,54.4025,54.2093,54.2093,24
Delta-Vector/Tor-8B,31.7382,52.0911,51.8486,51.8486,24
DevQuasar/DevQuasar-R1-Uncensored-Llama-8B,30.2202,51.1794,51.0849,51.0849,24
Dongwei/DeepSeek-R1-Distill-Qwen-7B-GRPO,7.8827,34.4257,34.1087,34.1087,24
DoppelReflEx/L3-8B-R1-WolfCore,33.7601,53.1795,53.029,53.029,24
DoppelReflEx/L3-8B-R1-WolfCore-V1.5-test,33.4595,53.1495,52.9596,52.9596,24
DoppelReflEx/L3-8B-WolfCore,31.2901,51.8198,51.6403,51.6403,24
DoppelReflEx/MN-12B-FoxFrame-test,34.5598,54.5638,54.3308,54.3308,24
DoppelReflEx/MN-12B-FoxFrame2-test,34.9967,54.848,54.5912,54.5912,24
DoppelReflEx/MN-12B-FoxFrame3-test,34.0412,53.9476,53.6192,53.6192,24
DoppelReflEx/MN-12B-Kakigori,34.3313,54.1553,53.8969,53.8969,24
DoppelReflEx/MN-12B-LilithFrame,27.4921,49.4426,49.1061,49.1061,24
DoppelReflEx/MN-12B-LilithFrame,27.6535,49.4426,49.1061,49.1061,24
DoppelReflEx/MN-12B-LilithFrame-Experiment-2,28.1112,49.8267,49.54,49.54,24
DoppelReflEx/MN-12B-LilithFrame-Experiment-3,34.9983,54.6808,54.4176,54.4176,24
DoppelReflEx/MN-12B-LilithFrame-Experiment-4,35.7777,55.3437,55.0252,55.0252,24
DoppelReflEx/MN-12B-Mimicore-GreenSnake,35.3906,54.8051,54.5912,54.5912,24
DoppelReflEx/MN-12B-Mimicore-Nocturne,38.3987,57.0333,56.7783,56.7783,24
DoppelReflEx/MN-12B-Mimicore-Orochi,35.2832,54.9774,54.6259,54.6259,24
DoppelReflEx/MN-12B-Mimicore-Orochi-v2-Experiment,32.7747,53.2253,52.8554,52.8554,24
DoppelReflEx/MN-12B-Mimicore-Orochi-v3-Experiment,34.5695,54.3782,54.1399,54.1399,24
DoppelReflEx/MN-12B-Mimicore-Orochi-v4-Experiment,35.2991,54.625,54.2441,54.2441,24
DoppelReflEx/MN-12B-Mimicore-WhiteSnake,36.8997,56.0461,55.6674,55.6674,24
DoppelReflEx/MN-12B-Mimicore-WhiteSnake-v2-Experiment-1,27.078,48.6564,48.4465,48.4465,24
DoppelReflEx/MN-12B-Mimicore-WhiteSnake-v2-Experiment-2,30.6657,51.8475,51.5709,51.5709,24
DoppelReflEx/MN-12B-Mimicore-WhiteSnake-v2-Experiment-3,26.3214,48.118,47.7174,47.7174,24
DoppelReflEx/MN-12B-Mimicore-WhiteSnake-v2-Experiment-4,31.4229,51.8475,51.5709,51.5709,24
DoppelReflEx/MN-12B-Unleashed-Twilight,35.9761,55.2063,54.9731,54.9731,24
DoppelReflEx/MN-12B-WolFrame,29.9919,51.1681,50.8592,50.8592,24
DoppelReflEx/MiniusLight-24B,46.003,62.5646,62.3676,62.3676,24
DoppelReflEx/MiniusLight-24B-test,46.957,63.3393,63.2008,63.2008,24
DoppelReflEx/MiniusLight-24B-v1b-test,50.6381,66.1715,65.9087,65.9087,24
DoppelReflEx/MiniusLight-24B-v1c-test,52.8407,67.5268,67.3668,67.3668,24
DoppelReflEx/MiniusLight-24B-v1d-test,52.3584,67.1203,66.9328,66.9328,24
DreadPoor/Again-8B-Model_Stock,33.2595,53.098,52.9769,52.9769,24
DreadPoor/Alita99-8B-LINEAR,35.0089,54.4177,54.2614,54.2614,24
DreadPoor/AnotherTest,25.1971,46.8341,46.5544,46.5544,24
DreadPoor/Aspire-8B-model_stock,32.5343,52.7825,52.6124,52.6124,24
DreadPoor/Aspire_1.3-8B_model-stock,32.6619,53.0164,52.8901,52.8901,24
DreadPoor/Aspire_V2-8B-Model_Stock,33.3274,53.2965,53.2026,53.2026,24
DreadPoor/Aspire_V2.1-8B-Model_Stock,32.1879,52.364,52.2479,52.2479,24
DreadPoor/Aspire_V2_ALT-8B-Model_Stock,32.4452,52.6582,52.543,52.543,24
DreadPoor/Aspire_V2_ALT_ROW-8B-Model_Stock,32.4452,52.6582,52.543,52.543,24
DreadPoor/Aspire_V3-8B-Model_Stock,32.6837,52.6796,52.6298,52.6298,24
DreadPoor/Aspire_V4-8B-Model_Stock,33.206,53.1404,53.0811,53.0811,24
DreadPoor/Aspire_V4_ALT-8B-Model_Stock,32.6354,52.6823,52.6298,52.6298,24
DreadPoor/Asymmetric_Linearity-8B-Model_Stock,35.4412,54.6536,54.4871,54.4871,24
DreadPoor/Aurora_faustus-8B-LINEAR,36.2635,55.1554,54.9905,54.9905,24
DreadPoor/Aurora_faustus-8B-LORABLATED,34.1999,53.916,53.8275,53.8275,24
DreadPoor/Aurora_faustus-8B-LORABLATED_ALT,34.2115,53.8767,53.7754,53.7754,24
DreadPoor/Autumn_Dawn-8B-LINEAR,35.8456,54.5944,54.3829,54.3829,24
DreadPoor/BaeZel-8B-LINEAR,35.5354,54.638,54.5044,54.5044,24
DreadPoor/BaeZel-8B-Model_Stock,34.6436,54.0768,53.8969,53.8969,24
DreadPoor/BaeZel_V2-8B-Model_Stock,34.4487,53.7387,53.515,53.515,24
DreadPoor/BaeZel_V2_ALT-8B-Model_Stock,34.4487,53.7387,53.515,53.515,24
DreadPoor/BaeZel_V3-8B-Model_Stock,34.4087,53.9231,53.758,53.758,24
DreadPoor/Blunt_Edge-8B-SLERP,34.1414,53.8947,53.7407,53.7407,24
DreadPoor/BulkUp,1.66129,28.6986,28.2763,28.2763,24
DreadPoor/Cadence-8B-LINEAR,34.9144,54.3336,54.1399,54.1399,24
DreadPoor/Caelid-8B-Model_Stock,35.2371,54.5961,54.435,54.435,24
DreadPoor/Casuar-9B-Model_Stock,43.9273,61.0668,60.9443,60.9443,24
DreadPoor/Condensed_Milk-8B-Model_Stock,35.1206,54.3486,54.1573,54.1573,24
DreadPoor/CoolerCoder-8B-LINEAR,26.3654,47.615,47.457,47.457,24
DreadPoor/Damasteel-8B-LINEAR,34.1061,53.8814,53.7233,53.7233,24
DreadPoor/Dearly_Beloved-8B-TIES,16.6718,40.4983,40.2534,40.2534,24
DreadPoor/Decayed-8B-LINEAR,34.4905,54.1701,53.9663,53.9663,24
DreadPoor/Derivative-8B-Model_Stock,34.2488,53.9549,53.8275,53.8275,24
DreadPoor/Derivative_V2-8B-Model_Stock,34.4903,53.9264,53.7927,53.7927,24
DreadPoor/Derivative_V2_ALT-8B-Model_Stock,34.0934,53.6535,53.515,53.515,24
DreadPoor/Derivative_V3-8B-Model_Stock,32.4207,52.432,52.1611,52.1611,24
DreadPoor/Elusive_Dragon_Heart-8B-LINEAR,35.3102,54.5641,54.4003,54.4003,24
DreadPoor/Emu_Eggs-9B-Model_Stock,42.7837,60.5166,60.4409,60.4409,24
DreadPoor/Eunoia_Vespera-8B-LINEAR,34.2161,53.9931,53.8622,53.8622,24
DreadPoor/Fu_sion_HA-8B-SLERP,34.0529,53.728,53.5671,53.5671,24
DreadPoor/HOT_STINKING_GARBAGE,27.8514,48.84,48.7589,48.7589,24
DreadPoor/H_the_eighth-8B-LINEAR,34.1542,53.8375,53.6712,53.6712,24
DreadPoor/Happy_New_Year-8B-Model_Stock,34.0001,53.6791,53.5497,53.5497,24
DreadPoor/Heart_Stolen-8B-Model_Stock,34.4448,53.9544,53.8275,53.8275,24
DreadPoor/Heart_Stolen-ALT-8B-Model_Stock,32.3544,52.6338,52.5256,52.5256,24
DreadPoor/Here_We_Go_Again-8B-SLERP,35.5315,54.6018,54.435,54.435,24
DreadPoor/Howdy-8B-LINEAR,34.2271,53.8398,53.758,53.758,24
DreadPoor/Incidental-8B-Model_Stock,35.1577,54.5207,54.3656,54.3656,24
DreadPoor/Irina-8B-model_stock,32.0883,52.3664,52.2305,52.2305,24
DreadPoor/Kindling-8B-Model_Stock,35.7788,54.9205,54.7822,54.7822,24
DreadPoor/L3.1-BaeZel-8B-Della,35.1575,54.4845,54.3308,54.3308,24
DreadPoor/Laughing_Stock-8B-Model_Stock,34.9382,54.4943,54.3135,54.3135,24
DreadPoor/Lava_Lamp-8B-SLERP,33.8027,53.6759,53.5844,53.5844,24
DreadPoor/LemonP-8B-Model_Stock,35.3715,54.3935,54.2441,54.2441,24
DreadPoor/Lydia_of_Whiterun-8B-LINEAR,33.8691,53.7953,53.5844,53.5844,24
DreadPoor/Matryoshka-8B-LINEAR,35.1109,54.4428,54.3135,54.3135,24
DreadPoor/Mercury_In_Retrograde-8b-Model-Stock,34.3849,53.9051,53.6712,53.6712,24
DreadPoor/Minthy-8B-Model_Stock,34.17,53.5295,53.3588,53.3588,24
DreadPoor/Minthy_ALT-8B-Model_Stock,34.1683,53.748,53.6365,53.6365,24
DreadPoor/Minthy_V2-8B-Model_Stock,35.8227,54.911,54.7474,54.7474,24
DreadPoor/Minus_Penus-8B-Model_Stock,33.5708,53.4378,53.1505,53.1505,24
DreadPoor/Morphing-8B-Model_Stock,34.4524,53.9694,53.7927,53.7927,24
DreadPoor/Not_Even_My_Final_Form-8B-Model_Stock,33.719,53.5085,53.3414,53.3414,24
DreadPoor/Nother_One-8B-Model_Stock,31.9211,52.0453,51.9875,51.9875,24
DreadPoor/Noxis-8B-LINEAR,34.8223,54.2096,53.9837,53.9837,24
DreadPoor/Nullsworn-12B-LINEAR,35.5124,54.8305,54.4524,54.4524,24
DreadPoor/Nwah-8B-Model_Stock,34.1131,53.8427,53.6539,53.6539,24
DreadPoor/ONeil-model_stock-8B,36.4126,55.4834,55.3723,55.3723,24
DreadPoor/Oh_Boy-8B-LINEAR,34.1433,53.7511,53.5671,53.5671,24
DreadPoor/OrangeJ-8B-Model_Stock,35.1508,54.1348,53.8795,53.8795,24
DreadPoor/Promissum_Mane-8B-LINEAR,35.2532,54.5768,54.4003,54.4003,24
DreadPoor/Promissum_Mane-8B-LINEAR-lorablated,34.6091,54.3518,54.2961,54.2961,24
DreadPoor/RPMash-8B-Model_Stock,31.1126,51.6909,51.432,51.432,24
DreadPoor/RPMash_V3-8B-Model_Stock,31.991,52.1745,52.0743,52.0743,24
DreadPoor/Rusted_Gold-8B-LINEAR,34.1209,53.8665,53.6192,53.6192,24
DreadPoor/Rusted_Platinum-8B-LINEAR,34.7857,54.2787,54.1399,54.1399,24
DreadPoor/Rusted_Platinum-8B-Model_Stock,32.3693,52.4284,52.2826,52.2826,24
DreadPoor/Sellen-8B-model_stock,31.361,52.3168,52.2305,52.2305,24
DreadPoor/Something-8B-Model_Stock,34.5399,53.9503,53.8275,53.8275,24
DreadPoor/Spring_Dusk-8B-SCE,37.7648,56.3527,56.1882,56.1882,24
DreadPoor/Summer_Dawn-8B-SCE,34.6285,53.9111,53.6886,53.6886,24
DreadPoor/Summer_Dusk-8B-TIES,33.8308,53.5966,53.4456,53.4456,24
DreadPoor/Summer_Rain-8B-SCE,40.6185,58.4595,58.3753,58.3753,24
DreadPoor/Summer_Rain-8B-TIES,40.6185,58.4595,58.3753,58.3753,24
DreadPoor/Sun-8B-Model_Stock,32.9546,52.6351,52.4215,52.4215,24
DreadPoor/Sweetened_Condensed_Milk-8B-Model_Stock,34.6709,54.0629,53.8795,53.8795,24
DreadPoor/TEST02-Ignore,37.1322,56.0164,55.9104,55.9104,24
DreadPoor/TEST03-ignore,34.3874,53.8341,53.6712,53.6712,24
DreadPoor/TEST06-ignore,35.9241,55.0906,55.0599,55.0599,24
DreadPoor/TEST07-ignore,36.8814,55.6128,55.4765,55.4765,24
DreadPoor/TEST08-ignore,35.3506,54.5352,54.3482,54.3482,24
DreadPoor/Trinas_Nectar-8B-model_stock,31.9751,52.5612,52.4562,52.4562,24
DreadPoor/UNTESTED-VENN_1.2-8B-Model_Stock,35.4271,54.7503,54.5565,54.5565,24
DreadPoor/VENN_1.2-8B-Model_Stock,35.1254,54.5881,54.4697,54.4697,24
DreadPoor/WIP-Acacia-8B-Model_Stock,31.1624,51.9467,51.6924,51.6924,24
DreadPoor/WIP_Damascus-8B-TIES,34.5223,54.1067,53.9663,53.9663,24
DreadPoor/Wannabe-8B-Model_Stock,34.2789,53.8964,53.6712,53.6712,24
DreadPoor/What_A_Thrill-8B-Model_Stock,32.9488,53.1145,52.9943,52.9943,24
DreadPoor/Winter-8B-SCE,32.5383,52.6173,52.4041,52.4041,24
DreadPoor/Winter_Dusk-8B-TIES,28.2278,49.5188,49.3664,49.3664,24
DreadPoor/Winter_Night-8B-Model_Stock,31.6043,51.8497,51.7098,51.7098,24
DreadPoor/Yafune-8B-Model_Stock,35.2912,54.6672,54.5391,54.5391,24
DreadPoor/Yearn_V3-8B-Model_Stock,33.4124,53.2202,53.1852,53.1852,24
DreadPoor/ZEUS-8B-V17-Abliterated_ALT,32.2576,52.3108,52.109,52.109,24
DreadPoor/Zelus-8B-Model_Stock,33.0582,53.0701,52.9596,52.9596,24
DreadPoor/Zelus_V2-8B-Model_Stock,33.6641,53.4482,53.3414,53.3414,24
DreadPoor/felix_dies-mistral-7B-model_stock,28.8908,49.0092,48.7763,48.7763,24
DreadPoor/hakuchido-8B-MODEL_STOCK,34.5756,53.9837,53.7927,53.7927,24
DreadPoor/ichor-8B-Model_Stock,29.9224,50.8422,50.7551,50.7551,24
DreadPoor/ichor_1.1-8B-Model_Stock,32.6207,52.8068,52.5777,52.5777,24
DreadPoor/inexpertus-8B-Model_Stock,32.4634,52.8019,52.6298,52.6298,24
DreadPoor/inexpertus_1.1-8B-LINEAR,36.1992,55.2464,55.0946,55.0946,24
DreadPoor/inexpertus_1.2-8B-LINEAR,36.0565,55.2344,55.0599,55.0599,24
DreadPoor/mergekit-nuslerp-nqzkedi,34.0952,53.6192,53.515,53.515,24
DreadPoor/remember_to_breathe-8b-Model-Stock,34.679,54.1165,53.949,53.949,24
DreadPoor/test,34.2875,53.7187,53.4456,53.4456,24
DreadPoor/test_ALT,33.9869,53.7043,53.4456,53.4456,24
DreadPoor/tests_pending-do_not_use_yet,34.6745,54.079,53.8275,53.8275,24
EVA-UNIT-01/EVA-Qwen2.5-14B-v0.2,43.6078,60.9024,60.8054,60.8054,24
EVA-UNIT-01/EVA-Qwen2.5-72B-v0.2,59.0667,70.8801,70.5433,70.5433,24
Edgerunners/meta-llama-3-8b-instruct-hf-ortho-baukit-34fail-3000total-bf16,28.2564,49.7991,49.6615,49.6615,24
EleutherAI/gpt-j-6b,4.91282,31.9104,31.6785,31.6785,24
EleutherAI/gpt-neo-1.3B,3.02457,30.3923,30.0816,30.0816,24
EleutherAI/gpt-neo-125m,3.43674,31.1516,30.9148,30.9148,24
EleutherAI/gpt-neo-2.7B,4.1786,31.3952,31.0536,31.0536,24
EleutherAI/gpt-neox-20b,4.92911,31.6504,31.3661,31.3661,24
EleutherAI/pythia-1.4b,3.87899,31.5043,31.1925,31.1925,24
EleutherAI/pythia-12b,4.98753,31.7965,31.6091,31.6091,24
EleutherAI/pythia-160m,2.19883,29.7044,29.3525,29.3525,24
EleutherAI/pythia-1b,2.29399,30.0409,29.6997,29.6997,24
EleutherAI/pythia-2.8b,5.07779,32.2409,32.0604,32.0604,24
EleutherAI/pythia-410m,2.71543,30.2813,29.9427,29.9427,24
EleutherAI/pythia-6.9b,5.88163,32.3229,32.0257,32.0257,24
Enno-Ai/EnnoAi-Pro-French-Llama-3-8B-v0.4,16.8759,40.7495,40.427,40.427,24
Enno-Ai/EnnoAi-Pro-Llama-3-8B,17.5075,41.5158,41.0866,41.0866,24
Enno-Ai/EnnoAi-Pro-Llama-3-8B-v0.3,16.6684,41.0058,40.7047,40.7047,24
Enno-Ai/EnnoAi-Pro-Llama-3.1-8B-v0.9,17.4983,41.6027,41.2081,41.2081,24
EnnoAi/EnnoAi-Pro-Llama-3.1-8B-v1.0,17.4983,41.6027,41.2081,41.2081,24
Epiculous/Azure_Dusk-v0.2,17.3964,41.1972,40.9304,40.9304,24
Epiculous/Crimson_Dawn-v0.2,21.6882,44.8238,44.6103,44.6103,24
Epiculous/NovaSpark,29.5269,50.6396,50.3732,50.3732,24
Epiculous/Violet_Twilight-v0.2,23.9405,46.1455,45.9122,45.9122,24
EpistemeAI/Alpaca-Llama3.1-8B,25.9352,47.5526,47.3876,47.3876,24
EpistemeAI/Athena-gemma-2-2b-it,19.4178,42.6423,42.5621,42.5621,24
EpistemeAI/Athena-gemma-2-2b-it-Philos,13.2121,37.9478,37.6671,37.6671,24
EpistemeAI/Athene-codegemma-2-7b-it-alpaca-v1.3,20.8738,43.3192,43.1696,43.1696,24
EpistemeAI/DeepPhi-3.5-mini-instruct,1.66736,28.8229,28.3805,28.3805,24
EpistemeAI/DeepThinkers-Phi4,53.7867,67.9042,67.6966,67.6966,24
EpistemeAI/FineLlama3.1-8B-Instruct,23.5066,45.5736,45.4435,45.4435,24
EpistemeAI/Fireball-12B,30.6667,51.1089,51.0154,51.0154,24
EpistemeAI/Fireball-12B-v1.13a-philosophers,30.3362,51.027,50.9807,50.9807,24
EpistemeAI/Fireball-Alpaca-Llama-3.1-8B-Philos-DPO-200,26.3778,48.384,48.2555,48.2555,24
EpistemeAI/Fireball-Alpaca-Llama3.1.07-8B-Philos-Math-KTO-beta,26.898,48.6489,48.5332,48.5332,24
EpistemeAI/Fireball-Alpaca-Llama3.1.08-8B-Philos-C-R2,28.247,49.3203,49.1581,49.1581,24
EpistemeAI/Fireball-Meta-Llama-3.1-8B-Instruct-0.001-128K-auto,26.833,48.2364,48.0472,48.0472,24
EpistemeAI/Fireball-Meta-Llama-3.1-8B-Instruct-Agent-0.003-128K,28.0252,48.9732,48.7936,48.7936,24
EpistemeAI/Fireball-Meta-Llama-3.1-8B-Instruct-Agent-0.003-128K-code,28.1719,49.0419,48.7589,48.7589,24
EpistemeAI/Fireball-Meta-Llama-3.1-8B-Instruct-Agent-0.003-128K-code-ds,24.4627,46.6807,46.4503,46.4503,24
EpistemeAI/Fireball-Meta-Llama-3.1-8B-Instruct-Agent-0.003-128K-code-ds-auto,24.5867,46.3443,46.1899,46.1899,24
EpistemeAI/Fireball-Meta-Llama-3.1-8B-Instruct-Agent-0.003-128K-code-ds-auto,23.5443,46.3443,46.1899,46.1899,24
EpistemeAI/Fireball-Meta-Llama-3.1-8B-Instruct-Agent-0.004-128K-code-COT,25.8209,47.6052,47.5265,47.5265,24
EpistemeAI/Fireball-Meta-Llama-3.1-8B-Instruct-Agent-0.004-128K-code-ds-auto,26.4521,48.178,47.9951,47.9951,24
EpistemeAI/Fireball-Meta-Llama-3.1-8B-Instruct-Math,28.9593,49.8295,49.6442,49.6442,24
EpistemeAI/Fireball-Meta-Llama-3.2-8B-Instruct-agent-003-128k-code-DPO,26.3179,48.0101,47.8389,47.8389,24
EpistemeAI/Fireball-Mistral-Nemo-Base-2407-v1-DPO2,28.5678,49.6777,49.5227,49.5227,24
EpistemeAI/Fireball-R1-Llama-3.1-8B,10.2737,36.435,36.209,36.209,24
EpistemeAI/Llama-3.2-3B-Agent007-Coder,19.0258,43.0376,43.0481,43.0481,24
EpistemeAI/Mistral-Nemo-Instruct-12B-Philosophy-Math,33.8358,53.6493,53.4282,53.4282,24
EpistemeAI/OpenReasoner-Llama-3.2-3B-rs1.0,22.8078,45.1859,44.9228,44.9228,24
EpistemeAI/Polypsyche-Llama-3.1-8B-Instruct-Agent-0.003-128K-code-ds-auto-Empathy,24.4194,46.2799,46.1725,46.1725,24
EpistemeAI/Polypsyche-Llama-3.1-8B-Instruct-Agent-0.003-128K-code-ds-auto-Logic,23.5765,45.6594,45.5303,45.5303,24
EpistemeAI/Polypsyche-Llama-3.1-8B-Instruct-Agent-0.003-128K-code-ds-auto-divergent,22.8904,45.2473,44.9748,44.9748,24
EpistemeAI/Reasoning-Llama-3.1-CoT-RE1-NMT,25.5441,47.3576,47.3008,47.3008,24
EpistemeAI/Reasoning-Llama-3.1-CoT-RE1-NMT-V2-ORPO,25.8956,48.0422,47.8736,47.8736,24
EpistemeAI/Reasoning-Llama-3.2-1B-Instruct-v1.2,6.57721,33.245,32.9977,32.9977,24
EpistemeAI/Reasoning-Llama-3.2-1B-Instruct-v1.3,6.11115,32.6282,32.3208,32.3208,24
EpistemeAI/Reasoning-Llama-3.2-3B-Math-Instruct-RE1,20.7289,43.8108,43.7077,43.7077,24
EpistemeAI/Reasoning-Llama-3.2-3B-Math-Instruct-RE1-ORPO,23.0047,45.1819,44.9748,44.9748,24
EpistemeAI/ReasoningCore-3B-T1_1,23.095,45.2394,45.0095,45.0095,24
EpistemeAI2/Athene-codegemma-2-7b-it-alpaca-v1.2,18.9714,41.7542,41.347,41.347,24
EpistemeAI2/Fireball-12B-v1.2,29.776,50.1858,49.9392,49.9392,24
EpistemeAI2/Fireball-Alpaca-Llama3.1-8B-Philos,29.2592,49.7758,49.6962,49.6962,24
EpistemeAI2/Fireball-Alpaca-Llama3.1.01-8B-Philos,28.6285,49.5611,49.4532,49.4532,24
EpistemeAI2/Fireball-Alpaca-Llama3.1.03-8B-Philos,27.9925,49.5087,49.4011,49.4011,24
EpistemeAI2/Fireball-Alpaca-Llama3.1.04-8B-Philos,27.9638,49.3001,49.1581,49.1581,24
EpistemeAI2/Fireball-Alpaca-Llama3.1.06-8B-Philos-dpo,27.2072,48.8077,48.6721,48.6721,24
EpistemeAI2/Fireball-Alpaca-Llama3.1.07-8B-Philos-Math,26.9012,48.4702,48.3249,48.3249,24
EpistemeAI2/Fireball-Alpaca-Llama3.1.08-8B-C-R1-KTO-Reflection,27.5716,49.5531,49.3491,49.3491,24
EpistemeAI2/Fireball-Alpaca-Llama3.1.08-8B-Philos-C-R1,26.7637,48.2793,48.1514,48.1514,24
EpistemeAI2/Fireball-Llama-3.1-8B-Philos-Reflection,27.7698,48.9769,48.7589,48.7589,24
EpistemeAI2/Fireball-MathMistral-Nemo-Base-2407-v2dpo,21.1455,43.2764,42.8919,42.8919,24
EpistemeAI2/Fireball-Meta-Llama-3.1-8B-Instruct-Agent-0.003-128K-code-math,26.7438,48.0756,47.891,47.891,24
EpistemeAI2/Fireball-Meta-Llama-3.1-8B-Instruct-Agent-0.005-128K-code-COT,26.401,47.9083,47.7695,47.7695,24
EpistemeAI2/Fireball-Phi-3-medium-4k-inst-Philos,46.2089,61.7784,61.5692,61.5692,24
Eric111/CatunaMayo,33.2994,52.4364,52.2652,52.2652,24
Eric111/CatunaMayo-DPO,33.09,52.2399,52.0396,52.0396,24
Etherll/Chocolatine-3B-Instruct-DPO-Revised-Ties,35.5833,54.1065,53.9663,53.9663,24
Etherll/Chocolatine-3B-Instruct-DPO-Revised-Ties-v2,35.5833,54.1065,53.9663,53.9663,24
Etherll/Herplete-LLM-Llama-3.1-8b,28.9526,53.4725,53.3935,53.3935,24
Etherll/Herplete-LLM-Llama-3.1-8b,33.2066,53.4725,53.3935,53.3935,24
Etherll/Herplete-LLM-Llama-3.1-8b-Ties,33.0709,53.3798,53.2894,53.2894,24
Etherll/Qwen2.5-7B-della-test,35.5469,54.4733,54.1746,54.1746,24
Etherll/Qwen2.5-Coder-7B-Instruct-Ties,28.0083,48.9514,48.6721,48.6721,24
Etherll/Replete-LLM-V3-Llama-3.1-8b,22.9025,45.4338,45.1658,45.1658,24
Etherll/SuperHermes,32.8403,52.8953,52.6298,52.6298,24
Eurdem/Defne-llama3.1-8B,32.8224,53.0918,52.9075,52.9075,24
FINGU-AI/L3-8B,28.8058,49.8559,49.7309,49.7309,24
FINGU-AI/Phi-4-RRStock,48.6822,64.4344,64.225,64.225,24
FINGU-AI/Q-Small-3B,21.3865,43.1853,42.9092,42.9092,24
FINGU-AI/QwQ-Buddy-32B-Alpha,48.731,64.2442,64.0167,64.0167,24
FINGU-AI/RomboUltima-32B,56.6738,69.3845,69.0679,69.0679,24
FallenMerick/Chewy-Lemon-Cookie-11B,33.0143,52.5112,52.2132,52.2132,24
Felladrin/Llama-160M-Chat-v1,3.16676,30.3608,29.9774,29.9774,24
Felladrin/Minueza-32M-UltraChat,2.43729,29.4148,29.1616,29.1616,24
FlofloB/100k_fineweb_continued_pretraining_Qwen2.5-0.5B-Instruct_Unsloth_merged_16bit,7.34783,33.2339,33.1193,33.1193,24
FlofloB/10k_continued_pretraining_Phi-3-mini-4k-instruct_Unsloth_merged_16bit,32.6078,52.1499,52.0396,52.0396,24
FlofloB/10k_continued_pretraining_Qwen2.5-0.5B-Instruct_Unsloth_merged_16bit,7.53023,33.0552,32.9283,32.9283,24
FlofloB/40k_continued_pretraining_Qwen2.5-0.5B-Instruct_Unsloth_merged_16bit,7.53209,33.2461,33.1019,33.1019,24
FlofloB/83k_continued_pretraining_Qwen2.5-0.5B-Instruct_Unsloth_merged_16bit,8.13227,33.4653,33.4491,33.4491,24
FlofloB/smollm2-135M_pretrained_1000k_fineweb,2.70874,29.1794,28.7971,28.7971,24
FlofloB/smollm2-135M_pretrained_1000k_fineweb_uncovai_human_removed,3.27427,30.6643,30.3767,30.3767,24
FlofloB/smollm2-135M_pretrained_1000k_fineweb_uncovai_selected,2.11341,29.3178,28.9707,28.9707,24
FlofloB/smollm2-135M_pretrained_1200k_fineweb,2.2373,29.4098,29.0227,29.0227,24
FlofloB/smollm2-135M_pretrained_1200k_fineweb_uncovai_human_removed,2.84942,29.4962,29.2484,29.2484,24
FlofloB/smollm2-135M_pretrained_1200k_fineweb_uncovai_selected,2.20655,29.6047,29.2484,29.2484,24
FlofloB/smollm2-135M_pretrained_1400k_fineweb,2.1601,29.2178,28.8492,28.8492,24
FlofloB/smollm2-135M_pretrained_1400k_fineweb_uncovai_human_removed,2.63003,29.9239,29.6129,29.6129,24
FlofloB/smollm2-135M_pretrained_1400k_fineweb_uncovai_selected,2.63162,29.1673,28.8492,28.8492,24
FlofloB/smollm2-135M_pretrained_200k_fineweb_uncovai_human_removed,2.82254,30.2874,29.9774,29.9774,24
FlofloB/smollm2-135M_pretrained_200k_fineweb_uncovai_selected,2.32235,29.2719,28.988,28.988,24
FlofloB/smollm2-135M_pretrained_400k_fineweb,1.88977,29.7234,29.4046,29.4046,24
FlofloB/smollm2-135M_pretrained_400k_fineweb_uncovai_human_removed,3.57549,30.488,30.151,30.151,24
FlofloB/smollm2-135M_pretrained_400k_fineweb_uncovai_selected,2.07347,29.2517,28.9533,28.9533,24
FlofloB/smollm2-135M_pretrained_600k_fineweb,3.42405,30.1372,29.7171,29.7171,24
FlofloB/smollm2-135M_pretrained_600k_fineweb_uncovai_human_removed,2.41875,30.0017,29.7518,29.7518,24
FlofloB/smollm2-135M_pretrained_600k_fineweb_uncovai_selected,2.16516,29.8344,29.5088,29.5088,24
FlofloB/smollm2-135M_pretrained_800k_fineweb,2.34839,29.5944,29.231,29.231,24
FlofloB/smollm2-135M_pretrained_800k_fineweb_uncovai_human_removed,3.2107,30.381,30.0642,30.0642,24
FlofloB/smollm2-135M_pretrained_800k_fineweb_uncovai_selected,1.92286,29.4281,29.0575,29.0575,24
FlofloB/smollm2_pretrained_200k_fineweb,2.87252,29.9468,29.5956,29.5956,24
FlofloB/test_continued_pretraining_Phi-3-mini-4k-instruct_Unsloth_merged_16bit,32.8824,52.4083,52.3867,52.3867,24
FuJhen/ft-openhermes-25-mistral-7b-irca-dpo-pairs,26.5969,47.7303,47.4744,47.4744,24
FuJhen/mistral-instruct-7B-DPO,24.9258,46.2391,46.2073,46.2073,24
FuJhen/mistral_7b_v0.1_structedData_e2e,18.0624,41.1391,40.9651,40.9651,24
FuJhen/mistral_7b_v0.1_structedData_viggo,23.9602,45.2386,45.1137,45.1137,24
FuseAI/FuseChat-7B-v2.0,29.3416,49.5421,49.2449,49.2449,24
FuseAI/FuseChat-Llama-3.1-8B-Instruct,30.8481,51.1989,50.946,50.946,24
FuseAI/FuseChat-Llama-3.2-3B-Instruct,24.2199,46.5837,46.3982,46.3982,24
FuseAI/FuseChat-Qwen-2.5-7B-Instruct,36.2513,55.26,54.9731,54.9731,24
GalrionSoftworks/MN-LooseCannon-12B-v1,29.9761,51.2818,50.9113,50.9113,24
GalrionSoftworks/MagnusIntellectus-12B-v1,33.2623,53.2301,52.8207,52.8207,24
GenVRadmin/AryaBhatta-GemmaOrca-2-Merged,13.6616,38.8749,38.4308,38.4308,24
GenVRadmin/AryaBhatta-GemmaOrca-Merged,17.6836,41.3063,41.0866,41.0866,24
GenVRadmin/AryaBhatta-GemmaUltra-Merged,17.9683,41.4145,41.1213,41.1213,24
GenVRadmin/llama38bGenZ_Vikas-Merged,23.1319,45.3598,45.2178,45.2178,24
GoToCompany/gemma2-9b-cpt-sahabatai-v1-instruct,41.8665,59.5455,59.4862,59.4862,24
GoToCompany/llama3-8b-cpt-sahabatai-v1-instruct,28.5395,49.5129,49.3664,49.3664,24
Goekdeniz-Guelmez/Josiefied-Qwen2.5-0.5B-Instruct-abliterated-v1,6.84579,32.6831,32.5464,32.5464,24
Goekdeniz-Guelmez/Josiefied-Qwen2.5-0.5B-Instruct-abliterated-v1,7.22117,32.6831,32.5464,32.5464,24
Goekdeniz-Guelmez/Josiefied-Qwen2.5-1.5B-Instruct-abliterated-v1,18.306,41.8601,41.4859,41.4859,24
Goekdeniz-Guelmez/Josiefied-Qwen2.5-1.5B-Instruct-abliterated-v2,16.4995,40.4189,40.0972,40.0972,24
Goekdeniz-Guelmez/Josiefied-Qwen2.5-1.5B-Instruct-abliterated-v3,16.4397,40.5345,40.2187,40.2187,24
Goekdeniz-Guelmez/Josiefied-Qwen2.5-14B-Instruct-abliterated-v4,48.0523,63.5564,63.3223,63.3223,24
Goekdeniz-Guelmez/Josiefied-Qwen2.5-7B-Instruct-abliterated-v2,33.334,53.0967,52.8554,52.8554,24
Goekdeniz-Guelmez/j.o.s.i.e.v4o-1.5b-dpo-stage1-v1,17.748,41.2421,40.861,40.861,24
Goekdeniz-Guelmez/josie-3b-v6.0,22.8711,44.9615,44.7492,44.7492,24
Goekdeniz-Guelmez/josie-7b-v6.0,30.4448,51.0486,50.946,50.946,24
Goekdeniz-Guelmez/josie-7b-v6.0-step2000,30.0811,51.0713,50.8592,50.8592,24
Goekdeniz-Guelmez/josie-7b-v6.0-step2000,30.3958,51.0713,50.8592,50.8592,24
GreenNode/GreenNode-small-9B-it,41.8999,59.9384,59.8334,59.8334,24
GritLM/GritLM-7B-KTO,27.9043,48.5294,48.0646,48.0646,24
GritLM/GritLM-8x7B-KTO,40.8262,58.203,57.8893,57.8893,24
Groq/Llama-3-Groq-8B-Tool-Use,27.2542,48.6338,48.4638,48.4638,24
Gryphe/Pantheon-RP-1.0-8b-Llama-3,23.6319,45.3908,45.2178,45.2178,24
Gryphe/Pantheon-RP-1.5-12b-Nemo,31.7501,51.9582,51.6751,51.6751,24
Gryphe/Pantheon-RP-1.6-12b-Nemo,31.6873,52.0401,51.7792,51.7792,24
Gryphe/Pantheon-RP-1.6-12b-Nemo-KTO,33.0322,52.7698,52.4735,52.4735,24
Gryphe/Pantheon-RP-Pure-1.6.2-22b-Small,31.6832,53.0454,52.6298,52.6298,24
Gunulhona/Gemma-Ko-Merge,38.7872,58.1303,58.0281,58.0281,24
Gunulhona/Gemma-Ko-Merge-PEFT,30.1863,48.6299,48.3597,48.3597,24
Gunulhona/Gemma-Ko-Merge-PEFT,26.0151,48.6299,48.3597,48.3597,24
HPAI-BSC/Llama3-Aloe-8B-Alpha,27.146,48.3085,48.134,48.134,24
HPAI-BSC/Llama3.1-Aloe-Beta-8B,30.3696,51.7034,51.4668,51.4668,24
HPAI-BSC/Qwen2.5-Aloe-Beta-7B,30.3316,50.49,50.0434,50.0434,24
Hastagaras/Llama-3.1-Jamet-8B-MK.I,29.5039,50.4867,50.3558,50.3558,24
Hastagaras/Zabuza-8B-Llama-3.1,23.2203,45.3892,45.2526,45.2526,24
HelpingAI/Cipher-20B,43.4397,60.3243,60.0937,60.0937,24
HelpingAI/Priya-10B,19.9668,44.4146,44.2631,44.2631,24
HelpingAI/Priya-3B,14.3353,39.6118,39.4029,39.4029,24
HeraiHench/Double-Down-Qwen-Math-7B,1.95487,28.4461,28.1896,28.1896,24
HeraiHench/Marge-Qwen-Math-7B,3.36351,30.6885,30.4114,30.4114,24
HeraiHench/Phi-4-slerp-ReasoningRP-14B,18.8854,41.9572,41.8504,41.8504,24
HiroseKoichi/Llama-Salad-4x8B-V3,31.9288,52.4465,52.2132,52.2132,24
HoangHa/Pensez-Llama3.1-8B,24.8452,46.6913,46.5023,46.5023,24
HuggingFaceH4/zephyr-7b-alpha,23.8903,45.8286,45.565,45.565,24
HuggingFaceH4/zephyr-7b-beta,21.4875,43.1582,43.0654,43.0654,24
HuggingFaceH4/zephyr-7b-gemma-v0.1,23.7512,46.3076,46.2073,46.2073,24
HuggingFaceH4/zephyr-orpo-141b-A35b-v0.1,47.5038,62.9044,62.6974,62.6974,24
HuggingFaceTB/SmolLM-1.7B,4.41113,31.8052,31.557,31.557,24
HuggingFaceTB/SmolLM-1.7B-Instruct,2.08037,28.8511,28.4846,28.4846,24
HuggingFaceTB/SmolLM-135M,3.2854,30.4605,30.0816,30.0816,24
HuggingFaceTB/SmolLM-135M-Instruct,2.69296,30.1508,29.8386,29.8386,24
HuggingFaceTB/SmolLM-360M,3.28492,30.6452,30.2725,30.2725,24
HuggingFaceTB/SmolLM-360M-Instruct,2.08037,28.8511,28.4846,28.4846,24
HuggingFaceTB/SmolLM2-1.7B,9.30179,34.5259,34.2822,34.2822,24
HuggingFaceTB/SmolLM2-1.7B-Instruct,10.918,35.9862,35.6709,35.6709,24
HuggingFaceTB/SmolLM2-135M,3.70808,30.4423,30.151,,24
HuggingFaceTB/SmolLM2-135M-Instruct,4.72081,31.3475,31.0536,31.0536,24
HuggingFaceTB/SmolLM2-135M-Instruct,4.79628,31.3475,31.0536,31.0536,24
HuggingFaceTB/SmolLM2-360M,5.5436,32.3348,32.1472,32.1472,24
HuggingFaceTB/SmolLM2-360M-Instruct,3.29905,31.4351,31.2272,31.2272,24
HuggingFaceTB/SmolLM2-360M-Instruct,4.17386,31.4351,31.2272,31.2272,24
HumanLLMs/Humanish-LLama3-8B-Instruct,28.0125,49.6771,49.4359,49.4359,24
HumanLLMs/Humanish-Mistral-Nemo-Instruct-2407,32.7096,52.6178,52.2826,52.2826,24
HumanLLMs/Humanish-Qwen2.5-7B-Instruct,34.479,53.6368,53.4109,53.4109,24
IDEA-CCNL/Ziya-LLaMA-13B-v1,1.46362,28.7703,28.4499,28.4499,24
INSAIT-Institute/BgGPT-Gemma-2-27B-IT-v1.0,2.34704,29.1178,28.7624,28.7624,24
IlyaGusev/gemma-2-2b-it-abliterated,16.7963,41.186,40.8089,40.8089,24
IlyaGusev/gemma-2-9b-it-abliterated,40.8247,59.0633,58.9828,58.9828,24
Infinirc/Infinirc-Llama3-8B-2G-Release-v1.0,20.8312,43.5074,43.4126,43.4126,24
Intel/neural-chat-7b-v3,30.2057,50.4832,50.2343,50.2343,24
Intel/neural-chat-7b-v3-1,29.7398,50.5157,50.3038,50.3038,24
Intel/neural-chat-7b-v3-2,30.2375,50.3223,50.0608,50.0608,24
IntervitensInc/internlm2_5-20b-llamafied,63.4706,74.7847,74.8308,74.8308,24
Invalid-Null/PeiYangMe-0.5,1.47458,27.9077,27.5994,27.5994,24
Invalid-Null/PeiYangMe-0.7,3.6008,30.2753,29.8733,29.8733,24
Isaak-Carter/JOSIEv4o-8b-stage1-v4,25.7873,47.2497,47.0752,47.0752,24
Isaak-Carter/JOSIEv4o-8b-stage1-v4,25.9196,47.2497,47.0752,47.0752,24
Isaak-Carter/Josiefied-Qwen2.5-7B-Instruct-abliterated,34.9043,53.9638,53.7233,53.7233,24
Isaak-Carter/Josiefied-Qwen2.5-7B-Instruct-abliterated-v2,33.2945,53.1092,52.8554,52.8554,24
J-LAB/Thynk_orpo,22.0628,44.6311,44.3152,44.3152,24
JackFram/llama-160m,2.03361,28.8802,28.5714,28.5714,24
JackFram/llama-68m,2.59105,29.363,29.0054,29.0054,24
Jacoby746/Casual-Magnum-34B,43.0516,60.3205,60.0069,60.0069,24
Jacoby746/Inf-Silent-Kunoichi-v0.1-2x7B,32.387,51.8546,51.6924,51.6924,24
Jacoby746/Inf-Silent-Kunoichi-v0.2-2x7B,32.2592,52.0942,51.9528,51.9528,24
Jacoby746/Proto-Athena-4x7B,30.8708,51.0655,50.8939,50.8939,24
Jacoby746/Proto-Athena-v0.2-4x7B,30.3408,50.6773,50.4947,50.4947,24
Jacoby746/Proto-Harpy-Blazing-Light-v0.1-2x7B,32.6325,51.8685,51.623,51.623,24
Jacoby746/Proto-Harpy-Spark-v0.1-7B,26.9131,47.3577,47.0752,47.0752,24
JayHyeon/Qwen-0.5B-DPO-1epoch,5.54369,31.9075,31.8,31.8,24
JayHyeon/Qwen-0.5B-DPO-5epoch,5.05669,31.1211,31.0016,31.0016,24
JayHyeon/Qwen-0.5B-IRPO-1epoch,5.32435,31.6382,31.5744,31.5744,24
JayHyeon/Qwen-0.5B-IRPO-5epoch,5.71133,31.8917,31.7653,31.7653,24
JayHyeon/Qwen-0.5B-eDPO-1epoch,5.9184,31.8064,31.6959,31.6959,24
JayHyeon/Qwen-0.5B-eDPO-5epoch,5.19784,30.9649,30.9148,30.9148,24
JayHyeon/Qwen2.5-0.5B-Instruct-SFT,5.93242,32.537,32.3381,32.3381,24
JayHyeon/Qwen2.5-0.5B-Instruct-SFT-DPO-1epoch_v1,6.12607,32.6031,32.4423,32.4423,24
JayHyeon/Qwen2.5-0.5B-Instruct-SFT-IRPO-1epoch_v1,6.62237,33.0803,32.8762,32.8762,24
JayHyeon/Qwen2.5-0.5B-Instruct-SFT-MDPO-1epoch_v1,6.12999,32.6195,32.4423,32.4423,24
JayHyeon/Qwen2.5-0.5B-SFT,4.43448,31.2075,30.9842,30.9842,24
JayHyeon/Qwen2.5-0.5B-SFT-1e-4,4.33149,30.1709,30.0295,30.0295,24
JayHyeon/Qwen2.5-0.5B-SFT-1e-4-2ep,5.65088,31.7223,31.4876,31.4876,24
JayHyeon/Qwen2.5-0.5B-SFT-1e-4-3ep,4.79724,30.6426,30.4808,30.4808,24
JayHyeon/Qwen2.5-0.5B-SFT-1e-4-5ep,4.78424,31.0447,30.7412,30.7412,24
JayHyeon/Qwen2.5-0.5B-SFT-1e-5,4.21368,31.3986,31.0884,31.0884,24
JayHyeon/Qwen2.5-0.5B-SFT-1e-5-2ep,5.6193,32.247,31.9736,31.9736,24
JayHyeon/Qwen2.5-0.5B-SFT-1e-5-3ep,6.2463,32.4681,32.234,32.234,24
JayHyeon/Qwen2.5-0.5B-SFT-1e-5-5ep,6.53761,32.5934,32.3555,32.3555,24
JayHyeon/Qwen2.5-0.5B-SFT-2e-4,3.11459,29.3555,29.0748,29.0748,24
JayHyeon/Qwen2.5-0.5B-SFT-2e-4-2ep,3.1995,29.8396,29.4914,29.4914,24
JayHyeon/Qwen2.5-0.5B-SFT-2e-4-3ep,4.42092,31.0988,30.7933,30.7933,24
JayHyeon/Qwen2.5-0.5B-SFT-2e-4-5ep,3.06933,29.3642,29.0575,29.0575,24
JayHyeon/Qwen2.5-0.5B-SFT-2e-5,4.98185,32.0397,31.6959,31.6959,24
JayHyeon/Qwen2.5-0.5B-SFT-2e-5-2ep,5.7648,32.172,31.9042,31.9042,24
JayHyeon/Qwen2.5-0.5B-SFT-2e-5-2ep-DPOP_3e-7-3ep_0alp_5lam,6.70248,31.6718,31.5049,31.5049,24
JayHyeon/Qwen2.5-0.5B-SFT-2e-5-2ep-DPOP_5e-6-1ep_0alp_5lam,6.89211,32.6004,32.5638,32.5638,24
JayHyeon/Qwen2.5-0.5B-SFT-2e-5-2ep-DPOP_5e-6-2ep_0alp_5lam,7.35141,32.6154,32.4944,32.4944,24
JayHyeon/Qwen2.5-0.5B-SFT-2e-5-2ep-DPOP_5e-6-3ep_0alp_5lam,6.45378,31.9933,31.8348,31.8348,24
JayHyeon/Qwen2.5-0.5B-SFT-2e-5-2ep-DPOP_5e-7-1ep_0alp_5lam,6.67626,31.816,31.6612,31.6612,24
JayHyeon/Qwen2.5-0.5B-SFT-2e-5-2ep-DPOP_5e-7-2ep_0alp_5lam,6.44902,31.5408,31.314,31.314,24
JayHyeon/Qwen2.5-0.5B-SFT-2e-5-2ep-DPOP_5e-7-3ep_0alp_5lam,6.90084,31.8972,31.7132,31.7132,24
JayHyeon/Qwen2.5-0.5B-SFT-2e-5-2ep-DPO_1e-6-1ep_0alp_0lam,6.33023,31.6719,31.4529,31.4529,24
JayHyeon/Qwen2.5-0.5B-SFT-2e-5-2ep-DPO_1e-6-2ep_0alp_0lam,6.63639,31.5953,31.3487,31.3487,24
JayHyeon/Qwen2.5-0.5B-SFT-2e-5-2ep-DPO_1e-6-3ep_0alp_0lam,6.31731,31.4198,31.1751,31.1751,24
JayHyeon/Qwen2.5-0.5B-SFT-2e-5-2ep-DPO_1e-7-2ep_0alp_0lam,6.43527,31.6697,31.557,31.557,24
JayHyeon/Qwen2.5-0.5B-SFT-2e-5-2ep-DPO_1e-7-3ep_0alp_0lam,6.38535,31.732,31.6091,31.6091,24
JayHyeon/Qwen2.5-0.5B-SFT-2e-5-2ep-DPO_2e-6-1ep_0alp_0lam,6.40274,31.9762,31.6785,31.6785,24
JayHyeon/Qwen2.5-0.5B-SFT-2e-5-2ep-DPO_2e-6-2ep_0alp_0lam,6.90181,32.2627,31.991,31.991,24
JayHyeon/Qwen2.5-0.5B-SFT-2e-5-2ep-DPO_2e-6-3ep_0alp_0lam,7.00268,32.2912,32.0257,32.0257,24
JayHyeon/Qwen2.5-0.5B-SFT-2e-5-2ep-DPO_3e-6-1ep_0alp_0lam,6.62062,32.4537,32.234,32.234,24
JayHyeon/Qwen2.5-0.5B-SFT-2e-5-2ep-DPO_3e-6-2ep_0alp_0lam,6.78045,32.2429,32.0257,32.0257,24
JayHyeon/Qwen2.5-0.5B-SFT-2e-5-2ep-DPO_3e-6-3ep_0alp_0lam,7.00713,32.4771,32.2687,32.2687,24
JayHyeon/Qwen2.5-0.5B-SFT-2e-5-2ep-DPO_3e-7-3ep_0alp_0lam,6.6719,31.806,31.6091,31.6091,24
JayHyeon/Qwen2.5-0.5B-SFT-2e-5-2ep-DPO_5e-6-1ep_0alp_0lam,6.42829,32.4218,32.2861,32.2861,24
JayHyeon/Qwen2.5-0.5B-SFT-2e-5-2ep-DPO_5e-6-2ep_0alp_0lam,6.99269,32.248,32.0778,32.0778,24
JayHyeon/Qwen2.5-0.5B-SFT-2e-5-2ep-DPO_5e-6-3ep_0alp_0lam,7.22113,32.652,32.4944,32.4944,24
JayHyeon/Qwen2.5-0.5B-SFT-2e-5-2ep-DPO_5e-7_1ep_0alp_0lam,6.53759,31.7691,31.5917,31.5917,24
JayHyeon/Qwen2.5-0.5B-SFT-2e-5-2ep-DPO_5e-7_2ep_0alp_0lam,6.56672,31.6045,31.4182,31.4182,24
JayHyeon/Qwen2.5-0.5B-SFT-2e-5-2ep-DPO_5e-7_3ep_0alp_0lam,6.93213,31.9354,31.7827,31.7827,24
JayHyeon/Qwen2.5-0.5B-SFT-2e-5-2ep-DPO_7e-7_1ep_0alp_0lam,6.42629,31.7847,31.6091,31.6091,24
JayHyeon/Qwen2.5-0.5B-SFT-2e-5-2ep-DPO_7e-7_2ep_0alp_0lam,6.478,31.729,31.4702,31.4702,24
JayHyeon/Qwen2.5-0.5B-SFT-2e-5-2ep-DPO_7e-7_3ep_0alp_0lam,6.25192,31.4957,31.2272,31.2272,24
JayHyeon/Qwen2.5-0.5B-SFT-2e-5-2ep-IRPO_1e-7-1ep_1alp_0lam,6.71492,32.1103,31.9736,31.9736,24
JayHyeon/Qwen2.5-0.5B-SFT-2e-5-2ep-IRPO_1e-7-2ep_1alp_0lam,6.87555,31.9777,31.8348,31.8348,24
JayHyeon/Qwen2.5-0.5B-SFT-2e-5-2ep-IRPO_1e-7-3ep_1alp_0lam,7.08977,32.247,32.1125,32.1125,24
JayHyeon/Qwen2.5-0.5B-SFT-2e-5-2ep-IRPO_3e-7-3ep_1alp_0lam,6.70637,31.8513,31.6785,31.6785,24
JayHyeon/Qwen2.5-0.5B-SFT-2e-5-2ep-IRPO_5e-6-1ep_1alp_0lam,6.38895,31.7947,31.7653,31.7653,24
JayHyeon/Qwen2.5-0.5B-SFT-2e-5-2ep-IRPO_5e-6-2ep_1alp_0lam,7.48915,32.5971,32.4249,32.4249,24
JayHyeon/Qwen2.5-0.5B-SFT-2e-5-2ep-IRPO_5e-6-3ep_1alp_0lam,8.34017,33.2046,33.1366,33.1366,24
JayHyeon/Qwen2.5-0.5B-SFT-2e-5-2ep-IRPO_5e-7-1ep_1alp_0lam,6.56707,31.7854,31.6265,31.6265,24
JayHyeon/Qwen2.5-0.5B-SFT-2e-5-2ep-IRPO_5e-7-2ep_1alp_0lam,6.65905,31.6782,31.5223,31.5223,24
JayHyeon/Qwen2.5-0.5B-SFT-2e-5-2ep-IRPO_5e-7-3ep_1alp_0lam,6.80097,31.9068,31.748,31.748,24
JayHyeon/Qwen2.5-0.5B-SFT-2e-5-2ep-MDPO_0.5_1e-7-1ep_0alp_0lam,6.56084,31.7799,31.6612,31.6612,24
JayHyeon/Qwen2.5-0.5B-SFT-2e-5-2ep-MDPO_0.5_1e-7-2ep_0alp_0lam,6.52457,31.7839,31.6959,31.6959,24
JayHyeon/Qwen2.5-0.5B-SFT-2e-5-2ep-MDPO_0.5_1e-7-3ep_0alp_0lam,6.73919,31.9043,31.8,31.8,24
JayHyeon/Qwen2.5-0.5B-SFT-2e-5-2ep-MDPO_1e-6-3ep_0alp_0lam,6.42056,31.6473,31.3834,31.3834,24
JayHyeon/Qwen2.5-0.5B-SFT-2e-5-2ep-MDPO_1e-6_1ep_0alp_0lam,6.68746,32.0417,31.8,31.8,24
JayHyeon/Qwen2.5-0.5B-SFT-2e-5-2ep-MDPO_1e-6_2ep_0alp_0lam,6.5539,31.8571,31.5744,31.5744,24
JayHyeon/Qwen2.5-0.5B-SFT-2e-5-2ep-MDPO_2e-6-3ep_0alp_0lam,6.58334,32.0369,31.7827,31.7827,24
JayHyeon/Qwen2.5-0.5B-SFT-2e-5-2ep-MDPO_2e-6_1ep_0alp_0lam,6.56021,32.1285,31.8,31.8,24
JayHyeon/Qwen2.5-0.5B-SFT-2e-5-2ep-MDPO_2e-6_2ep_0alp_0lam,6.83075,31.8671,31.6265,31.6265,24
JayHyeon/Qwen2.5-0.5B-SFT-2e-5-2ep-MDPO_3e-6-1ep_0alp_0lam,6.20497,32.1327,31.9736,31.9736,24
JayHyeon/Qwen2.5-0.5B-SFT-2e-5-2ep-MDPO_3e-6-2ep_0alp_0lam,7.01968,32.3377,32.1125,32.1125,24
JayHyeon/Qwen2.5-0.5B-SFT-2e-5-2ep-MDPO_3e-6-3ep_0alp_0lam,7.0604,32.5564,32.3555,32.3555,24
JayHyeon/Qwen2.5-0.5B-SFT-2e-5-2ep-MDPO_5e-6-1ep_0alp_0lam,6.7156,32.521,32.4249,32.4249,24
JayHyeon/Qwen2.5-0.5B-SFT-2e-5-2ep-MDPO_5e-6-2ep_0alp_0lam,6.98474,32.2448,32.0604,32.0604,24
JayHyeon/Qwen2.5-0.5B-SFT-2e-5-2ep-MDPO_5e-6-3ep_0alp_0lam,7.36365,32.7803,32.5811,32.5811,24
JayHyeon/Qwen2.5-0.5B-SFT-2e-5-2ep-MDPO_5e-7-3ep_0alp_0lam,6.72628,31.7521,31.5917,31.5917,24
JayHyeon/Qwen2.5-0.5B-SFT-2e-5-2ep-MDPO_5e-7_1ep_0alp_0lam,6.70854,31.8909,31.7132,31.7132,24
JayHyeon/Qwen2.5-0.5B-SFT-2e-5-2ep-MDPO_5e-7_2ep_0alp_0lam,6.25347,31.5878,31.3661,31.3661,24
JayHyeon/Qwen2.5-0.5B-SFT-2e-5-2ep-MDPO_7e-7-3ep_0alp_0lam,6.44372,31.562,31.314,31.314,24
JayHyeon/Qwen2.5-0.5B-SFT-2e-5-2ep-MDPO_7e-7_1ep_0alp_0lam,6.39987,31.7743,31.5744,31.5744,24
JayHyeon/Qwen2.5-0.5B-SFT-2e-5-2ep-MDPO_7e-7_2ep_0alp_0lam,6.48271,31.7234,31.4702,31.4702,24
JayHyeon/Qwen2.5-0.5B-SFT-2e-5-3ep,6.08545,32.3954,32.1298,32.1298,24
JayHyeon/Qwen2.5-0.5B-SFT-2e-5-5ep,7.17976,33.0761,32.911,32.911,24
JayHyeon/Qwen2.5-0.5B-SFT-2e-5-5ep-MDPO_5e-7_3ep_0alp_0lam,6.75765,32.3809,32.1646,32.1646,24
JayHyeon/Qwen2.5-0.5B-SFT-2e-5-5ep-MDPO_5e-7_3ep_0alp_0lam_1ep,5.95999,31.7484,31.4876,31.4876,24
JayHyeon/Qwen2.5-0.5B-SFT-2e-5-5ep-MDPO_5e-7_3ep_0alp_0lam_2ep,6.11234,31.9907,31.7306,31.7306,24
JayHyeon/Qwen2.5-0.5B-SFT-2e-5-5ep-MDPO_7e-7_3ep_0alp_0lam,6.24027,32.1932,31.9215,31.9215,24
JayHyeon/Qwen2.5-0.5B-SFT-2e-5-5ep-MDPO_7e-7_3ep_0alp_0lam_1ep,6.29264,31.9095,31.6612,31.6612,24
JayHyeon/Qwen2.5-0.5B-SFT-2e-5-5ep-MDPO_7e-7_3ep_0alp_0lam_2ep,6.35741,32.1841,31.8868,31.8868,24
JayHyeon/Qwen2.5-0.5B-SFT-5e-5,4.74697,31.0938,30.8974,30.8974,24
JayHyeon/Qwen2.5-0.5B-SFT-5e-5-2ep,5.83263,31.7988,31.6091,31.6091,24
JayHyeon/Qwen2.5-0.5B-SFT-5e-5-3ep,7.66954,32.9748,32.7721,32.7721,24
JayHyeon/Qwen2.5-0.5B-SFT-5e-5-5ep,7.19129,32.7598,32.5291,32.5291,24
JayHyeon/Qwen2.5-0.5B-SFT-7e-5,6.35784,31.5818,31.4008,31.4008,24
JayHyeon/Qwen2.5-0.5B-SFT-7e-5-2ep,5.46361,31.0041,30.8801,30.8801,24
JayHyeon/Qwen2.5-0.5B-SFT-7e-5-3ep,5.98402,31.9931,31.7306,31.7306,24
JayHyeon/Qwen2.5-0.5B-SFT-7e-5-5ep,5.34366,32.003,31.8521,31.8521,24
JayHyeon/Qwen2.5-0.5B-SFT-DPO-1epoch_v1,6.13657,32.6814,32.4423,32.4423,24
JayHyeon/Qwen2.5-0.5B-SFT-MDPO-1epoch_v1,6.52472,32.9258,32.7027,32.7027,24
JayHyeon/Qwen_0.5-DPOP_1e-6-3ep_0alp_5lam,6.141,31.4043,31.2619,31.2619,24
JayHyeon/Qwen_0.5-DPOP_1e-7-3ep_0alp_5lam,6.64211,31.8858,31.748,31.748,24
JayHyeon/Qwen_0.5-DPOP_3e-6-1ep_0alp_5lam,6.94381,32.6081,32.4596,32.4596,24
JayHyeon/Qwen_0.5-DPOP_3e-6-2ep_0alp_5lam,7.14986,32.1847,32.0257,32.0257,24
JayHyeon/Qwen_0.5-DPOP_3e-6-3ep_0alp_5lam,6.96902,32.2443,32.043,32.043,24
JayHyeon/Qwen_0.5-DPOP_3e-7-1ep_0alp_5lam,6.62932,31.8143,31.6612,31.6612,24
JayHyeon/Qwen_0.5-DPOP_3e-7-2ep_0alp_5lam,6.68242,31.9406,31.7306,31.7306,24
JayHyeon/Qwen_0.5-DPOP_3e-7-3ep_0alp_5lam,6.35458,31.5307,31.3487,31.3487,24
JayHyeon/Qwen_0.5-DPOP_5e-7-1ep_0alp_5lam,6.5059,31.6834,31.5223,31.5223,24
JayHyeon/Qwen_0.5-DPOP_5e-7-2ep_0alp_5lam,6.76946,32.1057,31.9042,31.9042,24
JayHyeon/Qwen_0.5-DPOP_5e-7-3ep_0alp_5lam,6.79763,32.031,31.8868,31.8868,24
JayHyeon/Qwen_0.5-DPO_1e-6-3ep_0alp_0lam,6.86529,32.585,32.3381,32.3381,24
JayHyeon/Qwen_0.5-DPO_1e-7-3ep_0alp_0lam,7.10043,32.2513,32.043,32.043,24
JayHyeon/Qwen_0.5-DPO_3e-6-1ep_0alp_0lam,5.92686,31.3223,31.1751,31.1751,24
JayHyeon/Qwen_0.5-DPO_3e-6-2ep_0alp_0lam,7.3562,32.76,32.5117,32.5117,24
JayHyeon/Qwen_0.5-DPO_3e-6-3ep_0alp_0lam,7.13983,32.6741,32.4423,32.4423,24
JayHyeon/Qwen_0.5-DPO_3e-7-1ep_0alp_0lam,6.93115,32.2926,32.1125,32.1125,24
JayHyeon/Qwen_0.5-DPO_3e-7-2ep_0alp_0lam,7.12731,32.5574,32.3555,32.3555,24
JayHyeon/Qwen_0.5-DPO_3e-7-3ep_0alp_0lam,7.22272,32.5839,32.3902,32.3902,24
JayHyeon/Qwen_0.5-DPO_5e-7-1ep_0alp_0lam,6.66395,32.1827,32.0257,32.0257,24
JayHyeon/Qwen_0.5-DPO_5e-7-2ep_0alp_0lam,7.73277,32.9919,32.8415,32.8415,24
JayHyeon/Qwen_0.5-DPO_5e-7-3ep_0alp_0lam,7.20214,32.7121,32.5291,32.5291,24
JayHyeon/Qwen_0.5-IPO_5e-7-1ep_0alp_0lam,7.73392,32.7909,32.6506,32.6506,24
JayHyeon/Qwen_0.5-IPO_5e-7-3ep_0alp_0lam,6.74726,32.6384,32.5638,32.5638,24
JayHyeon/Qwen_0.5-IRPO_1e-6-3ep_1alp_0lam,7.21358,32.4235,32.2166,32.2166,24
JayHyeon/Qwen_0.5-IRPO_1e-7-3ep_1alp_0lam,6.90035,31.9805,31.7827,31.7827,24
JayHyeon/Qwen_0.5-IRPO_3e-6-1ep_1alp_0lam,7.30699,32.5473,32.4076,32.4076,24
JayHyeon/Qwen_0.5-IRPO_3e-6-2ep_1alp_0lam,7.39076,33.1423,32.9804,32.9804,24
JayHyeon/Qwen_0.5-IRPO_3e-6-3ep_1alp_0lam,8.11178,33.6152,33.4664,33.4664,24
JayHyeon/Qwen_0.5-IRPO_3e-7-1ep_1alp_0lam,7.00103,32.3112,32.1993,32.1993,24
JayHyeon/Qwen_0.5-IRPO_3e-7-3ep_1alp_0lam,7.13362,32.5744,32.3555,32.3555,24
JayHyeon/Qwen_0.5-IRPO_5e-7-1ep_1alp_0lam,7.0619,32.1358,31.9736,31.9736,24
JayHyeon/Qwen_0.5-IRPO_5e-7-2ep_1alp_0lam,7.42829,32.6605,32.477,32.477,24
JayHyeon/Qwen_0.5-IRPO_5e-7-3ep_1alp_0lam,7.08684,32.4589,32.2687,32.2687,24
JayHyeon/Qwen_0.5-MDPO_0.1_3e-6-3ep_0alp_0lam,6.81911,32.6145,32.4249,32.4249,24
JayHyeon/Qwen_0.5-MDPO_0.1_5e-7-3ep_0alp_0lam,6.62217,31.7977,31.6091,31.6091,24
JayHyeon/Qwen_0.5-MDPO_0.3_3e-6-3ep_0alp_0lam,6.56654,32.1576,31.9736,31.9736,24
JayHyeon/Qwen_0.5-MDPO_0.3_5e-7-3ep_0alp_0lam,6.63377,31.7759,31.5917,31.5917,24
JayHyeon/Qwen_0.5-MDPO_0.5_1e-5-3ep_0alp_0lam,7.67454,32.3355,32.1819,32.1819,24
JayHyeon/Qwen_0.5-MDPO_0.5_3e-7-1ep_0alp_0lam,6.5476,31.755,31.5917,31.5917,24
JayHyeon/Qwen_0.5-MDPO_0.5_3e-7-2ep_0alp_0lam,6.79754,31.9662,31.8,31.8,24
JayHyeon/Qwen_0.5-MDPO_0.5_3e-7-3ep_0alp_0lam,6.47963,31.9755,31.8174,31.8174,24
JayHyeon/Qwen_0.5-MDPO_0.5_4e-6-3ep_0alp_0lam,7.11252,32.4823,32.3034,32.3034,24
JayHyeon/Qwen_0.5-MDPO_0.5_6e-6-3ep_0alp_0lam,7.37335,32.6545,32.5117,32.5117,24
JayHyeon/Qwen_0.5-MDPO_0.5_7e-6-3ep_0alp_0lam,7.57413,32.7274,32.6506,32.6506,24
JayHyeon/Qwen_0.5-MDPO_0.5_7e-7-3ep_0alp_0lam,6.26341,31.2969,31.0536,31.0536,24
JayHyeon/Qwen_0.5-MDPO_0.7_3e-6-3ep_0alp_0lam,6.77044,32.2096,32.0083,32.0083,24
JayHyeon/Qwen_0.5-MDPO_0.7_5e-7-3ep_0alp_0lam,6.6366,31.8009,31.6091,31.6091,24
JayHyeon/Qwen_0.5-MDPO_0.9_5e-7-3ep_0alp_0lam,6.53434,31.9466,31.748,31.748,24
JayHyeon/Qwen_0.5-VDPO_5e-7-1ep_0alp_0lam,6.861,32.1802,32.0083,32.0083,24
JayHyeon/Qwen_0.5-VDPO_5e-7-1ep_10vpo_const,7.10944,32.3433,32.1993,32.1993,24
JayHyeon/Qwen_0.5-VDPO_5e-7-1ep_3vpo_const,6.852,32.2699,32.1125,32.1125,24
JayHyeon/Qwen_0.5-VDPO_5e-7-3ep_0alp_0lam,7.22798,32.5506,32.3902,32.3902,24
JayHyeon/Qwen_0.5-VIPO_5e-7-1ep_0alp_0lam,7.83426,33.1374,32.9283,32.9283,24
JayHyeon/Qwen_0.5-VIPO_5e-7-1ep_30vpo_const,7.65519,32.8199,32.6679,32.6679,24
JayHyeon/Qwen_0.5-VIPO_5e-7-1ep_3vpo_const,7.67033,32.9802,32.8068,32.8068,24
JayHyeon/Qwen_0.5-VIPO_5e-7-3ep_0alp_0lam,6.0992,32.1955,31.991,31.991,24
JayHyeon/Qwen_0.5-cDPO_5e-7-3ep_0vpo_const_0.1,7.20117,32.4419,32.2687,32.2687,24
JayHyeon/Qwen_0.5-cDPO_5e-7-3ep_0vpo_const_0.3,6.98608,32.0906,31.9215,31.9215,24
JayHyeon/Qwen_0.5-rDPO_3e-6-1ep_0vpo_const_0.1,6.90519,32.7797,32.5811,32.5811,24
JayHyeon/Qwen_0.5-rDPO_5e-7-3ep_0vpo_const_0.3,6.77521,32.451,32.3034,32.3034,24
Jimmy19991222/Llama-3-Instruct-8B-SimPO-v0.2,29.1238,49.8371,49.6962,49.6962,24
Jimmy19991222/llama-3-8b-instruct-gapo-v2-bert-f1-beta10-gamma0.3-lr1.0e-6-1minus-rerun,27.7552,48.798,48.6374,48.6374,24
Jimmy19991222/llama-3-8b-instruct-gapo-v2-bert_f1-beta10-gamma0.3-lr1.0e-6-scale-log,28.6136,49.3458,49.2449,49.2449,24
Jimmy19991222/llama-3-8b-instruct-gapo-v2-bert_p-beta10-gamma0.3-lr1.0e-6-scale-log,27.6662,49.1641,49.0193,49.0193,24
Jimmy19991222/llama-3-8b-instruct-gapo-v2-bleu-beta0.1-no-length-scale-gamma0.4,29.3297,49.8609,49.6615,49.6615,24
Jimmy19991222/llama-3-8b-instruct-gapo-v2-rouge2-beta10-1minus-gamma0.3-rerun,28.3907,49.4046,49.3144,49.3144,24
Jimmy19991222/llama-3-8b-instruct-gapo-v2-rouge2-beta10-gamma0.3-lr1.0e-6-scale-log,28.075,49.1601,49.0713,49.0713,24
Jimmy19991222/llama-3-8b-instruct-gapo-v2-rougeL-beta10-gamma0.3-lr1.0e-6-scale-log,28.5626,49.5249,49.3838,49.3838,24
Joseph717171/Hermes-3-Llama-3.1-8B_TIES_with_Base_Embeds_Initialized_to_Special_Instruct_Toks_dtypeF32,30.7241,51.7745,51.6403,51.6403,24
Joseph717171/Llama-3.1-SuperNova-8B-Lite_TIES_with_Base,31.4658,51.4742,51.1022,51.1022,24
Josephgflowers/Cinder-Phi-2-V1-F16-gguf,22.4534,43.9662,43.725,43.725,24
Josephgflowers/Differential-Attention-Liquid-Metal-Tinyllama,2.55222,29.2556,28.9186,28.9186,24
Josephgflowers/TinyLlama-Cinder-Agent-v1,3.80417,31.1604,30.9321,30.9321,24
Josephgflowers/TinyLlama-v1.1-Cinders-World,3.10771,29.9797,29.6476,29.6476,24
Josephgflowers/TinyLlama_v1.1_math_code-world-test-1,4.16402,31.4635,31.2099,31.2099,24
Josephgflowers/Tinyllama-STEM-Cinder-Agent-v1,3.73131,30.8438,30.4982,30.4982,24
JungZoona/T3Q-Qwen2.5-14B-Instruct-1M-e3,65.4666,75.8597,75.7681,75.7681,24
JungZoona/T3Q-qwen2.5-14b-v1.0-e3,65.4666,75.8597,75.7681,75.7681,24
Junhoee/Qwen-Megumin,33.6421,52.8527,52.595,52.595,24
KSU-HW-SEC/Llama3-70b-SVA-FT-1415,51.3287,66.5015,66.4642,66.4642,24
KSU-HW-SEC/Llama3-70b-SVA-FT-500,51.887,66.9224,66.846,66.846,24
KSU-HW-SEC/Llama3-70b-SVA-FT-final,51.3287,66.5015,66.4642,66.4642,24
KSU-HW-SEC/Llama3.1-70b-SVA-FT-1000step,55.4854,69.0312,68.9116,68.9116,24
Khetterman/DarkAtom-12B-v3,31.6595,51.5371,51.2064,51.2064,24
Khetterman/Kosmos-8B-v1,31.759,52.3352,52.1611,52.1611,24
Kimargin/GPT-NEO-1.3B-wiki,3.42361,30.2634,29.8906,29.8906,24
KingNish/Qwen2.5-0.5b-Test-ft,6.05885,32.3153,32.1125,32.1125,24
KingNish/Reasoning-Llama-3b-v0.1,19.8625,43.4336,43.3258,43.3258,24
KingNish/qwen-1b-continued,4.38746,29.9095,29.5435,29.5435,24
KingNish/qwen-1b-continued-v2.1,4.19766,30.4166,30.0642,30.0642,24
KingNish/qwen-1b-continued-v2.2,4.95607,30.5866,30.1337,30.1337,24
Kquant03/CognitiveFusion2-4x7B-BF16,17.689,41.0783,40.8783,40.8783,24
Kquant03/L3-Pneuma-8B,28.8202,49.5504,49.4011,49.4011,24
Krystalan/DRT-o1-14B,48.1418,63.7928,63.5654,63.5654,24
Krystalan/DRT-o1-7B,35.7389,54.6769,54.5565,54.5565,24
Kukedlc/NeuralExperiment-7b-MagicCoder-v7.5,16.386,39.8845,39.698,39.698,24
Kukedlc/NeuralLLaMa-3-8b-DT-v0.1,28.0083,49.8677,49.7136,49.7136,24
Kukedlc/NeuralLLaMa-3-8b-ORPO-v0.3,22.3917,45.5714,45.3567,45.3567,24
Kukedlc/NeuralSynthesis-7B-v0.1,31.8344,51.4475,51.2064,51.2064,24
Kukedlc/NeuralSynthesis-7B-v0.3,31.8117,51.3808,51.137,51.137,24
Kukedlc/NeuralSynthesis-7b-v0.4-slerp,31.9972,51.4293,51.2064,51.2064,24
Kukedlc/Qwen-2.5-7b-Spanish-o1-CoT,36.8634,56.0195,55.9104,55.9104,24
Kumar955/Hemanth-llm,33.0443,52.2495,51.9528,51.9528,24
LEESM/llama-2-7b-hf-lora-oki100p,10.2657,34.9168,34.7162,34.7162,24
LEESM/llama-2-7b-hf-lora-oki10p,9.43829,35.3093,35.0981,35.0981,24
LEESM/llama-3-8b-bnb-4b-kowiki231101,16.9349,41.3081,41.1734,41.1734,24
LEESM/llama-3-Korean-Bllossom-8B-trexlab-oki10p,19.7974,43.4301,43.1349,43.1349,24
LGAI-EXAONE/EXAONE-3.0-7.8B-Instruct,17.9773,41.7443,41.4338,41.4338,24
LGAI-EXAONE/EXAONE-3.5-2.4B-Instruct,15.9474,40.9235,40.7221,40.7221,24
LGAI-EXAONE/EXAONE-3.5-32B-Instruct,39.8242,57.6091,57.3512,57.3512,24
LGAI-EXAONE/EXAONE-3.5-7.8B-Instruct,25.6537,47.2759,47.3008,47.3008,24
LLM360/K2,28.2204,49.7184,49.5921,49.5921,24
LLM360/K2-Chat,33.7938,53.581,53.3761,53.3761,24
LLM4Binary/llm4decompile-1.3b-v2,5.91548,32.7181,32.4249,32.4249,24
Lambent/qwen2.5-reinstruct-alternate-lumen-14B,48.9896,64.5899,64.3812,64.3812,24
Langboat/Mengzi3-8B-Chat,25.1883,46.8373,46.5718,46.5718,24
LenguajeNaturalAI/leniachat-gemma-2b-v0,4.1383,30.7402,30.4287,30.4287,24
LenguajeNaturalAI/leniachat-qwen2-1.5B-v0,12.7717,36.8356,36.6603,36.6603,24
LeroyDyer/CheckPoint_A,25.8094,47.477,47.2661,47.2661,24
LeroyDyer/CheckPoint_B,26.2712,47.7995,47.5785,47.5785,24
LeroyDyer/CheckPoint_C,24.183,45.8642,45.565,45.565,24
LeroyDyer/LCARS_AI_001,19.461,42.5789,42.3538,42.3538,24
LeroyDyer/LCARS_AI_1x4_003_SuperAI,28.4234,49.1985,48.9325,48.9325,24
LeroyDyer/LCARS_AI_StarTrek_Computer,21.781,44.4619,44.159,44.159,24
LeroyDyer/LCARS_TOP_SCORE,31.6991,51.2737,51.0502,51.0502,24
LeroyDyer/Mixtral_AI_SwahiliTron_7b,3.21168,30.5509,30.151,30.151,24
LeroyDyer/SpydazWebAI_Human_AGI,7.4457,33.7486,33.3796,33.3796,24
LeroyDyer/SpydazWebAI_Human_AGI_001,8.6612,34.3342,34.1087,34.1087,24
LeroyDyer/SpydazWeb_AI_CyberTron_Ultra_7b,27.7455,48.1077,47.8563,47.8563,24
LeroyDyer/SpydazWeb_AI_HumanAGI_001_M2,27.9215,48.8817,48.6895,48.6895,24
LeroyDyer/SpydazWeb_AI_HumanAGI_002,29.6269,50.4387,50.217,50.217,24
LeroyDyer/SpydazWeb_AI_HumanAI_001,8.06526,33.4404,33.2581,33.2581,24
LeroyDyer/SpydazWeb_AI_HumanAI_006,6.72532,33.018,32.6679,32.6679,24
LeroyDyer/SpydazWeb_AI_HumanAI_007,8.46282,34.1567,33.9524,33.9524,24
LeroyDyer/SpydazWeb_AI_HumanAI_009_CHAT,7.03382,33.0673,32.8936,32.8936,24
LeroyDyer/SpydazWeb_AI_HumanAI_010_CHAT,7.35196,33.3632,33.154,33.154,24
LeroyDyer/SpydazWeb_AI_HumanAI_011_INSTRUCT,9.41529,35.2261,35.1328,35.1328,24
LeroyDyer/SpydazWeb_AI_HumanAI_011_INSTRUCT_ML,15.5991,39.8402,39.698,39.698,24
LeroyDyer/SpydazWeb_AI_HumanAI_011_INSTRUCT_ML_r1,27.1886,48.5833,48.3597,48.3597,24
LeroyDyer/SpydazWeb_AI_HumanAI_012_INSTRUCT_IA,23.1169,45.7689,45.3914,45.3914,24
LeroyDyer/SpydazWeb_AI_HumanAI_012_INSTRUCT_IA,23.1773,45.7689,45.3914,45.3914,24
LeroyDyer/SpydazWeb_AI_HumanAI_012_INSTRUCT_MX,5.88576,31.5842,31.2446,31.2446,24
LeroyDyer/SpydazWeb_AI_HumanAI_012_INSTRUCT_XA,22.4644,44.8275,44.4714,44.4714,24
LeroyDyer/SpydazWeb_AI_HumanAI_012_INSTRUCT_XA,22.7286,44.8275,44.4714,44.4714,24
LeroyDyer/SpydazWeb_AI_HumanAI_RP,7.17649,33.2302,33.1193,33.1193,24
LeroyDyer/SpydazWeb_AI_HumanAI_TextVision,7.52559,33.5366,33.1887,33.1887,24
LeroyDyer/SpydazWeb_HumanAI_M1,10.0275,35.6327,35.4105,35.4105,24
LeroyDyer/SpydazWeb_HumanAI_M2,15.3972,39.3088,39.1252,39.1252,24
LeroyDyer/SpydazWeb_HumanAI_M3,4.76539,31.2726,30.9148,30.9148,24
LeroyDyer/_Spydaz_Web_AI_12,4.49599,31.634,31.2793,31.2793,24
LeroyDyer/_Spydaz_Web_AI_14,2.1624,29.8885,29.6823,29.6823,24
LeroyDyer/_Spydaz_Web_AI_BIBLE_002,6.34958,32.8907,32.5811,32.5811,24
LeroyDyer/_Spydaz_Web_AI_ChatML_002,4.19197,31.0638,30.7585,30.7585,24
LeroyDyer/_Spydaz_Web_AI_ChatQA,5.59956,32.3595,31.991,31.991,24
LeroyDyer/_Spydaz_Web_AI_ChatQA_003,4.29344,31.7181,31.3487,31.3487,24
LightningRodLabs/Flashlight-v1.0,55.1502,68.7683,68.5298,68.5298,24
LightningRodLabs/Flashlight-v1.1,55.4328,69.0114,68.8075,68.8075,24
LightningRodLabs/Flashlight-v1.2,6.15921,32.6453,32.2513,32.2513,24
Lil-R/2_PRYMMAL-ECE-2B-SLERP-V1,19.5349,42.8707,42.7704,42.7704,24
Lil-R/2_PRYMMAL-ECE-2B-SLERP-V2,20.1974,43.7647,43.5862,43.5862,24
Lil-R/2_PRYMMAL-ECE-7B-SLERP,36.4826,55.5664,55.3203,,24
Lil-R/2_PRYMMAL-ECE-7B-SLERP-V1,2.78402,30.5258,30.2378,30.2378,24
Lil-R/2_PRYMMAL-ECE-7B-SLERP-V2,2.78402,30.5258,30.2378,30.2378,24
Lil-R/2_PRYMMAL-ECE-7B-SLERP-V3,10.6122,35.784,35.4279,35.4279,24
Lil-R/PRYMMAL-ECE-1B-SLERP-V1,17.9997,41.9045,41.4859,41.4859,24
Lil-R/PRYMMAL-ECE-7B-SLERP-V8,2.2706,29.5509,29.3525,29.3525,24
LilRg/10PRYMMAL-3B-slerp,34.8779,53.2038,52.9943,52.9943,24
LilRg/ECE-1B-merge-PRYMMAL,19.1415,42.3456,41.9024,41.9024,24
LilRg/ECE_Finetunning,26.5308,47.3216,47.0925,47.0925,24
LilRg/PRYMMAL-6B-slerp,2.21243,28.6762,28.502,28.502,24
LilRg/PRYMMAL-ECE-7B-SLERP-V3,2.29032,29.5724,29.3873,29.3873,24
LilRg/PRYMMAL-ECE-7B-SLERP-V4,2.29032,29.5724,29.3873,29.3873,24
LilRg/PRYMMAL-ECE-7B-SLERP-V5,2.29032,29.5724,29.3873,29.3873,24
LilRg/PRYMMAL-ECE-7B-SLERP-V6,2.29032,29.5724,29.3873,29.3873,24
LilRg/PRYMMAL-ECE-7B-SLERP-V7,2.29032,29.5724,29.3873,29.3873,24
LilRg/PRYMMAL-slerp-Merge,35.5538,53.6416,53.4803,53.4803,24
LimYeri/CodeMind-Llama3-8B-unsloth_v2-merged,26.6556,48.6009,48.3597,48.3597,24
LimYeri/CodeMind-Llama3-8B-unsloth_v3-merged,27.0252,49.0816,48.9325,48.9325,24
LimYeri/CodeMind-Llama3-8B-unsloth_v4-one-DPO-merged,26.3702,48.5266,48.2729,48.2729,24
LimYeri/CodeMind-Llama3-8B-unsloth_v4-one-merged,24.5747,47.3876,47.1272,47.1272,24
LimYeri/CodeMind-Llama3.1-8B-unsloth-merged,24.1857,46.9478,46.8669,46.8669,24
Locutusque/CollectiveLM-Falcon-3-7B,30.7873,51.0513,50.7204,50.7204,24
Locutusque/Hercules-6.0-Llama-3.1-8B,26.6397,48.133,47.9778,47.9778,24
Locutusque/Hercules-6.1-Llama-3.1-8B,24.1519,46.5624,46.3288,46.3288,24
Locutusque/Llama-3-NeuralHercules-5.0-8B,16.3421,39.4047,38.8821,38.8821,24
Locutusque/Llama-3-Yggdrasil-2.0-8B,26.9228,47.7246,47.3182,47.3182,24
Locutusque/TinyMistral-248M-v2.5,3.18188,30.3858,30.0816,30.0816,24
Luni/StarDust-12b-v1,34.4463,53.6614,53.3414,53.3414,24
Luni/StarDust-12b-v2,34.9529,54.1948,53.8448,53.8448,24
Lunzima/NQLSG-Qwen2.5-14B-MegaFusion-v3,49.312,64.7848,64.6763,64.6763,24
Lunzima/NQLSG-Qwen2.5-14B-MegaFusion-v5,49.5051,64.6668,64.468,64.468,24
Lunzima/NQLSG-Qwen2.5-14B-MegaFusion-v6,49.1044,64.5765,64.468,64.468,24
Lunzima/NQLSG-Qwen2.5-14B-MegaFusion-v7-rebase,48.8541,64.2259,64.034,64.034,24
Lunzima/NQLSG-Qwen2.5-14B-MegaFusion-v8,49.0341,64.6462,64.5027,64.5027,24
Lunzima/NQLSG-Qwen2.5-14B-MegaFusion-v8.5,49.0782,64.5131,64.2944,64.2944,24
Lunzima/NQLSG-Qwen2.5-14B-MegaFusion-v8.6,48.9853,64.5717,64.3985,64.3985,24
Lunzima/NQLSG-Qwen2.5-14B-MegaFusion-v8.7,49.9101,64.9638,64.8499,64.8499,24
Lunzima/NQLSG-Qwen2.5-14B-MegaFusion-v8.9,49.9469,64.8839,64.7283,64.7283,24
Lunzima/NQLSG-Qwen2.5-14B-MegaFusion-v9-stock,50.62,65.7067,65.5442,65.5442,24
Lyte/Llama-3.1-8B-Instruct-Reasoner-1o1_v0.3,27.8352,49.4952,49.4011,49.4011,24
Lyte/Llama-3.2-1B-Instruct-COT-RL-Expriement1-EP04,8.89441,35.1504,34.8898,34.8898,24
Lyte/Llama-3.2-3B-Overthinker,20.0956,43.2009,43.2043,43.2043,24
M4-ai/TinyMistral-248M-v3,1.77755,28.8455,28.4846,28.4846,24
MEscriva/ECE-PRYMMAL-0.5B-FT-V5-MUSR-Mathis,3.23777,30.5729,30.3246,30.3246,24
MLP-KTLim/llama-3-Korean-Bllossom-8B,26.9275,49.0046,48.8457,48.8457,24
MTSAIR/Cotype-Nano,14.4469,38.6494,38.3614,38.3614,24
MTSAIR/MultiVerse_70B,46.1359,61.8313,61.2914,61.2914,24
Magpie-Align/Llama-3-8B-Magpie-Align-SFT-v0.1,23.9901,46.151,45.8948,45.8948,24
Magpie-Align/Llama-3-8B-Magpie-Align-SFT-v0.3,23.6988,45.7158,45.5303,45.5303,24
Magpie-Align/Llama-3-8B-Magpie-Align-v0.1,26.6918,47.8941,47.7174,47.7174,24
Magpie-Align/Llama-3-8B-Magpie-Align-v0.1,26.2897,47.8941,47.7174,47.7174,24
Magpie-Align/Llama-3-8B-Magpie-Align-v0.3,24.3114,45.6961,45.5303,45.5303,24
Magpie-Align/Llama-3.1-8B-Magpie-Align-SFT-v0.1,26.1367,47.6416,47.4223,47.4223,24
Magpie-Align/Llama-3.1-8B-Magpie-Align-v0.1,24.0405,46.224,45.9295,45.9295,24
Magpie-Align/MagpieLM-8B-Chat-v0.1,18.2558,41.7234,41.4685,41.4685,24
Magpie-Align/MagpieLM-8B-SFT-v0.1,23.6123,45.5285,45.3046,45.3046,24
ManoloPueblo/ContentCuisine_1-7B-slerp,32.7897,51.8844,51.5015,51.5015,24
ManoloPueblo/LLM_MERGE_CC2,33.2411,52.0937,51.7271,51.7271,24
ManoloPueblo/LLM_MERGE_CC3,33.23,52.4629,52.2132,52.2132,24
MarinaraSpaghetti/NemoReRemix-12B,36.1247,55.3651,55.112,55.112,24
MarinaraSpaghetti/Nemomix-v4.0-12B,32.8799,52.7499,52.4041,52.4041,24
Marsouuu/MiniMathExpert-2_61B-ECE-PRYMMAL-Martial,15.2975,39.5273,39.1599,39.1599,24
Marsouuu/MiniQwenMathExpert-ECE-PRYMMAL-Martial,19.0199,42.3013,41.8851,41.8851,24
Marsouuu/MistralBase-4x7B-MoE-ECE-PRYMMAL-Martial,8.87023,34.6437,34.4211,34.4211,24
Marsouuu/general3B-ECE-PRYMMAL-Martial,35.7009,53.9435,53.7754,53.7754,24
Marsouuu/general3Bv2-ECE-PRYMMAL-Martial,37.6678,56.3657,56.084,56.084,24
Marsouuu/lareneg1_78B-ECE-PRYMMAL-Martial,19.0199,42.3013,41.8851,41.8851,24
Marsouuu/lareneg3B-ECE-PRYMMAL-Martial,36.3507,54.5333,54.3829,54.3829,24
Marsouuu/lareneg3Bv2-ECE-PRYMMAL-Martial,37.4716,56.2336,55.9799,55.9799,24
MaziyarPanahi/Calme-4x7B-MoE-v0.1,31.2619,51.0282,50.7898,50.7898,24
MaziyarPanahi/Calme-4x7B-MoE-v0.2,31.3968,51.1077,50.8766,50.8766,24
MaziyarPanahi/Llama-3-70B-Instruct-v0.1,32.7129,53.6626,53.2026,53.2026,24
MaziyarPanahi/Llama-3-8B-Instruct-v0.10,27.9247,49.2431,49.0019,49.0019,24
MaziyarPanahi/Llama-3-8B-Instruct-v0.8,28.2704,49.6278,49.4532,49.4532,24
MaziyarPanahi/Llama-3-8B-Instruct-v0.9,27.903,49.3613,49.1755,49.1755,24
MaziyarPanahi/Qwen1.5-MoE-A2.7B-Wikihow,15.4734,39.2007,38.9169,38.9169,24
MaziyarPanahi/Qwen2-7B-Instruct-v0.1,31.9236,51.2306,50.8419,50.8419,24
MaziyarPanahi/Qwen2-7B-Instruct-v0.8,25.5325,46.3711,46.1205,46.1205,24
MaziyarPanahi/calme-2.1-llama3.1-70b,48.5536,64.4755,64.3118,64.3118,24
MaziyarPanahi/calme-2.1-phi3-4b,38.1243,55.9532,55.6501,55.6501,24
MaziyarPanahi/calme-2.1-phi3.5-4b,36.1101,54.837,54.678,54.678,24
MaziyarPanahi/calme-2.1-qwen2-72b,57.3259,69.6556,69.5539,69.5539,24
MaziyarPanahi/calme-2.1-qwen2-7b,31.0071,50.4593,50.0608,50.0608,24
MaziyarPanahi/calme-2.1-qwen2.5-72b,61.6557,72.6162,72.4527,72.4527,24
MaziyarPanahi/calme-2.1-rys-78b,59.47,70.9786,70.8558,70.8558,24
MaziyarPanahi/calme-2.2-llama3-70b,48.5717,64.3543,63.9819,63.9819,24
MaziyarPanahi/calme-2.2-llama3.1-70b,54.2065,67.9292,67.8007,67.8007,24
MaziyarPanahi/calme-2.2-phi3-4b,37.7337,55.296,55.0599,55.0599,24
MaziyarPanahi/calme-2.2-qwen2-72b,56.7959,69.396,69.3109,69.3109,24
MaziyarPanahi/calme-2.2-qwen2-7b,33.1094,52.1491,51.8313,51.8313,24
MaziyarPanahi/calme-2.2-qwen2.5-72b,61.8036,72.764,72.6089,72.6089,24
MaziyarPanahi/calme-2.2-rys-78b,59.2686,70.8101,70.7169,70.7169,24
MaziyarPanahi/calme-2.3-llama3-70b,48.0086,63.9917,63.6695,63.6695,24
MaziyarPanahi/calme-2.3-llama3.1-70b,55.5855,68.7165,68.6166,68.6166,24
MaziyarPanahi/calme-2.3-phi3-4b,37.6589,55.3787,55.0772,55.0772,24
MaziyarPanahi/calme-2.3-qwen2-72b,51.2283,65.7631,65.683,65.683,24
MaziyarPanahi/calme-2.3-qwen2-7b,30.9561,50.6405,50.3732,50.3732,24
MaziyarPanahi/calme-2.3-rys-78b,59.5745,71.0776,70.9773,70.9773,24
MaziyarPanahi/calme-2.4-llama3-70b,48.3978,64.1819,63.8952,63.8952,24
MaziyarPanahi/calme-2.4-qwen2-7b,31.8183,51.0142,50.6856,50.6856,24
MaziyarPanahi/calme-2.4-rys-78b,62.1565,72.7951,72.5916,72.5916,24
MaziyarPanahi/calme-2.5-qwen2-7b,28.281,48.8656,48.6547,48.6547,24
MaziyarPanahi/calme-2.6-qwen2-7b,29.3084,49.3024,48.9325,48.9325,24
MaziyarPanahi/calme-2.7-qwen2-7b,28.9122,48.8317,48.5159,48.5159,24
MaziyarPanahi/calme-3.1-baguette-3b,25.5077,46.8333,46.5371,46.5371,24
MaziyarPanahi/calme-3.1-instruct-3b,27.3099,48.1273,47.8216,47.8216,24
MaziyarPanahi/calme-3.1-instruct-78b,62.4097,73.0515,72.8346,72.8346,24
MaziyarPanahi/calme-3.1-llamaloi-3b,23.7692,45.8734,45.6692,45.6692,24
MaziyarPanahi/calme-3.2-baguette-3b,25.8657,47.0862,46.8148,46.8148,24
MaziyarPanahi/calme-3.2-instruct-3b,27.9768,48.6564,48.3076,48.3076,24
MaziyarPanahi/calme-3.2-instruct-78b,62.6094,73.1862,72.9734,72.9734,24
MaziyarPanahi/calme-3.3-baguette-3b,25.5966,46.7822,46.3982,46.3982,24
MaziyarPanahi/calme-3.3-instruct-3b,25.6821,46.9334,46.5891,46.5891,24
Minami-su/Amara-o1-7B-Qwen,32.7968,51.9942,51.6751,51.6751,24
Minami-su/Amara-o2-7B-Qwen,31.7981,51.7343,51.3453,51.3453,24
Minami-su/test-7B-00,21.49,44.6612,44.2631,44.2631,24
Minami-su/test-7B-01,20.8245,44.2236,43.7945,43.7945,24
Minami-su/test-v2-7B-00,21.1908,44.1599,43.8118,43.8118,24
ModelCloud/Llama-3.2-1B-Instruct-gptqmodel-4bit-vortex-v1,5.85917,32.5273,32.1819,32.1819,24
ModelSpace/GemmaX2-28-9B-v0.1,11.7077,36.8723,36.5909,36.5909,24
NAPS-ai/naps-gemma-2-27b-v-0.1.0,2.34704,29.1178,28.7624,28.7624,24
NAPS-ai/naps-gemma-2-27b-v0.1.0,2.34704,29.1178,28.7624,28.7624,24
NAPS-ai/naps-llama-3_1-instruct-v0.5.0,18.1101,41.4758,41.3123,41.3123,24
NCSOFT/Llama-VARCO-8B-Instruct,29.1771,50.2288,49.9913,49.9913,24
Naveenpoliasetty/llama3-8B-V2,30.8732,51.8866,51.7271,51.7271,24
NbAiLab/nb-llama-3.1-8B-Instruct,5.44886,32.4666,32.234,32.234,24
Nekochu/Llama-3.1-8B-German-ORPO,29.4193,49.8258,49.6615,49.6615,24
Nexesenex/Llama_3.1_8b_DeepDive_3_R1_Prev_v1.0,30.7328,51.2036,51.0849,51.0849,24
Nexesenex/Llama_3.1_8b_DobHerWild_R1_v1.1R,32.8258,52.5696,52.4041,52.4041,24
Nexesenex/Llama_3.1_8b_DoberWild_v2.02,33.3533,53.1274,52.9769,52.9769,24
Nexesenex/Llama_3.1_8b_DodoWild_v2.01,32.1109,52.5276,52.4215,52.4215,24
Nexesenex/Llama_3.1_8b_DodoWild_v2.02,32.3192,52.6174,52.4909,52.4909,24
Nexesenex/Llama_3.1_8b_DodoWild_v2.03,33.023,53.0825,52.9248,52.9248,24
Nexesenex/Llama_3.1_8b_Dolermed_R1_V1.01,33.2879,53.1239,53.0637,53.0637,24
Nexesenex/Llama_3.1_8b_Dolermed_V1.01,31.7058,51.9362,51.7445,51.7445,24
Nexesenex/Llama_3.1_8b_Dolerstormed_V1.04,31.6412,51.9518,51.8313,51.8313,24
Nexesenex/Llama_3.1_8b_Hermedive_R1_V1.01,31.13,51.7086,51.5362,51.5362,24
Nexesenex/Llama_3.1_8b_Mediver_V1.01,20.4415,44.1483,43.8118,43.8118,24
Nexesenex/Llama_3.1_8b_Smarteaz_0.2_R1,30.6976,51.125,50.946,50.946,24
Nexesenex/Llama_3.1_8b_Smarteaz_V1.01,32.2755,52.4127,52.2826,52.2826,24
Nexesenex/Llama_3.2_1b_AquaSyn_0.1,6.21257,32.8436,32.6506,32.6506,24
Nexesenex/Llama_3.2_1b_Odyssea_V1,2.6467,30.0972,29.7518,29.7518,24
Nexesenex/Llama_3.2_1b_Odyssea_V1.01,2.8484,30.4465,30.1163,30.1163,24
Nexesenex/Llama_3.2_1b_SunOrca_V1,7.85268,34.3064,34.0219,34.0219,24
Nexesenex/Llama_3.2_1b_Sydonia_0.1,4.74244,31.2109,30.9495,30.9495,24
Nexesenex/Llama_3.2_3b_Kermes_v2,22.0499,44.5545,44.3847,44.3847,24
NikolaSigmoid/AceMath-1.5B-Instruct-dolphin-r1-200,1.5863,28.148,27.7035,27.7035,24
NikolaSigmoid/DeepSeek-R1-Distill-Qwen-1.5B-500,0.357981,26.016,25.7421,25.7421,24
NikolaSigmoid/phi-4-14b,52.5007,66.95,66.794,66.794,24
NotASI/FineTome-Llama3.2-3B-1002,19.5201,43.1947,43.1522,43.1522,24
NotASI/FineTome-v1.5-Llama3.2-1B-1007,5.80172,32.4057,32.1298,32.1298,24
NotASI/FineTome-v1.5-Llama3.2-3B-1007,19.4572,43.1237,43.0654,43.0654,24
NousResearch/DeepHermes-3-Mistral-24B-Preview,48.9634,64.882,64.9714,64.9714,24
NousResearch/Hermes-2-Pro-Llama-3-8B,30.668,50.7113,50.2864,50.2864,24
NousResearch/Hermes-2-Pro-Mistral-7B,29.4276,49.9544,49.6789,49.6789,24
NousResearch/Hermes-3-Llama-3.1-70B,53.7654,67.5578,67.3841,67.3841,24
NousResearch/Nous-Hermes-2-Mistral-7B-DPO,27.7925,48.5265,48.2729,48.2729,24
NousResearch/Yarn-Llama-2-13b-128k,13.5053,38.2682,38.1184,38.1184,24
Open-Orca/Mistral-7B-OpenOrca,25.84,47.6817,47.6653,47.6653,24
OpenBuddy/openbuddy-llama3-70b-v21.2-32k,49.9694,65.0744,64.9714,64.9714,24
OpenBuddy/openbuddy-llama3-8b-v21.1-8k,26.115,47.875,47.5959,47.5959,24
OpenBuddy/openbuddy-llama3.1-70b-v22.1-131k,51.9408,66.9849,66.9849,66.9849,24
OpenBuddy/openbuddy-llama3.1-8b-v22.3-131k,30.3195,50.6591,50.3906,50.3906,24
OpenBuddy/openbuddy-yi1.5-34b-v21.3-32k,45.6371,61.6257,61.3435,61.3435,24
OpenLeecher/llama3-8b-lima,19.5731,42.9583,42.6315,42.6315,24
OpenScholar/Llama-3.1_OpenScholar-8B,32.4039,52.0774,51.866,51.866,24
Orenguteng/Llama-3.1-8B-Lexi-Uncensored-V2,29.687,50.8401,50.7204,50.7204,24
Orion-zhen/phi-4-abliterated,52.4571,66.9824,66.8113,66.8113,24
PJMixers/LLaMa-3-CursedStock-v2.0-8B,32.5636,52.7116,52.5777,52.5777,24
PJMixers-Dev/LLaMa-3.1-Instruct-Interleaved-Zeroed-13B,29.8928,50.7327,50.6162,50.6162,24
PJMixers-Dev/LLaMa-3.1-RomboTiesTest-8B,29.8928,50.7327,50.6162,50.6162,24
PJMixers-Dev/LLaMa-3.1-RomboTiesTest2-8B,29.8928,50.7327,50.6162,50.6162,24
PJMixers-Dev/LLaMa-3.2-Instruct-JankMix-v0.2-SFT-3B,23.3412,45.815,45.808,45.808,24
PJMixers-Dev/LLaMa-3.2-Instruct-JankMixBread-v0.1-3B,22.7596,44.8316,44.7145,44.7145,24
Quazim0t0/Lo-Phi-14b,54.706,68.5193,68.2868,68.2868,24
Quazim0t0/Phi4.Turn.R1Distill.16bit,50.4692,65.6334,65.4053,65.4053,24
Quazim0t0/Phi4Basis-14B-sce,55.6652,69.0907,68.8943,68.8943,24
Quazim0t0/graphite-14b-sce,51.5092,66.3142,66.0996,66.0996,24
Qwen/QwQ-32B-Preview,53.3877,66.9138,66.6377,66.6377,24
Qwen/Qwen1.5-0.5B,5.03548,31.5354,31.314,31.314,24
Qwen/Qwen1.5-1.8B,9.7599,34.7612,34.4905,34.4905,24
Qwen/Qwen1.5-110B,44.2805,60.9996,60.7013,60.7013,24
Qwen/Qwen1.5-14B-Chat,32.7565,52.2859,51.8486,51.8486,24
Qwen/Qwen1.5-32B,38.9804,57.1539,56.8651,56.8651,24
Qwen/Qwen1.5-32B-Chat,44.5549,60.669,60.3715,60.3715,24
Qwen/Qwen1.5-4B-Chat,16.2971,40.0555,39.7327,39.7327,24
Qwen/Qwen1.5-MoE-A2.7B,18.8379,41.1352,40.7915,40.7915,24
Qwen/Qwen2-0.5B-Instruct,5.87604,31.7252,31.6959,31.6959,24
Qwen/Qwen2-1.5B-Instruct,13.6953,38.5223,38.2399,38.2399,24
Qwen/Qwen2-57B-A14B,38.876,56.182,55.8931,55.8931,24
Qwen/Qwen2-7B,34.7111,53.1532,52.8728,52.8728,24
Qwen/Qwen2-7B-Instruct,37.8084,55.4478,55.0772,55.0772,24
Qwen/Qwen2-Math-72B-Instruct,47.9602,63.4338,63.2008,63.2008,24
Qwen/Qwen2-VL-72B-Instruct,56.3112,69.4629,69.1547,69.1547,24
Qwen/Qwen2-VL-7B-Instruct,35.8771,54.6451,54.3656,54.3656,24
Qwen/Qwen2.5-1.5B-Instruct,19.8098,42.8898,42.4753,42.4753,24
Qwen/Qwen2.5-14B-Instruct,48.3607,63.9045,63.7389,63.7389,24
Qwen/Qwen2.5-32B-Instruct,56.4893,69.1253,68.7381,68.7381,24
Qwen/Qwen2.5-3B-Instruct,25.8014,46.9277,46.5544,46.5544,24
Qwen/Qwen2.5-72B,54.6151,67.9732,67.8181,67.8181,24
Qwen/Qwen2.5-7B-Instruct,34.8921,53.9633,53.6886,53.6886,24
Qwen/Qwen2.5-Math-72B-Instruct,48.9661,64.5227,64.3638,64.3638,24
Qwen/Qwen2.5-Math-7B,22.0088,44.5464,44.3152,44.3152,24
RESMPDEV/Qwen2-Wukong-0.5B,4.19666,30.8451,30.6023,30.6023,24
RLHFlow/ArmoRM-Llama3-8B-v0.1,1.74945,28.7647,28.3458,28.3458,24
Replete-AI/Llama3-8B-Instruct-Replete-Adapted,26.889,48.7026,48.4117,48.4117,24
Rombo-Org/Rombo-LLM-V2.5-Qwen-7b,34.9073,53.9975,53.7407,53.7407,24
SaisExperiments/Gemma-2-2B-Stheno-Filtered,17.4789,41.4923,41.3296,41.3296,24
SaisExperiments/RightSheep-Llama3.2-3B,18.6433,42.4078,42.3711,42.3711,24
Sakalti/Llama3.2-3B-Uranus-1,21.4164,44.3683,44.2631,44.2631,24
Sakalti/Phi3.5-Comets-3.8B,6.53359,33.3512,33.0151,33.0151,24
Sakalti/Qwen2.5-1B-Instruct,3.43704,30.2715,30.0816,30.0816,24
SentientAGI/Dobby-Mini-Leashed-Llama-3.1-8B,30.773,51.3805,51.1022,51.1022,24
SentientAGI/Dobby-Mini-Unhinged-Llama-3.1-8B,30.3699,51.4244,51.1717,51.1717,24
Sicarius-Prototyping/Brainy_LLAMA,30.295,51.1713,50.946,50.946,24
SicariusSicariiStuff/LLAMA-3_8B_Unaligned_BETA,24.998,47.1723,46.9537,46.9537,24
SicariusSicariiStuff/Phi-Line_14B,43.7941,61.5443,61.2914,61.2914,24
SicariusSicariiStuff/Qwen2.5-14B_Uncensored,46.7202,63.0894,62.819,62.819,24
SicariusSicariiStuff/Qwen2.5-14B_Uncensored_Instruct,42.1131,59.3679,59.2258,59.2258,24
SkyOrbis/SKY-Ko-Llama3.2-1B-lora-epoch5,8.13212,34.0602,33.9004,33.9004,24
SkyOrbis/SKY-Ko-Llama3.2-1B-lora-v2-epoch3,8.13212,34.0602,33.9004,33.9004,24
SkyOrbis/SKY-Ko-Llama3.2-3B-lora-epoch1,20.8061,43.9963,43.8986,43.8986,24
SkyOrbis/SKY-Ko-Qwen2.5-3B-Instruct,19.1507,42.6482,42.5968,42.5968,24
SkyOrbis/SKY-Ko-Qwen2.5-7B-Instruct-SFT-step-15000,31.3276,50.7796,50.4253,50.4253,24
SkyOrbis/SKY-Ko-Qwen2.5-7B-Instruct-SFT-step-5000,34.9514,53.8986,53.4282,53.4282,24
Sorawiz/Gemma-9B-Base,41.2814,59.3041,59.1911,59.1911,24
Sorawiz/Gemma-Creative-9B-Base,34.6224,54.5861,54.4003,54.4003,24
Sourjayon/DeepSeek-R1-ForumNXT,6.95754,33.102,32.9977,32.9977,24
Supichi/BBAI_135_Gemma,10.858,35.6841,35.4973,35.4973,24
Syed-Hasan-8503/Phi-3-mini-4K-instruct-cpo-simpo,39.1482,56.8153,56.4659,56.4659,24
T145/Meta-Llama-3.1-8B-Instruct-TIES,29.7743,50.7011,50.5815,50.5815,24
T145/qwen-2.5-3B-merge-test,27.8893,48.4249,48.0299,48.0299,24
TIGER-Lab/AceCoder-Qwen2.5-Coder-7B-Base-Rule,29.4054,49.0238,48.7242,48.7242,24
TIGER-Lab/Qwen2.5-Math-7B-CFT,24.5851,46.3694,46.1552,46.1552,24
TTTXXX01/Mistral-7B-Base-SimPO2-5e-7,20.6926,43.1955,43.0134,43.0134,24
Tarek07/Thalassic-Alpha-LLaMa-70B,55.9541,69.4041,69.2762,69.2762,24
Telugu-LLM-Labs/Indic-gemma-2b-finetuned-sft-Navarasa-2.0,6.02105,32.4088,32.1819,32.1819,24
Telugu-LLM-Labs/Indic-gemma-7b-finetuned-sft-Navarasa-2.0,16.2632,40.2299,40.0278,40.0278,24
TheDrummer/Gemmasutra-9B-v1,41.2004,58.8691,58.7398,58.7398,24
TheDrummer/Tiger-Gemma-9B-v2,35.4695,56.1719,56.1361,56.1361,24
TheTsar1209/qwen-carpmuscle-r-v0.3,46.3759,62.2712,61.8816,61.8816,24
TheTsar1209/qwen-carpmuscle-v0.1,48.8256,64.343,64.0687,64.0687,24
TinyLlama/TinyLlama-1.1B-Chat-v0.1,3.36301,30.8353,30.5503,30.5503,24
TinyLlama/TinyLlama-1.1B-Chat-v1.0,4.0134,31.0356,30.6023,30.6023,24
TinyLlama/TinyLlama-1.1B-intermediate-step-1431k-3T,3.54709,30.7119,30.2899,30.2899,24
Triangle104/DS-Distilled-Hermes-Llama-3.1,30.3125,51.1701,51.1022,51.1022,24
Triangle104/DSR1-Distill-Llama-Lit-8B,19.2252,42.8406,42.753,42.753,24
Triangle104/DSR1-Distill-Qwen-7B-RP,19.8533,43.2649,42.9092,42.9092,24
Triangle104/Dolphin3-Llama3.2-Smart,15.3497,39.7508,39.455,39.455,24
Triangle104/Llama3.1-Allades-Lit-8b,17.4469,41.833,41.6421,41.6421,24
Triangle104/Mistral-Small-24b-Harmony,48.4212,64.3373,64.225,64.225,24
Triangle104/Phi-4-AbliteratedRP,52.641,67.0878,66.9849,66.9849,24
Triangle104/Phi4-RP-o1,51.5939,66.5256,66.3774,66.3774,24
Triangle104/Phi4-RP-o1-Ablit,51.2218,66.2983,66.117,66.117,24
Triangle104/Porpoise-R1-Llama3.2-3b,12.9266,38.2368,37.9274,37.9274,24
Triangle104/RomboHermes3-R1-Llama3.2-3b,19.0927,42.6395,42.6662,42.6662,24
UCLA-AGI/Gemma-2-9B-It-SPPO-Iter2,42.1698,59.8988,59.7639,59.7639,24
UCLA-AGI/Gemma-2-9B-It-SPPO-Iter3,42.5368,60.0708,59.9202,59.9202,24
UCLA-AGI/Llama-3-Instruct-8B-SPPO-Iter3,29.7397,50.7958,50.6336,50.6336,24
UCLA-AGI/Llama-3-Instruct-8B-SPPO-Iter3,29.7167,50.7958,50.6336,50.6336,24
UCLA-AGI/Mistral7B-PairRM-SPPO,22.0847,44.3898,44.1243,44.1243,24
UCLA-AGI/Mistral7B-PairRM-SPPO-Iter2,22.4799,44.6572,44.5582,44.5582,24
UCLA-AGI/Mistral7B-PairRM-SPPO-Iter3,21.8175,43.9659,43.8292,43.8292,24
UKzExecution/LlamaExecutor-8B-3.0.5,28.4138,50.06,49.9219,49.9219,24
VAGOsolutions/Llama-3-SauerkrautLM-70b-Instruct,52.0296,66.6325,66.3947,66.3947,24
VAGOsolutions/Llama-3-SauerkrautLM-8b-Instruct,28.0492,49.4338,49.2623,49.2623,24
VAGOsolutions/Llama-3.1-SauerkrautLM-8b-Instruct,30.9994,51.1493,50.8072,50.8072,24
VAGOsolutions/SauerkrautLM-Gemma-2b,9.13387,34.1632,33.9872,33.9872,24
VAGOsolutions/SauerkrautLM-gemma-2-9b-it,43.25,60.7265,60.7186,60.7186,24
VIRNECT/llama-3-Korean-8B-r-v-0.1,25.885,48.0616,47.8736,47.8736,24
ValiantLabs/Llama3.1-70B-ShiningValiant2,52.391,67.3841,67.2973,67.2973,24
ValiantLabs/Llama3.1-8B-Fireplace2,24.0703,46.0982,45.8254,45.8254,24
ValiantLabs/Llama3.1-8B-Fireplace2,24.09,46.0982,45.8254,45.8254,24
ValiantLabs/Llama3.2-3B-Esper2,13.8517,38.0826,38.1184,38.1184,24
Weyaxi/Einstein-v6.1-Llama3-8B,29.3838,50.083,49.8004,49.8004,24
Weyaxi/Einstein-v6.1-developed-by-Weyaxi-Llama3-8B,29.6944,50.4384,50.1823,50.1823,24
Weyaxi/Einstein-v7-Qwen2-7B,32.8418,51.6147,51.137,51.137,24
Xiaojian9992024/Llama3.2-1B-THREADRIPPER,9.11553,35.4375,35.2369,35.2369,24
Xiaojian9992024/Llama3.2-1B-THREADRIPPER-v0.2,8.32966,35.2782,34.9592,34.9592,24
Xiaojian9992024/Qwen2.5-THREADRIPPER-Medium-Censored,49.1123,64.3145,64.1208,64.1208,24
Xiaojian9992024/Qwen2.5-Ultra-1.5B-25.02-Exp,17.0264,40.6558,40.3229,40.3229,24
YOYO-AI/Qwen2.5-14B-YOYO-0505,50.3591,65.3924,65.1276,65.1276,24
YOYO-AI/Qwen2.5-14B-YOYO-0805,50.3591,65.3924,65.1276,65.1276,24
YOYO-AI/Qwen2.5-14B-YOYO-1010,50.2677,65.3997,65.1623,65.1623,24
YOYO-AI/Qwen2.5-14B-YOYO-1010,48.6903,65.3997,65.1623,65.1623,24
YOYO-AI/Qwen2.5-14B-YOYO-SCE,49.4649,64.8949,64.6763,64.6763,24
YOYO-AI/Qwen2.5-14B-YOYO-V4,49.6724,64.9035,64.7457,64.7457,24
YOYO-AI/Qwen2.5-14B-YOYO-V4-p2,47.0269,63.3892,63.2876,63.2876,24
YOYO-AI/Qwen2.5-14B-YOYO-latest,52.0354,66.5623,66.4294,66.4294,24
YOYO-AI/Qwen2.5-14B-YOYO-latest-V2,47.2989,62.9902,62.7148,62.7148,24
YOYO-AI/Qwen2.5-7B-it-restore,35.0843,54.0652,53.8101,53.8101,24
YOYO-AI/ZYH-LLM-Qwen2.5-14B,52.0427,66.4446,66.2559,66.2559,24
YOYO-AI/ZYH-LLM-Qwen2.5-14B-V2,49.0886,64.5208,64.2944,64.2944,24
Youlln/ECE-Qwen0.5B-FT-V2,7.63215,32.8971,32.7027,32.7027,24
Yuma42/Llama3.1-IgneousIguana-8B,31.9859,51.9051,51.6924,51.6924,24
ZeroXClem/Llama-3.1-8B-AthenaSky-MegaMix,31.3853,51.6342,51.5709,51.5709,24
ZeroXClem/Llama-3.1-8B-SuperNova-EtherealHermes,32.0713,52.4446,52.2999,52.2999,24
ZeroXClem/Qwen-2.5-Aether-SlerpFusion-7B,36.0112,54.6224,54.3308,54.3308,24
ZeroXClem/Qwen2.5-7B-HomerAnvita-NerdMix,36.5792,55.4132,55.164,55.164,24
abacusai/Liberated-Qwen1.5-14B,28.0209,49.48,49.2623,49.2623,24
abacusai/bigyi-15b,19.9402,43.453,43.3258,43.3258,24
abideen/MedPhi-4-14B-v1,55.579,68.9678,68.7728,68.7728,24
agentlans/Llama3.1-8B-drill,28.7917,50.1568,50.0608,50.0608,24
agentlans/Llama3.1-Daredevilish,29.2027,50.1251,49.9045,49.9045,24
agentlans/Qwen2.5-0.5B-Instruct-CrashCourse-dropout,7.22787,33.1173,32.9283,32.9283,24
akhadangi/Llama3.2.1B.0.01-First,4.76623,31.8919,31.6091,31.6091,24
akhadangi/Llama3.2.1B.0.1-First,4.177,31.1962,30.9495,30.9495,24
akhadangi/Llama3.2.1B.BaseFiT,4.54834,31.7452,31.557,31.557,24
allenai/Llama-3.1-Tulu-3-70B,45.3656,61.6363,61.2914,61.2914,24
allenai/Llama-3.1-Tulu-3-70B,45.2595,61.6363,61.2914,61.2914,24
allenai/Llama-3.1-Tulu-3-8B-DPO,17.426,40.7943,40.4791,40.4791,24
allenai/Llama-3.1-Tulu-3-8B-RM,2.64967,29.5004,29.2658,29.2658,24
allenai/Llama-3.1-Tulu-3-8B-SFT,13.9312,38.7186,38.344,38.344,24
allknowingroger/Gemma2Slerp1-2.6B,19.7703,43.4309,43.2217,43.2217,24
allknowingroger/Gemma2Slerp1-27B,48.3777,63.989,63.7042,63.7042,24
allknowingroger/Gemma2Slerp2-27B,51.0902,65.5727,65.2838,65.2838,24
allknowingroger/Gemma2Slerp4-27B,50.7738,65.2958,65.0061,65.0061,24
allknowingroger/GemmaSlerp5-10B,43.5385,60.5448,60.493,60.493,24
allknowingroger/GemmaStock1-27B,50.9901,65.6561,65.3706,65.3706,24
allknowingroger/Llama3.1-60B,7.78428,32.4176,32.1125,32.1125,24
allknowingroger/MistralPhi3-11B,46.1646,62.3431,62.1767,62.1767,24
allknowingroger/Mistralmash2-7B-s,33.2984,53.0486,52.8728,52.8728,24
allknowingroger/Phi3mash1-17B-pass,45.2504,61.2888,61.1005,61.1005,24
allknowingroger/Qwen2.5-42B-AGI,2.23589,29.421,29.0575,29.0575,24
allknowingroger/Qwen2.5-7B-task3,34.386,53.9762,53.6192,53.6192,24
allknowingroger/Qwen2.5-7B-task4,37.0253,55.8345,55.5286,55.5286,24
allknowingroger/QwenSlerp12-7B,36.4113,55.5645,55.3376,55.3376,24
allknowingroger/QwenSlerp4-14B,49.3812,64.8325,64.6416,64.6416,24
allknowingroger/QwenSlerp6-14B,47.5883,63.8445,63.7216,63.7216,24
allknowingroger/QwenStock1-14B,50.0763,65.2849,65.1102,65.1102,24
allknowingroger/QwenStock2-14B,50.5983,65.6885,65.4747,65.4747,24
allknowingroger/Qwenslerp3-14B,49.8098,65.2084,64.9887,64.9887,24
allknowingroger/Qwenslerp3-7B,37.154,55.8016,55.5112,55.5112,24
allknowingroger/ROGERphi-7B-slerp,32.819,51.9558,51.5883,51.5883,24
allknowingroger/Rombos-LLM-V2.5-Qwen-42b,2.60764,29.6916,29.2831,29.2831,24
allknowingroger/Yi-1.5-34B,1.33904,28.2725,27.9813,27.9813,24
allknowingroger/Yislerp-34B,45.9817,61.5872,61.3609,61.3609,24
allknowingroger/Yislerp2-34B,47.2023,62.4577,62.2809,62.2809,24
allura-org/Mistral-Small-24b-Sertraline-0304,49.2815,65.2491,65.1276,65.1276,24
amazon/MegaBeam-Mistral-7B-300k,19.2918,42.2773,42.1281,42.1281,24
anakin87/gemma-2b-orpo,7.94945,34.2617,33.9524,33.9524,24
arcee-ai/Llama-3.1-SuperNova-Lite,31.5723,51.5199,51.137,51.137,24
asharsha30/LLAMA_Harsha_8_B_ORDP_10k,25.7257,46.6871,46.6759,46.6759,24
awnr/Mistral-7B-v0.1-signtensors-1-over-4,9.22769,29.1178,28.7624,28.7624,24
axolotl-ai-co/romulus-mistral-nemo-12b-simpo,34.6424,53.9506,53.6018,53.6018,24
bigscience/bloom-1b1,4.04271,31.0728,30.8106,30.8106,24
bosonai/Higgs-Llama-3-70B,45.8974,62.5766,62.2809,62.2809,24
braindao/DeepSeek-R1-Distill-Qwen-1.5B-Blunt,1.10236,27.7437,27.4432,27.4432,24
braindao/DeepSeek-R1-Distill-Qwen-14B-Blunt,6.12685,32.829,32.3555,32.3555,24
braindao/DeepSeek-R1-Distill-Qwen-14B-Blunt-Uncensored,4.60719,31.7034,31.4182,31.4182,24
braindao/DeepSeek-R1-Distill-Qwen-14B-Blunt-Uncensored-Blunt,5.06757,31.9858,31.3661,31.3661,24
braindao/DeepSeek-R1-Distill-Qwen-7B-Reflective,2.0813,29.0678,28.7103,28.7103,24
braindao/Qwen2.5-14B,41.2635,58.5266,58.3058,58.3058,24
bunnycore/FuseCyberMix-Qwen-2.5-7B-Instruct,36.3686,55.1797,54.8863,54.8863,24
bunnycore/Gemma2-9B-TitanFusion,39.0506,57.1203,57.0561,57.0561,24
bunnycore/HyperLlama-3.1-8B,29.8067,51.0339,50.8939,50.8939,24
bunnycore/Llama-3.1-8B-TitanFusion-v3,32.0729,52.6211,52.4562,52.4562,24
bunnycore/Llama-3.2-3B-Deep-Test,2.57232,29.5026,29.0401,29.0401,24
bunnycore/Llama-3.2-3B-Deep-Test,22.9144,29.5026,29.0401,29.0401,24
bunnycore/Llama-3.2-3B-Della,11.4675,36.8349,36.5388,36.5388,24
bunnycore/Llama-3.2-3B-Long-Think,24.2268,46.1039,45.9642,45.9642,24
bunnycore/Llama-3.2-3B-Mix-Skill,23.7842,45.8184,45.6692,45.6692,24
bunnycore/Llama-3.2-3B-ProdigyPlus,20.623,43.9228,43.8639,43.8639,24
bunnycore/Llama-3.2-3B-ToxicKod,22.9833,45.2543,45.079,45.079,24
bunnycore/Phi-3.5-mini-TitanFusion-0.1,35.4462,53.7373,53.4803,53.4803,24
bunnycore/Phi-4-Model-Stock-v4,55.9017,69.243,69.0158,69.0158,24
bunnycore/Phi-4-RP-v0,54.845,68.5634,68.3215,68.3215,24
bunnycore/Phi-4-RR-Shoup,56.1084,69.4703,69.2588,69.2588,24
bunnycore/Phi-4-ReasoningRP,55.8845,69.2219,68.9984,68.9984,24
bunnycore/Phi-4-Sce-exp-v0.1,56.075,69.4318,69.2241,69.2241,24
bunnycore/Phi-4-Stock-Ex,55.2036,68.6446,68.4083,68.4083,24
bunnycore/Phi-4-Stock-RP,55.2059,68.5963,68.3909,68.3909,24
bunnycore/Phi-4-Trim-Exp1,1.40662,28.5166,28.3111,28.3111,24
bunnycore/Qwen-2.5-7B-Deep-Stock-v1,34.0799,53.6134,53.4109,53.4109,24
bunnycore/Qwen-2.5-7B-Deep-Stock-v5,24.9904,46.7246,46.4503,46.4503,24
bunnycore/Qwen-2.5-7B-Exp-Sce,36.239,55.0587,54.7127,54.7127,24
bunnycore/Qwen-2.5-7b-S1k,36.6942,55.6275,55.355,55.355,24
bunnycore/Qwen2.5-1.5B-Model-Stock,1.43021,28.737,28.4152,28.4152,24
bunnycore/Qwen2.5-3B-Model-Stock-v2,25.6485,46.7748,46.3982,46.3982,24
bunnycore/Qwen2.5-3B-Model-Stock-v3.2,26.3269,47.2742,46.8842,46.8842,24
bunnycore/Qwen2.5-3B-Model-Stock-v4.1,27.4,48.2026,47.8389,47.8389,24
bunnycore/Qwen2.5-3B-RP-Mix,28.3059,48.9438,48.6895,48.6895,24
bunnycore/Qwen2.5-7B-Instruct-Fusion,36.1799,54.919,54.6086,54.6086,24
bunnycore/Qwen2.5-7B-MixStock-Sce-V0.3,9.50734,34.7901,34.6641,34.6641,24
bunnycore/Qwen2.5-7B-MixStock-V0.1,35.8693,54.791,54.4524,54.4524,24
bunnycore/Qwen2.5-7B-R1-Bespoke-Stock,26.6387,48.2214,48.0299,48.0299,24
bunnycore/Qwen2.5-7B-R1-Bespoke-Task,17.9069,41.4955,41.2255,41.2255,24
bunnycore/Qwen2.5-7B-Sky-R1-Mini,8.89517,35.0294,34.7509,34.7509,24
bunnycore/Smol-Llama-3.2-3B,23.0408,45.3881,45.2873,45.2873,24
byroneverson/Mistral-Small-Instruct-2409-abliterated,31.2557,52.3786,51.7098,51.7098,24
byroneverson/Yi-1.5-9B-Chat-abliterated,34.3522,54.0122,53.706,53.706,24
carsenk/phi3.5_mini_exp_825_uncensored,1.82781,29.6473,29.2831,29.2831,24
cat-searcher/gemma-2-9b-it-sppo-iter-1,41.6763,59.7187,59.5903,59.5903,24
cckm/tinymistral_950m,2.37179,29.6946,29.474,29.474,24
chujiezheng/Mistral7B-PairRM-SPPO-ExPO,13.6786,38.8219,38.6218,38.6218,24
cloudyu/Llama-3-70Bx2-MOE,51.4221,66.3623,66.2038,66.2038,24
cognitivecomputations/Dolphin3.0-Qwen2.5-0.5B,5.09693,31.1422,31.071,31.071,24
cognitivecomputations/Dolphin3.0-R1-Mistral-24B,33.7637,53.597,53.4456,53.4456,24
cognitivecomputations/dolphin-2.9-llama3-8b,27.8589,49.4992,49.4011,49.4011,24
cognitivecomputations/dolphin-2.9.1-llama-3-70b,31.1012,52.0492,51.7445,51.7445,24
cognitivecomputations/dolphin-2.9.1-yi-1.5-9b,35.7761,54.8431,54.6606,54.6606,24
cognitivecomputations/dolphin-2.9.3-mistral-7B-32k,26.9064,48.1254,47.8389,47.8389,24
cognitivecomputations/dolphin-2.9.4-gemma2-2b,17.3676,40.8132,40.4964,40.4964,24
cognitivecomputations/dolphin-2.9.4-llama3.1-8b,8.97209,35.2196,34.9592,34.9592,24
cstr/llama3.1-8b-spaetzle-v90,32.7637,53.0286,52.9075,52.9075,24
deepseek-ai/DeepSeek-R1-Distill-Llama-8B,5.32525,32.3935,32.1125,32.1125,24
deepseek-ai/DeepSeek-R1-Distill-Qwen-1.5B,4.72912,32.4099,32.1298,32.1298,24
deepseek-ai/DeepSeek-R1-Distill-Qwen-7B,7.8827,34.4257,34.1087,34.1087,24
deepseek-ai/deepseek-llm-7b-base,9.76792,35.0303,34.8898,34.8898,24
deepseek-ai/deepseek-moe-16b-base,8.35556,34.0946,34.0219,34.0219,24
dnhkng/RYS-Llama-3-8B-Instruct,25.373,48.0871,47.8736,47.8736,24
dnhkng/RYS-Llama-3-Large-Instruct,49.6655,65.2527,65.0581,65.0581,24
dnhkng/RYS-Llama-3.1-8B-Instruct,31.0854,51.6365,51.5015,51.5015,24
duyhv1411/Llama-3.2-3B-en-vi,5.94625,32.7164,32.3555,32.3555,24
dwikitheduck/gemma-2-2b-id-inst,15.4151,39.6217,39.3334,39.3334,24
ehristoforu/Gemma2-9B-it-psy10k-mental_health,35.566,55.3938,55.4244,55.4244,24
ehristoforu/Gemma2-9b-it-train6,40.9876,58.9809,58.9134,58.9134,24
ehristoforu/QwenQwen2.5-7B-IT,34.9697,53.9796,53.758,53.758,24
ehristoforu/coolqwen-3b-it,27.4637,48.5089,48.1687,48.1687,24
ehristoforu/qwen2.5-test-32b-it,58.2833,70.8059,70.4392,70.4392,24
ehristoforu/rufalcon3-3b-it,18.2144,41.5542,41.2428,41.2428,24
ehristoforu/ruphi-4b,2.40063,29.0603,28.8144,28.8144,24
ell44ot/gemma-2b-def,4.58642,31.5865,31.3314,31.3314,24
ewre324/Thinker-Qwen2.5-0.5B-Instruct-Reasoning,7.39461,32.9212,32.7894,32.7894,24
facebook/opt-1.3b,3.64805,30.9395,30.7585,30.7585,24
facebook/opt-30b,3.49843,30.7034,30.4808,30.4808,24
failspy/Meta-Llama-3-70B-Instruct-abliterated-v3.5,37.8713,57.471,57.247,57.247,24
failspy/Phi-3-medium-4k-instruct-abliterated-v3,46.7328,63.048,62.8363,62.8363,24
fhai50032/Unaligned-Thinker-PHI-4,51.925,66.4258,66.1517,66.1517,24
flammenai/Mahou-1.2a-mistral-7B,31.1668,51.1811,50.9287,50.9287,24
flammenai/Mahou-1.5-mistral-nemo-12B,36.2605,55.2236,54.8169,54.8169,24
fluently-lm/Llama-TI-8B,31.9843,52.0086,51.866,51.866,24
fluently-lm/Llama-TI-8B-Instruct,32.2669,52.5214,52.4909,52.4909,24
fluently-sets/FalconThink3-10B-IT,44.9758,62.0017,61.7428,61.7428,24
freewheelin/free-evo-qwen72b-v0.8-re,45.3174,61.2748,60.8401,60.8401,24
fulim/FineLlama-3.1-8B,22.4626,45.6921,45.5129,45.5129,24
gaverfraxz/Meta-Llama-3.1-8B-Instruct-HalfAbliterated-DELLA,15.2766,39.8484,39.9063,39.9063,24
gaverfraxz/Meta-Llama-3.1-8B-Instruct-HalfAbliterated-TIES,28.9142,50.4366,50.3211,50.3211,24
gbueno86/Brinebreath-Llama-3.1-70B,55.4636,68.8056,68.5992,68.5992,24
gmonsoon/gemma2-9b-sahabatai-v1-instruct-BaseTIES,43.4013,60.7724,60.7533,60.7533,24
godlikehhd/ifd_new_correct_all_sample_2500_qwen,15.6828,40.1964,39.7848,39.7848,24
godlikehhd/ifd_new_qwen_2500,17.638,41.5982,41.2428,41.2428,24
godlikehhd/qwen-2.5-1.5b-cherry,16.3236,40.3576,39.9931,39.9931,24
google/codegemma-1.1-2b,7.55123,33.5342,33.1887,33.1887,24
google/gemma-1.1-2b-it,5.86283,31.8463,31.557,31.557,24
google/gemma-2-27b-it,49.2728,64.5139,64.225,64.225,24
google/gemma-2-2b,11.7558,36.5597,36.209,36.209,24
google/gemma-2-2b,12.4973,36.5597,36.209,36.209,24
google/gemma-2-2b-it,17.9808,41.9923,41.6247,41.6247,24
google/gemma-2-2b-jpn-it,18.5256,42.2557,42.2149,42.2149,24
google/gemma-2-2b-jpn-it,17.8481,42.2557,42.2149,42.2149,24
google/gemma-7b-it,11.9408,36.459,36.209,36.209,24
google/recurrentgemma-9b,15.3234,39.1241,38.8301,38.8301,24
google/recurrentgemma-9b-it,21.6216,42.8669,42.7009,42.7009,24
grimjim/DeepSauerHuatuoSkywork-R1-o1-Llama-3.1-8B,32.7692,52.694,52.4562,52.4562,24
grimjim/Gigantes-v2-gemma2-9b-it,42.7016,59.8656,59.7813,59.7813,24
grimjim/Gigantes-v3-gemma2-9b-it,42.7954,59.8351,59.7466,59.7466,24
grimjim/HuatuoSkywork-o1-Llama-3.1-8B,28.3328,48.8636,48.8283,48.8283,24
grimjim/Llama-3-Instruct-8B-SPPO-Iter3-SimPO-merge,28.258,49.6169,49.4185,49.4185,24
grimjim/Llama-3.1-Bonsaikraft-8B-Instruct,32.5875,52.8686,52.6124,52.6124,24
grimjim/Llama-Nephilim-Metamorphosis-v2-8B,28.1825,50.1348,49.9913,49.9913,24
grimjim/Magot-v2-Gemma2-8k-9B,41.4593,58.9671,58.896,58.896,24
grimjim/llama-3-Nephilim-v2-8B,29.8963,50.4821,50.3385,50.3385,24
grimjim/llama-3-Nephilim-v2.1-8B,29.8197,50.9504,50.8245,50.8245,24
grimjim/llama-3-Nephilim-v3-8B,28.9556,50.1267,49.9566,49.9566,24
gz987/qwen2.5-7b-cabs-v0.4,36.3584,55.244,54.9557,54.9557,24
hotmailuser/FalconSlerp2-7B,36.8174,55.3781,54.921,54.921,24
hotmailuser/FalconSlerp3-7B,36.834,55.3297,54.8689,54.8689,24
hotmailuser/Gemma2Crono-27B,50.1034,65.0534,64.8151,64.8151,24
hotmailuser/Gemma2atlas-27B,50.7133,65.4496,65.2144,65.2144,24
hotmailuser/Llama-Hermes-slerp-8B,33.3093,53.1029,52.9596,52.9596,24
hotmailuser/LlamaStock-8B,33.0911,53.2894,53.1331,53.1331,24
hotmailuser/Qwen2.5-HomerSlerp-7B,37.4041,56.3251,56.1187,56.1187,24
hotmailuser/QwenSlerp-14B,49.4219,64.9129,64.7978,64.7978,24
hotmailuser/QwenSlerp-7B,37.6193,56.3635,56.1534,56.1534,24
hotmailuser/QwenSlerp2-14B,49.6843,64.928,64.7631,64.7631,24
hotmailuser/QwenSparse-7B,1.88718,28.9566,28.5541,28.5541,24
hotmailuser/QwenStock-1.7B,17.7407,41.8755,41.6074,41.6074,24
hotmailuser/QwenStock1-14B,49.5624,65.0225,64.9019,64.9019,24
huihui-ai/DeepSeek-R1-Distill-Qwen-14B-abliterated-v2,8.72537,34.8692,34.6294,34.6294,24
iFaz/llama31_8B_en_emo_v4,27.9312,49.1554,49.0366,49.0366,24
iFaz/llama32_1B_en_emo_v1,7.28105,33.8026,33.4664,33.4664,24
iFaz/llama32_3B_en_emo_2000_stp,23.4161,45.3459,45.0616,45.0616,24
iFaz/llama32_3B_en_emo_300_stp,22.9398,45.0457,44.8012,44.8012,24
iFaz/llama32_3B_en_emo_5000_stp,23.4623,45.6795,45.4609,45.4609,24
iFaz/llama32_3B_en_emo_v3,20.0971,43.0136,42.8398,42.8398,24
ifable/gemma-2-Ifable-9B,41.0326,58.6612,58.6357,58.6357,24
jayasuryajsk/Qwen2.5-3B-reasoner,25.2688,46.5118,46.2593,46.2593,24
jebish7/Llama-3-Nanda-10B-Chat,29.6005,49.5861,49.3838,49.3838,24
jebish7/Llama-3.1-8B-Instruct,29.1916,50.8839,50.8419,50.8419,24
jebish7/gemma-2-9b-it,42.4141,59.4921,59.33,59.33,24
jeffmeloy/Qwen2.5-7B-minperplexity-2,36.8901,55.2391,54.9384,54.9384,24
jeffmeloy/Qwen2.5-7B-nerd-uncensored-v0.9,34.7916,54.697,54.5565,54.5565,24
jeffmeloy/Qwen2.5-7B-nerd-uncensored-v1.0,34.7372,54.1763,53.9316,53.9316,24
jeffmeloy/Qwen2.5-7B-nerd-uncensored-v1.1,26.6612,48.6402,48.3944,48.3944,24
jeffmeloy/Qwen2.5-7B-nerd-uncensored-v1.2,27.6609,49.4593,49.1234,49.1234,24
jeffmeloy/Qwen2.5-7B-nerd-uncensored-v1.3,28.9003,50.2606,49.974,49.974,24
jeffmeloy/Qwen2.5-7B-nerd-uncensored-v1.5,35.9253,55.226,54.9905,54.9905,24
jeffmeloy/Qwen2.5-7B-olm-v1.2,36.4407,55.3334,55.0946,55.0946,24
jeffmeloy/Qwen2.5-7B-olm-v1.3,36.4025,55.3185,55.0599,55.0599,24
jeffmeloy/Qwen2.5-7B-olm-v1.5,36.6331,55.4394,55.2508,55.2508,24
jiangxinyang-shanda/Homer-LLama3-8B,31.699,51.7324,51.4494,51.4494,24
jlzhou/Qwen2.5-3B-Infinity-Instruct-0625,26.9145,47.7377,47.6306,47.6306,24
johnsutor/Llama-3-8B-Instruct_breadcrumbs-density-0.1-gamma-0.01,29.55,50.3552,50.1302,50.1302,24
johnsutor/Llama-3-8B-Instruct_breadcrumbs-density-0.1-gamma-0.1,28.6077,50.1885,49.9913,49.9913,24
johnsutor/Llama-3-8B-Instruct_breadcrumbs-density-0.5-gamma-0.01,27.6658,48.8358,48.5853,48.5853,24
johnsutor/Llama-3-8B-Instruct_breadcrumbs-density-0.5-gamma-0.1,30.8547,51.4004,51.189,51.189,24
johnsutor/Llama-3-8B-Instruct_breadcrumbs-density-0.7-gamma-0.01,27.1644,48.5433,48.3076,48.3076,24
johnsutor/Llama-3-8B-Instruct_breadcrumbs-density-0.7-gamma-0.1,31.1635,51.571,51.3279,51.3279,24
johnsutor/Llama-3-8B-Instruct_breadcrumbs_ties-density-0.1-gamma-0.01,29.53,50.4094,50.1823,50.1823,24
johnsutor/Llama-3-8B-Instruct_breadcrumbs_ties-density-0.5-gamma-0.01,29.3206,49.8383,49.54,49.54,24
johnsutor/Llama-3-8B-Instruct_breadcrumbs_ties-density-0.5-gamma-0.1,30.6931,51.3666,51.1543,51.1543,24
johnsutor/Llama-3-8B-Instruct_breadcrumbs_ties-density-0.7-gamma-0.01,28.7393,49.6734,49.3664,49.3664,24
johnsutor/Llama-3-8B-Instruct_breadcrumbs_ties-density-0.9-gamma-0.01,28.2194,49.183,48.8804,48.8804,24
johnsutor/Llama-3-8B-Instruct_breadcrumbs_ties-density-0.9-gamma-0.1,30.8416,51.3861,51.2064,51.2064,24
johnsutor/Llama-3-8B-Instruct_linear,28.7786,50.315,50.1996,50.1996,24
johnsutor/Llama-3-8B-Instruct_ties-density-0.1,28.7687,50.2145,49.9913,49.9913,24
johnsutor/Llama-3-8B-Instruct_ties-density-0.7,25.3714,47.3819,47.0925,47.0925,24
kayfour/T3Q-Qwen2.5-7B-it-KOR-Safe,36.4516,55.4994,55.2682,55.2682,24
keeeeenw/MicroLlama,2.83136,30.0731,29.8386,29.8386,24
kevin009/llamaRAGdrama,16.6378,40.0739,39.8021,39.8021,24
khoantap/llama-3-8b-stock-merge,30.7606,51.6226,51.5535,51.5535,24
khoantap/llama-linear-0.5-0.5-1-merge,38.2059,56.4301,56.4138,56.4138,24
khoantap/llama-linear-0.5-1-0.5-merge,42.2915,59.5077,59.5209,59.5209,24
khoantap/llama-slerp-merge,39.9153,57.8278,57.681,57.681,24
khulaifi95/Llama-3.1-8B-Reason-Blend-888k,26.5476,47.8953,47.9431,47.9431,24
kms7530/chemeng_llama-3-8b-Instruct-bnb-4bit_24_1_100_1,19.0792,42.8904,42.8051,42.8051,24
kms7530/chemeng_qwen-math-7b_24_1_100_1_nonmath,14.1353,38.9286,38.535,38.535,24
langgptai/Qwen-las-v0.1,14.6986,38.9255,38.6738,38.6738,24
langgptai/qwen1.5-7b-chat-sa-v0.1,20.3023,43.2527,42.9613,42.9613,24
lars1234/Mistral-Small-24B-Instruct-2501-writer,52.784,67.3316,67.1411,67.1411,24
lemon07r/Gemma-2-Ataraxy-9B,42.032,59.313,59.2432,59.2432,24
lemon07r/Gemma-2-Ataraxy-Advanced-9B,41.1614,58.8907,58.844,58.844,24
lemon07r/Gemma-2-Ataraxy-v3j-9B,38.1666,56.3229,56.3444,56.3444,24
lemon07r/Gemma-2-Ataraxy-v4-Advanced-9B,43.1819,60.2363,60.1805,60.1805,24
lemon07r/Gemma-2-Ataraxy-v4b-9B,43.4427,60.3916,60.3194,60.3194,24
lemon07r/Gemma-2-Ataraxy-v4c-9B,44.1254,60.8432,60.7881,60.7881,24
lemon07r/Llama-3-RedMagic4-8B,19.4757,42.5605,42.1107,42.1107,24
lemon07r/llama-3-NeuralMahou-8b,18.6921,41.8411,41.347,41.347,24
lightblue/suzume-llama-3-8B-multilingual,28.8951,49.4995,49.2796,49.2796,24
lightblue/suzume-llama-3-8B-multilingual-orpo-borda-half,26.3486,47.0746,46.8321,46.8321,24
lightblue/suzume-llama-3-8B-multilingual-orpo-borda-top25,27.6653,48.6464,48.4291,48.4291,24
lkoenig/BBAI_200_Gemma,9.39585,34.4904,34.1781,34.1781,24
lkoenig/BBAI_456_QwenKoen,36.5491,55.5271,55.3029,55.3029,24
lkoenig/BBAI_7B_KoenQwenDyan,36.2457,55.3657,55.0772,55.0772,24
lkoenig/BBAI_7B_Qwen2.5koen,36.3074,55.4403,55.1814,55.1814,24
lkoenig/BBAI_7B_QwenDyanKoenLo,36.6782,55.6246,55.3723,55.3723,24
llmat/Mistral-v0.3-7B-ORPO,14.8632,39.7766,39.698,39.698,24
llmat/Mistral-v0.3-7B-ORPO,15.5915,39.7766,39.698,39.698,24
magnifi/Phi3_intent_v56_3_w_unknown_5_lr_0.002,5.85102,32.8156,32.4076,32.4076,24
maldv/badger-lambda-llama-3-8b,28.1031,49.6349,49.4706,49.4706,24
marcuscedricridia/Hush-Qwen2.5-7B-MST,35.3501,54.585,54.2093,54.2093,24
marcuscedricridia/Hush-Qwen2.5-7B-MST-v1.3,36.4519,55.1617,54.8516,54.8516,24
marcuscedricridia/Hush-Qwen2.5-7B-Preview,35.3288,54.3106,54.0184,54.0184,24
marcuscedricridia/Hush-Qwen2.5-7B-RP-v1.4-1M,32.6818,52.9512,52.838,52.838,24
marcuscedricridia/Hush-Qwen2.5-7B-v1.1,34.4,53.8358,53.5671,53.5671,24
marcuscedricridia/Hush-Qwen2.5-7B-v1.3,33.9688,53.2689,52.9769,52.9769,24
marcuscedricridia/Qwen2.5-7B-Preview,33.86,53.5978,53.4109,53.4109,24
marcuscedricridia/Yell-Qwen2.5-7B-Preview-v1.1,34.1566,53.4773,53.3414,53.3414,24
mattshumer/Reflection-Llama-3.1-70B,47.8662,64.5001,64.4333,64.4333,24
meditsolutions/Llama-3.2-SUN-1B-chat,8.69024,35.3169,35.0807,35.0807,24
meditsolutions/Llama-3.2-SUN-2.4B-checkpoint-34800,5.46618,31.6112,31.3487,31.3487,24
meditsolutions/Llama-3.2-SUN-2.5B-chat,9.40909,35.7473,35.4973,35.4973,24
meta-llama/Llama-2-13b-hf,17.2226,41.2562,41.1387,41.1387,24
meta-llama/Llama-2-70b-chat-hf,4.61377,30.4247,30.2204,30.2204,24
meta-llama/Llama-2-70b-hf,35.9001,54.7259,54.6086,54.6086,24
meta-llama/Llama-2-7b-chat-hf,4.45917,31.1188,30.8453,30.8453,24
meta-llama/Llama-3.1-70B,46.3994,62.6007,62.7148,62.7148,24
meta-llama/Llama-3.1-70B-Instruct,55.928,68.0974,67.9917,67.9917,24
meta-llama/Llama-3.1-8B-Instruct,29.3792,50.8703,50.7724,50.7724,24
meta-llama/Llama-3.2-1B,4.36603,31.1495,30.8974,30.8974,24
meta-llama/Llama-3.2-3B-Instruct,24.0592,45.6537,45.4609,45.4609,24
meta-llama/Meta-Llama-3-70B,48.7098,64.6107,64.6589,64.6589,24
meta-llama/Meta-Llama-3-70B-Instruct,50.1851,65.467,65.2491,65.2491,24
meta-llama/Meta-Llama-3-8B-Instruct,28.2449,49.8871,49.7136,49.7136,24
meta-llama/Meta-Llama-3-8B-Instruct,26.7953,49.8871,49.7136,49.7136,24
microsoft/Phi-3-medium-128k-instruct,48.4605,63.8232,63.6174,63.6174,24
microsoft/Phi-3-medium-4k-instruct,49.3806,64.1246,63.8084,63.8084,24
microsoft/Phi-3-mini-128k-instruct,37.0998,55.7453,55.598,55.598,24
microsoft/Phi-4-mini-instruct,38.7355,56.8863,56.6742,56.6742,24
microsoft/phi-1,4.274,31.3948,31.1231,31.1231,24
microsoft/phi-1_5,7.46894,33.5976,33.3102,33.3102,24
microsoft/phi-4,52.5757,67.0346,66.8634,66.8634,24
microsoft/phi-4,52.4278,67.0346,66.8634,66.8634,24
migtissera/Tess-3-Mistral-Nemo-12B,28.0427,48.9942,48.8457,48.8457,24
minghaowu/Qwen1.5-1.8B-OpenHermes-2.5,7.56148,33.7464,33.5358,33.5358,24
mistral-community/Mixtral-8x22B-v0.1,12.6479,38,38,38,24
mistralai/Codestral-22B-v0.1,30.7376,51.3914,50.8766,50.8766,24
mistralai/Mistral-7B-Instruct-v0.1,7.64702,37.7971,37.6324,37.6324,24
mistralai/Mistral-7B-Instruct-v0.3,25.5691,47.2196,47.0057,47.0057,24
mistralai/Mistral-7B-v0.3,24.0373,45.1685,45.1137,45.1137,24
mistralai/Mistral-Large-Instruct-2411,52.7449,67.4665,67.0023,67.0023,24
mistralai/Mistral-Nemo-Instruct-2407,29.68,48.8493,48.7589,48.7589,24
mistralai/Mistral-Small-Instruct-2409,30.7921,52.1308,51.5709,51.5709,24
mistralai/Mistral-Small-Instruct-2409,40.5597,52.1308,51.5709,51.5709,24
mistralai/Mixtral-8x22B-Instruct-v0.1,44.1143,61.2492,61.1005,61.1005,24
mistralai/Mixtral-8x22B-v0.1,45.5884,62.3981,62.3329,62.3329,24
mistralai/Mixtral-8x7B-v0.1,30.2942,50.4424,50.3211,50.3211,24
mistralai/Mixtral-8x7B-v0.1,30.4003,50.4424,50.3211,50.3211,24
mkurman/llama-3.2-MEDIT-3B-o1,20.8193,43.9966,44.0201,44.0201,24
mkurman/phi-4-MedIT-11B-exp-1,34.7372,54.1394,53.8795,53.8795,24
mkxu/llama-3-8b-po1,29.1818,49.7609,49.4359,49.4359,24
mlabonne/BigQwen2.5-52B-Instruct,59.8096,71.21,70.8905,70.8905,24
mlabonne/ChimeraLlama-3-8B-v2,28.4788,50.456,50.3558,50.3558,24
mlabonne/OrpoLlama-3-8B,21.9541,44.2408,43.9681,43.9681,24
mlabonne/phixtral-2x2_8,28.5026,48.8859,48.7763,48.7763,24
mlx-community/Josiefied-Qwen2.5-0.5B-Instruct-abliterated-v1-float32,7.22117,32.921,32.8242,32.8242,24
mlx-community/Mistral-Small-24B-Instruct-2501-bf16,52.3929,67.1327,66.9502,66.9502,24
mmnga/Llama-3-70B-japanese-suzume-vector-v0.1,50.0227,65.4176,65.197,65.197,24
mobiuslabsgmbh/DeepSeek-R1-ReDistill-Llama3-8B-v1.1,7.89183,34.7303,34.317,34.317,24
mobiuslabsgmbh/DeepSeek-R1-ReDistill-Qwen-7B-v1.1,11.5654,36.9838,36.695,36.695,24
monsterapi/Llama-3_1-8B-Instruct-orca-ORPO,1.34047,28.6536,28.3284,28.3284,24
monsterapi/gemma-2-2b-LoRA-MonsterInstruct,11.9651,36.4969,36.2263,36.2263,24
mukaj/Llama-3.1-Hawkish-8B,28.1358,48.8382,48.6374,48.6374,24
natong19/Mistral-Nemo-Instruct-2407-abliterated,29.915,50.4845,50.1649,50.1649,24
natong19/Qwen2-7B-Instruct-abliterated,37.7468,55.5304,55.1467,55.1467,24
nazimali/Mistral-Nemo-Kurdish-Instruct,25.5614,46.9942,46.7454,46.7454,24
nazimali/Mistral-Nemo-Kurdish-Instruct,26.0217,46.9942,46.7454,46.7454,24
nbeerbower/Dumpling-Qwen2.5-1.5B,18.1784,41.5974,41.1908,41.1908,24
nbeerbower/Dumpling-Qwen2.5-14B,49.6668,64.5064,64.2597,64.2597,24
nbeerbower/Gemma2-Gutenberg-Doppel-9B,41.0831,58.7011,58.5836,58.5836,24
nbeerbower/Gutensuppe-mistral-nemo-12B,35.5693,54.8683,54.5912,54.5912,24
nbeerbower/Hermes2-Gutenberg2-Mistral-7B,28.9073,49.8145,49.4879,49.4879,24
nbeerbower/Llama-3.1-Nemotron-lorablated-70B,54.1826,63.7904,63.7216,63.7216,24
nbeerbower/Mahou-1.5-mistral-nemo-12B-lorablated,36.0774,54.9604,54.5912,54.5912,24
nbeerbower/Mistral-Gutenberg-Doppel-7B-FFT,17.3466,40.7625,40.7047,40.7047,24
nbeerbower/Mistral-Nemo-Moderne-12B-FFT-experimental,32.0715,52.3409,51.9701,51.9701,24
nbeerbower/Mistral-Nemo-Prism-12B,35.918,54.7519,54.4176,54.4176,24
nbeerbower/Mistral-Nemo-Prism-12B-v2,36.1998,54.9188,54.5391,54.5391,24
nbeerbower/Mistral-Small-Drummer-22B,40.1218,57.932,57.7504,57.7504,24
nbeerbower/Mistral-Small-Gutenberg-Doppel-22B,40.9313,58.5893,58.3579,58.3579,24
nbeerbower/Qwen2.5-Gutenberg-Doppel-14B,48.2389,63.8174,63.6521,63.6521,24
nbeerbower/Stella-mistral-nemo-12B-v2,35.3645,54.8375,54.5912,54.5912,24
nbeerbower/gemma2-gutenberg-27B,13.0915,37.9657,37.8407,37.8407,24
nbeerbower/gemma2-gutenberg-9B,42.3556,59.509,59.3821,59.3821,24
nbeerbower/mistral-nemo-cc-12B,34.4465,53.9941,53.8448,53.8448,24
nbeerbower/mistral-nemo-gutenberg-12B-v3,34.9579,54.4066,54.2961,54.2961,24
nbeerbower/mistral-nemo-gutenberg2-12B-test,32.0448,52.5478,52.3347,52.3347,24
nbeerbower/mistral-nemo-kartoffel-12B,36.0525,54.838,54.4697,54.4697,24
nbeerbower/mistral-nemo-wissenschaft-12B,29.568,50.4031,50.0955,50.0955,24
necva/IE-cont-Llama3.1-8B,2.34704,29.1178,28.7624,28.7624,24
neopolita/jessi-v0.1-bf16-falcon3-7b-instruct,36.1347,55.1613,54.7822,54.7822,24
neopolita/jessi-v0.1-qwen2.5-7b-instruct,33.3423,54.2587,53.9837,53.9837,24
neopolita/jessi-v0.2-falcon3-10b-instruct,45.0218,62.0485,61.8122,61.8122,24
neopolita/jessi-v0.2-falcon3-7b-instruct,34.3829,53.6308,53.0984,53.0984,24
netcat420/DeepSeek-R1-MFANN-TIES-unretrained-7b,4.56159,30.8599,30.6023,30.6023,24
netcat420/MFANN-Llama3.1-Abliterated-SLERP-TIES-V3,26.9789,49.1402,49.054,49.054,24
netcat420/MFANN-Llama3.1-Abliterated-Slerp-TIES,27.5998,49.6751,49.6268,49.6268,24
netcat420/MFANN-Llama3.1-Abliterated-Slerp-V3.2,27.7744,49.7825,49.6962,49.6962,24
netcat420/MFANN-llama3.1-abliterated-v2,27.3536,49.4083,49.3491,49.3491,24
netcat420/MFANN-phigments-slerp-V3.3,28.1706,48.953,48.5853,48.5853,24
netcat420/Qwen2.5-Coder-Scholar-7B-Abliterated-MFANN,29.9807,50.7145,50.2517,50.2517,24
netcat420/Qwen2.5-DeepSeek-R1-MFANN-Slerp-7b,13.4556,37.8902,37.5976,37.5976,24
netcat420/qwen2.5-MFANN-7b-SLERPv1.1,29.9769,50.7476,50.3211,50.3211,24
newsbang/Homer-v1.0-Qwen2.5-72B,62.2741,73.098,72.9214,72.9214,24
newsbang/Homer-v1.0-Qwen2.5-7B,37.8108,56.5525,56.2923,56.2923,24
nhyha/N3N_gemma-2-9b-it_20241110_2026,40.9441,58.6715,58.5836,58.5836,24
nhyha/merge_Qwen2.5-7B-Instruct_20241023_0314,36.3652,55.5853,55.3723,55.3723,24
nisten/franqwenstein-35b,52.2275,66.4658,66.117,66.117,24
nisten/franqwenstein-35b,51.6803,66.4658,66.117,66.117,24
nisten/tqwendo-36b,49.4149,64.3183,64.1729,64.1729,24
nlpguy/Mistral-NeMo-Minitron-Upscale-v3,3.39827,30.5245,30.2204,30.2204,24
noname0202/gemma-2-2b-it-ties,18.1396,42.0574,41.6768,41.6768,24
noname0202/gemma-2-9b-sft-jp-en-zh-v1,22.0002,45.1929,45.1311,45.1311,24
noname0202/gemma-2-9b-sft-jp-en-zh-v2,22.6581,45.1504,44.8707,44.8707,24
noname0202/llama-math-1b-r16-0to512tokens-test,8.38924,34.8842,34.6294,34.6294,24
noname0202/llama-math-1b-r32-0to512tokens-test,8.1919,34.9518,34.6641,34.6641,24
noname0202/llama-math-1b-r32-test,8.49875,34.8596,34.6468,34.6468,24
notbdq/Qwen2.5-14B-Instruct-1M-GRPO-Reasoning,45.6583,61.9822,61.7775,61.7775,24
nvidia/Mistral-NeMo-Minitron-8B-Base,31.822,52.7748,52.595,52.595,24
oopere/Llama-FinSent-S,4.15602,31.5621,31.314,31.314,24
oopere/Llama-FinSent-S,4.30733,31.5621,31.314,31.314,24
oopere/pruned20-llama-1b,3.18539,30.3136,30.0295,30.0295,24
oopere/pruned20-llama-3.2-3b,6.33275,32.4785,32.3555,32.3555,24
oopere/pruned40-llama-1b,2.65531,29.6916,29.3178,29.3178,24
oopere/pruned40-llama-3.2-1B,2.70127,29.8249,29.4567,29.4567,24
oopere/pruned60-llama-1b,2.94253,30.1619,29.665,29.665,24
orai-nlp/Llama-eus-8B,20.9614,44.1825,44.1069,44.1069,24
pankajmathur/orca_mini_phi-4,54.6314,68.5633,68.4603,68.4603,24
princeton-nlp/Llama-3-8B-ProLong-64k-Base,28.6879,47.0264,46.9189,46.9189,24
princeton-nlp/Llama-3-8B-ProLong-64k-Instruct,30.0896,49.9401,49.7136,49.7136,24
princeton-nlp/Llama-3-Base-8B-SFT-DPO,26.0019,46.6585,46.5544,46.5544,24
princeton-nlp/Llama-3-Base-8B-SFT-IPO,25.7054,46.9007,46.7801,46.7801,24
princeton-nlp/Llama-3-Base-8B-SFT-KTO,25.5552,46.9285,46.7106,46.7106,24
princeton-nlp/Llama-3-Base-8B-SFT-ORPO,26.4859,47.3406,47.2661,47.2661,24
princeton-nlp/Llama-3-Base-8B-SFT-RDPO,25.5265,46.6201,46.4329,46.4329,24
princeton-nlp/Llama-3-Base-8B-SFT-RRHF,23.6591,45.2036,44.9922,44.9922,24
princeton-nlp/Llama-3-Base-8B-SFT-SLiC-HF,26.374,47.0408,46.9363,46.9363,24
princeton-nlp/Llama-3-Instruct-8B-CPO-v0.2,29.0864,50.2667,50.1649,50.1649,24
princeton-nlp/Llama-3-Instruct-8B-DPO,28.5074,49.913,49.783,49.783,24
princeton-nlp/Llama-3-Instruct-8B-RDPO,29.0325,50.3363,50.2343,50.2343,24
princeton-nlp/Llama-3-Instruct-8B-RRHF-v0.2,28.4987,49.839,49.8872,49.8872,24
princeton-nlp/Llama-3-Instruct-8B-SimPO,26.7091,48.4468,48.2555,48.2555,24
princeton-nlp/Mistral-7B-Base-SFT-CPO,21.8577,43.8215,43.6383,43.6383,24
princeton-nlp/Mistral-7B-Base-SFT-DPO,20.791,43.5011,43.1175,43.1175,24
princeton-nlp/Mistral-7B-Base-SFT-RDPO,22.982,44.3953,43.9333,43.9333,24
princeton-nlp/Mistral-7B-Base-SFT-SLiC-HF,22.3047,44.224,44.0028,44.0028,24
princeton-nlp/Mistral-7B-Base-SFT-SimPO,22.3329,43.9805,43.7945,43.7945,24
princeton-nlp/Mistral-7B-Instruct-DPO,16.8754,40.6036,40.5312,40.5312,24
princeton-nlp/Mistral-7B-Instruct-IPO,20.0941,43.2218,43.1522,43.1522,24
princeton-nlp/Mistral-7B-Instruct-KTO,17.8126,41.3959,41.3817,41.3817,24
princeton-nlp/Mistral-7B-Instruct-SLiC-HF,16.6534,40.4001,40.3749,40.3749,24
princeton-nlp/Sheared-LLaMA-1.3B,4.74463,31.9705,31.8174,31.8174,24
princeton-nlp/gemma-2-9b-it-DPO,41.5937,59.4144,59.33,59.33,24
princeton-nlp/gemma-2-9b-it-SimPO,40.0934,58.3918,58.3232,58.3232,24
prithivMLmods/Galactic-Qwen-14B-Exp2,59.9173,72.03,71.932,71.932,24
prithivMLmods/Llama-3.1-8B-Open-SFT,28.1799,49.6798,49.4706,49.4706,24
prithivMLmods/Llama-3.2-6B-AlgoCode,11.6025,37.4774,37.3373,37.3373,24
prithivMLmods/Llama-Express.1-Math,7.19902,33.6381,33.3623,33.3623,24
prithivMLmods/Magellanic-Qwen-25B-R999,2.00356,26.0757,25.7073,25.7073,24
prithivMLmods/Phi-4-Empathetic,52.8389,67.2682,67.0543,67.0543,24
prithivMLmods/Phi-4-Math-IO,52.0938,66.6826,66.4989,66.4989,24
prithivMLmods/Phi-4-Super,52.6973,67.2012,67.0196,67.0196,24
prithivMLmods/Phi-4-o1,52.1709,66.8873,66.6725,66.6725,24
prithivMLmods/Phi4-Super,52.6973,67.2012,67.0196,67.0196,24
prithivMLmods/Primal-Opus-14B-Optimus-v1,48.2717,64.1942,64.0687,64.0687,24
prithivMLmods/Primal-Opus-14B-Optimus-v2,50.1813,65.4378,65.2664,65.2664,24
prithivMLmods/Qwen2.5-14B-DeepSeek-R1-1M,40.7599,61.4164,61.3609,61.3609,24
qingy2019/LLaMa_3.2_3B_Catalysts,21.3454,44.6813,44.5409,44.5409,24
qingy2019/OpenMath2-Llama3.1-8B,16.2944,40.9552,40.7221,40.7221,24
qingy2019/Qwen2.5-Ultimate-14B-Instruct,40.5806,58.4156,58.167,58.167,24
qingy2024/QwEnlarge-16B-Instruct,42.5955,59.4934,59.1911,59.1911,24
qingy2024/Qwen2.5-4B,19.9778,42.6938,42.4579,42.4579,24
qingy2024/Qwen2.5-Coder-Draft-1.5B-Instruct,13.0011,38.368,38.101,38.101,24
qingy2024/Qwen2.5-Math-14B-Instruct-Preview,47.0508,62.9394,62.7669,62.7669,24
qingy2024/Qwen2.6-14B-Instruct,48.0479,63.9414,63.7563,63.7563,24
qq8933/OpenLongCoT-Base-Gemma2-2B,3.5463,31.0636,30.7759,30.7759,24
rasyosef/Phi-1_5-Instruct-v0.1,4.82024,31.179,30.9321,30.9321,24
rasyosef/phi-2-instruct-apo,21.6724,44.451,44.0896,44.0896,24
recoilme/Gemma-2-Ataraxy-Gemmasutra-9B-slerp,42.2512,59.7439,59.7292,59.7292,24
recoilme/Gemma-2-Ataraxy-Gemmasutra-9B-slerp,42.7038,59.7439,59.7292,59.7292,24
rhysjones/phi-2-orange-v2,25.6065,47.7022,47.5091,47.5091,24
riaz/FineLlama-3.1-8B,24.1488,45.8573,45.5476,45.5476,24
riaz/FineLlama-3.1-8B,23.7734,45.8573,45.5476,45.5476,24
rombodawg/Rombos-Coder-V2.5-Qwen-14b,44.5195,61.6514,61.5345,61.5345,24
rombodawg/Rombos-LLM-V2.5-Qwen-0.5b,8.41222,32.9368,32.8068,32.8068,24
rombodawg/Rombos-LLM-V2.5-Qwen-14b,49.3869,64.8109,64.6242,64.6242,24
rombodawg/Rombos-LLM-V2.5-Qwen-32b,58.2619,70.4554,70.1441,70.1441,24
rombodawg/Rombos-LLM-V2.5.1-Qwen-3b,14.8814,38.8404,38.3093,38.3093,24
rombodawg/Rombos-LLM-V2.5.1-Qwen-3b,15.0577,38.8404,38.3093,38.3093,24
rombodawg/rombos_Replete-Coder-Llama3-8B,7.08785,32.7628,32.7547,32.7547,24
rsh345/mistral-ft-optimized-1218-NeuralHermes-2.5-Mistral-7B,32.7897,51.8844,51.5015,51.5015,24
sabersaleh/Llama2-7B-SimPO,8.98121,34.8916,34.5773,34.5773,24
sabersaleh/Llama3,26.7068,47.8219,47.7001,47.7001,24
sabersalehk/Llama3-001-300,25.7068,47.4458,47.3182,47.3182,24
sabersalehk/Llama3_01_300,25.1553,46.9139,46.7801,46.7801,24
sequelbox/Llama3.1-70B-PlumChat,52.8128,67.5329,67.4709,67.4709,24
sequelbox/Llama3.1-8B-MOTH,27.9163,48.2551,48.1861,48.1861,24
sequelbox/Llama3.1-8B-PlumCode,8.50293,33.6809,33.4317,33.4317,24
sequelbox/Llama3.1-8B-PlumMath,16.4466,40.323,39.941,39.941,24
sethuiyer/Llama-3.1-8B-Experimental-1208-Instruct,29.4916,49.6423,49.5747,49.5747,24
sethuiyer/Llamaverse-3.1-8B-Instruct,34.7821,54.1416,54.0705,54.0705,24
sethuiyer/Qwen2.5-7B-Anvita,35.4824,54.6586,54.3308,54.3308,24
shastraai/Shastra-LLAMA2-Math-Commonsense-SFT,13.6595,38.4317,38.101,38.101,24
shivank21/mistral_dpo_self,5.54841,32.1626,31.9042,31.9042,24
siqi00/Mistral-7B-DFT,25.3645,46.6488,46.4503,46.4503,24
skymizer/Llama2-7b-sft-chat-custom-template-dpo,11.2389,36.8847,36.6777,36.6777,24
someon98/qwen-CoMa-0.5b,2.12679,29.5334,29.2484,29.2484,24
sometimesanotion/Qwen2.5-14B-Vimarckoso-v2,50.4196,65.5034,65.3185,65.3185,24
sometimesanotion/Qwen2.5-14B-Vimarckoso-v3,48.5816,64.146,64.0167,64.0167,24
sometimesanotion/Qwen2.5-14B-Vimarckoso-v3-IF-Variant,35.6531,55.2079,54.9731,54.9731,24
sometimesanotion/Qwen2.5-7B-Gordion-v0.1-Prose,37.4413,55.9909,55.6674,55.6674,24
sometimesanotion/Qwentessential-14B-v1,50.366,65.4517,65.3532,65.3532,24
sometimesanotion/Qwentinuum-14B-v1,50.7375,65.7257,65.4747,65.4747,24
sometimesanotion/Qwentinuum-14B-v2,50.5355,65.5536,65.3359,65.3359,24
sometimesanotion/Qwentinuum-14B-v6,50.2319,65.4452,65.2664,65.2664,24
sometimesanotion/Qwentinuum-14B-v7,50.3471,65.5143,65.2838,65.2838,24
sometimesanotion/Qwentinuum-14B-v8,50.1114,65.3426,65.1797,65.1797,24
sometimesanotion/Qwenvergence-14B-v0.6-004-model_stock,46.3667,62.4934,62.3503,62.3503,24
sometimesanotion/Qwenvergence-14B-v3,50.3527,65.4824,65.2664,65.2664,24
sometimesanotion/Qwenvergence-14B-v3-Prose,49.7984,65.1291,64.9366,64.9366,24
sometimesanotion/Qwenvergence-14B-v3-Reason,50.6944,65.6128,65.4053,65.4053,24
sometimesanotion/Qwenvergence-14B-v3-Reason,50.6358,65.6128,65.4053,65.4053,24
sometimesanotion/Qwenvergence-14B-v8,49.8346,65.2246,65.1449,65.1449,24
sometimesanotion/Qwenvergence-14B-v9,44.8434,61.6562,61.4477,61.4477,24
spmurrayzzz/Mistral-Syndicate-7B,20.5063,42.4506,42.4058,42.4058,24
ssmits/Qwen2.5-95B-Instruct,58.5304,70.378,70.0573,70.0573,24
suayptalha/DeepSeek-R1-Distill-Llama-3B,21.4488,44.5179,44.3673,44.3673,24
suayptalha/Komodo-Llama-3.2-3B-v2-fp16,20.2043,43.55,43.3952,43.3952,24
sumink/Qwenftmodel,14.0414,38.227,37.9274,37.9274,24
sumink/bbhqwen,6.63175,33.8825,33.6574,33.6574,24
sumink/bbhqwen2,3.8643,30.6632,30.1857,30.1857,24
sumink/bbhqwen4,4.8923,31.994,31.9042,31.9042,24
sumink/bbhqwen5,2.81326,29.131,28.6235,28.6235,24
sumink/bbhqwen6,2.1297,27.8224,27.3043,27.3043,24
synergetic/FrankenQwen2.5-14B,44.2736,60.4775,60.25,60.25,24
tangledgroup/tangled-llama-pints-1.5b-v0.1-instruct,3.8422,31.4344,31.071,31.071,24
tanliboy/lambda-qwen2.5-14b-dpo-test,48.4544,63.9351,63.7042,63.7042,24
tanliboy/lambda-qwen2.5-32b-dpo-test,54.408,67.639,67.1932,67.1932,24
tensopolis/falcon3-10b-tensopolis-v1,45.0593,60.4164,60.25,60.25,24
tensopolis/mistral-small-2501-tensopolis-v1,48.6932,64.7474,64.4333,64.4333,24
tensopolis/phi-4-tensopolis-v1,55.0366,68.8558,68.6513,68.6513,24
tensopolis/qwen2.5-14b-tensopolis-v1,47.965,63.5713,63.305,63.305,24
tensopolis/qwen2.5-7b-tensopolis-v1,34.7835,52.7006,52.4735,52.4735,24
theo77186/Qwen2.5-Coder-7B-Instruct-20241106,28.9385,50.0798,49.8004,49.8004,24
theprint/CleverBoi-Llama-3.1-8B-Instruct,24.0486,45.5962,45.4956,45.4956,24
theprint/CleverBoi-Llama-3.1-8B-v2,24.1328,46.6782,46.4329,46.4329,24
theprint/ReWiz-Llama-3.1-8B-v2,23.7733,46.3243,46.0857,46.0857,24
thomas-yanxin/XinYuan-Qwen2-1_5B,12.1256,36.3549,36.1743,36.1743,24
tianyil1/MistralForCausalLM_Cal_DPO,21.7836,43.8142,43.4647,43.4647,24
tiiuae/Falcon3-10B-Base,41.3755,59.5004,59.2605,59.2605,24
tiiuae/Falcon3-1B-Instruct,12.9614,37.4454,37.181,37.181,24
tiiuae/Falcon3-3B-Base,21.5848,44.2137,43.916,43.916,24
tiiuae/Falcon3-7B-Instruct,37.9158,56.3244,55.9799,55.9799,24
tiiuae/Falcon3-Mamba-7B-Instruct,25.2035,46.7896,46.5371,46.5371,24
tiiuae/falcon-11B,21.938,43.9164,43.6209,43.6209,24
tiiuae/falcon-40b,16.5833,40.1853,40.0972,40.0972,24
tiiuae/falcon-mamba-7b,19.8769,42.8485,42.8051,42.8051,24
tinycompany/ShawtyIsBad-bgem3,13.8578,38.5297,38.2399,38.2399,24
tinycompany/ShawtyIsBad-e5-large,14.1772,38.7348,38.4482,38.4482,24
tinycompany/ShawtyIsBad-nomic1.5,14.218,38.736,38.4135,38.4135,24
tugstugi/Qwen2.5-7B-Instruct-QwQ-v0.1,30.4989,51.0106,50.8592,50.8592,24
unsloth/Llama-3.2-1B-Instruct-no-system-message,9.38637,35.4374,35.1328,35.1328,24
unsloth/phi-4-unsloth-bnb-4bit,53.8401,67.9109,67.6966,67.6966,24
uukuguy/speechless-code-mistral-7b-v1.0,24.0914,45.7171,45.4088,45.4088,24
uukuguy/speechless-instruct-mistral-7b-v0.2,24.5587,46.0667,45.9816,45.9816,24
uukuguy/speechless-llama2-hermes-orca-platypus-wizardlm-13b,26.7917,48.4554,48.1861,48.1861,24
v000000/Qwen2.5-14B-Gutenberg-1e-Delta,48.6167,63.985,63.8257,63.8257,24
v000000/Qwen2.5-Lumen-14B,48.5079,63.9081,63.7216,63.7216,24
vhab10/Llama-3.1-8B-Base-Instruct-SLERP,29.926,50.5744,50.3906,50.3906,24
vhab10/Llama-3.2-Instruct-3B-TIES,19.1832,43.3236,43.3258,43.3258,24
vhab10/llama-3-8b-merged-linear,27.8161,49.3709,49.1928,49.1928,24
vicgalle/Configurable-Hermes-2-Pro-Llama-3-8B,30.5096,50.5484,50.1475,50.1475,24
vicgalle/Humanish-RP-Llama-3.1-8B,29.9586,51.0039,50.8419,50.8419,24
vicgalle/Roleplay-Llama-3-8B,28.5546,50.1232,49.9566,49.9566,24
vonjack/Qwen2.5-Coder-0.5B-Merged,3.58874,30.7602,30.4114,30.4114,24
wave-on-discord/qwent-7b,18.0664,42.281,42.267,42.267,24
weathermanj/Menda-3b-Optim-100,26.024,47.348,47.1099,47.1099,24
win10/EVA-Norns-Qwen2.5-v0.1,30.0609,50.7241,50.2691,50.2691,24
win10/Norns-Qwen2.5-12B,23.7693,46.1892,45.7733,45.7733,24
win10/Norns-Qwen2.5-7B,30.2504,50.7289,50.2864,50.2864,24
win10/Qwen2.5-2B-Instruct,12.0719,37.0591,36.6603,36.6603,24
wzhouad/gemma-2-9b-it-WPO-HB,36.6617,56.2862,56.2229,56.2229,24
x0000001/Deepseek-Lumen-R1-Qwen2.5-14B,22.7253,45.6905,45.5824,45.5824,24
xinchen9/Llama3.1_8B_Instruct_CoT,21.1429,44.9091,44.9054,44.9054,24
xinchen9/Llama3.1_CoT_V1,20.166,43.76,43.7771,43.7771,24
xinchen9/Mistral-7B-CoT,14.8062,38.7268,38.5003,38.5003,24
xkp24/Llama-3-8B-Instruct-SPPO-Iter2_gp_2b-table,27.6952,49.5183,49.3664,49.3664,24
xkp24/Llama-3-8B-Instruct-SPPO-Iter2_gp_8b-table,28.5086,50.0449,49.9219,49.9219,24
xkp24/Llama-3-8B-Instruct-SPPO-score-Iter2_gp_8b-table-0.002,28.047,49.5108,49.3838,49.3838,24
xukp20/Llama-3-8B-Instruct-SPPO-Iter3_bt_2b-table,26.8664,49.0121,48.8457,48.8457,24
xukp20/Llama-3-8B-Instruct-SPPO-Iter3_bt_8b-table,29.7312,50.9187,50.7724,50.7724,24
xukp20/Llama-3-8B-Instruct-SPPO-Iter3_gp_2b-table,27.8924,49.6953,49.4879,49.4879,24
yam-peleg/Hebrew-Mistral-7B,20.1769,43.3404,43.2911,43.2911,24
yfzp/Llama-3-8B-Instruct-SPPO-Iter1_bt_2b-table,28.1701,49.8661,49.6789,49.6789,24
yfzp/Llama-3-8B-Instruct-SPPO-Iter1_bt_8b-table,29.3081,50.8036,50.6856,50.6856,24
yfzp/Llama-3-8B-Instruct-SPPO-Iter1_gp_2b-table,27.4696,49.4121,49.2276,49.2276,24
yfzp/Llama-3-8B-Instruct-SPPO-Iter1_gp_8b-table,28.6044,50.2536,50.1128,50.1128,24
yfzp/Llama-3-8B-Instruct-SPPO-score-Iter1_bt_2b-table-0.001,28.0992,49.7946,49.6615,49.6615,24
yfzp/Llama-3-8B-Instruct-SPPO-score-Iter1_gp_2b-table-0.001,27.8253,49.5788,49.4011,49.4011,24
yfzp/Llama-3-8B-Instruct-SPPO-score-Iter1_gp_8b-table-0.002,28.1206,49.9155,49.7483,49.7483,24
yifAI/Llama-3-8B-Instruct-SPPO-score-Iter3_gp_8b-table-0.002,27.2811,49.1452,49.0019,49.0019,24
ymcki/gemma-2-2b-ORPO-jpn-it-abliterated-18,16.302,41.6452,41.2602,41.2602,24
ymcki/gemma-2-2b-ORPO-jpn-it-abliterated-18-merge,17.3483,38.427,38.1531,38.1531,24
ymcki/gemma-2-2b-jpn-it-abliterated-17,16.2347,29.4678,29.1269,29.1269,24
ymcki/gemma-2-2b-jpn-it-abliterated-17-18-24,13.1147,38.1236,37.8233,37.8233,24
ymcki/gemma-2-2b-jpn-it-abliterated-17-ORPO-alpaca,16.9224,40.716,40.5659,40.5659,24
yuvraj17/Llama3-8B-SuperNova-Spectrum-Hermes-DPO,21.2386,43.9987,43.7077,43.7077,24
yuvraj17/Llama3-8B-SuperNova-Spectrum-dare_ties,23.4922,46.1579,45.7733,45.7733,24
yuvraj17/Llama3-8B-abliterated-Spectrum-slerp,28.5469,49.7791,49.4879,49.4879,24
zake7749/gemma-2-2b-it-chinese-kyara-dpo,19.0618,42.5746,42.3538,42.3538,24
zelk12/MT-Gen1-gemma-2-9B,44.0112,61,60.8922,60.8922,24
zelk12/MT-Gen2-GI-gemma-2-9B,44.0026,60.9556,60.8401,60.8401,24
zelk12/MT-Gen2-gemma-2-9B,44.1078,61.0049,60.8922,60.8922,24
zelk12/MT-Gen3-gemma-2-9B,43.9506,60.9711,60.8575,60.8575,24
zelk12/MT-Gen6-gemma-2-9B,39.3969,58.4467,58.4274,58.4274,24
zelk12/MT-Gen7-gemma-2-9B,40.9391,59.3524,59.2605,59.2605,24
zelk12/MT-Merge-gemma-2-9B,44.3208,61.1838,61.0831,61.0831,24
zelk12/MT-Merge2-MU-gemma-2-MTg2MT1g2-9B,43.8402,60.8389,60.7186,60.7186,24
zelk12/MT-Merge4-gemma-2-9B,44.0535,61.1822,61.0831,61.0831,24
zelk12/MT-Merge6-gemma-2-9B,41.322,59.4911,59.3821,59.3821,24
zelk12/MT1-Gen2-gemma-2-9B,43.9192,60.9599,60.8575,60.8575,24
zelk12/MT1-Gen5-gemma-2-9B,42.4968,60.1746,60.1111,60.1111,24
zelk12/MT1-gemma-2-9B,44.1615,61.0875,60.9964,60.9964,24
zelk12/MT2-Gen1-gemma-2-9B,44.1411,61.008,60.8748,60.8748,24
zelk12/MT2-Gen2-gemma-2-9B,44.0445,60.9292,60.7881,60.7881,24
zelk12/MT2-Gen3-gemma-2-9B,44.0073,61.0477,60.9443,60.9443,24
zelk12/MT2-Gen4-gemma-2-9B,43.7784,60.9655,60.8575,60.8575,24
zelk12/MT2-Gen5-gemma-2-9B,43.1243,60.6393,60.5624,60.5624,24
zelk12/MT2-Gen6-gemma-2-9B,41.7711,59.5965,59.5209,59.5209,24
zelk12/MT2-Max-Merge_02012025163610-gemma-2-9B,44.0408,61.0846,60.9616,60.9616,24
zelk12/MT3-Gen1-gemma-2-9B,44.1195,61.0676,60.9616,60.9616,24
zelk12/MT3-Gen2-gemma-2-9B,43.9402,60.9147,60.8054,60.8054,24
zelk12/MT3-Gen3-gemma-2-9B,43.7837,60.8889,60.7707,60.7707,24
zelk12/MT3-Gen4-gemma-2-9B,43.7796,61.0084,60.9269,60.9269,24
zelk12/MT3-Gen5-gemma-2-9B,43.9512,60.9862,60.9096,60.9096,24
zelk12/MT3-Gen5-gemma-2-9B_v1,44.1596,61.1333,61.0311,61.0311,24
zelk12/MT3-Gen6-gemma-2-9B,42.6394,60.2007,60.0937,60.0937,24
zelk12/MT3-Max-Merge_02012025163610-gemma-2-9B,44.2065,61.2346,61.1179,61.1179,24
zelk12/MT3-gemma-2-9B,44.2485,61.3078,61.2047,61.2047,24
zelk12/MT4-Gen2-gemma-2-9B,44.1767,61.0835,60.9616,60.9616,24
zelk12/MT4-Gen3-gemma-2-9B,43.8944,60.8711,60.7533,60.7533,24
zelk12/MT4-Gen5-gemma-2-9B,43.9479,61.0666,60.9616,60.9616,24
zelk12/MT4-gemma-2-9B,43.5538,60.7314,60.6318,60.6318,24
zelk12/MT5-Gen1-gemma-2-9B,44.1833,61.1048,61.0137,61.0137,24
zelk12/MT5-Gen2-gemma-2-9B,44.1132,61.0541,60.9616,60.9616,24
zelk12/MT5-Gen3-gemma-2-9B,43.8859,60.9049,60.7881,60.7881,24
zelk12/MT5-gemma-2-9B,44.2713,61.1223,61.0137,61.0137,24
zelk12/MTM-Merge-gemma-2-9B,44.3807,61.3335,61.222,61.222,24
zelk12/Rv0.4DMv1t0.25-gemma-2-9B,43.6648,60.6971,60.545,60.545,24
zelk12/Test01012025155054t0.5_gemma-2,1.28055,28.295,27.8771,27.8771,24
zelk12/gemma-2-S2MTM-9B,43.1157,60.6084,60.5624,60.5624,24
zelk12/recoilme-gemma-2-Gutenberg-Doppel-9B-v0.1,43.9413,60.9878,60.8748,60.8748,24
zelk12/recoilme-gemma-2-Ifable-9B-v0.1,43.3906,60.644,60.5798,60.5798,24
zelk12/recoilme-gemma-2-psy10k-mental_healt-9B-v0.1,42.1327,59.7759,59.7466,59.7466,24
zetasepic/Qwen2.5-32B-Instruct-abliterated-v2,56.5338,69.3402,69.0505,69.0505,24
zetasepic/Qwen2.5-72B-Instruct-abliterated,59.913,71.5226,71.3591,71.3591,24
