set,index,predicted_eval_loss,actual_eval_loss,pred_arxiv,actual_arxiv,pred_freelaw,actual_freelaw,pred_pubmed_central,actual_pubmed_central,pred_wikipedia_en,actual_wikipedia_en,pred_dm_mathematics,actual_dm_mathematics,pred_github,actual_github,pred_stackexchange,actual_stackexchange,pred_gutenberg_pg_19,actual_gutenberg_pg_19,pred_pile_cc,actual_pile_cc,pred_ubuntu_irc,actual_ubuntu_irc,pred_hackernews,actual_hackernews,pred_pubmed_abstracts,actual_pubmed_abstracts,pred_uspto_backgrounds,actual_uspto_backgrounds
train,1,5.4173100146667155,5.904635429382324,5.7451743262238555,7.0255866050720215,5.062605058149757,5.360580921173096,5.980755301212483,6.536046981811523,5.423012387305662,5.639575004577637,4.5387088183339355,5.820674896240234,5.8625095233326405,6.632823467254639,5.599114713306629,6.107803821563721,4.478177094224787,4.726566791534424,4.969344589352151,5.169477939605713,6.844313459315125,7.224245071411133,5.024656607267453,5.206871032714844,5.658696283911951,5.892633438110352,5.237962028730881,5.417374610900879
train,2,5.099491677074737,5.133344430189867,5.545685789581388,4.738541603088379,5.071695552438335,5.466145038604736,5.367153839098669,5.808464050292969,5.59078538664896,5.42556619644165,3.818639659055048,4.61490535736084,4.333175120752869,4.141744136810303,4.832057149563344,4.922904014587402,4.9610276356607645,4.954422473907471,5.388025158592929,5.343518733978272,5.827018068022944,5.278083324432373,4.555154106222428,4.80118989944458,5.596269650544545,5.653641700744629,5.4067046857893635,5.584351062774658
train,3,5.566260414587476,5.5422530357654285,3.4052967649701245,3.730258703231812,5.648632186040895,5.793972492218018,5.426342516678791,4.72146463394165,5.974185693290981,5.933119773864746,4.818123842466423,4.077418327331543,6.086081965616149,6.540956497192383,5.764984872344132,6.079324245452881,5.607852723221287,5.561453819274902,5.765656812844119,5.506680965423584,7.065545617627331,7.476072311401367,5.623087621888796,5.495143413543701,5.755087383970728,5.626057624816895,5.420507388677433,5.50736665725708
train,4,5.453538402692323,5.290134576650766,5.3427238933785794,4.887355327606201,5.787081020772684,5.040224075317383,5.551417330070976,5.371085166931152,6.146343769227585,5.858128547668457,4.370669779205935,5.298433780670166,4.480667539622872,4.150362968444824,4.756870658795327,4.455072402954102,5.488552308106385,5.095427989959717,5.943468673635099,5.828740119934082,6.9120359172976595,7.491352558135986,5.5448547609887315,5.551083087921143,5.696512403829229,5.268948078155518,4.874801180069127,4.475535392761231
train,5,5.319061703123935,4.965753261859601,4.329150161828775,4.034541130065918,5.797654213381573,5.597909927368164,5.37233009738152,4.6931257247924805,6.106479067082741,5.8146257400512695,3.1504018936638527,2.008139610290528,5.041610154645686,4.485220432281494,4.560775540645803,4.24920654296875,5.362967472376354,5.003798007965088,5.880871197929497,5.760408401489258,6.956908154874707,7.100966453552246,5.48272744395651,5.329304218292236,5.796259318452794,5.664215087890625,5.309667424391341,4.813331127166748
train,6,5.407975341914591,5.358781594496508,3.7751124004464316,3.848159790039064,5.710141519701215,5.519326210021973,5.156906624304864,5.222227573394775,5.772763893386485,5.401707172393799,4.5478683186372475,5.442045211791992,5.171990164941872,4.315804481506348,5.391820318126753,5.147463321685791,5.711398405050891,5.998071670532227,5.948746422074406,5.9236016273498535,6.089596904241501,5.313143730163574,5.715313168259174,5.817320823669434,5.858371434984367,6.0437750816345215,5.453649870734478,5.67151403427124
train,7,5.349512842904508,5.058426526876597,5.470818942692666,5.365633010864258,5.444126152237985,5.7348151206970215,4.688469309416261,4.126685619354248,5.850667871774739,5.565597534179688,4.150382884636197,2.9376449584960938,5.761678712186928,5.73452091217041,5.583157052152979,5.128252029418945,5.61710693484066,5.392933368682861,5.640908884859155,5.41911506652832,6.639589836500414,5.869746685028076,5.428442521330125,5.159833908081055,5.073702279122432,5.069451332092285,4.194615576008058,4.25531530380249
train,8,5.495792330582949,5.898907331319956,6.026579514441837,7.175310134887695,3.5828601571531595,3.980865478515625,5.929157144534599,6.568063259124756,5.734221582022644,5.785682678222656,4.496385399312333,5.779679298400879,5.9892018518969925,6.64463996887207,5.753586343292047,6.25684118270874,5.159799550643459,5.178667545318604,5.419360169792741,5.321898460388184,6.937212283439513,7.332483768463135,5.295140043488072,5.339742183685303,5.789356996819139,5.812262058258057,5.3324392607418005,5.509659290313721
train,9,5.509962401232202,6.21538573044997,4.938380827310259,5.732336521148682,5.79511154471898,6.613649368286133,3.128711399862903,3.839976310729981,6.105734008816113,6.18618631362915,4.719610536595143,5.692158222198486,6.267326723572972,7.759432315826416,5.957724290503032,6.9663615226745605,5.914164406895472,6.6692962646484375,5.991256333802041,6.354576110839844,7.482947001589649,8.405691146850586,5.82128082637247,6.47177791595459,4.267904276234459,4.594342708587647,5.239359039745132,5.514229774475098
train,10,5.4690104735869856,5.393702800457294,5.4367031197655225,4.920166969299316,5.454241785309569,5.735522270202637,4.72356113544913,4.18813419342041,4.516088826711803,4.815326690673828,4.510426843880961,5.443886756896973,6.085133874916254,5.298417091369629,5.769720489193585,5.052807331085205,5.473215676418001,5.244697570800781,5.5537238854655975,5.520979404449463,7.288216781763266,7.628385543823242,5.615966253099419,5.575355052947998,5.350096310038872,5.24343204498291,5.320041174618829,5.451025485992432
train,11,5.682861389672256,6.063049664864174,6.217887292290187,7.649549961090088,2.896140078281215,3.8723204135894775,5.988141064301789,6.194097995758057,6.1381923550898065,6.082755088806152,4.737845853078306,6.095431327819824,6.313774198626822,6.030669212341309,6.070261309130443,6.349047660827637,5.305975316759724,5.227353572845459,5.881413356983473,6.076876163482666,7.357288243465391,8.171777725219727,5.564018466483948,5.95081901550293,5.9043596574762525,5.37153434753418,5.501900873771961,5.747413158416748
train,12,5.418300622114633,5.7377088253314685,5.8461003237094324,6.068508148193359,3.5764115677901813,4.028927326202393,5.22311815767313,4.410226821899414,5.943417248076586,5.977132320404053,4.226100199224027,5.78095817565918,5.934666225185362,6.723077297210693,5.769526462595612,6.378947734832764,4.882753164426555,4.868281841278076,5.7628027894753995,5.962575435638428,7.006069785662586,7.836051940917969,5.470658776349357,5.869334697723389,5.398225573773982,5.124939918518066,5.398057813548013,5.561253070831299
train,13,5.514839277329417,5.631498850308932,5.076450653077767,5.616719722747803,5.626498316756317,5.331273078918457,3.442347321183924,3.885855674743652,5.986741892531909,5.94351863861084,4.650625880642462,5.511852741241455,6.303842906393855,6.898706912994385,5.953908413737759,6.376709938049316,5.770181996497033,5.554836273193359,5.804293116246735,5.542590618133545,7.3581922873956875,7.0256781578063965,5.6169322087437985,5.158526420593262,4.787953826716783,4.978461265563965,5.3149417853583865,5.384755611419678
train,14,4.999747214270573,4.81787685247568,5.19153658725638,5.436479568481445,5.242307500143438,5.218822956085205,4.334714441448939,4.133479595184326,5.770392643271194,5.507219314575195,3.508400152743506,2.3308768272399902,4.984516223792207,4.662861347198486,5.051462608661495,4.974141597747803,5.222449094436804,5.0477824211120605,5.6391789038535505,5.597803115844727,6.066675940318417,5.373387336730957,4.604434695931243,4.832281112670898,4.279565668028367,4.571138381958008,5.101079325631904,4.946125507354736
train,15,5.303244663472645,4.961122586176946,5.0324746096934545,4.835928916931152,5.769955261097233,5.9763712882995605,5.273182678837946,4.696907997131348,5.784241694138836,5.286471366882324,4.049410472651114,2.612511157989502,4.715313390183812,4.265994071960449,4.439906013505271,4.273486614227295,5.563375664860417,5.212732315063477,5.790314333010721,5.70292329788208,6.940830577836263,7.151707649230957,5.25776626508638,4.99690580368042,5.180184557960686,4.784799575805664,5.14522510628225,4.6978535652160645
train,16,4.936046497971291,4.79795071711907,4.7786200992112855,4.263101577758789,5.3193337997285255,4.731163024902344,4.9086618144579575,4.446780204772949,6.110672962725227,6.137884616851807,0.1272904484723143,1.8533507585525515,4.9179774977619255,4.429530620574951,5.011126830114114,4.592880725860596,5.609831494363928,5.278256893157959,5.869207809598098,5.888399600982666,5.31235225113097,5.00335693359375,5.477861809182445,5.570482730865479,5.5082064693107355,5.373453140258789,5.217461187569256,4.804718494415283
train,17,5.462289974525561,5.027804338015043,3.7718548582083815,3.779206991195679,5.254625823372586,4.426825046539307,5.473325057617177,5.9820075035095215,6.160072057318598,6.0802001953125,4.460483543499665,2.6709392070770264,5.696446142866258,4.874502658843994,5.382706439839178,4.626718521118164,5.6758141088081215,5.488972187042236,5.952492056843206,5.748971939086914,6.314555096956239,5.351980686187744,5.627939569950528,5.358956336975098,5.876994048555736,6.06849479675293,5.362460864996617,4.903680324554443
train,18,5.149007544750914,4.846522661355826,5.255446910222133,5.161006927490234,5.245756609844935,5.229340553283691,4.824987625798951,4.228277683258057,5.637402709553348,5.453532695770264,3.888998888850971,2.4409642219543457,5.268876684773732,4.761942863464356,5.104519351546082,4.659525871276856,5.389932811140357,5.3418684005737305,5.33928719816206,5.253754138946533,5.291742818816681,5.025073528289795,5.214682769859444,5.077229022979736,5.215073962859604,5.035791397094727,5.2603897403335775,5.336487293243408
train,19,5.265952248882758,4.8622686862945566,5.2095349567680085,4.140886306762695,4.628647614188458,4.335186004638672,5.499502237623167,5.162656307220459,5.537148576676502,5.283300876617432,4.069086552840563,2.4845540523529053,5.563232705472115,5.453387260437012,5.304523291320204,4.819840431213379,5.2186913938316195,5.22469425201416,5.340405636715458,5.247750759124756,6.252827819364463,5.317441940307617,4.936073489433068,4.833442211151123,5.586470574190871,5.59989070892334,5.311234387051358,5.306461811065674
train,20,5.337782529687811,5.18797335257897,5.276224446767991,5.3710455894470215,5.3910256442975415,5.678719520568848,4.369743883129081,4.048504829406738,5.735117924073912,5.386486530303955,4.374397043900145,5.511875629425049,5.810179044518056,5.1697998046875,5.639494961325205,5.506645202636719,5.094029615466288,4.875679969787598,5.569804144379199,5.347065448760986,6.66828939843607,5.458584308624268,5.343075197489026,4.99979829788208,4.8589767410495295,4.78153657913208,5.260814841109496,5.3079118728637695
train,21,5.362325010968368,5.312407071773823,3.0592873486807974,3.7148549556732178,5.685380088411773,5.775569438934326,5.135846587907892,4.841148376464844,5.980769800397595,5.580223083496094,4.478748539035986,5.613797664642334,5.78404505843697,5.322590827941895,5.579038171408374,5.57145357131958,5.691388458534206,5.821041584014893,5.941822234729813,5.878022193908691,5.875376030442131,5.166763305664063,5.386490943608801,5.064894676208496,5.761016553192487,5.783607482910156,5.351015327801958,4.927324771881104
train,22,5.200894932329888,5.2676600492917585,5.3292408640048405,5.313518524169922,4.9967298348928315,4.5764875411987305,5.2610402493246164,5.541999340057373,5.864379874768831,6.369202136993408,3.4916923747365836,2.23321795463562,5.007739555684566,4.412414073944092,5.309492914437136,5.349352836608887,4.374212640854679,4.759934902191162,5.745216173154884,6.061858177185059,6.343302549099147,7.594740867614746,5.4167750527570995,5.767696857452393,5.597398048788772,5.863641262054443,4.874413987784553,4.635516166687012
train,23,5.166105837234455,5.236186431004451,5.087000592797102,5.221972465515137,5.6112024875925695,5.052719593048096,4.031338196237359,4.056276798248291,6.075028053804579,6.020731449127197,4.239471444709965,5.561578273773193,5.487155942973347,4.91853141784668,5.494858609027823,5.417336463928223,5.820641467704639,6.032251834869385,5.849487788613214,5.977203845977783,4.498151532867426,4.856312274932861,5.570142143851696,5.783515453338623,4.78026160245802,4.762035846710205,4.614636021410169,4.409957885742188
train,24,5.588443725562748,6.004401573768029,6.077811261829068,7.729341983795166,3.548389488979114,3.967174530029297,5.799188661400135,6.752795219421387,6.103449384860757,6.444605350494385,4.577587731236957,5.99164342880249,6.141577717906369,5.654896259307861,5.943363358378915,6.138266563415527,5.443309347318126,5.350730895996094,5.8688384446895,6.081203937530518,7.073866471996994,7.689416885375977,5.5590635269111015,5.8698577880859375,5.80658761982038,5.93467378616333,4.706735416988301,4.452613830566406
train,25,5.374370821709921,5.220030491168682,4.976613192486239,5.003495216369629,4.999452818332189,4.26286506652832,5.400725875772753,4.548320293426514,6.156016509350193,6.2719340324401855,4.110932544944892,5.054658889770508,4.949160458087581,4.913228511810303,4.28486510519047,4.174592971801758,5.643145736049249,5.677281379699707,5.871919039326115,5.843257427215576,6.643779065170509,5.450659275054932,5.439699411772768,5.52943229675293,5.861134635753898,5.509744644165039,5.529376289992118,5.620926380157471
train,26,5.520392424110076,5.404111513724694,3.9739882875351373,3.882284879684448,5.778406823512249,5.688676834106445,4.027652167651803,4.025252342224121,6.017228393331901,5.573357582092285,4.7070109662810395,5.430081844329834,6.207296149221623,6.123146057128906,5.888599704806946,5.667730808258057,5.856099317656097,6.119208812713623,6.002315754734008,5.942705631256104,6.975348320156568,5.740989685058594,5.817620228702729,5.928955554962158,5.141812515768805,4.998274326324463,5.371722884072087,5.132785320281982
train,27,5.309061576913619,4.9461932365710926,5.449913323495306,5.64911413192749,4.657667992461645,4.26276159286499,4.776253810033951,4.184984683990479,5.715197586608925,5.313239574432373,4.018280083861585,2.4710938930511475,5.721837511621893,5.107607364654541,5.603966097212207,5.51455545425415,5.079105889054748,4.910590171813965,5.716563650427565,5.607277870178223,6.930993717273828,6.157212257385254,5.022844957858501,4.921019554138184,5.026450526620109,4.804058074951172,5.298725353346783,5.396997451782227
train,28,5.054020839738765,5.129373101087718,4.975852694099194,4.687304496765137,4.53658581241637,4.21182918548584,5.531811560531829,6.05892276763916,5.939432145249588,5.891059398651123,1.0845101963335253,1.8401778936386108,4.886769249879892,4.645040035247803,4.601998027467803,4.333330154418945,5.297656942789566,5.055291175842285,5.774981372617112,5.706452369689941,6.584891029200883,7.238473415374756,5.375245137029404,5.458417892456055,5.804926731991943,6.303548336029053,5.3076100169968345,5.252003192901611
train,29,5.358534323389245,6.132923419658955,5.476735383325261,5.658636569976807,5.516582143779077,6.026126384735107,5.240384483750114,5.763899326324463,5.950439519617107,6.317204475402832,4.304961814417391,5.946868896484375,5.866300272348818,8.14659309387207,5.683019505090526,7.142147064208984,4.843344192104981,4.7790937423706055,5.778308071733298,5.957272052764893,6.843642010624272,8.297920227050781,5.505511624102892,5.942418098449707,5.275493311286708,5.617604732513428,3.376223871879745,4.1322197914123535
train,30,5.400809232539519,5.5255566010108375,5.575051601709925,6.861634254455566,5.534740752020849,5.755373954772949,5.434906479091598,5.65870475769043,5.636889433325342,5.272236347198486,4.315924609096038,5.643309116363525,5.432806729055525,4.5067949295043945,5.5440191436130295,5.427286148071289,4.85952552847752,4.814216136932373,5.757481423627891,5.754676342010498,6.86909913391347,6.341269493103027,5.513326762441727,5.69641637802124,5.527422308288246,5.775506496429443,4.2093261183525765,4.324811458587647
train,31,5.328246494895541,5.268221598405105,5.213570002247411,4.4081878662109375,5.26800683781677,5.024968147277832,5.366717822069282,4.978406429290772,5.0934632438779825,5.005675315856934,4.219622324689611,3.812377452850342,5.788576283969737,5.920037746429443,5.647843112760994,5.920503616333008,4.307976764430053,4.698957443237305,5.517291204723185,5.51257848739624,6.989267462287115,7.735177040100098,5.322946554591792,5.13293981552124,5.24066940074705,4.934744834899902,5.291253419431037,5.402326583862305
train,32,5.699826037950538,6.351518722680899,6.26450609797605,8.051161766052246,2.822569444593241,3.874768495559693,6.051143721780128,6.909854412078857,6.1330059672670325,6.266665935516357,4.758076968870285,6.403696537017822,6.365843924984218,7.658684730529785,6.097303277872518,7.126642227172852,5.345046322469732,5.534601211547852,5.86076844458324,5.833001613616943,7.352901758528141,7.933407306671143,5.557307683833961,5.835553646087647,6.025716362609978,5.917235374450684,5.463548517988466,5.224470138549805
train,33,5.4490063151733255,5.77667471078726,5.642462166050029,6.746493816375732,5.504320060743317,5.766384124755859,5.873822691767943,6.5935959815979,5.933883885409258,5.976674556732178,4.31773263382489,5.557881832122803,4.5960044988801325,4.100144386291504,5.2269121236506475,5.102885246276856,4.370441852870447,4.755634784698486,5.64556078309624,5.5495219230651855,6.850975991244453,7.391046047210693,5.348116104206404,5.420259475708008,5.9399911144672375,6.314382076263428,5.586858191042238,5.821866989135742
train,34,5.451690734234966,5.556892028221718,5.5233399883878755,5.771609783172607,5.8877725801438,5.322272777557373,5.550849096509505,5.388720512390137,6.275856617064308,6.635139465332031,4.416912904966236,5.31644344329834,3.1757669851217116,3.774742603302002,4.581005114727826,4.6902689933776855,5.800014729051694,5.525582313537598,6.088980896270642,6.194097995758057,6.031508396928407,5.430849552154541,5.640827804269901,5.701431751251221,6.174990901719143,6.310952663421631,5.724153529893499,6.177484512329102
train,35,5.114768816750993,5.203048513485835,4.954491109493424,5.152310848236084,5.645475189847593,6.016092777252197,5.538196727878295,5.6132493019104,5.284468894368683,5.003716468811035,0.7073914324380435,1.8262804746627808,4.980146206049946,4.939427852630615,4.484110432447685,4.213974952697754,5.622360628404356,5.9329681396484375,5.708897741990657,5.653165340423584,6.86311084520743,5.710831165313721,5.434806574728227,5.641227722167969,5.833592273614578,6.202215671539307,5.434946561293992,5.734169960021973
train,36,5.34701634799099,5.13854692532466,3.3558364760988244,3.753798723220825,5.734527925469623,6.316792964935303,4.911109883814374,4.444733619689941,6.134829761932801,6.496055603027344,4.2658256795455936,2.555508136749268,5.613085675249773,5.468338489532471,5.300688271923326,4.637434482574463,5.571825482444723,5.210977077484131,5.956059221874796,6.027653694152832,5.903757983281648,5.130958557128906,5.64437148332758,5.644321918487549,5.62365717478384,5.471099853515625,5.495637504135968,5.643436908721924
train,37,5.243056580466649,4.969163656234741,5.477414586045661,5.026422023773193,5.2971438886157,5.072512626647949,4.688772350076853,4.223289489746094,5.125208941258337,4.998081684112549,3.0694537003211977,2.0003106594085693,5.676548458739801,5.011911392211914,5.5395403766608755,5.214371204376221,5.55071329387263,5.35777759552002,5.654440402604513,5.670432090759277,7.0252957286586835,7.577400207519531,5.381762347244991,5.103034973144531,4.961411550973392,4.877068042755127,4.712029920993803,4.46651554107666
train,38,5.407980869295863,5.545954630925105,5.630187194990433,5.007805824279785,5.196793177338006,4.905384063720703,5.5924433484304465,6.044830799102783,5.551669262666443,5.689024925231934,4.6679649129525735,5.543165683746338,5.8761347018512815,6.600042343139648,5.5882011009684245,6.009766578674316,5.276381248164711,5.248143672943115,5.184933737464096,5.204901218414307,6.619766857104801,6.734470844268799,5.21497391555546,5.271415710449219,5.477312646313866,5.445953369140625,4.426989197045684,4.392505168914795
train,39,5.214916666181677,4.993031996947068,5.152947922863685,5.11309814453125,5.33813077046195,4.777293682098389,5.365020050706443,5.109024524688721,5.073786615938338,4.968809604644775,3.5294150899095347,2.236644506454468,4.87368014875838,4.740827083587647,4.3197191596810365,4.21690845489502,5.461915761892309,5.307089805603027,5.590622147184917,5.59416389465332,6.840986351839313,7.238756656646728,5.27061642106959,5.03219747543335,5.624315110935968,5.572150707244873,5.352761109120328,5.002451419830322
train,40,5.613293051024588,5.374926933875452,5.496621788753766,4.483772277832031,4.267303381392372,4.084653377532959,4.825339799105678,4.152863502502441,6.118849045828334,6.1054534912109375,4.711269954976912,5.35400390625,6.252420732151593,5.705118656158447,5.915665127009848,5.056640148162842,5.600207261692213,5.576696872711182,5.9047989669954415,5.732850074768066,7.3811980279143,7.658815860748291,5.652747145115373,5.443605422973633,5.4155276486422945,5.044731616973877,5.43086078374151,5.474844932556152
train,41,5.495910911709793,5.1798697618337775,5.569014284769806,4.69763708114624,5.909717150149389,6.14774751663208,5.79131102834691,5.504880428314209,6.223888375152899,5.891500949859619,4.215691883610145,2.5461370944976807,3.236691807107132,3.768294095993042,4.702460296831563,4.877947807312012,5.686331379136169,5.280606746673584,6.068628023799055,5.879600524902344,6.51705433991338,5.807758808135986,5.622513513187367,5.5165696144104,6.159140215523921,5.912353515625,5.744399554699579,5.507272720336914
train,42,5.159723014859476,5.084016616527851,5.367356634428633,5.103385925292969,5.452553090598281,5.81681489944458,5.048776193033117,4.879493713378906,5.719416581027381,5.411044597625732,3.8109761696795124,2.4963607788085938,4.295621312794094,4.072724342346191,4.893180386783371,5.021194934844971,5.435450649275521,5.245903015136719,5.7623126004520095,5.814209938049316,6.128234392566187,7.312902450561523,4.646112008463338,4.897205829620361,5.644365980309779,5.433531761169434,4.872043193761966,4.587443828582764
train,43,5.227702008950081,5.0765222035921544,4.28970644190967,3.9178929328918457,5.404954536466294,5.826865196228027,5.309461463089003,5.672890663146973,5.615327647006964,5.243008136749268,2.708649463690536,1.9641127586364744,5.470466620678677,4.958409309387207,5.232303672178047,4.631067276000977,4.971662791240408,4.851532936096191,5.727369995863909,5.635731220245361,6.800110014866863,7.241580486297607,5.448623563745998,5.190623760223389,5.612229956283014,5.716239929199219,5.369259949331656,5.144834041595459
train,44,5.427342437110512,5.084354584033673,5.071493005114246,4.936156749725342,5.194149586221035,4.4209465980529785,4.189083147893939,4.081094264984131,6.124245476352494,6.294333934783936,3.6125558665086595,2.0349221229553223,5.728995302885063,4.572906017303467,5.464457087902021,4.647099018096924,5.756161567468117,5.561471462249756,5.95940476906731,5.9413371086120605,7.104497456554931,7.266517639160156,5.690884708369862,5.63517951965332,5.269436556545736,5.1906046867370605,5.390087151553235,5.514040470123291
train,45,5.554917460632623,5.588743741695698,2.622713817683163,3.638108968734741,5.7292575500259035,5.1034135818481445,5.315530409067686,5.953833103179932,6.182533426253344,6.57130241394043,4.706768339880353,3.2984423637390137,5.977082830278256,5.690601825714111,5.64579883479218,5.021487236022949,5.7756789070959975,5.967015266418457,6.071882353609271,6.166713714599609,7.056059909423526,7.760351181030273,5.796355114071543,5.840293884277344,5.81339462989515,5.948450565338135,5.52087086614773,5.693654537200928
train,46,5.3132491569601425,4.864920946267935,5.249896496953496,4.831500053405762,5.383639881058189,4.930476188659668,4.521617673457611,4.141411304473877,5.249205565450131,5.045565605163574,4.222959760649663,3.4484519958496094,5.627364182597589,4.71076250076294,5.460188490828724,4.8421831130981445,5.437547520487132,5.125277996063232,5.605252303145953,5.396003723144531,6.550429946926932,5.420391082763672,5.225308143812807,4.930731296539307,5.213547666270304,5.00034761428833,5.325281408843313,5.420869827270508
train,47,5.291675293716474,5.89624966107882,5.68276821786709,8.440932273864746,5.296356420590262,6.074766635894775,5.212929964334376,6.765743732452393,4.574855905728612,4.974913120269775,4.164206174868296,2.968883991241455,5.812194483294856,7.715780258178711,5.5966554591236175,6.937915325164795,5.467203722025862,5.945170879364014,5.512785150994895,5.751434326171875,6.646220035625459,5.861015319824219,5.284612796745031,5.153534412384033,5.3509393235922245,5.707162380218506,4.190051163523565,4.353992938995361
train,48,5.430499548597923,5.411233351780818,4.636809013079039,4.1681437492370605,5.871573955453172,6.259349346160889,4.905663011195789,4.611889362335205,6.051587029092075,5.667662143707275,4.366487389478127,5.244356632232666,5.380984439382744,5.20815896987915,4.805072003385416,4.357894420623779,5.823322649313597,5.897227764129639,5.921438279303793,5.876132011413574,7.088093734243708,7.667821884155273,5.59859769030312,5.675467014312744,5.469009133546761,5.309412002563477,4.677855803995651,4.402518272399902
train,49,5.594219750858319,5.774153801111075,3.4287045824078355,3.730212926864624,5.246540418962142,4.436660289764404,5.459075266067972,6.001482009887695,6.126023702311035,6.172852516174316,4.815961146059429,5.698367595672607,6.135787682758271,6.93580961227417,5.82689477104745,6.398937702178955,5.67996896121013,5.574679851531982,5.97017696542146,5.760085105895996,7.133875184782237,7.840114593505859,5.732190056042422,5.721960544586182,5.810591320856103,5.851420879364014,5.359066703231664,4.941415786743164
train,50,5.202062753996105,5.143856727159941,3.7401346136829794,3.7966833114624015,5.291672668683802,5.021888732910156,5.141680338265842,4.600696086883545,5.624435576217317,5.298296451568604,3.8166982262417806,2.667093515396118,5.525997667535167,6.491039276123047,5.385152723490591,6.010045051574707,5.423906971803186,5.5225510597229,5.72751405102204,5.685656547546387,6.436743429869334,6.783571720123291,4.726392614040763,4.8601508140563965,5.581049499289202,5.374444007873535,5.20543742180736,4.758020877838135
train,51,5.556755876819356,5.708092964612521,5.552245068443276,5.532787799835205,6.072348209933864,6.527656078338623,5.695605674010176,5.950851917266846,6.354554604221477,6.630948543548584,4.5907572890465005,5.167536735534668,3.4376978458831764,3.798149824142456,4.546614959462062,4.503209114074707,5.918959295518643,6.162086009979248,6.106115438080837,6.187751293182373,6.995876156787613,7.340127944946289,5.637444235050111,5.700646877288818,5.643068636020044,4.946561813354492,5.686538986193842,5.756894588470459
train,52,5.539084942533927,5.145880625798153,5.6664040387392,4.392882823944092,3.9160229263604385,4.020063877105713,5.585593924755576,5.173309326171875,6.113065770682621,6.295225143432617,4.4254917458645116,2.4080824851989746,5.9948604035105495,5.564821720123291,5.746701907296636,5.0122971534729,5.425667178434435,5.199732780456543,5.879161238315028,5.959908962249756,7.2247630669311675,7.7769455909729,5.561540220700469,5.533198356628418,5.3810773637330085,4.907405376434326,5.0877544676174065,4.65257453918457
train,53,5.582708797635005,5.5614226047809305,5.985439626427921,7.007149696350098,3.734526747731268,3.991276979446411,5.661838999010049,5.402833938598633,6.102123258826897,6.188725471496582,4.624449881018243,3.207134962081909,6.148842929824138,5.462283134460449,5.929896040607321,5.98594331741333,5.488388815884649,5.365267276763916,5.88729708139715,6.085532188415527,7.102221958448269,7.815812587738037,5.59370407332062,5.907251834869385,5.712688464933531,5.463828086853027,4.603796491825004,4.415454387664795
train,54,5.504136447689316,5.299323155329777,5.522207313858719,4.346701622009277,5.200424102396012,5.3779706954956055,5.974956132478323,5.9593939781188965,5.501829832825174,5.633344650268555,4.75143137878842,3.2429494857788086,5.952501366297309,5.463810443878174,5.636995119277498,5.523324966430664,5.17047971906476,5.239508152008057,5.037995190283025,5.1780619621276855,6.9526945039085755,7.30163049697876,5.12485457437665,5.134288787841797,5.667499239156607,5.7298102378845215,5.059905347250033,4.760405540466309
train,55,5.5112927996665215,5.317342171302209,5.3606602470390206,4.241799354553223,4.210877492233936,4.076106548309326,5.51233570318409,5.621786594390869,6.105145202328081,6.162235736846924,4.591368164162022,5.391995906829834,5.828315816167972,5.376951694488525,5.5753230826561095,4.80318546295166,5.413610374351983,5.207559585571289,5.863078430534903,5.744707584381104,7.186505402219703,7.082707405090332,5.4886510411148866,5.2026472091674805,5.162683633746318,4.755011558532715,5.348251805925743,5.45875358581543
train,56,5.161658564056333,4.808996420640212,5.205584283763807,4.411746025085449,5.217629012567741,5.112115859985352,5.3291894893668,4.897669792175293,5.721467613664607,5.797713279724121,3.8695940728271907,2.632209300994873,5.332598740989561,5.026473045349121,5.157422115367943,4.733946800231934,4.797955327949216,4.797581195831299,5.42933419399357,5.312499046325684,5.903540325148313,5.271421432495117,5.073409054364717,4.892145156860352,5.3288604249744695,5.140616416931152,4.734976677754394,4.490816116333008
train,57,5.45324271064869,5.887269716996414,5.8059152240905085,6.986747741699219,5.073339777878079,5.346676349639893,6.031161825153168,6.521917343139648,5.409468533989875,5.615074157714844,4.653703711738992,5.778436183929443,5.9107717883882716,6.708127975463867,5.617276921546212,6.087891101837158,4.665754562309735,4.775575160980225,4.923913280467161,5.14619779586792,6.886395029564186,7.10297155380249,5.015395036723607,5.194708824157715,5.669777393698755,5.865085124969482,5.229282152884408,5.405097007751465
train,58,5.518537645375223,5.420285408313458,5.815127956297523,4.8471198081970215,5.260674571659889,5.378610610961914,6.025502347283509,5.90403413772583,5.33066068855412,5.149438858032227,4.749188486919901,5.416506290435791,5.511267605821083,4.455813407897949,5.496547575755098,5.100099563598633,5.198484120353646,5.167911052703857,5.1097282981362975,5.20856237411499,6.963971164738598,7.295760154724121,5.171817324373605,5.22182035446167,5.783445778636927,5.887460231781006,5.324573471347695,5.430573463439941
train,59,5.467019999616435,5.770744195351234,4.271453583393943,3.965298414230346,5.677213006095071,6.612681865692139,3.6967866728130767,3.9468679428100586,6.0919778350824965,6.555839538574219,4.602240752470991,5.376868724822998,6.083578444769972,5.957604885101318,5.7820724536576815,5.43524169921875,5.846453547614416,6.635313034057617,5.983904428144948,6.283211708068848,7.27486103765312,7.90532922744751,5.782611673360608,6.110487937927246,4.6567628447630165,4.728593826293945,5.321343715194291,5.506335735321045
train,60,5.3773763839581035,5.324331246889555,3.9043544301825435,3.908792018890381,5.84382716918727,6.167742729187012,5.10413281024514,4.469869136810303,6.108992708670145,6.070940971374512,4.30599225188474,5.220755577087402,5.187955229117459,4.680066108703613,4.66414028364132,4.287607192993164,5.432312333792181,5.089911460876465,5.920654546408991,5.978978157043457,6.85142413919933,7.068933010101318,5.556611514221769,5.550899982452393,5.585853187435108,5.132067680358887,5.439642387469344,5.589742183685303
train,61,5.235116644759899,5.112476293857282,5.1963933058680025,4.552950382232666,4.77207713881494,4.252624988555908,5.287862622551958,5.622159957885742,6.030928164155027,5.93869686126709,4.057343002462151,3.5106608867645264,5.0705947654967645,4.733158111572266,4.686196300378274,4.370215892791748,5.405456598006188,5.459442615509033,5.73156711133384,5.723842620849609,6.8643737319188896,7.355634689331055,4.591758652735829,4.793247699737549,5.044311438496764,4.70800256729126,5.317653549660054,5.441554546356201
train,62,5.333152317100723,4.98912211564871,4.6349732468108655,4.182930946350098,5.722173994042645,5.533852577209473,4.514826410453514,4.20123291015625,6.033415794606614,5.881320476531982,4.1583238810700465,3.036623239517212,5.1887951618983355,4.398690700531006,4.987987699103078,4.46083402633667,5.780507988139449,6.00164794921875,5.91422264172714,5.90737771987915,6.5588518189649,5.824794769287109,5.609968519219941,5.685764789581299,5.3662590352013035,5.2286224365234375,4.860673931071556,4.514894962310791
train,63,5.298731825538105,5.1870933679433975,4.971022347009422,4.488585948944092,5.640617108857393,4.885903358459473,4.917721076410347,5.504492282867432,6.031182326485291,6.050186634063721,4.4389696954297015,5.163731098175049,5.1137824700001815,5.030057430267334,4.79759963170788,4.398993968963623,5.611514738095878,5.353765964508057,5.778824057964185,5.584300518035889,7.025874245303229,6.357541561126709,5.449321381617052,5.351061820983887,4.086814659927755,4.4324951171875,5.020269993187054,4.8310980796813965
train,64,5.528158595230222,5.2748544949751635,3.4038137100899353,3.7678377628326416,5.771927061559381,5.612824440002441,4.530603145572737,4.211578369140625,6.152824635530277,6.416480541229248,4.716877166816644,3.821753978729248,6.0160724754217405,5.0211992263793945,5.781572372890885,5.538304328918457,5.8348524466282505,6.066100120544434,6.046769313747954,6.019536018371582,6.94734078331461,5.850015640258789,5.817207829896402,5.862129211425781,5.434283914130544,5.237085342407227,5.411916882393524,5.148263454437256
train,65,5.466195834489449,5.458681143247164,5.521511411400303,4.367419719696045,5.074062897011187,4.768552303314209,5.967602972546828,5.992532730102539,5.490464040109999,5.539706707000732,4.684739529767316,5.5456085205078125,5.925103415597391,6.113979339599609,5.612648754306965,5.528487205505371,4.928440844858522,4.915516376495361,5.032629448349116,5.18274450302124,6.910688973075295,7.270689487457275,4.9977735860232775,4.866237163543701,5.6893453555421845,5.7557573318481445,5.225534619774464,5.115623474121094
train,66,5.383626856259374,5.32672276863685,5.527971740471848,5.594398498535156,5.317243436087976,5.503512859344482,5.438676663041533,4.692560195922852,5.615222747602793,5.6902289390563965,4.630088236936975,5.406549453735352,5.729007163097327,5.350276947021484,5.436825294178418,4.91867733001709,5.3212839572722626,5.266021728515625,5.259748465870075,5.253047466278076,6.68864930117972,7.127767086029053,5.226100527386717,5.073119640350342,5.207281183430111,4.9237961769104,4.589050414816111,4.447439670562744
train,67,5.3786696066492725,5.067456172062801,5.6997684445547145,5.390546798706055,5.172734631032575,4.57432746887207,5.434929726146067,5.041927814483643,4.863102481947031,4.916013240814209,3.608344818544237,2.080146312713623,5.705379164796997,4.720692157745361,5.6535363469223645,5.42894172668457,5.325014921206858,5.018121719360352,5.623620440139691,5.65629768371582,7.084362268140315,7.789737224578857,5.4780489691721534,5.236750602722168,5.5659378769446075,5.5527873039245605,4.707924796892929,4.470640182495117
train,68,5.009199218268665,5.173592264835651,5.501508749771087,5.465458393096924,5.05628413041825,5.229877948760986,5.7545096660465065,6.007363319396973,5.692836165701793,5.731409072875977,0.10645591164451629,1.8064392805099487,5.232960817345006,5.076081275939941,5.208629571601423,4.749902248382568,4.872063287741515,4.843120098114014,5.290079065389307,5.298006057739258,6.583749640639267,7.309943675994873,5.085959194626385,5.241468906402588,5.409609853821108,5.101186275482178,5.324943782746481,5.396442890167236
train,69,5.301366155443567,5.631533072544979,5.6888396171921904,5.909402370452881,5.032717845271357,5.473536491394043,5.805296935118968,6.408538818359375,5.369988158263489,5.650169372558594,4.530081450039529,5.787696361541748,5.6961809430274,6.486886978149414,5.445603706867775,5.945801734924316,5.034846348663224,5.227286815643311,4.872233879952451,5.097600936889648,5.751292281855824,5.073175430297852,4.8892558628089935,4.861169338226318,5.634528522194452,5.861124038696289,5.166894469510722,5.427541255950928
train,70,5.467777940267795,6.022816988138053,4.932089627528836,5.791354656219482,5.733354335591376,6.508427619934082,3.0894596256537836,3.8435235023498535,6.090208435170712,6.47025728225708,4.6086316046501405,5.707548141479492,6.236249185241836,7.632749080657959,5.91331576622061,6.859847068786621,5.865917271550056,6.065375328063965,5.960178756118065,6.09637451171875,7.408988738492222,7.978414535522461,5.588631669247839,5.197091102600098,4.389844901847301,4.642446041107178,5.264243306168558,5.503211975097656
train,71,5.420279958789753,5.365188855391283,5.632272062414252,5.805180549621582,5.698831077979072,5.130552768707275,5.314095265212301,4.548441410064697,6.189273526557086,6.210517883300781,4.3371182176579754,5.367944240570068,4.176684561369552,3.9631152153015137,4.987261548241986,4.977492809295654,5.771779776821222,5.732695579528809,5.968319461042239,5.959261417388916,6.787235480495824,7.276486873626709,5.055222845732299,4.988574504852295,5.709697981596293,5.318973064422607,4.835847659146689,4.468218803405762
train,72,5.180410673338828,4.787480858656076,5.017055397377752,4.5284104347229,5.531922749509203,5.021412372589111,4.484988889132808,4.184553623199463,6.086195983529575,5.882453441619873,1.8674232164381852,1.8943628072738647,5.1572979408049475,4.313271522521973,5.3829660173329525,4.894092082977295,5.534482588174895,5.143965721130371,5.883366329969698,5.676901817321777,6.259766932163022,5.29446268081665,5.398236362213399,5.078130722045898,5.346655446627659,5.139644622802734,5.394980900130674,5.18558931350708
train,73,5.355612482794812,5.179639073518607,5.7105860665843675,5.847026348114014,4.508280829659532,4.17090368270874,5.4877371361797715,5.992398738861084,5.690794631304892,5.216383934020996,2.6497652828451885,1.94123923778534,5.527235686070797,4.58021354675293,5.604080626465157,5.256517887115479,5.508494160656512,5.497099876403809,5.805549085242056,5.770963668823242,7.190701356467406,7.71484375,5.391115144076466,5.143347263336182,5.216073591490762,4.813568115234375,5.332548679289653,5.390801906585693
train,74,5.497874092062223,5.226524077928983,3.293442572769778,3.7244694232940674,5.819596927545962,6.008955001831055,5.421120748144132,5.015145301818848,6.018324496038156,5.551737308502197,4.28341575322445,2.213706970214844,5.688113944187931,5.282707214355469,5.224892506651355,4.475081920623779,5.723371222079561,5.738177299499512,5.9294957391458745,5.699779510498047,7.0841617770349865,7.424002647399902,5.6213206497617625,5.224193096160889,5.867556745189527,5.95237922668457,5.497550115035429,5.634478092193604
train,75,5.2985726901158126,4.9586097827324505,5.465020032209825,5.42728853225708,4.432529027468611,4.204982280731201,5.265529097657627,4.609395503997803,5.900252277928256,5.887691497802734,3.9552492115580775,2.625043630599976,5.613004836855188,5.196339130401611,5.4546678063054435,4.854483604431152,4.759392420082082,4.809972286224365,5.693168358385518,5.567836761474609,6.281607320622562,5.589648246765137,5.391457184073893,5.45860481262207,5.619083984018451,5.546303749084473,5.05048341434003,4.684337139129639
train,76,5.609432607041502,5.651923748163076,3.9881226846038675,3.808625459671021,4.641160435090529,4.172271728515625,5.613657304813165,6.025245189666748,6.189413869844304,6.417995452880859,4.37649337807561,2.156200408935547,6.212550377856703,7.242442607879639,5.929017080342243,6.76452112197876,5.56840623775966,5.294261932373047,6.019552990562987,6.112255573272705,7.234080977227072,8.157010078430176,5.73031470611878,5.967411994934082,5.909747546706119,5.75397253036499,5.51010630253849,5.602794647216797
train,77,5.52095271401703,5.352087571070745,5.427500267968954,5.121078968048096,4.68191105270618,4.186187267303467,4.5517733058452965,4.063381195068359,6.116859042973864,6.302750587463379,4.6377281534629375,5.443887233734131,6.040262014789574,5.611749172210693,5.737914636705166,4.944844722747803,5.654256626464099,5.630401611328125,5.916644648787696,5.942869663238525,7.322901991075618,7.535934925079346,5.581845483248584,5.224102020263672,4.8922837755358834,4.7171125411987305,5.210504282657527,4.852838516235352
train,78,5.628914656749534,5.554785545055684,4.257418475252361,3.858219623565674,4.562357705859774,4.156088352203369,5.431900606932044,4.626086711883545,6.152610108175031,5.930944919586182,4.787580816934373,5.597759246826172,6.248010134243276,6.932406902313232,5.953576981305395,6.61055326461792,5.532210396659043,5.215539455413818,5.996319142108925,5.969718933105469,7.19696145709028,6.255069255828857,5.722402031263371,5.891017913818359,5.832753987865092,5.587634086608887,5.501788694054978,5.581173419952393
train,79,5.19816235155991,5.470756090604342,3.0107608006960564,3.727626800537109,5.8003588610198715,6.723914623260498,5.180743179525305,5.971821308135986,6.181586412019697,6.803301334381104,3.8372637932897593,2.1735620498657227,5.3254708629006275,5.423378944396973,5.068837483970542,4.563905715942383,5.76441337538042,6.460148811340332,5.947927185315555,6.243809223175049,4.473344911863335,4.812319278717041,5.586585874593395,5.670177459716797,5.86932851933417,6.643232345581055,5.529489310370096,5.9026312828063965
train,80,5.077227502486334,5.090336212745081,5.477306125430465,5.894128799438477,5.128507338863339,5.03297233581543,5.569137123727466,6.359255313873291,5.0374552206339,5.048344135284424,2.8690073139264705,2.041743755340576,4.685145359966826,4.311027050018311,5.07660612243258,5.089498043060303,5.293313492036394,5.29957389831543,5.317412070109453,5.273863315582275,5.310203171406592,5.126842975616455,5.235017927828672,5.253196716308594,5.7067450616485225,6.036647319793701,5.298101204311665,5.4072771072387695
train,81,5.475049484895001,5.297927673046406,5.570285209790885,5.168089389801025,4.300212907704364,4.097475051879883,5.557120975134305,4.738083839416504,6.094947741533503,5.92235803604126,4.34051709119937,5.249316215515137,5.5603267992421985,5.1383233070373535,5.104246001425396,4.431123733520508,5.564076379266612,5.588058471679688,5.860882590731628,5.878551006317139,7.064856309184106,7.334853172302246,5.482875324797525,5.261707782745361,5.738044482469897,5.541432857513428,4.937251491155223,4.52368688583374
train,82,5.286734162694285,5.424900385049673,5.647563045828217,5.904451847076416,5.347357901566981,5.769182205200195,5.274257454070968,4.696850299835205,4.469967370392677,4.823879241943359,4.1721405138387,5.727783679962158,5.7568144295570844,6.077179908752441,5.614912984650066,5.540137767791748,5.467134821743364,5.70606803894043,5.487265595548239,5.532410144805908,6.025129184941594,5.203817844390869,5.482289071260695,5.678569316864014,5.464153099654687,5.487232685089111,4.518558641972418,4.3761420249938965
train,83,5.292146507615665,5.750808275662936,4.390235073937285,5.075393199920654,6.102152249927416,6.445424556732178,5.679086694637407,6.454787254333496,6.226190629683128,6.536040306091309,3.8512640145655443,4.9015793800354,4.045999658477006,4.821788311004639,3.007629983827339,3.950912952423096,5.761770850334604,5.879345417022705,5.872429914617385,6.042532920837402,6.887469096336139,7.179432392120361,5.273754885224392,5.175995826721191,6.082967816164102,6.364803791046143,5.616953731271902,5.93247127532959
train,84,5.035596227721921,4.950157734063956,4.477958344093952,4.098197937011719,5.618971338939501,5.798776626586914,5.463590332565334,5.6239447593688965,5.986460855111438,5.720683574676514,2.1259653307116357,1.895457983016968,4.84786955600925,4.750450134277344,4.495478451815038,4.273987293243408,5.5745877906602175,5.4761643409729,5.607452534238607,5.420907020568848,4.778730710360562,4.870192050933838,5.271842596545969,5.3629679679870605,5.77104764627481,5.512203216552734,5.442795473058663,5.548117637634277
train,85,5.276277669530155,5.716571239324717,5.51086897260276,6.351230144500732,5.864341277983098,6.526603221893311,5.6689549115669475,7.105541706085205,6.317129246644124,6.905886173248291,1.6654806445872268,1.893263339996338,3.3136636618324613,3.81841492652893,4.734693027011838,4.982966423034668,5.802185489493891,5.532324314117432,6.0957207873063695,6.387294769287109,6.139270096544185,5.368585109710693,5.620511222822744,5.784358501434326,6.148514104968722,7.367510318756103,5.71027626052764,6.291447162628174
train,86,5.221444862892361,5.235661506652832,5.63645475861079,6.849578857421875,5.463809753361082,5.184517860412598,5.193661022912676,5.479054927825928,6.021229814419499,6.430743217468262,3.8320224770850557,2.4588747024536133,4.942194550319412,4.374997615814209,5.2362729115521045,5.2870683670043945,5.758668280406029,5.779410362243652,5.826107113687356,5.877424240112305,5.811031808165778,5.402123928070068,5.43705423525586,5.332662105560303,5.26438456384403,5.454739093780518,3.4558919279810194,4.152404308319092
train,87,5.1379236256213865,5.1034213212820205,4.547336008025657,4.096127033233643,5.564386623377799,5.953245162963867,5.126940919913689,4.78422212600708,5.89604774003998,5.5802741050720215,3.8797807364635846,5.238745212554932,4.386845049640402,4.159611225128174,4.465231525116001,4.383962154388428,5.519935779076891,5.635195255279541,5.771529901371582,5.742480754852295,6.127606702645986,5.472236633300781,4.719898576548977,4.863551616668701,5.381789193348611,4.93787145614624,5.405678377508873,5.496954441070557
train,88,5.510651608297172,5.470787085019626,3.3526346623768903,3.728371381759644,5.2564632774273825,4.478529453277588,5.483151106982156,5.153957366943359,6.129174809947184,6.22296667098999,4.510253980063895,3.768261671066284,5.933236084543223,6.995357513427734,5.753594284844485,6.569522380828857,5.459173297944894,5.117288589477539,5.979297961188555,6.034572124481201,6.826977264694364,6.247410297393799,5.674926215477509,5.808062553405762,5.746483137873276,5.353774070739746,5.533104824499415,5.642158031463623
train,89,5.261519888668278,4.961350642717802,5.478256836505984,4.470522403717041,4.970961873329974,4.399294853210449,5.5085206384459715,6.020051956176758,5.725670384713647,5.3122968673706055,4.241603379668664,3.697586297988892,5.159663573919025,4.418660640716553,5.348720187119326,5.100358963012695,5.506965954980582,5.380251884460449,5.62173880303376,5.405994892120361,4.980473020545125,4.954042434692383,5.216104331244573,4.990312576293945,5.742899800815191,5.808455467224121,4.8981797683658055,4.539729118347168
train,90,5.584654350980953,5.33156681060791,3.772908244083138,3.786684989929199,5.60108027499012,4.832275390625,5.54491250833333,4.898463726043701,6.049701800472433,5.967018127441406,4.816673406360338,5.4691572189331055,5.7474357712765505,4.576488971710205,5.622936757730487,4.967837810516357,5.5843410319300935,5.2604265213012695,5.832519471115758,5.560996055603027,7.091178971171041,7.50966739654541,5.63042663529112,5.474143981933594,5.825457603030619,5.560803890228272,5.480934086967358,5.446404457092285
train,91,5.165038481260699,5.31988525390625,4.616467571286214,4.081962585449219,5.5575835493045656,6.165113925933838,4.846891736388845,4.666009902954102,6.014032513718423,6.321020603179932,4.134026825121433,5.397693157196045,4.927363021482449,4.508846282958984,4.810751759834446,4.535510063171387,5.434469832519801,5.260051250457764,5.768767846425275,5.899391174316406,6.804216712026057,7.509303569793701,4.672413329193402,4.841768741607666,4.367271547252935,4.521153450012207,5.191244011835241,5.45068359375
train,92,5.289243146384128,5.012554086171663,5.343606191256419,4.762213706970215,5.501973976288906,4.70991849899292,4.999177565741731,4.313742637634277,6.2763073477323905,6.514005184173584,0.754758732019186,1.86767327785492,4.9172220970027505,4.142496109008789,5.430417626505844,5.136071681976318,5.879542434345172,5.97714900970459,6.056762768647035,6.119912147521973,7.053970267764752,5.979384422302246,5.67373450266698,5.572013854980469,5.58792660609258,5.282341003417969,5.284760786929902,4.786281585693359
train,93,5.6379260420463115,5.421647585355319,5.913363007187523,5.143677711486816,5.0644863243013996,4.339475154876709,5.852419331754096,5.236588001251221,6.2614737287482445,6.161417007446289,4.692075748052735,5.597896575927734,4.558772545174911,3.9871559143066406,5.296741726608285,5.010427951812744,5.768456072774007,5.631441593170166,6.019986427003321,5.834495544433594,7.075557797188109,7.437880516052246,5.6453017938752135,5.613288879394531,6.019381685627152,5.881497859954834,5.125022358307051,4.606175899505615
train,94,5.344100190866054,5.0984128438509435,5.379596595337817,5.694072246551514,5.726931228010877,6.133814334869385,5.324821095198716,4.615987300872803,6.1410708012743385,6.168385982513428,3.331957857708254,2.0505261421203613,4.282294458758784,4.017833232879639,5.046034075035141,4.839486122131348,5.106207247194775,4.945175647735596,5.937278296402152,5.907817363739014,6.702529523999131,5.837466239929199,5.542429257588411,5.617880344390869,5.4579593833307065,5.0019378662109375,5.494192661419595,5.448984146118164
train,95,5.254708418312761,5.005955879504865,5.630786701577846,5.569729328155518,5.036893767928126,4.584021091461182,5.484636045438888,6.243238925933838,5.000170541407049,4.967664241790772,3.8043188727503456,2.2835559844970703,5.6944947509345365,5.304216384887695,5.559332460272552,5.502353191375732,4.960629521715914,4.858355522155762,5.421813583860509,5.313263893127441,6.228956077390709,5.328341960906982,5.113616606364546,4.928449630737305,5.576210168895987,5.668693542480469,4.799350339528886,4.525542736053467
train,96,5.5154084045782215,5.560164378239558,3.682718602086023,3.788387298583984,5.86759916975689,6.463272571563721,5.136309147772073,5.5177435874938965,6.189507337114119,6.595051288604736,4.812540210672369,5.5673346519470215,5.582082349282837,4.598535537719727,5.574505576277751,5.365974426269531,5.814260836694034,6.356646537780762,6.043291832527403,6.224036693572998,7.068947588199798,6.342473030090332,5.748956539912237,5.989168643951416,5.018023811080039,4.7269287109375,5.161566258141312,4.746583938598633
train,97,4.915807548801027,5.086579616253193,4.9950726401399415,4.4722580909729,5.1468894381719545,5.114863395690918,5.079626946563623,5.396151065826416,5.655406095914318,5.663141250610352,3.810699899752298,5.443495750427246,4.995792278965688,5.210506439208984,4.8705630968499705,4.678391456604004,4.918392919591908,4.9017510414123535,5.280009675427282,5.275353908538818,4.04348202292347,4.774731159210205,4.605564030034392,4.762261390686035,5.288736170296353,5.003898620605469,5.215262919782145,5.428731441497803
train,98,5.320038829737974,4.968219261903029,5.412073006191072,4.703857898712158,5.358714955399857,4.996525287628174,5.475622559859354,5.025149822235107,5.137233966134113,4.98667573928833,4.005579549315848,2.4121172428131104,5.566042706838345,5.254591941833496,5.195486369229338,4.561776638031006,5.197283044318488,4.946125030517578,5.485610759158084,5.38848876953125,6.923511521091247,7.343323230743408,5.076129391873837,4.859120845794678,5.596874657912968,5.643271446228027,4.730342299271097,4.465826511383057
train,99,5.256135396604232,5.034334586216853,4.981466298350068,4.316067218780518,5.507239412979943,5.8995361328125,5.332970127676759,5.775418758392334,4.902385354031208,4.928976058959961,3.8834713668721386,2.5044517517089844,5.15657820828931,5.036896705627441,4.711646802986142,4.336770057678223,5.522246526785761,5.846222400665283,5.602805987675685,5.598352909088135,6.587004786067291,5.519062519073486,5.451549640732599,5.637336254119873,5.574569219121157,5.334986686706543,5.115826424286948,4.7122721672058105
train,100,5.173757710962912,5.1471583659832305,4.675539920684735,4.033085823059082,5.203985469259256,5.65837287902832,5.3956946082013,5.962646484375,5.680624743771338,5.657662868499756,3.881689879605866,4.278047561645508,5.29930419890851,5.04075288772583,5.23857549673787,4.91111421585083,4.770513523459031,4.845234394073486,5.484754414661228,5.411741256713867,5.93747643508098,5.641843318939209,5.268024174298607,5.191307067871094,5.504557207517832,5.69864559173584,4.918110170331299,4.58260440826416
train,101,5.414015972445612,5.508998687450702,5.521104959378868,5.055220127105713,5.130928937367077,4.412162780761719,5.196510950023738,5.744296550750732,5.8382587652125055,5.791740417480469,4.760871705753148,5.67209529876709,5.721937296426454,6.085699558258057,5.573001472967289,5.968747615814209,5.432450361587672,5.32794713973999,5.523253197977202,5.350471019744873,7.1449982091308835,7.473081111907959,5.374529333196661,5.378655910491943,4.176283779058716,4.457281589508057,4.988078673712746,4.89958381652832
train,102,5.388057060979025,5.058160011584942,5.487522106746234,4.907496929168701,5.368570352944785,4.704751968383789,4.926753999737546,4.288097858428955,5.961717150036169,5.937844276428223,4.420527644028724,5.494296550750732,5.579456529222745,4.615201950073242,5.556079272346395,5.237546920776367,5.473332198728631,5.060665130615234,5.7175540777591385,5.454193592071533,6.546708444823106,5.559998035430908,5.3572028212293334,5.014458656311035,5.290194352433732,5.1603546142578125,4.359122842690788,4.321173667907715
train,103,5.478302250130276,5.707575486256527,4.932019153612109,4.916298866271973,5.719269084399898,6.377434730529785,3.131627768154277,3.861647844314575,6.093168509645552,6.383059024810791,4.4170949234046555,5.341269493103027,6.147278725718196,5.686931133270264,5.847375362752731,5.057974338531494,5.880017416955959,6.234428405761719,5.959134864902107,6.106884479522705,7.244496062734221,7.844186782836914,5.764269247730867,5.89720344543457,4.686455353483704,4.970556735992432,5.3957227781993025,5.52060604095459
train,104,5.4085994635539265,5.525642706797673,5.025962714928542,5.158628463745117,5.995752889604767,5.502949237823486,5.740321560442863,5.701315879821777,6.230331081079209,5.912553787231445,4.108873406487377,4.967542171478272,3.606372054819426,3.866597890853882,3.6557922353877594,4.135025024414063,5.826080482873912,5.986878395080566,5.969774210469101,5.980845928192139,6.8767909297993075,7.123626708984375,5.458990350971943,5.58851957321167,6.095833171677702,6.0373053550720215,5.720917937659133,5.8715667724609375
train,105,5.083300229502757,5.032869522388166,5.324548383554402,4.802148818969727,4.564848920312961,4.330720901489258,4.9241879326704,4.396409034729004,5.769983607425749,5.879358768463135,3.8231936455741184,5.368127822875977,5.2824431863002035,5.338217735290527,5.046314308352208,4.66876220703125,4.8951763112428095,4.892885684967041,5.47569111694291,5.378981113433838,5.73903830619832,5.142445087432861,4.5886114658018755,4.773851871490479,5.34418774374164,5.132817268371582,5.304678055418241,5.322577476501465
train,106,5.332503703877994,5.289851610477155,5.364737578683217,4.613417148590088,4.977036882352943,4.373932838439941,5.006202718773699,5.722264766693115,4.847601545600133,4.892271995544434,4.457250531221039,3.798540353775024,5.775800935697749,5.997874736785889,5.598014258037023,5.424940586090088,5.393206462312913,5.258536338806152,5.60325067017359,5.670160293579102,6.778366094572293,7.575159549713135,5.5218551761819725,5.337752342224121,4.88331479350678,4.692935466766357,5.11591050330057,5.410284519195557
train,107,4.950291473189312,4.989442605238695,4.540303512731883,4.668123245239258,5.4562741314809315,5.888238906860352,4.842418335426287,4.48575496673584,5.792832652747454,5.836918830871582,2.8152192458623975,2.059765338897705,4.476200169239045,4.998200416564941,4.160592129123924,4.2567667961120605,5.272332740930259,5.080246925354004,5.657948677074497,5.634112358093262,5.971252753444269,7.0532732009887695,5.220936598057201,5.038467884063721,5.03899086065951,4.809791088104248,5.108487344683395,5.053093910217285
train,108,5.402440579279094,5.295009301258967,5.6791819788830855,5.729280948638916,5.245536868314091,5.476287841796875,5.780873055745569,6.23392915725708,5.57543549571946,5.5872063636779785,4.49935075083022,3.022134065628052,5.733682345898358,5.441208362579346,5.377223478727898,4.802149772644043,5.241753430292484,5.426651477813721,5.14690592033996,5.1738152503967285,6.83963568813367,7.248427391052246,4.943401000270962,4.839317321777344,5.535573887890021,5.4186530113220215,4.633173629582452,4.436059951782227
train,109,5.537819230160798,5.3340947077824525,6.021035483198139,5.290669918060303,3.7934905200688003,4.022796154022217,5.862582942441239,5.575185298919678,5.88653201636726,5.584018230438232,4.56486617351736,5.612283706665039,5.873215507331046,4.911389350891113,5.7666845050445685,5.414863109588623,5.144774651659268,4.995716571807861,5.593082502135052,5.371796131134033,7.0301450869269795,6.640830993652344,5.380886199458465,5.271357536315918,5.660618649847545,5.168564319610596,5.41373575409465,5.483759880065918
train,110,5.573487731278981,5.449594552700336,5.412061862570038,5.620189189910889,4.745096444579611,4.206385612487793,4.188954829367345,4.013694286346436,6.082965354633592,6.043658256530762,4.358514228785724,2.2797086238861084,6.365560958571839,7.220981121063232,6.042186027990835,6.694394588470459,5.69077734987199,5.523043155670166,5.890387218605519,5.66209602355957,7.4266365595739625,7.519245624542236,5.705545094142855,5.647872924804688,5.168270542006674,5.093865394592285,5.378384035926757,5.319594383239746
train,111,5.559692450729877,5.312416535157424,5.649819689623595,5.645575046539307,6.009547706434719,6.266800880432129,5.66860948083732,4.981578350067139,6.198856344291311,5.664093971252441,4.491510812190695,2.6602232456207275,3.577005293874106,3.8116331100463854,4.763361834439891,4.6597185134887695,5.874898901652354,5.680289268493652,6.076048082068311,5.973916053771973,7.0188872736547205,7.404519081115723,5.655133249881011,5.653552055358887,5.623527519675081,4.944972515106201,5.668795670865284,5.714542865753174
train,112,5.4780621452250315,5.569669283353365,5.1638023565750375,4.195310115814209,5.588774126766673,5.30781364440918,5.323828960564375,4.813328742980957,5.927762041348833,5.682437419891357,4.65949808869257,5.553337097167969,6.0017972424479895,6.86305046081543,5.720960510265262,6.224489688873291,5.708168458399491,5.556777000427246,5.722321894622068,5.511932373046875,6.992419231336875,7.572812557220459,5.556636182569475,5.530946731567383,5.337525213389991,5.453011512756348,3.511313580946762,4.140453338623047
train,113,5.278793221637773,5.791826119789711,4.371337835491131,4.742549896240234,6.083570844793399,6.48699951171875,5.646819047527999,6.664533615112305,6.215021705584206,6.565987586975098,3.8394928789087595,4.897328853607178,4.052407518062406,4.830458641052246,3.026054923527548,3.9565861225128174,5.7535833021234914,5.968825340270996,5.867426926496449,6.072268962860107,6.838402050188435,6.925679683685303,5.245929393892265,5.12975025177002,6.078587169416817,7.0306010246276855,5.60567828527814,6.022170066833496
train,114,5.484623558319324,5.115278867574838,5.524008303315175,5.359449863433838,5.946750330428507,5.824941158294678,5.470579527755647,4.566592216491699,6.28313933044131,5.988992691040039,3.8660233058319444,2.171967029571533,3.566070210033664,3.815255641937256,4.6757514916868175,4.55690860748291,5.8614440735761875,5.58425760269165,6.083287212021105,6.020347595214844,6.704412451364821,5.785991191864014,5.638110691374584,5.633687496185303,5.934620892946944,5.374818801879883,5.7459084373745,5.815415382385254
train,115,5.346983870844095,5.0793792467850905,4.955867399679168,4.233831405639648,4.692382958773392,4.199690341949463,5.58963292912497,5.273865222930908,5.995508575789691,5.527332782745361,2.7566202037035494,1.949958562850952,5.451386191878144,5.094605445861816,5.022985961948934,4.397753715515137,5.361041092625496,5.044366359710693,5.85390997187734,5.7486491203308105,6.95728478191636,7.166435241699219,5.498661557363109,5.49281120300293,5.911015345488856,6.174264907836914,5.464493350804224,5.728365898132324
train,116,5.625947634058748,5.581812601823073,5.822285288025968,6.042614459991455,6.057728666203487,6.339552879333496,5.846999391860777,4.961252212524414,6.3620060726985095,6.061741828918457,4.520144120874457,3.0340983867645264,2.9895218415128686,3.721018075942993,4.667380765024659,4.971028804779053,5.967979798031034,6.1284003257751465,6.172304634222365,6.190062046051025,6.902013598535504,7.434755802154541,5.7031878909711615,5.801159381866455,6.240196338059052,5.864423751831055,5.885570836743879,6.013455867767334
train,117,5.546243709565123,5.493302418635442,5.888816400889312,5.479312419891357,3.51589781554158,3.9554905891418457,5.898472922985249,6.383959770202637,6.048341945997038,5.87429141998291,4.454378054795008,5.252535343170166,5.804316498914018,5.255712032318115,5.413624261283771,4.56742000579834,5.369894286031396,5.388412952423096,5.764151446890707,5.606517314910889,7.133675246462692,7.349263668060303,5.404888449135866,5.10959529876709,5.939823939085458,5.930854320526123,5.464886956334495,5.259566307067871
train,118,5.299177449484492,5.253312000861536,4.978645983534415,5.058100700378418,5.635341395097393,5.774044036865234,5.402544408308956,4.586391925811768,5.901827381674955,5.578293323516846,4.011561271199201,5.144877910614014,4.682645274374099,4.26485538482666,4.33666759850877,4.246398448944092,5.128563773372966,4.941940307617188,5.640679656214376,5.494592666625977,6.78989365631995,7.1207146644592285,5.130010626800598,4.911623477935791,5.773762715161342,5.593939304351807,5.477163102731354,5.57728385925293
train,119,5.59227524512028,5.231645969244151,4.734517279922802,3.962941884994507,4.333965870265264,4.112522602081299,5.681128945813762,5.3032708168029785,5.934222243319806,5.439176082611084,4.657144474781926,3.788871288299561,6.123248114365279,5.263002872467041,5.905039850400123,5.697843074798584,5.288366067056331,5.013818740844727,5.9014519140241575,5.803979396820068,7.058066701626815,6.005463600158691,5.639680874974934,5.747857093811035,5.929835971301435,6.167215824127197,5.512909878711003,5.705434322357178
train,120,5.547477521218865,5.474159240722657,5.793866457969045,6.376014709472656,6.074037868090875,6.526675701141357,5.917917581320661,5.621170520782471,6.3732563425115725,6.055512428283691,4.396066043112352,2.656043529510498,2.9016593148294634,3.717090606689453,4.6142751225384195,4.946269035339356,5.960626128253679,5.999734878540039,6.151983372853722,6.20585298538208,6.077901769575022,5.371146202087402,5.661533576676911,5.764069080352783,6.297496393378186,5.989230632781982,5.896587804735331,5.935259819030762
train,121,5.381505346448802,4.878322711357704,5.239826959373901,4.239254474639893,4.543722454095752,4.234015941619873,5.697040848065687,5.490855693817139,5.908897931702434,5.73520565032959,3.794829676791068,2.1392645835876465,5.764817035625434,5.122607707977295,5.603556029791791,4.996569633483887,4.697660825606471,4.78140926361084,5.629577562845422,5.4395294189453125,6.659345572932488,5.570527076721191,5.325173932314527,5.092272758483887,5.692831785245074,5.352879524230957,5.402288889444366,5.223803520202637
train,122,5.513514841321667,5.401022837712215,5.772558280415603,6.236365795135498,5.519575553838937,5.00108814239502,5.834095152391935,6.307534217834473,5.889304377998939,5.729959011077881,4.66759160560941,5.410891056060791,4.606324702602343,4.035253524780273,5.180576658188876,4.993117332458496,5.530487005149779,5.389898777008057,5.557263787389115,5.357866287231445,6.6643886149900595,5.915676116943359,5.379057886532232,5.166863441467285,5.896784810687572,5.9212260246276855,5.177684501386877,4.747557163238525
train,123,5.464748226954343,5.233468826000507,4.850669873502312,4.538226127624512,5.621397919283149,4.69615364074707,4.405028022938121,4.094334602355957,6.102809183405135,5.995516300201416,4.426030324550007,5.170372009277344,5.4953346864309385,4.643681526184082,4.9436042990220885,4.337979793548584,5.77064697492076,5.673089504241943,5.87339160179447,5.660676002502441,7.1718034544869305,7.137072563171387,5.59309511412932,5.501818656921387,5.356566522320746,5.178438663482666,5.431348973622465,5.407735347747803
train,124,5.504493096295858,5.488834692881658,3.3305831686501595,3.728559255599976,5.536318713807479,5.145946025848389,5.314918491184007,4.857710361480713,5.988044618005806,5.790128231048584,4.683729712921449,5.4473419189453125,5.986819001148376,6.728346824645996,5.697934647667826,6.157440185546875,5.5001160572991665,5.159739971160889,5.8221383778174856,5.518735408782959,6.962342763741195,6.234559059143066,5.634846621401321,5.5299506187438965,5.661787325947823,5.604667663574219,5.438830752254044,5.451725482940674
train,125,4.766410780366394,4.976043426073515,4.695991755170873,5.052676677703857,5.182318311255176,5.73390007019043,3.84041887195529,4.065041542053223,5.838823769940499,6.331191062927246,0.2545431663434221,1.8561370372772217,4.919977455068473,4.768402099609375,4.827601318179569,4.597282409667969,5.550546903820007,5.634617328643799,5.736284809331148,5.874026775360107,6.066127845825026,5.402242183685303,4.9208831055723765,4.921910762786865,4.928611788432429,5.082621574401856,5.201211043868825,5.3685150146484375
train,126,5.415599368753725,5.585982726170467,5.718782202766752,6.597900390625,5.244655773310401,5.284028053283691,5.6151478630951255,5.255824089050293,5.2729275126530215,5.083498001098633,4.604462987883731,5.579577445983887,5.908529217061599,6.378727912902832,5.616601039904174,5.939358234405518,5.296134155392312,5.267014026641846,5.2185843099825435,5.238536357879639,6.810018319641391,7.076951026916504,5.1708873130413,4.945696830749512,5.497422042145303,5.584359645843506,4.428639056920767,4.386303424835205
train,127,5.500188984019909,5.2504966259002686,5.544041586773424,4.560189723968506,6.002960905800687,6.032604694366455,5.868171869508966,5.9205474853515625,6.381993705352938,6.381864547729492,3.4683714072595007,2.04323959350586,3.2483250661225394,3.75543999671936,4.744480213491994,4.888918876647949,5.919474871836202,5.738728046417236,6.1450816235267665,6.107421875,6.524366771452211,5.489173412322998,5.623023838682948,5.4299492835998535,6.2511628802511074,6.513606548309326,5.781002052199529,5.394772052764893
train,128,5.268169101771087,5.531904037182148,5.593527841612129,6.386459827423096,5.244525361507886,4.800906181335449,5.214212127262963,6.015259742736816,5.800981205553258,5.842191219329834,4.300140596119435,5.629854679107666,5.637688894294475,6.055182933807373,5.418653123812483,5.435364246368408,5.351823925152777,5.076678276062012,5.506080064959339,5.393741130828857,6.784826949013977,7.483547210693359,4.810233837958091,4.796361923217773,4.90772386693694,4.788577079772949,3.915780528840364,4.210628032684326
train,129,5.183595974786859,5.114644875893227,4.182920040837809,3.993977546691896,5.6247526377513095,6.077042102813721,4.8732700746667605,4.405641555786133,6.058209082102472,6.397871494293213,3.751844746110538,2.5049006938934326,4.790528574558335,4.368973255157471,4.348952372404327,4.264232635498047,5.571352334360792,5.652474403381348,5.813600200463844,5.966623306274414,6.614904889379333,7.055220127105713,4.663216646648292,4.83425760269165,5.625181144359977,5.353143215179443,5.468014928585362,5.616025447845459
train,130,5.380700288964539,5.506486379183256,5.932895999484673,6.638150691986084,5.252170556844019,5.494897842407227,6.156434439468043,6.387492656707764,5.663422757517736,5.764348030090332,4.267305733846099,5.521823406219482,4.62939742606226,4.154872417449951,5.136650843793265,5.039986610412598,5.2392596594835945,5.286116123199463,5.192323844446033,5.234175682067871,6.005700162453808,5.476996898651123,5.056862869491305,5.034037113189697,5.900533830986232,6.02403736114502,5.516145632661931,5.527388095855713
train,131,5.526291612187106,5.957377782234779,5.010685002183771,5.80906867980957,5.773798434000839,6.436429500579834,3.2276202016182807,3.875989198684693,6.112340897102292,6.489955902099609,4.659797732829754,4.679980278015137,6.34792493053399,7.63482141494751,6.000796700869788,6.98902702331543,5.936942915839053,6.191816806793213,5.9950055482392735,6.219409465789795,7.4180639110411155,8.104426383972168,5.795065366366773,5.568717002868652,4.676387091361433,4.929610252380371,4.887362226446009,4.516659259796143
train,132,5.5009688262470435,5.082580731465267,5.112852504201714,4.413697719573975,4.924998818467187,4.24168872833252,5.314081404227999,4.431280136108398,6.131874833882536,5.720302581787109,4.3304531194433915,3.178738832473755,5.282223230234238,4.453651428222656,4.78849653910628,4.2930755615234375,5.663501722914862,5.600865364074707,5.908923519928399,5.780411720275879,7.171659232967785,7.360507011413574,5.538197376230132,5.538668155670166,5.802909252176105,5.4826340675354,5.542423187430935,5.578028202056885
train,133,5.2759206552516345,5.319046313946064,5.317301944160538,4.70897388458252,5.632076022019971,6.305519104003906,4.905482219128788,4.592620372772217,6.029292494212482,6.36790943145752,4.290419537630951,5.412957668304443,5.461737058289931,5.325020790100098,5.229386071274953,4.7019476890563965,5.787498880755482,6.064590930938721,5.83730603364229,5.98814058303833,6.395464075547321,5.34297513961792,5.520596170544781,5.468704700469971,4.743940521220688,4.7456955909729,3.436467489843065,4.122546195983887
train,134,5.203730826093282,4.923890682367178,4.932831894092791,4.7680277824401855,5.636234895888163,5.153298854827881,3.762796730135695,4.0198845863342285,5.905844641567201,5.4663567543029785,3.9816133774072475,2.391764879226685,5.4872932809779895,4.624600887298584,5.459145864753238,4.869872570037842,5.8060854949781255,5.95463752746582,5.848069651945906,5.815938472747803,4.817629895789729,4.912967681884766,5.610123412187794,5.752771854400635,5.006824646407735,4.932290554046631,5.39400695308104,5.348166465759277
train,135,5.312390108416721,4.972090299312885,3.694972616646406,3.8103959560394287,5.625555062488894,5.658156394958496,5.155534521878421,4.549788475036621,5.975499107426722,5.788498401641846,3.835954891155138,2.204820156097412,5.308676687916029,4.740639686584473,5.037248871179237,4.486365795135498,5.615238446717647,5.678669452667236,5.812482082154466,5.613746643066406,6.370886152161003,5.651722431182861,5.525207269034873,5.528378009796143,5.67178502694225,5.381089210510254,5.43203067371628,5.54490327835083
train,136,4.638229544425014,4.92670344389402,5.286930603718268,5.917137145996094,5.0190944949908545,5.043018341064453,5.012069538845501,4.669155120849609,5.86297773962457,5.9141058921813965,-0.3770013896465505,1.8249038457870483,4.455193888336194,4.396827697753906,4.909949236342249,5.150026798248291,5.195371669608377,5.035243988037109,5.500439717747982,5.439111232757568,3.731632889319325,4.7838945388793945,4.894322642050793,4.925390720367432,5.4206569063166405,5.46488618850708,5.385346140270972,5.483443260192871
train,137,5.221095647295492,4.777031256602361,5.233127787895839,4.235694408416748,5.059863977114237,4.751755237579346,5.536951740631697,4.774657249450684,5.490125094334677,5.233566761016846,3.453463890293751,2.0835368633270264,5.40756114326266,5.060219764709473,5.158444835473565,4.630792617797852,5.05987771265862,4.939774990081787,5.289441310770966,5.222708702087402,6.22905816387866,5.450379371643066,5.066759580619438,4.889801025390625,5.548373856541949,5.506816387176514,5.341194321365329,5.32170295715332
train,138,5.576007889973227,5.449319784457867,5.621335738569185,4.950296878814697,6.011687287831642,6.093699932098389,5.858354349345646,5.077485084533691,6.32486319677433,6.2149658203125,4.513285388047854,5.202714920043945,3.269974208674323,3.748525381088257,4.459140217059853,4.450253009796143,5.8903416661214525,5.83129358291626,6.05933119622994,5.840117454528809,6.870367295448091,6.191337585449219,5.585190958817679,5.382484436035156,6.201923670795875,5.952121257781982,5.822307395936075,5.905861854553223
train,139,5.1081350398990235,4.83827004982875,4.7032746591998515,4.121966361999512,4.923079278390521,4.428781986236572,5.456915554638384,5.719143390655518,5.577282759946981,5.265981197357178,2.5631554623847297,1.992281556129456,5.0690512146511955,4.938169479370117,4.910292739827146,4.498353481292725,5.046298362494319,4.904692649841309,5.651645746859265,5.502066612243652,6.21879927117994,5.545866012573242,5.339940316755714,5.211484432220459,5.580134774320802,5.255604267120361,5.365885378038464,5.513119220733643
train,140,5.475559946460065,5.102373728385339,5.018028013150211,4.42227840423584,5.645562156061093,5.644887447357178,4.0366155232193055,4.015228748321533,6.002249183839199,5.853856086730957,4.508715769227867,3.674470186233521,5.675577807394548,4.481783866882324,5.58928238373263,4.832248687744141,5.730363967907669,5.477720737457275,5.812298401724833,5.550307273864746,7.040069899250977,6.521210670471191,5.637599458324227,5.480460166931152,5.098301322466271,5.056388378143311,5.387615417682013,5.320017814636231
train,141,5.167872917286754,5.222839227089516,5.2688345424671885,4.588603973388672,5.368226195161949,5.798393249511719,4.704250671225056,4.679448127746582,5.876900500261713,6.030707359313965,4.115380540063145,3.544260740280152,5.528842754207881,6.425167083740234,5.4151570442126715,5.881264686584473,5.303731554966684,4.99908971786499,5.745917478577942,5.80615234375,6.030196010702979,5.385435581207275,5.489341901446551,5.740716457366943,4.769926802690556,4.854948043823242,3.5656419287434753,4.162722587585449
train,142,5.0572267816871515,5.015156672551082,5.286475012556676,5.613559246063232,5.301214382179828,5.235410213470459,5.11171793688088,4.577792167663574,5.794369832682931,5.894211292266846,3.4001068169317152,2.208101749420166,5.408291592720615,5.987585544586182,5.382589252834628,5.695223331451416,4.85876239203205,4.806960105895996,5.513783781508738,5.38145112991333,4.812457811928203,4.959554195404053,5.275010662447666,5.403906345367432,5.228620380097341,5.082320213317871,4.370548307131693,4.350961208343506
train,143,5.33221771429483,4.806556151463435,5.527715898877735,5.165351867675781,5.543501535882064,5.115029335021973,5.311989358422496,4.660677909851074,5.176214314764026,5.0248308181762695,3.9638695460558937,2.283207893371582,5.05656149709619,4.279149532318115,5.254956463017213,4.764184474945068,5.591580399287806,5.391175270080566,5.703887392900498,5.590523719787598,6.352477264356434,5.425124168395996,5.411808544372281,5.126635551452637,5.489267735533493,5.107755184173584,4.935000335266649,4.551584243774414
train,144,5.419843920593372,4.95928193972661,5.257191298763662,5.286879062652588,5.297834647050157,4.533210754394531,4.270228134282204,4.033328533172607,5.9890674238465005,5.837502956390381,4.500697492621853,3.6559574604034415,5.8725989086988735,4.89183235168457,5.727753797446182,5.22819709777832,5.438714776526063,5.033760070800781,5.767351777485718,5.46085262298584,6.578437073560671,5.364599704742432,5.574098373782767,5.450253963470459,4.955525351104773,4.816935062408447,5.228471912544421,4.877355575561523
train,145,5.543145605039886,5.952231370485747,4.9928577148396975,5.4775071144104,5.745080926930029,6.276673316955566,3.1565200329810765,3.873107433319092,5.835198218606879,5.354714393615723,4.686699226402029,5.609218597412109,6.401526300270053,7.036310195922852,6.041382033393381,6.692845821380615,5.887645503109218,6.201164245605469,5.946686251147326,6.023936748504639,7.5003366523223365,8.148336410522461,5.840468221980272,6.274499416351318,4.7013928845823845,4.916210174560547,5.325098898953831,5.494483947753906
train,146,5.276861311398349,5.150994777679444,5.519069036433616,4.6838884353637695,5.228067733786422,5.342663288116455,5.626712874502565,4.672183036804199,5.587903269409589,5.688608169555664,4.412189326364931,5.381775379180908,5.331931048631208,4.587844371795654,5.351144898311592,5.138607501983643,5.188826999110176,5.092923641204834,5.127759682046551,5.175911903381348,5.144834613241479,4.963066101074219,5.104250482146597,5.232637882232666,5.662406651299642,5.603987216949463,5.314100432894164,5.398835182189941
train,147,5.153459494188534,5.291426695310153,5.170067787287991,4.996802806854248,5.375514226912655,5.982933044433594,4.495999559257926,4.186285018920898,5.2229190857339285,5.060754776000977,2.188215637430636,1.923478603363037,5.6866318049692,5.46308708190918,5.574639284767947,5.867171287536621,5.643203331454666,6.066047191619873,5.724043893160927,5.862433910369873,6.817615127346443,7.728199958801269,5.607111713319668,6.144623756408691,5.093425766317025,5.126022815704346,4.395586206491936,4.380706787109375
train,148,5.038869823493485,4.931557105137752,4.937322374818151,5.128347873687744,5.725274608182954,5.196589946746826,5.168999853994074,4.621880531311035,6.171440949100553,6.275412559509277,2.924193681194763,2.0527782440185547,4.022298498478937,4.066642761230469,4.236556920765053,4.308339595794678,5.642163111792595,5.341635704040527,5.817011050471075,5.734682559967041,4.099029052261379,4.794538021087647,5.289117721457542,5.1313018798828125,5.858574065358093,5.692175388336182,5.613325817540132,5.7659173011779785
train,149,5.533463476740427,5.274100743807279,4.608288683316516,4.04158878326416,5.352090963149618,4.543621063232422,4.282506597731984,4.074098110198975,5.705469364750456,5.236604690551758,4.450981586906754,2.353811740875244,6.2579073947236825,6.628946304321289,5.942429002594227,6.432332515716553,5.7131594221678155,5.392258644104004,5.902008558291347,5.827014446258545,7.338020398698566,7.827167987823486,5.757651345798911,5.588314056396484,5.235527046767739,5.138169288635254,5.388984832727936,5.479382038116455
train,150,5.4771912828635125,5.937332300039438,5.75055576811874,6.429027080535889,3.5862612688712163,3.976616382598877,5.262415327862282,4.549964904785156,6.034644970578817,6.426305770874023,4.602078409304048,6.018906593322754,6.018970716313625,7.618211269378662,5.823618988748061,7.00670051574707,5.402711647662429,5.631851673126221,5.844451535963734,6.060964107513428,6.835028540583542,7.69103193283081,5.487117004851178,5.323686599731445,5.2875649112579115,4.868459224700928,5.268067587110081,5.583593845367432
train,151,5.04776643577922,5.100791674393874,4.870341082597112,4.342798233032227,5.6753168889803005,5.930690765380859,4.956842598322825,5.12022066116333,5.846359247278296,5.416519641876221,4.015442765968638,5.147745132446289,4.960102330530397,4.84575080871582,4.79026670911677,4.473705768585205,5.698998428983912,5.979284763336182,5.733172224737411,5.738433837890625,4.12307753023866,4.767544269561768,5.387739452608666,5.38859748840332,5.016738286564544,4.778486251831055,4.546566119202327,4.380514144897461
train,152,5.127105423569144,5.498166927924523,5.691604496432965,7.471311092376709,5.158474123695561,5.302067756652832,5.30674215505896,5.871480464935303,5.05334691224412,4.98746395111084,3.631414730039921,2.944221019744873,5.42952383960708,6.267423629760742,5.359093560064105,6.161843299865723,5.369677210716224,5.430422306060791,5.4976719634802445,5.600975036621094,6.35458845746612,6.836495399475098,4.649431523396051,4.8429765701293945,5.336997123480973,5.575243949890137,3.813804410716545,4.184245586395264
train,153,5.3124404647050385,5.385987942035382,5.479058228603186,6.153942584991455,5.128915979065077,4.437723159790039,5.097905524556522,6.149198532104492,5.6502183405740025,5.265200138092041,4.336143291415221,5.674229621887207,5.747084844127229,5.985934257507324,5.5729931298825495,5.374651908874512,5.490556896730094,5.092013359069824,5.75758647888012,5.655169486999512,6.363596406609845,5.405799865722656,5.547029755738864,5.64144229888916,5.128832774391644,4.978597164154053,3.7618043905911493,4.2039408683776855
train,154,5.400135100675571,5.031752347946167,5.491225735756967,4.461211681365967,4.3973736911651296,4.168231964111328,5.504511226323595,4.714529514312744,5.525123614441637,5.175956726074219,3.202940974762525,2.014286756515503,5.460175556676099,4.437238693237305,5.513080722932779,4.865920543670654,5.496312547097388,5.540300369262695,5.801645189209305,5.772377014160156,7.009018617228975,7.562745571136475,5.546414576841379,5.327159404754639,5.814886567603704,5.722930908203125,5.439047288742929,5.649891376495361
train,155,5.0528595256177455,5.387985853048471,5.320180839983714,6.8755950927734375,5.287778470348085,5.63398551940918,4.991145300944644,5.020529747009277,5.809666315491354,5.966170310974121,3.8244404392028994,5.768138885498047,4.893626427161156,4.81926965713501,5.177217487683293,5.470675468444824,4.767993039053228,4.847449779510498,5.5431862097746345,5.481866836547852,5.500324492912985,5.180844783782959,5.220046618293118,5.438973903656006,4.218991745628329,4.5305585861206055,5.132576446553242,5.009757518768311
train,156,5.587434924722071,5.0795729893904475,5.592521725925549,4.939929962158203,4.652237262864481,4.209319591522217,4.690406920132861,4.161358833312988,6.148734466452911,6.150814056396484,4.474158191817331,2.4761979579925537,5.7582277093371275,4.451655864715576,5.783769054536711,5.166479587554932,5.691677751977096,5.597262859344482,5.945581389047479,5.737084865570068,7.281382149361839,6.8570098876953125,5.684762836541341,5.629377365112305,5.440219665396804,5.21195650100708,5.4929748979953965,5.446001529693604
train,157,5.418461819060013,5.245475769042969,5.264915533238344,4.281911849975586,5.56895508659804,5.149453639984131,5.459937250693212,4.481043815612793,5.997952957713696,5.973034381866455,4.363988697321899,5.467796325683594,4.46512383655336,4.082020282745361,5.119533803879329,4.907829761505127,5.587770941738291,5.508662223815918,5.729854822314565,5.549264907836914,6.542777607729115,7.112804889678955,5.429677638974651,5.264102458953857,5.414256593908004,4.926489353179932,5.495258877117665,5.486771106719971
train,158,5.537414113165283,5.923797717461221,5.769539083042321,6.599282264709473,5.856888858335914,6.368277549743652,5.945537811076537,6.722207069396973,6.273926416459769,6.857311248779297,4.340933156753994,4.264042377471924,3.384090600273756,3.80597734451294,4.8088126506677895,5.05767822265625,5.152517131551047,4.973277568817139,6.039289763915706,6.380459308624268,6.809947388846608,7.51446533203125,5.566389457747742,5.724189281463623,6.196349097811083,6.527297019958496,5.842162054666408,6.214905738830566
train,159,5.336665009946896,5.119541406631471,5.373986033320293,4.34386682510376,5.144933306254718,5.398307800292969,5.57613145357343,5.547197341918945,5.249193749074427,5.081748008728027,4.3243325377470665,2.916553258895874,5.755917170228866,6.270665645599365,5.5527439432124535,5.743113994598389,4.741071109641003,4.779232025146484,5.225096851420573,5.189327239990234,6.59857176973036,5.593058109283447,5.210708846086647,5.272754192352295,5.366666109643385,5.084104061126709,5.257292249376419,5.334109783172607
train,160,5.33659811411737,5.644763946533203,5.638764495380211,6.112586498260498,5.077146036586595,5.093292236328125,5.84641324162483,6.396759033203125,5.540614017609248,5.492629051208496,4.210940389281246,5.792056560516357,5.743664282613701,6.333381175994873,5.589430235443492,5.927436351776123,4.018570465568098,4.639332294464111,5.178231753015647,5.234010696411133,6.69716311581656,6.50685977935791,5.084546271074622,5.272365570068359,5.620190629244531,5.7692484855651855,5.1301005502670245,4.811973571777344
train,161,5.638268953740191,5.495572090148926,6.058621124253336,5.008183002471924,3.1843590292752033,3.919105052947998,5.972417390049175,5.462716579437256,6.107062426021534,5.967483997344971,4.628714734577339,5.548882961273193,6.180012039693221,5.642186641693115,5.878888497816148,4.994618892669678,5.227701552726754,5.061405658721924,5.841775155224421,5.762360095977783,7.275028632752391,7.539141178131103,5.496576865407277,5.255003452301025,6.006349760633726,6.142903804779053,5.439989190191963,5.138445854187012
train,162,5.5225390466308575,5.367383810190055,4.757826653772565,4.039465427398682,5.773396107407382,4.975561618804932,5.450579575980043,4.54142427444458,6.25712508813869,6.49595832824707,4.521260415906768,5.226423263549805,4.379033166981239,4.008477210998535,5.071689251423874,4.714434146881104,5.814110401552701,5.884779930114746,6.056113461907921,6.178708553314209,6.86944445838023,7.345873832702637,5.657936621642689,5.717174053192139,5.565913613486943,4.984606742858887,5.618578789620096,5.663102149963379
train,163,5.05981387956746,5.394900725438045,4.575330457182016,4.059173583984375,5.2298957559804125,5.949559211730957,4.877689413696915,4.831582546234131,5.830244980423525,5.752471923828125,3.865389584844624,5.58715295791626,5.260587394451083,6.755864143371582,5.2088602713036405,6.171730995178223,4.758333284366423,4.848733425140381,5.608983676528172,5.594579219818115,6.355537474509235,5.718000411987305,4.492028128322305,4.82071590423584,4.51192268078192,4.601166725158691,5.202777331986714,5.442978382110596
train,164,5.4394800139220285,5.122750318967379,3.5302002062620086,3.790168285369873,5.797041459400028,4.963405132293701,5.482032650437449,5.329071998596191,6.109494278116921,5.708755970001221,4.295392772138399,3.01113510131836,5.198691269874529,4.888415336608887,4.603868140844621,4.238887310028076,5.734731351638316,5.651742935180664,5.961343089483985,5.849619388580322,6.941445014855085,6.114526748657227,5.579243864723647,5.410460472106934,5.920717041220809,5.94463586807251,5.55903904199057,5.694929599761963
train,165,5.166410788220541,5.165469132936918,5.1399449194855285,5.559868812561035,5.287564382977792,5.417712211608887,4.885188092791551,4.4844183921813965,5.655722151942993,5.501194477081299,3.778662580385023,3.5867228507995605,5.164234541334827,4.58305549621582,5.327967558768667,5.255977630615234,4.391896336417183,4.751837730407715,5.686407554952569,5.733396053314209,6.377085427548824,6.906590461730957,5.4070963508474845,5.381041049957275,5.3628262008310585,5.446779727935791,4.69874414858353,4.542503833770752
train,166,5.289945649465913,5.544644575852614,5.608791848459926,6.321238994598389,5.692945430446814,5.907177448272705,5.664358804372554,6.502015113830566,6.034730161967948,5.727786064147949,4.282446579305891,5.463799953460693,3.6126202960436293,3.8892393112182617,4.745172249707438,4.915318965911865,5.659837741117615,5.567688465118408,5.734594997200919,5.525596618652344,4.668621076078534,4.927867412567139,5.345528808138371,5.172043323516846,6.069287646520278,6.308679103851318,5.650357803696957,5.8519287109375
train,167,5.274821539798647,5.240923624772292,5.639214704498289,5.978550434112549,5.288764082450912,5.511741638183594,5.194077429934958,4.541518211364746,5.078735461356677,4.96489143371582,2.8129005432496403,1.9512968063354488,5.840392688113397,6.26482629776001,5.631429958379256,5.724496841430664,5.512659246474317,5.42319393157959,5.518019547476792,5.417109489440918,7.0110610830924776,7.51005220413208,5.440833355492473,5.221035480499268,5.276713375066093,5.295336723327637,4.327878541797123,4.327957630157471
train,168,5.239740190096729,5.24033796787262,4.177454706306781,4.012665748596191,5.791428797500508,6.112908363342285,5.5395571387796165,5.927966117858887,6.09830325351075,5.750417232513428,2.2479751838166795,1.9157553911209104,4.956819632140417,5.078338623046875,4.402026934551194,4.208890914916992,5.230182512831278,4.958569049835205,5.876770014144195,5.870504856109619,6.974256084265657,7.309064388275146,5.447283196971148,5.4996771812438965,5.862117417817224,5.740238666534424,5.5124475986220265,5.739397048950195
train,169,5.293024000297059,5.386430887075571,4.728684089322869,5.150933742523193,5.950900959333017,5.9868364334106445,5.757359338340309,6.51215934753418,6.162584650867841,6.109904766082764,2.955507732925214,2.0031700134277344,4.219909132415656,4.142979145050049,3.6130093067150972,4.054381370544434,5.719863384204176,5.692847728729248,5.802712036619055,5.665098190307617,6.93215914873161,6.893085956573486,5.340495800012802,5.416072368621826,6.044681137662954,6.569170475006104,5.581445286711179,5.826961994171143
train,170,5.059931413836185,4.753428780115568,5.330692837589496,5.319530010223389,4.7833482986891065,4.345422267913818,5.209245530800636,4.571043968200684,5.594537009517805,5.226029396057129,1.6633021006169129,1.8999370336532595,5.310779374790878,4.87379789352417,5.151062443793715,4.678000926971436,5.3884834132198485,5.205012798309326,5.644036785839102,5.463656902313232,6.600497069121659,5.744538307189941,4.874146760289585,4.845749378204346,5.349269454207014,5.046317100524902,4.879707301394638,4.575538158416748
train,171,5.213005216454813,5.758380779853235,5.633978295801239,7.490321636199951,5.225771057567838,5.647134304046631,5.418356366238703,6.636191368103027,4.0903487508277765,4.753479957580566,4.206646697768672,5.847322940826416,5.708788704867591,6.379700660705566,5.563867538567139,6.160522937774658,5.29022159247436,5.39754581451416,5.2534578821343185,5.286810874938965,5.1566483051902186,4.928765296936035,5.359225780885823,5.47736930847168,5.639434053229549,5.880979537963867,5.22232278835934,4.972805500030518
train,172,4.852201807594352,4.881629925507766,5.06596826611355,4.734106540679932,5.029521027396388,5.346645832061768,4.691466519874401,4.6665940284729,5.324434935341966,5.225364685058594,2.4667158057746756,2.0210440158843994,5.118515916583313,5.095024108886719,5.21619352860059,5.515478610992432,4.423439159617139,4.767831802368164,5.5019715967723,5.553642272949219,4.577476684856111,4.935245990753174,5.203947671521175,5.136646747589111,5.261309126758255,5.298391819000244,5.1976632595167125,5.165172576904297
train,173,4.989289453004403,5.5084422551668615,4.948554220841227,5.91796875,5.624072254302359,6.265190124511719,4.060453921715087,4.070536613464356,6.028597736632778,6.451346397399902,4.161116904006692,5.953413963317871,5.174231902156409,5.697680950164795,5.271226214105854,5.939677715301514,5.57689036854277,5.309788703918457,5.753004078806561,5.960843563079834,4.0376077071874334,4.828012466430664,5.424087734055282,5.52593994140625,3.739543712202197,4.432091236114502,5.061376134502579,5.257258892059326
train,174,5.441065600215335,5.495788207420936,5.283630015173391,5.3430681228637695,5.821563860189658,6.290046215057373,4.560439413451545,4.149508953094482,6.092427786772301,5.800314903259277,4.4670675149662955,5.347615718841553,4.483609069386383,4.054988384246826,5.171676781704216,5.109678268432617,5.854239786951906,6.081535339355469,6.013857334157172,6.12382173538208,6.927497806901487,7.393328666687012,5.698104773020229,5.878440856933594,4.992818046390313,4.774453163146973,5.366920613734458,5.098446369171143
train,175,5.148789409043966,5.148220539093018,5.592025441267339,6.148601055145264,5.291388328402952,5.366071224212647,5.7924957372895465,6.305224895477295,5.749236266142238,5.7830491065979,2.0233041423102796,1.919454574584961,4.998330916920559,4.346858024597168,5.259803481375124,5.116862773895264,5.34158999470029,5.242160320281982,5.2881367419569605,5.2353196144104,5.303995349657567,5.0237531661987305,5.161626840301661,5.259045124053955,5.770992101646346,5.817060947418213,5.361336975600686,5.363406181335449
train,176,5.37727287098945,5.556494043423579,5.706782179754103,6.40127420425415,5.8447400517590244,5.277563571929932,5.9080046659811485,6.186155796051025,6.3750903195692885,6.522910118103027,1.4695385870444762,1.8817063570022583,3.369461582667342,3.7821223735809326,4.792920786151753,4.944113254547119,5.895974294058063,5.864415168762207,6.106874186473713,6.035202026367188,6.948962882907266,7.353093147277832,5.498388702586337,5.278953552246094,6.2015046223285015,6.51654577255249,5.786304461581834,6.190367221832275
train,177,5.142871468435264,5.095407596001258,5.082689597374377,4.915499687194824,5.458219155793754,5.871315956115723,5.2961704246105015,5.234466552734375,5.186332229114322,5.021819114685059,3.7556572633575356,3.258574962615967,4.87031592069182,4.90120267868042,4.380741894771803,4.269791126251221,5.401905116316064,5.432182312011719,5.55855108198046,5.623535633087158,6.689730097075763,7.220523357391357,4.642476303808161,4.793134689331055,5.429061691990943,5.017323970794678,5.105478312772939,4.680928707122803
train,178,5.673779703843301,5.937310732327975,5.891736881799312,6.462648391723633,6.103279752257546,6.360225200653076,6.062627349693814,6.513645648956299,6.414782294936699,6.49410343170166,4.69401666259564,5.323172569274902,2.918729587752058,3.703275680541992,4.651620684103154,4.937859058380127,5.9645114257915,5.987724304199219,6.159395956014989,6.021246910095215,6.946831995185523,7.366125106811523,5.688009184079738,5.686014175415039,6.349903352274735,6.16884183883667,5.913691023478192,6.160157203674316
train,179,5.437740084832739,4.976028167284452,5.498254719566619,5.161398887634277,5.417117316731902,4.614223957061768,5.271914807212391,4.464558124542236,6.176592721215445,6.308033466339111,4.165082711458679,2.642051219940185,4.385919347996051,3.9884731769561768,4.943149292994579,4.592829704284668,5.469308230333299,5.095785617828369,5.954427157947489,5.917253494262695,6.890293210505989,6.637556552886963,5.347785683268746,5.067088127136231,5.7310445523599345,5.31022834777832,5.439731351234476,4.888885498046875
train,180,5.39130883306521,5.494938593644362,4.793229366302792,4.971569538116455,5.872450110354821,6.492663860321045,4.159469961552791,3.99588680267334,6.1341681496830125,6.396565914154053,4.408126236234823,5.087602615356445,5.367331328298483,5.322039604187012,4.864795716470267,4.356528282165527,5.828812717793905,6.249843597412109,5.925414417549351,6.049044132232666,7.214227547814317,6.850006580352783,5.6072420465855375,5.623559951782227,4.614144352191843,4.620502948760986,5.297602879015784,5.4183878898620605
train,181,5.321330114453584,5.141839816020086,4.87034238713394,4.26754093170166,5.466916707618449,4.9755682945251465,3.972241723442118,3.9868013858795166,5.939101845498422,5.617481708526611,4.030131073590968,5.261176109313965,5.519219502179259,4.712375164031982,5.414424639258928,4.750477313995361,5.663411349965086,5.653421401977539,5.825481403124783,5.739024639129639,6.701944533491377,6.45658016204834,5.328816266372544,5.04117488861084,4.9986939106548895,4.909686088562012,5.446566145565821,5.472609519958496
train,182,5.411364717770047,5.295228261214036,5.300641005639454,4.4235687255859375,5.424334316751485,5.740208148956299,4.817604940799145,4.245773792266846,4.656656741914259,4.857836246490479,4.4674426481905485,5.473121166229248,5.9265578379877235,5.152492523193359,5.730710615687343,5.563847541809082,5.499393045617696,5.554239273071289,5.565203320780345,5.512182712554932,6.995556711908413,6.8778886795043945,5.593429147386961,5.660655498504639,5.253067516201551,4.990068435668945,5.1171434821456865,4.7860846519470215
train,183,5.3881266816392515,5.253902343603281,4.272547774927978,3.985816478729248,5.785017467303378,5.808232307434082,5.705785503680728,6.08129358291626,6.020239403864069,5.862228870391846,3.9061385520081076,2.197324514389038,5.000152771288068,4.896289348602295,4.333856569494742,4.169800758361816,5.604683281223705,5.55171012878418,5.687837480250264,5.516717910766602,6.935639133717178,7.075581073760986,5.363792060087652,5.264558792114258,5.934332236553866,6.282324314117432,5.495624626910525,5.608852386474609
train,184,5.386968179459048,5.191439298483043,5.074727352540025,5.022319793701172,5.644458321327054,5.619339466094971,5.797732681466074,5.0085225105285645,5.844528960493358,5.631743431091309,4.275430951538037,3.486048698425293,4.9562454937389955,5.033946990966797,4.2504921953266415,4.14667272567749,5.453576822026225,5.346222877502441,5.4307250181310085,5.332048416137695,6.918284624666564,7.06056022644043,5.172068864554402,5.011664867401123,5.859674497993778,5.779965877532959,5.35264054916546,5.009654998779297
train,185,5.361726077586445,5.2902715022747335,5.290761165440689,4.2155866622924805,3.828614116142679,4.054882526397705,5.7286242455279766,6.154257774353027,6.110619252038916,6.403972148895264,2.368188661744502,1.929595947265625,5.692674248990309,4.699678421020508,5.680109003649006,5.36299991607666,5.441541206173819,5.561429500579834,5.890197138756074,5.9506516456604,7.012553167864228,7.042355060577393,5.242114305735567,5.062666416168213,5.941691788666657,6.576787948608398,5.474750707893364,5.758665561676025
train,186,5.229838130243064,4.878201521359958,5.30081089580125,5.160106658935547,5.4284883892129265,5.447109222412109,5.434861132667564,4.5194621086120605,5.750445268086555,5.556253433227539,3.801664344226541,2.1462326049804688,5.324271118769744,5.285140037536621,4.981066207146941,4.46075439453125,5.417316119860402,5.362858772277832,5.333290229295666,5.23853063583374,5.435832505812868,5.045387268066406,5.190123537719743,5.262081146240234,5.554180213449939,5.284095764160156,5.035545731109691,4.648607730865479
train,187,5.452422030089954,5.423074575570914,5.483011126191657,4.388547897338867,5.143997864699205,5.217326641082764,5.8634312133966375,5.475314140319824,5.445958792880213,5.642590045928955,4.746446924318024,5.5239996910095215,5.83328928486814,5.120628356933594,5.563642218993277,5.386783123016357,5.120935633423452,5.2307000160217285,5.001693869038569,5.185665130615234,6.7093993190607675,7.012022018432617,5.096508759630707,5.074984550476074,5.678394396127638,5.84425163269043,5.194776988541109,5.397156238555908
train,188,5.475661230060465,5.185021583850567,4.364497080224763,3.8735406398773193,5.4337142728816294,5.1149091720581055,5.587022845527712,5.882998466491699,5.470573157591879,5.133340835571289,4.359159510663371,2.2842857837677,5.982960752613862,6.365699768066406,5.706841378700187,5.9023118019104,5.396384957488622,5.128350734710693,5.538843199870944,5.318613052368164,6.9712646307634065,6.572981834411621,5.480508225382353,5.403576374053955,5.692642427799285,5.589041233062744,5.199183551278022,4.835630893707275
train,189,5.2550173343543,5.652520766625038,4.365177753693222,5.000061988830566,6.0483209959546,6.441859722137451,5.531709003438139,6.447460651397705,6.181701649360689,6.528361797332764,3.849032994248633,4.907183647155762,4.088050550836971,4.879688262939453,3.102709175651531,3.975597381591797,5.748451066949283,6.004843711853027,5.8620578761347355,5.995355606079102,6.674643387036729,6.321903705596924,5.315854378704686,5.300683975219727,6.027875361073526,6.400521755218506,5.519641153523142,5.279247760772705
train,190,5.182815465632085,5.019367126318125,5.393289921455421,6.187487602233887,5.084227803858004,4.927447319030762,5.294851460750278,4.9339599609375,5.435798516111671,5.302696228027344,3.929295661567357,2.4403412342071533,5.208737476264337,4.556909084320068,5.2615944944744655,5.216753959655762,4.750784493407518,4.845869541168213,5.287631665794219,5.270517349243164,6.108130871764106,5.7321953773498535,4.823789376343934,4.828083515167236,5.586582084435361,5.521242618560791,5.211887226990428,5.488268852233887
train,191,5.220191559255371,5.316304060129019,5.6363900362428385,7.408135890960693,3.838765052759098,4.028628349304199,5.293198422168581,5.36819314956665,6.072277731880693,6.337637901306152,3.2597760867852026,2.0137481689453125,5.653296374390251,5.644337177276611,5.621165493000022,6.003625392913818,5.444935265171233,5.644314289093018,5.798667687948484,5.94871711730957,5.278734647135855,4.960425853729248,5.415835194774922,5.301340103149414,5.24055236760201,4.853987216949463,5.308895910460619,5.598862171173096
train,192,5.459914071232134,5.892361090733456,5.7572374552162655,7.858880519866943,4.573088196335448,4.19314432144165,5.554856831854767,6.513646125793457,5.997091418028789,5.97399377822876,4.400261500056859,5.941891193389893,5.9891661146308,6.222768306732178,5.803050855814082,6.37809944152832,4.901583006449052,4.804485321044922,5.781367665634326,5.760921478271484,7.013215930672622,7.915955543518066,5.469576871453847,5.367852210998535,5.510011854166677,5.371773719787598,4.228375225704205,4.2972822189331055
train,193,5.4287111124780445,5.536613170917218,5.04861674192222,5.196945667266846,6.053759637702461,6.384931564331055,5.580143435594057,5.61167573928833,6.274400435203021,6.494058609008789,4.303341865517209,5.094228267669678,3.8688620389187074,3.927277088165283,4.017634822479222,4.215652942657471,5.795308056932171,5.547835350036621,5.990426141247175,6.077333450317383,6.975566530432638,7.277897834777832,5.503522121648844,5.546002864837647,5.576971658228763,4.93399715423584,5.584690976388094,5.668134689331055
train,194,5.412063091091175,5.42934483748216,5.198199182747933,5.297939300537109,5.921112782141162,6.121017932891846,5.376108237306396,5.817042827606201,6.131327311730911,5.69822883605957,4.412447947332677,5.170876502990723,4.235923037362604,4.005215167999268,4.511022620513811,4.36090612411499,5.619509429137546,5.218968391418457,5.932606827574351,5.827352046966553,7.01892498982118,7.333415985107422,5.5171339208154295,5.491926670074463,5.04627552177167,4.695151329040527,5.436228375929611,5.5434417724609375
train,195,5.265211627561626,4.924977174172035,5.1624330415362,4.660756587982178,5.237442893831694,4.490736961364746,4.813875624194191,4.352114677429199,6.003839253161099,6.2443437576293945,4.056934672563541,2.3281939029693604,5.308354453013252,4.888209342956543,5.2385620470410945,4.786633014678955,5.284887719799384,4.985360622406006,5.8101630155219235,5.856900691986084,6.961039195957862,6.383026123046875,5.48059472611072,5.610214710235596,4.035986820214279,4.453181743621826,5.053637695355889,4.985031127929688
train,196,5.4069974569795685,4.989451243327214,3.963945091408184,3.8209362030029297,5.624046510123287,5.900977611541748,5.227234696104761,4.745720863342285,5.349798083555333,5.057580471038818,4.330436671571437,2.387385129928589,5.850465225559679,5.672686576843262,5.602175244847236,5.011448860168457,5.467416789570591,5.11757755279541,5.792788424542542,5.689179420471191,6.562240457242249,5.437139987945557,5.645093606386208,5.507824420928955,5.496285756802178,5.081818103790283,5.379040383020705,5.432590961456299
train,197,5.275551926652571,4.980419287314782,5.512566637936311,4.526946067810059,4.804072463952615,4.422922134399414,5.719143884142906,5.65178108215332,5.655777257361082,5.661074161529541,4.076570124646401,3.317152261734009,5.188533180606254,4.762820720672607,4.801372071083153,4.399789333343506,5.20093149288566,5.221259593963623,5.239613247646201,5.213143348693848,6.544100489242036,5.79112720489502,4.858189700130422,4.7984490394592285,5.613492151582993,5.572168827056885,5.367812345267383,5.406816959381104
train,198,5.121195326286752,5.206969554607685,4.897402167306538,5.197286128997803,5.481213321983461,4.845714569091797,3.5140237311785856,3.970313549041748,6.0527910166842895,5.981581687927246,4.013343040342178,5.508021354675293,5.615535045286863,5.342557430267334,5.5251785714757045,5.070844650268555,5.635286890926074,5.223508358001709,5.813450564788334,5.844933986663818,4.110435351297911,4.8067169189453125,5.543238446380779,5.483545303344727,4.957620878499368,5.063196182250977,5.416020215577682,5.352384090423584
train,199,5.345338521138491,5.577325490804819,4.675048538070024,5.136805534362793,6.029026474945411,6.235762596130371,5.718265427818953,6.311363220214844,6.217168914629477,6.453987121582031,3.9711048955964117,4.918102264404297,4.037961308630665,4.067522048950195,3.4807627430016943,4.048027992248535,5.500215987314418,5.118582248687744,5.89533782779741,6.002788543701172,6.894965169376164,7.175682067871094,5.371568137122673,5.467861652374268,6.069271881198819,6.067764759063721,5.628703469298257,5.500981330871582
train,200,5.294193620325751,4.981486100416917,5.231698761261091,5.14443826675415,5.323624736917556,4.826246738433838,4.370558550157246,4.0710978507995605,5.730374668007711,5.3939080238342285,4.211422077594497,4.044768333435059,5.748585157130642,5.501044273376465,5.553536228900522,5.007711887359619,5.425412876020723,5.093419551849365,5.547582139957781,5.329307556152344,5.928434620286055,5.091700553894043,5.41715561974299,5.350211143493652,5.156237237331458,5.107831954956055,5.179894390926481,4.797633171081543
train,201,5.186911736914613,5.27765663770529,5.375118390595281,6.249311923980713,5.187852644254127,4.444407939910889,5.124409765782317,4.926215171813965,6.176116591310881,6.420531272888184,1.034723673546559,1.847023129463196,5.145823089522876,4.471962928771973,5.4111646009889,5.21245002746582,5.701082869068945,5.799186706542969,5.933840906386057,6.040916442871094,7.198987198822876,7.703729152679443,5.5214968828549695,5.422813415527344,4.4287802416376305,4.551976680755615,5.190455725118541,5.519011497497559
train,202,5.347934846648613,5.150389304527869,4.939495318458535,4.237787246704102,5.642646620426302,5.899332046508789,5.258940239290992,4.788266658782959,6.066018031041168,6.346368312835693,4.290106723041186,4.013040542602539,4.839413861987034,4.250637531280518,5.141035715834985,4.754419326782227,4.881429657685997,4.861445426940918,5.8515309114168135,5.931478977203369,6.905221339285596,6.763111591339111,5.297602643505379,5.089569091796875,5.033500302204821,4.758458137512207,5.376211642253162,5.261146068572998
train,203,5.48325185628519,5.62319249373216,5.851225350915109,5.984907627105713,5.108887688425415,5.392856121063232,6.023704689850531,6.150088310241699,5.399454383722088,5.590419769287109,4.7992924640901276,5.627928256988525,5.91483562936879,6.264290809631348,5.592294187942782,5.480181694030762,5.063750325923514,5.236075401306152,4.883929072474155,5.08212947845459,6.922271988099699,6.652924537658691,5.018110854858508,5.157150268554688,5.5249325923081525,5.177479267120361,5.179584903728604,5.305070877075195
train,204,5.353940217366481,4.941437867971568,5.259620066176951,4.317138195037842,5.2205426171975295,4.7527947425842285,5.560958003416655,4.6941237449646,5.653335282987333,5.312907695770264,3.8633084840616143,2.3668503761291504,5.372148381612628,4.553642272949219,5.513344888614279,5.213816642761231,4.6063464437943615,4.766032695770264,5.595499128045843,5.485684871673584,6.721990945915255,7.022183895111084,5.360788060233753,5.4154052734375,5.66670104308448,5.601137161254883,5.206639480623566,4.736974716186523
train,205,5.641462884075241,5.35276198387146,6.093487681213025,6.176573753356934,3.344672320788368,3.9412243366241455,5.774091428526164,4.775112628936768,6.029565756405764,5.566081523895264,4.61922456023697,2.9131174087524414,6.30184268063848,6.530587196350098,6.037889297356612,6.002806663513184,5.370047410956572,5.203178405761719,5.866423508852196,5.793672561645508,7.265868885977464,6.488200664520264,5.582773051465829,5.786585330963135,5.871194080758777,5.687711238861084,5.181936829801901,4.7210540771484375
train,206,5.395206691208717,5.266261522586529,5.912649705343954,5.589229106903076,3.608982595423244,4.008102416992188,5.617628112366481,6.327911376953125,5.613930773273841,5.216530799865723,3.4140257370133735,2.029496431350708,5.771496496287275,5.400975227355957,5.48965578635161,4.7348456382751465,5.358070497628781,5.492382049560547,5.724879929090188,5.749972343444824,7.039231572442287,7.330021858215332,5.428200433147492,5.225074291229248,5.718510376062666,5.71218204498291,5.440424971282123,5.644676208496094
train,207,5.492130594547892,5.727904393122747,5.610777845741929,4.953140258789063,4.224269722882203,4.063806056976318,5.136566960612427,4.313103675842285,6.092257174431261,6.307094097137451,4.679008238835382,5.816768169403076,5.945620106857646,7.498038291931152,5.780403819802363,6.859316349029541,5.479238141991963,5.335052490234375,5.866944922995514,5.983605861663818,7.2713198085106745,8.01688003540039,5.479075004847247,5.274675369262695,4.610107167475993,4.580812931060791,5.222108814137996,5.460463523864746
train,208,5.278051308156824,5.5625254190885105,4.697795504387877,5.139299392700195,5.758741697689593,5.814373016357422,5.540842478871667,6.39250373840332,5.926604480914955,5.846623420715332,4.086232319500142,4.93055534362793,4.575092023058688,4.988345146179199,3.7906699155075962,4.069606781005859,5.54205358915333,5.514239311218262,5.587215861002237,5.473201751708984,6.535587530263944,6.833381652832031,5.257987020761843,5.332393646240234,5.9099908358779984,6.313594341278076,5.405853749048834,5.664712905883789
train,209,5.133515699128814,5.313656513507549,5.416289601289303,4.757841110229492,5.336719929165725,5.195563316345215,5.317945617624477,4.836373805999756,5.740974003287462,5.557421684265137,4.228983561670172,5.583342552185059,5.500460772469046,6.611239910125732,5.397106167689968,6.043596267700195,5.454334473931171,5.328853130340576,5.354104276663843,5.264290809631348,4.095420230038261,4.787973880767822,5.219323795878069,5.315428256988525,5.438994102614072,5.502066135406494,4.235047556352997,4.293543815612793
train,210,5.622634732907597,5.629430532455445,4.009417086023456,3.829089879989624,4.979136779807441,4.285812377929688,4.97330758002457,4.312943458557129,6.1769347505079315,6.448561191558838,4.808966138537831,5.466246604919434,6.258327239534517,5.784345626831055,5.949832037980002,6.103146076202393,5.720178224288831,5.841799736022949,6.036732637486935,6.23178768157959,7.272461868078096,7.763936519622803,5.786469154123538,6.093575477600098,5.643580861278279,5.4229583740234375,5.478907170127339,5.59839391708374
train,211,5.46857176717635,4.933682166613066,5.141326075610375,4.6909003257751465,5.257120989658521,4.485211849212647,3.8638401439089174,3.975364208221436,5.960799773173715,5.520882606506348,4.407914198101976,2.930327177047729,6.016558469925256,5.213114738464356,5.652291132292967,4.770622253417969,5.752453693313089,5.579472064971924,5.879072213835894,5.636181354522705,7.174421533860237,5.735686302185059,5.6831714675768215,5.608154773712158,4.977921789398638,5.0011982917785645,5.324541492636126,4.990752220153809
train,212,5.303400029358846,5.075303829633273,4.391769107535284,3.971222400665283,5.491077170947074,5.706650257110596,5.382760301897464,4.65459680557251,5.949601581137611,5.965755462646484,2.855349450456552,1.963699579238892,5.6886784233719645,5.272273540496826,5.449793170657257,4.756625175476074,4.615148868748144,4.753420829772949,5.719313615493597,5.586988925933838,6.981715745214248,7.376490116119385,5.44297758783426,5.463526725769043,5.6104013090487,5.37757682800293,5.365614049322827,5.130123138427734
train,213,5.369925936935843,5.264764015491194,5.43260147608836,4.595373630523682,5.524042051233123,5.510548114776611,5.385474131232204,5.520384788513184,5.37666761344613,5.080668449401856,4.305955235203778,5.276336669921875,5.621874701900806,5.0853376388549805,5.313724042298136,4.641459465026856,5.6116739716945485,5.52878999710083,5.640783663583633,5.4773149490356445,6.84090072513981,6.741512298583984,5.44584369378137,5.175268650054932,5.431870848523959,5.591162204742432,3.87762502604009,4.217775344848633
train,214,5.278976645012233,4.916725580508893,5.408226444001669,4.549870491027832,5.3235272557537945,5.586367607116699,5.352460379744618,4.9138503074646,4.535800367660719,4.8503947257995605,4.07773479710258,2.792950391769409,5.5554395884247025,4.814715385437012,5.497905687337852,5.0541605949401855,4.942413475979299,4.869331359863281,5.477577023174752,5.462575435638428,6.3570484940462135,5.414200305938721,5.326969873489448,5.078217029571533,5.433704154869358,5.077177047729492,5.337888843574023,5.453621864318848
train,215,5.360172034159828,5.386073754383967,5.006026781941262,5.093480110168457,5.871585968080119,5.416059970855713,5.496880985580149,4.7806172370910645,5.901686669536614,5.443457126617432,4.037808144278981,5.03870153427124,3.8469172996074894,3.929661989212036,4.017840880303515,4.221399307250977,5.7605940284563015,5.906030178070068,5.9124680926941044,5.857247352600098,6.746684445806603,7.13323974609375,5.500593666518652,5.606564998626709,5.98078577353504,5.82649040222168,5.602363707738936,5.7660088539123535
train,216,5.391185984071794,5.281318224393405,3.8751956217960912,3.814728021621704,5.786218974449392,6.3347368240356445,5.290959039314818,5.720529556274414,6.133616129508522,6.490154266357422,4.24726316855863,2.781996965408325,5.310619244070925,4.883570671081543,4.8122592369296,4.3442158699035645,5.764860323628059,5.726000785827637,5.947328265830354,6.063558101654053,6.920503777042619,7.338719367980957,5.539924073829621,5.23087215423584,5.6270785822221265,5.468301773071289,4.829591355752561,4.459752559661865
train,217,5.550427555769827,5.939222537554228,3.4894679390706793,3.745542764663696,5.628062125254466,5.077492713928223,5.362363257548134,6.154898643493652,5.3389656085192705,5.062333106994629,4.751372982682529,5.747181415557861,6.124194083495491,7.004570960998535,5.817860414985944,6.610246658325195,5.646720353415088,5.923146724700928,5.868727168727099,5.924096584320068,7.1248221405964705,8.02356243133545,5.761799685101991,6.159089088439941,5.806439699065344,6.196145057678223,5.43476276654524,5.581586837768555
train,218,5.329392147283388,5.080042637311495,3.722692252886647,3.823155403137207,5.660813331624482,6.222023010253906,4.844395529786206,4.438408851623535,6.063338962486791,5.861325740814209,3.075128284773841,1.971550226211548,5.507831740732759,4.562396049499512,5.503613572884641,5.094458103179932,5.75127534420682,5.904611587524414,5.978516152808667,5.890111446380615,6.70331989063788,6.645567417144775,5.645078248485852,5.346179485321045,5.5400617907239385,5.308969497680664,5.286032812645512,4.971797466278076
train,219,5.529009163675226,5.515955741588886,5.111001043083783,4.584572792053223,5.87370985705868,6.385249614715576,4.116993486958552,4.058259963989258,6.154753904633254,5.882463455200195,4.670293130162775,5.4091410636901855,5.105240914408311,4.16380500793457,5.484098199617406,5.171646595001221,5.912496079000791,6.194613456726074,6.048678022095637,6.188305377960205,7.106782806381441,7.460816383361816,5.782572250307734,5.952318668365479,5.072280769521742,4.858794212341309,5.438218664547823,5.397438049316406
train,220,5.574498923245247,5.317405902422392,5.846071160962033,5.989617824554443,5.171047201419985,4.390227794647217,5.777767124965286,4.816200733184815,6.343675365939105,6.404422283172607,3.444100316913027,2.0222928524017334,4.203790567230331,3.9109935760498047,5.186910588221498,5.061378002166748,5.823765397560609,5.896002769470215,6.104464932670187,6.234213829040527,7.119604956070952,7.551061630249023,5.68004567455807,5.8396501541137695,6.105931042911202,5.821027755737305,5.661311672765912,5.189187526702881
train,221,5.2745685485220815,5.251096872182993,4.687923127314054,4.34671688079834,5.756061249632553,5.10393762588501,5.365607529455506,5.4170756340026855,5.994382988820723,5.705030918121338,3.998700113292075,5.100253105163574,4.368569728447577,4.153053283691406,4.120545457016715,4.212343215942383,5.707170971867981,5.549075603485107,5.867755465554969,5.79637336730957,6.511304209161313,7.058890342712402,5.4690610278163385,5.508371353149414,5.796180712234187,5.748661994934082,4.926128550173062,4.564476013183594
train,222,5.600824696810107,6.054345736136804,6.108931784680305,7.176268100738525,3.0194485748703497,3.897209882736206,5.833717507603445,6.887978553771973,6.082643039326985,6.327657222747803,4.62973271712785,6.150622367858887,6.227836643744393,6.754069805145264,5.979636432799441,6.236223220825195,5.3463124825868595,5.4883646965026855,5.843414202418053,5.880116939544678,7.052647935654657,7.548749923706055,5.469513884625464,5.255471229553223,5.9525385115197444,6.2059855461120605,5.2643473415738455,4.897777080535889
train,223,5.427845537751098,5.7078226162837105,5.285889116780824,5.679417610168457,5.535622197630733,5.86353874206543,3.9212553779998833,3.946519374847412,5.9529120884045925,5.828444480895996,4.365872678007734,5.636971473693848,6.030139825719351,7.003219604492188,5.809155389773518,6.504044055938721,5.736044548164521,5.599884033203125,5.767303434616208,5.591666221618652,7.0181487227343915,7.598355770111084,5.603422343779751,5.579805374145508,4.834356470705945,4.963210105895996,4.701869796446821,4.406617164611816
train,224,4.953340908312713,5.286468689258283,4.969402927455504,5.398396968841553,5.619944365160281,6.160666465759277,4.692797755755485,5.817794799804688,5.876966151549594,5.514094829559326,3.9706789425003226,5.322299003601074,4.860836240227959,5.385011672973633,4.8105820812189455,4.5829668045043945,5.649398364392849,5.863615989685059,5.699489402693869,5.719616413116455,4.000087515593262,4.758363723754883,5.30319777396696,5.226824760437012,4.287558735617577,4.513316631317139,4.652491551932651,4.461124897003174
train,225,4.830233968546539,5.014853074000433,5.159000279460699,5.47501277923584,5.164751855996412,4.897958755493164,5.01617183982295,4.770922660827637,4.9575897116186525,4.9516119956970215,0.007723245467623485,1.82230281829834,5.383554579417931,6.303162574768066,5.419201938335585,5.716688632965088,5.166010652124859,4.951360702514648,5.548664152501899,5.552104473114014,4.914122081754991,4.906848430633545,5.361617022852674,5.217442035675049,5.463960920707058,5.320284843444824,5.230673311043661,5.307389259338379
train,226,5.440902603208417,5.161886325249306,5.09549133759625,5.045462131500244,5.022450745920447,4.310206413269043,4.426276170800917,4.09850025177002,6.073022915740061,6.092175006866455,4.359652292564927,5.172472953796387,5.706737376391589,5.097616195678711,5.2601284393622665,4.484179973602295,5.673616570167068,5.426341533660889,5.873258019494668,5.636017799377441,6.891279596048266,5.611613750457764,5.597919412150781,5.494913101196289,5.3408004575865,5.1902384757995605,5.411100507885664,5.444784641265869
train,227,5.174902058170363,4.91921116755559,5.062784172921704,4.241272926330566,5.156992444943958,4.609585285186768,5.0101837906416415,4.409942150115967,5.173836560582435,5.017391204833984,4.1453442638421985,3.104917526245117,5.630004378595008,5.773363590240479,5.519724290679978,5.720613956451416,5.431685458459234,5.352195739746094,5.4576480342169855,5.312908172607422,4.48844609298361,4.810103416442871,5.333527681153615,5.088100910186768,5.521640888177926,5.351899147033691,5.341908699016423,5.157451152801514
train,228,5.153670161668219,5.4160948900076065,4.533449998224069,5.106696605682373,5.928685934862057,6.372750759124756,5.5600283784993945,6.319029331207275,6.179626317318903,6.507830619812012,2.0472035655678553,1.903975009918213,4.192643289112026,4.308053970336914,3.4914502866100348,4.039121627807617,5.771671772414878,6.088293552398682,5.886066624042109,6.058289051055908,6.806968632499785,7.158002853393555,5.371204200746096,5.608011722564697,5.9249343381783035,6.136529445648193,5.303778763611331,4.802649021148682
train,229,5.2736192389806735,5.332706378056453,5.551735353909373,6.939610481262207,5.343197440769111,5.532644748687744,5.567693294337833,6.019924163818359,5.740456105319608,5.750133514404297,2.25815923775785,1.873727321624756,5.494353296390332,4.708277702331543,5.479629815462949,5.3641862869262695,5.375800071506417,5.337197303771973,5.3459425943588785,5.286413669586182,7.026740996227864,7.149831295013428,5.255345940540248,5.3167924880981445,4.964573271024663,4.718199253082275,5.153422689143634,5.328244686126709
train,230,5.490329262070435,5.555266838807325,4.093585853748936,3.938359498977661,5.777836034200852,6.47410774230957,3.7173367548545744,3.973922729492188,6.130739353695627,6.498449325561523,4.607619209229909,5.42323637008667,6.174162996828669,6.0184760093688965,5.871774636238219,5.430098533630371,5.8747401324855435,6.320805549621582,6.011274917200794,6.13651704788208,6.863519404956234,5.462368011474609,5.807694168533804,5.9071197509765625,5.040888793839603,5.082637310028076,5.403108151102882,5.552371025085449
train,231,5.309452240972498,5.509172256176289,5.603820918933356,7.030079364776611,5.2790715059219515,5.608922004699707,5.3902607583194495,6.158549785614014,4.766120102470166,4.881078243255615,4.480805320727013,4.293104648590088,5.72646228524215,6.523976802825928,5.551339167615831,6.144949436187744,5.2872323621221655,5.303317070007324,5.252724870133636,5.201640605926514,6.172453089790567,5.195467948913574,5.290801948459629,5.169262409210205,5.05519183129062,4.778803825378418,5.166594971615944,5.330087184906006
train,232,5.183933820918085,5.255817715938275,5.550935512239571,5.502832412719727,5.430625201804662,5.556247234344482,5.7075524543524345,6.591684341430664,6.029961424484178,6.0515313148498535,2.2596105985598665,1.972350716590881,4.13229857531975,4.008067607879639,4.926799522642964,4.983384609222412,4.823581855817206,4.878246307373047,5.723922814747342,5.613946914672852,6.599551126942639,6.135725975036621,4.6534794806169195,4.881063938140869,5.957266503439405,6.484925270080566,5.5955546009681765,5.665623664855957
train,233,5.382138662478372,5.338685842660757,4.401193803027264,4.034206867218018,4.989722699759543,4.387032508850098,4.2004342736884235,4.094069004058838,5.974980139533304,6.309581756591797,4.268354022311986,5.406502723693848,5.817636390122112,5.001986503601074,5.673940272927183,5.529897212982178,5.657569884021225,5.488137245178223,5.936102558818815,5.991499423980713,6.8747108513858155,7.470646381378174,5.656659305771256,5.335002422332764,5.226361099037156,5.167529106140137,5.2901373118147434,5.186824798583984
train,234,5.453616957237186,5.0097164924328155,5.221471214759349,4.329438209533691,5.764547590268973,5.88670825958252,5.33064346754901,5.2311835289001465,5.99726124323747,5.530064582824707,4.564283928558972,2.7671453952789307,4.707801234305479,4.131006717681885,5.17846016266656,4.827371597290039,5.621484599580365,5.274241924285889,5.824220442347874,5.527488708496094,6.995742985141667,6.252150058746338,5.524850486558855,5.265810489654541,4.82933353740833,4.64502477645874,5.336919551700516,5.458680152893066
train,235,5.29475571413519,5.199401617050171,5.231081914411906,5.668350696563721,4.956228571459117,4.389921188354492,3.859643495399797,3.980043172836304,6.027708058066879,6.126288414001465,2.9287662051033605,1.9551024436950684,6.02229771687726,6.383660793304443,5.765841460817521,6.050153732299805,5.627110598901071,5.53373908996582,5.827680374257878,5.661907196044922,7.1251582772724324,6.418753623962402,5.124456764100036,4.939540863037109,4.984777767930008,5.045766830444336,5.351073079160209,5.438992977142334
train,236,5.384303694421923,5.195423227090101,5.031152253473786,4.166162490844727,5.644631168440829,4.891219139099121,5.7600692087432295,5.483946323394775,6.101592279833152,5.569667816162109,1.5654698750836995,1.8942168951034544,4.516755213561567,4.011224746704102,5.2433445866980035,4.9785261154174805,5.789807150654129,5.656174182891846,5.979961823317104,5.74905252456665,7.07691330954203,7.4641265869140625,5.636432155935139,5.594460487365723,6.028202409047345,6.248054504394531,5.621616593154976,5.833670139312744
train,237,5.4967255308955805,5.799081563949586,2.7058020774293503,3.6796133518218994,5.76939275702313,6.322625160217285,4.976134809804587,4.693508625030518,6.114498180932354,6.309243679046631,4.740526196544415,5.684506893157959,6.034138103396213,6.556742191314697,5.737128238409127,6.324742317199707,5.66308887772552,5.371756076812744,6.043702190946757,6.115052223205566,6.788084434149408,7.639638900756836,5.744122165566121,5.40205192565918,5.73405795255853,5.759052753448486,5.406755917157028,5.529526233673096
train,238,5.490913642913748,5.919422388076782,4.957449330218496,5.299075126647949,5.692875129128849,5.596675872802734,3.0794050678455385,3.85369610786438,6.083288428451979,6.327463626861572,4.473823445519963,5.622583866119385,6.263641538586619,7.438841342926025,5.98645536341116,6.953099250793457,5.784062414898633,5.327580451965332,5.960318089012673,6.112815856933594,7.296690113494019,8.046326637268066,5.78208695869895,5.947885513305664,4.646629189356043,4.911129951477051,5.3751522892558015,5.515317440032959
train,239,5.36487810864151,5.059099765924308,4.112740034996767,3.8700473308563232,5.740122967971606,5.032840251922607,4.954258688076384,4.521413326263428,6.143187350651761,6.243908405303955,3.7825060377093265,2.026909351348877,5.550174628274658,5.09210729598999,5.320196590355118,4.690558433532715,5.732832043926175,5.577586650848389,5.960125523263963,6.068460941314697,7.165001696897256,7.734513759613037,5.6330241671799115,5.471090793609619,4.51350843788363,4.5440521240234375,5.135737245153078,4.894808292388916
train,240,5.297588093161112,5.506106009850136,5.621315067096342,6.157205581665039,5.039972291206669,5.3568220138549805,5.639670591761146,5.031589031219482,5.376006909444361,5.557225227355957,4.410942240150812,5.673738956451416,5.58479160723776,5.984348773956299,5.411244795134047,5.84912109375,5.070245466412322,5.373744010925293,4.970768778997963,5.168059349060059,6.36080745438714,6.06370210647583,5.0294891575986735,5.109477519989014,5.254176301960952,4.966803073883057,5.099214549706267,5.287541389465332
train,241,5.380596449219469,5.525696662756113,5.5602564472476494,6.482175827026367,5.735059821848878,6.2196855545043945,5.767877904064681,6.782663345336914,6.163542559539613,6.732915878295898,3.692560974359571,2.2444207668304443,3.501957183131485,3.855712890625,4.780273664225691,4.974841594696045,5.047742968963251,4.94049072265625,5.978610532485839,6.1970391273498535,6.493029126493028,5.920212745666504,5.478501134199884,5.343300819396973,6.088074894102171,6.725865840911865,5.660266629191358,5.414731502532959
train,242,5.202839929624188,5.401068164752081,5.325411909865211,5.609898090362549,5.536417986672045,6.276614189147949,4.50274579661915,4.111865520477295,6.029171902862514,6.445742607116699,2.8972461822592317,1.9646981954574585,5.559726174824523,5.802512168884277,5.498813113478722,5.578797340393066,5.744596901372212,6.066964149475098,5.8417589847170746,6.149731159210205,6.9326375353126615,8.020036697387695,5.493283971089224,5.408435344696045,4.162014826857712,4.5209150314331055,4.113093799184155,4.257675647735596
train,243,5.459014604463203,5.341662150162917,3.704117856722937,3.756375312805176,5.757553947202536,5.482794761657715,5.226617990071855,4.947601318359375,6.133645165623417,6.561128616333008,4.561538939138897,5.2890825271606445,5.813845907559932,5.564194202423096,5.463408508878165,4.758359432220459,5.79033353214741,5.925838947296143,5.986797513121398,6.057215213775635,6.8870056282309475,5.932955741882324,5.540771225469262,5.158548355102539,5.609758757704911,5.648903846740723,4.4917948861499735,4.358609676361084
train,244,5.231835221069262,4.994082230788011,4.431200780647631,4.184356212615967,5.718377200046456,6.016538619995117,4.742659228371041,4.236485958099365,5.9801823495567925,6.085881233215332,3.925046389995234,2.979827880859375,4.971142611361611,5.130877494812012,4.470107263514904,4.265852451324463,5.697470596621551,5.7786545753479,5.795310421215315,5.617089748382568,6.394767918558616,5.405881404876709,5.469847246782542,5.514796257019043,5.326238153579411,5.011908054351807,5.091507713649298,4.694919109344482
train,245,5.49640899891068,5.183573704499466,5.770300333438612,5.4499359130859375,4.969882103673646,4.476955413818359,5.967814308593853,4.919561386108398,5.459362915268924,5.268488883972168,4.688586428523003,3.6801445484161377,5.8367887165679475,5.149721622467041,5.45169395552076,4.73003625869751,5.154206443333199,5.148219108581543,5.065602828398316,5.172192096710205,6.980088253557354,7.14341402053833,5.114934784962309,5.175151348114014,5.722603187913039,5.703052043914795,5.271452726087872,5.369585514068604
train,246,5.36239375153918,5.13984856238732,4.869942343284135,4.071963310241699,4.945997384772203,4.39108419418335,5.356360629337911,4.888641357421875,4.75266869027309,4.899617671966553,4.191852731873104,3.271212577819824,5.6655874526241305,4.918762683868408,5.43046961994453,4.765859127044678,5.422755538502849,5.596029758453369,5.625930868548422,5.6725754737854,6.856413029051678,7.323268413543701,5.565816887190362,5.714392185211182,5.705622610429259,5.752376556396484,5.321700984177661,5.552248001098633
train,247,5.417957835851166,5.323499386127179,5.6463089223200456,5.9207048416137695,5.0472311284825695,4.469282150268555,5.557202750840455,4.745197772979736,5.461550612423335,5.183468341827393,4.228610555561213,5.410195350646973,4.9018785954990935,4.188157081604004,5.33895487067579,5.09023904800415,4.98538295279545,4.875802040100098,5.678786237286871,5.511965274810791,6.816961544237901,6.990320682525635,5.465353352903524,5.448548316955566,5.809679012809967,5.734634876251221,5.495551330228948,5.63697624206543
train,248,4.960342445977172,5.34416048343365,5.034526189727791,5.27329683303833,5.62752394861391,6.1710205078125,5.434887660854166,5.348536491394043,6.10383108384871,6.46696662902832,3.4720863319226587,5.1094160079956055,3.6212818575576855,4.01710844039917,4.017675353126416,4.315019607543945,5.184789337906556,5.031914710998535,5.731832739789774,5.901890754699707,3.6247104691017746,4.810870170593262,4.991546773368251,5.00031042098999,5.955255490496078,6.094645023345947,5.684504561389455,5.933090686798096
train,249,5.0037293337628155,5.373235482435961,5.58097328413484,7.285429954528809,5.081599126667407,5.578688621520996,5.237386418896803,6.033278465270996,4.366122099149957,4.81958532333374,3.8545164151469113,3.871150016784668,5.307154541143986,5.269047737121582,5.3100047779317086,5.620214939117432,5.193305050541422,5.101393699645996,5.20722709294468,5.267693996429443,3.854169223356948,4.77155876159668,5.221490620614712,5.198937892913818,5.50686648815386,5.543964862823486,5.327666200233365,5.491117000579834
train,250,5.319964022852479,5.615814529932462,3.135383878318856,3.7316582202911377,5.7501467060931235,6.584665298461914,5.0896748331834125,4.534979820251465,6.226567699982666,6.41489839553833,1.1340562165093844,1.850265622138977,6.001642635579455,6.2364349365234375,5.793749696340365,6.279245853424072,5.835108890195058,6.125499248504639,6.089249240530398,6.389631271362305,7.200684193345954,7.947708606719971,5.779876327153927,5.782426834106445,5.686162788366714,5.6235032081604,5.437229191482907,5.504671573638916
train,251,5.587795822720253,5.4239313785846415,5.8914872819227035,6.010889053344727,3.902576000617498,4.029273986816406,5.4482523237577585,4.374011516571045,5.9773465653435665,5.900160312652588,4.185653863237196,2.190986156463623,6.270129448485509,6.854438781738281,5.982628743546776,6.40434455871582,5.405388919368875,5.396583557128906,5.6795750420859985,5.462878227233887,7.302429014255243,7.517206192016602,5.497343816358101,5.471147537231445,5.685842476324722,5.416419506072998,5.412692200059324,5.482768535614014
train,252,5.364273466554336,5.004812167241023,4.338879609939857,3.935501098632813,5.257550867144373,4.556900978088379,5.3685121600963495,5.001086711883545,6.067506351686046,6.363183498382568,4.178573280609148,2.961945056915283,4.966227794909914,4.291393756866455,5.296918180401207,5.1172871589660645,5.69241782010649,5.668638706207275,5.96268216576266,5.914740085601807,6.247356109271147,5.572905540466309,5.625804148904272,5.527097225189209,5.733864475840994,5.539941310882568,4.9992621005339135,4.611937046051025
train,253,5.412312447536722,5.4878202218275804,5.360205394197765,4.43330192565918,5.318795730068353,5.667866230010986,5.096354304977272,4.412590503692627,4.447302133068275,4.813801765441895,4.404782129877311,5.571433067321777,6.031188757044999,6.842875957489014,5.775717657242367,6.354536056518555,5.067419795953479,4.887708187103272,5.463943046058915,5.422316074371338,7.108453519692565,6.843105792999268,5.488130525966077,5.202342510223389,5.486703775548081,5.402394771575928,5.311065048281921,5.487390041351318
train,254,5.51731496295594,5.389522057313187,4.968806317815203,5.100135803222656,5.746448808136763,5.692227840423584,3.5630449831753683,3.910094022750856,6.050247571555506,6.020572185516357,4.645061756009442,4.371903896331787,6.122008545861703,5.65470552444458,5.698778294977589,4.756463050842285,5.829733446334694,5.749411582946777,5.870204097832538,5.6271562576293945,7.3940415666671315,7.525424003601074,5.7136021139025726,5.574367523193359,4.803745424545271,4.839386463165283,5.319371591613436,5.241938591003418
train,255,5.503416048755743,5.5563407861269445,5.217813252620276,4.915366172790527,5.587681114642085,5.912911415100098,3.946070622370974,3.9943230152130127,5.121500643538996,4.9683051109313965,4.589735611782412,5.550404071807861,6.2682869373537855,6.175894737243652,5.936640613259734,5.597379207611084,5.645958057298375,5.306157112121582,5.749060302567363,5.690155029296875,7.39545214527456,7.813117504119873,5.7335120575776735,5.779268741607666,5.030959455276582,5.073090553283691,5.321737820261841,5.456057548522949
train,256,5.184741442603562,5.307339998391959,5.228988785025145,4.470704078674316,4.985818893203009,4.579008102416992,4.967879578220368,5.059654712677002,5.648237545152599,5.352481365203857,4.072896027647738,5.727835655212402,5.470296548410697,6.175209999084473,5.438022514622133,6.141882419586182,4.466436870940392,4.738722324371338,5.612870107388976,5.579084396362305,6.432507478739882,5.462070941925049,5.35236233078337,5.602275371551514,4.5235255827169425,4.647217750549316,5.201796490995057,5.459272861480713
train,257,5.419386217633208,5.03038554925185,5.233609682647625,4.29547643661499,5.647399314380015,6.063243865966797,5.568768562747924,4.896960735321045,6.0543527930926855,5.703537940979004,4.004248673522492,2.433943033218384,4.245688064791859,3.9979772567749023,5.085860268228151,4.997973442077637,5.020249068581251,4.919029235839844,5.926577301872315,5.912054538726807,6.677119261053965,5.813540935516357,5.532574187514773,5.52104377746582,5.875307036917019,5.731626987457275,5.580266613881628,5.1086039543151855
train,258,5.146946700315933,5.418178778428297,4.003430150395654,4.105507373809815,5.806077390025483,6.46873950958252,5.463535553005233,5.406383514404297,6.0719697570970865,6.554090976715088,3.552208286465598,3.5123186111450195,4.222317098317631,5.089306354522705,3.5394864396396253,4.200027942657471,5.636093465613916,6.235569953918457,5.811559803666201,6.117283821105957,6.204809961995105,5.91741418838501,5.152821904053394,5.118249416351318,5.904136731180224,5.812543869018555,5.541860562651975,5.89888858795166
train,259,5.460565120598537,5.371851370884823,5.481679705644221,4.91855525970459,5.511811507824809,5.193100929260254,5.011879673435305,4.537637710571289,5.8663462337625445,5.86859130859375,4.579633380673566,5.478234767913818,5.919034267698036,5.666231155395508,5.605830199305077,4.943207740783691,5.615256939500693,5.592072486877441,5.587369998575564,5.347674369812012,7.017547711602271,7.564130783081055,5.4592474014507975,5.395420551300049,5.197509025694311,5.08066987991333,4.134200522613784,4.248540878295898
train,260,5.534592443867744,5.7834014525780315,3.2087985606904086,3.732529163360596,5.848136050595249,6.29127311706543,5.424937019302579,6.426647186279297,5.831439536904897,5.3750481605529785,4.650509710892047,5.350449085235596,5.745049054719129,5.335702896118164,5.283521880892023,4.548331260681152,5.744155484831049,6.171281814575195,5.969187536868306,5.976149559020996,7.118147395411307,7.70934534072876,5.721880133118282,5.830530643463135,5.893222090652652,6.5495285987854,5.51071731540275,5.887402057647705
train,261,5.365346252087513,5.06170626787039,5.342125020922139,5.256964683532715,5.578456309788066,4.839017868041992,4.824681006430891,4.380138397216797,5.851083186100062,5.38814640045166,4.612309082119105,3.7043297290802,5.509592102517746,4.907753467559815,5.431364382835959,5.017024040222168,5.672732520622494,5.646162986755371,5.7804633712384135,5.576169490814209,7.102539374491571,6.737270355224609,5.542696903556508,5.470056056976318,3.9979649014697154,4.462982177734375,4.503493115045002,4.416165828704834
train,262,5.358098712487817,5.518408151773307,5.611340326004303,5.682465076446533,5.2785475659133665,5.59647798538208,5.317984348071595,5.580672264099121,4.9218716471064,4.976203918457031,4.466754263529171,5.612383842468262,5.84862089056608,5.92649507522583,5.586393016768135,5.393319606781006,5.376752308470642,5.388047218322754,5.370334060385019,5.303193092346191,6.69940118059967,6.877479076385498,5.4028150779383655,5.424098014831543,5.415457469890621,5.596736907958984,4.35901110709826,4.3817338943481445
train,263,5.334746525206595,5.314384533808782,5.4970553777658955,5.818199157714844,5.254648824460103,5.651467323303223,5.188115320449005,4.880544662475586,4.319464713367643,4.931674480438232,3.98980787143363,2.510082721710205,5.870425674430813,5.540261268615723,5.6817148756961515,5.475727558135986,4.784292185813141,4.856217861175537,5.448531624614365,5.676167964935303,7.032266093162883,7.153275012969971,5.461593111754742,5.377048015594482,5.520285474676583,5.616656303405762,5.303503680060785,5.599676609039307
train,264,5.496765879302154,5.524590308849628,4.553789929456345,3.967181205749512,5.778475624695171,6.445451736450195,4.894978432149205,4.641401767730713,6.144400818204412,6.691281795501709,4.595954305055893,5.495076656341553,5.750430383777015,4.836580276489258,5.678489300184589,5.450801372528076,5.861156316472944,6.210687160491943,5.994353065416744,6.248212814331055,6.939151894083505,6.404336929321289,5.722876960012078,5.943782806396484,5.318969459281495,5.181540489196777,4.224929942138599,4.303339004516602
train,265,5.5262510849065345,5.6515825895162735,5.297637905479196,5.2648444175720215,6.100983236616065,6.103814601898193,5.894611031874742,5.632362365722656,6.345586650276097,6.492452144622803,4.357911345188314,5.060072422027588,3.3805623847804203,3.783788919448853,4.031695164667985,4.254772663116455,5.839194654133643,5.530589580535889,6.058372554872154,6.008159637451172,6.929822913995867,7.201771259307861,5.551985008244428,5.559494495391846,6.250533662944805,6.511021614074707,5.8023675907112215,6.067429542541504
train,266,5.538618045327877,5.377012876363901,5.049513412223659,4.12778377532959,4.117910947532324,4.057761669158936,5.67771912664903,5.804097652435303,6.134823623161253,6.14256477355957,4.516242178085436,3.7214674949646,5.74424642599895,5.211156368255615,5.3070781171477615,4.503146171569824,5.51770161028636,5.656606197357178,5.913594424536119,5.994601249694824,6.983342588623444,7.224323749542236,5.568118426121702,5.650054931640625,5.983286651229098,6.064491271972656,5.488457057667267,5.743112087249756
train,267,5.538131528351062,5.555308268620418,5.080515030786147,4.336478233337402,5.499841397238155,5.67979621887207,4.482177684184192,4.03806734085083,5.809702623347154,5.784757137298584,4.776784839696969,5.386361598968506,6.211196193953453,6.899745941162109,5.856939873292969,6.105424880981445,5.550063482435312,5.423370361328125,5.523212633773295,5.347273349761963,7.239525019519492,7.411803245544434,5.498048225866731,5.37162971496582,5.175348941314754,5.103710174560547,5.292353923155176,5.330589294433594
train,268,5.450967301077081,5.118859511155349,5.525455656294153,4.731829643249512,5.12229175206166,4.543107986450195,5.415017794461851,4.3226518630981445,5.673690383109721,5.546845436096191,4.571993473940973,5.33523416519165,5.7491448617853,4.893214702606201,5.425559421090321,4.706111907958984,5.296404766348328,5.144959449768066,5.298289360227093,5.249190330505371,6.96598908625255,7.17080020904541,5.195482697696713,4.938847541809082,5.428830420189265,5.07371187210083,5.194425240544118,4.888668537139893
train,269,5.094500831832604,5.734854276363666,5.421864101350623,6.9411821365356445,4.922407213154195,5.631473064422607,5.644676161491933,6.770294666290283,5.317344953009364,5.67608642578125,2.172249197268414,1.9089434146881104,5.47184265318264,7.037700653076172,5.326728744314378,6.465033531188965,5.063967776903223,5.328911781311035,4.9750118928896345,5.200010776519775,6.303702582097677,6.971896648406982,5.039081625107815,5.261300563812256,5.529229928811333,5.888731479644775,5.040403984242612,5.471540451049805
train,270,5.36111261000616,4.772263802014864,5.349672623890625,4.524506092071533,5.102685910400691,4.5026469230651855,5.34730183089641,4.63584566116333,5.656840116877072,5.357487201690674,4.226472787299496,2.353405237197876,5.697511887541264,5.0392608642578125,5.381804785704453,4.712983131408691,5.3403540159389395,5.1139817237854,5.447941259547858,5.282198905944824,6.5426527732461786,5.499051570892334,5.297264969076051,4.999844551086426,5.55868553839926,5.49955415725708,4.745275431261773,4.51866340637207
train,271,5.1953679021973125,5.168233174544115,4.442976481955678,4.692477226257324,6.005679707928394,6.486805438995361,5.268186513556816,4.551938533782959,6.207748644646457,6.478574275970459,3.3985225421321705,2.1587538719177246,4.304728301377315,4.896401405334473,3.487601651604857,4.035802364349365,5.7834423126740795,6.117966175079346,5.864073201890819,5.972049236297607,5.996811239457255,5.128001689910889,5.3585336336862905,5.603233337402344,5.856169203825408,5.482088565826416,5.565309293829529,5.582939147949219
train,272,5.078254096924665,5.113263203547552,5.120944544894371,4.589865684509277,5.692201806308914,6.425352573394775,4.780942699452413,4.682687282562256,6.100729466100045,6.610602378845215,4.046824696589657,2.579396724700928,4.7383557915156365,4.46458101272583,5.120703602117061,5.239255428314209,5.7382110785615055,6.245686054229736,5.821187582111584,6.139854431152344,4.423402601302644,4.87097692489624,5.442127404956368,5.594977855682373,4.29206032432378,4.548550128936768,4.69961166178666,4.480635166168213
train,273,5.25212874719739,5.372246265411378,4.845951694446537,5.1858978271484375,5.83302285081307,5.55700159072876,4.917735254899555,5.742117404937744,6.095261554043766,6.194673538208008,4.285795812167259,3.753403186798096,4.824443442284792,5.10719633102417,4.40322481849131,4.257198810577393,5.679623061447343,5.814620971679688,5.827435371430023,5.891664981842041,7.03731095209002,7.404905319213867,5.270247942894735,5.062765598297119,4.121216981654488,4.426125526428223,5.1364039769031775,5.441630363464356
train,274,5.142121061026425,5.4840655877039985,5.209891072289211,4.287403583526611,3.8472306571441264,4.044621467590332,5.5506535034716595,6.1950201988220215,6.149083298476881,6.598155498504639,2.221961494415817,1.9224646091461184,5.676992967615706,7.245548725128174,5.651254198336574,6.599061965942383,5.488557108895337,5.723225116729736,5.824688467177424,6.097531795501709,4.367979175258426,4.824789524078369,5.442010413379357,5.473982334136963,5.9105182760038275,6.403449058532715,5.506753160879176,5.877598762512207
train,275,5.435535106662552,5.481735412891094,4.099003346076884,3.801658153533936,5.36989445782115,5.618531227111816,5.568400251868375,5.660206317901611,5.782904259429549,5.755251407623291,4.593513475091729,5.502396106719971,5.843048963065216,5.798132419586182,5.514565839736753,5.075434684753418,5.37678541071622,5.36176061630249,5.477337060746861,5.351004600524902,6.884531450624614,7.34271240234375,5.093337823553115,4.852214336395264,5.694273525927635,5.705507755279541,5.364360521955081,5.437750339508057
train,276,5.306516277304536,5.656571956781241,4.42466485506168,5.085282325744629,6.055755261267836,5.28519344329834,5.6932085194009465,6.651175498962402,6.223429468414587,6.429532527923584,3.880364982168805,4.8524250984191895,4.0993172385758285,4.623196601867676,3.076319405028614,3.957665205001831,5.739252826474439,5.599313735961914,5.872190409840119,5.946060657501221,6.904955763513793,7.176133155822754,5.314847163131248,5.254793167114258,6.084751566683427,6.751420974731445,5.615654145397628,5.923243045806885
train,277,5.456451547895909,5.643973827362061,5.757423063688254,6.986659526824951,5.203849256737288,5.441298484802246,5.790024870531421,6.177967548370361,5.498161922293886,5.6505961418151855,4.770319640517988,4.043097496032715,5.858901483096616,6.806832790374756,5.583280639770939,6.13689661026001,5.156608466387594,5.1713151931762695,5.033489534505245,5.128540992736816,6.979245677123917,6.944980144500732,5.103552757750742,5.224013328552246,5.143148086734665,4.799645900726318,5.055864723508254,4.85981559753418
train,278,5.3113757567286335,5.830113245890691,4.414214344932479,5.099152565002441,6.117210539900165,6.425971508026123,5.699228848148375,6.770912170410156,6.233785369504236,6.491852760314941,3.8883878482867082,4.90823221206665,4.0344450145130395,4.334423542022705,3.0366468660261052,3.953782320022583,5.77925338968282,6.017767429351807,5.882073015380772,6.014533042907715,6.905081054608534,7.171407222747803,5.334565955981872,5.550961971282959,6.0981149649034725,7.026738166809082,5.624877625603648,6.025737285614014
train,279,5.280271163431124,5.660053179814266,5.724712010118482,6.321768760681152,4.896147132220537,5.287130832672119,5.965145104719552,6.36138391494751,5.2661650610361574,5.59450101852417,4.208216793003192,5.711204528808594,5.503546499910829,5.338346481323242,5.367828391461524,5.542460441589356,4.826707114523258,4.930361747741699,4.834722097436977,5.139086246490479,6.346155607709063,6.924117088317871,4.924379547704521,5.167579174041748,5.607596368365349,5.856855392456055,5.17220339639516,5.405895709991455
train,280,5.252884745938206,5.6408299299386835,5.541692806357659,7.054957866668701,5.130876209389424,4.721939086914063,5.2662860650209,5.598841190338135,5.649778576909973,5.734073162078857,4.440440972094383,5.6665568351745605,5.53184525964883,6.188711643218994,5.349072754107151,5.972609519958496,5.19969451835631,5.230063438415527,5.25665854113915,5.261516571044922,6.850367827228338,7.399951457977295,4.570386210272501,4.725355625152588,4.452367598216402,4.529276847839356,5.048034358455662,5.246935844421387
train,281,5.275484102637966,5.064841105387761,4.056482612882238,3.911596536636353,5.69231823565526,5.285614967346191,4.647626960184537,4.275199890136719,6.08928445754551,6.086732864379883,4.238118732058704,5.330937385559082,5.371001656623539,4.643129825592041,5.147782021606735,4.55265474319458,5.581264579163585,5.206729412078857,5.879516944486196,5.70554256439209,5.433068251226419,5.032463550567627,5.571136027478139,5.525528430938721,5.501767796845959,5.319896221160889,5.371925058536725,4.966907978057861
train,282,5.193810943409478,5.228692348186787,5.387351341344527,5.762210369110107,5.280676083862331,5.675633430480957,5.168825218227839,6.268558025360107,4.740044681320997,4.910025596618652,3.783610173698531,2.4890146255493164,5.550885532378875,5.673890113830566,5.373899348207226,5.027294635772705,5.294424079200516,5.020102024078369,5.545411531708919,5.587884902954102,6.613098349376602,6.691391944885254,5.355747354249721,5.088259220123291,5.34067163397377,5.485596656799316,4.08489693677335,4.293138980865479
train,283,5.27071863669274,5.903104286927444,3.377747004026501,3.7649972438812256,5.380030062861153,5.921511650085449,5.426067170697142,6.297990798950195,5.737161341059173,5.481574535369873,3.8847853226916427,5.727222919464111,5.522097340506105,6.765529632568359,5.494814790770712,6.343128681182861,4.818602845607726,4.8458685874938965,5.787954470474225,5.897332668304443,6.3718285265805115,7.750268936157227,5.4991289195397055,5.769542694091797,5.739535164694803,6.4720659255981445,5.479589317496218,5.70332145690918
train,284,5.383504934531178,5.360134968390832,5.73295962932391,5.887785911560059,4.184492471402633,4.138669490814209,5.584147053193635,6.157571315765381,5.910099884188007,5.617887020111084,4.169092902192739,5.505412578582764,4.971221597856227,4.288033962249756,5.342340130631464,5.222362995147705,5.5202952609529365,5.603594779968262,5.865270865676817,5.840646743774414,6.497548778192017,5.872872352600098,5.5343848689677735,5.511853694915772,5.729050470008767,5.425504684448242,4.944660236318391,4.609559059143066
train,285,5.322185624602714,5.571967161618746,3.9001567846907745,3.825150966644287,5.508184320984672,6.010076999664307,5.220913615127075,5.054020404815674,5.005271734855699,4.967670917510986,4.35679488736812,5.676633358001709,5.788799254116158,6.848162651062012,5.604818438535972,6.345909118652344,5.547837474627943,5.966483116149902,5.705492554956073,5.670689582824707,5.889162603411251,5.155670642852783,5.623631697634906,5.889621257781982,5.667969086590965,5.5001630783081055,5.369380666935673,5.525321006774902
train,286,5.501876660666773,5.467186029140766,5.090520861378393,5.507267475128174,5.721076244750259,6.151238918304443,3.3292007880482073,3.911465406417847,6.093084865371379,6.005702972412109,4.599644702382842,5.45864725112915,6.01411993066477,4.752716064453125,5.846042266205375,5.480168342590332,5.911129963048587,5.983470439910889,5.980675861209993,5.953480243682861,7.327195453207014,6.434836387634277,5.798829597669747,5.871104717254639,4.686203795068645,4.869123458862305,5.126672259662832,4.694196701049805
train,287,5.523953214028843,5.316890203035795,5.672619048311172,4.611307144165039,4.045080472330917,4.036724090576172,5.487210883960469,5.346526145935059,6.11126665105026,6.293333053588867,4.4174341082294575,2.362818717956543,6.031625720157135,6.439316272735596,5.841574660318959,6.122737884521484,5.444414240612993,5.213321208953857,5.879907821728989,5.968110084533691,7.248741087641506,8.01711654663086,5.5240555972915395,5.341426849365234,5.107925694240318,4.747379779815674,4.9995357965012515,4.619454860687256
train,288,5.156511296632644,5.25947904586792,5.487120660419591,6.751099109649658,4.907725867441389,4.442144870758057,4.6748798580921935,5.664076328277588,5.633850829740122,5.303837776184082,4.143333559661883,3.264876365661621,5.244530515970025,5.461584568023682,5.295995729228165,5.857097148895264,5.375892162452281,5.183187007904053,5.628863621815731,5.528340816497803,6.529265652906381,5.727068901062012,5.380458723615675,5.392129898071289,3.712529715765694,4.422640323638916,5.020199959115233,5.375144481658936
train,289,5.36083553687682,5.4515665127680855,5.511933282973117,6.441267967224121,5.5572418251210935,5.850333213806152,5.092764933204755,4.673817157745361,5.421717595022402,5.114235877990723,4.458049074339674,5.572493553161621,5.340304312403706,4.521916389465332,5.44688202036577,5.3454694747924805,5.6191392375455695,5.638404846191406,5.701049766629479,5.585751056671143,6.77526178997859,7.424940586090088,5.539064211414535,5.61648416519165,4.851786256075623,4.729423522949219,4.3756676743243474,4.3558268547058105
train,290,5.09149730326452,5.292156980587886,4.890577139348502,4.801092624664307,5.436523026411861,5.397962093353272,3.6375220716209586,3.940246820449829,6.061062550875367,6.401415824890137,0.9121687640329004,1.8460761308670044,5.8348526849303015,5.687398433685303,5.6535884892954,5.870301246643066,5.693976220311959,5.776120662689209,5.8652936448401265,6.01056432723999,7.079084711693168,7.715623378753662,4.933140898015072,4.909880638122559,4.875575584727317,4.909881591796875,5.316099156335822,5.531476974487305
train,291,5.469800707239397,5.612547966150138,5.914388331650532,6.935103416442871,5.036770733893591,5.319091796875,6.12163232123188,6.454617977142334,5.354713800616661,5.588466644287109,4.671600503316536,3.091632604598999,5.887997635730203,5.896768569946289,5.586793432762923,5.816188335418701,5.013052477496912,5.175283908843994,4.821462845818801,5.126147270202637,6.851033154838734,7.244731426239014,4.969414707963678,5.177596092224121,5.665596832021638,5.761612415313721,5.212952416770063,5.375883102416992
train,292,5.578974032415499,6.091124222828792,5.9243842360677785,6.097952365875244,5.957823750651198,6.816951751708984,5.871610515429128,6.47890567779541,6.381114189023753,7.102122783660889,4.480526967433082,5.309067249298096,2.7229022233033287,3.6931731700897217,4.517069104013281,5.002552509307861,5.949360081433055,6.43254280090332,6.15959465291605,6.635852336883545,6.80309942748965,7.351905345916748,5.6669021016340935,5.948249340057373,6.1866404148944145,6.076902866363525,5.905634757112679,6.238436698913574
train,293,5.330470993980758,5.161940959783701,5.446957162770605,5.983487606048584,5.221964216929478,5.4781365394592285,5.156175189618464,4.443950176239014,5.475509888227002,5.348275184631348,4.515610912384867,2.9628894329071045,5.667476145583512,5.002928733825684,5.485081650709842,5.429348468780518,5.266605833268911,5.271708965301514,5.2190773765349885,5.257330417633057,6.407393014854636,7.077212810516357,5.227873867376597,5.058427810668945,5.287625205459273,5.046542167663574,4.918772458031677,4.744994163513184
train,294,5.527164988417174,6.396356949439416,4.9279993310561006,5.667810916900635,5.7946640616221945,6.638097763061523,3.0499202347267604,4.1920599937438965,6.113447420282826,6.600754737854004,4.720067522369396,5.910044193267822,6.329968858072467,8.633968353271484,5.997130089540646,7.542086124420166,5.926001339596286,6.574149131774902,5.995713496058531,6.176730632781982,7.498264219663162,8.715591430664062,5.836175855134754,6.236529350280762,4.391854536337246,4.710137844085693,5.271937884962891,5.554679870605469
train,295,5.21207918322039,5.254497766494751,3.8346862160999597,3.859696626663208,5.591544455310894,5.635995388031006,4.886480799048375,4.806569576263428,6.043717214954199,6.292297840118408,4.0806771514388345,5.327188491821289,4.856809747946459,4.427361965179443,4.961686581551952,4.6340508460998535,5.610768568143414,5.393433570861816,5.9090426214848035,6.100704669952393,5.503610893039599,5.321639060974121,5.569764200127862,5.658560752868652,5.460721975379604,5.188742637634277,5.4475189573391125,5.662229537963867
train,296,5.51574757081966,5.708625646737906,4.448948240065899,4.071370601654053,5.790126146777756,6.49279260635376,3.5374531039536516,4.275940895080566,6.134117945187922,6.656893730163574,4.313357349184599,2.239941120147705,6.313016238804489,7.171968936920166,5.976043641167296,6.81549072265625,5.904291414552651,5.96037483215332,6.027680028973406,6.269507884979248,7.3556155371865,8.243903160095215,5.846428524105739,6.2285590171813965,4.898630767729455,5.0635480880737305,5.159009482966208,4.721841812133789
train,297,5.249890438833557,5.428704261779785,4.9242111744225445,4.170116424560547,5.547921964272555,6.01817512512207,4.996463183070268,5.589763164520264,5.956023291450035,6.343950271606445,4.18298706757619,5.527482986450195,5.501222392537189,5.543972492218018,5.320439930443824,4.89953088760376,5.44063007273938,5.0690436363220215,5.809426227015071,5.950811862945557,6.713137648014812,7.499566555023193,5.274298666519689,5.023730278015137,4.818586328506181,4.7523956298828125,3.7632277582684908,4.184616088867188
train,298,5.335245726653303,5.284386313878573,5.587106267555518,5.962640285491943,5.808096294204795,5.971161842346191,5.592761417796027,5.230474948883057,6.222916208983016,5.967723369598389,2.293812656803836,1.9937211275100708,3.5965628527385887,4.095729827880859,4.809677458132985,4.9942145347595215,5.851100003578425,6.125209808349609,6.056310855509317,6.095489978790283,6.732457020428825,6.316231727600098,5.405341311473155,5.246907711029053,5.992822448858233,5.850625514984131,5.4092296504302135,4.846891403198242
train,299,5.397955567342253,5.400801108433651,5.338713607703883,5.457973003387451,5.804139729242648,5.563028335571289,5.149674305064392,4.935102939605713,6.147330448162557,6.15519905090332,4.271646999194279,3.422490119934082,3.735636165500808,4.064735889434815,4.631835016586488,4.613382339477539,5.83293127199022,6.199562072753906,6.01541363166317,5.989784240722656,6.437431467048921,7.59198522567749,5.628106540183955,5.749412536621094,5.82358050839132,5.597820281982422,5.356982684716651,4.869938373565674
train,300,5.610939496298151,6.15841504243704,2.5759506498191147,3.697803258895874,5.879023223043737,6.686537742614746,5.125938954921827,4.981928825378418,6.1912052244304006,6.17361307144165,4.895511549549124,5.900940895080566,6.184910433085137,7.867979526519775,5.851381805160901,7.011898040771484,5.834027917063364,6.612242698669434,6.110729262411811,6.38311243057251,7.151466638360616,6.897906303405762,5.865777069167661,6.313082218170166,5.773397997219586,5.757607460021973,5.5028927276426804,5.77474308013916
train,301,4.948817081008941,5.000038953927848,4.651655937683089,4.195000648498535,5.301958558542436,5.002170085906982,5.248123411892114,5.394792556762695,5.927411594702059,6.010684490203857,3.588760045232131,3.936861515045166,4.727808883236172,4.482864856719971,4.92267446524741,4.706777095794678,4.430377260452047,4.779853820800781,5.628148050902115,5.6788530349731445,3.7682666952291415,4.798870086669922,4.967678608291918,4.974260330200195,5.686254691328605,5.552608966827393,5.485503850376997,5.486908912658691
train,302,5.273839748139001,5.348329067230225,5.232548258085572,4.766294002532959,5.310856639550009,5.664194107055664,5.228421535969738,4.97542142868042,4.864302797579176,4.951831817626953,4.15533578026056,5.39834451675415,5.613910268900797,5.397166252136231,5.34397507322558,4.726350784301758,4.6296103306347405,4.7691521644592285,5.478286250442778,5.495211124420166,6.588088922696881,7.327005386352539,5.402982717559711,5.436885356903076,5.5988545819337165,5.752844333648682,5.11274356896776,4.867576599121094
train,303,5.506231212238393,5.872115960487953,3.311962772135968,3.716474294662476,5.117803329589942,4.453271865844727,5.236644044104241,4.772238731384277,6.118451094614426,6.385239601135254,4.573996444833262,5.577425003051758,5.968074522833581,7.060389041900635,5.72084699490263,6.698223114013672,5.670037870782734,5.934736251831055,5.9970553301518885,6.272529125213623,6.98203043985427,8.14518928527832,5.722510378463868,6.075206279754639,5.651851145309059,5.579810619354248,5.509741391523244,5.666774272918701
train,304,5.512296841057435,5.591289556943454,4.593241780855342,3.967398643493652,5.751200500732788,6.217602252960205,4.972514970910903,4.40013599395752,5.94733148894465,5.494173049926758,4.681747908108892,5.598056316375732,6.02968239842515,5.260269641876221,5.777892876488362,5.688543796539307,5.848378073362856,6.234610080718994,5.9523530537456955,6.0839056968688965,7.111160955915106,8.06196403503418,5.7379695682654575,6.164096355438232,5.336747512778504,5.299193382263184,3.9196378452129577,4.216814994812012
train,305,5.542966296190385,6.041809155390813,5.977679301622699,7.8979716300964355,4.139063257330831,4.07208776473999,5.7139361563008215,6.8863525390625,4.659571242284257,4.854701519012451,4.5643671198732765,5.972957611083984,6.185204906998526,6.349359035491943,5.927242080619639,6.478847026824951,5.309107711352354,5.298734188079834,5.579158356487506,5.689943790435791,7.2315886030708905,7.668941974639893,5.558397538592139,5.832681655883789,5.832026541758721,6.107909202575684,5.381219034183342,5.43303108215332
train,306,5.363494488561262,5.382696005014273,5.232179018566234,4.352685928344727,5.240658797173227,4.900646686553955,4.9780110335068395,4.70384407043457,4.39324807262666,4.926121234893799,4.273347480103913,5.642886638641357,5.888374174054641,5.876983642578125,5.644004577375093,5.227600574493408,5.277776444394575,5.124764442443848,5.527605674802725,5.743443489074707,7.02113350278346,6.879477500915527,5.566275444699206,5.752269268035889,5.39922612039767,5.263554573059082,5.28358801081215,5.580770015716553
train,307,5.562481964659634,5.530764598112841,3.528550271589685,3.770428895950317,5.796066423592061,6.310328006744385,4.3581383156769045,4.4546332359313965,6.1076301647645055,5.831175327301025,4.760436042385401,4.742054462432861,6.1915391257544785,5.683355808258057,5.882233690943241,5.913021087646484,5.7892446995682745,5.495067596435547,6.0466003178953,6.138820648193359,7.233046410319083,6.752243995666504,5.836901688313163,5.9508056640625,5.339289591387268,5.242514610290527,5.442588798385871,5.615490436553955
train,308,5.009015659784669,4.991022513462947,5.015241519651484,4.323264598846436,5.167030178957782,4.85752010345459,5.2164883762830145,5.185525417327881,5.031355275611992,4.999040603637695,0.07956959365794081,1.8458552360534668,5.543456631642047,5.791807651519775,5.449146357217321,5.1211137771606445,5.453987219532171,5.61167573928833,5.561067299721769,5.465645790100098,6.62678861040419,5.959636211395264,5.461947952093943,5.562950134277344,5.4202434960229,5.239932537078857,5.0908810664041395,4.91932487487793
train,309,5.5366827865424595,5.542721051436205,5.8695158322254395,6.610982418060303,5.525799265503481,5.555490970611572,6.0600208395838555,6.409465312957764,5.835501590102548,5.77477502822876,4.704342143626998,5.440445423126221,4.556891393841781,4.018028259277344,5.158959434849522,4.98046875,5.447207304827035,5.366008281707764,5.420061583133154,5.291029453277588,6.603047360011009,5.6088714599609375,5.288779175516409,5.309119701385498,5.983684247877191,6.091907024383545,5.523066053953545,5.598781585693359
train,310,5.378601139435316,5.260374949528622,4.554715094509199,4.072699546813965,5.7085520822375715,5.91874361038208,5.410151004503368,5.572901248931885,6.044376533454372,6.050500392913818,4.312261213145266,4.17102575302124,5.083778063033496,4.391021251678467,4.900654341711004,4.430976867675781,4.942775281336934,4.849851608276367,5.804324317996511,5.67813777923584,6.972310933244702,7.408010482788086,5.451041362477424,5.440144062042236,5.324242426356649,4.886546611785889,5.412632158652622,5.514315128326416
train,311,5.410743505179069,4.919286214388334,4.84604973865501,4.212804317474365,5.359290841065681,4.637292861938477,4.202368539564662,4.039115905761719,6.005074343893442,5.7634124755859375,4.261381868991917,2.895219326019287,5.931961073643822,5.167902946472168,5.663894073787905,4.928336143493652,5.255693675166273,4.936397075653076,5.8379156416633435,5.629270076751709,7.069227147176425,6.675895690917969,5.420888355950844,5.0279974937438965,5.1300819020982,5.007384300231934,5.355838365670376,5.02969217300415
train,312,5.484001066557608,5.421507065112774,5.799751054116496,4.910178661346436,5.155825995365633,5.024026870727539,5.942842024084605,5.790132999420166,5.491059950081577,5.628664493560791,4.747982152210632,5.515865325927734,5.934902973546056,5.605118274688721,5.629308400652842,5.6359543800354,5.119848629413407,5.0303802490234375,5.027933467261924,5.143838405609131,6.931399745798211,6.910838603973389,5.106892107488079,5.191896438598633,5.5879504087963765,5.543330192565918,4.816316956433069,4.5493669509887695
train,313,5.504989270770011,5.611201561414279,3.965342907361615,3.82012677192688,5.5710535111194215,5.821744441986084,5.357302568202935,4.935050010681152,5.156065642584535,4.99295711517334,4.605824804175926,5.678747653961182,6.064554825875364,5.78172492980957,5.79716475066429,5.970918655395508,5.291776269207039,4.977983474731445,5.769898844707014,5.741713047027588,7.139364680733035,8.005423545837402,5.679115455482866,5.799216747283936,5.7396744006007685,5.807907581329346,5.427721859295338,5.612106323242188
train,314,5.366686059081876,5.246305025540867,5.4019295513636765,5.12227201461792,5.7363974693501,6.233768939971924,4.935794282516296,4.97435188293457,6.075414594588361,6.209816932678223,4.315421830615874,2.422243118286133,5.357904506498426,4.744297981262207,5.437848756869424,5.258494853973389,5.783203224000876,6.118273735046387,5.872074209999448,5.838207721710205,7.0069664646368,6.622537136077881,5.580679024065977,5.744905471801758,4.240629079283791,4.624406337738037,4.022655774275321,4.288389205932617
train,315,5.32315994692249,5.568589925765991,5.003460368381573,5.638375282287598,5.602131619804631,6.108890056610107,3.62192554148276,4.270841121673584,5.70837403139562,5.2902350425720215,2.4308654330386945,1.9376661777496336,6.13135377062988,7.73330545425415,5.894763820360426,7.058855056762695,5.766649353636197,5.479035377502441,5.88598414097216,5.9285807609558105,7.266906207071202,6.6514573097229,5.7437455913257764,5.9558634757995605,4.853856242256761,4.979504108428955,5.291063189636699,5.359059810638428
train,316,5.149123209911127,5.172437704526461,5.2757761495999995,4.288810253143311,5.060052541260507,4.901373863220215,5.448230807528552,5.647543430328369,4.564611663780802,4.977651119232178,3.6821000347479833,5.395679950714111,5.091529973720072,4.702988624572754,5.218831406070814,4.9130859375,5.052341713969026,4.995433330535889,5.442319473544838,5.668472766876221,5.839999762365934,5.500550270080566,5.207357404918356,5.0993523597717285,5.642628174476753,5.869931697845459,5.412822622861011,5.280816555023193
train,317,5.445379764719911,5.737836654369648,5.876034285762128,6.980814456939697,5.019907448646073,4.626236915588379,5.775930685015972,6.251501560211182,5.546478760611293,5.596075534820557,4.646649802109078,5.703063011169434,5.892842047572744,6.572055339813232,5.601212909429185,6.123661994934082,5.234351585147373,5.20217227935791,5.126771805615278,5.19871187210083,6.901017311556969,7.440746307373047,5.15811150749008,5.154392719268799,5.436380798158955,5.333632469177246,4.574247994243717,4.408812046051025
train,318,5.28319372005372,5.92633593082428,3.001895391747051,3.733649730682373,5.7008377754032,6.513486385345459,5.344390021028453,5.627570629119873,6.213037488921594,6.8175811767578125,0.9702705538355234,1.9081050157547,5.90985788626214,7.873952388763428,5.733111914839238,6.900334358215332,5.714603717430076,5.48898983001709,6.0607056265575565,6.309260845184326,7.090333886185557,8.303754806518555,5.6825192360064,5.474623680114746,5.792554612755181,6.081020355224609,5.467400249726389,6.010037899017334
train,319,5.5659145112758655,5.4916139382582445,5.308926760349125,5.60081148147583,5.876649413506921,6.048157691955566,4.244462290796299,4.41390323638916,6.199788964853451,6.104030609130859,4.665598441297213,5.487703800201416,5.019873342052576,4.25374698638916,5.472515179941408,5.112531661987305,5.916432461002581,6.044551849365234,6.014084921285423,5.829203128814697,7.000316813092777,6.016635417938232,5.7489616364986,5.664309978485107,5.334748232393695,5.215970516204834,5.554530189516171,5.599424839019775
train,320,5.204087271693767,5.526452798109789,3.146184899695422,3.76289415359497,5.5385606291802105,6.279441833496094,4.626715679072115,4.698060035705566,5.956576483683567,6.3490753173828125,4.032302751635566,5.6580491065979,5.526958445372906,5.670038223266602,5.448558004920734,5.777431964874268,5.498007768811179,5.276120662689209,5.904969210807833,6.174344539642334,5.513207404343648,5.498286247253418,5.606734546750184,5.45056676864624,5.481407298044839,5.517578125,5.372951409700771,5.731999397277832
train,321,5.458246027981214,5.502916281039898,3.644968825310789,3.752189874649048,5.533392208635652,5.429263114929199,5.254023874801638,5.809483528137207,6.006975363933675,6.051548957824707,4.57898167020322,5.53550386428833,5.894427979232942,5.556752681732178,5.640004625026311,5.692269325256348,5.533660571395157,5.161725997924805,5.848462411172292,5.643027305603027,6.947936347787403,7.603492259979248,5.590726531059725,5.210471153259277,5.532576415177402,5.55101203918457,4.951061540019576,4.541171550750732
train,322,5.558606198655976,5.884679794311524,5.705126944022372,6.786508560180664,5.955122727508293,5.562966823577881,5.565746792757565,6.267515659332275,6.301426645512391,6.987398147583008,4.665785517703509,5.636358737945557,4.008378327155482,4.1590657234191895,5.019272255784416,5.272042751312256,5.930658768604827,6.652932643890381,6.085943740954149,6.475032806396484,6.986578876419006,7.159313678741455,5.678373463808028,6.057981967926025,5.4813207607794805,4.997416973114014,4.878145761518163,4.486302852630615
train,323,5.031553628831181,4.9917039687816915,5.481278177085221,5.65355920791626,4.468924669885491,4.220544338226318,5.358498825329789,5.073315620422363,5.740409490172229,5.319648742675781,2.146734629205219,1.955599069595337,5.425925767497291,5.297591209411621,5.3871016854024525,4.9796142578125,5.457557526186047,5.518157958984375,5.6042392707035935,5.507309913635254,4.017470935353826,5.317929744720459,5.330128346915529,5.475327014923096,5.728889176983533,5.704104900360107,5.263038674085127,4.869449615478516
train,324,5.224417383496767,5.27025844500615,5.241632604109309,5.507189750671387,5.54489752135405,5.669549942016602,5.735728787996982,6.310323238372803,5.98147475473239,5.97039270401001,1.6603419413103744,1.9422094821929927,4.798543450465021,4.297236442565918,4.821848141209869,4.438693046569824,4.991968900206968,4.894289016723633,5.648018327182142,5.493063449859619,6.934128054482306,7.544754505157471,5.314570524189116,5.281293869018555,5.7786585860381265,5.526921272277832,5.465614392181312,5.637443065643311
train,325,5.169371553320318,5.309898376464845,5.38804381251915,5.749868869781494,5.308869315111519,5.094950199127197,4.694531687255715,4.28746223449707,4.473505541143361,4.835646629333496,4.100754160436718,5.740562438964844,5.6989935738324,5.691969871520996,5.577583682142285,5.788965702056885,5.4402820766555005,5.406919479370117,5.470254195494706,5.529664993286133,4.922523229963287,4.9241156578063965,5.371707073716729,5.117514133453369,5.408606125128503,5.339645385742188,5.346175719764273,5.521393299102783
train,326,5.020530399982972,5.2642567341144275,4.514701791652542,5.013946056365967,5.709876666309202,4.9915642738342285,5.383176720884502,5.051578044891357,6.120013411152707,6.4047064781188965,3.503856930530544,4.958841323852539,4.042264937118901,4.80497932434082,3.2715787213659118,4.0305681228637695,5.581431836927232,5.677359580993652,5.724554826577773,5.828921794891357,5.248144345691735,5.016643524169922,4.635666210614542,4.817073345184326,5.957250433495644,6.034075736999512,5.574378367457395,5.805079936981201
train,327,5.3635045600709965,5.22693707392766,4.949182105860877,4.323055744171143,5.0477867676604555,4.391779899597168,4.3620487773683525,4.088244438171387,5.756374264464174,5.346304416656494,4.461869855108827,4.141645908355713,5.897164610733992,7.005734920501709,5.714886466784201,6.406777381896973,5.43147467471849,5.086323261260986,5.824246629801889,5.742776870727539,6.657269820190859,5.495193958282471,5.628888252052649,5.753389835357666,4.7896336043915095,4.718173503875732,5.204733451786678,5.45078182220459
train,328,5.683988172459295,6.758002519607545,6.26037044310317,8.6060152053833,2.6664348887617195,3.8528454303741455,6.051134014568875,7.542377948760986,6.131565576333024,6.587653636932373,4.692992385579199,6.514107704162598,6.339994683844226,8.0501070022583,6.086137294647454,7.5593180656433105,5.329000022026961,5.605728626251221,5.880243010726914,6.220458030700684,7.310591111470737,8.145171165466309,5.563020406591255,6.149694919586182,6.061183070665178,6.921910285949707,5.51917933365212,6.098644733428955
train,329,5.356161203098766,5.5747515238248395,5.892245324022106,6.628080368041992,4.957056702994044,5.001009941101074,5.614723681141607,5.059006690979004,4.490776408033911,4.83362340927124,4.373891491844749,5.635282039642334,5.804997369113976,6.4026970863342285,5.56305375100583,6.079941272735596,5.123527484604513,5.212003231048584,5.054416262087574,5.158493995666504,6.854901595353835,6.457912445068359,5.200073024209107,5.133204936981201,5.461023546715738,5.4915032386779785,5.239408999156975,5.379011154174805
train,330,5.3335283236841615,5.108058525965764,5.6662492578039805,5.410031795501709,5.081468681474832,4.715447902679443,5.725180601081859,6.200572490692139,5.54237967409773,5.525628566741943,4.354012900007372,2.6156911849975586,5.753516946309052,5.654458999633789,5.532044439841606,5.524296283721924,5.034638009261297,4.920825481414795,5.120505992374021,5.149272441864014,5.998374620002132,5.193253040313721,5.122422681745349,5.197005271911621,5.5898169402656155,5.723456382751465,4.8152574636292504,4.5748209953308105
train,331,5.273449417729208,5.055047603753898,5.345998322076347,5.2868475914001465,5.5696111126624785,4.966546535491943,4.5968364013573435,4.244058609008789,5.935666700262399,5.527960777282715,4.301110694990849,3.995772123336792,5.727315550070105,5.161285400390625,5.6115434659197865,5.584593772888184,5.742224468359461,5.316118240356445,5.8311722900644325,5.786204814910889,5.422708055646784,5.108733654022217,5.563295610444474,5.371508121490479,5.143941904729443,5.184080600738525,3.7634178538957928,4.18190860748291
train,332,5.23776121871234,5.271875674907978,5.600779601701427,5.449760437011719,3.969835492850643,4.090712547302246,5.17629223592384,4.4819865226745605,5.372643272739132,5.1425395011901855,3.918819301189225,5.534639835357666,5.646713059097672,5.467093467712402,5.418263471663473,4.992661952972412,5.235318829253448,5.296735763549805,5.609428057396722,5.6057562828063965,6.697479050478665,7.356944561004639,4.6848225876564475,4.821442127227783,5.59804683421681,5.453291893005371,5.162454049092914,4.840818881988525
train,333,5.4899170384381435,5.157759996560904,4.429198556859802,4.103119373321533,5.727281894011499,5.276515483856201,3.4456555938052746,3.931121826171875,6.118519573134959,6.081934452056885,4.4750857513787565,2.46307373046875,6.249275432893968,5.792629718780518,5.9319083202903435,5.694333553314209,5.891673484617684,5.85350513458252,6.006806271635915,6.018759727478027,7.03265173679503,5.621103763580322,5.824167208919116,5.852148532867432,4.874315244969521,4.976983070373535,5.362382430383993,5.385651588439941
train,334,5.386458601266721,5.233025404123159,4.439841890579278,4.281890392303467,5.978847090871393,6.379022121429443,4.733242156941568,4.210819244384766,6.186286686337379,6.116713523864746,3.980293391666134,2.3635730743408203,4.98514497533398,5.027403354644775,4.22624165329455,4.152815341949463,5.832352187812288,6.027300834655762,5.936741287603961,5.983067512512207,7.122018483571367,7.260428905487059,5.512969312069185,5.312611103057861,5.57771392652773,5.319839954376221,5.512268773858549,5.593844890594482
train,335,5.524041160352656,5.669360142487746,5.8163886791805846,5.148867130279541,3.234434202512448,3.931572198867798,5.665733313935033,6.823868274688721,6.065753869852652,6.245275974273682,4.541160892458067,5.451996803283691,5.980758068365833,5.503257751464844,5.679308279696776,4.838937282562256,5.366637347194245,5.5960612297058105,5.852778899984076,5.980225086212158,6.67043524583956,5.635643005371094,5.539285695784602,5.700823783874512,5.97989287219634,6.875384330749512,5.4199677175843055,5.96976900100708
train,336,5.571037136261381,5.511850173656757,5.158436757909112,5.4331583976745605,5.79950390700856,5.285181999206543,3.6495765570269114,3.9722976684570312,6.1765756733838595,6.187142848968506,4.683660042698021,5.374215126037598,5.613826771823002,4.309431552886963,5.724492507386197,5.21409273147583,5.937313809288689,5.938007831573486,6.03364085906073,5.96904182434082,7.369054469178513,7.584242820739746,5.813822261288839,5.778120994567871,5.001475522220747,5.04981803894043,5.462103633124775,5.559300422668457
train,337,5.39608992359792,5.4885938717768745,5.743136299933554,5.557127475738525,5.064022597729475,5.34993839263916,5.925896345649038,6.134128093719482,5.410853620474279,5.603716850280762,4.5314602098734635,5.332057952880859,5.614624027269946,5.176461696624756,5.243150549368361,4.657849311828613,5.084434656268935,5.206705093383789,4.928741610800567,5.145601749420166,6.7961745768503725,7.100429534912109,5.003718420062561,5.176236629486084,5.5857103067344545,5.602354049682617,5.217245785757952,5.309113502502441
train,338,5.539796280912229,5.302383459531344,5.880383458337789,5.212016582489014,4.568754534074902,4.180270195007324,5.658469744309355,5.277101993560791,5.322584742726298,5.038909912109375,4.577641688127592,5.45933723449707,5.850004214877861,4.664722919464111,5.730465770258625,5.0736083984375,5.49688550373246,5.365584373474121,5.714713929404377,5.59337043762207,7.171250243281289,7.650737285614014,5.526531795466038,5.232341289520264,5.7348576576427375,5.703909873962402,4.784808369619648,4.479074478149414
train,339,5.222891583817341,5.181351038125846,4.339137519346393,3.9496026039123535,5.609868338870605,5.7863383293151855,4.932470886511693,4.84451961517334,6.044926049175685,6.32576847076416,4.213969885389377,3.7362704277038574,5.143533567725,4.875753879547119,5.319300200279263,5.424466609954834,5.589133812411468,5.527296543121338,5.8306712230679745,5.888927936553955,5.995545062985891,5.373881816864014,5.48283405316549,5.684181213378906,4.174789901884471,4.48115348815918,5.22141008881211,5.459402561187744
train,340,5.192963355832336,4.951281474186824,5.3713701852095745,5.473164081573486,5.132837976139022,4.439022064208984,4.8630306127581875,4.341208934783936,5.886343803621252,5.529585361480713,4.1776972223173585,2.4606833457946777,5.410767544161942,6.098437786102295,5.404202279506795,5.519496917724609,5.520604867744731,5.445722579956055,5.638754860397149,5.4284515380859375,5.645584169535486,5.1383490562438965,5.37443748972277,5.25050163269043,4.09813611369057,4.464914321899414,4.984756501015524,4.777121543884277
train,341,5.286308356918562,5.420316439408523,5.886854384647366,6.331770420074463,3.24664695998755,3.9969658851623535,5.5631914660414905,5.009159564971924,5.938688156753173,6.249094486236572,3.936133688338724,3.7837939262390137,5.351291518290254,4.591507434844971,5.406152847027358,5.304413795471191,5.195329503218662,5.470330715179443,5.722567122746,5.891415119171143,6.603275461664093,7.310839653015137,4.582451294437732,4.867405891418457,5.853625608685574,5.867250919342041,5.43580062810333,5.790165901184082
train,342,5.332317691091809,5.323123565086952,5.659122328925687,5.042624473571777,4.8097589067015605,4.510761737823486,5.8200840365671125,6.125006198883057,5.376578545782726,5.580019950866699,4.314841528589441,2.965363025665283,5.689351051546947,6.035893440246582,5.460323332761078,5.809436321258545,5.0881145962284124,5.157273292541504,5.009971989568203,5.177488803863525,6.589616491140166,7.206286430358887,5.077038577121019,5.2230987548828125,5.560132155475101,5.695015907287598,4.865196443786058,4.672338008880615
train,343,5.564388063890124,5.10161095399123,5.504672618606272,4.6376237869262695,5.219635005605471,4.420742988586426,5.065261538811586,4.332520484924316,6.214568924449031,5.984163284301758,4.601885523311294,5.356201171875,4.891359905480545,4.082864284515381,5.386126358790617,4.876214504241943,5.737244474967163,5.370041370391846,6.026227771454667,5.922765254974365,6.9058733018536715,5.76627254486084,5.653406294649178,5.358325004577637,5.701996571985205,5.3211541175842285,5.4287865406069145,4.892053604125977
train,344,5.561560310566561,5.805060203258808,5.792794215091001,6.363047122955322,5.861464653238681,5.942971229553223,5.989291561741365,6.647375106811523,6.1769801298849805,6.091123104095459,4.520500480053306,5.343314170837402,3.284588860141855,3.763386249542236,4.707826894371053,4.865850925445557,5.777592059522532,5.674707412719727,5.923521533480824,5.678370952606201,6.760096283944657,7.218811511993408,5.546410006136544,5.420897006988525,6.21082554551485,6.546675682067871,5.7483918142436385,5.909252166748047
train,345,5.298944863588187,5.447537899017334,4.485888438590851,4.170180797576904,5.875798673654834,6.262944221496582,5.38903817700897,5.430081844329834,6.101495456606071,6.432811260223389,4.020780519805821,5.065087795257568,4.753990802629048,4.574473857879639,4.113312109924024,4.15115213394165,5.775253553907739,5.885055541992188,5.888138848927333,6.019171237945557,6.759153556952073,7.170801639556885,5.47020798541329,5.493257999420166,5.7083248161227464,5.799367427825928,4.5449002871036335,4.363606929779053
train,346,5.04032259488502,4.819319413258478,4.901173700296003,4.26777458190918,5.262987465281279,5.5845794677734375,5.256764868114141,5.246147155761719,5.63945371245661,5.623885154724121,3.488063813331496,2.217924833297729,5.0343709260438585,4.783702373504639,4.898447633934406,4.596778869628906,5.378009976627602,5.388476371765137,5.398425036854007,5.314389705657959,5.2179528347483215,5.013753414154053,5.080310497715597,4.917737483978272,5.389165309307453,5.236594200134277,4.579067958794491,4.459408760070801
train,347,5.306952742473375,5.474208795107328,4.408458843497114,4.963431358337402,6.100379392506398,6.326282978057861,5.579354792076848,4.921237468719482,6.22838410630273,6.496082782745361,3.8360936680597284,3.0842888355255127,4.135894771374721,4.744198799133301,3.12665680617593,3.96675705909729,5.783061637153621,6.053606986999512,5.885340603507797,6.05001163482666,6.9144521456466395,7.168973445892334,5.348014258740331,5.572340965270996,6.032205324599185,5.981061935424805,5.612089302512832,5.836440086364746
train,348,5.432931746740316,5.513573683225192,5.64151091941038,5.385106086730957,3.771085736009018,4.009233951568604,5.835221421649108,6.291867733001709,6.110918406103128,6.375223159790039,4.208583638238467,5.193981647491455,5.4772247155586795,5.124342918395996,4.9896350711991735,4.402352809906006,5.356891001956716,5.465025901794434,5.793775012790471,5.824027061462402,6.969874660326364,6.104883670806885,4.89958079526228,4.87106990814209,6.032993299900319,6.740646839141846,5.540818029220007,5.888696193695068
train,349,4.971151222405565,4.789364090332618,5.309377347532492,4.630802631378174,4.990304582969438,4.543994903564453,4.895958137928936,4.317138671875,5.287531704164479,5.093772888183594,2.460132137897162,1.999618649482727,5.094662778643054,4.757461071014404,5.319567681756262,5.155820369720459,5.450032485847272,5.444781303405762,5.550321150883227,5.485052585601807,4.011007580495977,4.80652379989624,5.301736982271024,5.233687400817871,5.474547714029957,5.270007133483887,5.4797856068530635,5.523071765899658
train,350,5.123661290200955,4.949371282870953,4.832676817823819,4.655246257781982,5.685322524354083,5.0137038230896,5.303150480141918,5.780323505401611,5.943611092062246,5.541100978851318,3.75393683504751,2.809283971786499,4.104433199638165,4.124724864959717,4.034525503585046,4.224575519561768,5.631128906028476,5.585469722747803,5.7760142372102505,5.681963920593262,5.122635521896002,4.97084903717041,5.343662002334918,5.471157550811768,5.604256318655038,5.0753173828125,5.472243333834947,5.40811014175415
train,351,5.330692413920617,5.155112578318669,3.696618047037258,3.790780782699585,5.452099371033094,4.628424167633057,5.462687789825965,5.722849369049072,6.1136914269830775,5.982424736022949,4.145081362050345,5.252315044403076,5.1930385388250535,4.727598667144775,4.886424599808526,4.406318187713623,5.637541984610564,5.692853927612305,5.898937565043107,5.86350679397583,6.081682383980819,5.27314567565918,5.411128376506466,5.114730358123779,5.800566542047741,5.389060974121094,5.5195033932160085,5.172454833984375
train,352,5.330845046465205,6.082065105438232,5.612898261509495,7.950143814086914,5.331654113718826,5.14754056930542,5.0090715431743735,6.325527191162109,4.670556720721962,4.840550422668457,4.418738744832153,5.941060543060303,5.746105700468437,7.2721266746521,5.585398184670491,6.897604942321777,5.479721923427598,5.688073635101318,5.547414447888029,5.668768405914307,7.101541080209649,8.267833709716797,5.525797070773293,5.970269680023193,4.563248995654654,4.610179424285889,4.708838816998701,4.4871673583984375
train,353,5.103198073211273,4.982067768390363,5.328456518830636,5.144681453704834,5.58779380185667,5.961152076721191,4.94512251438357,4.519139289855957,6.058065880666645,6.109698295593262,3.9885275586043574,3.578436851501465,4.719397777066536,4.301670074462891,5.069692368704439,4.915452003479004,5.577467037335947,5.251858234405518,5.795072624695837,5.824366092681885,4.683421466970924,4.899717807769775,5.08969718236672,4.993905544281006,5.195968356865643,4.952677249908447,4.3028918633986315,4.314126014709473
train,354,5.178954494779895,5.095458324138935,5.182643596075514,4.458122253417969,5.241975520633648,4.976833820343018,4.872954388313951,4.676935195922852,5.810595701869616,5.679875373840332,3.8771782917566133,5.472889423370361,5.351784591558521,5.1349287033081055,5.244214237888771,4.837515830993652,4.900875278638184,4.883006095886231,5.676608392807088,5.646187782287598,6.366248547803501,5.993995666503906,5.310615748288798,5.138983249664307,5.032478488927113,4.981635093688965,4.458235647577316,4.360049724578857
train,355,5.100202546467706,5.431123109964225,5.226909698340467,4.996130466461182,5.669084089254657,6.518643856048584,5.05234250230269,6.005733489990234,6.175638440704353,6.85475492477417,0.5943923572045686,1.8951210975646973,4.759756578689101,4.440052032470703,5.222120265029749,5.306262016296387,5.682531683510787,5.518677711486816,5.938539951814587,6.307963848114014,7.063487765557576,7.880527019500732,5.3832838005694645,5.289988994598389,4.434978489601757,4.686285972595215,5.099567481500419,4.904458999633789
train,356,5.024393305309445,5.071555045934825,4.269444203327037,4.155900001525879,5.755222376373531,6.154172420501709,5.19376017559644,5.74293327331543,6.048736453520781,5.886661052703857,3.4256500456583265,2.259869337081909,4.492202995338534,4.5971550941467285,4.103736477937366,4.269538402557373,5.6251836036411,5.478122234344482,5.77105629375212,5.801647663116455,4.230910289475704,5.192636489868164,5.341125184895869,5.554504871368408,5.815950438475579,6.036245822906494,5.244134431030399,4.80082893371582
train,357,5.287342347096762,5.186856003908011,4.755265992614797,4.006672859191895,4.642755169144149,4.204660415649414,5.566897400367721,5.180553436279297,6.089242406967086,5.775609493255615,0.8691662534942441,1.8448070287704468,5.944290907466804,6.286713600158691,5.782225132410787,5.690652370452881,5.593521753792388,5.48502779006958,5.872638531298993,5.663619995117188,7.1416323426736295,7.481463432312012,5.586250098119033,5.61324405670166,5.696299249833879,5.389863014221191,5.1952652740743925,4.806240558624268
train,358,5.257544713324378,5.22973895072937,3.8994988458981155,3.81432843208313,5.425785499706308,5.649089813232422,4.67879337279625,4.300149917602539,5.684204609787547,5.308982849121094,4.151695424819756,5.40263032913208,5.6129851649004765,5.44376802444458,5.274562769997702,4.75255012512207,5.5056214409533375,5.519522190093994,5.768495708842048,5.720877170562744,6.759977315182086,6.727238178253174,4.784686758169688,4.847256183624268,5.422863590571511,5.217238426208496,5.378910771592094,5.282974720001221
train,359,5.482672542112996,5.089330783257118,5.38447303277103,4.214599609375,4.657491697698203,4.196835041046143,5.539863680662275,5.950197696685791,5.5479057215805465,5.142274856567383,4.51520337169159,4.517036437988281,5.964145190110649,5.242996692657471,5.700080430876841,4.98239803314209,5.508957020080901,5.228271484375,5.775352390023253,5.616855144500732,6.799084763251308,5.682066440582275,5.516389070399154,5.189296245574951,5.692606214270996,5.767305374145508,4.673190464052198,4.431167125701904
train,360,5.347390547652269,5.347133031258217,5.521961493912177,4.919804096221924,5.62061636337167,6.168717384338379,5.568697710005544,5.845561504364014,6.093975392192286,6.524560928344727,3.9923123605216255,2.7591917514801025,4.153258165711224,4.053475856781006,5.032959172777031,5.094067096710205,4.812916350877257,4.878146648406982,5.857942864001094,6.165545463562012,6.674278470297267,7.500072956085205,5.365956581583497,5.303926467895508,5.276653460183487,4.858672618865967,5.544548734045336,5.440986633300781
train,361,5.416261326297349,5.629197524144099,5.549660330217547,5.992777347564697,5.833026281661896,6.221197605133057,5.631610292210151,4.981341361999512,6.100479821953065,5.839205741882324,4.145084196850034,5.332820892333984,2.8915567007811185,3.746427536010742,4.505935172332819,4.92979907989502,5.832632091801777,5.90895414352417,6.051073542111544,5.934267520904541,6.440736734602786,6.76504373550415,5.625174178083448,5.625277042388916,6.105740403054331,5.99013090133667,5.698687496205013,5.912324905395508
train,362,5.534815488347643,5.672273489145132,5.892192474735666,5.378304481506348,5.970726863910305,6.479230880737305,6.058821048232899,5.446701526641846,6.383971762406748,6.847582817077637,4.274210865416723,5.312169075012207,2.683335684124967,3.708020210266113,4.520511619370401,4.846078872680664,5.878066580908818,5.93846607208252,6.1145601156954195,6.259243011474609,6.3765880320553325,5.84477424621582,5.4816628359063415,5.335977554321289,6.345062736753836,6.39288330078125,5.972890729001901,5.950123310089111
train,363,5.2593240846693945,5.077806289379414,4.358670822525963,4.022712230682373,5.689395788903216,5.96339225769043,4.857752322051011,4.291484355926514,6.031442245517673,6.104848384857178,4.241651484680922,5.263378620147705,5.304806538839859,5.311511039733887,4.987345445864783,4.464247703552246,5.2606116648827195,4.970148086547852,5.801744637548722,5.6161627769470215,6.006768821441703,5.063650131225586,5.457426385046452,5.17753267288208,5.112681209302705,4.814941883087158,5.260915734096392,4.947471618652344
train,364,5.238991127102588,5.590304007897011,5.307867007754783,5.371683120727539,5.2247806587084265,5.870749950408936,4.609207520309654,4.363124370574951,4.207839295630024,4.790213108062744,4.1770753284458895,5.6847357749938965,5.7708007081424535,5.964373588562012,5.555556207377536,5.396493911743164,5.3890502822423665,5.914193630218506,5.472311846446134,5.709141731262207,6.514780287775982,7.527853965759277,5.563572099719499,5.929113864898682,5.302796860038602,5.316796779632568,5.011246549742288,4.83547830581665
train,365,4.793543397154435,4.976911544799806,5.399656683130411,5.994759559631348,4.941737309433626,5.48630952835083,5.497546914619824,5.043025016784668,5.435224556573898,5.441472053527832,2.6741555457060198,2.1319222450256348,4.365549627753869,4.455750465393066,4.801263478421253,4.990046501159668,5.150406037390714,5.284435749053955,5.098038100934759,5.232744693756104,3.1789204579059387,4.762848854064941,4.925898822541978,5.091916561126709,5.59016586698219,5.717181205749512,5.257500761613175,5.067437648773193
train,366,5.418563283228038,5.484955695959238,5.347512910205623,5.15336799621582,5.922013355868392,6.223825454711914,5.76644593709397,5.8768181800842285,6.267597719698191,6.359537124633789,4.084663536788072,2.8700273036956787,3.3131976902349836,3.983132839202881,4.000000221571928,4.332627296447754,5.804062443091239,6.101298809051514,5.987297015727369,5.990160465240479,6.782405826837685,7.056301116943359,5.278266052456413,5.130410194396973,6.12182066617115,6.156522274017334,5.76603930621947,6.070394992828369
train,367,5.009067073321328,4.9128134709138145,4.959665873511267,5.317757606506348,5.262660582142068,4.781952381134033,4.930436661848053,4.649604320526123,5.885398410501656,5.714897155761719,1.1630629522275986,1.9340494871139529,5.035468339006846,4.684308052062988,5.0350299775929965,4.646897315979004,4.945638142285951,4.919957637786865,5.768424156507903,5.832284927368164,6.441976344062178,6.005019187927246,5.41229586077459,5.581579685211182,5.127119481849651,4.93496036529541,5.150695170866502,4.863306999206543
train,368,5.092611716476924,4.928864295666036,5.151752112151413,4.659271240234375,5.143215079329402,4.669914245605469,5.282927828785948,5.286872863769531,5.392343803858131,5.194031715393066,3.705887257877878,3.0724215507507324,5.217388757278477,5.338028430938721,5.006120208006462,4.61183500289917,4.726173274307594,4.842222690582275,5.566183887517806,5.644437313079834,5.379078325526265,5.35631275177002,5.012154303533674,4.95814323425293,5.626071863594439,5.803018569946289,4.994655612432521,4.638726234436035
train,369,5.390987399459362,5.4822195676656875,5.7705534172962425,6.566560745239258,5.52930724945655,5.743488788604736,5.7462102611076835,6.30492115020752,5.967152285083629,5.955069541931152,4.3416336219241805,4.317631244659424,4.31466337618114,3.998850107192993,4.9740293919157965,4.972723484039307,5.51356553286784,5.430745601654053,5.630802202150907,5.49594783782959,6.706694758623113,7.210263729095459,4.729494630604635,4.828146457672119,5.8645625903724055,5.876527786254883,4.994166875387574,4.5679779052734375
train,370,5.366288332600618,5.380783301133377,3.853942884371774,3.812534809112549,4.52767775010095,4.218894958496094,5.393306091259317,5.676307678222656,5.99185955272594,6.041620254516602,4.143357106750242,2.5715861320495605,5.8124766535538255,6.910074234008789,5.603017619380732,6.340034008026123,5.3880808502496995,5.206722259521484,5.887826798937511,5.922893524169922,6.6916982910820435,6.069573879241943,5.234915646543155,5.02904748916626,5.823537205487493,6.384149551391602,5.410051873365341,5.766744136810303
train,371,4.796487229648387,5.210643355663007,4.24103334444951,4.124205112457275,5.479768197994819,6.396641254425049,4.290320710973054,4.254331588745117,5.987669292906008,6.027304649353027,0.7528007057883408,1.8721355199813845,5.241774403498923,6.205376625061035,5.306929446313862,6.121490478515625,5.702088285255411,6.247395992279053,5.824576730585098,6.07490348815918,4.102472723393985,4.828339576721191,5.512683010944874,5.984332084655762,4.951331862988107,4.847183227539063,4.960885270337036,4.754724025726318
train,372,5.552538234559672,5.4551394169147205,4.962246439960828,4.719839096069336,5.803504194945683,6.3246684074401855,3.266352453990086,3.903890371322632,6.056571276150591,5.672466278076172,4.645362162858641,3.270504713058472,6.111199563299227,4.715110778808594,5.9294279299691794,5.474440097808838,5.932157403123551,6.2374796867370605,6.011172950020991,6.10888671875,7.4427567008122795,7.894931316375732,5.845160489217591,6.081647872924805,4.794647324238946,4.9845499992370605,5.382438160688153,5.528397083282471
train,373,5.314906115575776,5.800429747654841,5.381452581741469,7.270273208618164,5.495630142141591,5.771315574645996,4.896169649449249,6.061371326446533,5.8226845404476295,5.8983154296875,4.616027446921929,5.713322639465332,5.622570309190851,5.982119560241699,5.480661539753464,6.049992561340332,5.548782000187077,5.573643684387207,5.583637120989681,5.444307804107666,6.783908642656895,7.318734169006348,5.4289052376586575,5.482014656066895,4.21050658642319,4.511556625366211,4.222843704923408,4.328619480133057
train,374,5.369474684218896,5.3152457017164965,5.46983014050062,5.396677017211914,5.63222449514311,4.9343743324279785,5.493513152218296,5.821601390838623,6.082159711244124,5.756556987762451,4.229653175557602,5.235057830810547,4.403614710661516,4.03232479095459,4.733433697702237,4.4689621925354,5.721953490294029,5.63562536239624,5.880931033876779,5.7756876945495605,6.675547954816343,7.162018775939941,5.164183213923835,4.987149715423584,5.730208651938824,5.5035810470581055,4.585917466968323,4.388576984405518
train,375,5.5147326232761475,5.317656076871432,5.147805828994605,4.326162815093994,5.884439081099064,5.871591091156006,5.022266273971554,4.337588310241699,6.222112160816703,6.421520709991455,4.516024818414899,5.288784027099609,4.763148065758631,4.07393741607666,5.046318988073227,4.542225360870361,5.873889363534402,5.58926248550415,6.025770332182634,6.034818172454834,7.057224350722757,7.393237113952637,5.667774786002901,5.470004081726074,5.573919161200235,5.30029296875,4.8908308918183065,4.480104446411133
train,376,5.407304717033866,5.38286698781527,5.259492450540425,4.248750686645508,5.39715499393353,5.245014667510986,5.482936916976392,5.936185359954834,5.732666947609223,5.546763896942139,4.4615887489443935,3.0129635334014893,5.859110250786015,6.643760681152344,5.607752935496465,6.081342697143555,5.509687328357009,5.3930840492248535,5.487876902526225,5.3703155517578125,6.802157177835905,7.294131278991699,5.396462188681855,5.411038875579834,5.402165206772026,5.570199012756348,3.8959092729807896,4.223720550537109
train,377,5.444883656941978,5.371554961571327,5.534550587683542,4.541446685791016,5.468616136559191,5.526328086853027,5.465076350419633,5.964397430419922,5.801597880107449,5.782289981842041,4.648657057442714,5.662398338317871,5.846122801309785,5.080379962921143,5.627238479409393,5.427825927734375,5.55724686887802,5.454686641693115,5.513163837423929,5.330496788024902,6.785809762258267,5.914064884185791,5.412328146283425,5.385919094085693,5.393982132650977,5.5643815994262695,3.7290974998193778,4.19559907913208
train,378,5.676417418561042,6.05059737425584,5.864626755750795,5.325000286102295,6.14448175020168,6.777722835540772,6.049555283026037,6.795569896697998,6.459147749164551,7.138229846954346,4.674966468447677,5.296403884887695,2.8101228588654994,3.6937408447265625,4.617096559265312,4.986702919006348,5.9995664921532486,6.06803560256958,6.22210384399659,6.644932746887207,6.937480596939673,7.452576637268066,5.722219390127612,5.935977458953857,6.38671123279375,6.962109088897705,5.905347460561113,5.580763816833496
train,379,5.223455513403834,4.884472773625301,4.666037640118109,4.158796787261963,5.662377276870073,6.040608882904053,4.919927801525677,4.272172927856445,6.0198891962139465,5.797714710235596,3.2258789597815394,2.02758264541626,4.882490117976229,4.362143039703369,4.8356433304984785,4.442197322845459,5.6506422148795385,5.622482776641846,5.822042028177939,5.696370601654053,6.540938950021543,6.112939357757568,5.447989818933055,5.253546237945557,4.961788218997387,4.725054740905762,5.269276120256326,4.986536026000977
train,380,5.28068097813658,5.615977342312153,5.77709436079551,7.869221210479736,3.6216680772498213,4.036043167114258,5.683479468021975,6.938179016113281,5.965226446189257,6.324679851531982,4.004899684552736,3.737613439559937,5.647572219701814,5.169717788696289,5.634701825152702,5.736361503601074,4.530820586940613,4.781091690063477,5.694029553772628,5.83971118927002,5.531885535137012,5.151564121246338,5.193260564438806,5.093974590301514,5.872584557899832,6.404165267944336,5.491629835922833,5.925382614135742
train,381,5.155851729172464,5.012710406230046,5.262156030136888,4.490478992462158,5.0119517633899555,4.543619632720947,5.334383447285499,5.464006423950195,5.944472211147074,5.992561340332031,3.614736411406705,2.5960805416107178,4.029900038055471,4.028903007507324,4.416258586597463,4.429957389831543,5.485737368925796,5.492092132568359,5.74769440642627,5.690390586853027,6.297728375497594,6.991853713989258,4.869849299409057,4.897631168365479,5.70771266760351,5.662044525146484,5.303491873360747,4.885615825653076
train,382,5.594395640362433,6.0491665326631985,5.29132250593063,5.694290637969971,4.917921097928351,4.318321228027344,3.7825521354068066,4.304856777191162,6.131920514445441,6.507816791534424,4.714338084287633,6.06188440322876,6.419369043359401,8.01424503326416,6.077427998393726,7.309361457824707,5.766470434842194,5.801431655883789,5.979506328044729,6.156956195831299,7.47877163752524,8.229827880859375,5.7631080657837215,5.599143981933594,5.015139235310555,5.140164852142334,5.389296243453193,5.500864028930664
train,383,5.395534502503661,6.205285732562726,5.775533742315802,7.222536563873291,5.816037252661376,6.986804008483887,5.841528076807448,7.713242053985596,6.299439265047087,7.345041751861572,3.977371971933061,2.569535732269287,2.8585500348812682,4.101850986480713,4.442582025873759,5.20742654800415,5.7336192190692525,6.612890243530273,6.020411651778347,6.543424129486084,6.563958664328236,6.48738431930542,4.69681351102095,5.224499225616455,6.267474370948249,7.743064880371094,5.848628745882766,6.911014080047607
train,384,4.822939661264425,4.975477053568914,5.391699806456838,4.808149814605713,4.877109216465834,4.736344337463379,4.954285125936154,5.1010613441467285,5.291742737142953,5.205081462860107,3.236372186375587,2.604358434677124,4.59066223324831,4.611724853515625,4.94902736255312,5.283618450164795,4.799056823179931,4.907650947570801,5.464918553498429,5.77459192276001,3.4594583602742843,5.316555023193359,4.7633701962885215,4.981657981872559,5.45729837728292,5.62989616394043,5.4632146177346455,5.720510959625244
train,385,5.474645327945232,5.126936912536621,5.516154374049428,4.399730205535889,5.46808001708401,5.538569927215576,5.9746029498150435,5.584012508392334,5.80877399096149,5.621068000793457,3.6101987193762803,2.037564754486084,5.005120231935845,4.156420707702637,5.323089645377303,4.882552623748779,5.433292747691385,5.342720985412598,5.42197026493114,5.34794807434082,6.965234956374183,7.122502326965332,5.304298626486088,5.127678871154785,5.8957262383793285,6.003315448760986,5.443846500826489,5.486095428466797
train,386,5.488084411239945,6.058488790805524,5.285830971995613,5.939208984375,5.753479431315366,6.596523761749268,4.121811241087254,4.039177894592285,6.100400987508111,6.599162578582764,4.516083691213005,2.6582720279693604,6.186172501120378,8.207418441772461,5.88191721979782,7.341786861419678,5.9303140413808535,6.6837358474731445,5.962347102950944,6.478647708892822,7.23283964038501,8.516152381896973,5.755824733972144,6.505864143371582,4.883268640966828,5.019821643829346,3.73480714242596,4.174582004547119
train,387,5.636849673213354,6.239235474513128,6.2445667344025235,8.070134162902832,2.815311223142512,4.019102096557617,5.99048609234369,6.420123100280762,6.0507254109660025,5.809686183929443,4.62745841994537,4.56244707107544,6.284798062219354,7.974233627319336,6.021602781107796,7.11091423034668,5.301527549807781,5.966259479522705,5.834122093211865,5.992082595825195,7.277069683170047,8.271920204162598,5.335283047982362,5.226659297943115,6.018956035316118,6.304665565490723,5.477138618158191,5.381833553314209
train,388,5.333396859756079,5.574407174037054,4.508584970362604,5.228769302368164,6.023844622755803,6.301300525665283,5.318667028481069,4.910231113433838,6.176405114090982,6.17401647567749,3.996174627275222,5.23968505859375,4.45028822089119,5.293924331665039,3.5420414607154234,4.198749542236328,5.698132430626547,5.486508846282959,5.867799724334801,5.894749641418457,6.955468927414939,7.1388139724731445,5.393126470235285,5.602346897125244,5.8712300411914455,5.676432132720947,5.532395538453716,5.321765422821045
train,389,5.304613713775289,5.805640147282528,4.381873808342709,5.042656898498535,6.12231674420032,6.5099310874938965,5.684913304857792,5.960240364074707,6.23503301981025,6.57192325592041,3.8713478695801733,4.8692779541015625,4.048590065223165,4.859748363494873,3.001451869587567,3.9462523460388175,5.780380597955241,6.093301773071289,5.883125575618022,6.099499225616455,6.905553037614465,7.147767066955566,5.331393191728521,5.585717678070068,6.092552801401023,6.782031536102295,5.621446393159508,6.004974365234375
train,390,5.294783778477626,5.128426423439613,5.355873346797486,5.505525588989258,4.946369244951851,4.507210731506348,4.950442515011641,4.254899978637695,5.552549141997674,5.512637138366699,4.232033466571137,3.181547880172729,5.7102467242156445,5.904837131500244,5.484979693977405,5.296047687530518,5.320268324096769,5.260948181152344,5.340116277176264,5.291955471038818,6.563656483724569,7.098022937774658,5.295014304087756,5.119080066680908,5.251493140041607,5.108161926269531,4.829146457559331,4.628668785095215
train,391,5.528906918593885,5.583163958329422,5.2932319669802235,5.475152969360352,5.510477064527822,5.643072605133057,4.210217609877484,4.304033279418945,5.819496128321909,5.833184719085693,4.740512963844142,5.488089561462402,6.219474859664205,6.304781436920166,5.854866128297826,5.394291877746582,5.567058618535999,5.432677268981934,5.540019558179722,5.34126615524292,7.279893780394946,7.565421104431152,5.512058157696756,5.387373924255371,5.047192233198436,5.079153537750244,5.281290872201029,5.332633018493652
train,392,5.444691840556152,5.3277291517991285,4.196216201892219,3.883453369140625,5.164518554987695,4.476907730102539,4.9282741028296275,4.675032138824463,6.115818411487103,6.45372486114502,4.383549555618772,4.377802848815918,5.552602955195628,4.858216285705566,5.145129026663894,4.515951156616211,5.679297349483726,5.73603630065918,5.9402789251116745,6.042162895202637,7.057367988048661,7.676949501037598,5.624523697943595,5.658436298370361,5.50299747566048,5.367548942565918,5.490419682306902,5.538256645202637
train,393,5.297480832094083,4.898707408171434,4.921338240475237,4.947967529296875,5.2018987567003645,4.437201976776123,5.089764436432652,4.475698947906494,5.980988821548893,5.667201995849609,3.7747398653176387,2.248340845108032,5.169109144761579,4.924376010894775,4.661252491871079,4.300797939300537,5.104328896411785,4.897421360015869,5.804271900674092,5.742770671844482,6.696609416091727,6.065788269042969,5.441308326572472,5.461146354675293,5.66825654292759,5.436576843261719,5.353383977437954,5.077907562255859
train,394,5.5430379930095866,5.782568711500902,4.899607919419051,5.581852912902832,5.795203645111172,6.466131210327148,2.924908709018114,3.843778371810913,6.1242692824408085,6.483299255371094,4.597608076791473,2.659607172012329,6.417700890719045,7.1820902824401855,6.053492881909387,6.361581802368164,5.922500285048974,5.714112281799316,6.0159735526508555,6.240609645843506,7.521244744049605,8.147217750549316,5.864409110455994,6.093411922454834,4.595045842321092,4.856033802032471,5.327528969189058,5.543666839599609
train,395,5.379848881340854,5.253134094751798,5.623241817060699,4.54335880279541,4.903757185452911,4.409323692321777,5.6731973844927275,5.256696224212647,4.649220433243825,4.847775936126709,2.961959490629903,1.931439757347107,6.0126108518008206,6.43435525894165,5.776529549805151,5.973301887512207,5.3191870529471,5.271473407745361,5.392959921130052,5.341990947723389,7.1721833248130515,7.515987873077393,5.43704824628517,5.4347076416015625,5.704833561110533,5.835057735443115,5.311306638659147,5.495274066925049
train,396,5.4251936133192915,5.5238377681145305,4.163461167552756,3.8770134449005127,5.531086159798574,5.838569164276123,5.456841183012427,6.006426811218262,5.956323880460829,6.02733850479126,4.399964331985448,5.521276950836182,5.873622073052276,6.027424335479736,5.638014655517211,5.117548942565918,4.580269748943115,4.750515937805176,5.769713313765688,5.62230396270752,6.928784899786028,6.873079299926758,5.507810224769876,5.544261932373047,5.6802913296479804,5.957640647888184,5.0413340048585855,4.646491050720215
train,397,5.2506648908493885,5.165752044090858,5.091350976230713,5.1948676109313965,4.928547037048919,4.431931972503662,4.872291747266095,4.388439655303955,5.867019452320378,6.0622382164001465,3.928404039348042,5.239842414855957,5.187432087453561,4.488770484924316,5.146240638673774,4.6543707847595215,4.6975887219786525,4.800220012664795,5.7432277483312575,5.646846771240234,6.498946397455425,5.885217666625977,5.432402478148874,5.293975830078125,5.514092705730487,5.459847450256348,5.351099551055871,5.608207702636719
train,398,5.394294383109266,5.180898207884568,4.042570451680659,3.849955320358277,5.38251189504854,4.718585014343262,4.663087416093975,4.255825519561768,5.815711884021198,5.42893123626709,4.397996821063252,4.183009624481201,5.882144900476057,5.709102630615234,5.62511328668076,5.299649715423584,5.687103835251589,5.686254024505615,5.896695501106761,5.856544017791748,6.905051847265094,7.443064212799072,5.591005282087335,5.208462238311768,5.306388936358403,5.140261173248291,4.930444923286826,4.5720319747924805
train,399,5.494148776412742,5.519307631712693,4.347960500046978,3.8858330249786377,5.572865915883439,5.880647659301758,5.057467796206343,4.35484504699707,5.006843690030964,4.9358625411987305,4.600879107412062,5.568119525909424,6.066404161657321,6.185113906860352,5.796633409712635,5.675236701965332,5.544509704561246,5.288744926452637,5.739412042739512,5.755640506744385,7.180258259197404,7.90507173538208,5.687636413795706,5.7522406578063965,5.450584006668444,5.076944351196289,5.372479085453586,5.486698627471924
train,400,5.324307703968949,5.013546888644878,5.540290005976095,4.634857177734375,5.5741942766038965,5.6887640953063965,5.468930153452428,5.495052337646484,5.8841879140494475,5.451740741729736,3.611772207064665,2.1163175106048584,4.49335103584911,4.139606952667236,5.097677826565408,4.879724025726318,5.596387899575414,5.559777736663818,5.722120069247044,5.523690700531006,6.70147461100674,6.83644962310791,5.413606305260232,5.403911113739014,4.882809070609771,4.673627853393555,5.229198776336085,4.772589683532715
train,401,5.359455080278372,4.867796861208403,5.173170878036562,4.289231300354004,5.319573859832339,4.623969078063965,4.882002565743137,4.258480072021484,5.27721277406503,5.03345251083374,4.34693471176339,2.795792579650879,5.800102022175912,5.296301364898682,5.666163566930205,5.623981952667236,5.590545488274685,5.561157703399658,5.706387896311986,5.587286472320557,6.46728221318134,5.383425235748291,5.580333910295429,5.499710559844971,5.025591681852214,4.80464506149292,4.837614475156607,4.523925304412842
train,402,5.501988877598296,5.2156712275284995,3.9414123111799757,3.8328311443328857,4.948081702250174,4.335458755493164,5.011813809721417,4.412631511688232,6.042833630750589,5.765294551849365,4.552380897041761,4.325379371643066,5.925598118388039,5.040577411651611,5.739741832368103,5.55497407913208,5.655929755609353,5.57039737701416,5.974916748106935,5.868358135223389,6.956817060850011,6.287765502929688,5.723874577045408,5.781820774078369,5.6107428987384,5.431005954742432,5.441712066727677,5.597231388092041
train,403,5.154536865614043,4.9522881141075725,4.212817747401724,3.899319887161255,5.068919606856691,4.461461067199707,5.17970792068916,5.589946269989014,5.922032755722308,5.838519096374512,4.067161024569464,3.4812123775482178,5.25070320602342,4.948983192443848,5.212442938840667,4.847517490386963,5.499077113983909,5.420548439025879,5.704902173577554,5.501951694488525,4.95853334075807,4.923732280731201,5.377726839493514,5.128950119018555,5.243184327437013,4.886202812194824,5.311770257629051,5.4514007568359375
train,404,5.288081050977923,5.017572696392353,4.3573621948199595,4.196807384490967,5.80468952156313,6.078134536743164,4.690819186035778,4.219882488250732,6.0662823937873736,6.16157341003418,3.844523637787324,2.443153381347656,4.958892116766541,4.781161785125732,4.324622887485886,4.194149971008301,5.65004141606154,5.316181659698486,5.85790612174351,5.716443538665772,6.848917186965374,6.23772668838501,5.383110600250145,5.044610023498535,5.521310018878659,5.321207046508789,5.43657638056777,5.517413139343262
train,405,5.3517847806579875,5.418186976359441,5.5555634718878055,6.346347332000732,5.177088007189869,4.436015605926514,5.0139984953495755,4.428888320922852,6.097727564209832,6.508035659790039,3.5044186256528143,2.040851354598999,5.946547907279244,7.546984672546387,5.744569844718297,6.876683235168457,5.788425632248706,5.799755573272705,5.893585487273865,6.031073570251465,6.515397614559082,5.578670501708984,5.5670866608183145,5.369450092315674,5.257368560336293,5.319435119628906,3.5114242770301374,4.154239654541016
train,406,5.391424085505191,5.3598787784576425,5.213741350452087,5.506587028503418,5.154370544200126,4.495882987976074,4.066392618649001,4.03310489654541,5.231578119216399,5.0403828620910645,3.931345235420464,2.2177398204803467,6.0869390987975205,6.64434289932251,5.832814654032109,6.142004489898682,5.6214403379824365,5.582727909088135,5.753824715028851,5.756886959075928,7.153533595801186,7.749588966369629,5.688933496825099,5.930520057678223,5.081025716043291,5.1238274574279785,5.272573629118915,5.454827785491943
train,407,5.456266304769792,5.137108692756066,4.7742828190553155,4.300411701202393,5.766406867339766,6.131816387176514,3.8475228949828018,3.986993312835693,5.977947328704705,5.5231804847717285,4.103958442979326,2.266143321990967,5.759219871389815,4.606564044952393,5.432801458087379,4.599262714385986,5.8548011079879,6.012321472167969,5.949612780142137,5.912887573242188,7.2931461745874335,7.43715763092041,5.714146841413683,5.467930793762207,5.045493665837846,5.029560565948486,5.412121709499183,5.508183002471924
train,408,5.648333723873878,5.671982141641471,5.874846034376027,6.240303039550781,6.003187529422604,5.322302341461182,5.970408004304547,5.451431751251221,6.179508035003817,5.60344123840332,4.6413019188348175,5.334213733673096,3.1545461444524037,3.7267255783081055,4.740888681223353,4.966882705688477,5.918587791497084,5.79078483581543,6.130258691273603,6.062350273132324,6.969440346603124,7.397554874420166,5.657023993341882,5.460861682891846,6.308921495842912,6.314545631408691,5.87941974418424,6.064370155334473
train,409,5.170208723769168,4.944631301439726,5.30914309264805,4.641107559204102,5.4580654388630485,5.576540470123291,5.075370653995508,5.288942813873291,4.971568347504697,4.963302612304688,4.133949309382007,3.02441954612732,5.09713495836777,4.514458179473877,5.309143894810177,5.225789546966553,5.3899683054060805,5.149921894073486,5.5812055655842485,5.521630764007568,5.173617167421171,4.917622089385986,5.442260469392134,5.375874042510986,5.0091160101902465,4.765760898590088,5.262170195434039,5.314836502075195
train,410,5.327591221369096,5.490018514486461,5.887607926754221,6.986260890960693,5.051864386230261,5.44495964050293,5.859703971657153,6.025906085968018,4.258641857567108,4.79151725769043,3.73529893632021,2.244826316833496,5.706385938544944,5.53941011428833,5.5969085914968355,5.764404296875,5.119617736564186,5.231297016143799,5.09418336499315,5.263172626495361,6.721173846995255,7.386087894439697,5.213077329563761,5.337172031402588,5.673390745311069,5.8797287940979,5.340831245800097,5.475497722625732
train,411,5.233396215000946,5.217828548871554,4.710158156743686,4.401761531829834,5.297029305109117,4.797924518585205,3.619705763209285,3.9859402179718018,5.735810175202519,5.483858108520508,4.0189251046871615,5.378511905670166,5.779759974956736,6.016917705535889,5.613427528377251,5.519956111907959,5.298116824067035,4.977712154388428,5.792270445337881,5.664454936981201,6.452590393094444,5.792605400085449,5.59655188912165,5.319760799407959,4.895334090327905,5.01306676864624,5.224471144777621,5.4793009757995605
train,412,5.552722625315219,5.691750398048988,2.824074102228951,3.6853535175323486,5.777057256687532,6.115226268768311,5.327389261187922,5.444297790527344,6.076778100033085,5.728703498840332,4.746778788203386,5.671219825744629,6.032367809836821,5.350162029266357,5.7728240284539325,5.759592533111572,5.459818090984194,5.075437068939209,6.029467008335361,5.978885173797607,7.044217389454954,7.644976615905762,5.777723623785723,5.860694408416748,5.837348394649671,6.242676734924316,5.479550275256322,5.435529708862305
train,413,5.273288267418974,5.358504588787373,4.664739852522202,4.848710060119629,5.838509346960643,6.243555545806885,4.822035852538954,4.42287540435791,6.065269929302501,6.365662574768066,4.120195210130291,5.072231769561768,4.913306384452064,4.650565147399902,4.287522569635018,4.199918270111084,5.697053818696057,5.398497104644775,5.870216234565435,5.96794319152832,6.518377969550728,7.088466167449951,5.501354426048914,5.549116134643555,5.5465634644438735,5.3948187828063965,4.707602417599985,4.458199501037598
train,414,5.214020504112239,5.09181979069343,5.079774777221958,5.222966194152832,5.603517954413614,5.686601638793945,5.733078882671624,6.295381546020508,5.71386729762269,5.278220176696777,2.3703450942163933,1.9096063375473025,4.856564572291327,4.413527011871338,4.416084100724438,4.218000888824463,5.512991282740792,5.42918062210083,5.517600957537316,5.326428890228272,6.410245919236998,5.377546310424805,5.260259946186274,5.287432670593262,5.871958689691409,6.14227294921875,5.435977078904261,5.606492042541504
train,415,5.387038663881333,5.052486749795767,5.693564587353494,5.318968772888184,5.023002190540849,4.507190704345703,5.568665780318938,5.479909420013428,4.284469454442052,4.781275749206543,3.8290439683197737,2.1662721633911133,5.941537751249416,5.339566707611084,5.717398819353953,5.228296279907227,5.0315414211629,4.8837080001831055,5.40837835506821,5.354743957519531,7.064562977724036,5.954492092132568,5.466137115565559,5.455203056335449,5.693968216727756,5.926078796386719,5.309231992630391,5.286622047424316
train,416,5.3121191089525786,5.228025381381696,5.522022015952952,4.469718933105469,5.467743349827734,5.861780643463135,5.642232914992751,6.012916088104248,4.737519414886615,4.936502456665039,4.0542689273202,3.286349058151245,4.636102082026486,4.168359756469727,5.21070054833693,5.052253723144531,5.500522640011633,5.765276908874512,5.608875678202177,5.650725364685059,5.722559096409887,5.197297096252441,5.4794005037871045,5.637674331665039,5.9004544331638495,6.190370559692383,5.575146811465189,5.735105037689209
train,417,5.173613490494767,4.965925161655132,4.206813792975677,4.082001686096191,5.8593552694257305,5.323818683624268,5.468500280966254,5.540677547454834,6.172319421169965,6.308666706085205,3.1834933668835923,2.0547196865081787,4.423910166670458,4.395407676696777,3.8908319416830475,4.121030807495117,5.696686106806048,5.548937797546387,5.854413186737916,5.800679683685303,5.760870544808958,5.055828094482422,5.373855700451044,5.481340408325195,5.822488285967062,5.335495471954346,5.543437311886219,5.5084228515625
train,418,5.594873872349231,5.894948904330914,2.6637458765297812,3.665641069412232,5.8143564802808765,6.092653751373291,5.389599370309443,6.259844779968262,6.15477723298218,6.269684314727783,4.85604322051337,5.62197208404541,6.121396655319403,6.146503925323486,5.797295512138904,5.623762130737305,5.630923477795115,5.254085540771484,6.028266705768803,5.859059810638428,7.122416673785997,7.83451509475708,5.787841225187316,5.70969820022583,5.8637281948112445,6.496867656707764,5.5029697151175565,5.800047397613525
train,419,5.172365455319562,4.907001770459689,4.8220974140963655,4.949895858764648,5.5096958881091105,4.716553211212158,5.220017783653982,4.542078971862793,6.105630415550378,6.281405448913574,3.503999406646409,2.3596279621124268,4.356120162688569,4.2162699699401855,3.8797241196578716,4.157595157623291,5.512115877972835,5.27760648727417,5.78868849447817,5.787924766540527,6.4497409609238865,5.569899559020996,4.7533217177432165,4.838190078735352,5.794198670302506,5.515784740447998,5.54540000733099,5.578190803527832
train,420,5.332397402550505,5.029015962894147,5.717196531074229,5.933719158172607,5.489480254848743,5.207188606262207,5.766723265459115,5.056521892547607,5.983396680317572,5.941254615783691,3.3663228036914767,2.055948495864868,4.133282520832325,3.950963020324707,4.917919936932421,4.938376903533936,5.493135241391214,5.402839183807373,5.6294122013936665,5.424910068511963,6.692580673925131,6.028848171234131,4.76128149062359,4.841997623443604,5.857307600057126,5.405794620513916,5.5131270326099555,5.188845157623291
train,421,5.43187953647116,5.417145197208111,4.041452337701473,3.856677770614624,5.861309876146944,6.401585102081299,4.990847334061945,5.386610507965088,6.137240237495153,5.996656894683838,4.70015154901708,5.454947471618652,5.41044394620136,4.604061603546143,5.281759401792251,4.695160865783691,5.773381167152419,6.312888145446777,5.9758606335650635,6.07061767578125,7.075510847662931,6.26305627822876,5.659619717953465,5.864835262298584,4.525596090732458,4.549074172973633,5.181260834642541,4.9667158126831055
train,422,5.072775460523363,4.96103495817918,5.019666322376699,4.493218898773193,4.75794381772731,4.394268035888672,5.408833360382269,6.114992618560791,5.811233948360449,5.824385643005371,3.356275273102952,2.56801700592041,4.821983952042777,4.612361907958984,4.7678514866895565,4.499506950378418,4.5934267031896665,4.800240516662598,5.648007036139688,5.663136959075928,5.621507139737446,5.277926921844482,5.261310820401533,5.426973819732666,5.70200064251791,5.993569850921631,5.176040484135465,4.824855327606201
train,423,5.581111324017298,5.655895123114953,5.660081464835857,5.907586574554443,5.81697041556498,4.914586544036865,5.511856341964764,4.771795272827148,6.32428702769144,6.588400840759277,4.618910874677038,5.385447502136231,3.4635051000603383,3.793777942657471,4.838811614279561,5.015642166137695,5.906770835446685,5.983959674835205,6.136046312157369,6.19908332824707,6.691054224689911,7.323113918304443,5.712778367102239,5.818861961364746,6.123138168953975,5.859735488891602,5.750236464800708,5.964645385742188
train,424,5.126849184894156,4.899122439897978,5.089653509175262,4.495658874511719,5.503356799194849,5.967477798461914,4.888162636552328,4.755148410797119,5.873413957025454,5.688938617706299,3.1697884816937316,2.0322201251983643,5.158506999773521,4.667466640472412,5.172971418667399,4.841166973114014,5.670967419738412,5.716617107391357,5.757843835773661,5.614279747009277,6.21678009089332,5.385120868682861,5.48610087170408,5.579790115356445,4.643032707627156,4.6818952560424805,4.018460675804856,4.262811183929443
train,425,5.339921526899595,4.995036235222449,5.0845932318742255,4.398210525512695,5.565287559441813,4.782915592193604,5.516891977950674,5.810553073883057,6.106280882226262,6.155989646911621,4.073877560091499,2.501916646957397,4.106806346292632,3.9631097316741934,4.652709735463187,4.463217735290527,5.546571779274666,5.223578929901123,5.873090590713713,5.654775142669678,5.897791330471092,5.260478496551514,5.480523482525456,5.2553887367248535,6.007911386508097,6.22883415222168,5.506643986861419,5.236502647399902
train,426,5.4554386389944876,5.170091940806463,5.215811926728956,4.942922115325928,5.5705614570879325,5.705700397491455,4.005052376451322,4.013508319854736,5.140525594414796,4.980464458465576,3.988056495625129,2.11085057258606,6.212284676202408,5.609896659851074,5.9257540555078005,5.861208438873291,5.698986440332559,5.901319980621338,5.756056168548957,5.690310955047607,7.317347627418233,6.13833475112915,5.7295574587824625,5.957354545593262,5.0587612553814285,5.080233573913574,5.301946774446347,5.219090461730957
train,427,5.313919659272353,5.257874892308162,4.875085495341692,5.261141777038574,5.391960896515019,4.745338439941406,3.2561545933181524,3.939899444580078,5.981445010267773,6.257105350494385,4.031499189100765,2.24314546585083,6.064882724659898,6.669626712799072,5.771562795530034,6.008545398712158,5.5875287464635806,5.19382905960083,5.875987632049497,5.85286808013916,6.824367083796481,6.579544544219971,5.347865764594306,5.028560161590576,4.829186270785562,5.065147399902344,5.243429368117824,5.507621765136719
train,428,5.383399763720131,4.988566600359403,5.733813923051996,5.626219272613525,4.66619236346935,4.235223770141602,5.233075783942113,4.537117004394531,5.786287684609843,5.344070911407471,3.8591329700600565,2.165969133377075,5.902840286741333,5.821221828460693,5.667532112603881,5.242068767547607,5.575126840893936,5.467135429382324,5.763912413886702,5.57191801071167,6.938224138833867,6.181768894195557,5.361803211307179,5.064623355865479,5.380522020418937,5.33130407333374,4.115733178542516,4.262725353240967
train,429,5.703035068707564,6.001700621384841,6.135463176286466,6.94798469543457,4.093773792112171,4.08446216583252,6.079269178543849,7.050154685974121,6.284463414885354,6.57780647277832,4.731659861795813,5.640525341033936,4.91123163550563,4.0767927169799805,5.503600354144959,5.238319396972656,5.613977425399585,5.73887300491333,6.02675069348276,6.15858268737793,7.202634618768826,7.554361343383789,5.6332081053142495,5.806443214416504,6.214260729654127,7.040665626525879,5.709162907304532,6.1071367263793945
train,430,5.046007948692605,5.0852461228003865,4.649299465076566,5.041747093200684,5.64867698240965,5.565832614898682,4.9832058474217895,4.70695161819458,5.8188958471454875,5.527244567871094,3.701600439197927,4.928049087524414,4.450423639074038,4.58638858795166,4.061549854893925,4.208943843841553,5.632411399546931,5.821796894073486,5.745526782772595,5.698617458343506,5.702056256173803,5.167253494262695,5.362513478430738,5.554545879364014,5.028510518575082,4.768353462219238,4.813432822285322,4.532474994659424
train,431,4.991876217842229,4.967501548620371,4.611685673599317,4.364801406860352,5.739271334098147,5.99787712097168,4.557656913067999,4.204079627990723,6.03727784535472,5.737418174743652,3.818222815313361,2.599745512008667,4.782189776251042,5.211972713470459,4.569113197817705,4.383703708648682,5.70943752782678,6.073709487915039,5.766005046911206,5.843025207519531,3.9419650816385774,4.756647109985352,5.3622637897663745,5.371259689331055,4.707040975926118,4.62899112701416,5.292260854377629,5.404289245605469
train,432,5.321485349877569,5.4079697498908414,5.76012170432685,6.998869895935059,5.08609344200365,5.176718711853027,5.962984544782721,6.476058006286621,5.4571148355315255,5.6456828117370605,3.5818545397670767,2.0012528896331787,5.781262118379706,6.278384685516357,5.538996529323857,5.985635757446289,5.108912870918261,5.213203430175781,4.93336789164419,5.098790645599365,6.120386031302928,5.331248760223389,5.012978876718917,5.204738616943359,5.661355447451483,5.819367408752441,5.173880716257213,5.073655128479004
train,433,5.395407803545619,5.276859686924861,4.609506815793971,4.011447429656982,5.34475923243427,4.574044704437256,5.090585461063643,5.513064861297607,5.977382109848613,5.963185787200928,4.628599996432279,5.529353141784668,5.58111161359198,4.995176315307617,5.530031894299484,5.449742317199707,5.51953379622962,5.274106502532959,5.7623345614178945,5.517186164855957,6.87282804549568,6.463050365447998,5.524241529429641,5.502408981323242,4.531234263582195,4.568106174468994,5.16815212647377,5.238303184509277
train,434,5.319860875099986,4.836559809171236,4.174423262319161,3.921776294708252,5.570560510980546,4.851618766784668,5.140694713496428,4.903517723083496,6.087013509396678,6.082503318786621,4.1110637438921,2.2904367446899414,5.258053226411041,4.497546672821045,5.279607303020725,4.752224445343018,5.341179766793736,5.030079364776611,5.897063429176341,5.76362419128418,6.222292796314562,5.276257038116455,5.526461273335223,5.233946800231934,5.193813192173767,4.8485941886901855,5.355964648989499,5.423151969909668
train,435,5.557077128644661,6.334114698263315,4.89579051541958,5.800971984863281,5.804434558751655,6.672493934631348,2.8677024754559897,3.839930534362793,6.127186659355704,6.5865397453308105,4.716578523661516,5.815310001373291,6.444991555704079,8.275137901306152,6.072173781568579,7.356931209564209,5.957409955315758,6.179332733154297,6.022225928130988,6.410546779632568,7.534024393398322,8.495198249816895,5.876560995417948,6.340561866760254,4.592145945225759,4.968907356262207,5.330777384974697,5.60162878036499
train,436,5.456043082694108,5.860291627737192,5.785525936434903,6.583149433135986,4.838226489617818,4.347465515136719,5.527360242556397,4.941177845001221,4.194931565925657,4.766026020050049,4.414757134112884,5.852208137512207,6.0849604639556105,7.22591495513916,5.84285968542284,6.798583030700684,5.016957048212808,4.877891540527344,5.458272897636324,5.632714748382568,7.20008675484179,8.00729751586914,5.521546890622579,5.772973537445068,5.694133721459448,5.792938709259033,5.348941244224352,5.585450172424316
train,437,5.522110606560406,5.229294428458581,4.063859138484533,3.888458490371704,5.7652066793223735,5.171818733215332,5.229376734424918,4.5583815574646,6.061619940201208,5.652670383453369,4.535213379374057,4.002662181854248,4.96718593013991,4.154731273651123,5.363973698779073,5.039878845214844,5.674918317654931,5.277353286743164,6.0461444099491555,5.995447635650635,6.9392935009604875,7.125418663024902,5.743506501710803,5.745564937591553,5.830003304172808,5.649895668029785,5.567136350111018,5.718545913696289
train,438,5.136128347819047,4.912032475838294,4.64687303528232,4.113150596618652,5.583535919987264,5.312324523925781,5.243233697281454,4.663310050964356,6.10085334613325,6.16813850402832,1.7420801833559763,1.920968770980835,4.5500659354069395,4.139989376068115,5.116510262771651,4.976232051849365,5.6986545029056686,5.675570011138916,5.865556906138339,5.660961627960205,5.620377414427117,5.106928825378418,5.373541902149863,5.123427391052246,5.746669120781807,5.465445518493652,5.481716295025949,5.529974937438965
train,439,5.099060644170966,5.155846769993122,5.638513790790291,5.306111812591553,4.754073436999172,4.42251443862915,5.7513902282100915,5.990163326263428,5.8919831817988655,5.680471897125244,1.401365505997315,1.9334782361984253,4.132013767339401,4.094286918640137,4.977102283280628,5.022796630859375,5.1553506171267545,5.014059543609619,5.713782857008082,5.628658294677734,6.18498229161173,7.238528251647949,5.31418642457116,5.299432277679443,5.817086061659237,5.691247463226318,5.555957927829834,5.704258918762207
train,440,5.309946969624793,5.038766714242788,4.981072705504906,4.612732410430908,5.71370113849335,5.006150245666504,4.835210318900116,4.207955837249756,6.133533104919004,6.345605373382568,3.236977418519126,1.9945387840271,5.285470055156833,4.888962745666504,4.846049193047442,4.351675033569336,5.806776333137069,5.927206516265869,5.903713734913753,5.980244159698486,7.035888055518928,7.339488506317139,5.546536798474754,5.634166240692139,5.0963996270615555,4.838749408721924,4.607982121475475,4.376492023468018
train,441,5.1890274816079005,5.302644949692946,5.422578805389014,4.646247386932373,5.311763532257537,5.609516620635986,5.216265240849488,5.772938251495361,4.6594006673945305,4.8508501052856445,4.180021078451491,5.712298393249512,5.5074530845400425,5.682497501373291,5.467967000208211,5.752960205078125,5.282796018384691,5.115424156188965,5.393438796618357,5.329930305480957,5.484300702501412,5.07405948638916,5.352522419602914,5.274806976318359,4.952011665701802,4.723210334777832,5.226838249003205,5.389644622802734
train,442,5.21879861282726,4.949524090840266,5.2090775787658785,5.112617015838623,5.474747767572155,5.000236988067627,4.54890145027546,4.14233922958374,5.469916721684048,5.124039173126221,3.4799369400071436,2.0412256717681885,5.588997728693218,6.045031547546387,5.482470459798311,5.39846658706665,5.606532487329633,5.64506196975708,5.7324220674224335,5.680864334106445,6.917057973582395,5.914718627929688,5.419855298632014,5.15390682220459,4.1452888998395,4.498696804046631,4.769176593152178,4.586608409881592
train,443,5.352029894913461,5.054934795086201,5.138012205629629,4.110231876373291,4.60725237297084,4.232210159301758,5.537514197177812,4.8323493003845215,5.890654530971387,5.727710247039795,4.292429448527487,5.396133899688721,5.6765496014142816,5.394773960113525,5.338320021387034,4.70098876953125,5.340805026446811,5.301606178283691,5.581738510100293,5.38071346282959,6.714976332786324,5.7434844970703125,4.7395041744453925,4.770346641540527,5.7007967013126875,5.510488033294678,5.017835510704996,4.613115310668945
train,444,5.4985047918210554,5.759063757382907,5.893550738547369,5.64333963394165,5.062959026143799,5.1033806800842285,6.115013739101893,6.275296688079834,5.363585948271816,5.596747398376465,4.811040502358757,5.644503116607666,5.9577520529999415,6.631275653839111,5.620420095937561,6.01814079284668,5.027862682963962,5.172857761383057,4.83189089395397,5.12042760848999,6.92683880597883,7.311055183410644,4.991568390847747,5.176417350769043,5.6785395924993125,5.799112319946289,5.199539824068762,5.375274658203125
train,445,5.276959189096205,4.95904712493603,5.634315245457824,4.892921447753906,4.571198248596467,4.199955463409424,5.6691963898992785,5.6462225914001465,6.140366646678101,6.145896911621094,1.1824612255026912,1.8706234693527224,5.471719736281633,4.486689567565918,5.550543204773406,4.910102844238281,5.620224965948775,5.51133918762207,5.860950166995036,5.61897087097168,6.735604884211461,5.484919548034668,5.495955818704664,5.245795249938965,5.782866698616994,5.91038703918457,4.885066226584344,4.543788433074951
train,446,5.33168379217692,5.325273202015804,5.035612178925146,4.067515850067139,4.251644443425738,4.132992267608643,5.642003263699977,6.312550067901611,5.60358818627651,5.214938163757324,2.446101391930482,1.9270250797271729,5.882419199250458,6.954474449157715,5.7606895272666065,6.418799877166748,5.420694352008463,5.46959400177002,5.774271890843134,5.730238914489746,6.780438915044398,6.039298057556152,5.4151602463992985,5.189655780792236,5.854348712247155,6.279129981994629,5.444916990982582,5.492339134216309
train,447,5.276692164621443,5.274159523156974,5.538819623377231,6.73659610748291,5.334920990445775,5.128331661224365,4.890155961768556,4.947035789489746,5.808634517217476,5.770112037658691,4.464785067841046,3.9287359714508057,5.249996261906633,4.737759590148926,5.297241846668319,5.400656223297119,5.48996774665993,5.4535651206970215,5.541703356285094,5.387251853942871,6.896929330937148,6.591578960418701,5.360913145852033,5.425288200378418,3.9447402960273825,4.46330451965332,4.77818999509213,4.593857765197754
train,448,5.333489304981421,5.06376838684082,5.673581764339032,5.6072998046875,4.865696188101801,4.329135894775391,5.310285967362288,4.883429527282715,5.355345901433899,5.046178340911865,3.5137829105489695,2.0234298706054688,5.745631327129868,5.772294998168945,5.578675941309173,5.210831165313721,5.447312895462512,5.336911678314209,5.575668914138939,5.428135395050049,7.058928789379774,7.445510864257812,5.442687572257679,5.46649694442749,4.904820573462006,4.721635818481445,4.862942219832528,4.557698726654053
train,449,5.4385104620558815,5.247996366941012,5.493185559642256,5.782568454742432,5.498614255307837,5.616300106048584,4.989145093858977,4.1830573081970215,5.634439964019431,5.252102375030518,4.707406460787376,5.502833366394043,5.566002619802309,4.641533851623535,5.533924941279267,5.292159080505371,5.490644237606369,5.355354309082031,5.497580640927817,5.296535491943359,7.080498003576597,6.102347373962402,5.411391650096035,5.2729010581970215,4.627579944470074,4.61761999130249,5.170222635352121,5.308640003204346
train,450,5.604955053698667,5.777711996665369,5.651494095935762,5.197357177734375,6.07168315269405,6.341883182525635,5.959546222528133,6.584165573120117,6.177043623749295,5.618814945220947,4.54015418083333,5.188608169555664,3.2296945020980705,3.736741304397583,4.462010110404138,4.452186107635498,5.916954095931251,6.098877429962158,6.100397754720817,6.063680171966553,6.96146642156965,7.332191467285156,5.650461292774971,5.728965759277344,6.293548426517891,6.657983303070068,5.8499618183253155,6.108801364898682
train,451,5.41264879953163,5.305993015949543,5.306032266925796,4.349031925201416,5.8884534413847796,6.507342338562012,5.610837914261158,5.742165565490723,6.296160889521744,6.494049549102783,2.5488025117570157,1.9521421194076536,4.295012819468593,3.961137533187866,5.092379660149724,4.806986808776856,5.927217013404658,6.242775917053223,6.086780373996054,6.273590087890625,6.9311942942069384,6.7054443359375,5.665922085116121,5.623368263244629,5.877560852284334,5.8371195793151855,4.838080271434274,4.482755184173584
train,452,5.40770080853832,5.57663720387679,4.141533063117939,3.954290628433228,5.602855772439378,4.881842136383057,4.141528095597863,4.047090530395508,6.17097952371828,6.285062313079834,2.5667384720642312,1.912229895591736,6.166347931774448,7.256685733795166,5.914620836685947,6.815146446228027,5.857692478386387,6.112508296966553,6.034888867656431,6.267984390258789,7.30163336074701,8.077376365661621,5.795656424877824,6.180108547210693,5.199109182189762,5.132742404937744,5.406526501742662,5.573215961456299
train,453,5.435923402561415,5.505244493484497,5.825439044791264,6.59527063369751,5.475365018930513,4.748709678649902,5.7789108253245836,6.595398426055908,5.671098079459093,5.254741191864014,4.289253701757631,5.387916088104248,3.833807323822864,3.864640951156616,4.867399063577088,4.982828140258789,5.607303563768178,5.502986907958984,5.858923721927971,5.728396892547607,6.743513194716162,6.191890716552734,4.9257529811365774,4.9524126052856445,6.115492689057751,6.401106357574463,5.674745025028714,5.361879825592041
train,454,5.107551347373981,5.030335224591769,5.366044885613496,6.032599925994873,5.108079723845605,4.640280246734619,4.964179859202919,4.7777628898620605,5.826892917079578,5.99724817276001,3.8967979512079314,3.2062413692474365,4.288220181808631,4.193691730499268,4.8591200527445055,4.975154876708984,5.50329739782044,5.517831802368164,5.66636617421675,5.504434585571289,5.846290928218454,5.372091770172119,5.352915823002924,5.229854583740234,4.551781798209067,4.6390228271484375,5.168179822891455,5.308143138885498
train,455,5.382629145350315,5.263978536312397,5.670463803831786,5.832964897155762,4.155808438112151,4.1548357009887695,5.662947918083851,4.993048667907715,5.975731562762446,6.249515056610107,3.6672667690637764,2.245844602584839,5.720303970040032,4.844484329223633,5.647386739610461,5.09686803817749,4.232904625803157,4.70815372467041,5.730630870402835,5.883111476898193,6.992137871875237,7.567958831787109,5.199214138942593,5.0753936767578125,5.825044543139074,5.992115497589111,5.494337637886685,5.787426471710205
train,456,5.6170813592589575,5.485509193860568,5.881915580450155,6.070656776428223,3.6974128201435525,3.978206634521485,5.236248524691218,4.302952766418457,6.107337152969485,6.108303070068359,4.680572996297501,3.9603288173675537,6.31513325953428,7.304154396057129,6.037936581706823,6.724170207977295,5.499165929272862,5.487372875213623,5.862230751683991,5.644515037536621,7.080995158472667,5.777092933654785,5.605682944111782,5.652141571044922,5.657487310179241,5.34791374206543,5.359938660852887,4.953810691833496
train,457,5.412185480437844,5.417599476300754,3.797563525178194,3.815529108047485,5.510949943569699,5.429760456085205,4.318067426461971,4.109123229980469,6.015784395535693,6.176830768585205,4.480010313883176,5.379638671875,5.9184234803929225,6.066825866699219,5.666904200087614,6.048325061798096,5.6720963160768605,5.404883861541748,5.91057655190149,5.751405715942383,7.001534600987057,6.46125602722168,5.703084956981494,5.58897590637207,5.012577919086519,4.910610675811768,5.3508376155492865,5.285627841949463
train,458,5.6064886128854985,5.454484902895414,5.855246980171717,6.265764236450195,5.485492955717132,4.553928375244141,5.882699015302397,5.385609149932861,6.308186370242319,6.02976655960083,4.6282507236201225,5.507327556610107,3.617750699911779,3.8188939094543457,4.915059116016212,4.976113319396973,5.835399483175348,5.722446918487549,6.083503078776695,5.849402904510498,6.633260115140414,5.604549407958984,5.655239022529574,5.627470016479492,6.2379399939347,6.178955554962158,5.746324412973062,5.388075828552246
train,459,5.438239264454294,5.28893463428204,5.486576525555656,4.887962341308594,5.197248225648679,4.829727649688721,5.155304395734726,4.254770755767822,5.643313659608148,5.566000461578369,4.514498803745807,4.2292327880859375,5.994654911562943,6.18474006652832,5.71412249315139,5.838155269622803,4.794232530908116,4.7859086990356445,5.296716761090693,5.268774509429932,7.02380177384983,7.357034683227539,5.201782508894406,4.9603190422058105,5.38792832849945,5.242706298828125,5.2869295196559865,5.350817680358887
train,460,5.481415601222259,5.500341011927678,5.854195758875856,5.369075298309326,5.099330674388995,5.005438804626465,5.996920613780203,6.175848484039307,5.237577079706908,5.124509811401367,4.727964116418285,4.106558322906494,5.95550685211373,6.441728591918945,5.634417193024694,5.971763610839844,5.0997768485648125,5.180827617645264,4.940846555781409,5.142205715179443,6.939552765063559,7.274403095245361,5.078985472648396,5.205584526062012,5.642832557081127,5.710737228393555,5.05049632844139,4.795752048492432
train,461,5.518284402520312,5.305441599625809,5.417680969661658,4.256266117095947,5.3450535457609725,5.407951354980469,5.93642384124761,5.910158157348633,5.688715502045074,5.732260704040527,4.70737821978098,4.157074928283691,5.3181476534993655,4.331719398498535,5.4185577884833505,5.040685653686523,5.273483789218334,5.124053001403809,5.284681917150231,5.284790992736816,6.924995602239858,7.29680871963501,5.246327436155514,5.267833709716797,5.789531198441318,5.760101318359375,5.386719769079785,5.401036739349365
train,462,5.325897361856334,5.101687339635996,5.763545657491709,5.732804298400879,3.971207621280555,4.105599880218506,5.439732824691865,4.60750150680542,5.818931989124696,5.552296161651611,3.972215593892303,2.44948410987854,5.805997900025457,6.158680438995361,5.677600126996121,6.044579982757568,4.66513727081549,4.80322790145874,5.588909554565683,5.427704811096191,6.292603361523638,5.451014995574951,5.303898115964647,5.135637283325195,5.540741223300833,5.293679237365723,5.396144464459341,5.559724807739258
train,463,5.28925351256727,5.435612165010893,4.834864944648091,5.086912155151367,5.877276985713332,6.213994026184082,4.954403641422299,4.605612754821777,6.096580860329688,6.203928470611572,4.345996920356796,5.1114606857299805,4.854281458422381,5.180278301239014,4.408368117979956,4.247862339019775,5.714377055934098,5.920554161071777,5.835165887026258,5.800387382507324,7.058746771746508,7.304583549499512,5.447517840268483,5.598286151885986,4.2325197162825905,4.454410076141357,5.100195463244028,4.934688091278076
train,464,5.453035120265109,5.3920316696167,4.5618663814106535,4.189034938812256,5.703480896923002,6.110116958618164,3.609758458609613,3.995311737060547,6.009632314401761,5.89476203918457,4.636534688603613,5.378580093383789,5.9343311782576995,4.743282794952393,5.7628693130488475,5.300909996032715,5.806987742168979,5.86265754699707,5.922108553035398,5.738576412200928,6.888720033230523,6.819346904754639,5.761515759619639,5.551863193511963,5.005294581033191,5.022156715393066,5.286356663103494,5.48981237411499
train,465,5.684147291249716,6.246409948055561,5.8969702778786,6.535306930541992,6.14969195233769,6.696597576141357,6.072697723075942,7.1350297927856445,6.462221316594098,6.910853862762451,4.6887624601783,5.370954513549805,2.7718053307722026,3.687921762466431,4.605165555258769,4.983170509338379,6.0062910934394065,6.233344554901123,6.218188664230133,6.380162715911865,6.9456543865441365,7.389928340911865,5.7186768018612195,5.844550609588623,6.405516326190773,7.443771839141846,5.952272897885044,6.591736316680908
train,466,5.412567629119119,4.991350669127245,4.823670756383034,4.002506256103516,4.925658362156558,4.288987159729004,5.475157001089808,4.814638614654541,6.179911423383519,6.451815128326416,2.657084370408472,1.9306299686431885,5.790807024634061,4.77829122543335,5.634077498289981,4.885862350463867,5.7167637215230185,5.790686130523682,5.975810943509604,6.027515888214111,7.072193024105175,6.050642967224121,5.648444936510027,5.760786056518555,5.707958686732694,5.647247314453125,4.755841429822586,4.457949638366699
train,467,5.174975661772818,5.219642088963436,5.596243089717399,4.9350128173828125,3.3730722310471863,3.986933469772339,5.594169623815454,6.24171781539917,5.854731554481731,5.696924209594727,2.093532701172249,1.9275133609771729,5.637600322988381,6.294578552246094,5.599096315657993,5.983438491821289,4.992467194779851,4.929960250854492,5.744910125568295,5.772108554840088,6.421962494120808,5.598513603210449,5.32155029730934,5.1700439453125,5.72408296222707,5.584389686584473,5.321264690160863,5.734212398529053
train,468,5.577968071535239,5.8366319583012505,5.566244033248769,4.904253959655762,5.9984714788783995,6.28438138961792,5.899911579164102,6.818355560302734,5.923558458731221,5.42385721206665,4.509767740045986,5.306197166442871,3.570905612765923,4.013052940368652,4.544345297014947,4.503335952758789,5.852420695969517,6.193831443786621,6.019846297358989,6.023817539215088,6.988882673399141,7.807405948638916,5.630931114769668,5.684819221496582,6.223992310655821,6.787547588348389,5.784307637955622,6.125359535217285
train,469,5.496055147316119,5.090020106388973,3.922810055860232,3.821445941925049,5.587948002700821,4.784838676452637,5.430631575079593,5.947858810424805,6.116648110178023,6.054779052734375,4.5043695154066175,2.702115058898926,5.453238263116951,4.431759357452393,5.496122894981417,4.966282844543457,5.757206992684447,5.72496223449707,5.975291316126188,5.718807220458984,6.7610024926253836,5.901360988616943,5.695470529933248,5.620977878570557,5.783810998603697,5.924731731414795,4.964166167812927,4.57034158706665
train,470,5.286630263255326,5.082184608166035,4.182417723432338,3.950657367706299,5.414929190130498,4.824036121368408,5.071354275323025,4.589230060577393,5.966510797242019,6.334172248840332,4.217478883005265,4.539058208465576,5.523231859059835,5.05405330657959,5.336788453223526,4.768784999847412,4.685372962873251,4.7996368408203125,5.809590948290392,5.919779300689697,6.359996584943631,5.429555416107178,5.488663091547385,5.34654712677002,5.329839939912146,4.996601104736328,5.340018713335924,5.516287803649902
train,471,5.5513798180808145,5.141508432535025,5.747007128722611,4.541354656219482,4.133941417564377,4.087581157684326,5.81294133412655,5.54692268371582,6.145687824880667,5.860666275024414,4.525916738177983,5.359763145446777,5.4090932962087,4.340141296386719,5.450407079521681,4.717194557189941,5.502925970228662,5.3252854347229,5.906877127030279,5.782476902008057,6.898331899986403,5.844870090484619,5.418099786919174,5.12675666809082,5.927695522842361,5.534567356109619,5.2890125088411475,4.772029399871826
train,472,5.165880649640502,5.559896487456101,5.34068754231367,5.87486457824707,5.054475810479269,5.489416599273682,5.379324066899819,5.927030563354492,5.266040785460987,5.216517448425293,3.3742152076939846,2.195587396621704,5.622788068770382,7.026896953582764,5.495601994549407,6.401721000671387,4.104356834479448,4.732054710388184,5.271837481091134,5.372062206268311,6.351242815686554,7.451639175415039,5.143161901982245,5.11536169052124,5.551295361796983,5.824573993682861,5.201420574122641,5.650928020477295
train,473,5.323599516934445,5.452413852398212,5.17531747544649,5.051814556121826,5.299526967559573,4.527820110321045,4.241280776501945,4.058934688568115,5.8236316086891,5.417558670043945,4.541455837926684,5.796866416931152,5.741241922456888,6.337335109710693,5.598129609671838,6.2695183753967285,5.641207656669547,5.595459938049316,5.821351963859823,5.870684623718262,6.911619805966841,7.574590682983398,5.498631004184897,5.238816261291504,4.093948517501895,4.496314525604248,4.819450573712272,4.645666122436523
train,474,5.450743933811865,5.464592860295223,5.277102388446357,4.201425075531006,5.1896883172043635,5.22691535949707,5.746546944367267,5.774718284606934,5.218250875264868,5.086131095886231,4.704930625134418,5.420075416564941,5.932690001088958,6.410722732543945,5.627195919074998,5.917154788970947,5.175669138918389,5.152381420135498,5.118630240435723,5.179822444915772,6.784421438524621,6.4764556884765625,5.213919293784448,5.1627197265625,5.651917878390792,5.654714107513428,5.218708078919034,5.376471042633057
train,475,5.1517261971820005,5.070542518909161,4.382844095652919,3.9583117961883545,5.218454755861079,4.846047878265381,5.481835382648174,6.051933288574219,5.707283065695911,5.588679790496826,2.993029654408627,1.9934861660003664,5.535772136438906,6.042580604553223,5.41623991642807,5.642630577087402,5.344104748220978,5.19951057434082,5.4170606982851215,5.292444229125977,5.2699440636291985,5.022175312042236,5.294793278356316,5.229632377624512,5.674865459642973,5.962066650390625,5.236213308097732,5.08755350112915
train,476,5.29311419891563,5.3017718975360575,4.736830618722349,4.970915794372559,5.836019393661127,6.057160377502441,5.03940333158697,4.292214393615723,5.995655857695927,5.56614875793457,4.113311924455204,5.086600303649902,4.8264713802136185,5.03098201751709,4.252829823660938,4.191709041595459,5.396459242285011,5.03373908996582,5.821066199744911,5.794203281402588,6.984223375773826,7.235206604003906,5.425289939084936,5.469729900360107,5.038823000640847,4.718608379364014,5.344100498377526,5.47581672668457
train,477,5.250731438857861,4.841120279752291,4.3866986671792505,3.938660144805908,5.357564137532395,4.828697681427002,5.120958208577801,4.516269207000732,6.040406305839899,5.976233005523682,4.067080922987685,2.704274177551269,4.935309179729391,4.28218412399292,5.162825727975622,5.037449836730957,5.519490947005727,5.469257831573486,5.801679025655092,5.634452819824219,6.1887039906862436,5.443048000335693,4.664285166980351,4.855469703674316,5.581294311766018,5.190944671630859,5.433212113236718,5.05762243270874
train,478,5.246718548888574,5.035210719475379,5.005249235066133,4.205249309539795,5.437495724166627,5.919673442840576,5.154055745850336,4.870547294616699,5.1426318999691265,5.017243385314941,3.1032794034064244,2.0108838081359863,5.316881303306492,4.52745246887207,5.1225089153449614,4.564979076385498,5.571899300162701,5.817137718200684,5.675453600624945,5.672253131866455,6.747197470617275,7.270777225494385,5.522027449179271,5.502569675445557,5.503035257979487,5.505107402801514,4.905625829877687,4.573865413665772
train,479,5.197849965528114,4.99152631026048,4.445114595988261,4.072547435760498,5.641189627201129,5.50978946685791,5.418708559068543,4.494575023651123,6.0275294326310584,6.036932945251465,3.0434628786386035,2.0628552436828613,4.642106132767209,4.805734634399414,4.185340939055568,4.179291725158691,5.515015712249904,5.265263557434082,5.732306432732357,5.621752738952637,6.5763489767454155,7.153934001922607,5.298431997245932,5.152983665466309,5.538750789765207,5.043935298919678,5.507743477776292,5.490246295928955
train,480,5.5661503886448624,6.170672178268433,2.7143226834111087,3.6600377559661865,5.864900141774869,6.757553577423096,5.195685825701936,5.477313041687012,6.197039111228871,6.830060958862305,4.877951201366743,5.784328460693359,6.05138840676486,7.490915298461914,5.764308491561433,6.68355131149292,5.801800210945949,6.521080017089844,6.085600247164593,6.458038330078125,7.154027126622833,8.283133506774902,5.786241066265823,5.623854637145996,5.443278176786746,4.969480514526367,5.423412362787444,5.679390907287598
train,481,5.409982193317927,5.745120635399452,4.703787815665889,4.044738292694092,5.776330505724407,6.329199314117432,4.86292084184761,5.485617637634277,6.098633617112042,6.584392070770264,4.709732659032461,5.706451416015625,5.700175105571598,5.332832336425781,5.5611366568279195,5.396079063415527,5.7960387584166035,6.500153064727783,5.93187981438524,6.303020000457764,7.125189509971652,8.102362632751465,5.652471354139789,6.106468200683594,4.224761189662044,4.505738258361816,4.186710684775798,4.289515972137451
train,482,5.240268343185235,5.4759024656735935,4.873138844634164,5.139723300933838,5.657540645346941,6.368029594421387,3.9131914277638655,3.9849369525909424,6.006454311357789,6.400641918182373,4.35786276787763,5.251541614532471,5.452370424553224,5.514607906341553,5.186109063851152,4.678421497344971,5.673425827714986,5.904426097869873,5.83351790749617,5.996901035308838,6.8718826908777775,7.33901834487915,5.20517544261787,4.995110511779785,4.0379615709996495,4.488178730010986,5.054857536316845,5.125194549560547
train,483,5.271562174973839,5.1057652326730585,5.316800777347892,5.373537540435791,5.53366750779556,5.715795993804932,5.239066462819274,6.179722785949707,5.885510360791011,5.55467414855957,3.9452548190163177,2.593994140625,5.394470162111866,5.24627685546875,5.080081143805179,4.536092281341553,5.1884464260353855,4.894637584686279,5.7639901853271,5.718686580657959,6.645419485342895,5.649146556854248,5.407964270491004,5.171841144561768,5.341114741799776,5.553464412689209,3.7885219319766494,4.18707799911499
train,484,5.200609042657381,5.4555987027975235,4.178399671879745,3.82900071144104,5.16037174377683,5.681763648986816,5.102745899940021,5.800894737243652,5.295175616993272,5.090254306793213,4.026400637136017,5.686020374298096,5.5872938536664405,6.096860408782959,5.356260076343012,5.526044845581055,5.211836203063713,5.048929691314697,5.592553683784438,5.536782741546631,6.681367144845023,7.442521572113037,4.717233173957693,4.823975563049316,5.448365828953262,5.486518859863281,5.249914020206482,4.873215675354004
train,485,5.350848486346387,5.0685954093933105,5.470655462091572,4.763914585113525,5.547700355841509,5.43760871887207,5.656034060191739,5.825754642486572,5.989683016209982,5.928656101226807,3.095615230034179,2.008453369140625,4.72875250827138,4.13001012802124,5.19946071754494,4.810462474822998,4.97146908147052,4.869993686676025,5.696391745230135,5.517627239227295,6.938168645066288,7.379522323608398,5.358707916605989,5.130301475524902,5.517937340534302,5.043447971343994,5.390454243410507,5.045987606048584
train,486,5.206205326168824,5.178144821753868,5.434301027509925,5.875107765197754,5.500463954850076,5.763558387756348,5.231168684045296,4.416950702667236,5.993781178747799,5.865790367126465,0.5044116005058625,1.8533339500427248,5.603116793895431,4.654082775115967,5.609748177038412,5.337526321411133,5.686415969127371,5.53212833404541,5.706643041734161,5.486057758331299,7.089852003463309,7.359074592590332,5.492743156700146,5.483935356140137,5.404871647671522,5.332417964935303,4.423152004905401,4.3559184074401855
train,487,5.6510068271801766,6.174967270631057,3.513731832548869,3.743875741958618,4.925940866732069,4.265920162200928,5.5587656807508194,6.4127397537231445,6.206428989748495,6.634077548980713,4.87519249702595,5.759077072143555,6.23749979457885,7.325635433197021,5.9234327353843765,6.850773334503174,5.682848814397502,5.904971599578857,6.059283902308341,6.362052917480469,7.223946413087314,8.365721702575684,5.7824157468536415,6.183045387268066,5.944293283836953,6.643879413604736,5.529308196089105,5.8228044509887695
train,488,5.558261314907845,5.8473408222198495,5.913205588040661,6.5590667724609375,5.828038049869727,6.069094657897949,5.986791204889599,6.40992546081543,5.630105634382015,5.222023010253906,4.392127038700113,5.373781204223633,3.511866439304611,3.8122031688690186,4.862551833161796,5.013508319854736,5.761440385253174,5.872705936431885,5.93960340788175,5.936903953552246,6.8028104220587755,7.501558780670166,5.604483110073901,5.740854263305664,6.205703626549054,6.533910274505615,5.818670353636809,5.969894886016846
train,489,5.0823689842811435,5.207778472166795,5.572647057645106,6.6871337890625,4.078027694679307,4.132242679595947,5.294153921594578,5.973181247711182,5.278161697648461,5.118847370147705,3.095110127955557,2.033289670944214,5.516543056845413,6.052632808685303,5.438045530667777,5.708893775939941,5.208364328135011,5.279244899749756,5.4665991707463,5.376922607421875,5.155564584198013,4.989552974700928,5.000135656144026,4.915621280670166,5.6959935408573905,5.956429481506348,5.271450428537935,5.477127552032471
train,490,5.621281412998701,5.4908120448772735,6.140569918607032,5.1118693351745605,2.9186774227765,3.885143280029297,5.922230478841916,5.146463394165039,6.150734469341643,6.528425216674805,4.621014505585821,3.3216686248779297,6.261996278020561,6.577467441558838,6.034632973593069,6.477502346038818,5.374232542012462,5.631814002990723,5.87280559951661,6.051531791687012,6.73256763370322,5.499813079833984,5.54893098268637,5.849684715270996,6.015783128264685,6.042603492736816,5.482482436033229,5.256569862365723
train,491,5.367768089855267,5.529909739127525,3.089310537517799,3.734356641769409,5.644370875915333,5.771868705749512,4.973013623761957,5.851480960845947,6.018092372860045,6.39591121673584,4.523201125654616,5.638620853424072,5.811002673302013,5.588533401489258,5.5984517701719225,5.647956371307373,5.470589819414226,5.166884422302246,5.956265798717526,5.929489612579346,6.230479988271909,5.59520435333252,5.713353012119239,5.75243616104126,5.681673965666591,6.042483806610107,5.071179604745287,4.773600101470947
train,492,4.907676786006235,5.2356999195539045,5.198505092526778,5.151930809020996,5.487376614148968,6.263411521911621,4.898358430571455,4.65595006942749,6.056016206401947,6.459784507751465,0.25551515233602995,1.8161355257034304,5.40296613123116,5.757080554962158,5.422563316606567,5.871706485748291,5.79212267239042,6.10343599319458,5.830471441560475,5.938854694366455,5.2243578817618666,5.009681224822998,5.499552697213693,5.845457553863525,5.0749913629914944,5.021359920501709,3.657001218340196,4.169310092926025
train,493,5.260652278072843,5.376889632298397,4.651063269778226,4.227064609527588,5.5367341644338754,5.188272476196289,4.164484853940389,4.076076984405518,5.831129861041375,5.551482200622559,4.318618711885546,2.9484167098999023,5.671506412022005,7.568708419799805,5.539095155236849,6.8913116455078125,5.495112109306556,5.142312049865723,5.839831614284346,5.952404499053955,6.677868521773001,7.216941833496094,5.627732721934338,5.972531795501709,4.3210301119956736,4.581711769104004,4.714272107314776,4.582330226898193
train,494,5.365199866136717,5.393037410882804,5.766152722968079,5.500777244567871,3.668406617940203,3.981971263885498,5.881162915517902,6.431028842926025,6.201647215837705,6.495278358459473,1.1082958503811184,1.858097791671753,5.845337498558465,4.993000507354736,5.617113212187657,4.7275261878967285,5.503661081110347,5.672300815582275,5.916375031873752,6.008281230926514,7.271031723848051,7.076150894165039,5.533523182749169,5.7035346031188965,5.946812625688688,5.834477424621582,5.488078581116179,5.827061176300049
train,495,5.191461977763623,4.911649593940148,4.207014568275666,3.919018507003784,5.603721016257143,5.878604412078857,4.858547129855214,4.6342549324035645,5.97404875283688,5.709976673126221,3.719659424569914,2.102513074874878,5.359430680586489,5.307299137115479,5.3056759056399425,4.982919692993164,5.512648926933685,5.215640068054199,5.812079999271494,5.670264720916748,6.1346321955812275,5.3160552978515625,5.46355665209869,5.195281028747559,4.380420391449089,4.532054901123047,5.157570067571667,5.387562274932861
train,496,5.236893971943261,5.179699375079228,4.990988853218148,5.151895523071289,5.747180387205029,6.02614688873291,5.426929242167143,5.940696239471436,5.6116727037035785,5.143671989440918,2.3445892095658207,1.8989471197128296,5.028924410098124,4.792460441589356,4.506017728112129,4.2326531410217285,5.6902546422446445,5.853069305419922,5.772224247625346,5.697107791900635,7.048585647468365,7.432145118713379,5.461904309156775,5.594946384429932,5.498616734208607,5.0370774269104,4.951733520488686,4.535274505615234
train,497,5.0049745544394,4.952001645014836,4.8792630693232955,5.061765670776367,5.430560429655391,5.703281879425049,5.432526323568813,5.818846225738525,5.822674653110264,5.903984069824219,2.0363643936653233,1.9470391273498533,4.3469891297623064,4.328785419464111,4.204892986989963,4.260619640350342,5.295028341193428,5.073500156402588,5.5794024785014775,5.444851398468018,6.275377265170287,5.894026756286621,5.155139268074108,4.99456262588501,5.361984172853418,4.957064151763916,5.244466695844121,4.987694263458252
train,498,5.389112836028235,5.383038337414082,5.885367262734843,6.508379459381104,4.912472206334425,4.694830417633057,6.12495067815395,6.410739421844482,5.405339571954466,5.580142498016357,4.278122832624923,2.610504150390625,5.734176161881544,6.017087459564209,5.538370281912448,5.583698749542236,4.7454502434339325,4.831167697906494,4.901923260117133,5.113088607788086,6.5979201270703065,6.162825107574463,4.954128482693867,5.177302837371826,5.691779096477606,5.8739013671875,5.28846666297761,5.415830612182617
train,499,5.337617591046094,5.063532792604886,5.223776142218832,4.455725193023682,5.727106817409451,5.222434520721436,5.045707035024309,4.422146320343018,5.811468444802918,5.3455328941345215,4.328797522766443,5.380457878112793,4.40199099346984,4.026998996734619,5.030571996739115,4.693305969238281,5.7492239131353715,5.587850093841553,5.8773039272121075,5.677176475524902,5.373913081480904,5.033385276794434,5.550072771768731,5.302206993103027,5.697950055912152,5.264651775360107,5.571145981659041,5.414053916931152
train,500,5.086542117849325,5.382334030591525,5.533249425909006,6.289610385894775,4.9829756588602265,4.855105876922607,5.616642648538873,5.773243427276611,5.537112134115689,5.302640438079834,0.6301676948671138,1.8260366916656487,5.633403453606208,6.5821380615234375,5.516560636458967,6.126079082489014,4.77963650637339,4.80061149597168,5.254688701045102,5.266865253448486,6.790911301021665,7.171628952026367,5.137501574604637,5.0451507568359375,5.487644972506941,5.469001293182373,5.2245528241334,5.462230682373047
train,501,5.069441362868839,5.51168416096614,5.605908560655571,7.811105728149414,4.81221616532172,4.517469882965088,5.290350502763374,6.571171283721924,5.855973796656168,5.960317134857178,1.8749636231788873,1.928225040435791,5.464354299016255,6.886194705963135,5.459908096361819,6.618941307067871,4.624504756263598,4.759451389312744,5.63854273467118,5.644507884979248,6.516675716123184,6.021768093109131,5.208852618836258,5.137873649597168,5.251415215509234,5.478035926818848,4.299071631937666,4.316832065582275
train,502,5.059721789482544,5.310084141217746,5.276903686822215,5.3328857421875,5.355828847621483,5.35365104675293,5.332132208217361,5.16062068939209,5.8935840115321145,5.556843280792236,0.10571530135947693,1.8243658542633057,5.676327712198145,7.1334099769592285,5.637785455293606,6.43557071685791,4.567800836484546,4.727897644042969,5.763253068419349,5.869662284851074,6.9333304096244746,6.336292743682861,5.437645178613362,5.669229507446289,5.346351432904387,5.240726947784424,4.4497251141825584,4.389937400817871
train,503,5.387708583060365,5.27580294242272,2.9052378474709117,3.7010653018951416,5.668185534467264,6.063274383544922,5.254428629671231,5.514395236968994,5.999837145570999,5.714780807495117,4.292476837172488,2.345290422439575,5.784733428326008,5.831137180328369,5.588552226080334,5.349463939666748,5.661951242838441,5.656087398529053,5.914593732948087,5.711055755615234,6.038546170394137,5.254309177398682,5.669066624394494,5.631940841674805,5.805118368927809,6.166717529296875,5.4574837915225345,5.645920276641846
train,504,5.33457224002995,5.0050808282998895,5.4693736947004865,5.387490272521973,5.608031826954029,5.9061150550842285,5.342617510400058,4.745382785797119,5.9918592965023665,5.731986045837402,4.099677936688267,2.909668207168579,4.380710786354924,4.051894664764404,5.045588420518356,4.846739292144775,5.2078601754960925,4.976631164550781,5.834925492355282,5.632889747619629,6.232059890287774,5.417412757873535,5.489593414185775,5.32801628112793,5.694749316266429,5.553572654724121,4.952391359679505,4.578251838684082
train,505,5.087967742992821,5.226062151101919,5.354695089159297,7.001653671264648,5.207420533104854,5.314128398895264,5.308408750053651,5.336071491241455,4.960212878605763,4.960175514221191,1.5980945675988831,1.8937835693359373,5.616097917310688,5.946568965911865,5.55822698122903,6.087184906005859,4.712857047302162,4.769885063171387,5.537608433862316,5.473450660705566,6.580554431803329,5.616555213928223,5.4105017553216195,5.599493503570557,5.426989899373561,5.327703952789307,4.871912374181512,4.612153053283691
train,506,5.363336111324663,5.218978533378014,4.8157596865023855,4.141794204711914,4.8499927034902806,4.316600322723389,5.057206538373414,4.560801982879639,5.958643700323594,6.119606971740723,4.359207631710503,2.697582960128784,5.833530506633748,6.828636169433594,5.673941916703157,6.544867515563965,4.9825169328880285,4.865564823150635,5.8121611339705055,5.751536846160889,6.688848563422358,6.706628322601318,5.546522995676222,5.720535755157471,5.147507716892296,4.874032974243164,4.997529420634106,4.718532085418701
train,507,5.339217347886104,4.9429234724778395,5.402671298560142,4.612977981567383,5.723885825832971,5.10741138458252,5.230831030765048,4.853340148925781,6.180887819563762,6.551396369934082,3.9174050453198124,2.17337417602539,4.749000961751402,4.16841459274292,5.211874932681436,4.943353652954102,5.839515779467683,5.9379167556762695,5.956597390271792,6.05412483215332,6.143785146054401,5.329365253448486,5.526378650906348,5.3277268409729,5.200805252503564,4.882316589355469,4.326186388840989,4.316286563873291
train,508,5.3878943320776065,5.213699120741625,5.7046434237839465,5.263236999511719,5.414142238139864,5.590843200683594,5.804439765988161,5.250551700592041,5.370019100925673,5.139056205749512,4.41984715835882,5.282623291015625,4.811096309665613,4.159837245941162,5.1552029885059465,4.7458930015563965,5.383259957743649,5.324398040771484,5.370532483780411,5.267045974731445,6.02518024790986,5.217076301574707,5.258706148183921,5.093225479125977,5.867379351182735,5.914566516876221,5.4581771428402845,5.529734611511231
train,509,5.552955737195042,5.799065553225004,2.712775174000871,3.6722607612609854,5.803923088587859,6.346999168395996,5.297207992858939,5.87490701675415,6.172819916947418,6.652975082397461,4.754131244158737,5.7027506828308105,5.891346992477962,4.921449661254883,5.701936214580187,5.581121921539307,5.65236095954883,5.320458889007568,6.078002672189326,6.338923931121826,7.037439001631034,7.693895816802978,5.804374977630847,5.983927249908447,5.778530464062525,5.548282146453857,5.503575884860997,5.749899864196777
train,510,5.6410677364169475,5.83042755493751,5.630340412775297,4.32056188583374,3.5570028664899676,3.963856935501098,5.945320063417555,6.40119743347168,6.049250705898972,5.99621057510376,4.711656473293041,5.7004923820495605,6.261533377655864,7.044955730438232,5.993863391895759,6.486854076385498,5.161723591326233,4.977372169494629,5.7809801956356885,5.601739406585693,7.251155635716524,7.699587345123291,5.5212070169639675,5.54034423828125,5.976981582957145,6.349664211273193,5.492865259394293,5.712721824645996
train,511,5.4047235958141275,5.117644933553842,5.1457362864457314,4.198707103729248,5.4069115148180185,5.367340087890625,5.194931333665582,4.3105082511901855,5.561290972920045,5.204094886779785,4.632941791097137,5.52336311340332,5.817494472453906,5.792860984802246,5.581404225769093,5.307072639465332,5.416026975939477,5.197421073913574,5.443151295138392,5.254495620727539,6.773494423664557,5.662216663360596,5.379953115930445,5.335325241088867,4.94151382474898,4.736069679260254,4.966556512992286,4.639908790588379
train,512,5.601056685568527,6.006154610560491,2.642634516253576,3.6521496772766113,5.855369718640508,6.433090686798096,5.3282917874242175,6.133265018463135,6.0884031559237535,5.680899143218994,4.877847905491436,5.625946521759033,6.14940891483501,7.272746562957764,5.82563736825091,6.697713851928711,5.808026654442027,6.421703815460205,6.0814568476119035,6.183892726898193,7.114508688031239,6.590915203094482,5.8445742717038875,6.298652172088623,5.836599850835812,6.154739856719971,5.3609772329465715,4.934294700622559
test_1m,1,5.439811929269867,5.373965153327356,5.072553740889911,4.409877777099609,5.4439459124264316,5.640962600708008,4.387580262308904,4.020509719848633,5.815192537923617,5.786686897277832,4.587823686467809,5.373439788818359,6.066780610251548,6.537395000457764,5.740418709197825,6.013463020324707,5.4643131652458985,5.168976306915283,5.533439605632699,5.318245887756348,7.112914633466648,6.67406177520752,5.175128819301503,4.873101711273193,5.056622853794909,4.895959377288818,5.260840543600567,5.148867130279541
test_1m,2,5.28273258461319,4.87088759128864,5.431493928964501,4.512282848358154,5.244880467810035,4.921931266784668,5.713809623150164,4.903955459594727,5.643652837852272,5.70341682434082,3.7638802685235735,2.097456693649292,5.56439244956899,5.441458225250244,5.276643923913294,4.677060604095459,5.292828242554402,5.2638750076293945,5.186941838868851,5.180474281311035,5.750297930062583,5.07625675201416,5.134754417398764,5.219114780426025,5.646528003742368,5.637612342834473,5.025419667561672,4.686643600463867
test_1m,3,5.362021168289788,5.0853205277369575,5.514374685897238,4.88704776763916,5.689365619891731,5.998435020446777,5.597758081721332,4.854981422424316,6.147518045718288,5.9705963134765625,2.9088795854848297,2.0013649463653564,4.216355110362246,3.97126579284668,5.079680479911358,4.995669364929199,5.126011422939148,4.931246757507324,5.909170408106505,5.765591144561768,6.913008639066848,7.315047264099121,5.426135641973258,5.19017219543457,5.67076210874238,5.143716335296631,5.507255357952075,5.0840325355529785
test_1m,4,5.332976212460179,5.274973685924824,4.369307256700172,4.036879062652588,5.6042020832279915,6.015463829040527,4.840327483986458,4.318847179412842,5.9841960354882,5.785333156585693,4.1251122320591085,5.331811428070068,5.377803631740469,4.567320346832275,5.117738910927138,4.527230739593506,4.893803188832882,4.84527587890625,5.832253800199842,5.847572326660156,6.898211754242414,7.271598815917969,5.292608901262215,5.007454872131348,5.536596009150376,5.406200885772705,5.456529474165059,5.613669395446777
test_1m,5,5.384598938988628,5.359663541500385,2.9289473295434525,3.706779718399048,5.806344282894331,6.436367034912109,5.257259131867131,6.248678684234619,6.156799123988342,6.208548545837402,4.042456882213478,2.1518425941467285,5.538785896360884,4.72908878326416,5.312069786461071,4.668031692504883,5.765962632229639,6.203099250793457,6.016455453526613,6.068567752838135,6.107782411282239,5.248656272888184,5.700447684806463,5.76575231552124,5.872359886516127,6.618337154388428,5.494115705162398,5.621876239776611
test_1m,6,5.295147454781141,4.832554211983314,5.4160075864869155,4.644917011260986,5.4402894084837525,4.910858154296875,5.395792940950991,4.609317302703857,6.026629721949364,5.897330284118652,3.84488922325652,2.381981611251831,4.446845120604913,4.060787677764893,4.860751089308369,4.580908298492432,5.283863946174082,5.043715476989746,5.728621236448776,5.529768943786621,6.633047493367546,5.969555377960205,4.662148095021361,4.829987525939941,5.7925285798518145,5.581846237182617,5.3055024702504205,4.782230854034424
test_1m,7,5.675252239612123,6.122660013345572,5.877532322007653,5.291057109832764,6.142814502243938,6.862546443939209,6.074202195971034,6.629345417022705,6.463777778719268,7.166999340057373,4.654285996049386,5.400871276855469,2.7543835366584437,3.6935882568359375,4.597791532057254,4.967393398284912,6.003626073231285,6.471707820892334,6.221401588247819,6.680059432983398,6.914355396398701,7.457357406616211,5.7146137762499025,5.959773540496826,6.400153989172095,6.580706596374512,5.9593404279508215,6.433174133300781
test_1m,8,5.296034996249937,5.55501754467304,4.504571203251089,5.031049728393555,6.000795174550091,6.165006160736084,5.651156336420674,5.595306396484375,6.174781264243572,6.3928656578063965,3.868183794770068,4.956005573272705,4.270941768024434,4.905417442321777,3.3544369987042257,3.9965648651123047,5.411877199489347,5.04524564743042,5.843837123341939,5.949980735778809,6.88839321746767,7.211711406707764,5.322277983582538,5.451015472412109,6.018238946833083,6.330079078674316,5.53896394057045,5.1849799156188965
test_1m,9,5.374219869947465,5.278190264335046,5.749092549231114,6.489097595214844,5.293478245444294,5.546778202056885,5.527058474882043,5.742236614227295,5.691903620031017,5.761311054229736,4.311640881736299,2.4351603984832764,5.809585272748418,5.667964935302734,5.570362263740289,5.770235538482666,5.437597390314867,5.381073951721191,5.3434118938661,5.2308030128479,6.597179530930767,5.665302753448486,5.283211088803332,5.306799411773682,5.320296874592606,5.400765419006348,3.930040222995898,4.218944549560547
test_1m,10,5.545165017083303,5.622174207980816,4.442182021709676,4.128886699676514,5.781455903344551,6.216910362243652,3.4865223851399127,3.921809911727905,6.118344884270579,6.253468036651611,4.711110046328483,5.406350612640381,6.339579911594673,7.414235115051269,5.9881427852724975,6.661818504333496,5.83348518726409,5.406179904937744,6.000512826080306,5.8529953956604,7.358777478104777,6.284662246704102,5.803827180395075,5.451416969299316,4.890986457291233,5.02186918258667,5.332218155287072,5.067661762237549
test_1m,11,5.374208525536657,5.316068282494179,5.536850255604983,5.405319690704346,5.732268620229058,5.282281398773193,5.718909439687638,6.224606037139893,6.118773021363372,5.827968597412109,4.0253231521423585,5.119053363800049,4.219552400873014,4.033261775970459,4.664756972402596,4.447871208190918,5.706050049949103,5.393258094787598,5.899525199919429,5.847929954528809,6.424638212106779,5.875129699707031,5.461239407494039,5.439520835876465,5.7990267708049545,5.854355335235596,4.55779732939921,4.358331680297852
test_1m,12,5.4258021802313765,5.243096773441022,5.76501796913812,5.896109104156494,5.104007385122233,4.795616149902344,5.886963646461884,6.142894744873047,5.4904765745717325,5.619059085845947,4.500140988223385,2.621875047683716,5.827922272223931,5.771225929260254,5.510884167413208,5.079184055328369,5.16146722430957,5.171623229980469,5.040160720250059,5.165400981903076,6.852704968912258,7.085399150848389,5.014387642448353,4.877265930175781,5.5551562210781285,5.377688884735107,4.826138562855037,4.556915760040283
test_1m,13,5.5441376050394044,5.3679552261645975,5.4576785411140225,5.580986022949219,5.873550556605572,5.622203350067139,4.89725401708261,4.285419464111328,6.141062879660705,5.707287311553955,4.487252441037126,4.191052436828613,4.194322058166401,3.917838335037232,5.1258910629249455,5.036253452301025,5.782476032472578,5.33380126953125,6.057095144414848,5.9236674308776855,7.002918403068184,7.441464900970459,5.7173282826815335,5.681320667266846,5.69167532328819,5.3566575050354,5.645284122995535,5.705465793609619
test_1m,14,5.428128970291649,5.620352524977465,5.695202812133885,5.893779277801514,5.415987840755411,5.696706295013428,5.400315423446315,6.312638282775879,4.68132457351605,4.850355625152588,4.476169400251506,5.637340545654297,5.937022891310119,5.507870197296143,5.6561703124584675,5.117123126983643,5.508298886924946,5.506552696228027,5.517819108741451,5.459989070892334,7.082601473545795,7.627058029174805,5.5288059867945485,5.575377464294434,5.443948098190698,5.583060264587402,4.2220098057222355,4.296731948852539
test_1m,15,5.301538701058226,5.108994245529175,5.472649510208774,4.6905388832092285,5.542371413343263,5.868082046508789,5.637159168554345,6.050545692443848,5.076523277505299,5.010171890258789,3.9579514272503173,3.56638503074646,4.574355237493616,4.145564079284668,4.81842631701431,4.472921371459961,5.5447231673723545,5.592903137207031,5.6518501938428525,5.604483604431152,6.147730553410509,5.456282615661621,5.4238046398469,5.368185997009277,5.829417827100951,5.881106853485107,5.243040380813454,4.70975399017334
test_1m,16,5.439592457719824,5.430535133068378,4.435434311609055,4.075926303863525,5.711908114954611,6.163503170013428,3.995054742931002,4.04384183883667,6.055846995308353,6.345938682556152,4.495375986555483,5.391704082489014,5.988387934135488,5.797766208648682,5.6374208991999755,4.834705829620361,5.44413421813572,5.028318881988525,5.93887191381723,6.041892051696777,7.02881323439759,7.32139253616333,5.7137516568496896,5.708514213562012,5.126762520029755,5.105025291442871,5.142939422433762,4.738427639007568
test_1m,17,5.332555007627427,5.153882228411161,4.633301243205094,4.057654857635498,5.440520621409217,5.69425630569458,5.309919278258905,5.457371234893799,5.886960465187143,5.922251224517822,4.173275427520214,2.416212797164917,5.599543362784485,5.001890659332275,5.532643805453327,5.432930946350098,4.560695982269088,4.751383304595947,5.65320569592789,5.546292781829834,6.92859366996162,7.437126159667969,5.251882216461481,5.022347927093506,5.0607736036702695,4.797939777374268,5.291899727047803,5.46281099319458
test_1m,18,5.136718321064866,5.012001450245197,5.0002085345307705,4.286649703979492,5.206597149400613,4.585196495056152,5.106170005016859,5.863691806793213,6.074295446678112,6.347979545593262,1.5256611997841034,1.8939253091812127,5.1090487568451675,4.367530345916748,5.3380491652382265,5.186124324798584,5.679172006553052,5.720988750457764,5.911983530407793,5.991843223571777,6.410807244071995,5.997579097747803,5.341243243289765,5.127335548400879,5.521991656733897,5.344841957092285,4.552110235292902,4.442332744598389
test_1m,19,5.508235251050364,5.573129892349244,5.717871072004063,5.132803440093994,5.920677930691351,6.46541166305542,5.668597742883187,5.671140670776367,6.301871905637804,6.643282413482666,4.495922248151178,5.356551170349121,3.6139376015918607,3.8418099880218506,4.81758990842936,4.938686847686768,5.861131208355176,5.93950080871582,6.063174250525566,6.222510814666748,6.862291730333781,7.362194538116455,5.301662998355411,5.123873710632324,5.793384578898745,5.152342319488525,5.188945087797236,4.600580215454102
test_1m,20,5.534417922830269,5.411105082585262,3.7416160966822414,3.825753688812256,5.85479486098839,5.326462268829346,5.424813129582862,5.204957962036133,6.232245710376125,6.6664886474609375,4.648599543814344,4.506697177886963,4.823664837965552,4.103049755096436,5.22328092453946,4.76651668548584,5.826153264443565,6.022952079772949,6.101853795163496,6.234071731567383,6.792582715778578,6.519203186035156,5.688749756772025,5.3815765380859375,5.990391812899595,5.935938358306885,5.598686547787261,5.850697994232178
test_1m,21,5.431179022661694,5.185511203912588,5.165768064651556,5.27518892288208,5.237920415082878,4.508422374725342,4.01873750302288,4.085028171539307,6.052893911063856,6.083395481109619,4.4305826816103835,3.286208391189575,5.542909070371021,4.428317070007324,5.56121076446955,4.935534477233887,5.567624744758322,5.164412498474121,5.933856369500292,5.92173433303833,6.846301917096103,7.462247848510742,5.694082110956014,5.661258220672607,5.185331133210131,5.135101318359375,5.368108608809031,5.464796543121338
test_1m,22,5.38729162977543,5.426152119269738,5.61044998399107,4.998721122741699,4.51042236477044,4.20258903503418,5.627572206136941,6.383687496185303,6.1738427795379,6.474578857421875,4.323932429327731,5.378572463989258,4.543851835826944,4.0851731300354,5.05242793014682,4.659025192260742,5.590085156197639,5.5563483238220215,5.928203824618118,5.973258972167969,5.487317276668016,5.0413737297058105,5.524977304575064,5.588252544403076,6.069879289847842,6.2494730949401855,5.591828805436071,5.948923587799072
test_1m,23,5.0195197009273365,5.119761852117686,5.151895011934932,5.974077224731445,5.006259585978106,4.5561628341674805,4.822603085831481,4.346107006072998,5.779286740196731,5.526055335998535,3.3768766151964917,2.2948906421661377,5.3896746886567,6.382839202880859,5.434336468171314,6.293262958526611,4.304473119496946,4.722231864929199,5.621660852965676,5.720693111419678,4.674255730118972,4.967207431793213,5.283097603467513,5.285273551940918,5.088010714499639,4.910611629486084,5.321325895540865,5.577491283416748
test_1m,24,5.486463735325846,5.380604853996864,5.766849611530053,6.354084491729736,5.691678784414528,5.265047550201416,5.654781765584696,5.238595962524414,5.309833435962387,5.074743270874023,4.462511803954141,5.357925891876221,4.1400962888928685,3.935701847076416,5.058456597004539,5.056411266326904,5.688052005289936,5.617358207702637,5.83690265961209,5.741121768951416,6.643449532554589,5.715027809143066,5.6096559477731835,5.679369926452637,5.8454106013333815,5.287684440612793,5.6163495253296025,5.624790668487549
test_1m,25,5.172355573754223,4.985298065038828,5.258952452161762,4.673755168914795,5.2117109255592196,4.6624755859375,5.048765102625185,5.373389720916748,5.791756730534768,5.723810195922852,3.4222165135840648,2.0910918712615967,5.480452827770417,5.438327312469482,5.400688563954376,5.58441686630249,5.5741692404009635,5.27302360534668,5.705775308664918,5.524257659912109,6.419658736365115,5.810364246368408,5.4847122092050276,5.538445949554443,4.993185283420859,4.956873893737793,3.4485785645582165,4.158642768859863
test_1m,26,5.487277940301409,6.030289613283597,2.2849982592094964,3.63838243484497,5.768870191112896,6.644392013549805,5.21795188925519,6.334427356719971,6.108519183162923,6.864594459533691,4.599466225696039,3.5105972290039062,5.922559331925592,5.90994119644165,5.654147973808729,5.627216815948486,5.764724429170868,6.7244133949279785,6.077381641925183,6.523739337921143,6.865560840076417,7.771899700164795,5.820172365113076,6.217837810516357,5.8109860829405795,6.67041015625,5.439274810521323,5.955913066864014
test_1m,27,5.031797635881847,5.3554720145005446,5.244953883411303,5.653238296508789,5.008754352785257,4.409954071044922,4.901955545083277,6.18015718460083,5.989765774209631,6.18751859664917,3.9964897196534688,5.538437843322754,5.236696538515424,5.079224586486816,5.158098988760904,4.805886268615723,5.648344998844506,5.790920257568359,5.750350938078504,5.913768768310547,3.6912447801675596,4.7232184410095215,5.4224876586593584,5.685388565063477,5.390940673910464,5.39720344543457,3.973285414384355,4.256219863891602
test_1m,28,5.359218199014889,4.822077512741089,5.53767267021777,5.023565769195557,4.983808014306764,4.386865615844727,5.3915920767578545,4.604784965515137,5.872546891519916,5.422136306762695,3.9699009882261858,2.3743984699249268,5.068825746585683,4.27716875076294,5.367073690216019,4.85537576675415,5.009830437475787,4.8738694190979,5.800051857121606,5.627602577209473,6.007847390506656,5.260054111480713,5.480011660002479,5.496301174163818,5.76772297473033,5.532416820526123,5.412952189526496,4.952467918395996
test_1m,29,5.585171008419244,5.511135798234206,5.854234404201005,6.494710922241211,5.8425537229571445,5.776304721832275,6.046162293916236,6.525815486907959,6.174469157031664,6.077332496643066,4.249057785196451,2.2593801021575928,3.609649360555526,3.807701826095581,4.8647922641962005,4.918722629547119,5.752031050079494,5.6172404289245605,5.865399538558765,5.617587089538574,6.914983221314741,7.265665531158447,5.515026761133812,5.297531127929688,6.192410281782273,6.36092472076416,5.726453268526846,5.625848293304443
test_1m,30,5.28101918677627,5.3289276269766,5.147736251554375,4.947505950927734,5.672693663928494,5.989390850067139,4.9626179353716005,5.671145439147949,5.9983258154889345,5.765146255493164,4.353156216069121,5.330224990844727,5.232362465931745,4.763460636138916,5.026307835193166,4.558650493621826,5.346141045625514,5.00350284576416,5.778883669671836,5.693624019622803,6.9910867085717285,7.610491752624512,5.278445421687882,5.006138801574707,4.283783019793095,4.51407527923584,4.581709379204011,4.422701835632324
test_1m,31,5.447388199510967,5.541824230780969,5.5334489648076355,5.902873992919922,5.875422381807794,6.302437782287598,5.2932533503720185,5.867735385894775,6.214165362771609,6.408310413360596,4.57712717477481,5.382725715637207,4.229969027168924,4.002618789672852,4.9755977482781955,4.81737232208252,5.8188581502063705,5.91068696975708,5.985945281936446,5.955560207366943,6.991620462751933,7.033232688903809,5.45388584803861,5.218817234039307,4.867682408803851,4.664252758026123,4.999070431924359,4.577090740203857
test_1m,32,5.122044938461085,4.942216506371131,4.763923568637823,4.309329032897949,5.65927802255826,5.44785737991333,4.399063418003896,4.134260654449463,6.125815080935161,6.326297283172607,2.2434088217773263,1.912314891815185,5.381921664907176,5.23765754699707,5.149022167420008,4.545831680297852,5.807702345216889,5.985081672668457,5.877448022353854,5.943833351135254,5.489421048322624,5.076182842254639,5.537007221245592,5.672904014587402,5.252173471525254,5.153139114379883,4.900399347090239,4.504125118255615
test_1m,33,5.184531868848233,4.850861732776349,5.108644899948957,4.192681312561035,5.1067535282433205,5.420831203460693,5.3274411246027125,4.683298110961914,5.053318917087241,5.009446144104004,3.019634732411114,2.001476764678955,5.47520135857556,4.925670146942139,5.389520779585349,5.268683910369873,5.289656262053473,5.240689754486084,5.331639793812055,5.257004737854004,6.412486679594987,5.521758079528809,5.208981026362416,4.991066932678223,5.454623731500102,5.433222770690918,5.221011461249742,5.115372657775879
test_1m,34,5.275862277603221,5.470191625448375,5.4458196993267745,4.803925037384033,5.246624085447363,5.030000686645508,5.278403162538006,5.844715595245361,4.814503159203037,4.909939289093018,4.127160738550469,5.708593845367432,5.656480208519855,6.418883323669434,5.575227060100236,5.863054275512695,4.564306705427301,4.739097595214844,5.495406987153892,5.5822367668151855,6.897212821951455,6.865334987640381,5.299841284757303,5.13875675201416,4.93758187789819,4.741809368133545,5.247641817968001,5.466143608093262
test_1m,35,5.182235859911046,4.842583014414862,5.107857671812992,4.398528575897217,5.477628849078262,5.756601333618164,5.244260469785714,4.4216413497924805,5.633742746766058,5.203149318695068,1.7909500295623615,1.8950774669647217,5.216381339609782,4.4889445304870605,5.077850273136263,4.529262542724609,5.5323864533932525,5.430629730224609,5.613141483766469,5.395052433013916,6.963732326261383,6.22810697555542,5.264765191253195,4.973849773406982,5.167707731889081,4.833061218261719,5.278661612528783,5.399673938751221
test_1m,36,5.349803393699944,4.996479859718909,4.989730021872262,4.210174083709717,5.459469168588738,4.825873851776123,4.69908998482191,4.151459693908691,5.990608079469739,5.554932117462158,3.0591281665287777,2.008009672164917,5.181511251350644,4.333016872406006,5.4784698996781245,5.187543869018555,5.630820782977945,5.286000728607178,5.901367999378777,5.817778587341309,6.898431930477561,7.498673439025879,5.604250269374,5.657538890838623,5.173846044269161,4.894928455352783,5.480720519311635,5.528307914733887
test_1m,37,5.431371455726846,5.347693718396701,5.539701561926867,6.385950565338135,5.828320475096937,6.213112831115723,5.462717155443606,5.082302570343018,6.210412947515754,6.37013053894043,4.039740839482392,2.220000743865967,3.9838674929480513,3.944034337997437,4.976146802966632,5.0823187828063965,5.385361447036946,5.052714347839356,5.9859738086397165,5.973471641540527,6.911363770944657,7.401644229888916,5.496658017976206,5.289828777313232,5.26304454903508,4.819079399108887,5.524520055436136,5.685429573059082
test_1m,38,5.514416582336641,5.533937160785382,4.950904002103411,4.1789164543151855,5.938860263624302,6.107463836669922,5.187293769743822,4.502473831176758,6.249949797568595,6.526838302612305,4.747060585121851,5.362011432647705,4.494874974029381,4.047596454620361,5.174044186832011,5.102680683135986,5.851598733212643,6.084811687469482,6.054395998650359,6.216047763824463,7.11247113885127,7.691286563873291,5.686561110481715,5.868858337402344,4.825800010313138,4.647796154022217,5.413600999843835,5.604401588439941
test_1m,39,5.3214020852828545,5.247154749356783,4.147437183664154,3.964540958404541,5.751095231985136,6.14521598815918,4.622975877231244,4.2034831047058105,6.102164376785261,6.264334678649902,4.16618213626756,5.232204437255859,5.282971836534204,5.104424953460693,4.708381161024718,4.299896717071533,5.682655382428295,5.7508063316345215,5.86343424926761,5.762011528015137,6.849991017861814,5.748526096343994,5.019273973694935,4.883105754852295,5.512441047741058,5.2944865226745605,5.469223634191123,5.559974670410156
test_1m,40,5.324771162835638,4.861885676017175,5.24956567305315,4.543789863586426,5.273967457218759,4.568397045135498,5.779257021998542,5.745736122131348,5.703732478768086,5.2967209815979,3.7610526947753264,2.2424657344818115,4.959461069005629,4.348556995391846,4.736779523093238,4.356703758239746,5.1547205452281055,4.946931838989258,5.5517073957932634,5.345311164855957,6.427079564409425,5.452869892120361,5.283470348442292,5.202138423919678,5.87974043355973,5.950051784515381,5.4614909115177435,5.204840183258057
test_1m,41,5.37037823666122,4.824003237944384,5.3135315756700265,4.560307502746582,5.6156408357835765,5.607853889465332,5.138792552718905,4.474624633789063,5.804920387762359,5.351922035217285,4.219100619689498,2.2651255130767822,5.328752488666579,4.509538650512695,5.304667402285508,4.759253025054932,5.565304437033009,5.261906623840332,5.674386475434021,5.417335033416748,7.010492892911128,6.165627479553223,5.458563227378126,5.222824573516846,4.6015925130438795,4.60019588470459,4.779171668219238,4.515527248382568
test_1m,42,5.160089606732187,5.514141229482798,5.5922254480929325,6.970853805541992,4.797609467906012,4.455740451812744,5.072581108584048,5.170427322387695,4.552980000844434,4.854165077209473,3.913153931928384,5.741754055023193,5.4009410185382425,5.859226703643799,5.425335112895998,5.996532917022705,5.267057110645925,5.509097576141357,5.441635220194788,5.588992118835449,6.124685593142671,5.636765480041504,5.381423316516817,5.713404178619385,4.913737898859879,4.747908115386963,5.197799659368298,5.438968181610107
test_1m,43,5.414125568121232,5.512701438023495,5.622083092087433,5.450417995452881,5.329092228303786,5.629802227020264,5.562991415892652,5.811933994293213,4.0133251718917275,4.7230305671691895,4.380224508050776,5.265773296356201,5.777901106813825,5.143580436706543,5.41269675831516,4.637545108795166,5.32737450934904,5.445470333099365,5.34616866524482,5.39909029006958,7.13954190131536,7.35949182510376,5.457396776597578,5.455279350280762,5.689929820728903,5.830804347991943,5.324906430984959,5.512898921966553
test_1m,44,5.407888607798606,5.065673901484563,4.863970471453485,4.087366580963135,4.843621334021617,4.289796829223633,5.165545915828805,4.767673969268799,6.015491593115438,6.191572189331055,4.415623243024896,3.1203999519348145,5.9148428491365355,5.902982234954834,5.6789624270406955,5.214293479919434,5.269283695073872,4.96617603302002,5.871275235770411,5.906111717224121,6.5567132589060515,5.676756381988525,5.600553646000864,5.700459003448486,5.579527565664724,5.6164093017578125,4.527140666344474,4.413763046264648
test_1m,45,5.067913568449593,4.894003648024339,4.357113835366842,4.037374973297119,5.417413830276789,4.9205827713012695,4.171727074575487,4.121029376983643,5.990442902605051,6.100428104400635,3.794780130948097,2.3278164863586426,5.491245537635649,5.63467264175415,5.389244259566937,5.154216289520264,5.6092102979842196,5.479522705078125,5.723968188850377,5.583115100860596,4.165615218677683,4.771291732788086,5.189592033332087,4.984516620635986,5.20371835527125,5.028924942016602,5.378804724754241,5.478555679321289
test_1m,46,5.243446407921588,5.1635107810680685,4.967727696606496,5.1423020362854,5.664819529723654,5.89783239364624,5.532694352452297,6.085677146911621,5.227710745780944,4.988371849060059,3.040522573434155,1.9931128025054927,4.86650924078206,4.873245716094971,4.234465912171867,4.156313896179199,5.549458622388563,5.497895240783691,5.643375180264519,5.568408012390137,6.9669574061901836,7.116794109344482,5.254938466015918,4.996557235717773,5.783618501569886,5.461202144622803,5.432005075600088,5.347927570343018
test_1m,47,5.331709033082359,5.117653076465314,5.492137821198244,5.554457187652588,4.423283694214228,4.199073791503906,4.803168951723411,4.259026050567627,6.039420080961075,6.330008506774902,3.7244143199331026,2.1537094116210938,5.421825041173408,4.504724025726318,5.484170232089218,5.08116340637207,5.512865877547511,5.622904300689697,5.852726073165756,5.937417984008789,6.782465589216964,7.3749260902404785,5.185211622479336,5.029675483703613,5.246469471293269,4.9312028884887695,5.344058655075142,5.551200866699219
test_1m,48,5.480035952651355,5.232946267494789,5.483573262502731,5.422877788543701,5.813467756293892,6.07810115814209,5.295227182435118,4.547891139984131,6.188991672064477,6.2235026359558105,4.048708403666978,2.2675349712371826,4.111223251440452,3.910069465637207,5.050732216705757,4.856460571289063,5.355999649054761,5.038603782653809,5.988643023914509,5.840230464935303,6.8027020580742334,7.333708763122559,5.614670909411464,5.579521179199219,5.876292591962389,5.6137309074401855,5.610235406940847,5.316068649291992
test_1m,49,5.315580085763344,5.485732243611263,4.477802327390545,4.530938625335693,5.86940567095876,4.784431457519531,5.687774846870838,6.224462032318115,6.206159513013028,6.120493412017822,3.9140643763396463,4.895164489746094,4.23522166330349,4.785058975219727,3.2656866502451334,3.9877002239227295,5.727621130980402,5.744490623474121,5.870473180612671,5.922719478607178,6.9111865991008115,7.165298461914063,5.260401187792674,5.084003925323486,6.0702832255403445,6.253481388092041,5.606460742775127,5.8162760734558105
test_1m,50,5.1876545783428645,4.918953253672673,5.033553480217763,4.864192485809326,5.512152780418946,4.938640117645264,4.945519857765026,4.538155555725098,5.989567194643437,6.132803916931152,4.099344516911362,3.897646188735962,4.929577001569667,4.465434551239014,4.899527544096983,4.552239894866943,4.961090565115771,4.869708061218262,5.7618708838946215,5.789952278137207,6.244458902959411,5.295520305633545,5.243972540096727,5.049699783325195,4.671608316228337,4.641398906707764,5.147265934539177,4.91100025177002
test_1m,51,5.246085945992983,5.210708599824173,5.19605124727741,5.585969924926758,5.339685065298296,5.732979774475098,4.787413534246485,4.257361888885498,5.819848352165728,5.883388519287109,2.66367978061404,1.944366693496704,5.75833542053576,5.102081775665283,5.660959497066831,5.504023551940918,4.5246344672357495,4.752913475036621,5.589129426683746,5.504146575927734,6.855743300921602,7.311326503753662,5.3983371432673595,5.446164608001709,5.30733103923225,5.193306922912598,5.297969023363514,5.521181583404541
test_1m,52,5.568976159587038,5.616335960534903,5.076469189431911,5.456663131713867,5.84357104584283,6.352063655853272,3.4436835407867217,3.931742429733277,6.164129221811797,6.198328495025635,4.706949616920545,5.417650699615479,5.91156627655471,4.508111000061035,5.849676323914709,5.360120296478272,5.958415970624703,6.201375484466553,6.036626392452373,6.080569744110107,7.422002410565423,7.749332904815674,5.838960857260337,5.916177749633789,4.875463800927826,5.013157367706299,5.269175427537607,4.827074527740479
test_1m,53,4.793811981017316,4.925976707385137,5.096494641303058,4.981100559234619,5.26409037480971,5.393165111541748,4.921624469243696,4.533695697784424,5.688461593181331,5.378202438354492,1.5267200741090479,1.8951672315597528,5.148540706161267,6.032883167266846,5.23093071890211,5.556218147277832,5.271550957681883,4.98465633392334,5.523099935061709,5.3892107009887695,3.5321498413748924,4.764752864837647,5.267925553843869,5.412367820739746,5.337752050323146,5.318691730499268,4.510214837229391,4.397585391998291
test_1m,54,5.074019237616762,5.445093961862417,3.2624434868289813,3.750789165496826,5.4380524462275925,5.148377418518066,5.1480015497610365,5.087695121765137,5.8554387517722235,5.50518798828125,3.9095791148527,5.617946624755859,5.338057090869023,6.635690689086914,5.319907923752665,6.097148895263672,5.546058951109575,5.66765022277832,5.773697715661943,5.78861141204834,3.941281146399549,4.775023460388184,5.118003768876814,5.007250785827637,5.77189716522635,5.945215225219727,5.539830977679451,5.759634494781494
test_1m,55,5.458576522971211,5.411974118306087,4.7672714651919215,4.95686149597168,5.886528499285774,5.790244102478027,3.9430050473661846,3.97747540473938,6.103619222190766,5.749536514282227,4.436402378648836,5.073941230773926,5.585106154121365,4.808103084564209,5.02331238712551,4.357378959655762,5.872406546467966,6.110177993774414,5.953878427167003,5.954793453216553,7.3042395944646525,7.531993389129639,5.673491917650232,5.72056770324707,5.012870947840685,4.846229553222656,5.399362211104842,5.478360652923584
test_1m,56,5.215102645740447,5.022448970721317,4.365091914940633,4.054827690124512,5.5396326632640704,5.514075756072998,4.248424502967707,4.123073577880859,5.657897538886708,5.278889179229736,2.370760537572229,1.908602595329285,5.689277525690729,5.201108455657959,5.41939828032205,4.746886253356934,5.6957079687977945,5.709346771240234,5.850201990735232,5.779714107513428,6.8639665423350165,7.228853225708008,5.583902084102482,5.230536937713623,5.240289884095585,5.1960649490356445,5.271782960915567,5.319857120513916
test_1m,57,5.508012057745937,6.00191668363718,4.895814318977582,5.508439064025879,5.767673088734117,6.54550838470459,2.9977987618291166,3.862565755844116,6.092066157069591,6.54668664932251,4.667057115261574,5.697769165039063,6.349378601022189,6.833997249603272,5.999541501767437,6.7030029296875,5.930470635826555,6.482944011688232,5.99924037142617,6.351560115814209,7.315261071938868,7.8466949462890625,5.843193343191994,5.983553886413574,4.642620333128878,4.926521301269531,5.104041450523093,4.735673427581787
test_1m,58,4.990418860762361,4.824722390908461,5.007661709880411,5.074713230133057,5.4344375228882935,5.722609519958496,5.201073572166187,4.514548778533936,5.7402038201959265,5.35609245300293,2.2865525325017053,1.928511023521424,4.712897677469567,4.672859191894531,4.428675747141897,4.282087326049805,5.45122009248597,5.264771461486816,5.521017240395426,5.372823238372803,5.096566941748806,4.9586029052734375,5.212843459615239,5.324706077575684,5.420613220962875,5.065743446350098,5.361681652458386,5.183322429656982
test_1m,59,4.964673381054886,4.857201796311599,5.310813033238676,4.529590129852295,5.123382753706731,4.649308204650879,5.483848713635685,5.129200458526611,5.979830645088224,5.8336181640625,-0.3456991845041353,1.842757225036621,5.158527685859197,5.198232173919678,5.113442166823382,4.60098123550415,5.391328738560912,5.062225341796875,5.691006262616092,5.516508102416992,6.318222583528105,5.611100196838379,5.31909910377674,5.2837748527526855,5.46260967909307,5.542428016662598,4.5343417722908255,4.343899250030518
test_1m,60,5.297917650687508,5.41318128659175,3.7390739604743812,3.856484651565552,5.763228749165358,5.243497371673584,5.4351520022595565,5.939900875091553,6.131287694168448,6.187796592712402,4.049700972553096,5.110963344573975,4.859758111619642,4.988831520080566,4.1880912148010365,4.170336723327637,5.562777091539669,5.304574012756348,5.87155316763581,5.906527519226074,6.80739699545616,7.070225715637207,5.0067455553082265,4.888416767120361,5.915123049372011,5.985024452209473,5.543040894584214,5.718777179718018
test_1m,61,5.4840722178577375,5.597858062157265,5.831666134506308,4.997866153717041,5.124086480705144,5.392568111419678,5.9607070706782235,6.16735315322876,4.920957525305306,4.952446937561035,4.721866454767571,5.513026237487793,5.978295509470784,5.96605396270752,5.662815548991892,5.783918380737305,5.0975498529907295,5.137550354003906,4.963012074085089,5.149682521820068,6.9986459611994025,7.292322635650635,5.13183003026108,5.220918655395508,5.675484927505111,5.814532279968262,5.226021261683943,5.383915424346924
test_1m,62,5.474953151022476,5.30172061920166,5.076145526710297,4.143444538116455,5.456001705909853,5.504488945007324,5.878521484599216,5.821869373321533,5.718604008177958,5.618038177490234,4.609355863272838,5.213557720184326,5.440894887223028,4.542210102081299,5.075044965076371,4.445918560028076,5.355538990652818,5.296351909637451,5.314357194812243,5.286508560180664,6.938799175405326,7.162093162536621,5.23226312565601,5.1743011474609375,5.790024640441093,5.711424827575684,5.288839395355122,5.002161026000977
test_1m,63,5.36689277875191,5.682907618009128,6.032542954060322,6.095755577087402,3.0151048968310183,3.9119720458984375,5.695129382229295,5.397598743438721,6.086867044635978,6.518179893493652,4.28804469606468,6.084265232086182,5.867136364601433,6.148804664611816,5.767425915173907,6.223282337188721,5.348146643175714,5.596359729766846,5.779595561352489,5.98807954788208,5.086012812994053,4.9399003982543945,5.43134812635683,5.7842936515808105,5.897911245551828,5.909262657165527,5.4743404807472755,5.280044555664063
test_1m,64,5.278688792805475,4.841868152985207,5.1523088297915685,4.6055192947387695,5.317915414699096,4.539077758789063,4.429853574113371,4.144272327423096,6.176059434666644,6.187495708465576,2.8810436482889195,1.9591509103775024,5.2805030199106495,4.348359107971191,5.480850441195597,4.95119571685791,5.796763168249792,5.813179016113281,5.954806119944639,5.95802640914917,5.894848026036776,5.095205783843994,5.596120764102645,5.334739685058594,5.284751487547353,5.0090203285217285,5.377130377924127,4.999043941497803
test_1m,65,5.469638681673901,5.357793001028208,5.459498895459585,4.369573593139648,5.202419293650324,5.387463092803955,5.939896872485709,5.991159439086914,5.555311838085923,5.666648864746094,4.640160609544701,4.3099894523620605,5.7392718512512975,4.801921367645264,5.572256321681032,5.270136833190918,4.7954784032449735,4.818259716033936,5.130571647495055,5.227334976196289,6.909476855913562,7.350086688995361,5.141015147104822,5.224934101104736,5.714320143253822,5.8279314041137695,5.305624982589907,5.405869483947754
test_1m,66,5.320067544948496,5.6431253139789295,5.911535125005444,6.692475318908691,3.3444644715848955,3.941406726837158,5.730846711058374,6.957304000854492,6.026388842023739,6.0848588943481445,4.3100660944535685,4.361010074615479,5.8025003935967625,6.158421516418457,5.698115456462703,5.590338230133057,5.32396299722617,5.398261547088623,5.666236664951341,5.525258541107178,4.541456973761581,4.8102707862854,5.359946441756427,5.480914115905762,5.957190331528913,6.54546594619751,5.48816758092052,5.814643383026123
test_1m,67,5.488400020477257,5.974604258170494,3.0361302079324055,3.717879056930542,5.676816347031228,6.213749885559082,5.2928587068569355,5.530041217803955,6.086781118235932,6.293796062469482,4.59048702721315,5.819919109344482,5.974872401840939,6.911819934844971,5.730846731915752,6.694144248962402,5.1324911887315485,4.924736022949219,5.979327907794197,6.247628688812256,7.008239899823287,8.19113540649414,5.703763555777551,6.034304141998291,5.670986875598243,5.388100624084473,5.465598297453155,5.702600955963135
test_1m,68,5.3221878882459155,4.849615793961745,4.819984978773138,4.1717634201049805,5.58323744996247,5.60951042175293,5.582945659026308,5.291990280151367,5.758114337272245,5.361608982086182,4.074589121902243,2.5217556953430176,4.931794053172769,4.3096113204956055,4.6001082427842,4.298486232757568,5.446097798528577,5.223647117614746,5.57301820812952,5.379449367523193,6.648502609664932,5.549402713775635,5.072709354172947,4.8739824295043945,5.788649272260075,5.546958923339844,5.308691461547462,4.906838417053223
test_1m,69,5.14318880043312,4.953273947422321,5.458280719740819,5.494462966918945,4.384645710384131,4.238104343414307,5.071267427246049,4.411803722381592,5.946978852555636,6.187719821929932,1.943043663589018,1.9439910650253296,5.296583293880159,4.691841125488281,5.487981012413462,5.26854419708252,5.08575032921522,4.963292121887207,5.760951818358293,5.766238212585449,6.16221651650281,5.661992073059082,5.395223627515618,5.326148986816406,5.558633330147209,5.46556282043457,5.309898104082128,4.972859859466553
test_1m,70,5.391005901251467,5.410243327801044,5.264967467506225,5.211884498596191,5.473266527809716,5.511068820953369,5.913395958977267,6.192799091339111,5.701140816532794,5.572514533996582,4.367061580161814,5.096330642700195,5.138159234327852,4.728501796722412,4.528582541509796,4.220319271087647,5.310299739565274,5.226924896240234,5.254801602571355,5.257571697235107,6.868584475266147,7.027320384979248,5.065515709051234,4.900970458984375,5.8367623012187195,5.9834489822387695,5.36053876177088,5.403508186340332
test_1m,71,5.28434373093165,5.234482068281907,5.350379964002826,5.623097896575928,5.4694335525322115,5.941628456115723,4.768452188833206,4.263978004455566,4.9219136246306645,4.947737216949463,2.36152940158499,1.9186663627624512,5.460294301368784,4.46342134475708,5.573264860040518,5.340027809143066,5.612913625536796,5.962850093841553,5.708313636214805,5.788139343261719,7.069249218948462,6.946491718292236,5.635250193809596,5.930783748626709,5.420614112502769,5.340132713317871,5.344859822105817,5.58131217956543
test_1m,72,5.3883534014086605,5.297613822496854,4.905668511349723,4.010794639587402,4.251108073531245,4.097648143768311,5.758198863109757,6.1771111488342285,6.170791303388797,5.98659086227417,1.6474879169896322,1.8746349811553955,5.919858221553335,5.29539680480957,5.6907613927965,4.858174800872803,5.566017676889413,5.624600887298584,5.935821851090065,5.851635456085205,7.200810770973549,7.697279930114746,5.592336495706265,5.673892498016357,5.928402175974356,6.208809852600098,5.481330964959947,5.512409687042236
test_1m,73,5.38089812553673,5.492023046200092,5.096468503411077,5.263875484466553,5.625669114217189,6.050549983978272,3.6975238016273826,3.890557050704956,5.995483406336857,5.882991790771484,4.506379378569207,4.25218391418457,5.861195259473267,5.885890960693359,5.701690286077373,5.954476356506348,5.734475960528284,5.748420715332031,5.8253993899566865,5.709036350250244,7.14824202099751,7.543340682983398,5.5934135734592605,5.362732410430908,4.007084691682746,4.499366760253906,5.158650245640647,5.352877140045166
test_1m,74,5.533484181117136,5.583093661528368,5.957209585516779,7.122435092926025,4.210135940852171,4.106628894805908,5.958624618871924,6.557686805725098,5.6637184051707745,5.702586650848389,4.704407613497609,3.282304048538208,6.069347365020935,6.549750328063965,5.772623146351052,6.151535987854004,5.156541244049243,5.130862712860107,5.265811511752309,5.228610515594482,6.937891465993706,6.690323352813721,5.226891724975832,5.131763935089111,5.789713766703999,5.90350341796875,5.222377965766423,5.022225856781006
test_1m,75,5.0786554672531095,5.07931267298185,5.2202169283144375,4.508308410644531,5.109209422879496,4.950162887573242,4.810457961709596,4.31964111328125,4.83764418702409,4.93144416809082,3.106108461003269,2.0622241497039795,5.437578480419578,6.461207866668701,5.371457938416224,6.133817195892334,5.294060809590183,5.373591423034668,5.462962005652493,5.48527717590332,6.377278411647366,6.6920976638793945,4.926247985731862,4.915063381195068,4.909084446899677,4.772440910339356,5.160214035002146,5.425788402557373
test_1m,76,5.333208663212961,4.998651376137367,4.990227896585838,4.3404459953308105,5.488227140546796,4.972414016723633,5.2050111472300395,4.488748550415039,5.800395004122443,5.496950626373291,4.215035084995747,3.9420201778411865,5.332181880842445,4.643370151519775,4.982681739602728,4.446619033813477,5.336869443809572,5.009575843811035,5.62416643102899,5.463978290557861,6.730537887488124,7.056936264038086,5.406731758620264,5.262765407562256,5.514619256532491,5.39540958404541,4.7050279503630215,4.463233947753906
test_1m,77,5.394687086665725,5.560814985862145,5.775811447176201,6.08729887008667,5.183285804331578,5.430667400360107,5.698553422967488,6.464676856994629,4.208395168558818,4.760856628417969,3.770717535095036,2.096327543258667,5.979013432241697,6.542675495147705,5.72229424533117,6.151079177856445,5.2253950564467,5.275223731994629,5.190544321938323,5.270022392272949,7.101162339112634,7.435298442840576,5.3559374461895795,5.39333438873291,5.657907442466531,5.897472381591797,5.261914464798671,5.485661506652832
test_1m,78,5.196890717226434,5.072209376555224,5.200553287565869,4.679737567901611,5.494312034344677,5.904697895050049,4.026802339670553,4.026707172393799,6.087848811851923,6.280040740966797,2.3141774313563834,1.944965124130249,5.043730414329889,4.344266891479492,5.407279560057107,5.187541484832764,5.754728279871019,5.678262710571289,5.89396448471992,6.044052600860596,6.262845090252181,5.613381385803223,5.571951459115989,5.703337669372559,4.986757965101623,4.954609394073486,5.514628165706511,5.577121257781982
test_1m,79,5.64597694034247,5.943764393146221,5.828756199517001,5.487216472625732,6.073131338417372,6.56054162979126,6.0184617922109895,6.092414855957031,6.410263147586195,6.9945902824401855,4.609417339322116,5.376415729522705,3.0002746422321955,3.720126152038574,4.6876210722533385,4.976510047912598,5.727776737603408,5.301249980926514,6.172956436644938,6.559677600860596,6.9303139291415095,7.110379695892334,5.682508972566085,5.808409214019775,6.3423539902874,6.906893730163574,5.913864626669546,6.37451171875
test_1m,80,5.438851148823709,5.496101251015297,4.912476378094462,4.4173455238342285,5.719843892337694,6.176206111907959,3.8376458215599527,3.931550741195679,5.819670769898236,5.359389305114746,4.650658808346307,3.512350082397461,6.015833609897866,6.4612555503845215,5.786004111963105,6.418187618255615,5.7830101381448396,5.903438091278076,5.8892868094605,5.915242671966553,7.292486520828675,7.901358604431152,5.725127918199676,6.049714088439941,4.203237808817945,4.539394855499268,5.069782347158954,4.863883018493652
test_1m,81,5.235783298607379,4.923734188079834,5.168355265307381,5.590142250061035,5.343913478103431,4.627452373504639,4.517635299144446,4.254693508148193,5.791389453850525,5.429421424865723,4.294043599730658,2.4187169075012207,5.482150362949926,5.402462005615234,5.385354010516936,5.206273555755615,5.552838339453403,5.481727123260498,5.713516624643994,5.517183780670166,6.674026174681768,5.660898208618164,5.386701883542261,5.116410255432129,3.8821988525033557,4.4454193115234375,4.873059537467845,4.857743740081787
test_1m,82,5.382207612930755,5.182465589963472,5.216213473028297,4.863969802856445,5.811795901164221,5.7310471534729,4.884084858798536,4.242146968841553,6.156408725885476,6.1608195304870605,4.345948282948285,5.210541725158691,4.419481376187855,4.042956829071045,4.947377094021924,4.616827964782715,5.5541765408356785,5.159637451171875,5.959897563362013,5.951138019561768,6.543711514226699,5.493325233459473,5.58391890565115,5.592076778411865,5.09042041479785,4.788120746612549,5.4552643171918325,5.519444465637207
test_1m,83,5.3790302183408345,5.346311752612775,5.044755909751187,5.140109062194824,5.53262909585767,5.3881449699401855,3.751366331598983,3.974446296691896,5.691292300872968,5.264849662780762,4.309565606284995,5.364297866821289,6.015475992483041,5.65339469909668,5.671715503674885,4.94779109954834,5.352723388146168,4.9671783447265625,5.790907480298623,5.700021743774414,7.197485078362166,7.627947330474853,5.245280096167212,4.931152820587158,4.975921891097967,5.074429035186768,5.348274163834985,5.468289852142334
test_1m,84,5.38113682346483,5.0655637887808,5.283295484543384,4.907864093780518,5.459482531840487,5.51118278503418,5.435006451545639,4.385952472686768,5.756418240864881,5.718171119689941,3.545678278820572,2.012943744659424,5.5122959414674275,5.317091941833496,5.032508950863535,4.398135662078857,5.383352467625765,5.200016975402832,5.356549282755241,5.279239177703857,7.024628444626199,7.152113914489746,5.248722637522856,5.227809906005859,5.590527531419259,5.360033512115479,5.326312461147546,5.381773948669434
test_1m,85,5.448307328487964,5.603990334730883,5.444504854365716,5.817679405212402,5.930682679336888,6.577033519744873,5.173381654504985,4.854757785797119,6.233484875639496,6.656164169311523,4.641768280202335,5.290352821350098,4.033511648736007,3.9678258895874015,4.916212076807053,4.8284783363342285,5.840414985752557,6.261226177215576,6.026071553093514,6.245367527008057,6.90355964087974,6.266475677490234,5.628126172101212,5.835623741149902,4.678375722797177,4.602066040039063,5.377901126126839,5.648823261260986
test_1m,86,5.583854121040314,5.389875118549054,2.700907067192153,3.661675930023194,5.8340928124043,6.16478157043457,5.366839921804706,6.040580749511719,6.179746591811421,6.233975887298584,4.714986399063683,2.49015474319458,6.0651729431307215,5.291504859924316,5.789383216603781,5.689957141876221,5.696092644428073,5.335516929626465,6.058948165288819,5.873450756072998,7.086017987977865,6.434873104095459,5.805522923231068,5.75508975982666,5.8464131864810165,5.964283466339111,5.4459797141064765,5.132531642913818
test_1m,87,5.680462193213173,6.25540617796091,6.265704111262548,6.781906127929688,2.7668526136603204,3.86080002784729,6.04278298560641,6.866017818450928,6.0557885235923115,5.671886920928955,4.7021734647118185,6.2641472816467285,6.346909874092525,7.509933948516846,6.081330476199412,6.952165603637695,5.322084982760998,5.497596740722656,5.857989924358176,5.973762512207031,7.335260066628907,7.958018779754639,5.487014460531478,5.324968338012695,6.056825217216001,6.680383682250977,5.525291811150341,5.978692531585693
test_1m,88,5.2841195780851855,5.339869609245888,5.578008428640749,5.061173915863037,5.402746981029248,5.33543586730957,5.543253687423865,6.109019756317139,5.779499238577847,5.419425964355469,2.0075043035543603,1.879228591918945,5.872029166599135,6.453661918640137,5.662529542940274,5.85176944732666,5.56319093569222,5.376400470733643,5.524137148379804,5.369841575622559,7.010099000215122,7.458131313323975,5.39647122385563,5.281885147094727,5.411032166999595,5.58510684967041,3.9430526911995534,4.237224102020264
test_1m,89,5.343641497130133,5.183077060259306,5.644210546680453,5.495697021484375,5.11728295466367,4.7804388999938965,5.686852606720926,5.523477554321289,4.574641145057534,4.840480327606201,4.219525032827133,3.3629491329193115,5.628513570997436,5.222255706787109,5.324408743385188,4.665224075317383,5.14647382701062,5.062694072723389,5.21458202206105,5.265368461608887,6.7938251010711825,7.060793399810791,5.111754826928612,4.888465404510498,5.697319202932016,5.847632884979248,5.307949882355922,5.364524841308594
test_1m,90,5.394596930274529,5.137655404897836,4.579755294452591,4.004513740539551,5.473323735648834,4.699679851531982,5.354018069803209,4.712939739227295,6.109430977534233,6.040657043457031,4.329926273826837,5.343142032623291,4.787970229156416,4.2117018699646,5.23594910250365,4.936746597290039,5.490490375685855,5.1602630615234375,5.937099544757573,5.838156700134277,6.5764456201389345,5.873058795928955,5.57240249187559,5.596771717071533,5.22277771620782,4.830235004425049,5.460170661977336,5.541654109954834
test_1m,91,5.287425159288092,5.181325380618756,4.141018809194215,3.8545081615448,5.245519205320284,5.1211442947387695,5.553367615183083,6.015783786773682,5.763814416022177,5.823311805725098,4.14930207931949,3.378760814666748,5.62977516421384,5.493622779846191,5.436482628010886,5.389951705932617,4.947283593163303,4.886389255523682,5.478200341596999,5.346158981323242,6.486665202070458,5.771413326263428,4.77365885661142,4.788960933685303,5.735314180861251,5.968782901763916,5.396124979177793,5.518441200256348
test_1m,92,5.3738592760606405,5.086711131609404,4.895443587505554,4.220845699310303,5.841682028465445,6.203587055206299,5.3475743862456495,5.751074314117432,6.137262557590199,6.238379001617432,4.242322279879894,2.9114015102386475,5.196243516845522,4.518979549407959,4.804981382235612,4.350026607513428,5.76764906684292,5.407455921173096,5.907401689114304,5.926309585571289,6.660388597193231,5.664984226226807,5.534104352318701,5.369826316833496,5.5133621012529455,5.344653129577637,4.0117550432983515,4.219721794128418
test_1m,93,4.944946578888236,5.25266760129195,5.070293228582929,4.4913177490234375,5.640034414480171,6.433738708496094,5.3432221485881986,4.999447822570801,6.209001617382845,6.728973388671875,0.03493008434716849,1.8431023359298704,3.6152260146598985,3.934542179107666,4.752498189652281,4.9809088706970215,5.814229583584897,6.020837306976318,5.980847854603465,6.173837661743164,4.8213774082087335,4.99713134765625,5.515479885357266,5.73264217376709,5.894622242150661,5.934658050537109,5.592542853948544,6.013541221618652
test_1m,94,5.452512965861462,5.582974470578708,4.338691349211491,3.8842382431030273,5.5554366156015265,5.2467942237854,5.233576839284371,5.633842468261719,5.128285938285376,4.97205114364624,4.589604587906379,5.682507038116455,5.943170592322058,6.322555541992188,5.705617405791145,5.97490930557251,5.597605357072375,5.806055545806885,5.752431017632238,5.752017498016357,7.085435210874852,7.828817367553711,5.667463453098612,5.934755802154541,5.304698683114381,4.931248188018799,4.980651506004209,4.608875751495361
test_1m,95,5.282966032651588,5.189936821277325,5.345796197312427,5.445598125457764,5.442078865255661,5.956569671630859,4.688018945357961,4.197303771972656,4.749167417698164,4.868087768554688,1.9725185103636893,1.86746883392334,6.0129805320668925,5.906708717346191,5.783974535374437,5.3186869621276855,5.588088264813611,5.957058429718018,5.648124568453708,5.669552326202393,7.200649232868768,5.932260513305664,5.633001592371053,5.913592338562012,5.330622688401202,5.256612300872803,5.283537074133058,5.179678916931152
test_1m,96,5.2601085949600765,5.411290608919584,4.546991124271113,4.910197734832764,5.848748499428253,6.312012195587158,4.671508807765154,4.209887027740479,6.106530349175022,6.351716041564941,3.9036050720491615,5.072776317596436,4.7173582472398685,4.557524681091309,3.98045404307954,4.126070022583008,5.72244017603849,5.849058151245117,5.853291562599521,5.936196804046631,6.88115570492575,7.17277193069458,5.125058115921005,4.939549922943115,5.5482056209473285,5.311169147491455,5.476064411040788,5.597847938537598
test_1m,97,5.408524838588275,5.60806289085975,5.708167525373546,7.142473220825195,4.190748041286038,4.122744083404541,5.60055787165064,6.536277770996094,5.661688724268314,5.77000617980957,4.551570875123032,5.753370761871338,5.834029020052436,5.176507949829102,5.63953412413602,5.5800461769104,5.1104739319423045,5.0217814445495605,5.368677176091457,5.268698692321777,6.431315122706684,6.096690654754639,5.29309571795454,5.294918060302734,5.7477235492099075,6.005282878875732,5.173241221852649,5.136019706726074
test_1m,98,5.126585215620623,5.191432806161734,5.248814964596168,5.818167686462402,5.387000669454469,4.638286113739014,4.531539841694607,4.201443672180176,6.077508885968787,6.041647434234619,4.230078295127515,5.636472225189209,5.126480129326891,4.640548706054688,5.312999622513764,5.363349437713623,5.72437504699913,5.822348594665527,5.816097753071084,5.939109802246094,4.441004889579631,4.884371280670166,5.464067271954907,5.389618873596191,4.53234096472876,4.6250834465026855,4.753299468052385,4.4881792068481445
test_1m,99,5.10351581951702,5.26757130256066,4.971342453893839,5.159572601318359,4.750110877785028,4.231803894042969,5.398570144633246,5.208954811096191,6.087656993866378,6.364228248596191,3.783786938646959,5.07499361038208,4.6419008259253,4.580493450164795,4.247888933081855,4.242485523223877,5.548415032206448,5.693319797515869,5.766665114572144,5.844789505004883,4.394746370737091,4.807442665100098,5.312299857020294,5.527176380157471,5.940405358835274,6.16259765625,5.501916752517406,5.580568790435791
test_1m,100,5.190716926353292,5.286745548248292,4.461139480277341,4.074522495269775,4.9848073970987254,4.380816459655762,4.934249320946546,4.6876749992370605,5.911498980853476,6.301149845123291,4.029949830444541,5.257030487060547,5.0835003055688945,5.248055934906006,4.8628949910005845,4.518953323364258,5.546946779993203,5.73680305480957,5.826774208358842,5.959805965423584,6.5464412592138705,7.211332321166992,5.498271251058836,5.668274879455566,4.719069248156982,4.659868240356445,5.073776989620944,5.023404121398926
test_1m,101,5.325183118120906,5.7576320721552925,5.077423031635384,4.226479530334473,5.523266172393755,5.384117126464844,5.021154858920988,6.009222984313965,5.97770520927146,6.388203144073486,4.355322445660007,5.950034141540527,5.809417685427897,6.905793190002441,5.589355362775048,6.431166172027588,5.484378053734596,5.067602634429932,5.8351690160727205,5.96929407119751,6.654914301923904,7.712268352508545,5.4019525843586145,5.139980316162109,5.2259165171795,5.546153545379639,3.271405296217889,4.11890172958374
test_1m,102,5.50902932516269,5.30854738675631,4.795469042290423,4.457885265350342,5.6164713605978225,4.922618389129639,3.5443550176622036,3.933091640472412,6.087362815497979,6.3181915283203125,4.489007951930872,2.6789140701293945,6.263812082723082,5.550501346588135,5.968486306929541,5.9818115234375,5.515511256160745,5.035756587982178,5.964493899251187,6.077685356140137,7.377991788039317,7.922704219818115,5.7742704807165595,6.00526237487793,4.879674739891508,5.006394386291504,5.340474485423721,5.120299339294434
test_1m,103,5.264213229897755,5.351222936923688,4.740024431122461,4.160738468170166,5.5402871742145505,5.81374979019165,4.985272646670612,5.522393226623535,5.9732024304980005,6.52901029586792,3.556327784481185,2.0661394596099854,5.695776554671857,5.84902811050415,5.583657759542997,6.163114547729492,4.979471971296131,4.860396862030029,5.828789067817171,6.212225437164307,6.734930985538812,7.227148056030273,5.544502713719022,6.007335186004639,4.915097951187019,4.794990539550781,4.357430517910988,4.359628200531006
test_1m,104,5.517345476542177,5.032535387919499,3.842044327987848,3.7973055839538574,5.179628483074092,4.442276954650879,5.5756544732601006,5.406065464019775,5.981706774011217,5.570090293884277,4.4842782961580365,2.5170094966888428,5.8515700936911,4.861111164093018,5.684771917402573,5.220707893371582,5.511294959388662,5.221468925476074,5.846702800415435,5.537351131439209,6.906944127933266,6.017807960510254,5.474985407758121,5.069978713989258,5.881949847286171,6.140456199645996,5.503959686681668,5.621330261230469
test_1m,105,5.472702123063894,5.332005354074332,5.659473877570296,4.683950424194336,5.1787651377801405,4.5112738609313965,5.576826924005942,5.995569705963135,5.0380879782140475,4.938888549804688,4.553393146239726,5.473531246185303,5.922602971055557,5.199122428894043,5.607843946147172,4.860823154449463,5.464992478155258,5.321455955505371,5.5046913261759975,5.368151664733887,7.0933201285906975,7.489512920379639,5.470695511432537,5.423144340515137,5.577560145935427,5.6737961769104,4.4968740285278175,4.376849174499512
test_1m,106,5.252229450725887,5.500462238605206,4.613255097880848,5.081550598144531,5.88821844511622,5.805113792419434,5.657621211680667,6.522989273071289,6.0173855887213685,5.588381767272949,3.8444068815709964,4.90165901184082,4.222021774360622,4.360226631164551,3.3534315554899776,4.000739097595215,5.61655648892367,5.553884029388428,5.72892284231586,5.610994815826416,6.7982733561782895,6.932168960571289,4.957581780816732,4.854262351989746,6.019212690711656,6.537801265716553,5.562095145669613,5.756237506866455
test_1m,107,5.449518374192763,5.021273466256949,5.551593569918903,4.54608154296875,5.265947108289238,5.429609775543213,5.492736013964871,4.3275065422058105,5.585933382277416,5.454573631286621,4.503066512334408,2.529719829559326,5.867013845004206,5.223532676696777,5.620479337627339,5.458452701568604,5.270225183158117,5.20395565032959,5.190184959655502,5.210868835449219,6.959159462065965,7.228273868560791,5.156157967065398,4.955033302307129,5.330195336411755,4.990832328796387,5.051046186732813,4.718114376068115
test_1m,108,5.4087502602297794,5.221878198476938,5.326175458762335,5.408057689666748,5.517980065845035,5.410489559173584,4.78864691870077,4.1876983642578125,5.933004472760714,5.80122184753418,4.3957634802011905,5.510451316833496,5.675024187107974,4.692226886749268,5.6413418567049725,5.270440578460693,4.784598988086021,4.780368804931641,5.722564892344314,5.504558563232422,7.02680725599959,6.403193950653076,5.4916187498373565,5.465170383453369,5.0978396632951535,4.89464282989502,4.912387393341708,4.555895805358887
test_1m,109,5.3895820060616275,5.3278356698843155,5.804278284258546,5.58039665222168,5.09199129562838,5.367237567901611,6.050552683112374,5.943726539611816,5.447766859973968,5.63065767288208,3.348887036425234,1.9543375968933103,5.852866960207227,5.374813556671143,5.5944736554680965,5.55183219909668,5.101882722613274,5.215037345886231,4.940115449807878,5.15457010269165,6.92538508523608,7.239418983459473,5.037637500611251,5.191680908203125,5.671369932250441,5.819060325622559,5.197358613208405,5.239094257354736
test_1m,110,5.18671708025838,5.304491354868963,4.708845937486711,5.03787899017334,5.852014336604806,6.32092809677124,5.072104099911301,5.737797737121582,6.103129368759389,6.323809623718262,3.3144116337910896,2.0444905757904053,4.573325554764963,4.519790172576904,4.138415158195573,4.189416885375977,5.710133070124387,5.9589056968688965,5.85249428834169,6.029458999633789,6.901070660633234,7.20215368270874,5.416370797546789,5.638190269470215,4.565409535463552,4.536550998687744,5.219597601735452,5.419015884399414
test_1m,111,5.365317095985854,5.3497586250305185,3.3059381146723785,3.7741682529449454,5.88081432384911,6.42027473449707,5.313962832138608,4.934450149536133,6.129801651329786,6.519199848175049,4.17256032784734,2.863538980484009,5.072656073302191,4.927071571350098,4.5103337381138,4.246852874755859,5.753052985201553,6.157088279724121,5.972326107379206,6.136208534240723,6.823297782508799,7.058755874633789,5.586721130365725,5.536301136016846,5.76456071274195,5.36957311630249,5.463096468365656,5.603378772735596
test_1m,112,5.107554606307039,5.1627951218531685,5.447308933601295,4.932381629943848,4.776218286290074,4.284348011016846,5.208246062977791,6.086533069610596,6.060898355469501,6.47288179397583,3.9453586425325717,3.414722204208374,5.275632092440016,5.369571208953857,5.135001701921142,4.673436641693115,5.636672033962875,5.771249771118164,5.7550001177785,5.91808032989502,4.074099218350977,4.779542922973633,5.388527981758235,5.516477108001709,5.490849340166394,5.621950626373291,4.204397114742138,4.275161266326904
test_1m,113,5.4779355671254635,5.11249956717858,5.520911450445823,4.496362686157227,5.233906222801989,4.566376209259033,5.712355589384403,5.113677024841309,5.866759925138469,5.537201881408691,4.498730854852226,5.395689487457275,5.34314237517417,4.360186576843262,5.4360378343158935,4.848523616790772,5.031057179689319,4.878668785095215,5.61405705360755,5.383833885192871,6.922832633121541,6.299064159393311,5.402318340434951,5.350302696228027,5.727430183847516,5.67677640914917,4.903622729817169,4.555830955505371
test_1m,114,5.07925704379681,5.043016635454618,4.818408164024299,5.034984111785889,5.526687019740839,5.412528991699219,3.811578203124329,4.04245662689209,5.547275003763418,5.222403526306152,3.884732632854832,3.2418053150177,5.416783836528229,5.4254069328308105,5.231348811173,4.699774265289307,5.688594120339022,5.79433536529541,5.721943014569163,5.690005302429199,4.44494864562925,4.794958591461182,5.526845850549599,5.673043251037598,5.083474851910117,5.1441650390625,5.327721415152427,5.3833489418029785
test_1m,115,5.494620603277981,5.322289026700534,5.426270614231907,4.861550331115723,5.4003216742927425,5.505639553070068,5.12313366058106,4.195528507232666,5.679226973637939,5.56240177154541,4.682414317000881,5.250946998596191,5.89270599410742,5.550697326660156,5.468142866307488,4.664981842041016,5.382443699451826,5.297249794006348,5.29427502038849,5.2405548095703125,7.101085078396216,7.264562606811523,5.287867152936815,5.244748592376709,5.408263302546017,5.232609272003174,5.283917488734945,5.318285942077637
test_1m,116,5.3216657233004865,5.231626620659462,4.543286320938987,3.981693983078003,5.2482362671161376,4.8254008293151855,5.25287658902338,5.685456275939941,4.521742618726984,4.852354049682617,3.9712169539144337,2.2457048892974854,5.785431479698877,5.390290260314941,5.60937871483075,5.727683544158936,5.398669434251069,5.290268421173096,5.584386173174043,5.642068862915039,6.761996430108325,7.436970233917236,5.597627134093276,5.614604473114014,5.639629778671044,5.752138137817383,5.2671765083590145,5.566512107849121
test_1m,117,5.291980834747239,5.446287631988525,4.465662408078932,4.932566642761231,6.012347773586336,6.1056952476501465,5.393112931705756,4.62010669708252,6.1802590779150055,6.317394733428955,3.8826029980211207,5.042623043060303,4.230691111591095,4.418699264526367,3.308128002184395,3.996776580810547,5.760800132021037,5.875491619110107,5.863060207444,5.882785320281982,6.885890555821484,7.07266092300415,5.333848386659956,5.205085277557373,5.907148993852154,5.638564109802246,5.572198272832826,5.693289756774902
test_1m,118,5.480232295012045,5.708623335911677,5.009762511603566,5.825222015380859,5.581664720194557,4.908968448638916,3.4241090526850577,3.9038219451904297,6.054028478933282,6.207034587860107,4.499748946979475,5.728129863739014,6.257719872930014,7.506984710693359,5.970278632919962,6.937975883483887,5.392008451201562,4.955162525177002,5.91958931093276,5.849216938018799,7.255302557180919,6.194634914398193,5.731580629519198,5.811098575592041,4.7885762430825975,4.910089492797852,5.3586504269936395,5.473763465881348
test_1m,119,5.195964072298089,4.819635070287265,5.388266718222781,4.533124923706055,5.342561729839774,5.031755447387695,5.351598072388964,4.796388626098633,4.688272986438813,4.875053882598877,1.9532161182184178,1.890751957893372,5.422377145031019,4.5382585525512695,5.509293119937603,5.171910762786865,5.445660297491289,5.250219821929932,5.594432797634617,5.56952428817749,6.546113243921923,5.396379470825195,5.372147163653193,5.114506244659424,5.603655057220436,5.323615074157715,5.3299384898763345,5.163766860961914
test_1m,120,5.443639061855948,5.282045437739446,5.960826182775399,4.925303936004639,3.874680763531369,4.03614616394043,5.597167664545025,5.254326820373535,5.01724433529272,4.94866943359375,4.39519132813416,4.691215515136719,6.006137833733826,6.322628021240234,5.7992513215892245,5.799091815948486,5.299921577957689,5.256874084472656,5.597314621014295,5.525004863739014,6.6196902186198985,5.435956954956055,5.48562803188957,5.389694213867188,5.7075785725269395,5.524143695831299,5.40667535251721,5.557535171508789
test_1m,121,5.395964211690237,5.450615240977361,5.166689451320641,4.21726655960083,5.57656153949212,6.098246097564697,5.487057529300262,5.639960289001465,6.06363772691725,5.803591251373291,4.222761808477156,5.429922580718994,4.114585218778211,3.978227376937866,4.976923759845567,5.004249572753906,5.118721853734348,4.970276355743408,5.914515599782222,5.90302848815918,6.759285880314107,7.537386417388916,5.480595596509383,5.318126201629639,5.637880730416623,5.23289155960083,5.628318057085183,5.724825382232666
test_1m,122,5.160955836329798,4.93677069590642,5.444672544292523,4.886195182800293,5.489001413414439,5.918745994567871,4.97127506315934,4.561302185058594,5.862752734995121,5.4697465896606445,3.1525893248122974,2.0342588424682617,4.508699423652013,4.197268962860107,5.049521406068818,5.068046569824219,5.6321505736780395,5.683923244476318,5.737404241187067,5.568505764007568,6.007320623440129,5.28455924987793,5.437905011921033,5.529810905456543,4.524593777486991,4.606932640075684,5.274539734179558,5.368722915649414
test_1m,123,5.300074221968404,5.454761578486517,3.8918074896595183,3.863117218017578,5.788097108565542,6.404367446899414,4.939109088919803,5.393904209136963,6.061643188615053,6.451970100402832,4.35714464088698,5.255227088928223,5.168280646156098,4.88280200958252,4.870601936871845,4.447564601898193,5.712541654134499,6.279043674468994,5.91731731487705,6.080399036407471,6.840976660413876,6.019537448883057,5.577278879137664,5.782103061676025,4.588766300827622,4.57120418548584,5.187399976523705,5.480660438537598
test_1m,124,5.134423795670056,5.221884736647973,5.153190288493712,5.786683082580566,5.438994103166759,5.114856243133545,4.744101098355958,4.1961774826049805,6.016315956727873,6.337358474731445,1.5188439308492363,1.89646065235138,5.482191745217552,5.076879024505615,5.552586633485549,5.735607624053955,4.844430715916945,4.873430252075195,5.80564276871824,5.98804235458374,7.029212225081762,7.091471195220947,5.47335230110387,5.66753625869751,4.48081378589248,4.616472244262695,5.20783379070079,5.50352668762207
test_1m,125,5.298051884861384,5.063311173365667,5.166422504138488,5.027461528778076,5.512827789497016,5.791845798492432,4.587966857361472,4.1693925857543945,5.900672545978062,5.974771499633789,4.164015942538676,3.696765899658203,5.684981686363127,5.542553424835205,5.457355212601713,4.865415096282959,5.232248518758647,4.90947151184082,5.737617594702133,5.521528244018555,6.566048242844119,5.545639514923096,5.506236221573437,5.461862564086914,5.084288233035439,5.012091636657715,4.273993153805658,4.304245948791504
test_1m,126,5.40681432869687,5.075846562018762,5.91959539390381,4.849912166595459,3.9318531789517834,4.09419584274292,5.5996736015775515,5.8356146812438965,6.052813681789923,6.1330180168151855,4.16647089262181,2.7941813468933105,5.368207227600716,4.4626078605651855,5.455237567353535,5.0207200050354,5.431704383469528,5.4907965660095215,5.818645468950626,5.837522029876709,6.851164839579715,6.312097072601318,5.042945456379847,4.977877616882324,5.719744286717066,5.634623050689697,4.930530294163399,4.542839050292969
test_1m,127,5.179931159963999,5.145153375772329,5.370310717605401,5.552592754364014,4.243489920672646,4.138077735900879,4.541833851616574,4.18839693069458,6.0352963558685335,6.315741062164307,4.006757557573225,2.688095569610596,5.652567305465429,6.081597328186035,5.5787184221296835,5.465789794921875,5.5389089548033965,5.541308403015137,5.790235819483615,5.8840012550354,4.467616417703038,4.850398063659668,5.485809007433504,5.659172058105469,5.253579719703744,4.984810829162598,5.373981029473192,5.537012100219727
test_1m,128,5.1776091040755,5.006139021653396,4.3604314662458865,3.9447197914123535,5.351013384501166,4.925541400909424,4.920693086172711,4.429626941680908,5.918927429800504,5.979283809661865,4.149820479637767,5.41388463973999,5.2123113765777,4.617212295532227,5.171210183040932,4.754766941070557,5.334426455330179,5.068110466003418,5.67399340587225,5.470154762268066,5.247819350610611,4.976600170135498,5.325724495549831,5.033500671386719,5.27870454717398,5.005953788757324,5.363842692467977,5.460451602935791
test_1m,129,5.509133255878459,5.386295612041768,5.89410395172373,6.677750587463379,5.27294713710855,5.44780158996582,6.037102940191758,6.271968364715576,5.529172394412443,5.347390651702881,4.6590383551488515,3.0995593070983887,5.2628731176921155,4.307790756225586,5.389467948595035,5.10968017578125,5.23818961316709,5.231082439422607,5.1401840985244185,5.215922832489014,6.908308631484258,7.107138633728027,5.158110410295369,5.12764835357666,5.786602854948203,5.777606010437012,5.342630873128136,5.300503253936768
test_1m,130,5.098912910770331,4.963192664659941,5.580986204270625,5.722676753997803,5.400147277937387,5.094728946685791,5.085706687263146,4.382060050964356,6.021076246279542,5.734604358673096,2.8371347752808767,2.0663137435913086,3.8015461795871897,3.984846830368042,4.817695066172768,4.9769439697265625,5.644758046816496,5.573207855224609,5.787775562902412,5.673957824707031,4.767568005044881,4.992778301239014,5.379934590574274,5.531230449676514,5.503250339857285,5.141210079193115,5.658288858027421,5.646945476531982
test_1m,131,5.265713395226281,5.076912788244394,5.514307855875808,4.629683017730713,4.859402318285966,4.435621738433838,5.512628576041566,5.723870754241943,5.7366296273250486,5.474818229675293,3.9444124043111577,2.5684268474578857,5.686843881439724,5.575578689575195,5.5116869134216175,5.674116611480713,4.761411044060979,4.788957118988037,5.493940060222793,5.371663093566895,6.689755141410453,6.868988037109375,4.728663284114476,4.80772590637207,5.529024803040085,5.693981647491455,4.485568228391978,4.386434555053711
test_1m,132,5.363102659761086,5.2585992996509265,3.888944650603179,3.8699581623077393,5.866655363827464,6.305392742156982,5.451200037056987,5.4308695793151855,6.174581644025123,6.107271671295166,4.232977166751178,5.199743747711182,4.748369570896245,4.220847606658936,4.429193768910359,4.261429309844971,5.709776079489029,5.812968730926514,5.9372037051397335,5.912191867828369,6.769226259337072,5.740954399108887,5.146801215943072,4.962138652801514,5.8543118795823865,5.403643608093262,5.511093235332295,5.13438081741333
test_1m,133,5.022557050113406,4.978934398064247,4.983512331230727,5.159289360046387,5.370734319995528,5.841323852539063,4.235411413821471,4.061378479003906,5.772858943047448,5.602715492248535,3.219625840962518,2.153970241546631,4.855822616185634,4.584442615509033,5.052383148632494,4.982475757598877,5.457825417425589,5.315028190612793,5.728014541033311,5.776102066040039,6.441358224329104,6.647067546844482,5.01933241172869,4.97953462600708,4.1035201665075505,4.520909786224365,5.052842276574206,5.101909160614014
test_1m,134,5.340520942445085,5.45208663206834,5.614704075486533,6.531673431396484,5.130756821905423,5.38051176071167,5.6521173942541845,5.032177448272705,5.412072348999252,5.316520690917969,4.4727647838382865,5.657011032104492,5.71724184493741,6.449549198150635,5.492610995677035,5.965469837188721,5.007912621116595,4.937533855438232,5.084117073658471,5.134125709533691,6.584585846193199,5.630267143249512,5.12266649682854,5.218482494354248,5.317113257764798,5.031378269195557,4.818108691126384,4.592425346374512
test_1m,135,5.697990566756113,5.8829242816338185,6.063352113794643,6.660762310028076,4.701765029934054,4.219965934753418,6.070743052369395,6.153250694274902,6.340535579120962,6.6320013999938965,4.718611076541243,5.500192165374756,4.276782547805057,3.925327062606812,5.238337964288477,5.119602203369141,5.73319373513802,5.814503192901611,6.088301392055194,6.250197410583496,7.128365782912098,7.464506149291992,5.661624277313687,5.817731857299805,6.269815418563507,6.812508583068848,5.782449397993134,6.107466697692871
test_1m,136,5.446365372705938,5.645181380785429,5.064567975234823,5.418982028961182,5.538711264395064,5.005815982818604,3.5676719817200437,3.936906576156616,5.78056461682408,5.323731422424316,4.452914188264575,5.674269676208496,6.222380229174295,7.244078159332275,5.911419521788886,6.624621868133545,5.384536405640363,4.95549201965332,5.84732066885716,5.768805980682373,7.310276088012215,7.876951694488525,5.5021616962001065,5.08675479888916,4.879105958617242,5.043766021728516,5.341119250448332,5.427181720733643
test_1m,137,5.444421659766984,5.335846644181472,5.442402656958453,5.357742786407471,5.750731459353496,5.937755107879639,5.48680881134848,6.1898040771484375,5.537009733456641,5.148161888122559,4.403368738671953,5.163258075714111,5.088867024336324,4.239112854003906,5.006795976894101,4.466028213500977,5.723453392310024,5.500097751617432,5.808794646155796,5.694329738616943,6.962393426576599,6.130125522613525,5.567480839156369,5.451999187469482,5.654347355343391,5.763524055480957,4.345027516409157,4.324067115783691
test_1m,138,5.584837217478789,5.734728152935322,5.722547823564732,6.295181751251221,6.014598510639841,6.299370765686035,5.699118690012068,6.005677223205566,6.320443199239631,6.347551345825195,4.7010171790579545,5.362894058227539,3.497652745433485,3.8254008293151855,4.8186262280823575,4.919998645782471,5.893346795179196,5.899643421173096,6.073523393361499,5.919300556182861,7.0080674650366825,7.431379795074463,5.647872557499189,5.642645359039307,5.544972118011576,4.889341354370117,5.661097122106036,5.713080883026123
test_1m,139,5.621777765279438,5.872643544123723,2.734668145384867,3.671714782714844,5.924115621260048,6.788173198699951,5.386694851114123,5.300378322601318,6.250552486694146,6.951011657714844,4.8791866172266625,5.494720935821533,5.791280047555107,4.57624101638794,5.6688353413342645,5.079064846038818,5.849009307420998,6.702983379364014,6.136029502492299,6.533925533294678,7.116974427474271,7.017121315002441,5.848607969358492,6.055709838867188,5.928811243033042,6.276899337768555,5.568345388284369,5.896421909332275
test_1m,140,5.01148173411852,5.0570025627429676,5.550446884701769,4.622122764587402,3.819606118511818,4.089564800262451,5.297521598417864,5.804679870605469,5.79965609570089,5.525557518005371,3.566180689638845,2.6767919063568115,5.199677628961462,5.606978416442871,5.3447348234681655,5.754541873931885,5.108952719257055,5.045261859893799,5.5950170163855955,5.598879337310791,3.7652477280939047,4.798337936401367,5.246049624847458,5.526392936706543,5.432860958066102,5.089614868164063,5.42331065748982,5.602309226989746
test_1m,141,5.489624726758897,5.358076884196356,4.832070163076451,4.077527523040772,5.910905171567538,6.31956672668457,5.670702735118524,5.870813846588135,6.3054290092651,6.517495632171631,3.6294287877759297,2.078190803527832,3.9102671209620805,3.871651411056519,4.852137364265382,4.633816242218018,5.8952270799552,6.185008525848389,6.117924304081023,6.326244354248047,6.89231495760176,6.864109516143799,5.691234861647117,5.815622329711914,6.046955771203488,5.99468469619751,5.610524121346063,5.100267887115479
test_1m,142,5.398951205770914,5.228418221840492,5.581151129167469,4.969357490539551,5.255230041225289,4.974414348602295,5.181062538804335,4.43655252456665,4.233994761664132,4.776713371276856,4.27501247999243,3.770874738693237,5.966395798520145,5.500547885894775,5.773378341534288,5.744140625,4.994451071154995,4.86914587020874,5.460632308218588,5.578034400939941,7.108535719976382,7.088576316833496,5.503999806268651,5.40285587310791,5.507695420213684,5.353428840637207,5.344826258281487,5.504794597625732
test_1m,143,4.978577483942976,4.8701782409961405,4.981308177206837,4.40112829208374,4.6043072067369675,4.363267421722412,5.027186030704158,5.533700942993164,5.834769450344515,6.12816858291626,3.35562459335056,2.2634193897247314,5.0162923030025,4.956255912780762,4.836139579404804,4.567550659179688,4.728385598350391,4.848708152770996,5.601349543889363,5.59820032119751,4.9632080832044885,4.948129653930664,4.946901702749032,4.919602394104004,5.548972239058112,5.668335437774658,5.277062783256951,5.11584997177124
test_1m,144,5.3628804045221266,5.2966673007378215,4.914653255111945,4.527892589569092,5.458829096144804,4.914856910705566,3.91242917778613,3.983014106750488,5.908651865267809,5.546998023986816,3.599596048675072,2.0818707942962646,6.0424883854343605,6.919756889343262,5.84447060895467,6.64104700088501,5.112053234523864,4.870213031768799,5.853044417833241,5.866272449493408,7.126516209414997,7.237038612365723,5.639701485020905,5.826571941375732,4.9530907070193875,4.939925670623779,5.351920767600465,5.501216888427734
test_1m,145,5.411348199913991,5.112739893106314,5.667043857087165,4.8802642822265625,5.549475802463468,5.861334800720215,5.574768365845954,5.662802696228027,4.682006059390329,4.904504776000977,4.205552976830772,2.4722819328308105,4.856825824647617,4.146614074707031,5.324294374960545,5.069773197174072,5.551311864321079,5.69153356552124,5.642253893933156,5.597898006439209,6.391073897269243,5.33738374710083,5.5691589789324,5.652265548706055,5.874406166987465,5.979859352111816,5.45935453621269,5.209102630615234
test_1m,146,4.7539107560727825,5.457334096615131,4.8438174072347495,4.331920146942139,5.120186934921721,5.947840213775635,5.06736094671802,6.317363262176514,4.475628986529631,4.869094371795654,0.5571895277473411,1.8657586574554443,5.164218917825994,6.987948894500732,5.249226767420341,6.398065567016602,5.381603038230241,6.004548072814941,5.457693077183908,5.661558151245117,4.3488459270795055,4.897433280944824,5.38274311660008,5.967612266540527,5.544485020269821,6.115662097930908,5.207840161184806,5.580538272857666
test_1m,147,5.2413207569131455,5.307218826734102,5.043227607081458,5.145749568939209,5.835419940315417,5.314467430114746,5.823589964336694,6.15535831451416,6.2041105509595,6.273492336273193,3.666009600664361,5.043026447296143,3.480479599749189,3.926011800765991,3.6249002538199884,4.149660110473633,5.697688340084981,5.780931949615479,5.86271963609029,5.913308143615723,5.932570275755474,5.351818561553955,5.221090373439003,5.13267183303833,6.063948076683663,5.670753002166748,5.681415620890866,5.136595249176025
test_1m,148,5.136264550811891,5.2064825388101434,5.3294243298782,5.083690166473389,5.3477610196852625,6.265787124633789,4.419045921633152,4.25341796875,5.93657451710293,6.436063289642334,3.862302486590789,2.977813959121704,5.055037766002729,4.418440818786621,5.0810294010923585,4.81911563873291,5.5902309194854665,5.821794509887695,5.755567305439988,5.955146789550781,6.442043621054897,7.332421779632568,4.66741040016208,4.872215270996094,5.087352870381274,5.155866622924805,4.197658602045449,4.29249906539917
test_1m,149,5.535512117321462,5.430807131987352,5.528444732724976,5.469716548919678,6.012497225767903,5.604626178741455,5.625754959749881,5.929510593414307,6.319249264202171,6.599309921264648,4.5524902066612505,3.7919235229492174,3.769597492615377,3.855419874191284,4.65356436013775,4.511900424957275,5.908688945208548,5.979915618896484,6.078941900397378,6.180553436279297,6.99572005304631,7.351847171783447,5.632539677418087,5.688609600067139,5.581898041888292,4.948363304138184,5.302270665361073,4.688796520233154
test_1m,150,5.315407919497361,5.428873428931603,5.00982073273222,4.794095039367676,5.588698524113683,6.039641380310059,3.852004330233679,4.046075820922852,5.948027780116852,5.843268394470215,4.326871478785831,5.3583984375,5.77940927430643,5.324781894683838,5.484221152655463,4.855601787567139,5.793943136206643,6.0118408203125,5.876703918905815,6.010025501251221,6.623301818772827,7.483278751373291,5.654296572312921,5.48311185836792,4.880124099147348,5.000144958496094,4.28288013517598,4.325089931488037
test_1m,151,5.367460043438619,5.222006137554462,4.734864220188423,4.687842845916748,5.703032842105099,4.765976428985596,4.815059898189946,4.212439060211182,6.106506449208543,5.769584655761719,4.0595786570576715,5.041998386383057,4.912224699981413,4.499855995178223,4.281754962838351,4.172466278076172,5.710972931991769,5.3972883224487305,5.887055182788602,5.841559886932373,6.9747459027580945,7.223141193389893,5.489526969983678,5.479610443115234,5.578588929211865,5.3078293800354,5.523068918398596,5.486486911773682
test_1m,152,5.072630024589441,4.8849138021469125,4.78001700090343,4.178101539611816,5.47855178584526,6.187445163726807,4.715820017607178,4.335921764373779,5.867084469225279,5.48917818069458,1.9585317867108003,1.903225302696228,5.153103806927242,4.718531608581543,4.918676212475062,4.480552673339844,5.71195949674873,6.029713153839111,5.806582888667717,5.80357027053833,6.02963647459179,5.237669467926025,5.480559115591239,5.4460039138793945,5.2607619293774714,5.22704029083252,4.7829053349915265,4.466926097869873
test_1m,153,5.056319755898531,4.9806958345266485,4.756350887360025,4.280613422393799,5.265923873253941,5.871471881866455,4.961246557868292,5.189465045928955,5.583580863828813,5.400033950805664,3.6718061359173,2.8982133865356445,5.103364817259404,4.93928861618042,5.205441182479674,5.132405757904053,4.432348901391359,4.765091896057129,5.638410579363906,5.713578224182129,5.936695810709632,5.394778251647949,5.354076240979496,5.596206665039063,4.799778022370981,4.759949684143066,5.023132953898084,4.807949066162109
test_1m,154,5.4380144934240775,5.2675388776339025,4.994451356922783,4.120835304260254,5.692754304412791,5.502684593200684,5.573249154240061,5.298316478729248,5.767239431441727,5.310888767242432,4.346186759473743,5.338210105895996,4.287844888538724,3.977132797241211,4.899716338692641,4.589841842651367,5.605634631401298,5.290974140167236,5.894817858290077,5.761105060577393,6.860677531399519,7.301799774169922,5.254327975305954,5.020141124725342,5.897712863420163,5.505825519561768,5.6195753209735235,5.460249900817871
test_1m,155,5.401984001207829,4.885753613251906,5.595591649155502,5.265762805938721,4.371318458954444,4.135551929473877,5.132233676532007,4.300395011901856,5.730786839483641,5.26401948928833,3.7833665376929853,2.108719110488892,5.920868655010948,5.72605562210083,5.710216784596794,5.129754543304443,5.169691148475979,4.936532497406006,5.762767438848265,5.61843729019165,7.04937594325679,5.685671329498291,5.425774236205435,5.13460111618042,5.2399982677214965,4.877258777618408,5.333802379767493,5.332037448883057
test_1m,156,5.537062392351247,5.346514151646541,4.96865248393447,5.108784198760986,5.71413957653267,4.914933204650879,3.5403475595438154,3.93255615234375,6.129918834853187,6.170358657836914,4.6264677760161375,5.310113430023193,6.0008192042170485,4.703760147094727,5.659386903244514,4.715267658233643,5.889192174886836,5.828745365142822,5.971382608747522,5.763425350189209,7.3956957123118094,6.913164138793945,5.769227986729699,5.660538196563721,4.923751099567587,5.022506713867188,5.392829179980903,5.460530757904053
test_1m,157,5.311882707831246,5.070986362603994,5.551113125805043,5.948561668395996,5.040454542966451,4.683602333068848,5.567186713621015,4.813197135925293,5.237374745710982,5.084901809692383,3.9791985225302984,2.4556872844696045,5.7991449087447595,6.009251594543457,5.612689882447119,5.455173969268799,4.2395375566201405,4.6640167236328125,5.317698987035204,5.263872146606445,6.715425376572199,5.896131992340088,5.144280489050816,4.959841251373291,5.606190189596604,5.680508136749268,5.244180161105557,5.0080766677856445
test_1m,158,5.439823874800435,5.234849067834707,3.889899288453663,3.8178727626800537,5.75229372409148,5.937216758728027,4.981361092534242,5.445944309234619,6.01809865754027,5.608988285064697,4.640858593064825,2.5395374298095703,5.791851527436207,6.071639060974121,5.6093579447702755,5.553700923919678,5.65102197736037,5.371470928192139,5.9054110079746485,5.687014102935791,7.132227967996939,6.521498680114746,5.659453928618898,5.687009334564209,4.5026947103118955,4.545361042022705,5.183179952251934,5.26578426361084
test_1m,159,5.481329419823151,5.512349660579974,5.732906510655459,6.247360229492188,5.991471138997944,6.662154197692871,5.830015734077016,5.401625633239746,6.390394005749252,6.980316638946533,2.8954524959528105,1.981421947479248,3.4717841612375615,3.8092663288116455,4.850297221177862,5.016618728637695,5.972772791252847,6.391761302947998,6.148522265188206,6.459420204162598,6.784667435633397,6.013600826263428,5.680214625326961,5.882899761199951,6.124270842514496,6.065789222717285,5.384513229937156,4.748310565948486
test_1m,160,5.214136362798447,5.1173856900288515,5.206906364928746,5.89473295211792,5.584083316496901,5.449395656585693,4.6378879935625275,4.242276191711426,6.012863483228969,6.136405944824219,3.0464567084842793,1.985182404518128,5.147155787018365,4.494307994842529,5.35414493401352,5.338701248168945,5.545585818091645,5.203752517700195,5.836024360091972,5.763484477996826,6.734944805212218,7.474424362182617,5.533026804851689,5.39012336730957,4.370855511946335,4.578621864318848,4.773836828452632,4.5746049880981445
test_1m,161,5.11861676899288,5.324403762817384,5.5402105539539885,5.63856315612793,4.925037111142161,4.695094585418701,5.522307018842249,4.757755279541016,5.308728118836532,5.221917629241943,4.145101067942392,5.561545372009277,5.446657477596197,6.409974098205566,5.310925381451872,5.916885852813721,5.094244187856539,5.174674987792969,4.985678769993078,5.1293768882751465,4.620518989505792,4.842673778533936,4.857747871498211,4.850586414337158,5.575714587348813,5.630184173583984,5.209146860939613,5.388016700744629
test_1m,162,5.548412117308179,5.353014890964214,5.832399743388925,5.031570911407471,5.640274645439188,4.747625827789307,5.849757600376382,6.270637035369873,6.280303094817162,6.08092212677002,4.454196435734568,3.796479463577272,3.7751257048010034,3.858211040496826,4.92650863719827,4.942712306976318,5.828465703653927,5.719088077545166,6.048093176271208,5.957798957824707,6.8349382903705616,7.353227138519287,5.4092042962594835,5.16398811340332,6.071525412276121,6.064412593841553,5.178564784419534,4.602519989013672
test_1m,163,5.2579885204918595,5.048737287521362,4.198150234549915,4.011780738830566,5.769360502123789,6.046144485473633,5.14501858454448,4.440919876098633,6.1127507787930035,6.276053428649902,3.5353181588639226,2.185805082321167,4.674143523162343,4.515972137451172,4.061243987266028,4.144168853759766,5.709579456676753,5.850054740905762,5.859686933086049,5.816027641296387,6.758945484863531,6.327666282653809,5.379452353239029,5.179225921630859,5.6317205222980045,5.259621620178223,5.518480246927319,5.580143928527832
test_1m,164,5.176558705583844,4.96267975293673,5.501806059093794,6.056221961975098,5.224258152615532,4.860141277313232,5.060405995980369,4.55435037612915,4.879427073897857,4.931146621704102,3.646179683559401,2.238828182220459,5.643609927890314,5.467553615570068,5.554363168222764,5.769820213317871,5.0907395787997896,4.886828899383545,5.535348869894148,5.531689167022705,5.569271559000292,5.091686725616455,5.4195296172857095,5.245638370513916,5.398051715353633,5.386738300323486,4.7722717709963565,4.494193077087402
test_1m,165,5.009087537295284,4.915715235930223,5.362571189329263,5.253416538238525,5.145380662114099,4.618142604827881,4.954538225914086,4.49786376953125,5.987421299715347,5.926396369934082,1.7279197433913311,1.8874828815460205,5.458776120114105,5.86924934387207,5.441464675634981,5.533151149749756,5.254238441860506,4.94484281539917,5.747872026467267,5.714432239532471,5.341408232705286,5.100078582763672,5.384506750592987,5.248359203338623,5.124383304307306,5.035247802734375,4.1876573126921235,4.275634765625
test_1m,166,5.417809687633641,5.286557564368615,5.514477750392083,4.727263927459717,4.816226639745571,4.261969089508057,4.966621106954145,4.333044052124023,5.990688266392292,5.589776992797852,4.583376804703146,5.628060340881348,5.505418170285444,4.724417209625244,5.544188137769121,5.319344997406006,5.493412678605721,5.190066814422607,5.850040902391474,5.866954326629639,7.168732762333575,7.832571029663086,5.554740220239585,5.738810062408447,4.301642111035256,4.520357131958008,5.141960388389905,4.992612361907959
test_1m,167,5.108336832982798,5.133503042734587,4.573360347088417,4.125431537628174,5.571684022458438,5.112470626831055,5.0989452008234855,4.831787109375,6.1487633775282164,6.507710933685303,0.2723452635720478,1.855529427528381,4.819609765874354,4.2317986488342285,5.274384360086529,5.132421970367432,5.657403798818264,5.347728252410889,5.999499633160107,6.170643329620361,6.548449447807214,7.510526657104492,5.641638925296698,5.690083026885986,5.552367987466786,5.210649967193604,5.249926698795803,5.008758068084717
test_1m,168,5.286540149941935,5.197917736493625,4.770795859353051,5.097537040710449,5.78141529486298,5.454891204833984,5.6098701502840935,6.269974708557129,5.944872917490381,5.529474258422852,3.9075849618649308,3.456082582473755,4.624443123334226,4.624978065490723,3.9113162534736787,4.103747367858887,5.286074832642734,4.961787223815918,5.716184870904095,5.5316901206970215,6.800270131786256,6.623201847076416,5.306658222171424,5.156177043914795,5.8638528781761305,6.053810119628906,5.201682452901165,4.709578990936279
test_1m,169,5.208591640444032,5.126447888521048,4.845974023198536,4.892451286315918,5.686929410832369,6.332028865814209,3.8284618724404815,3.971746683120728,6.1622386489991525,6.218138694763184,0.7005096780236517,1.834458470344544,5.841367337265606,5.007083415985107,5.590257341052208,4.749551296234131,5.814106244971232,5.418554782867432,5.979492458519678,5.996246337890625,7.1903817322226615,5.867876529693604,5.701701471626569,5.730959892272949,5.0102188206209215,5.061327934265137,5.360052285999334,5.563398361206055
test_1m,170,5.2753241743012,5.287885409135086,5.529157475505148,5.438581943511963,5.145465281109752,5.396077632904053,5.166150173091139,4.247554779052734,5.415147186893822,5.195154190063477,4.308938851525802,5.406993389129639,5.664219516971437,5.642096996307373,5.368797081106153,5.029777526855469,5.15351129559779,5.134975433349609,5.182468023308483,5.231898307800293,6.811071465397697,7.2760009765625,4.473238490175016,4.698311805725098,5.164554581872897,4.869803428649902,5.196494843360446,5.175283908843994
test_1m,171,5.270165010506681,5.30585241317749,4.516373981674659,4.544562816619873,5.935244505447562,5.338084697723389,5.262000641138665,4.9285807609558105,6.103476236996138,5.8292436599731445,4.071683911879936,4.924466133117676,4.408249445545361,4.415668487548828,3.6988480657743477,4.079287528991699,5.728017934826366,5.916296482086182,5.86152827519302,5.912374019622803,6.739987135333804,7.105379581451416,5.406429268304184,5.579216003417969,5.387702000846949,4.84722900390625,5.392603733625853,5.555692195892334
test_1m,172,5.266092707282942,4.8379970513857335,4.697030294972173,4.123993873596191,5.4772742112941835,4.9337358474731445,5.291760939102522,4.509666919708252,5.889124334522693,5.739023208618164,4.143803394226917,3.214830160140991,5.146096693479812,4.634483337402344,4.68190055225033,4.315379619598389,5.459570587192516,5.358857154846191,5.532879253832425,5.350613117218018,6.099931472544116,5.185835838317871,4.938913908621492,4.81644868850708,5.7065746790250556,5.51285982131958,5.394344873614013,5.198234081268311
test_1m,173,5.564167349553361,5.239429235458374,3.902324237481849,3.8102214336395264,5.674662731068885,5.410892009735107,4.904037701066071,4.2451934814453125,6.001473114957688,5.778469562530518,4.792341072363682,3.5963940620422363,6.13746644719296,5.939730167388916,5.781921594369626,5.183269023895264,5.682100610629906,5.554690837860107,5.80309919032787,5.530271530151367,7.186587408930271,7.484628677368164,5.651567019885875,5.367134094238281,5.503629664535911,5.283402442932129,5.312964751383089,4.928282737731934
test_1m,174,5.524495122187559,5.488476863274208,5.735494835892022,6.246375560760498,5.4996932220206105,4.697358131408691,5.7878640471251765,5.493171691894531,5.873717935781651,5.394025802612305,4.429533582416947,5.448988914489746,4.11196529671874,3.9144749641418457,5.081572381855222,4.988384246826172,5.182904671565028,4.948824405670166,5.927637855769394,5.856611728668213,6.853213099822603,6.967538833618164,5.576315833448078,5.6398773193359375,6.083002124251656,6.196712493896484,5.6755217017711335,5.557855129241943
test_1m,175,5.533473304884609,5.475210226499119,5.318501286437893,5.305058479309082,5.6973001750579035,4.947902202606201,4.217267678059915,4.100272178649902,6.205637988221005,6.463493347167969,4.549874991846986,5.337512016296387,4.925782288118391,4.090061664581299,5.34667010729031,4.812682151794434,5.902136298372923,6.051648616790772,6.045960001783747,6.184336185455322,7.134347005763344,7.32526159286499,5.748316827754652,5.806252479553223,5.291759189603807,5.147824764251709,5.551599125189034,5.605427265167236
test_1m,176,5.157754892230409,4.92287250665518,5.3698651914339495,5.611825942993164,5.029916436251994,4.407441139221191,5.162862064889228,4.445734977722168,5.833613012375245,5.395559787750244,1.3116510386976974,1.8428325653076167,5.607698391087016,5.713093280792236,5.512295039728551,5.125351428985596,5.513950499028354,5.364785194396973,5.650926110522057,5.416192531585693,6.841652802587424,6.000617504119873,5.427417795005614,5.29197359085083,4.8284900710192105,4.67934513092041,4.960475146368969,4.702589511871338
test_1m,177,5.489248314810438,5.3557804731222305,5.615939649076024,5.686744213104248,5.292028995143648,5.042717933654785,5.189572885805274,4.2186384201049805,5.64234953360665,5.678227424621582,4.671813098387003,3.708628416061402,6.044613394402652,6.499893665313721,5.734154629724571,6.066365718841553,5.311958584930221,5.085705280303955,5.264607781351737,5.229490756988525,7.03636482586239,7.342972278594971,5.282176572089786,5.28298807144165,5.342246671087544,5.195086479187012,4.932401471068194,4.5876874923706055
test_1m,178,5.259795666306224,5.1411422949570875,5.556246679174302,6.092309951782227,4.678228980423772,4.286564350128174,5.281416628551657,4.758702754974365,5.54911443954394,5.223290920257568,4.195425275221663,5.549035549163818,5.231066682145663,4.469011306762695,5.42158964174,5.235332012176514,5.198788564491728,4.975412368774414,5.654484816767405,5.461565017700195,5.206092106406701,5.002923488616943,5.377591662255581,5.127837181091309,5.7441652784769985,5.697092533111572,5.283132906781497,4.955772399902344
test_1m,179,5.334026039952291,5.151545451237604,4.296543111811599,3.900837421417236,5.460763053203205,5.600709915161133,5.217853583875363,5.82058048248291,5.616717956568484,5.281688690185547,3.9337737515394164,2.1142354011535645,5.819920956304715,6.5850677490234375,5.5894738015753935,6.005456924438477,5.52980655675919,5.442333221435547,5.6401228648356225,5.4029645919799805,6.5117825629787,5.684805393218994,5.501380612084527,5.214491844177246,5.5196432867323715,5.408607482910156,4.70455642111119,4.508311748504639
test_1m,180,5.54858952241952,5.563087665117704,5.799761277737715,4.539026260375977,3.5433920842929174,3.97832989692688,5.712045358362383,5.05195951461792,6.057279976046652,6.132345676422119,4.531281419387582,5.723028659820557,6.060159945042768,5.928643226623535,5.885367268579735,6.133123874664307,5.078983112193526,4.9475998878479,5.81480808710797,5.804419994354248,7.164361081236557,7.751485347747803,5.50435876025412,5.721259593963623,5.542733721959581,5.029794216156006,5.437131699252246,5.579123497009277
test_1m,181,5.148267798982891,5.219185086397024,5.458360578370006,4.816356182098389,4.562366498289589,4.301235198974609,5.42435813219228,5.944514751434326,4.579618606127378,4.886903285980225,2.0231681091758125,1.9057801961898804,5.449294729878372,4.807597160339356,5.483424352138582,5.400056838989258,5.336615178299274,5.489869117736816,5.550987487508783,5.698268413543701,6.702759245588174,7.614415168762207,5.492326909502665,5.756467342376709,5.657205546314518,6.020548343658447,5.20699601339215,5.207394123077393
test_1m,182,5.340854767180821,5.261787634629471,3.707085189872499,3.7604551315307617,5.35061302466855,4.708717346191406,5.33115037346048,5.291438102722168,6.018547998000586,5.960997104644775,4.294314967481101,5.374574661254883,5.629959505817672,5.016709327697754,5.311213595230161,4.74761962890625,5.4245875984513345,5.176697731018066,5.805176513292139,5.650343894958496,6.7899359074063135,7.365629196166992,4.813240993356653,4.827580451965332,5.747643146822284,5.77849006652832,5.207643159490896,4.7439866065979
test_1m,183,5.607823527843007,5.371381301146287,5.780499309949766,4.452420234680176,3.424646700532133,3.9439990520477295,5.941745466464714,6.111060619354248,6.134879206462827,6.195303916931152,4.60148134748842,5.380699157714844,5.9956358064419195,5.135225772857666,5.652212897871238,4.697432041168213,5.414080524593919,5.518424987792969,5.856678286263529,5.686014652252197,7.042789506246878,5.839864253997803,5.517217627538574,5.335335731506348,6.013857466661622,5.851657390594482,5.525981715443554,5.680519104003906
test_1m,184,5.138404923903153,5.240099540123573,5.602451972828135,4.705950736999512,4.966763861655042,5.396965026855469,5.6224992966433565,5.972686767578125,5.491991208929075,5.670981407165527,4.109811704453388,5.452118873596191,5.261833735252794,4.805090427398682,5.218639679117963,5.207158088684082,4.840906350219569,4.89879322052002,5.018010814385853,5.157615184783936,5.152520286203414,5.042966365814209,4.682132427631832,4.784725189208984,5.537561311896643,5.620729923248291,5.294141361523918,5.405512809753418
test_1m,185,5.487135470929694,5.576606750488282,5.843135199309001,5.845683574676514,5.086641955717521,5.026473045349121,6.095598433442155,5.965794086456299,5.392023081343999,5.578114986419678,4.765472316972501,5.52545166015625,5.885320190122519,5.753807067871094,5.527194149459715,4.994338035583496,5.04371420519983,5.10711669921875,4.870035782813186,5.131345272064209,6.917001197108114,7.234371662139893,5.003024902961044,5.1431193351745605,5.691101335485885,5.802956581115723,5.212498372150538,5.38731575012207
test_1m,186,5.5322028095697116,5.590281853309045,2.9348578143074486,3.679962635040283,5.879521649608768,6.279786109924316,5.401940710035217,6.174776554107666,6.0644794251599325,5.627956390380859,4.655580205425359,4.261010646820068,5.733922585697572,5.298785209655762,5.271306426109787,4.509804725646973,5.759279828933416,5.739317417144775,6.024290079051544,5.983713150024414,7.086476077207175,7.514615535736084,5.671786573853203,5.282374382019043,5.907560232448931,6.529664039611816,5.527634916567891,5.791897296905518
test_1m,187,5.396155161042208,5.339404986454891,5.586804372373006,4.880374908447266,5.123991437973097,4.626051902770996,5.230360868660832,4.534642696380615,4.102935590021187,4.751798629760742,4.327970125599679,5.591771125793457,5.973347048968168,5.704861164093018,5.719216133724658,5.28550910949707,5.1977519937449905,4.998798847198486,5.449057881630816,5.565810203552246,7.106419094171189,7.542651176452637,5.490359312072286,5.207347393035889,5.559419742174073,5.498960018157959,5.282383492434722,5.223687648773193
test_1m,188,5.2494331065348225,5.043212157029372,4.869912269511066,4.288296222686768,5.4366608926139,5.740536212921143,4.540660208158778,4.244524955749512,5.6435477279543065,5.358599662780762,4.307228395842568,5.405598163604736,5.470608699781855,4.724864959716797,5.428376185269164,5.112442493438721,5.42613157774206,5.134272575378418,5.6337224939211685,5.423893451690674,6.013896156805717,5.395915985107422,5.446600125814775,5.119528293609619,5.1543563740352845,4.976807594299316,4.870929277502051,4.636477470397949
test_1m,189,5.430278037599489,5.405239325303297,5.623305740046288,4.4712114334106445,4.794588168715189,4.38454008102417,5.8788116543282785,5.793232440948486,5.560059558219896,5.554213523864746,4.598618896533425,5.452239036560059,5.849744193878832,6.140355110168457,5.572176250807704,5.659651756286621,5.112364276805668,5.153487205505371,5.11411410975685,5.198238372802734,6.874454190432719,7.288589954376221,4.85053553785825,4.795013427734375,5.517049248606974,5.099696159362793,5.247792662803286,5.277642726898193
test_1m,190,5.04117901390373,5.18550938826341,4.242187832252188,4.074076175689697,5.3910098278925025,4.611617565155029,5.1553024528422,5.959311008453369,6.006079009811002,5.762440204620361,3.851807791543203,5.279444694519043,4.741715151296195,5.048489093780518,4.377379821870562,4.286021709442139,5.4099687369502885,5.135335445404053,5.751224530110782,5.680970191955566,3.998118682337821,4.698722839355469,5.347481901438202,5.453737735748291,5.812676996482331,5.711729049682617,5.450374445921206,5.709726333618164
test_1m,191,5.455244092252576,5.42188888329726,4.763875499442049,4.391707897186279,5.687324289781644,6.32806396484375,3.2046099986592878,3.92312216758728,6.010901528038332,5.763014316558838,4.526997578069937,3.25441312789917,6.057027907787219,4.9018731117248535,5.840316531859675,5.5346550941467285,5.870700290210554,6.188416481018066,5.969765253476881,6.050917148590088,7.111023482261116,7.61151123046875,5.812273728994174,6.016087055206299,4.759131362321395,5.0008978843688965,5.304225748381217,5.519876003265381
test_1m,192,4.841668220357523,4.816065769929152,4.934753975089861,4.787219047546387,5.018578384900507,4.797440052032471,5.09256163461556,4.861534118652344,5.790699621728129,6.005393981933594,2.432347030718824,2.054017782211304,4.570195650531831,4.637431621551514,4.436638970301104,4.426613807678223,4.389230639040065,4.767338275909424,5.566762648403943,5.74016809463501,5.202827690430972,5.099474906921387,4.7690486503387985,4.886569023132324,5.486936238788471,5.610295295715332,5.251105729759727,4.935359001159668
test_1m,193,5.43211053096217,5.4283616084318895,2.924096196884278,3.684379100799561,5.752801056762486,6.222388744354248,5.366606188011946,6.103455543518066,6.153998934158301,5.985702991485596,3.0530606018240487,1.9350086450576784,5.957447562130159,5.4977617263793945,5.674409445497021,5.137670993804932,5.754753921308687,5.8369879722595215,6.014714501101996,5.8686347007751465,7.090244129932327,7.679845333099365,5.635357906123276,5.223450660705566,5.825828033933295,6.252409934997559,5.414118424840396,5.14100456237793
test_1m,194,5.450489215566724,5.459724536308876,5.562525301369562,5.265629768371582,5.300351522759034,5.427516460418701,6.010741046549527,6.158743858337402,5.5570817470576275,5.625347137451172,4.59113356941219,5.206242561340332,5.5119286648193695,4.881931781768799,5.024564980075429,4.418045997619629,5.196305099555007,5.238959312438965,5.066519683025617,5.180870056152344,6.915354684781035,7.1873064041137695,5.065866780071375,5.166977405548096,5.760192367427283,5.822751522064209,5.293794355464351,5.396096706390381
test_1m,195,4.9524887789433425,5.234574794769288,5.1776297294465286,4.705477714538574,5.257765750744736,5.21517276763916,4.404864305323349,4.256364345550537,5.820270799384124,5.808312892913818,3.8920604862484676,5.639942646026611,5.106940830486065,6.225196361541748,5.145387705023535,5.976083755493164,5.566440617635591,5.654886245727539,5.610981097979977,5.547808647155762,4.644488150026748,4.925690650939941,5.286179401202797,5.192276477813721,4.130771526260118,4.553029537200928,4.338573726501409,4.3492302894592285
test_1m,196,5.210962013434126,5.184967343623822,4.536041700843751,4.104588508605957,5.726524922216914,6.602713584899902,4.551951429504823,4.15458869934082,6.168748787301519,6.635916709899902,1.8972094835077538,1.893582463264465,5.338182688998803,4.529366493225098,5.477968939922411,5.168806076049805,5.819735814650405,6.458291053771973,5.981812873634232,6.267463207244873,6.609857852610086,5.3855881690979,5.6636702768595955,5.936367034912109,4.7036807275815535,4.673891067504883,5.267120677011786,5.593412399291992
test_1m,197,5.30866672531626,5.518194308647743,4.800437704283696,4.11050271987915,5.363113607214699,5.640345096588135,5.141799899314715,6.024523735046387,4.550724958674407,4.879218578338623,4.291436689716916,5.618641376495361,5.551717346386901,4.715012550354004,5.503927620537252,5.376659870147705,5.442830298004464,5.737344741821289,5.579895755371317,5.660457611083984,6.507425873701794,7.449437141418457,5.589879825987867,5.773894309997559,5.627465312110232,5.917925834655762,5.062012537807114,4.832562446594238
test_1m,198,5.573770988327261,5.557751985696647,5.472932124110061,5.2962164878845215,5.835014720609621,4.784078598022461,5.908883874441763,5.351661682128906,6.35896137928143,6.3051581382751465,4.455192094882776,5.126327991485596,3.516115027790808,3.795645713806152,4.2909522939915306,4.332254886627197,5.8828505598625895,5.933308124542236,6.090800989589389,6.116915225982666,6.981679053805348,7.224877834320068,5.597077281751367,5.647265911102295,6.257953175798082,6.33308219909668,5.810610272339609,6.003983020782471
test_1m,199,5.061405600813826,4.781108076755818,4.802450114076875,4.223243713378906,5.38750022979286,4.983717441558838,5.119501944396486,4.479368209838867,6.021525867392644,5.82330846786499,0.6152617368094364,1.840436339378357,5.28113980307548,4.721961498260498,5.155100684414189,4.6035566329956055,4.989507795781205,4.853129386901856,5.812350038649724,5.786747932434082,6.8531421930247625,5.995049953460693,5.320194141897194,5.088842868804932,5.288555902622525,4.999955177307129,5.152042358646351,4.755087375640869
test_1m,200,5.16738770796401,5.0693953954256505,4.832094177434829,4.278744697570801,4.937159313472964,4.407111167907715,4.956929820767699,4.457496643066406,5.850793019771536,6.194127559661865,3.931387081131352,5.274935722351074,5.155851042887713,4.802746772766113,5.121373729704677,4.7637619972229,4.91931897883565,4.8558454513549805,5.748501897890536,5.772006511688232,6.556125758264506,6.2820024490356445,5.344417941240919,5.132025718688965,4.723104864583072,4.675342082977295,5.098982577546662,5.005993366241455
test_1m,201,5.566880464916071,5.339909296769362,4.478596768882112,4.021492004394531,5.5671738616743545,4.697414398193359,4.2214347861991985,4.072505950927734,6.162324653153036,6.239338397979736,4.708107926860877,5.398618221282959,5.886785631221233,4.564938068389893,5.790469901415874,5.282412528991699,5.8266921776541185,5.712912559509277,6.013925181904659,5.8795366287231445,7.291397683128668,7.645595550537109,5.668799756431269,5.221138000488281,5.289385366166385,5.162591457366943,5.464352349217147,5.520327091217041
test_1m,202,5.349943512749528,5.613526160900409,5.099237836466779,4.468957901000977,5.733056616097662,6.482122421264648,4.590716225104261,4.181067943572998,6.079807832559395,6.597650527954102,4.572850602286215,5.693904399871826,5.767537406207065,6.1449127197265625,5.6144810369742135,6.198009014129639,5.82885821891884,6.549501895904541,5.8979250677471,6.2465128898620605,6.517166250920286,5.525065898895264,5.63230442594349,6.116645336151123,4.374730660827915,4.573901653289795,3.8405934856906447,4.197587490081787
test_1m,203,5.126305464054436,5.0352346163529615,4.8739545217009175,4.221733093261719,5.512369617110534,5.692229270935059,5.20320927224614,5.059852123260498,5.616722321340486,5.195159912109375,1.1304860094719973,1.870571851730347,5.4138902478464885,5.245750427246094,5.124723539114195,4.5199384689331055,5.658039438517311,5.675422668457031,5.758598233242355,5.63444709777832,6.790747738950775,7.268923282623291,5.482338096551544,5.247743606567383,5.486782590187323,5.410767555236816,4.590109406427602,4.415510654449463
test_1m,204,5.3834739402773515,4.877113030507015,5.537538212720261,4.473621845245361,4.088553626043091,4.089553356170654,5.7463757292540345,5.273103713989258,5.792617636565797,5.357473850250244,3.926561333945547,2.384979486465454,5.443961472002254,4.676882266998291,5.247029638681612,4.5668158531188965,5.331167643271194,5.13239049911499,5.72575006112861,5.532324314117432,6.361232572036307,5.351057052612305,5.415609031351168,5.41957950592041,5.90111539239663,5.921725273132324,5.467648874209054,5.222962379455566
test_1m,205,5.4609123852427,5.267979805286115,3.8486145564788408,3.811119318008423,5.529196069071514,5.122236728668213,5.54076391646755,6.092187404632568,5.90555534280643,5.541066646575928,3.8606816378289377,2.053405523300171,6.001407638453181,6.728174686431885,5.740617254635009,6.128687381744385,5.231853589094472,4.92799711227417,5.7248525811545825,5.435887336730957,6.997555081613868,6.171260833740234,5.549973437082653,5.451669692993164,5.76028370021061,6.056600093841553,5.300506203257456,4.963444709777832
test_1m,206,5.16737836766335,5.150456776985756,5.327263666783818,5.965561866760254,4.647245499753297,4.293869495391846,5.123601527048239,4.53449296951294,5.895916631794312,6.140915393829346,2.6469050314919107,1.9799916744232176,5.344637344976323,4.79062032699585,5.445072628780747,5.587605953216553,4.939444220892672,4.856499195098877,5.783334886064293,5.969985008239746,6.6503982506523895,7.576611042022705,5.4664266060721545,5.785908222198486,5.10036920596235,4.889357089996338,4.805303279351028,4.584519863128662
test_1m,207,5.603775909890377,5.1401409552647515,5.719934068789541,4.766308307647705,5.239787547583254,4.42240571975708,5.514113675234621,4.510199546813965,6.301347412595531,6.266704082489014,4.30009354316003,2.379069328308105,4.342759301490289,3.9439351558685294,5.201472998687049,4.842450141906738,5.8095580818047825,5.8187785148620605,6.074134371879241,6.112850189208984,7.048203142578027,7.5162248611450195,5.664810868310814,5.526334285736084,5.9689791019430825,5.564969539642334,5.663892714518632,5.151602745056152
test_1m,208,5.507309969560745,5.676010627012986,5.529267424772712,5.919497489929199,5.879312546389328,5.224860668182373,5.337734615850567,4.792242527008057,6.268859639351617,6.743717670440674,4.555906804343606,5.496065139770508,3.4653898770697404,3.812071084976196,4.798452780106303,5.038978576660156,5.894608986943164,6.122286319732666,6.115563082660517,6.405393123626709,6.426471247579002,7.3601975440979,5.708920648945243,5.894667148590088,6.0521342839564,5.819509029388428,5.562407666321483,5.158651828765869
test_1m,209,5.337632831974916,5.377659724308894,5.396360166781835,5.433324337005615,5.651397530337167,6.019003868103027,4.775550168563981,4.289520740509033,6.017997474500793,6.09803581237793,4.433378280015422,5.513484001159668,5.820438524461045,5.909796237945557,5.585443155477931,5.111302375793457,5.807295262780759,5.795388698577881,5.790467859596761,5.600850582122803,5.968324167670792,5.220524311065674,5.562210673765721,5.593512058258057,5.132782865550109,5.196116924285889,3.447580686171575,4.128716468811035
test_1m,210,5.3347660074509005,5.186076457683857,5.433801244770792,4.707892417907715,5.272950430177695,4.797998905181885,5.231941702647136,4.751741886138916,5.195346693783144,5.0383124351501465,4.261410883809802,4.532986164093018,5.846258977606115,6.304175853729248,5.654895433799239,5.827737331390381,4.935029523755468,4.807717800140381,5.591519506220673,5.462355613708496,6.739826464877038,5.820539474487305,5.478163954125979,5.53679084777832,5.408487230385887,5.488771438598633,4.302326050902735,4.341973781585693
test_1m,211,5.0420596736167225,5.287550559410683,4.702934108825487,4.712546348571777,5.747517397596188,5.993311405181885,5.404466310457746,5.878819465637207,5.843026515507125,5.3862152099609375,3.6004880458291284,4.988478660583496,4.030926747689547,4.264763355255127,3.5472069002550652,4.083533763885498,5.642916153924806,5.813806056976318,5.695990933898197,5.631716251373291,4.640156564819399,4.87050199508667,5.24042495665083,5.499094009399414,5.868906368402895,5.887876510620117,5.581814753160981,5.727494239807129
test_1m,212,5.494684013603577,5.250837564468384,5.766437150309161,4.425445556640625,3.410285798751077,3.963047742843628,5.782644600365799,5.151373863220215,6.071325138492621,5.901971817016602,4.377648250050857,5.503425121307373,5.868465788839147,4.958991050720215,5.574798358751114,4.778833389282227,5.327600372861634,5.488644123077393,5.808688444949534,5.786970615386963,7.045859722628644,6.349982738494873,5.000183146247513,4.920714378356934,5.944892838389126,5.897313117980957,5.452062566210272,5.134174823760986
test_1m,213,5.446081598976063,5.810631862053505,3.600954047636368,3.7925944328308105,5.79709336907486,5.839303016662598,4.815903972098931,4.364170074462891,6.1215414169839155,6.610550880432129,4.768444710717431,5.589453220367432,5.802278409141307,6.54905366897583,5.623593950281868,6.450779914855957,5.760956658945473,6.270443439483643,5.995119189744218,6.354562282562256,7.140143104037284,7.9129815101623535,5.7109089287534465,5.750631809234619,4.469525565495398,4.541323184967041,5.192597463778322,5.512366771697998
test_1m,214,5.500451714674468,5.268926418744601,5.1878221274188165,5.44927978515625,5.60925216054069,5.779677391052246,3.9104629168260097,3.957507133483887,5.9315674385539765,5.906195163726807,4.615240384817111,3.266964673995972,6.1462588205275095,5.180927753448486,5.8540933554520835,5.442145347595215,5.731027188062355,5.54588508605957,5.736566653041871,5.472773551940918,7.252984959797624,7.397069931030273,5.63839780549659,5.49673318862915,4.925361529422268,5.008478164672852,4.966836950811177,4.592406272888184
test_1m,215,5.50700092966453,5.594226121902466,5.828608588133546,4.616267204284668,3.5842286520944633,3.97281813621521,5.842604480293067,6.2138848304748535,5.81647660983505,5.479498386383057,4.465164003820188,5.586437702178955,6.027164770482453,6.80279541015625,5.807054554362582,6.255648136138916,5.263020828422896,5.167592525482178,5.624530083839427,5.445015907287598,6.956743904425743,7.349711894989014,5.391418368820624,5.149385452270508,5.828403144542397,5.894502639770508,5.155594096566446,4.791381359100342
test_1m,216,5.550126127481018,5.750330264751727,5.668469487587343,5.760912895202637,5.999105315592338,6.275198936462402,5.939305322250242,6.90211296081543,6.301062898729873,6.075754165649414,4.365597148042402,3.600881338119507,3.022346303360115,3.737175703048706,4.506838344878309,4.590068340301514,5.6997849047452975,5.273990154266357,6.113594025978013,6.153403282165527,6.782315760223998,7.357165336608887,5.6291688689849275,5.644794940948486,6.279676130258726,7.118744850158691,5.84437514662165,6.264090538024902
test_1m,217,5.405773593638858,5.459014305701623,5.781523504598461,6.357555866241455,5.02804724220359,5.034622669219971,5.856555417840289,4.834133148193359,5.439604391684069,5.617217063903809,4.530084538009364,5.686010837554932,5.83246003027442,5.786232948303223,5.577742373080307,5.778188228607178,4.645157187346067,4.77316951751709,4.98093456771753,5.127173900604248,6.750143922960635,5.880961894989014,5.03537421803688,5.188234806060791,5.5718680048314955,5.533542156219482,5.245561318722047,5.370142936706543
test_1m,218,5.4746277469642735,6.010049856626071,3.5788224277081175,3.761620998382568,5.762137819867704,6.4635009765625,5.063812466354182,5.288107872009277,6.085688501722337,6.15526008605957,4.709846873726027,5.633650302886963,6.000513912535632,7.186903953552246,5.718050663007128,6.481794357299805,5.811161826674361,6.43900728225708,6.00960436293774,6.30682897567749,6.761340893287483,8.027389526367188,5.771659073160079,6.307061195373535,5.5569295964122105,5.73801326751709,4.34059229314254,4.341509342193604
test_1m,219,5.366020529431063,4.837217972828792,5.3258636669244135,4.981677532196045,5.541788644663755,4.878647804260254,5.309331095504548,4.652517318725586,5.370294834458567,5.049485206604004,4.029640892999427,2.27991271018982,5.517253922787926,5.152360916137695,5.109203359093448,4.458393096923828,5.521123350400607,5.115904808044434,5.697561305114437,5.495274543762207,6.975436229266897,6.183896541595459,5.470399398644418,5.142329692840576,5.426830463874156,5.139923572540283,4.463539718871208,4.353509902954102
test_1m,220,5.251338516472987,5.186958074569703,5.033876197850613,5.450137615203857,5.50348512498018,5.125910758972168,3.941829005858958,3.985089063644409,6.056641214612143,5.98702335357666,1.750309684546116,1.8790383338928225,5.974014425804782,5.677493572235107,5.81224456235743,5.628263473510742,5.283761981889517,4.926108360290527,5.890262719616309,5.848303318023682,7.225069950633315,7.268908023834228,5.637996790717259,5.7724809646606445,4.883395206702151,4.872258186340332,5.274513848580057,5.009439945220947
test_1m,221,5.18560029567278,5.200841005031879,5.293608651197761,6.021594047546387,5.400491808978245,4.99551248550415,4.721441532415988,4.518436908721924,5.912870273511227,6.373299598693848,4.041266093946063,2.5609796047210693,5.597160499431235,6.368729114532471,5.442671980403441,5.782218456268311,5.468061527425416,5.135400772094727,5.768995362462121,5.888256549835205,6.289150729561484,5.911057472229004,5.158385602876603,5.011183261871338,4.910040173100066,4.897640705108643,3.4086596084364817,4.1466240882873535
test_1m,222,5.407510510556027,5.261684747842643,5.808984569716851,6.06410026550293,5.183082244472096,4.943576335906982,5.8378678678084786,6.300793170928955,4.918949985773711,4.961405754089356,4.3357354448297345,2.6837472915649414,5.413766523221948,4.451971054077148,5.399821190114148,4.951589584350586,5.210822331141785,5.222625732421875,5.204715780248516,5.272136688232422,6.900651929706605,7.305287837982178,4.966229409759724,4.852182865142822,5.769247516313107,5.933949947357178,5.347761844121637,5.458535194396973
test_1m,223,5.396065085425956,5.336975409434393,4.1632344522197515,3.9099528789520255,5.829842000047129,6.38359260559082,5.582468778989359,6.343837261199951,6.271562809441495,6.725401401519775,2.5732579705053658,1.945028305053711,4.780339474359091,4.113583087921143,5.318650808436608,5.079190254211426,5.603566071297268,5.224676609039307,6.077749533532101,6.27897834777832,6.665335191558287,5.651948928833008,5.6928435769126375,5.765512466430664,5.994835344870969,6.586108207702637,5.595160098367376,5.372869968414307
test_1m,224,5.136558908094835,5.489916590543895,5.034373062886347,5.326233863830566,5.369075412594259,6.332752704620361,3.3305343344681497,3.902482509613037,6.012366681886103,6.287076473236084,1.4947381781545297,1.8607417345047,5.885352512113466,6.664388179779053,5.671839045554201,6.017526149749756,5.747026963649594,5.851256370544434,5.8550024076832905,5.883039474487305,7.151721378458963,7.698601722717285,5.317044217459997,5.0540771484375,4.616449552094537,4.950583934783936,5.289742058229421,5.540155410766602
test_1m,225,5.255853865779468,5.041584913547223,4.310730745357275,3.9517393112182617,5.46053005651987,5.385530471801758,5.3644392266102505,5.291998386383057,5.871654499507956,5.928831577301025,3.7807609098516015,2.2977397441864014,4.837232459875009,4.342035293579102,4.634227487049481,4.365369319915772,5.4674521171112485,5.225508689880371,5.662263868977642,5.525951862335205,6.630991285301752,7.143593788146973,5.389166602928511,5.354994773864746,5.537443780788051,5.245521068572998,5.379207215254438,5.481789588928223
test_1m,226,5.280211992332503,4.847743309461154,4.824744299754325,4.284907817840576,5.540669520478002,5.411829948425293,3.9604132616947454,4.0258097648620605,5.951828772743787,5.678667068481445,3.785116205793919,2.2344086170196533,5.664697032347802,4.796428203582764,5.5170913968012645,4.989132404327393,5.702184054493234,5.503357887268066,5.861539485367214,5.781830310821533,6.702213842696455,5.7667436599731445,5.226599364136229,4.986437797546387,5.021735026507152,5.032805919647217,4.883923637508406,4.528303623199463
test_1m,227,5.540125201478039,5.538035080983089,5.017743670807067,4.211572647094727,6.033391220925371,6.351621150970459,5.798741408099569,6.202332019805908,6.330951899332329,6.46570348739624,4.502888616569552,5.208615779876709,3.622108534738879,3.815047025680542,4.509758798533098,4.411793231964111,5.893803948012152,6.028106689453125,6.083855033824154,5.954400062561035,6.615469928680613,5.510821342468262,5.630737419973261,5.622005462646484,6.203977587870655,6.388063907623291,5.778199551847792,5.824373245239258
test_1m,228,5.528206565672683,5.436667589040904,3.6288836319103335,3.762896060943604,5.579516172573632,5.41459846496582,5.532819081925648,5.981203079223633,5.919763729782009,5.790793895721436,4.745955654165199,3.933402538299561,5.995598681565673,5.939755916595459,5.670529967065374,5.136501312255859,5.381313582573379,5.056196212768555,5.692684886592445,5.458982944488525,6.973463950646822,7.223760604858398,5.549914190652676,5.408331394195557,5.792146688090695,6.037133693695068,5.404095136200986,5.533122539520264
test_1m,229,5.406585126608758,5.461142650017372,5.543990549558147,4.336804866790772,5.116218193352401,5.384772777557373,5.8803829152208555,6.010633945465088,4.862404070175643,4.932473182678223,4.426586653174234,5.482056140899658,5.7993206137809805,5.63563346862793,5.5961269300523755,5.633186340332031,5.110591604000071,5.099416255950928,5.079476006363676,5.205061912536621,6.739456001182533,7.097602367401123,5.145989401365957,5.026455402374268,5.68432014695513,5.753485679626465,5.30074356073185,5.397272109985352
test_1m,230,5.161782958716138,5.141164376185491,5.169847070373852,4.412560939788818,5.495297606259103,6.042952537536621,4.920465116640208,4.2822113037109375,6.0207013355125545,6.178530693054199,2.3263118253251154,1.968984603881836,4.299790720080024,4.115249633789063,5.0095874872487,5.042686462402344,5.671724125226182,5.771297931671143,5.853020213313738,5.801111221313477,6.513877642289195,7.295351982116699,5.4998794970461145,5.62072229385376,4.94196588127265,4.760817050933838,5.380709942722352,5.542660236358643
test_1m,231,5.397458356432023,5.319232243757982,4.754593388657563,4.068207740783691,5.2483854388223135,4.66101598739624,5.513702684688742,5.814191818237305,5.885266198910975,5.543057918548584,4.245750648154824,5.418052673339844,5.439968888133254,4.56856632232666,5.542621939258815,5.25019645690918,4.502077932118869,4.755180358886719,5.785610785990255,5.781971454620361,6.871045351352259,7.745333671569824,5.463125654671899,5.4014997482299805,5.599836694482703,5.273690700531006,5.3149730283738235,4.869054317474365
test_1m,232,5.140978294718559,4.92147761124831,5.167980931477774,4.918655872344971,5.399321736757198,4.957799434661865,4.251581457103434,4.022631645202637,5.865199817277717,5.387319087982178,0.535934005009195,1.853829860687256,5.695624264033197,5.095524787902832,5.697426011418413,5.383312225341797,5.72053399218184,5.641733646392822,5.83424425908974,5.667343616485596,6.819323849344488,5.742403984069824,5.579473948334475,5.5370283126831055,5.0924424197844385,5.081353187561035,5.173631139529356,4.690273284912109
test_1m,233,5.57759605538564,5.45987551028912,5.2758694357351255,5.445868015289307,5.833206720347359,5.29637336730957,4.043850950972195,4.040679931640625,6.162415400525002,5.821308612823486,4.682653632555857,5.37486457824707,5.374539896901643,4.230453014373779,5.626002639638517,5.238819599151611,5.946256612429755,6.055431365966797,6.050452881440501,6.09477424621582,7.30798733114835,7.670958518981934,5.801443800632805,5.9128007888793945,5.170626588794547,5.082980632781982,5.233442828891651,4.713068962097168
test_1m,234,5.478389294957687,5.898960351943971,2.747207212405337,3.687286615371704,5.837545801499325,6.743469715118408,4.9700276145174715,4.506223201751709,6.196077996814971,6.7654547691345215,4.71552280759167,5.64686393737793,6.007734009294944,7.229075908660889,5.7456246563810165,6.56582498550415,5.820776763710143,6.632991313934326,6.0593108248599306,6.28559684753418,6.122058521855869,5.254181861877441,5.7934472030255835,6.116307258605957,5.703468458885173,5.49036169052124,5.500258963608489,5.76284646987915
test_1m,235,5.40745532420064,5.202117608143734,5.4639571997957255,5.78446102142334,5.49141394190322,5.169610977172852,4.872988732366711,4.195723056793213,5.836906675028312,5.521090984344482,3.941873567872062,2.112262487411499,5.991595832126598,6.873979568481445,5.730023019250044,6.323254108428955,5.639630708987529,5.454501152038574,5.619481882177102,5.372480869293213,7.013731398799329,6.126413822174072,5.501118914857785,5.455903053283691,5.094738432451694,4.975701332092285,4.09945890899222,4.262146472930908
test_1m,236,5.292571316202706,5.195189402653621,5.140375383815658,4.591349124908447,5.619132315258502,6.134434223175049,4.950343198100811,4.767138481140137,6.013019068573752,6.141119956970215,4.254013133655697,2.614272117614746,4.978234592364565,4.3916544914245605,5.289115963993423,5.269236564636231,4.925987692511675,4.8738532066345215,5.827256613631839,6.117883682250977,6.871554748032532,7.512385845184326,5.407200399211601,5.269204139709473,4.349614678918896,4.562758922576904,5.177579322566224,5.292171478271484
test_1m,237,5.421805125602345,5.716134273088896,4.822079144882932,4.125444412231445,5.82428194504409,6.444334030151367,5.6102966126611005,6.199519634246826,6.172794379554442,6.732204914093018,4.219134076725467,5.303238868713379,3.566097310756823,3.8669183254241934,4.7588887863978995,4.944849491119385,5.835061848328347,6.18256950378418,6.080372143059701,6.371654987335205,6.502893093987601,7.315260887145996,5.645883586437224,5.629465579986572,6.035124269777697,6.2777910232543945,5.410559435217157,4.916493892669678
test_1m,238,5.507625724143577,5.813780968005841,5.762611558189712,4.877975463867188,4.392339955093918,4.113835334777832,5.517220124577465,5.89127779006958,6.088194689040527,6.474612712860107,4.553241780445134,5.717641353607178,6.083228009142337,7.224616050720215,5.82280808465421,6.609991073608398,5.602658906793069,5.596437931060791,5.870842266292733,6.04299783706665,7.075343376973891,8.01566219329834,5.37031546253655,5.10300350189209,5.5538031578639115,5.700027942657471,3.9065270422630305,4.211073398590088
test_1m,239,5.071888284380118,4.748776215773362,4.794908970409871,4.2448554039001465,5.390254645808912,4.629025459289551,4.870025806377086,4.5793137550354,5.879165913780161,5.440937519073486,3.69403444664291,2.158689498901367,5.04184921103201,4.735533714294434,5.004415702554434,4.6136474609375,5.6079210953299725,5.554534912109375,5.735343143855881,5.587849140167236,4.584194603558006,4.830128192901611,5.415358806908961,5.53196382522583,4.703573313337198,4.63231897354126,5.213502037346122,5.195292949676514
test_1m,240,4.893629448290984,4.957890822337224,4.223221787596819,4.21997594833374,5.476924636801379,5.075350284576416,5.142815025800349,5.315945148468018,5.933710402057756,6.309349060058594,3.009496573085823,2.251073122024536,4.110038868063412,4.849786281585693,3.512765346224339,4.1085309982299805,5.453804792470634,5.602438449859619,5.673151920412145,5.746788024902344,5.483850427218191,5.138121128082275,4.478453052240146,4.788302421569824,5.73434625309548,5.52042818069458,5.384603742716305,5.526491641998291
test_1m,241,5.521944483198279,5.629333496093751,5.714863351874428,4.718669414520264,5.661730481971049,4.829885482788086,5.904805255930802,6.6243510246276855,6.3094399718749665,6.561168193817139,4.398019567536592,5.390805721282959,3.3811150927144986,3.793962001800537,4.744923719355719,4.89468240737915,5.577904054534731,5.205544471740723,6.052659519089255,6.108450889587402,6.813752238966762,7.368131160736084,5.157835580652896,5.061339378356934,6.249704435024073,6.871212005615234,5.818525012051858,5.753133296966553
test_1m,242,5.289839656010422,5.148434042930603,4.797666866822339,4.916901111602783,5.803791694746408,4.961251735687256,5.038265454420832,4.397337436676025,6.216975631763378,6.420916557312012,2.523457277795065,1.9427989721298216,4.57408908279214,4.143960952758789,4.294942879387166,4.221693515777588,5.82163415405303,5.928933143615723,5.965651460594304,6.053693771362305,6.921358183176247,7.095282554626465,5.536694207623637,5.618533611297607,5.748679081881087,5.517325401306152,5.524709553079847,5.7110137939453125
test_1m,243,5.342054808155051,4.883842871739314,5.694738736706109,5.076855182647705,4.2210078041167645,4.127524375915527,5.67254060700558,5.215417385101318,5.850389217912076,5.715251922607422,3.7814064513523618,2.190179347991944,5.544863533488591,5.255934715270996,5.249203131199196,4.587838172912598,5.11757260564861,4.944833755493164,5.540767710284314,5.346567153930664,6.605864045711457,5.528577327728272,5.282108074919482,5.084507942199707,5.6704467121029545,5.607994079589844,5.215803875568165,4.808475971221924
test_1m,244,5.307808195696386,5.041003465652466,5.0750408180909155,4.3144211769104,5.45343269987083,5.826664924621582,4.674839101903892,4.212433338165283,5.256704843410084,5.046895503997803,3.9430746583848273,2.486647367477417,5.416903892245676,4.9842023849487305,5.013687233969466,4.450036525726318,5.604103474439455,5.784707069396973,5.681271484440506,5.669930458068848,6.977731781182313,7.498936653137207,5.510016832905556,5.435507774353027,5.218992900778063,5.101297855377197,5.175706822431429,4.7213640213012695
test_1m,245,5.319227048634875,4.89760629947369,4.147757707916346,3.8902103900909424,5.702132436488502,5.859865188598633,4.823897935405241,4.209007740020752,6.062567863481321,6.096580505371094,4.0882289418256805,2.2109897136688232,5.521198327074367,5.372964859008789,5.255710909704697,4.632052421569824,5.678296173668885,5.601711750030518,5.834295972566714,5.620938777923584,6.457604823105998,5.421272277832031,5.428982886234768,5.067897319793701,4.89311510384313,4.690177917480469,5.256162550937729,4.995213031768799
test_1m,246,5.221075532014656,5.2644751622126655,4.655217310272403,4.780612468719482,5.910357028802923,5.263875484466553,5.504364342450203,5.198092937469482,6.1855846580747755,6.39744758605957,3.872811539805026,5.010557651519775,4.026676189961048,4.097672462463379,3.618094713974258,4.096575736999512,5.530660594513708,5.182701110839844,5.858668315213397,5.908317565917969,5.730973757597772,5.087718963623047,5.349230615241023,5.469857692718506,6.021272803855366,6.193135738372803,5.6100700464286275,5.751611709594727
test_1m,247,5.491638380567909,5.501915564903847,5.699045242623803,5.891910076141357,5.570321768474261,5.728123188018799,5.85779035285186,5.310207366943359,5.841810714778119,5.452707290649414,4.437533448671993,5.467451095581055,4.486494436593248,4.036389827728272,5.186136475413077,5.007435321807861,4.809811300131818,4.82304573059082,5.6632262215926525,5.490572452545166,6.882826022370783,7.220464706420898,5.394868637955496,5.263428688049316,5.967254366266584,6.088035106658936,5.594179959659117,5.745131492614746
test_1m,248,5.400782616679212,5.475500913766714,5.409506263293079,5.035696983337402,5.487493497730055,5.824334144592285,5.5408559926789485,6.15457010269165,4.204097774571688,4.761075496673584,4.291407471274175,4.410656452178955,5.528944168659453,4.879714488983154,5.072612760558742,4.416360855102539,5.42472496577876,5.678999900817871,5.481565482356694,5.6368842124938965,7.141941703507731,7.397626876831055,5.493577976702965,5.637359619140625,5.754224244348755,5.7540154457092285,5.37922171536872,5.594217300415039
test_1m,249,5.140696699418109,5.208934123699482,5.088249513761365,4.958425998687744,5.270575900034334,4.633884906768799,5.5301778072940975,5.840107440948486,5.9371544686650175,5.802106857299805,3.700286190572748,5.164788722991943,4.1730338813488945,4.121370315551758,4.285819922273891,4.329113960266113,5.109579209273921,4.983701705932617,5.678181018373256,5.556590557098389,5.516126860896655,5.161942481994629,5.087351349445429,4.972825527191162,5.926861577404251,6.442943096160889,5.52565939309156,5.748342037200928
test_1m,250,5.234426891558352,5.478584903937121,5.709193821078696,6.202254295349121,5.713689399750894,5.722742557525635,5.977892068470666,5.64144229888916,6.2814852795090035,6.402864933013916,0.551831669046666,1.8590770959854128,3.310209097382633,3.822884321212769,4.751760385793648,4.873039245605469,5.791275296978284,5.907395362854004,5.993817806445974,5.918392181396484,6.513761620020049,6.63554573059082,5.497479322927582,5.628693580627441,6.153208441745722,6.4578142166137695,5.801945381108762,6.149457931518555
test_1m,251,5.555999005011111,5.338760412656344,5.190099536701368,4.3308610916137695,5.039244568147408,4.345057487487793,4.397772577602032,4.082890033721924,5.485434136367721,5.105418682098389,4.653290177803567,4.713761806488037,6.2906976236944265,6.101052761077881,5.967393378678296,5.576383590698242,5.622214118034324,5.291919231414795,5.82881487249201,5.773908615112305,7.373920754237987,7.689095497131348,5.722769199170722,5.762279987335205,5.2758990616728685,5.16278600692749,5.380437060541724,5.468470573425293
test_1m,252,5.05148177076648,4.944269565435557,5.31572829913397,5.027676582336426,5.295427462589252,5.886910915374756,5.157066989670869,5.061789035797119,5.04024638684463,5.023563861846924,2.1121789231757226,1.9496877193450928,4.87667121393661,4.352073192596436,5.154487563082168,5.078932762145996,5.489162668806241,5.62200403213501,5.634241848124067,5.611886978149414,6.291692936574946,5.721476078033447,5.164409452973599,5.025096416473389,5.479892034598451,5.411105632781982,4.658057240453706,4.50330114364624
test_1m,253,5.252196299241347,4.8902964408581076,5.167775469878562,5.13908052444458,5.580337180815022,5.133501529693604,4.400914225509004,4.0607008934021,6.01394468114731,5.735812664031982,3.075475926855105,1.985156774520874,5.27896709812023,4.478029251098633,5.39054261742475,4.880375385284424,5.7035788100660065,5.639832019805908,5.792571758512965,5.567873477935791,6.341366736700053,5.314200401306152,5.530282921468747,5.5189385414123535,4.704929397296849,4.6762800216674805,5.297865066342899,5.444072246551514
test_1m,254,5.131484609116729,5.046159487504226,4.972635184888118,4.823798179626465,5.552198354241437,5.924375057220459,4.853335214116613,5.313653945922852,5.928534509646515,5.98740291595459,3.3980270432176534,2.041407585144043,4.888164243474262,5.119088172912598,4.584632507505533,4.350292205810547,5.571660452970626,5.654865741729736,5.6666642910242455,5.504987716674805,6.532170425209579,5.537445545196533,5.35462301128127,5.451479434967041,4.303251775249554,4.508522987365723,5.103402905692061,5.382753849029541
test_1m,255,5.375691523763688,5.319039436487052,5.6350019084022716,5.931034564971924,5.039040760495457,4.4871320724487305,5.279440880397038,4.586355686187744,4.515832360768864,4.83264684677124,4.300926597211914,3.729362726211548,5.972385987015772,7.135905742645264,5.76840626645504,6.621979713439941,5.03161926056598,4.867965698242188,5.508301459114257,5.520207405090332,6.631634995297022,5.516657829284668,5.507569120374029,5.6568803787231445,5.567281054882455,5.5077643394470215,5.12654915794785,4.75361967086792
test_1m,256,5.657032593747598,5.699696925970224,5.783617014058098,4.766026973724365,6.002947599877975,6.054886341094971,6.050906455236973,6.5115485191345215,6.311166947312812,6.159643650054932,4.710104997759851,5.366244792938232,3.2848430797320907,3.750855207443237,4.77266238849152,4.856042385101318,5.875270100361667,5.772369384765625,6.037946426229703,5.777328968048096,6.944836348139898,6.885187149047852,5.63072350596649,5.558407306671143,6.295178529674055,6.638265132904053,5.841220325877634,5.99925422668457
test_60m,1,5.439811929269867,3.851769667405349,5.072553740889911,2.9710326194763184,5.4439459124264316,4.223860740661621,4.387580262308904,2.7380499839782715,5.815192537923617,4.429556369781494,4.587823686467809,3.3373360633850098,6.066780610251548,3.5947976112365723,5.740418709197825,4.206147193908691,5.4643131652458985,4.260997772216797,5.533439605632699,4.253109455108643,7.112914633466648,4.78766393661499,5.175128819301503,3.9552814960479736,5.056622853794909,3.576695442199707,5.260840543600567,3.7384769916534415
test_60m,2,5.28273258461319,3.535141385518588,5.431493928964501,3.040354013442993,5.244880467810035,3.640716075897217,5.713809623150164,3.3398211002349854,5.643652837852272,4.337239742279053,3.7638802685235735,1.6829262971878052,5.56439244956899,2.788279294967652,5.276643923913294,3.1255481243133545,5.292828242554402,4.329345703125,5.186941838868851,4.123269557952881,5.750297930062583,3.627320528030396,5.134754417398764,4.225762367248535,5.646528003742368,4.298140048980713,5.025419667561672,3.3981151580810547
test_60m,3,5.362021168289788,3.697577705750099,5.514374685897238,3.236415386199951,5.689365619891731,4.567698955535889,5.597758081721332,3.2393157482147217,6.147518045718288,4.611217021942139,2.9088795854848297,1.5915392637252808,4.216355110362246,1.8803625106811523,5.079680479911358,3.390350818634033,5.126011422939148,4.027015209197998,5.909170408106505,4.73043155670166,6.913008639066848,5.05939245223999,5.426135641973258,4.225453853607178,5.67076210874238,3.803347110748291,5.507255357952075,3.705970287322998
test_60m,4,5.332976212460179,3.747084856033325,4.369307256700172,2.649466753005981,5.6042020832279915,4.599228382110596,4.840327483986458,2.914285182952881,5.9841960354882,4.403463363647461,4.1251122320591085,3.15556263923645,5.377803631740469,2.173018217086792,5.117738910927138,2.9588091373443604,4.893803188832882,3.923354387283325,5.832253800199842,4.733434200286865,6.898211754242414,5.012126445770264,5.292608901262215,4.0578155517578125,5.536596009150376,4.005099296569824,5.456529474165059,4.126439571380615
test_60m,5,5.384598938988628,3.976117363342872,2.9289473295434525,2.46390962600708,5.806344282894331,5.0421881675720215,5.257259131867131,4.223516464233398,6.156799123988342,4.896440982818604,4.042456882213478,1.710774064064026,5.538785896360884,2.311032295227051,5.312069786461071,3.114614725112915,5.765962632229639,5.106420516967773,6.016455453526613,5.038351535797119,6.107782411282239,3.682104349136353,5.700447684806463,4.752289772033691,5.872359886516127,5.19404411315918,5.494115705162398,4.153839111328125
test_60m,6,5.295147454781141,3.496182386691754,5.4160075864869155,3.074078321456909,5.4402894084837525,3.623189687728882,5.395792940950991,3.1367735862731934,6.026629721949364,4.521832942962647,3.84488922325652,1.7955834865570068,4.446845120604913,1.9187982082366943,4.860751089308369,3.026017904281616,5.283863946174082,4.142353534698486,5.728621236448776,4.458230018615723,6.633047493367546,4.144277095794678,4.662148095021361,3.911164522171021,5.7925285798518145,4.240333080291748,5.3055024702504205,3.4577386379241943
test_60m,7,5.675252239612123,4.51767621590541,5.877532322007653,3.510760307312012,6.142814502243938,5.408122539520264,6.074202195971034,4.567374229431152,6.463777778719268,5.70850944519043,4.654285996049386,3.0703349113464355,2.7543835366584437,1.6727877855300903,4.597791532057254,3.3715171813964844,6.003626073231285,5.472181797027588,6.221401588247819,5.616564750671387,6.914355396398701,5.103374004364014,5.7146137762499025,4.959788799285889,6.400153989172095,5.256828308105469,5.9593404279508215,5.011646747589111
test_60m,8,5.296034996249937,4.025382995605469,4.504571203251089,3.394014835357666,6.000795174550091,4.807981014251709,5.651156336420674,3.829377412796021,6.174781264243572,4.9715776443481445,3.868183794770068,2.965331077575684,4.270941768024434,2.4451146125793457,3.3544369987042257,2.6288201808929443,5.411877199489347,4.1398234367370605,5.843837123341939,4.907922744750977,6.88839321746767,4.9736762046813965,5.322277983582538,4.460690975189209,6.018238946833083,4.986948013305664,5.53896394057045,3.8187007904052734
test_60m,9,5.374219869947465,3.851510653128991,5.749092549231114,4.430359840393066,5.293478245444294,4.164130210876465,5.527058474882043,3.766970634460449,5.691903620031017,4.43239688873291,4.311640881736299,1.849078893661499,5.809585272748418,3.1883108615875244,5.570362263740289,4.08374547958374,5.437597390314867,4.420413494110107,5.3434118938661,4.189618110656738,6.597179530930767,4.091053009033203,5.283211088803332,4.353947639465332,5.320296874592606,4.060353755950928,3.930040222995898,3.039259672164917
test_60m,10,5.545165017083303,4.051100162359385,4.442182021709676,2.763200283050537,5.781455903344551,4.773204326629639,3.4865223851399127,2.627980232238769,6.118344884270579,4.870133876800537,4.711110046328483,3.366279602050781,6.339579911594673,4.05846118927002,5.9881427852724975,4.650915622711182,5.83348518726409,4.4721527099609375,6.000512826080306,4.79919958114624,7.358777478104777,4.478034496307373,5.803827180395075,4.491420745849609,4.890986457291233,3.677099466323853,5.332218155287072,3.63621997833252
test_60m,11,5.374208525536657,3.8083887008520274,5.536850255604983,3.5965447425842285,5.732268620229058,3.950361013412476,5.718909439687638,4.107580661773682,6.118773021363372,4.4849534034729,4.0253231521423585,3.086139678955078,4.219552400873014,1.9052129983901973,4.664756972402596,2.9285638332366943,5.706050049949103,4.45278263092041,5.899525199919429,4.795907974243164,6.424638212106779,4.134376525878906,5.461239407494039,4.438450336456299,5.7990267708049545,4.498901844024658,4.55779732939921,3.129277467727661
test_60m,12,5.4258021802313765,3.835879949422983,5.76501796913812,4.176828384399414,5.104007385122233,3.590027093887329,5.886963646461884,4.209578514099121,5.4904765745717325,4.3343281745910645,4.500140988223385,1.9800567626953125,5.827922272223931,3.2184762954711914,5.510884167413208,3.5225400924682617,5.16146722430957,4.287161350250244,5.040160720250059,4.130082130432129,6.852704968912258,5.015744686126709,5.014387642448353,3.971376180648804,5.5551562210781285,4.08173418045044,4.826138562855037,3.34850549697876
test_60m,13,5.5441376050394044,3.8184486719278192,5.4576785411140225,3.637798309326172,5.873550556605572,4.180059909820557,4.89725401708261,2.885546922683716,6.141062879660705,4.339821815490723,4.487252441037126,2.407181978225708,4.194322058166401,1.7999036312103271,5.1258910629249455,3.3954501152038574,5.782476032472578,4.391427516937256,6.057095144414848,4.83331298828125,7.002918403068184,4.991369724273682,5.7173282826815335,4.651158332824707,5.69167532328819,3.939821720123291,5.645284122995535,4.1869797706604
test_60m,14,5.428128970291649,4.010570544462938,5.695202812133885,4.078579902648926,5.415987840755411,4.295536518096924,5.400315423446315,4.216575145721436,4.68132457351605,3.581144332885742,4.476169400251506,3.4201903343200684,5.937022891310119,2.9695162773132324,5.6561703124584675,3.4907264709472656,5.508298886924946,4.460884094238281,5.517819108741451,4.405274391174316,7.082601473545795,5.330337524414063,5.5288059867945485,4.574332237243652,5.443948098190698,4.222954750061035,4.2220098057222355,3.091365098953247
test_60m,15,5.301538701058226,3.6536311369675856,5.472649510208774,3.109182357788086,5.542371413343263,4.390597820281982,5.637159168554345,4.00392484664917,5.076523277505299,3.7156670093536377,3.9579514272503173,2.2308921813964844,4.574355237493616,1.968755960464477,4.81842631701431,2.9516472816467285,5.5447231673723545,4.520833492279053,5.6518501938428525,4.535963535308838,6.147730553410509,3.791520357131958,5.4238046398469,4.3552093505859375,5.829417827100951,4.508118629455566,5.243040380813454,3.4148919582366943
test_60m,16,5.439592457719824,3.893642718975361,4.435434311609055,2.6841561794281006,5.711908114954611,4.751289367675781,3.995054742931002,2.7210469245910645,6.055846995308353,4.890394687652588,4.495375986555483,3.2260396480560303,5.988387934135488,3.096719264984131,5.6374208991999755,3.2133734226226807,5.44413421813572,4.104400157928467,5.93887191381723,4.958288669586182,7.02881323439759,5.082982063293457,5.7137516568496896,4.695086479187012,5.126762520029755,3.800194501876831,5.142939422433762,3.393383979797364
test_60m,17,5.332555007627427,3.7458608608979445,4.633301243205094,2.7653253078460693,5.440520621409217,4.258209228515625,5.309919278258905,3.553680658340454,5.886960465187143,4.554200172424316,4.173275427520214,1.852599740028381,5.599543362784485,2.6133904457092285,5.532643805453327,3.799774169921875,4.560695982269088,3.8593130111694336,5.65320569592789,4.497042655944824,6.92859366996162,5.319415092468262,5.251882216461481,4.0941596031188965,5.0607736036702695,3.503187894821167,5.291899727047803,4.025893211364746
test_60m,18,5.136718321064866,3.67363452911377,5.0002085345307705,2.869727373123169,5.206597149400613,3.368227481842041,5.106170005016859,3.885349750518799,6.074295446678112,4.969221591949463,1.5256611997841034,1.5462172031402588,5.1090487568451675,2.170121431350708,5.3380491652382265,3.5765044689178467,5.679172006553052,4.790013313293457,5.911983530407793,4.940231800079346,6.410807244071995,4.226518630981445,5.341243243289765,4.211342811584473,5.521991656733897,3.9856481552124015,4.552110235292902,3.218124866485596
test_60m,19,5.508235251050364,3.9867936372756962,5.717871072004063,3.378903388977051,5.920677930691351,4.947174072265625,5.668597742883187,3.608491182327272,6.301871905637804,5.159398078918457,4.495922248151178,3.136859178543091,3.6139376015918607,1.771769404411316,4.81758990842936,3.331502676010132,5.861131208355176,4.98297643661499,6.063174250525566,5.113990306854248,6.862291730333781,5.124964714050293,5.301662998355411,4.185362339019775,5.793384578898745,3.784647226333618,5.188945087797236,3.3022782802581787
test_60m,20,5.534417922830269,3.9211145822818465,3.7416160966822414,2.5210065841674805,5.85479486098839,4.005507946014404,5.424813129582862,3.523514032363892,6.232245710376125,5.260273456573486,4.648599543814344,2.606289386749268,4.823664837965552,1.9054189920425413,5.22328092453946,3.148380756378174,5.826153264443565,5.045566082000732,6.101853795163496,5.139843463897705,6.792582715778578,4.522002696990967,5.688749756772025,4.4154157638549805,5.990391812899595,4.52885103225708,5.598686547787261,4.352419376373291
test_60m,21,5.431179022661694,3.7338699560899,5.165768064651556,3.496263265609741,5.237920415082878,3.268960475921631,4.01873750302288,2.770738363265991,6.052893911063856,4.721073627471924,4.4305826816103835,2.163215160369873,5.542909070371021,2.157158136367798,5.56121076446955,3.320281982421875,5.567624744758322,4.2527360916137695,5.933856369500292,4.839320659637451,6.846301917096103,5.067257881164551,5.694082110956014,4.671318054199219,5.185331133210131,3.796841382980346,5.368108608809031,4.015144348144531
test_60m,22,5.38729162977543,3.9283689077083883,5.61044998399107,3.3669116497039795,4.51042236477044,3.001953125,5.627572206136941,4.364232540130615,6.1738427795379,5.063848972320557,4.323932429327731,3.26189923286438,4.543851835826944,1.957852244377136,5.05242793014682,3.104923248291016,5.590085156197639,4.581408500671387,5.928203824618118,4.920549392700195,5.487317276668016,3.521484613418579,5.524977304575064,4.590067863464356,6.069879289847842,4.854928016662598,5.591828805436071,4.478736400604248
test_60m,23,5.0195197009273365,3.73233307324923,5.151895011934932,4.178257942199707,5.006259585978106,3.299001455307007,4.822603085831481,2.949981212615967,5.779286740196731,4.1897711753845215,3.3768766151964917,1.7496473789215088,5.3896746886567,3.618410587310791,5.434336468171314,4.45974063873291,4.304473119496946,3.811214447021485,5.621660852965676,4.650949001312256,4.674255730118972,3.54373550415039,5.283097603467513,4.325958251953125,5.088010714499639,3.57688856124878,5.321325895540865,4.166773796081543
test_60m,24,5.486463735325846,3.8281856316786547,5.766849611530053,4.133551597595215,5.691678784414528,3.915085554122925,5.654781765584696,3.4449565410614014,5.309833435962387,3.7796010971069336,4.462511803954141,3.2304022312164307,4.1400962888928685,1.848737955093384,5.058456597004539,3.4336647987365723,5.688052005289936,4.573768615722656,5.83690265961209,4.656547546386719,6.643449532554589,3.98207426071167,5.6096559477731835,4.668858051300049,5.8454106013333815,3.9324288368225098,5.6163495253296025,4.166736125946045
test_60m,25,5.172355573754223,3.6098001094964838,5.258952452161762,3.1661179065704346,5.2117109255592196,3.4090723991394043,5.048765102625185,3.4438140392303467,5.791756730534768,4.38179874420166,3.4222165135840648,1.6754876375198364,5.480452827770417,2.926555633544922,5.400688563954376,3.872587203979492,5.5741692404009635,4.333330154418945,5.705775308664918,4.496386528015137,6.419658736365115,4.0880560874938965,5.4847122092050276,4.557778358459473,4.993185283420859,3.610368251800537,3.4485785645582165,2.9660484790802
test_60m,26,5.487277940301409,4.52334216924814,2.2849982592094964,2.428633213043213,5.768870191112896,5.338113307952881,5.21795188925519,4.342170238494873,6.108519183162923,5.51939582824707,4.599466225696039,2.1944515705108643,5.922559331925592,3.18510365486145,5.654147973808729,3.9102396965026855,5.764724429170868,5.580061912536621,6.077381641925183,5.513369560241699,6.865560840076417,5.638660907745361,5.820172365113076,5.303886413574219,5.8109860829405795,5.311653137207031,5.439274810521323,4.537708759307861
test_60m,27,5.031797635881847,3.832806293780987,5.244953883411303,3.873882293701172,5.008754352785257,3.179824113845825,4.901955545083277,4.168198108673096,5.989765774209631,4.771812438964844,3.9964897196534688,3.435977935791016,5.236696538515424,2.582714796066284,5.158098988760904,3.209890127182007,5.648344998844506,4.732139587402344,5.750350938078504,4.848074436187744,3.6912447801675596,3.32613468170166,5.4224876586593584,4.644986152648926,5.390940673910464,3.997984647750856,3.973285414384355,3.0548624992370605
test_60m,28,5.359218199014889,3.4803308156820445,5.53767267021777,3.34967303276062,4.983808014306764,3.139564037322998,5.3915920767578545,3.13627290725708,5.872546891519916,4.07346248626709,3.9699009882261858,1.81367826461792,5.068825746585683,2.0723624229431152,5.367073690216019,3.242427349090576,5.009830437475787,3.959902048110962,5.800051857121606,4.5464582443237305,6.007847390506656,3.710779428482056,5.480011660002479,4.50296688079834,5.76772297473033,4.115134239196777,5.412952189526496,3.5816192626953125
test_60m,29,5.585171008419244,4.0002803435692424,5.854234404201005,4.267311096191406,5.8425537229571445,4.338508129119873,6.046162293916236,4.391971111297607,6.174469157031664,4.684310436248779,4.249057785196451,1.7387758493423462,3.609649360555526,1.7741845846176147,4.8647922641962005,3.318775177001953,5.752031050079494,4.623241901397705,5.865399538558765,4.527253150939941,6.914983221314741,4.896777153015137,5.515026761133812,4.286316871643066,6.192410281782273,4.973340034484863,5.726453268526846,4.1828789710998535
test_60m,30,5.28101918677627,3.7919485202202434,5.147736251554375,3.2954025268554688,5.672693663928494,4.5701093673706055,4.9626179353716005,3.675737857818604,5.9983258154889345,4.431412696838379,4.353156216069121,3.229445219039917,5.232362465931745,2.3744771480560303,5.026307835193166,3.035080909729004,5.346141045625514,4.087376117706299,5.778883669671836,4.693281650543213,6.9910867085717285,5.4025421142578125,5.278445421687882,4.092197895050049,4.283783019793095,3.242151498794556,4.581709379204011,3.1661157608032227
test_60m,31,5.447388199510967,3.952471513014574,5.5334489648076355,3.879416942596436,5.875422381807794,4.82277250289917,5.2932533503720185,3.760798931121826,6.214165362771609,4.999409198760986,4.57712717477481,3.1607697010040283,4.229969027168924,1.899515151977539,4.9755977482781955,3.194463014602661,5.8188581502063705,4.930480003356934,5.985945281936446,4.886844158172607,6.991620462751933,4.892301082611084,5.45388584803861,4.2806596755981445,4.867682408803851,3.3777718544006348,4.999070431924359,3.2969274520874023
test_60m,32,5.122044938461085,3.5898626400874214,4.763923568637823,2.829645872116089,5.65927802255826,4.05780029296875,4.399063418003896,2.776201009750366,6.125815080935161,4.91691780090332,2.2434088217773263,1.5634348392486572,5.381921664907176,2.5847558975219727,5.149022167420008,2.989807367324829,5.807702345216889,4.884099006652832,5.877448022353854,4.85126256942749,5.489421048322624,3.5528440475463867,5.537007221245592,4.644893646240234,5.252173471525254,3.804716110229492,4.900399347090239,3.2118358612060547
test_60m,33,5.184531868848233,3.531308650970459,5.108644899948957,2.828237771987915,5.1067535282433205,4.046315670013428,5.3274411246027125,3.1978933811187744,5.053318917087241,3.733511924743652,3.019634732411114,1.6331548690795898,5.47520135857556,2.5259556770324707,5.389520779585349,3.598635673522949,5.289656262053473,4.303754806518555,5.331639793812055,4.1809983253479,6.412486679594987,3.997135162353516,5.208981026362416,4.049616813659668,5.454623731500102,4.079702854156494,5.221011461249742,3.732099533081055
test_60m,34,5.275862277603221,3.9553150213681736,5.4458196993267745,3.296025037765503,5.246624085447363,3.7502708435058594,5.278403162538006,3.9816298484802246,4.814503159203037,3.624446630477905,4.127160738550469,3.705920934677124,5.656480208519855,3.775212526321411,5.575227060100236,4.15617561340332,4.564306705427301,3.8452513217926025,5.495406987153892,4.533993244171143,6.897212821951455,4.983468532562256,5.299841284757303,4.227114200592041,4.93758187789819,3.4568777084350586,5.247641817968001,4.082708835601807
test_60m,35,5.182235859911046,3.491188040146461,5.107857671812992,2.9266068935394287,5.477628849078262,4.2790207862854,5.244260469785714,2.970580577850342,5.633742746766058,3.886514186859131,1.7909500295623615,1.5429693460464478,5.216381339609782,2.208348035812378,5.077850273136263,3.0067057609558105,5.5323864533932525,4.459160804748535,5.613141483766469,4.283089637756348,6.963732326261383,4.3368754386901855,5.264765191253195,4.018659114837647,5.167707731889081,3.5196752548217773,5.278661612528783,3.9472386837005615
test_60m,36,5.349803393699944,3.6330374754392185,4.989730021872262,2.803683042526245,5.459469168588738,3.563217639923096,4.69908998482191,2.802576780319214,5.990608079469739,4.219819068908691,3.0591281665287777,1.6180500984191897,5.181511251350644,2.1207096576690674,5.4784698996781245,3.5616025924682617,5.630820782977945,4.367608547210693,5.901367999378777,4.717825889587402,6.898431930477561,5.170333862304688,5.604250269374,4.6622724533081055,5.173846044269161,3.560645580291748,5.480720519311635,4.0611419677734375
test_60m,37,5.431371455726846,3.8820956395222592,5.539701561926867,4.165543556213379,5.828320475096937,4.773970603942871,5.462717155443606,3.3192138671875,6.210412947515754,4.934205055236816,4.039740839482392,1.7155277729034424,3.9838674929480513,1.8612033128738403,4.976146802966632,3.4541640281677246,5.385361447036946,4.1495890617370605,5.9859738086397165,4.904531002044678,6.911363770944657,5.0882415771484375,5.496658017976206,4.333616256713867,5.26304454903508,3.518298864364624,5.524520055436136,4.249138355255127
test_60m,38,5.514416582336641,3.9896026299549985,4.950904002103411,2.757852077484131,5.938860263624302,4.611738204956055,5.187293769743822,2.9860992431640625,6.249949797568595,5.104249000549316,4.747060585121851,3.1176464557647705,4.494874974029381,1.9222954511642456,5.174044186832011,3.4833834171295166,5.851598733212643,5.030563354492188,6.054395998650359,5.152402400970459,7.11247113885127,5.357301712036133,5.686561110481715,4.852390289306641,4.825800010313138,3.350913524627685,5.413600999843835,4.137999057769775
test_60m,39,5.3214020852828545,3.7114682014171896,4.147437183664154,2.587684869766236,5.751095231985136,4.603988170623779,4.622975877231244,2.8109521865844727,6.102164376785261,4.798460006713867,4.16618213626756,3.0143282413482666,5.282971836534204,2.451186418533325,4.708381161024718,2.789159774780273,5.682655382428295,4.720088005065918,5.86343424926761,4.619754314422607,6.849991017861814,3.942195653915405,5.019273973694935,3.9233458042144775,5.512441047741058,3.945420742034912,5.469223634191123,4.042522430419922
test_60m,40,5.324771162835638,3.487669403736408,5.24956567305315,3.021392345428467,5.273967457218759,3.303825855255127,5.779257021998542,3.8059685230255127,5.703732478768086,3.970324993133545,3.7610526947753264,1.737049221992493,4.959461069005629,2.081491708755493,4.736779523093238,2.8652703762054443,5.1547205452281055,4.0147576332092285,5.5517073957932634,4.265289783477783,6.427079564409425,3.767988204956055,5.283470348442292,4.17134952545166,5.87974043355973,4.538525104522705,5.4614909115177435,3.79646897315979
test_60m,41,5.37037823666122,3.472649060762846,5.3135315756700265,3.0318315029144287,5.6156408357835765,4.165139675140381,5.138792552718905,2.974525690078736,5.804920387762359,4.030364036560059,4.219100619689498,1.7644305229187012,5.328752488666579,2.2179665565490723,5.304667402285508,3.1743485927581787,5.565304437033009,4.337403297424316,5.674386475434021,4.352048873901367,7.010492892911128,4.271018981933594,5.458563227378126,4.257364273071289,4.6015925130438795,3.3255834579467773,4.779171668219238,3.2424123287200928
test_60m,42,5.160089606732187,4.010781966722929,5.5922254480929325,4.932186603546143,4.797609467906012,3.245236158370972,5.072581108584048,3.424635648727417,4.552980000844434,3.6010091304779053,3.913153931928384,3.7524797916412354,5.4009410185382425,3.435986280441284,5.425335112895998,4.337917327880859,5.267057110645925,4.502152919769287,5.441635220194788,4.5613112449646,6.124685593142671,4.052676677703857,5.381423316516817,4.757213592529297,4.913737898859879,3.470128059387207,5.197799659368298,4.067232131958008
test_60m,43,5.414125568121232,3.9998620473421536,5.622083092087433,3.776211977005005,5.329092228303786,4.2785325050354,5.562991415892652,3.940439462661743,4.0133251718917275,3.49935245513916,4.380224508050776,3.4125213623046875,5.777901106813825,2.703566789627075,5.41269675831516,3.15397572517395,5.32737450934904,4.46236515045166,5.34616866524482,4.401841640472412,7.13954190131536,5.205449104309082,5.457396776597578,4.517419338226318,5.689929820728903,4.504105567932129,5.324906430984959,4.142425537109375
test_60m,44,5.407888607798606,3.683179965386024,4.863970471453485,2.7347447872161865,4.843621334021617,3.0762603282928467,5.165545915828805,3.2522244453430176,6.015491593115438,4.800480365753174,4.415623243024896,2.1323959827423096,5.9148428491365355,3.2249488830566406,5.6789624270406955,3.562262535095215,5.269283695073872,4.056448459625244,5.871275235770411,4.833725452423096,6.5567132589060515,4.008034706115723,5.600553646000864,4.737922191619873,5.579527565664724,4.283623695373535,4.527140666344474,3.17826771736145
test_60m,45,5.067913568449593,3.5566786986130934,4.357113835366842,2.706050395965576,5.417413830276789,3.6538710594177246,4.171727074575487,2.789212226867676,5.990442902605051,4.712309837341309,3.794780130948097,1.802682399749756,5.491245537635649,2.928326368331909,5.389244259566937,3.4791204929351807,5.6092102979842196,4.542869091033936,5.723968188850377,4.5178422927856445,4.165615218677683,3.3583874702453613,5.189592033332087,4.062076091766357,5.20371835527125,3.6667866706848153,5.378804724754241,4.017288684844971
test_60m,46,5.243446407921588,3.7220435234216542,4.967727696606496,3.491421699523926,5.664819529723654,4.452768325805664,5.532694352452297,4.097873210906982,5.227710745780944,3.716129779815674,3.040522573434155,1.6040199995040894,4.86650924078206,2.378770589828491,4.234465912171867,2.7386550903320312,5.549458622388563,4.491274356842041,5.643375180264519,4.492702007293701,6.9669574061901836,4.863407611846924,5.254938466015918,4.0453715324401855,5.783618501569886,4.10377836227417,5.432005075600088,3.910393238067627
test_60m,47,5.331709033082359,3.721112709779006,5.492137821198244,3.746927976608277,4.423283694214228,2.978280067443848,4.803168951723411,2.8725392818450928,6.039420080961075,4.90600061416626,3.7244143199331026,1.6947920322418213,5.421825041173408,2.229840040206909,5.484170232089218,3.425755023956299,5.512865877547511,4.66325569152832,5.852726073165756,4.892468929290772,6.782465589216964,5.199211120605469,5.185211622479336,4.103324890136719,5.246469471293269,3.582082986831665,5.344058655075142,4.079986572265625
test_60m,48,5.480035952651355,3.7956330042618975,5.483573262502731,3.534072160720825,5.813467756293892,4.638156414031982,5.295227182435118,3.1049394607543945,6.188991672064477,4.804431438446045,4.048708403666978,1.7487034797668457,4.111223251440452,1.8225626945495603,5.050732216705757,3.215992927551269,5.355999649054761,4.116847515106201,5.988643023914509,4.762770652770996,6.8027020580742334,4.882562637329102,5.614670909411464,4.5652689933776855,5.876292591962389,4.264795303344727,5.610235406940847,3.882125377655029
test_60m,49,5.315580085763344,3.98742308983436,4.477802327390545,3.0372984409332275,5.86940567095876,3.5606613159179688,5.687774846870838,4.288081169128418,6.206159513013028,4.79534387588501,3.9140643763396463,3.0012876987457275,4.23522166330349,2.323469400405884,3.2656866502451334,2.637223958969116,5.727621130980402,4.815392017364502,5.870473180612671,4.922618389129639,6.9111865991008115,5.0714497566223145,5.260401187792674,4.137731075286865,6.0702832255403445,4.843175411224365,5.606460742775127,4.402767658233643
test_60m,50,5.1876545783428645,3.514150344408476,5.033553480217763,3.2290585041046143,5.512152780418946,3.668696880340576,4.945519857765026,3.020598888397217,5.989567194643437,4.707140922546387,4.099344516911362,2.432779788970948,4.929577001569667,2.1810245513916016,4.899527544096983,3.022612333297729,4.961090565115771,3.9675586223602295,5.7618708838946215,4.712213039398193,6.244458902959411,3.717664003372192,5.243972540096727,4.1146745681762695,4.671608316228337,3.358631134033203,5.147265934539177,3.5513012409210205
test_60m,51,5.246085945992983,3.8121002637423,5.19605124727741,3.854114532470703,5.339685065298296,4.311865329742432,4.787413534246485,2.9199888706207275,5.819848352165728,4.52176570892334,2.66367978061404,1.594043493270874,5.75833542053576,2.702064752578736,5.660959497066831,3.8498709201812735,4.5246344672357495,3.845459699630737,5.589129426683746,4.413074970245361,6.855743300921602,5.188960075378418,5.3983371432673595,4.455076694488525,5.30733103923225,3.823710203170776,5.297969023363514,4.077308177947998
test_60m,52,5.568976159587038,4.0367646767542915,5.076469189431911,3.621949434280396,5.84357104584283,4.878925800323486,3.4436835407867217,2.6391046047210693,6.164129221811797,4.822075843811035,4.706949616920545,3.222553014755249,5.91156627655471,2.1854918003082275,5.849676323914709,3.689476728439331,5.958415970624703,5.083040714263916,6.036626392452373,4.991827487945557,7.422002410565423,5.324357986450195,5.838960857260337,4.868086814880371,4.875463800927826,3.689342975616455,5.269175427537607,3.461707592010498
test_60m,53,4.793811981017316,3.5937627645639276,5.096494641303058,3.395655393600464,5.26409037480971,4.033179759979248,4.921624469243696,3.0942821502685547,5.688461593181331,4.069576263427734,1.5267200741090479,1.5597617626190186,5.148540706161267,3.3442039489746094,5.23093071890211,3.829930305480957,5.271550957681883,4.08146333694458,5.523099935061709,4.3555426597595215,3.5321498413748924,3.403697967529297,5.267925553843869,4.434553146362305,5.337752050323146,3.936836242675781,4.510214837229391,3.1802330017089844
test_60m,54,5.074019237616762,3.9291177712954006,3.2624434868289813,2.5206494331359863,5.4380524462275925,3.890857219696045,5.1480015497610365,3.49266004562378,5.8554387517722235,4.190983295440674,3.9095791148527,3.3432164192199707,5.338057090869023,3.539524555206299,5.319907923752665,4.202898025512695,5.546058951109575,4.737319469451904,5.773697715661943,4.743838310241699,3.941281146399549,3.399761915206909,5.118003768876814,4.104038715362549,5.77189716522635,4.610491752624512,5.539830977679451,4.302291870117188
test_60m,55,5.458576522971211,3.8153700461754436,4.7672714651919215,3.240694284439087,5.886528499285774,4.263271808624268,3.9430050473661846,2.649334669113159,6.103619222190766,4.374230861663818,4.436402378648836,3.0343217849731445,5.585106154121365,2.292855262756348,5.02331238712551,2.837514877319336,5.872406546467966,4.9344916343688965,5.953878427167003,4.838160514831543,7.3042395944646525,5.019140720367432,5.673491917650232,4.665843963623047,5.012870947840685,3.466310977935791,5.399362211104842,3.9836392402648926
test_60m,56,5.215102645740447,3.6355657394115743,4.365091914940633,2.696045398712158,5.5396326632640704,4.108374118804932,4.248424502967707,2.798438310623169,5.657897538886708,3.960079908370972,2.370760537572229,1.5739502906799316,5.689277525690729,2.640857219696045,5.41939828032205,3.177028179168701,5.6957079687977945,4.632142066955566,5.850201990735232,4.717411518096924,6.8639665423350165,4.999767780303955,5.583902084102482,4.259591102600098,5.240289884095585,3.838045597076416,5.271782960915567,3.8606231212615967
test_60m,57,5.508012057745937,4.346470979543834,4.895814318977582,3.732012033462525,5.767673088734117,5.057631015777588,2.9977987618291166,2.594552516937256,6.092066157069591,5.142919063568115,4.667057115261574,3.4982707500457764,6.349378601022189,3.748965978622437,5.999541501767437,4.727361679077148,5.930470635826555,5.293051719665527,5.99924037142617,5.231387615203857,7.315261071938868,5.57124137878418,5.843193343191994,4.893837928771973,4.642620333128878,3.617717742919922,5.104041450523093,3.3951733112335205
test_60m,58,4.990418860762361,3.4814772605896,5.007661709880411,3.4013748168945312,5.4344375228882935,4.273014545440674,5.201073572166187,3.049499750137329,5.7402038201959265,4.029520988464356,2.2865525325017053,1.582221746444702,4.712897677469567,2.2841742038726807,4.428675747141897,2.8287103176116943,5.45122009248597,4.3119940757751465,5.521017240395426,4.292943477630615,5.096566941748806,3.4336636066436768,5.212843459615239,4.27994966506958,5.420613220962875,3.72876238822937,5.361681652458386,3.76337480545044
test_60m,59,4.964673381054886,3.544405753795918,5.310813033238676,3.0959813594818115,5.123382753706731,3.409753561019897,5.483848713635685,3.439675807952881,5.979830645088224,4.506815910339356,-0.3456991845041353,1.5027196407318115,5.158527685859197,2.719810724258423,5.113442166823382,3.1038527488708496,5.391328738560912,4.151578903198242,5.691006262616092,4.458690166473389,6.318222583528105,4.051595687866211,5.31909910377674,4.294423580169678,5.46260967909307,4.200445652008057,4.5343417722908255,3.1419310569763184
test_60m,60,5.297917650687508,3.8489716053009038,3.7390739604743812,2.5329997539520264,5.763228749165358,3.909390211105346,5.4351520022595565,3.930142641067505,6.131287694168448,4.790255546569824,4.049700972553096,2.93245530128479,4.859758111619642,2.377827405929565,4.1880912148010365,2.717772483825684,5.562777091539669,4.378222942352295,5.87155316763581,4.833556652069092,6.80739699545616,4.886917591094971,5.0067455553082265,3.954265117645264,5.915123049372011,4.5526957511901855,5.543040894584214,4.240129470825195
test_60m,61,5.4840722178577375,4.0726157518533554,5.831666134506308,3.485160112380981,5.124086480705144,4.0621113777160645,5.9607070706782235,4.286492347717285,4.920957525305306,3.710781812667847,4.721866454767571,3.5786924362182617,5.978295509470784,3.391380548477173,5.662815548991892,4.138760089874268,5.0975498529907295,4.255244255065918,4.963012074085089,4.11625862121582,6.9986459611994025,5.0841474533081055,5.13183003026108,4.293614387512207,5.675484927505111,4.529626846313477,5.226021261683943,4.011734485626221
test_60m,62,5.474953151022476,3.7368050721975483,5.076145526710297,2.75655484199524,5.456001705909853,4.090433120727539,5.878521484599216,3.837076425552368,5.718604008177958,4.256388187408447,4.609355863272838,3.05220913887024,5.440894887223028,2.1874804496765137,5.075044965076371,2.92948317527771,5.355538990652818,4.342302322387695,5.314357194812243,4.159592628479004,6.938799175405326,4.860031127929688,5.23226312565601,4.159719467163086,5.790024640441093,4.315689086914063,5.288839395355122,3.631505966186523
test_60m,63,5.36689277875191,4.265139267994807,6.032542954060322,4.437568187713623,3.0151048968310183,2.773023843765259,5.695129382229295,3.793358087539673,6.086867044635978,5.193777561187744,4.28804469606468,4.18635892868042,5.867136364601433,3.772349119186402,5.767425915173907,4.600271224975586,5.348146643175714,4.682653903961182,5.779595561352489,4.984995365142822,5.086012812994053,3.602405548095703,5.43134812635683,4.835427284240723,5.897911245551828,4.633358478546143,5.4743404807472755,3.951262950897217
test_60m,64,5.278688792805475,3.545279539548434,5.1523088297915685,3.083942174911499,5.317915414699096,3.310938596725464,4.429853574113371,2.809890031814575,6.176059434666644,4.806929111480713,2.8810436482889195,1.619673728942871,5.2805030199106495,2.128923177719116,5.480850441195597,3.3286404609680176,5.796763168249792,4.844079494476318,5.954806119944639,4.8915205001831055,5.894848026036776,3.6047794818878174,5.596120764102645,4.37639856338501,5.284751487547353,3.659412860870361,5.377130377924127,3.6235058307647705
test_60m,65,5.469638681673901,3.880960391117976,5.459498895459585,2.995187997817993,5.202419293650324,4.056338310241699,5.939896872485709,4.130390644073486,5.555311838085923,4.330770969390869,4.640160609544701,2.641530752182007,5.7392718512512975,2.506915807723999,5.572256321681032,3.6813535690307617,4.7954784032449735,3.958815336227417,5.130571647495055,4.181614875793457,6.909476855913562,5.166206359863281,5.141015147104822,4.279687881469727,5.714320143253822,4.507937431335449,5.305624982589907,4.015735149383545
test_60m,66,5.320067544948496,4.252322765497062,5.911535125005444,5.0644941329956055,3.3444644715848955,2.823906898498535,5.730846711058374,5.020911693572998,6.026388842023739,4.813626289367676,4.3100660944535685,2.818342924118042,5.8025003935967625,3.885202646255493,5.698115456462703,4.069033622741699,5.32396299722617,4.518214225769043,5.666236664951341,4.564512252807617,4.541456973761581,3.52134108543396,5.359946441756427,4.573991775512695,5.957190331528913,5.175718307495117,5.48816758092052,4.430900096893311
test_60m,67,5.488400020477257,4.332634650743925,3.0361302079324055,2.484935760498047,5.676816347031228,4.897573947906494,5.2928587068569355,3.638238430023194,6.086781118235932,4.906581878662109,4.59048702721315,3.387286901473999,5.974872401840939,3.861423969268799,5.730846731915752,4.729146480560303,5.1324911887315485,4.02955961227417,5.979327907794197,5.195785999298096,7.008239899823287,5.769442081451416,5.703763555777551,5.085493564605713,5.670986875598243,4.021304607391357,5.465598297453155,4.317477226257324
test_60m,68,5.3221878882459155,3.4717498742617097,4.819984978773138,2.757106304168701,5.58323744996247,4.133643627166748,5.582945659026308,3.4833428859710693,5.758114337272245,4.030405044555664,4.074589121902243,1.8563232421875,4.931794053172769,2.038034439086914,4.6001082427842,2.8181724548339844,5.446097798528577,4.288376331329346,5.57301820812952,4.277371883392334,6.648502609664932,3.817108154296875,5.072709354172947,3.927189350128174,5.788649272260075,4.156364440917969,5.308691461547462,3.549310207366944
test_60m,69,5.14318880043312,3.6408189810239358,5.458280719740819,3.728623628616333,4.384645710384131,3.052338123321533,5.071267427246049,3.0485997200012207,5.946978852555636,4.821005821228027,1.943043663589018,1.5844018459320068,5.296583293880159,2.450312376022339,5.487981012413462,3.6392760276794434,5.08575032921522,4.074929237365723,5.760951818358293,4.715939998626709,6.16221651650281,4.038676261901856,5.395223627515618,4.393748283386231,5.558633330147209,4.145674228668213,5.309898104082128,3.637121200561523
test_60m,70,5.391005901251467,3.852248613650983,5.264967467506225,3.5428576469421387,5.473266527809716,4.1060943603515625,5.913395958977267,4.196284770965576,5.701140816532794,4.23582649230957,4.367061580161814,3.0715718269348145,5.138159234327852,2.3429081439971924,4.528582541509796,2.794651508331299,5.310299739565274,4.283602714538574,5.254801602571355,4.196120262145996,6.868584475266147,4.765366077423096,5.065515709051234,3.938756704330444,5.8367623012187195,4.639639377593994,5.36053876177088,3.965552091598511
test_60m,71,5.28434373093165,3.808635885898884,5.350379964002826,3.780826330184937,5.4694335525322115,4.483348369598389,4.768452188833206,2.903781652450561,4.9219136246306645,3.6627585887908936,2.36152940158499,1.5627013444900513,5.460294301368784,2.196587562561035,5.573264860040518,3.696113109588623,5.612913625536796,4.7451276779174805,5.708313636214805,4.692411422729492,7.069249218948462,4.795347690582275,5.635250193809596,4.820403099060059,5.420614112502769,4.020425796508789,5.344859822105817,4.1524338722229
test_60m,72,5.3883534014086605,3.9089009211613583,4.905668511349723,2.727010726928711,4.251108073531245,2.923788785934448,5.758198863109757,4.22996997833252,6.170791303388797,4.653733730316162,1.6474879169896322,1.5342745780944824,5.919858221553335,2.835946559906006,5.6907613927965,3.3213870525360107,5.566017676889413,4.642019271850586,5.935821851090065,4.82650089263916,7.200810770973549,5.581882953643799,5.592336495706265,4.690596580505371,5.928402175974356,4.772012233734131,5.481330964959947,4.0765886306762695
test_60m,73,5.38089812553673,3.974696287742028,5.096468503411077,3.548140525817871,5.625669114217189,4.584400177001953,3.6975238016273826,2.615305662155152,5.995483406336857,4.553611755371094,4.506379378569207,2.5744335651397705,5.861195259473267,3.2556698322296143,5.701690286077373,4.213369846343994,5.734475960528284,4.751099586486816,5.8253993899566865,4.701290607452393,7.14824202099751,5.337407112121582,5.5934135734592605,4.392001152038574,4.007084691682746,3.2142674922943115,5.158650245640647,3.930054426193237
test_60m,74,5.533484181117136,4.132767347189096,5.957209585516779,5.212856292724609,4.210135940852171,2.9541943073272705,5.958624618871924,4.618522644042969,5.6637184051707745,4.416444301605225,4.704407613497609,2.244848251342773,6.069347365020935,3.932767868041992,5.772623146351052,4.450212478637695,5.156541244049243,4.227795124053955,5.265811511752309,4.209365367889404,6.937891465993706,4.9272966384887695,5.226891724975832,4.20923376083374,5.789713766703999,4.604609489440918,5.222377965766423,3.71782898902893
test_60m,75,5.0786554672531095,3.6922559463060822,5.2202169283144375,3.036027193069458,5.109209422879496,3.663715124130249,4.810457961709596,2.9206557273864746,4.83764418702409,3.643186330795288,3.106108461003269,1.6453183889389038,5.437578480419578,3.705310821533203,5.371457938416224,4.344072818756104,5.294060809590183,4.44128942489624,5.462962005652493,4.406352043151856,6.377278411647366,4.719168186187744,4.926247985731862,4.010082244873047,4.909084446899677,3.4594802856445312,5.160214035002146,4.004668712615967
test_60m,76,5.333208663212961,3.5244153096125674,4.990227896585838,2.846831560134888,5.488227140546796,3.6322548389434814,5.2050111472300395,3.017641544342041,5.800395004122443,4.117405414581299,4.215035084995747,2.386651992797852,5.332181880842445,2.2247073650360107,4.982681739602728,2.907747983932495,5.336869443809572,4.070959568023682,5.62416643102899,4.308024883270264,6.730537887488124,4.884373188018799,5.406731758620264,4.216056823730469,5.514619256532491,4.017836570739746,4.7050279503630215,3.186907291412353
test_60m,77,5.394687086665725,4.122740873923669,5.775811447176201,4.323828220367432,5.183285804331578,4.061959266662598,5.698553422967488,4.503468990325928,4.208395168558818,3.52771258354187,3.770717535095036,1.6800389289855957,5.979013432241697,3.90244197845459,5.72229424533117,4.466945171356201,5.2253950564467,4.345620632171631,5.190544321938323,4.232698917388916,7.101162339112634,5.417948722839356,5.3559374461895795,4.437271595001221,5.657907442466531,4.5783371925354,5.261914464798671,4.117359161376953
test_60m,78,5.196890717226434,3.740711954923776,5.200553287565869,3.124234914779663,5.494312034344677,4.437271595001221,4.026802339670553,2.7303740978240967,6.087848811851923,4.927417278289795,2.3141774313563834,1.5865398645401,5.043730414329889,2.135944128036499,5.407279560057107,3.5453813076019287,5.754728279871019,4.753759860992432,5.89396448471992,4.945533275604248,6.262845090252181,3.962376356124878,5.571951459115989,4.738672256469727,4.986757965101623,3.604369401931762,5.514628165706511,4.137381076812744
test_60m,79,5.64597694034247,4.322127452263466,5.828756199517001,3.6169066429138175,6.073131338417372,5.094168663024902,6.0184617922109895,4.1924004554748535,6.410263147586195,5.3881659507751465,4.609417339322116,3.047580003738404,3.0002746422321955,1.6869521141052246,4.6876210722533385,3.348217725753784,5.727776737603408,4.398848056793213,6.172956436644938,5.29987907409668,6.9303139291415095,4.778100967407227,5.682508972566085,4.819452285766602,6.3423539902874,5.58658504486084,5.913864626669546,4.930399894714356
test_60m,80,5.438851148823709,3.9859176048865685,4.912476378094462,2.965315103530884,5.719843892337694,4.707980155944824,3.8376458215599527,2.638877391815185,5.819670769898236,4.051571369171143,4.650658808346307,2.260745048522949,6.015833609897866,3.6033124923706055,5.786004111963105,4.57708740234375,5.7830101381448396,4.798717021942139,5.8892868094605,4.882167816162109,7.292486520828675,5.531243801116943,5.725127918199676,5.058727741241455,4.203237808817945,3.243092536926269,5.069782347158954,3.498090982437134
test_60m,81,5.235783298607379,3.5875075230231657,5.168355265307381,3.822430849075317,5.343913478103431,3.4087817668914795,4.517635299144446,2.8708488941192627,5.791389453850525,4.122794628143311,4.294043599730658,1.8333141803741453,5.482150362949926,2.929086208343506,5.385354010516936,3.595489501953125,5.552838339453403,4.588628768920898,5.713516624643994,4.500638008117676,6.674026174681768,4.045116901397705,5.386701883542261,4.210300922393799,3.8821988525033557,3.1979644298553467,4.873059537467845,3.512202739715576
test_60m,82,5.382207612930755,3.6867511364129872,5.216213473028297,3.1605000495910645,5.811795901164221,4.278130531311035,4.884084858798536,2.83610200881958,6.156408725885476,4.7485175132751465,4.345948282948285,3.040258407592773,4.419481376187855,1.8803318738937376,4.947377094021924,3.0295801162719727,5.5541765408356785,4.23336124420166,5.959897563362013,4.84483003616333,6.543711514226699,3.830910205841065,5.58391890565115,4.568141460418701,5.09042041479785,3.461875438690185,5.4552643171918325,4.015225887298584
test_60m,83,5.3790302183408345,3.7745808821458087,5.044755909751187,3.3929264545440674,5.53262909585767,3.971814393997192,3.751366331598983,2.659210205078125,5.691292300872968,3.913282632827759,4.309565606284995,3.2746565341949463,6.015475992483041,2.8816161155700684,5.671715503674885,3.306081771850586,5.352723388146168,4.0423431396484375,5.790907480298623,4.650643825531006,7.197485078362166,5.191229820251465,5.245280096167212,4.007911205291748,4.975921891097967,3.762843608856201,5.348274163834985,4.014991760253906
test_60m,84,5.38113682346483,3.6411989743892965,5.283295484543384,3.235382080078125,5.459482531840487,4.086909294128418,5.435006451545639,2.984414339065552,5.756418240864881,4.346414566040039,3.545678278820572,1.6245242357254028,5.5122959414674275,2.6913087368011475,5.032508950863535,2.907664060592652,5.383352467625765,4.261115550994873,5.356549282755241,4.197600841522217,7.024628444626199,4.890602111816406,5.248722637522856,4.210120677947998,5.590527531419259,3.976158380508423,5.326312461147546,3.9233717918396
test_60m,85,5.448307328487964,4.032860379952651,5.444504854365716,3.808349847793579,5.930682679336888,5.062248229980469,5.173381654504985,3.168230533599853,6.233484875639496,5.176577091217041,4.641768280202335,3.1513051986694336,4.033511648736007,1.858378767967224,4.916212076807053,3.214103937149048,5.840414985752557,5.194764137268066,6.026071553093514,5.157136917114258,6.90355964087974,4.268784046173096,5.628126172101212,4.827779769897461,4.678375722797177,3.319716453552246,5.377901126126839,4.2198100090026855
test_60m,86,5.583854121040314,3.985370525946984,2.700907067192153,2.443638324737549,5.8340928124043,4.771965503692627,5.366839921804706,4.052507400512695,6.179746591811421,4.916659832000732,4.714986399063683,1.8535535335540767,6.0651729431307215,2.781940460205078,5.789383216603781,3.996703386306762,5.696092644428073,4.451662063598633,6.058948165288819,4.854806900024414,7.086017987977865,4.564836502075195,5.805522923231068,4.79467248916626,5.8464131864810165,4.561192989349365,5.4459797141064765,3.7656774520874015
test_60m,87,5.680462193213173,4.9417715806227465,6.265704111262548,5.253716468811035,2.7668526136603204,2.740884304046631,6.04278298560641,5.100874423980713,6.0557885235923115,4.449618339538574,4.7021734647118185,4.700700759887695,6.346909874092525,5.617336273193359,6.081330476199412,5.571836948394775,5.322084982760998,4.627392292022705,5.857989924358176,5.038930416107178,7.335260066628907,6.663201808929443,5.487014460531478,4.467394828796387,6.056825217216001,5.37464714050293,5.525291811150341,4.636496543884277
test_60m,88,5.2841195780851855,3.900594830513001,5.578008428640749,3.48767638206482,5.402746981029248,3.968016862869263,5.543253687423865,4.069034099578857,5.779499238577847,4.093541145324707,2.0075043035543603,1.544437050819397,5.872029166599135,3.690632581710816,5.662529542940274,4.074830055236816,5.56319093569222,4.42996883392334,5.524137148379804,4.2822794914245605,7.010099000215122,5.483257293701172,5.39647122385563,4.323696613311768,5.411032166999595,4.227322101593018,3.9430526911995534,3.0330402851104736
test_60m,89,5.343641497130133,3.7253656754126916,5.644210546680453,3.790414094924927,5.11728295466367,3.524672508239746,5.686852606720926,3.744230270385742,4.574641145057534,3.5870072841644287,4.219525032827133,2.19775128364563,5.628513570997436,2.735711574554444,5.324408743385188,3.156780242919922,5.14647382701062,4.147400856018066,5.21458202206105,4.223076820373535,6.7938251010711825,4.906610488891602,5.111754826928612,3.967564582824707,5.697319202932016,4.496715545654297,5.307949882355922,3.951818227767944
test_60m,90,5.394596930274529,3.672991991043091,4.579755294452591,2.659501314163208,5.473323735648834,3.46052360534668,5.354018069803209,3.109436511993408,6.109430977534233,4.680165767669678,4.329926273826837,3.1184818744659424,4.787970229156416,2.0284171104431152,5.23594910250365,3.3064558506011963,5.490490375685855,4.2517595291137695,5.937099544757573,4.774064064025879,6.5764456201389345,4.118334770202637,5.57240249187559,4.621156215667725,5.22277771620782,3.5201001167297363,5.460170661977336,4.100499153137207
test_60m,91,5.287425159288092,3.7143257214472847,4.141018809194215,2.583040952682495,5.245519205320284,3.806276798248291,5.553367615183083,3.98029351234436,5.763814416022177,4.443683624267578,4.14930207931949,2.17977237701416,5.62977516421384,2.886223793029785,5.436482628010886,3.669564008712769,4.947283593163303,3.98573899269104,5.478200341596999,4.258637428283691,6.486665202070458,4.049234390258789,4.77365885661142,3.8708300590515137,5.735314180861251,4.532397747039795,5.396124979177793,4.04054069519043
test_60m,92,5.3738592760606405,3.6817013300382175,4.895443587505554,2.77229905128479,5.841682028465445,4.774813652038574,5.3475743862456495,3.7515246868133545,6.137262557590199,4.845702171325684,4.242322279879894,2.037031888961792,5.196243516845522,2.1600759029388428,4.804981382235612,2.8544130325317383,5.76764906684292,4.468408107757568,5.907401689114304,4.852323532104492,6.660388597193231,4.002895832061768,5.534104352318701,4.387966156005859,5.5133621012529455,3.943190813064575,4.0117550432983515,3.011472463607788
test_60m,93,4.944946578888236,3.9557971312449536,5.070293228582929,3.017505407333374,5.640034414480171,5.075416088104248,5.3432221485881986,3.4849565029144287,6.209001617382845,5.359809875488281,0.03493008434716849,1.5118322372436523,3.6152260146598985,1.8728877305984497,4.752498189652281,3.3945870399475098,5.814229583584897,5.049236297607422,5.980847854603465,5.151448249816895,4.8213774082087335,3.513512134552002,5.515479885357266,4.777576446533203,5.894622242150661,4.659241676330566,5.592542853948544,4.557353019714356
test_60m,94,5.452512965861462,3.9536246336423435,4.338691349211491,2.5863115787506104,5.5554366156015265,3.888901948928833,5.233576839284371,3.692618608474731,5.128285938285376,3.681314706802368,4.589604587906379,3.3364384174346924,5.943170592322058,3.4506707191467285,5.705617405791145,4.124279022216797,5.597605357072375,4.6598944664001465,5.752431017632238,4.6862382888793945,7.085435210874852,5.50762939453125,5.667463453098612,4.860886573791504,5.304698683114381,3.605064630508423,4.980651506004209,3.3168718814849854
test_60m,95,5.282966032651588,3.7890310287475595,5.345796197312427,3.6856517791748047,5.442078865255661,4.51381778717041,4.688018945357961,2.8530712127685547,4.749167417698164,3.583370923995972,1.9725185103636893,1.5347938537597656,6.0129805320668925,3.202901840209961,5.783974535374437,3.6605045795440674,5.588088264813611,4.812691688537598,5.648124568453708,4.5971999168396,7.200649232868768,4.234522342681885,5.633001592371053,4.893393516540527,5.330622688401202,3.9219701290130615,5.283537074133058,3.763513803482056
test_60m,96,5.2601085949600765,3.8552146874941315,4.546991124271113,3.229876518249512,5.848748499428253,4.8120527267456055,4.671508807765154,2.8382928371429443,6.106530349175022,4.936298847198486,3.9036050720491615,2.937630653381348,4.7173582472398685,2.1481759548187256,3.98045404307954,2.6849310398101807,5.72244017603849,4.793817043304443,5.853291562599521,4.856142520904541,6.88115570492575,4.792741775512695,5.125058115921005,4.001481056213379,5.5482056209473285,3.9830007553100586,5.476064411040788,4.103349208831787
test_60m,97,5.408524838588275,4.108679881462685,5.708167525373546,5.074363708496094,4.190748041286038,2.983182191848755,5.60055787165064,4.561298370361328,5.661688724268314,4.478520393371582,4.551570875123032,3.707388639450073,5.834029020052436,2.900599956512451,5.63953412413602,4.009698390960693,5.1104739319423045,4.149142742156982,5.368677176091457,4.266873836517334,6.431315122706684,4.358345985412598,5.29309571795454,4.384292602539063,5.7477235492099075,4.715426921844482,5.173241221852649,3.823704719543457
test_60m,98,5.126585215620623,3.7424087707812976,5.248814964596168,3.967296600341797,5.387000669454469,3.4061100482940674,4.531539841694607,2.834388256072998,6.077508885968787,4.689832210540772,4.230078295127515,3.501763343811035,5.126480129326891,2.3415677547454834,5.312999622513764,3.701509952545166,5.72437504699913,4.84491491317749,5.816097753071084,4.873475551605225,4.441004889579631,3.501634359359741,5.464067271954907,4.415590286254883,4.53234096472876,3.341216564178467,4.753299468052385,3.2320141792297363
test_60m,99,5.10351581951702,3.812870979309082,4.971342453893839,3.5057573318481445,4.750110877785028,3.032899618148804,5.398570144633246,3.625990629196167,6.087656993866378,4.953299522399902,3.783786938646959,3.137757539749145,4.6419008259253,2.233574151992798,4.247888933081855,2.806471824645996,5.548415032206448,4.688733577728272,5.766665114572144,4.7872419357299805,4.394746370737091,3.3842320442199707,5.312299857020294,4.470710754394531,5.940405358835274,4.823118686676025,5.501916752517406,4.11753511428833
test_60m,100,5.190716926353292,3.768987252162053,4.461139480277341,2.696629285812378,4.9848073970987254,3.14890193939209,4.934249320946546,3.077547788619995,5.911498980853476,4.862703323364258,4.029949830444541,3.2626490592956543,5.0835003055688945,2.696732759475708,4.8628949910005845,3.002131223678589,5.546946779993203,4.723118305206299,5.826774208358842,4.839178562164307,6.5464412592138705,5.063516616821289,5.498271251058836,4.651920795440674,4.719069248156982,3.362498044967652,5.073776989620944,3.609306573867798
test_60m,101,5.325183118120906,4.178329962950486,5.077423031635384,2.845696449279785,5.523266172393755,4.080577373504639,5.021154858920988,4.024472236633301,5.97770520927146,4.999231338500977,4.355322445660007,3.6319406032562256,5.809417685427897,3.982583284378052,5.589355362775048,4.580526828765869,5.484378053734596,4.169412612915039,5.8351690160727205,4.946279048919678,6.654914301923904,5.660587787628174,5.4019525843586145,4.238821506500244,5.2259165171795,4.210878372192383,3.271405296217889,2.947282075881958
test_60m,102,5.50902932516269,3.867125015992385,4.795469042290423,2.991284132003784,5.6164713605978225,3.626936912536621,3.5443550176622036,2.6424272060394287,6.087362815497979,4.905739784240723,4.489007951930872,1.9225330352783203,6.263812082723082,2.9422619342803955,5.968486306929541,4.218915939331055,5.515511256160745,4.109843254089356,5.964493899251187,5.000565528869629,7.377991788039317,5.611428260803223,5.7742704807165595,4.9430766105651855,4.879674739891508,3.6749789714813232,5.340474485423721,3.682633638381958
test_60m,103,5.264213229897755,3.916417360305786,4.740024431122461,2.7878527641296387,5.5402871742145505,4.387335300445557,4.985272646670612,3.559479236602783,5.9732024304980005,5.008052349090576,3.556327784481185,1.6731007099151611,5.695776554671857,3.267951011657715,5.583657759542997,4.392778396606445,4.979471971296131,3.9602415561676025,5.828789067817171,5.0358734130859375,6.734930985538812,5.22542142868042,5.544502713719022,5.020312309265137,4.915097951187019,3.473224401473999,4.357430517910988,3.121802806854248
test_60m,104,5.517345476542177,3.653308199002193,3.842044327987848,2.54643177986145,5.179628483074092,3.215895414352417,5.5756544732601006,3.622714042663574,5.981706774011217,4.229249954223633,4.4842782961580365,1.8727504014968872,5.8515700936911,2.437107801437378,5.684771917402573,3.544307231903076,5.511294959388662,4.281793594360352,5.846702800415435,4.464935779571533,6.906944127933266,4.238381862640381,5.474985407758121,4.134045600891113,5.881949847286171,4.7426276206970215,5.503959686681668,4.162765502929688
test_60m,105,5.472702123063894,3.7717432975769047,5.659473877570296,3.1442675590515137,5.1787651377801405,3.2580373287200928,5.576826924005942,3.964314222335816,5.0380879782140475,3.650546073913574,4.553393146239726,3.3622286319732666,5.922602971055557,2.6899282932281494,5.607843946147172,3.278310537338257,5.464992478155258,4.350615978240967,5.5046913261759975,4.271882057189941,7.0933201285906975,5.1982951164245605,5.470695511432537,4.416743755340576,5.577560145935427,4.300578594207764,4.4968740285278175,3.1469147205352783
test_60m,106,5.252229450725887,3.9463119690234847,4.613255097880848,3.429748058319092,5.88821844511622,4.332162380218506,5.657621211680667,4.388047218322754,6.0173855887213685,4.27225399017334,3.8444068815709964,2.9352941513061523,4.222021774360622,2.058640718460083,3.3534315554899776,2.620208740234375,5.61655648892367,4.609456062316895,5.72892284231586,4.543624877929688,6.7982733561782895,4.798689365386963,4.957581780816732,3.930553913116455,6.019212690711656,5.091071128845215,5.562095145669613,4.292304992675781
test_60m,107,5.449518374192763,3.646913519272438,5.551593569918903,3.0955724716186523,5.265947108289238,4.055495738983154,5.492736013964871,2.9589874744415283,5.585933382277416,4.134875297546387,4.503066512334408,1.90524160861969,5.867013845004206,2.775068044662476,5.620479337627339,3.8153812885284415,5.270225183158117,4.2848334312438965,5.190184959655502,4.1411638259887695,6.959159462065965,5.113150596618652,5.156157967065398,4.021850109100342,5.330195336411755,3.683312177658081,5.051046186732813,3.424943685531616
test_60m,108,5.4087502602297794,3.727438816657434,5.326175458762335,3.6522891521453857,5.517980065845035,4.016738414764404,4.78864691870077,2.836952209472656,5.933004472760714,4.45193338394165,4.3957634802011905,3.4063937664031982,5.675024187107974,2.360286235809326,5.6413418567049725,3.5858397483825684,4.784598988086021,3.880452156066896,5.722564892344314,4.447658538818359,7.02680725599959,4.480020046234131,5.4916187498373565,4.483036041259766,5.0978396632951535,3.5716118812561035,4.912387393341708,3.2834930419921875
test_60m,109,5.3895820060616275,3.9604038825401897,5.804278284258546,3.982944011688232,5.09199129562838,4.056334972381592,6.050552683112374,4.057692050933838,5.447766859973968,4.329255104064941,3.348887036425234,1.6336936950683594,5.852866960207227,3.0822689533233643,5.5944736554680965,3.982656717300415,5.101882722613274,4.300498962402344,4.940115449807878,4.11794376373291,6.92538508523608,5.265988826751709,5.037637500611251,4.255051612854004,5.671369932250441,4.532651901245117,5.197358613208405,3.8882699012756334
test_60m,110,5.18671708025838,3.8622882457879877,4.708845937486711,3.3275842666625977,5.852014336604806,4.865065574645996,5.072104099911301,3.725405216217041,6.103129368759389,4.92430591583252,3.3144116337910896,1.6393274068832395,4.573325554764963,2.1738901138305664,4.138415158195573,2.7623400688171387,5.710133070124387,4.870853900909424,5.85249428834169,4.966875076293945,6.901070660633234,5.071235656738281,5.416370797546789,4.634693622589111,4.565409535463552,3.269265651702881,5.219597601735452,3.9789047241210938
test_60m,111,5.365317095985854,3.8817020379579987,3.3059381146723785,2.489187240600586,5.88081432384911,4.974512577056885,5.313962832138608,3.2923367023468018,6.129801651329786,5.099503517150879,4.17256032784734,1.9612040519714355,5.072656073302191,2.3690338134765625,4.5103337381138,2.78985857963562,5.753052985201553,5.02462100982666,5.972326107379206,5.035583019256592,6.823297782508799,4.868659019470215,5.586721130365725,4.455806255340576,5.76456071274195,3.9908697605133057,5.463096468365656,4.110950946807861
test_60m,112,5.107554606307039,3.7304433125715994,5.447308933601295,3.3413939476013184,4.776218286290074,3.066767454147339,5.208246062977791,4.025661468505859,6.060898355469501,5.011148452758789,3.9453586425325717,2.220522403717041,5.275632092440016,2.9604289531707764,5.135001701921142,3.123924493789673,5.636672033962875,4.7497382164001465,5.7550001177785,4.828518390655518,4.074099218350977,3.386530637741089,5.388527981758235,4.477657794952393,5.490849340166394,4.239706039428711,4.204397114742138,3.063764810562134
test_60m,113,5.4779355671254635,3.6126034076397238,5.520911450445823,3.0084211826324463,5.233906222801989,3.3088293075561523,5.712355589384403,3.435576915740967,5.866759925138469,4.174965858459473,4.498730854852226,3.2815215587615967,5.34314237517417,2.1367621421813965,5.4360378343158935,3.228423595428467,5.031057179689319,3.945491313934326,5.61405705360755,4.2885422706604,6.922832633121541,4.2761712074279785,5.402318340434951,4.325899600982666,5.727430183847516,4.274477005004883,4.903622729817169,3.2787623405456543
test_60m,114,5.07925704379681,3.5978842331812935,4.818408164024299,3.286540985107422,5.526687019740839,3.994273662567138,3.811578203124329,2.7135467529296875,5.547275003763418,3.8863024711608887,3.884732632854832,2.1484594345092773,5.416783836528229,2.6920998096466064,5.231348811173,3.107313871383667,5.688594120339022,4.6505656242370605,5.721943014569163,4.58926248550415,4.44494864562925,3.394144296646118,5.526845850549599,4.623013973236084,5.083474851910117,3.783233880996704,5.327721415152427,3.903737783432007
test_60m,115,5.494620603277981,3.7760184361384463,5.426270614231907,3.223031520843506,5.4003216742927425,4.094864368438721,5.12313366058106,2.857753276824951,5.679226973637939,4.208217620849609,4.682414317000881,3.1892147064208984,5.89270599410742,2.887876272201538,5.468142866307488,3.1076409816741943,5.382443699451826,4.352805137634277,5.29427502038849,4.139836311340332,7.101085078396216,4.99869966506958,5.287867152936815,4.238325595855713,5.408263302546017,3.917691469192505,5.283917488734945,3.87228274345398
test_60m,116,5.3216657233004865,3.8141431258274965,4.543286320938987,2.682600736618042,5.2482362671161376,3.5693745613098145,5.25287658902338,3.763619899749756,4.521742618726984,3.591804027557373,3.9712169539144337,1.766801834106445,5.785431479698877,2.86027193069458,5.60937871483075,4.039799690246582,5.398669434251069,4.34882402420044,5.584386173174043,4.580199718475342,6.761996430108325,5.267709732055664,5.597627134093276,4.595178604125977,5.639629778671044,4.362452507019043,5.2671765083590145,4.155223369598389
test_60m,117,5.291980834747239,3.928957407291119,4.465662408078932,3.2907419204711914,6.012347773586336,4.609747409820557,5.393112931705756,3.172859668731689,6.1802590779150055,4.95452880859375,3.8826029980211207,2.9606916904449463,4.230691111591095,2.1049907207489014,3.308128002184395,2.6262338161468506,5.760800132021037,4.84788179397583,5.863060207444,4.843066215515137,6.885890555821484,4.850607872009277,5.333848386659956,4.219725131988525,5.907148993852154,4.337612628936768,5.572198272832826,4.257758617401123
test_60m,118,5.480232295012045,4.136897508914655,5.009762511603566,4.038217544555664,5.581664720194557,3.6495048999786377,3.4241090526850577,2.642646789550781,6.054028478933282,4.840428352355957,4.499748946979475,3.519718647003174,6.257719872930014,4.315948009490967,5.970278632919962,4.94999361038208,5.392008451201562,4.062897682189941,5.91958931093276,4.803623676300049,7.255302557180919,4.4984893798828125,5.731580629519198,4.856046199798584,4.7885762430825975,3.5533218383789062,5.3586504269936395,4.048830986022949
test_60m,119,5.195964072298089,3.512933886968173,5.388266718222781,3.055326461791992,5.342561729839774,3.754017353057861,5.351598072388964,3.262986898422241,4.688272986438813,3.61203670501709,1.9532161182184178,1.5552347898483276,5.422377145031019,2.2698113918304443,5.509293119937603,3.5289745330810547,5.445660297491289,4.3157219886779785,5.594432797634617,4.531509399414063,6.546113243921923,3.82823657989502,5.372147163653193,4.188030242919922,5.603655057220436,3.9730749130249023,5.3299384898763345,3.793179273605346
test_60m,120,5.443639061855948,3.837407992436336,5.960826182775399,3.4319751262664795,3.874680763531369,2.85443377494812,5.597167664545025,3.573878765106201,5.01724433529272,3.680636167526245,4.39519132813416,3.002686023712158,6.006137833733826,3.742382049560547,5.7992513215892245,4.1121745109558105,5.299921577957689,4.311971187591553,5.597314621014295,4.495730400085449,6.6196902186198985,3.921056032180786,5.48562803188957,4.437463760375977,5.7075785725269395,4.167721271514893,5.40667535251721,4.1541948318481445
test_60m,121,5.395964211690237,3.866949686637292,5.166689451320641,2.7787468433380127,5.57656153949212,4.659557819366455,5.487057529300262,3.603653907775879,6.06363772691725,4.416163921356201,4.222761808477156,3.1280782222747803,4.114585218778211,1.8564684391021729,4.976923759845567,3.382718086242676,5.118721853734348,4.040306091308594,5.914515599782222,4.813520431518555,6.759285880314107,5.192177772521973,5.480595596509383,4.323739051818848,5.637880730416623,3.850785732269287,5.628318057085183,4.224429607391357
test_60m,122,5.160955836329798,3.603101601967445,5.444672544292523,3.2768962383270264,5.489001413414439,4.433290004730225,4.97127506315934,3.0482637882232666,5.862752734995121,4.158285617828369,3.1525893248122974,1.6387677192687988,4.508699423652013,2.044822454452514,5.049521406068818,3.4683635234832764,5.6321505736780395,4.688116073608398,5.737404241187067,4.527790546417236,6.007320623440129,3.713289737701416,5.437905011921033,4.543399810791016,4.524593777486991,3.3535892963409424,5.274539734179558,3.945446014404297
test_60m,123,5.300074221968404,3.902335276970497,3.8918074896595183,2.549311399459839,5.788097108565542,4.942192077636719,4.939109088919803,3.45386290550232,6.061643188615053,5.020200252532959,4.35714464088698,3.0837738513946533,5.168280646156098,2.3946330547332764,4.870601936871845,2.936922311782837,5.712541654134499,5.063202857971191,5.91731731487705,4.986494064331055,6.840976660413876,4.217572212219238,5.577278879137664,4.74658203125,4.588766300827622,3.2870147228240967,5.187399976523705,4.048596858978272
test_60m,124,5.134423795670056,3.848479756942162,5.153190288493712,3.9826176166534415,5.438994103166759,3.839976072311402,4.744101098355958,2.8364577293396,6.016315956727873,4.906110286712647,1.5188439308492363,1.5396322011947632,5.482191745217552,2.733839273452759,5.552586633485549,4.081881523132324,4.844430715916945,3.932009696960449,5.80564276871824,4.89158296585083,7.029212225081762,5.163188457489014,5.47335230110387,4.709059715270996,4.48081378589248,3.3303866386413574,5.20783379070079,4.083494663238525
test_60m,125,5.298051884861384,3.6159766820760875,5.166422504138488,3.324939727783203,5.512827789497016,4.377040863037109,4.587966857361472,2.807926893234253,5.900672545978062,4.585773944854736,4.164015942538676,2.2815513610839844,5.684981686363127,2.869781494140625,5.457355212601713,3.2509865760803223,5.232248518758647,3.994171380996704,5.737617594702133,4.4554853439331055,6.566048242844119,3.877009868621826,5.506236221573437,4.470061779022217,5.084288233035439,3.639411449432373,4.273993153805658,3.0735561847686768
test_60m,126,5.40681432869687,3.6746405271383433,5.91959539390381,3.303395986557007,3.9318531789517834,2.9017279148101807,5.5996736015775515,3.872922897338867,6.052813681789923,4.740582466125488,4.16647089262181,2.0109517574310303,5.368207227600716,2.2445905208587646,5.455237567353535,3.404587745666504,5.431704383469528,4.534888744354248,5.818645468950626,4.787973880767822,6.851164839579715,4.357974052429199,5.042945456379847,4.069590091705322,5.719744286717066,4.249035358428955,4.930530294163399,3.292105436325073
test_60m,127,5.179931159963999,3.77904565517719,5.370310717605401,3.832296133041382,4.243489920672646,2.945514440536499,4.541833851616574,2.8532817363739014,6.0352963558685335,4.938685894012451,4.006757557573225,2.0061519145965576,5.652567305465429,3.4295926094055176,5.5787184221296835,3.796463251113892,5.5389089548033965,4.553131103515625,5.790235819483615,4.83809757232666,4.467616417703038,3.479584217071533,5.485809007433504,4.710287570953369,5.253579719703744,3.644338846206665,5.373981029473192,4.100168228149414
test_60m,128,5.1776091040755,3.570678234100342,4.3604314662458865,2.645131826400757,5.351013384501166,3.648083448410034,4.920693086172711,2.990302085876465,5.918927429800504,4.569580078125,4.149820479637767,3.2030138969421387,5.2123113765777,2.2955946922302246,5.171210183040932,3.1787569522857666,5.334426455330179,4.150672435760498,5.67399340587225,4.40135669708252,5.247819350610611,3.5813772678375244,5.325724495549831,4.084480285644531,5.27870454717398,3.670602321624756,5.363842692467977,3.999865055084229
test_60m,129,5.509133255878459,3.890173545250526,5.89410395172373,4.504121780395508,5.27294713710855,4.074819087982178,6.037102940191758,4.199173450469971,5.529172394412443,4.048671245574951,4.6590383551488515,2.103775978088379,5.2628731176921155,2.150451898574829,5.389467948595035,3.507540702819824,5.23818961316709,4.317992687225342,5.1401840985244185,4.1654486656188965,6.908308631484258,4.930987358093262,5.158110410295369,4.162528038024902,5.786602854948203,4.485832214355469,5.342630873128136,3.920912981033325
test_60m,130,5.098912910770331,3.607477536568275,5.580986204270625,3.754565954208374,5.400147277937387,3.789579391479492,5.085706687263146,2.97161602973938,6.021076246279542,4.382721900939941,2.8371347752808767,1.6382310390472412,3.8015461795871897,1.887300729751587,4.817695066172768,3.312837839126587,5.644758046816496,4.610492706298828,5.787775562902412,4.60459566116333,4.767568005044881,3.4879307746887207,5.379934590574274,4.511927604675293,5.503250339857285,3.783324241638184,5.658288858027421,4.162084102630615
test_60m,131,5.265713395226281,3.660531016496512,5.514307855875808,3.142808198928833,4.859402318285966,3.189364194869995,5.512628576041566,3.758135318756104,5.7366296273250486,4.131487846374512,3.9444124043111577,1.88900887966156,5.686843881439724,3.049456834793091,5.5116869134216175,3.986196756362915,4.761411044060979,3.8785617351531982,5.493940060222793,4.29656982421875,6.689755141410453,4.9308295249938965,4.728663284114476,3.881462574005127,5.529024803040085,4.308111667633057,4.485568228391978,3.1449098587036133
test_60m,132,5.363102659761086,3.755847738339351,3.888944650603179,2.5517897605896,5.866655363827464,4.837932586669922,5.451200037056987,3.521533727645874,6.174581644025123,4.738949298858643,4.232977166751178,2.965798854827881,4.748369570896245,1.9742707014083865,4.429193768910359,2.782623767852783,5.709776079489029,4.836524486541748,5.9372037051397335,4.8384552001953125,6.769226259337072,3.993685722351074,5.146801215943072,4.040750503540039,5.8543118795823865,4.0236334800720215,5.511093235332295,3.720072507858277
test_60m,133,5.022557050113406,3.614846825599671,4.983512331230727,3.4361910820007324,5.370734319995528,4.381273746490479,4.235411413821471,2.740166187286377,5.772858943047448,4.299097537994385,3.219625840962518,1.6888598203659058,4.855822616185634,2.2771713733673096,5.052383148632494,3.358891010284424,5.457825417425589,4.3901801109313965,5.728014541033311,4.730384349822998,6.441358224329104,4.643649101257324,5.01933241172869,4.08468770980835,4.1035201665075505,3.263498067855835,5.052842276574206,3.6989586353302
test_60m,134,5.340520942445085,3.9481968512901897,5.614704075486533,4.5933837890625,5.130756821905423,4.058060169219971,5.6521173942541845,3.401331663131714,5.412072348999252,4.040715217590332,4.4727647838382865,3.5670526027679443,5.71724184493741,3.784874200820923,5.492610995677035,4.221546649932861,5.007912621116595,4.064799308776856,5.084117073658471,4.136418342590332,6.584585846193199,4.056899547576904,5.12266649682854,4.292855739593506,5.317113257764798,3.754092216491699,4.818108691126384,3.354529619216919
test_60m,135,5.697990566756113,4.25965980383066,6.063352113794643,4.386571407318115,4.701765029934054,3.01086688041687,6.070743052369395,4.162360668182373,6.340535579120962,5.205437660217285,4.718611076541243,3.254570960998535,4.276782547805057,1.8503053188323968,5.238337964288477,3.491114616394043,5.73319373513802,4.838104724884033,6.088301392055194,5.154306411743164,7.128365782912098,5.233258724212647,5.661624277313687,4.778304100036621,6.269815418563507,5.393173694610596,5.782449397993134,4.617202281951904
test_60m,136,5.446365372705938,4.012937289017898,5.064567975234823,3.659090518951416,5.538711264395064,3.701939582824707,3.5676719817200437,2.649387121200561,5.78056461682408,3.9984922409057617,4.452914188264575,3.4755935668945312,6.222380229174295,3.993256330490112,5.911419521788886,4.63305139541626,5.384536405640363,4.039748668670654,5.84732066885716,4.7307610511779785,7.310276088012215,5.445401668548584,5.5021616962001065,4.169885635375977,4.879105958617242,3.714708805084229,5.341119250448332,3.956868171691896
test_60m,137,5.444421659766984,3.776831700251653,5.442402656958453,3.55594539642334,5.750731459353496,4.457184791564941,5.48680881134848,4.033921718597412,5.537009733456641,3.820358276367188,4.403368738671953,3.098036766052246,5.088867024336324,2.008610963821411,5.006795976894101,2.9249279499053955,5.723453392310024,4.457490921020508,5.808794646155796,4.589161396026611,6.962393426576599,4.257528781890869,5.567480839156369,4.42259693145752,5.654347355343391,4.39000129699707,4.345027516409157,3.0830469131469727
test_60m,138,5.584837217478789,4.100774379876944,5.722547823564732,4.108218193054199,6.014598510639841,4.776614189147949,5.699118690012068,3.886088132858277,6.320443199239631,4.946835041046143,4.7010171790579545,3.1237053871154785,3.497652745433485,1.7788207530975342,4.8186262280823575,3.285759210586548,5.893346795179196,4.932852268218994,6.073523393361499,4.860597610473633,7.0080674650366825,5.137997150421143,5.647872557499189,4.658181667327881,5.544972118011576,3.577284812927246,5.661097122106036,4.237112522125244
test_60m,139,5.621777765279438,4.305909285178552,2.734668145384867,2.435605049133301,5.924115621260048,5.311388969421387,5.386694851114123,3.629241943359375,6.250552486694146,5.512693881988525,4.8791866172266625,3.063662052154541,5.791280047555107,2.2166850566864014,5.6688353413342645,3.430755615234375,5.849009307420998,5.4649338722229,6.136029502492299,5.46112060546875,7.116974427474271,4.998013496398926,5.848607969358492,5.032571792602539,5.928811243033042,4.93532133102417,5.568345388284369,4.484827041625977
test_60m,140,5.01148173411852,3.706392361567571,5.550446884701769,3.1972551345825195,3.819606118511818,2.918260335922241,5.297521598417864,3.895865201950073,5.79965609570089,4.223012924194336,3.566180689638845,2.0122663974761963,5.199677628961462,3.187649726867676,5.3447348234681655,4.096928596496582,5.108952719257055,4.1454901695251465,5.5950170163855955,4.587141036987305,3.7652477280939047,3.40191388130188,5.246049624847458,4.579240322113037,5.432860958066102,3.770609855651856,5.42331065748982,4.16746711730957
test_60m,141,5.489624726758897,3.9241505769582896,4.832070163076451,2.6775267124176025,5.910905171567538,4.83282995223999,5.670702735118524,3.825098752975464,6.3054290092651,5.126534938812256,3.6294287877759297,1.6385056972503662,3.9102671209620805,1.7841038703918457,4.852137364265382,3.0454888343811035,5.8952270799552,5.090539932250977,6.117924304081023,5.20445442199707,6.89231495760176,4.737147808074951,5.691234861647117,4.750407695770264,6.046955771203488,4.609455585479736,5.610524121346063,3.6918632984161377
test_60m,142,5.398951205770914,3.752855484302228,5.581151129167469,3.349463939666748,5.255230041225289,3.67072319984436,5.181062538804335,3.027827739715576,4.233994761664132,3.505913734436035,4.27501247999243,2.389634370803833,5.966395798520145,2.973958969116211,5.773378341534288,4.01820707321167,4.994451071154995,3.953845739364624,5.460632308218588,4.517346382141113,7.108535719976382,4.903335571289063,5.503999806268651,4.409055709838867,5.507695420213684,3.964677095413208,5.344826258281487,4.103131771087647
test_60m,143,4.978577483942976,3.5172098783346324,4.981308177206837,2.955583333969116,4.6043072067369675,3.132408380508423,5.027186030704158,3.670964956283569,5.834769450344515,4.701728343963623,3.35562459335056,1.765371799468994,5.0162923030025,2.5075597763061523,4.836139579404804,3.0440073013305664,4.728385598350391,3.935648679733277,5.601349543889363,4.528758525848389,4.9632080832044885,3.4849724769592285,4.946901702749032,3.992788076400757,5.548972239058112,4.266581535339356,5.277062783256951,3.7373552322387695
test_60m,144,5.3628804045221266,3.8661013841629033,4.914653255111945,3.0412700176239014,5.458829096144804,3.629964590072632,3.91242917778613,2.695067405700684,5.908651865267809,4.217874526977539,3.599596048675072,1.6593559980392456,6.0424883854343605,3.859438896179199,5.84447060895467,4.711812973022461,5.112053234523864,3.957828521728516,5.853044417833241,4.788722038269043,7.126516209414997,5.226177215576172,5.639701485020905,4.819184303283691,4.9530907070193875,3.5775725841522217,5.351920767600465,4.075048923492432
test_60m,145,5.411348199913991,3.7117647849596467,5.667043857087165,3.26379132270813,5.549475802463468,4.416308403015137,5.574768365845954,3.77269458770752,4.682006059390329,3.632791757583618,4.205552976830772,1.8246701955795288,4.856825824647617,1.9948196411132808,5.324294374960545,3.4687840938568115,5.551311864321079,4.593559265136719,5.642253893933156,4.528491973876953,6.391073897269243,3.7328290939331055,5.5691589789324,4.610213756561279,5.874406166987465,4.590094566345215,5.45935453621269,3.8238935470581055
test_60m,146,4.7539107560727825,4.06051370730767,4.8438174072347495,2.9717533588409424,5.120186934921721,4.589582920074463,5.06736094671802,4.384326457977295,4.475628986529631,3.6279900074005127,0.5571895277473411,1.5333086252212524,5.164218917825994,4.071995258331299,5.249226767420341,4.590493202209473,5.381603038230241,4.87076473236084,5.457693077183908,4.675951480865479,4.3488459270795055,3.508587598800659,5.38274311660008,4.96889591217041,5.544485020269821,4.783631801605225,5.207840161184806,4.209396839141846
test_60m,147,5.2413207569131455,3.83463414815756,5.043227607081458,3.41622257232666,5.835419940315417,4.004913330078125,5.823589964336694,4.130031585693359,6.2041105509595,4.938412189483643,3.666009600664361,2.997169017791748,3.480479599749189,1.8420363664627075,3.6249002538199884,2.732127904891968,5.697688340084981,4.834203720092773,5.86271963609029,4.862547397613525,5.932570275755474,3.7956738471984863,5.221090373439003,4.203685760498047,6.063948076683663,4.328991413116455,5.681415620890866,3.764228820800781
test_60m,148,5.136264550811891,3.7881136123950663,5.3294243298782,3.36069393157959,5.3477610196852625,4.790843963623047,4.419045921633152,2.881852149963379,5.93657451710293,5.013079643249512,3.862302486590789,2.0442612171173096,5.055037766002729,2.1571578979492188,5.0810294010923585,3.2094531059265137,5.5902309194854665,4.854108333587647,5.755567305439988,4.933850765228272,6.442043621054897,5.116960525512695,4.66741040016208,3.956326723098755,5.087352870381274,3.845829725265503,4.197658602045449,3.081058979034424
test_60m,149,5.535512117321462,3.9071736427453847,5.528444732724976,3.632301568984986,6.012497225767903,4.230327606201172,5.625754959749881,3.8376970291137695,6.319249264202171,5.152605056762695,4.5524902066612505,2.337244987487793,3.769597492615377,1.784485936164856,4.65356436013775,2.955785036087036,5.908688945208548,4.959939956665039,6.078941900397378,5.138200759887695,6.99572005304631,5.124395847320557,5.632539677418087,4.655999183654785,5.581898041888292,3.61061429977417,5.302270665361073,3.373660087585449
test_60m,150,5.315407919497361,3.8824939360985393,5.00982073273222,3.153665065765381,5.588698524113683,4.553030490875244,3.852004330233679,2.7158803939819336,5.948027780116852,4.4881134033203125,4.326871478785831,3.31421160697937,5.77940927430643,2.705041646957397,5.484221152655463,3.2417314052581787,5.793943136206643,4.9496026039123535,5.876703918905815,4.965594291687012,6.623301818772827,5.209910869598389,5.654296572312921,4.4719061851501465,4.880124099147348,3.622407197952272,4.28288013517598,3.0813260078430176
test_60m,151,5.367460043438619,3.686871620324942,4.734864220188423,3.03768253326416,5.703032842105099,3.4546916484832764,4.815059898189946,2.8340446949005127,6.106506449208543,4.39422607421875,4.0595786570576715,2.9725418090820312,4.912224699981413,2.1056225299835205,4.281754962838351,2.716892004013061,5.710972931991769,4.426477432250977,5.887055182788602,4.740255832672119,6.9747459027580945,4.883079051971436,5.489526969983678,4.458906650543213,5.578588929211865,3.945563316345215,5.523068918398596,3.959347486495972
test_60m,152,5.072630024589441,3.5546825849092927,4.78001700090343,2.7670814990997314,5.47855178584526,4.697575569152832,4.715820017607178,2.942152976989746,5.867084469225279,4.167779922485352,1.9585317867108003,1.5558679103851318,5.153103806927242,2.3169615268707275,4.918676212475062,2.9704911708831787,5.71195949674873,4.842250823974609,5.806582888667717,4.739476203918457,6.02963647459179,3.698355436325073,5.480559115591239,4.385847091674805,5.2607619293774714,3.9107494354248047,4.7829053349915265,3.2162840366363525
test_60m,153,5.056319755898531,3.6115563282599816,4.756350887360025,2.870253801345825,5.265923873253941,4.523017406463623,4.961246557868292,3.373652935028076,5.583580863828813,4.0830397605896,3.6718061359173,2.0294737815856934,5.103364817259404,2.5707337856292725,5.205441182479674,3.51235580444336,4.432348901391359,3.858609437942505,5.638410579363906,4.668120384216309,5.936695810709632,3.8316164016723633,5.354076240979496,4.658936500549316,4.799778022370981,3.4697811603546143,5.023132953898084,3.500641107559204
test_60m,154,5.4380144934240775,3.708408630811251,4.994451356922783,2.706575870513916,5.692754304412791,4.096388339996338,5.573249154240061,3.4640157222747803,5.767239431441727,3.968469858169556,4.346186759473743,3.0146658420562744,4.287844888538724,1.8365612030029297,4.899716338692641,3.010460376739502,5.605634631401298,4.345686912536621,5.894817858290077,4.701193332672119,6.860677531399519,4.918275833129883,5.254327975305954,4.0775346755981445,5.897712863420163,4.108101844787598,5.6195753209735235,3.961382389068604
test_60m,155,5.401984001207829,3.5387800198334913,5.595591649155502,3.583193778991699,4.371318458954444,2.9213671684265137,5.132233676532007,2.9151976108551025,5.730786839483641,3.9421708583831774,3.7833665376929853,1.6804674863815308,5.920868655010948,3.111025333404541,5.710216784596794,3.525315523147583,5.169691148475979,4.012666702270508,5.762767438848265,4.548190116882324,7.04937594325679,4.132590293884277,5.425774236205435,4.196453094482422,5.2399982677214965,3.5553877353668213,5.333802379767493,3.880114555358887
test_60m,156,5.537062392351247,3.7940599734966574,4.96865248393447,3.3686697483062744,5.71413957653267,3.596142530441284,3.5403475595438154,2.6320126056671143,6.129918834853187,4.757624626159668,4.6264677760161375,3.133446216583252,6.0008192042170485,2.253192663192749,5.659386903244514,3.1082136631011963,5.889192174886836,4.779178142547607,5.971382608747522,4.654719829559326,7.3956957123118094,4.8413920402526855,5.769227986729699,4.610171318054199,4.923751099567587,3.639561414718628,5.392829179980903,3.948454856872559
test_60m,157,5.311882707831246,3.693979061566867,5.551113125805043,4.12912130355835,5.040454542966451,3.431970357894897,5.567186713621015,3.328860282897949,5.237374745710982,3.7904107570648193,3.9791985225302984,1.85774040222168,5.7991449087447595,3.37398099899292,5.612689882447119,3.793445348739624,4.2395375566201405,3.780369997024536,5.317698987035204,4.213905334472656,6.715425376572199,4.2574310302734375,5.144280489050816,4.039535045623779,5.606190189596604,4.359557151794434,5.244180161105557,3.6653997898101807
test_60m,158,5.439823874800435,3.809880742659936,3.889899288453663,2.5699005126953125,5.75229372409148,4.459210395812988,4.981361092534242,3.542125701904297,6.01809865754027,4.297011375427246,4.640858593064825,1.8900796175003047,5.791851527436207,3.345467567443848,5.6093579447702755,3.8495373725891113,5.65102197736037,4.42335844039917,5.9054110079746485,4.649545669555664,7.132227967996939,4.662458896636963,5.659453928618898,4.7208662033081055,4.5026947103118955,3.2768633365631104,5.183179952251934,3.842024564743042
test_60m,159,5.481329419823151,4.096861582535964,5.732906510655459,4.106846332550049,5.991471138997944,5.176133155822754,5.830015734077016,3.6895718574523926,6.390394005749252,5.510231018066406,2.8954524959528105,1.576932072639465,3.4717841612375615,1.7730523347854614,4.850297221177862,3.3822598457336426,5.972772791252847,5.341710090637207,6.148522265188206,5.343270301818848,6.784667435633397,4.258224487304688,5.680214625326961,4.874856948852539,6.124270842514496,4.760477542877197,5.384513229937156,3.46563458442688
test_60m,160,5.214136362798447,3.73585228736584,5.206906364928746,3.9474403858184814,5.584083316496901,4.093287467956543,4.6378879935625275,2.8601067066192627,6.012863483228969,4.770506858825684,3.0464567084842793,1.6075469255447388,5.147155787018365,2.262417316436768,5.35414493401352,3.7045533657073975,5.545585818091645,4.2945733070373535,5.836024360091972,4.753809928894043,6.734944805212218,5.219038009643555,5.533026804851689,4.438103199005127,4.370855511946335,3.3092432022094727,4.773836828452632,3.305453062057495
test_60m,161,5.11861676899288,3.8748917946448698,5.5402105539539885,3.979967594146729,4.925037111142161,3.4968037605285645,5.522307018842249,3.3363497257232666,5.308728118836532,3.9629697799682617,4.145101067942392,3.566951274871826,5.446657477596197,3.631770849227905,5.310925381451872,4.172334671020508,5.094244187856539,4.283541202545166,4.985678769993078,4.132036209106445,4.620518989505792,3.489423990249634,4.857747871498211,3.9512460231781006,5.575714587348813,4.355804920196533,5.209146860939613,4.014393329620361
test_60m,162,5.548412117308179,3.8448636623529286,5.832399743388925,3.31048321723938,5.640274645439188,3.453619956970215,5.849757600376382,4.082340717315674,6.280303094817162,4.695987701416016,4.454196435734568,2.2878189086914062,3.7751257048010034,1.7902265787124634,4.92650863719827,3.3240349292755127,5.828465703653927,4.772571086883545,6.048093176271208,4.886459827423096,6.8349382903705616,5.187766075134277,5.4092042962594835,4.208178520202637,6.071525412276121,4.678783893585205,5.178564784419534,3.3049561977386475
test_60m,163,5.2579885204918595,3.6762753174855165,4.198150234549915,2.63431978225708,5.769360502123789,4.525259494781494,5.14501858454448,3.000190258026123,6.1127507787930035,4.885715007781982,3.5353181588639226,1.711223006248474,4.674143523162343,2.1332225799560547,4.061243987266028,2.7119903564453125,5.709579456676753,4.831088066101074,5.859686933086049,4.733984470367432,6.758945484863531,4.4603424072265625,5.379452353239029,4.189526081085205,5.6317205222980045,3.879257678985596,5.518480246927319,4.095459938049316
test_60m,164,5.176558705583844,3.5908024952961854,5.501806059093794,4.128191947937012,5.224258152615532,3.560655355453491,5.060405995980369,3.086261034011841,4.879427073897857,3.621741533279419,3.646179683559401,1.7212129831314087,5.643609927890314,2.9238359928131104,5.554363168222764,4.037591934204102,5.0907395787997896,3.954700946807861,5.535348869894148,4.491860389709473,5.569271559000292,3.604733228683472,5.4195296172857095,4.275822162628174,5.398051715353633,4.046271800994873,4.7722717709963565,3.227553129196167
test_60m,165,5.009087537295284,3.5824032746828522,5.362571189329263,3.581715583801269,5.145380662114099,3.3657023906707764,4.954538225914086,3.041494607925415,5.987421299715347,4.560114860534668,1.7279197433913311,1.5487537384033203,5.458776120114105,3.2963132858276367,5.441464675634981,3.825993537902832,5.254238441860506,4.020682334899902,5.747872026467267,4.664827823638916,5.341408232705286,3.637763023376465,5.384506750592987,4.290172100067139,5.124383304307306,3.67790460586548,4.1876573126921235,3.059804677963257
test_60m,166,5.417809687633641,3.8293785498692445,5.514477750392083,3.2283897399902344,4.816226639745571,3.07238507270813,4.966621106954145,2.93025016784668,5.990688266392292,4.292762756347656,4.583376804703146,3.522928476333618,5.505418170285444,2.463053226470948,5.544188137769121,3.6968841552734375,5.493412678605721,4.291527271270752,5.850040902391474,4.87806510925293,7.168732762333575,5.724837303161621,5.554740220239585,4.779452323913574,4.301642111035256,3.2757959365844727,5.141960388389905,3.625589609146118
test_60m,167,5.108336832982798,3.8095065630399265,4.573360347088417,2.785259962081909,5.571684022458438,3.892883777618408,5.0989452008234855,3.2831506729125977,6.1487633775282164,5.1551008224487305,0.2723452635720478,1.5144219398498535,4.819609765874354,2.097918748855591,5.274384360086529,3.51806902885437,5.657403798818264,4.47261905670166,5.999499633160107,5.161177158355713,6.548449447807214,5.31423807144165,5.641638925296698,4.741422176361084,5.552367987466786,3.8961644172668457,5.249926698795803,3.69115948677063
test_60m,168,5.286540149941935,3.7210366909320545,4.770795859353051,3.423220634460449,5.78141529486298,4.036011695861816,5.6098701502840935,4.174227237701416,5.944872917490381,4.192597389221191,3.9075849618649308,2.19768500328064,4.624443123334226,2.2359166145324707,3.9113162534736787,2.690692901611328,5.286074832642734,4.044181346893311,5.716184870904095,4.470788955688477,6.800270131786256,4.711792469024658,5.306658222171424,4.141517162322998,5.8638528781761305,4.647307872772217,5.201682452901165,3.4075376987457275
test_60m,169,5.208591640444032,3.7679738631615276,4.845974023198536,3.204420804977417,5.686929410832369,4.89787483215332,3.8284618724404815,2.6778457164764404,6.1622386489991525,4.862301349639893,0.7005096780236517,1.4979498386383057,5.841367337265606,2.485396146774292,5.590257341052208,3.16965651512146,5.814106244971232,4.500021457672119,5.979492458519678,4.924368381500244,7.1903817322226615,4.210259437561035,5.701701471626569,4.743811130523682,5.0102188206209215,3.696321725845337,5.360052285999334,4.113432884216309
test_60m,170,5.2753241743012,3.7646515552814197,5.529157475505148,3.720026969909668,5.145465281109752,4.010232925415039,5.166150173091139,2.9003703594207764,5.415147186893822,3.902617692947388,4.308938851525802,3.3909661769866943,5.664219516971437,3.0028152465820312,5.368797081106153,3.4126522541046143,5.15351129559779,4.221076488494873,5.182468023308483,4.176131248474121,6.811071465397697,5.068085670471191,4.473238490175016,3.797587394714356,5.164554581872897,3.579620599746704,5.196494843360446,3.758287191390991
test_60m,171,5.270165010506681,3.804078744007991,4.516373981674659,3.012589454650879,5.935244505447562,4.011684417724609,5.262000641138665,3.2611546516418457,6.103476236996138,4.5008416175842285,4.071683911879936,3.001138925552368,4.408249445545361,2.118727684020996,3.6988480657743477,2.692201375961304,5.728017934826366,4.878355979919434,5.86152827519302,4.862642288208008,6.739987135333804,4.812439918518066,5.406429268304184,4.5896100997924805,5.387702000846949,3.563440561294556,5.392603733625853,4.148196697235107
test_60m,172,5.266092707282942,3.452861584149874,4.697030294972173,2.720209836959839,5.4772742112941835,3.613687753677368,5.291760939102522,3.057053804397583,5.889124334522693,4.352680206298828,4.143803394226917,2.0729687213897705,5.146096693479812,2.217177629470825,4.68190055225033,2.825608253479004,5.459570587192516,4.421996593475342,5.532879253832425,4.250823974609375,6.099931472544116,3.614179372787476,4.938913908621492,3.868699789047241,5.7065746790250556,4.119795322418213,5.394344873614013,3.7523193359375
test_60m,173,5.564167349553361,3.737874984741212,3.902324237481849,2.5343167781829834,5.674662731068885,4.016817092895508,4.904037701066071,2.864003896713257,6.001473114957688,4.395425796508789,4.792341072363682,2.3040664196014404,6.13746644719296,3.0896387100219727,5.781921594369626,3.4832639694213867,5.682100610629906,4.542972087860107,5.80309919032787,4.39728307723999,7.186587408930271,5.1552348136901855,5.651567019885875,4.338369846343994,5.503629664535911,3.9394664764404297,5.312964751383089,3.5315158367156982
test_60m,174,5.524495122187559,3.8878416739977326,5.735494835892022,4.08095121383667,5.4996932220206105,3.4047844409942627,5.7878640471251765,3.738605976104736,5.873717935781651,4.038406848907471,4.429533582416947,3.160921335220337,4.11196529671874,1.832016110420227,5.081572381855222,3.3066720962524414,5.182904671565028,4.0191144943237305,5.927637855769394,4.749458312988281,6.853213099822603,4.705569744110107,5.576315833448078,4.603982925415039,6.083002124251656,4.818493366241455,5.6755217017711335,4.082964897155762
test_60m,175,5.533473304884609,3.9176295078717747,5.318501286437893,3.4998021125793457,5.6973001750579035,3.653648853302002,4.217267678059915,2.7598140239715576,6.205637988221005,5.030574798583984,4.549874991846986,3.1001574993133545,4.925782288118391,1.919002652168274,5.34667010729031,3.196226119995117,5.902136298372923,4.982585906982422,6.045960001783747,5.0640549659729,7.134347005763344,5.004230499267578,5.748316827754652,4.751621246337891,5.291759189603807,3.836125373840332,5.551599125189034,4.131339550018311
test_60m,176,5.157754892230409,3.57160405929272,5.3698651914339495,3.840682029724121,5.029916436251994,3.190347194671631,5.162862064889228,3.0063607692718506,5.833613012375245,4.081587314605713,1.3116510386976974,1.5338526964187622,5.607698391087016,3.1351213455200195,5.512295039728551,3.513855457305908,5.513950499028354,4.427550315856934,5.650926110522057,4.340425491333008,6.841652802587424,4.26163911819458,5.427417795005614,4.322381973266602,4.8284900710192105,3.392235279083252,4.960475146368969,3.3848137855529785
test_60m,177,5.489248314810438,3.8537976374992957,5.615939649076024,3.880099296569824,5.292028995143648,3.738219738006592,5.189572885805274,2.885906934738159,5.64234953360665,4.320422649383545,4.671813098387003,2.3455793857574463,6.044613394402652,3.619160890579224,5.734154629724571,4.239070415496826,5.311958584930221,4.182729244232178,5.264607781351737,4.150521278381348,7.03636482586239,5.233579158782959,5.282176572089786,4.288217544555664,5.342246671087544,3.898917675018311,4.932401471068194,3.316945075988769
test_60m,178,5.259795666306224,3.669526576995849,5.556246679174302,4.10399341583252,4.678228980423772,3.066973924636841,5.281416628551657,3.2657251358032227,5.54911443954394,3.905803203582764,4.195425275221663,3.3917250633239746,5.231066682145663,2.2166967391967773,5.42158964174,3.592289447784424,5.198788564491728,4.068559646606445,5.654484816767405,4.417853832244873,5.206092106406701,3.554600238800049,5.377591662255581,4.176167964935303,5.7441652784769985,4.342536449432373,5.283132906781497,3.6009204387664795
test_60m,179,5.334026039952291,3.7001241262142477,4.296543111811599,2.6074767112731934,5.460763053203205,4.144269943237305,5.217853583875363,3.792564868927002,5.616717956568484,3.965813398361206,3.9337737515394164,1.7010678052902222,5.819920956304715,3.5760698318481445,5.5894738015753935,4.113364219665527,5.52980655675919,4.448553085327148,5.6401228648356225,4.319857120513916,6.5117825629787,3.946342468261719,5.501380612084527,4.218874454498291,5.5196432867323715,4.017039299011231,4.70455642111119,3.2503204345703125
test_60m,180,5.54858952241952,4.098448294859667,5.799761277737715,3.1252098083496094,3.5433920842929174,2.8001134395599365,5.712045358362383,3.38632869720459,6.057279976046652,4.8084797859191895,4.531281419387582,3.768105983734131,6.060159945042768,3.523631811141968,5.885367268579735,4.50609302520752,5.078983112193526,4.0418195724487305,5.81480808710797,4.779174327850342,7.164361081236557,5.914457321166992,5.50435876025412,4.7745513916015625,5.542733721959581,3.7026383876800537,5.437131699252246,4.149224281311035
test_60m,181,5.148267798982891,3.8129103917341967,5.458360578370006,3.301015138626098,4.562366498289589,3.0888819694519043,5.42435813219228,3.974885225296021,4.579618606127378,3.6221132278442383,2.0231681091758125,1.5822293758392334,5.449294729878372,2.510744333267212,5.483424352138582,3.756017446517944,5.336615178299274,4.455582618713379,5.550987487508783,4.613883972167969,6.702759245588174,5.430609226226807,5.492326909502665,4.729435920715332,5.657205546314518,4.667571067810059,5.20699601339215,3.83486557006836
test_60m,182,5.340854767180821,3.7027198718144345,3.707085189872499,2.487592458724976,5.35061302466855,3.4213438034057617,5.33115037346048,3.4673309326171875,6.018547998000586,4.582043647766113,4.294314967481101,3.090845823287964,5.629959505817672,2.466102123260498,5.311213595230161,3.134235143661499,5.4245875984513345,4.251961708068848,5.805176513292139,4.5500664710998535,6.7899359074063135,5.052858352661133,4.813240993356653,3.895705461502075,5.747643146822284,4.345414638519287,5.207643159490896,3.389857769012451
test_60m,183,5.607823527843007,3.957926475084745,5.780499309949766,3.062159776687622,3.424646700532133,2.8268747329711914,5.941745466464714,4.277729034423828,6.134879206462827,4.897993087768555,4.60148134748842,3.46173095703125,5.9956358064419195,2.759610652923584,5.652212897871238,3.215147018432617,5.414080524593919,4.604197978973389,5.856678286263529,4.731125831604004,7.042789506246878,4.339056491851807,5.517217627538574,4.427581310272217,6.013857466661622,4.552850246429443,5.525981715443554,4.296987056732178
test_60m,184,5.138404923903153,3.802668644831731,5.602451972828135,3.273094654083252,4.966763861655042,4.090939998626709,5.6224992966433565,4.084753513336182,5.491991208929075,4.37056303024292,4.109811704453388,3.431755542755127,5.261833735252794,2.524089097976685,5.218639679117963,3.603524923324585,4.840906350219569,4.025076389312744,5.018010814385853,4.152238368988037,5.152520286203414,3.643270254135132,4.682132427631832,3.882726907730103,5.537561311896643,4.320262432098389,5.294141361523918,4.032397270202637
test_60m,185,5.487135470929694,4.054521358930148,5.843135199309001,4.1531500816345215,5.086641955717521,3.780935049057007,6.095598433442155,4.058945178985596,5.392023081343999,4.298536777496338,4.765472316972501,3.4780430793762207,5.885320190122519,3.229722738265991,5.527194149459715,3.474506139755249,5.04371420519983,4.214847564697266,4.870035782813186,4.101565361022949,6.917001197108114,5.129252433776856,5.003024902961044,4.222656726837158,5.691101335485885,4.536171913146973,5.212498372150538,4.030444622039795
test_60m,186,5.5322028095697116,4.024204914386456,2.9348578143074486,2.4288833141326904,5.879521649608768,4.842998504638672,5.401940710035217,4.14412260055542,6.0644794251599325,4.284794807434082,4.655580205425359,2.4322328567504883,5.733922585697572,2.643472194671631,5.271306426109787,2.974930047988892,5.759279828933416,4.695501804351807,6.024290079051544,4.951519012451172,7.086476077207175,5.201647758483887,5.671786573853203,4.295964241027832,5.907560232448931,5.084738254547119,5.527634916567891,4.333858489990234
test_60m,187,5.396155161042208,3.8589374468876767,5.586804372373006,3.3184914588928223,5.123991437973097,3.396857261657715,5.230360868660832,3.143437623977661,4.102935590021187,3.5079009532928467,4.327970125599679,3.612014770507813,5.973347048968168,3.1566929817199707,5.719216133724658,3.680762767791748,5.1977519937449905,4.1002702713012695,5.449057881630816,4.556312561035156,7.106419094171189,5.38279390335083,5.490359312072286,4.279675483703613,5.559419742174073,4.187860488891602,5.282383492434722,3.843116283416748
test_60m,188,5.2494331065348225,3.575607061386109,4.869912269511066,2.84130859375,5.4366608926139,4.296891689300537,4.540660208158778,2.860398530960083,5.6435477279543065,4.026107311248779,4.307228395842568,3.2206506729125977,5.470608699781855,2.3338000774383545,5.428376185269164,3.436966896057129,5.42613157774206,4.213062763214111,5.6337224939211685,4.353090286254883,6.013896156805717,3.771347522735596,5.446600125814775,4.17039680480957,5.1543563740352845,3.6293210983276367,4.870929277502051,3.329549551010132
test_60m,189,5.430278037599489,3.8860233747042146,5.623305740046288,3.0627660751342773,4.794588168715189,3.1945762634277344,5.8788116543282785,3.928903102874756,5.560059558219896,4.254059314727783,4.598618896533425,3.4743993282318115,5.849744193878832,3.4433162212371826,5.572176250807704,3.954332828521729,5.112364276805668,4.247855186462402,5.11411410975685,4.122085571289063,6.874454190432719,5.235084056854248,4.85053553785825,3.8958568572998047,5.517049248606974,3.8138833045959473,5.247792662803286,3.891185760498047
test_60m,190,5.04117901390373,3.687459230422974,4.242187832252188,2.713719367980957,5.3910098278925025,3.355588912963867,5.1553024528422,3.945632219314575,6.006079009811002,4.41388463973999,3.851807791543203,3.1052818298339844,4.741715151296195,2.4608306884765625,4.377379821870562,2.82129454612732,5.4099687369502885,4.202649116516113,5.751224530110782,4.627903938293457,3.998118682337821,3.29723858833313,5.347481901438202,4.439491271972656,5.812676996482331,4.325327396392822,5.450374445921206,4.228127479553223
test_60m,191,5.455244092252576,3.941310130632841,4.763875499442049,2.89209532737732,5.687324289781644,4.870208740234375,3.2046099986592878,2.631564855575561,6.010901528038332,4.423892498016357,4.526997578069937,2.1510462760925293,6.057027907787219,2.439027786254883,5.840316531859675,3.826357364654541,5.870700290210554,5.063754558563232,5.969765253476881,4.956977367401123,7.111023482261116,5.281161785125732,5.812273728994174,4.973637104034424,4.759131362321395,3.665358304977417,5.304225748381217,4.061949729919434
test_60m,192,4.841668220357523,3.4921305271295404,4.934753975089861,3.209688901901245,5.018578384900507,3.5195400714874268,5.09256163461556,3.3078837394714355,5.790699621728129,4.611378192901611,2.432347030718824,1.648779273033142,4.570195650531831,2.2824227809906006,4.436638970301104,2.9224777221679688,4.389230639040065,3.857426166534424,5.566762648403943,4.639878273010254,5.202827690430972,3.5901477336883545,4.7690486503387985,3.950117826461792,5.486936238788471,4.269448280334473,5.251105729759727,3.588507890701294
test_60m,193,5.43211053096217,3.9885007234720087,2.924096196884278,2.460479736328125,5.752801056762486,4.778719902038574,5.366606188011946,4.05672550201416,6.153998934158301,4.657409191131592,3.0530606018240487,1.5660195350646973,5.957447562130159,2.8555455207824707,5.674409445497021,3.485272169113159,5.754753921308687,4.831301689147949,6.014714501101996,4.816282749176025,7.090244129932327,5.470736026763916,5.635357906123276,4.2824225425720215,5.825828033933295,4.821257591247559,5.414118424840396,3.7683372497558594
test_60m,194,5.450489215566724,3.9018641068385196,5.562525301369562,3.566173553466797,5.300351522759034,4.06679105758667,6.010741046549527,4.162745952606201,5.5570817470576275,4.304000377655029,4.59113356941219,3.153543710708618,5.5119286648193695,2.4814159870147705,5.024564980075429,2.9562828540802,5.196305099555007,4.317512512207031,5.066519683025617,4.1096625328063965,6.915354684781035,4.945775985717773,5.065866780071375,4.186684608459473,5.760192367427283,4.486320495605469,5.293794355464351,3.987323760986328
test_60m,195,4.9524887789433425,3.758896772678082,5.1776297294465286,3.1836161613464355,5.257765750744736,3.914441347122192,4.404864305323349,2.848530530929565,5.820270799384124,4.468271255493164,3.8920604862484676,3.485170841217041,5.106940830486065,3.489375829696656,5.145387705023535,4.177358150482178,5.566440617635591,4.650782585144043,5.610981097979977,4.514228343963623,4.644488150026748,3.5196070671081543,5.286179401202797,4.23058032989502,4.130771526260118,3.2699785232543945,4.338573726501409,3.1137170791625977
test_60m,196,5.210962013434126,3.8417633771896367,4.536041700843751,2.759150981903076,5.726524922216914,5.101464748382568,4.551951429504823,2.7980663776397705,6.168748787301519,5.217247009277344,1.8972094835077538,1.5406032800674438,5.338182688998803,2.2478177547454834,5.477968939922411,3.513823747634888,5.819735814650405,5.299083709716797,5.981812873634232,5.153761863708496,6.609857852610086,3.850114583969116,5.6636702768595955,4.945172309875488,4.7036807275815535,3.3769962787628174,5.267120677011786,4.139621257781982
test_60m,197,5.30866672531626,3.9560943016639123,4.800437704283696,2.746981382369995,5.363113607214699,4.217854499816895,5.141799899314715,4.042840957641602,4.550724958674407,3.620859622955322,4.291436689716916,3.398810625076294,5.551717346386901,2.3845114707946777,5.503927620537252,3.739646434783936,5.442830298004464,4.61883544921875,5.579895755371317,4.614013195037842,6.507425873701794,5.212416648864746,5.589879825987867,4.742320537567139,5.627465312110232,4.5595383644104,5.062012537807114,3.5305967330932617
test_60m,198,5.573770988327261,4.024665905879094,5.472932124110061,3.546097755432129,5.835014720609621,3.513096570968628,5.908883874441763,3.713808536529541,6.35896137928143,4.933109283447266,4.455192094882776,2.966339588165283,3.516115027790808,1.7487444877624512,4.2909522939915306,2.8376591205596924,5.8828505598625895,4.904982089996338,6.090800989589389,5.048762798309326,6.981679053805348,4.9825053215026855,5.597077281751367,4.578115940093994,6.257953175798082,5.005295276641846,5.810610272339609,4.542140007019043
test_60m,199,5.061405600813826,3.4784349111410284,4.802450114076875,2.8242897987365723,5.38750022979286,3.7169065475463854,5.119501944396486,3.041980028152466,6.021525867392644,4.4846625328063965,0.6152617368094364,1.5161640644073486,5.28113980307548,2.3779871463775635,5.155100684414189,3.085389375686645,4.989507795781205,3.956937074661255,5.812350038649724,4.725146770477295,6.8531421930247625,4.211836338043213,5.320194141897194,4.147373199462891,5.288555902622525,3.679741382598877,5.152042358646351,3.451239585876465
test_60m,200,5.16738770796401,3.6002079890324516,4.832094177434829,2.8472704887390137,4.937159313472964,3.167815685272217,4.956929820767699,2.9731273651123047,5.850793019771536,4.736610889434815,3.931387081131352,3.275898694992065,5.155851042887713,2.3889236450195312,5.121373729704677,3.1784465312957764,4.91931897883565,3.943204164505005,5.748501897890536,4.698727607727051,6.556125758264506,4.423740863800049,5.344417941240919,4.18943977355957,4.723104864583072,3.375461339950561,5.098982577546662,3.604036808013916
test_60m,201,5.566880464916071,3.820918468328623,4.478596768882112,2.6850972175598145,5.5671738616743545,3.442389249801636,4.2214347861991985,2.745917320251465,6.162324653153036,4.8436713218688965,4.708107926860877,3.1270012855529785,5.886785631221233,2.206887722015381,5.790469901415874,3.612104654312134,5.8266921776541185,4.7650065422058105,6.013925181904659,4.7887864112854,7.291397683128668,5.262514114379883,5.668799756431269,4.2946062088012695,5.289385366166385,3.856137990951538,5.464352349217147,4.041820049285889
test_60m,202,5.349943512749528,4.130558710831862,5.099237836466779,3.0515575408935547,5.733056616097662,5.065159320831299,4.590716225104261,2.807015419006348,6.079807832559395,5.210389137268066,4.572850602286215,3.638227701187134,5.767537406207065,3.4586260318756104,5.6144810369742135,4.420742511749268,5.82885821891884,5.427589416503906,5.8979250677471,5.131022930145264,6.517166250920286,4.017392635345459,5.63230442594349,5.169780254364014,4.374730660827915,3.295975923538208,3.8405934856906447,3.003784418106079
test_60m,203,5.126305464054436,3.623501108242915,4.8739545217009175,2.8052749633789062,5.512369617110534,4.220415592193604,5.20320927224614,3.3593392372131348,5.616722321340486,3.892167329788208,1.1304860094719973,1.5210915803909302,5.4138902478464885,2.667621374130249,5.124723539114195,3.008284568786621,5.658039438517311,4.618276119232178,5.758598233242355,4.543909072875977,6.790747738950775,5.034379005432129,5.482338096551544,4.244753837585449,5.486782590187323,4.010160446166992,4.590109406427602,3.1798412799835205
test_60m,204,5.3834739402773515,3.5280830401640673,5.537538212720261,2.990209579467773,4.088553626043091,2.881698608398437,5.7463757292540345,3.5689401626586914,5.792617636565797,4.026740074157715,3.926561333945547,1.83601462841034,5.443961472002254,2.3228063583374023,5.247029638681612,3.0407402515411377,5.331167643271194,4.205996990203857,5.72575006112861,4.460178852081299,6.361232572036307,3.758615732192993,5.415609031351168,4.427660942077637,5.90111539239663,4.546372890472412,5.467648874209054,3.7991044521331774
test_60m,205,5.4609123852427,3.811831960311303,3.8486145564788408,2.562032461166382,5.529196069071514,3.8104653358459473,5.54076391646755,4.012805938720703,5.90555534280643,4.197254657745361,3.8606816378289377,1.650015950202942,6.001407638453181,3.638641595840454,5.740617254635009,4.270161151885986,5.231853589094472,4.032938480377197,5.7248525811545825,4.357501983642578,6.997555081613868,4.400958061218262,5.549973437082653,4.44116735458374,5.76028370021061,4.5935492515563965,5.300506203257456,3.5863232612609863
test_60m,206,5.16737836766335,3.7758293885451097,5.327263666783818,4.071284770965576,4.647245499753297,3.086448907852173,5.123601527048239,3.072801351547241,5.895916631794312,4.746818542480469,2.6469050314919107,1.6093668937683103,5.344637344976323,2.489469289779663,5.445072628780747,3.931979179382324,4.939444220892672,3.973660469055176,5.783334886064293,4.903532981872559,6.6503982506523895,5.51683521270752,5.4664266060721545,4.779156684875488,5.10036920596235,3.5794687271118164,4.805303279351028,3.3249590396881104
test_60m,207,5.603775909890377,3.711081266403198,5.719934068789541,3.1164300441741943,5.239787547583254,3.148552179336548,5.514113675234621,3.0380096435546875,6.301347412595531,4.823004722595215,4.30009354316003,1.7866483926773071,4.342759301490289,1.822734236717224,5.201472998687049,3.190443754196167,5.8095580818047825,4.802926063537598,6.074134371879241,4.977184295654297,7.048203142578027,5.182395935058594,5.664810868310814,4.487742900848389,5.9689791019430825,4.17084264755249,5.663892714518632,3.697141647338867
test_60m,208,5.507309969560745,4.100145028187678,5.529267424772712,3.872934579849243,5.879312546389328,3.925494909286499,5.337734615850567,3.2827043533325195,6.268859639351617,5.318850040435791,4.555906804343606,3.117445230484009,3.4653898770697404,1.761413335800171,4.798452780106303,3.4170069694519043,5.894608986943164,5.131905555725098,6.115563082660517,5.338902950286865,6.426471247579002,5.020840644836426,5.708920648945243,4.85465145111084,6.0521342839564,4.485090732574463,5.562407666321483,3.774644613265991
test_60m,209,5.337632831974916,3.8717464483701267,5.396360166781835,3.655099391937256,5.651397530337167,4.557505130767822,4.775550168563981,2.8958053588867188,6.017997474500793,4.754489421844482,4.433378280015422,3.423931837081909,5.820438524461045,3.1758744716644287,5.585443155477931,3.446277618408203,5.807295262780759,4.759838581085205,5.790467859596761,4.553203582763672,5.968324167670792,3.6772172451019287,5.562210673765721,4.614815711975098,5.132782865550109,3.87481689453125,3.447580686171575,2.943828582763672
test_60m,210,5.3347660074509005,3.708468620593732,5.433801244770792,3.1920244693756104,5.272950430177695,3.5152230262756348,5.231941702647136,3.2215707302093506,5.195346693783144,3.729604482650757,4.261410883809802,2.7858898639678955,5.846258977606115,3.5445926189422607,5.654895433799239,4.049542427062988,4.935029523755468,3.89945387840271,5.591519506220673,4.389829158782959,6.739826464877038,4.083056926727295,5.478163954125979,4.559422016143799,5.408487230385887,4.125253677368164,4.302326050902735,3.114628791809082
test_60m,211,5.0420596736167225,3.7856003871330843,4.702934108825487,3.116951942443848,5.747517397596188,4.493456840515137,5.404466310457746,3.875219583511353,5.843026515507125,4.070342540740967,3.6004880458291284,2.9803357124328613,4.030926747689547,2.018257141113281,3.5472069002550652,2.67598819732666,5.642916153924806,4.733392715454102,5.695990933898197,4.566832065582275,4.640156564819399,3.443832397460937,5.24042495665083,4.447554111480713,5.868906368402895,4.523407936096191,5.581814753160981,4.267233848571777
test_60m,212,5.494684013603577,3.771127077249381,5.766437150309161,2.9938108921051025,3.410285798751077,2.788851022720337,5.782644600365799,3.547880887985229,6.071325138492621,4.542668342590332,4.377648250050857,3.426617383956909,5.868465788839147,2.5574724674224854,5.574798358751114,3.2240116596221924,5.327600372861634,4.5494890213012695,5.808688444949534,4.736166000366211,7.045859722628644,4.343966007232666,5.000183146247513,4.011167526245117,5.944892838389126,4.554431438446045,5.452062566210272,3.748119354248047
test_60m,213,5.446081598976063,4.290385869833139,3.600954047636368,2.546609401702881,5.79709336907486,4.476778984069824,4.815903972098931,2.916020393371582,6.1215414169839155,5.312704563140869,4.768444710717431,3.435667037963867,5.802278409141307,3.800516843795776,5.623593950281868,4.660774230957031,5.760956658945473,5.178480625152588,5.995119189744218,5.307381629943848,7.140143104037284,5.992075443267822,5.7109089287534465,4.750063419342041,4.469525565495398,3.274542570114136,5.192597463778322,4.123401165008545
test_60m,214,5.500451714674468,3.7944410214057336,5.1878221274188165,3.686979293823242,5.60925216054069,4.3342061042785645,3.9104629168260097,2.6666619777679443,5.9315674385539765,4.510941982269287,4.615240384817111,2.154215097427368,6.1462588205275095,2.663538217544556,5.8540933554520835,3.723002433776856,5.731027188062355,4.565754413604736,5.736566653041871,4.432470321655273,7.252984959797624,5.140498161315918,5.63839780549659,4.479276180267334,4.925361529422268,3.6854655742645264,4.966836950811177,3.2847235202789307
test_60m,215,5.50700092966453,4.103272841526912,5.828608588133546,3.203153610229492,3.5842286520944633,2.819105863571167,5.842604480293067,4.274238586425781,5.81647660983505,4.19364595413208,4.465164003820188,3.708018779754639,6.027164770482453,4.135233879089356,5.807054554362582,4.540182590484619,5.263020828422896,4.25239372253418,5.624530083839427,4.43113374710083,6.956743904425743,5.510866641998291,5.391418368820624,4.226423263549805,5.828403144542397,4.540101051330566,5.155594096566446,3.508049249649048
test_60m,216,5.550126127481018,4.212414044600267,5.668469487587343,3.80099105834961,5.999105315592338,4.8979692459106445,5.939305322250242,4.7536725997924805,6.301062898729873,4.72564697265625,4.365597148042402,2.177016019821167,3.022346303360115,1.6888923645019531,4.506838344878309,2.99955153465271,5.6997849047452975,4.372328281402588,6.113594025978013,5.131587505340576,6.782315760223998,4.9691925048828125,5.6291688689849275,4.655004978179932,6.279676130258726,5.789244651794434,5.84437514662165,4.800284862518311
test_60m,217,5.405773593638858,3.972035334660457,5.781523504598461,4.48423433303833,5.02804724220359,3.776793956756592,5.856555417840289,3.36776089668274,5.439604391684069,4.304829120635986,4.530084538009364,3.609029531478882,5.83246003027442,3.3131048679351807,5.577742373080307,4.133081436157227,4.645157187346067,3.9171605110168457,4.98093456771753,4.100112915039063,6.750143922960635,4.168586254119873,5.03537421803688,4.243686199188232,5.5718680048314955,4.220179557800293,5.245561318722047,3.9978997707366943
test_60m,218,5.4746277469642735,4.362709907385019,3.5788224277081175,2.50972318649292,5.762137819867704,5.1009955406188965,5.063812466354182,3.5028655529022217,6.085688501722337,4.819754600524902,4.709846873726027,3.3134520053863525,6.000513912535632,3.982008695602417,5.718050663007128,4.459149360656738,5.811161826674361,5.300663948059082,6.00960436293774,5.272956371307373,6.761340893287483,5.674153804779053,5.771659073160079,5.260504245758057,5.5569295964122105,4.402264595031738,4.34059229314254,3.116736888885498
test_60m,219,5.366020529431063,3.4426276225310106,5.3258636669244135,3.2618184089660645,5.541788644663755,3.558767557144165,5.309331095504548,3.0946080684661865,5.370294834458567,3.726945161819458,4.029640892999427,1.7497936487197876,5.517253922787926,2.528036832809448,5.109203359093448,2.9255125522613525,5.521123350400607,4.160254001617432,5.697561305114437,4.413105010986328,6.975436229266897,4.347332000732422,5.470399398644418,4.151851177215576,5.426830463874156,3.741567373275757,4.463539718871208,3.09456729888916
test_60m,220,5.251338516472987,3.8074282682858978,5.033876197850613,3.750785350799561,5.50348512498018,3.839242696762085,3.941829005858958,2.704249143600464,6.056641214612143,4.653040409088135,1.750309684546116,1.5401949882507324,5.974014425804782,3.108854055404663,5.81224456235743,3.922110557556152,5.283761981889517,4.035218238830566,5.890262719616309,4.799008846282959,7.225069950633315,5.198148250579834,5.637996790717259,4.777921199798584,4.883395206702151,3.5390496253967285,5.274513848580057,3.628744125366211
test_60m,221,5.18560029567278,3.8140864739051237,5.293608651197761,4.140557289123535,5.400491808978245,3.727487802505493,4.721441532415988,3.0497076511383057,5.912870273511227,5.008645057678223,4.041266093946063,1.8851637840271,5.597160499431235,3.7026946544647217,5.442671980403441,4.050487041473389,5.468061527425416,4.229076862335205,5.768995362462121,4.845542907714844,6.289150729561484,4.330594539642334,5.158385602876603,4.101925373077393,4.910040173100066,3.5544567108154297,3.4086596084364817,2.95678448677063
test_60m,222,5.407510510556027,3.7926635283690233,5.808984569716851,4.103756427764893,5.183082244472096,3.677855730056762,5.8378678678084786,4.243632793426514,4.918949985773711,3.699366331100464,4.3357354448297345,1.95702874660492,5.413766523221948,2.2353932857513428,5.399821190114148,3.340447902679444,5.210822331141785,4.308898448944092,5.204715780248516,4.185943603515625,6.900651929706605,4.964632987976074,4.966229409759724,3.938272714614868,5.769247516313107,4.602254390716553,5.347761844121637,4.047142505645752
test_60m,223,5.396065085425956,3.9651521260921774,4.1632344522197515,2.6098856925964355,5.829842000047129,4.9859137535095215,5.582468778989359,4.277374267578125,6.271562809441495,5.256740570068359,2.5732579705053658,1.5615708827972412,4.780339474359091,1.958867430686951,5.318650808436608,3.4716899394989014,5.603566071297268,4.327326774597168,6.077749533532101,5.17024040222168,6.665335191558287,3.970152616500856,5.6928435769126375,4.803829669952393,5.994835344870969,5.18187141418457,5.595160098367376,3.971514225006104
test_60m,224,5.136558908094835,4.039348638974704,5.034373062886347,3.61908769607544,5.369075412594259,4.842878818511963,3.3305343344681497,2.630712509155273,6.012366681886103,4.914595603942871,1.4947381781545297,1.5301284790039062,5.885352512113466,3.762335777282715,5.671839045554201,4.149305820465088,5.747026963649594,4.867842674255371,5.8550024076832905,4.832467079162598,7.151721378458963,5.487562656402588,5.317044217459997,4.146575450897217,4.616449552094537,3.640400886535645,5.289742058229421,4.087638854980469
test_60m,225,5.255853865779468,3.6124001191212582,4.310730745357275,2.6026153564453125,5.46053005651987,3.977346181869507,5.3644392266102505,3.4026567935943604,5.871654499507956,4.508497714996338,3.7807609098516015,1.761893630027771,4.837232459875009,2.060267686843872,4.634227487049481,2.858262777328491,5.4674521171112485,4.3022003173828125,5.662263868977642,4.4104719161987305,6.630991285301752,4.914519309997559,5.389166602928511,4.319262504577637,5.537443780788051,3.859223127365112,5.379207215254438,3.983984231948853
test_60m,226,5.280211992332503,3.4943402913900528,4.824744299754325,2.8200347423553467,5.540669520478002,4.01920223236084,3.9604132616947454,2.697693109512329,5.951828772743787,4.323246955871582,3.785116205793919,1.7279703617095947,5.664697032347802,2.3283498287200928,5.5170913968012645,3.309190511703491,5.702184054493234,4.536653995513916,5.861539485367214,4.692684650421143,6.702213842696455,4.0442328453063965,5.226599364136229,4.053843975067139,5.021735026507152,3.646036386489868,4.883923637508406,3.2272841930389404
test_60m,227,5.540125201478039,4.001542632396405,5.017743670807067,2.785959959030152,6.033391220925371,4.875377178192139,5.798741408099569,4.159005165100098,6.330951899332329,5.081728935241699,4.502888616569552,2.892333030700684,3.622108534738879,1.752573847770691,4.509758798533098,2.886146783828736,5.893803948012152,4.970592021942139,6.083855033824154,4.89378023147583,6.615469928680613,3.8039474487304688,5.630737419973261,4.594758987426758,6.203977587870655,5.007373809814453,5.778199551847792,4.316476821899414
test_60m,228,5.528206565672683,3.9004869827857385,3.6288836319103335,2.523671865463257,5.579516172573632,4.045820236206055,5.532819081925648,3.941168785095215,5.919763729782009,4.43115758895874,4.745955654165199,2.4897890090942383,5.995598681565673,3.1710469722747803,5.670529967065374,3.4697160720825195,5.381313582573379,4.147334098815918,5.692684886592445,4.373221397399902,6.973463950646822,5.058969974517822,5.549914190652676,4.380147457122803,5.792146688090695,4.604627132415772,5.404095136200986,4.069660186767578
test_60m,229,5.406585126608758,3.951046118369469,5.543990549558147,2.9909982681274414,5.116218193352401,4.0727949142456055,5.8803829152208555,4.1305975914001465,4.862404070175643,3.698755979537964,4.426586653174234,3.4564754962921143,5.7993206137809805,3.141620397567749,5.5961269300523755,3.989827156066896,5.110591604000071,4.212265968322754,5.079476006363676,4.162869453430176,6.739456001182533,4.96696662902832,5.145989401365957,4.095666408538818,5.68432014695513,4.421893119812012,5.30074356073185,4.0228681564331055
test_60m,230,5.161782958716138,3.77346264399015,5.169847070373852,2.9454798698425293,5.495297606259103,4.601484298706055,4.920465116640208,2.890752077102661,6.0207013355125545,4.803370952606201,2.3263118253251154,1.5845887660980225,4.299790720080024,1.9825599193573,5.0095874872487,3.470611572265625,5.671724125226182,4.751794815063477,5.853020213313738,4.750619888305664,6.513877642289195,5.058709621429443,5.4998794970461145,4.625392436981201,4.94196588127265,3.4789352416992188,5.380709942722352,4.110714912414551
test_60m,231,5.397458356432023,3.7659696065462556,4.754593388657563,2.7227416038513184,5.2483854388223135,3.374678373336792,5.513702684688742,3.794859647750856,5.885266198910975,4.186287879943848,4.245750648154824,3.3252694606781006,5.439968888133254,2.247867584228516,5.542621939258815,3.5512073040008545,4.502077932118869,3.837820053100586,5.785610785990255,4.695773124694824,6.871045351352259,5.420959949493408,5.463125654671899,4.398941516876221,5.599836694482703,3.890046834945679,5.3149730283738235,3.5111515522003174
test_60m,232,5.140978294718559,3.6042430584247294,5.167980931477774,3.322011709213257,5.399321736757198,3.696971893310547,4.251581457103434,2.739194393157959,5.865199817277717,4.090909004211426,0.535934005009195,1.5078351497650146,5.695624264033197,2.667844772338867,5.697426011418413,3.7145068645477295,5.72053399218184,4.632012844085693,5.83424425908974,4.616809368133545,6.819323849344488,4.1146674156188965,5.579473948334475,4.553264617919922,5.0924424197844385,3.7990260124206543,5.173631139529356,3.4001057147979736
test_60m,233,5.57759605538564,3.908458581337562,5.2758694357351255,3.615740776062012,5.833206720347359,3.949668884277344,4.043850950972195,2.723489284515381,6.162415400525002,4.472808837890625,4.682653632555857,3.1442947387695312,5.374539896901643,2.002557277679444,5.626002639638517,3.562282085418701,5.946256612429755,4.968621253967285,6.050452881440501,5.025757312774658,7.30798733114835,5.353190898895264,5.801443800632805,4.834439754486084,5.170626588794547,3.7731950283050537,5.233442828891651,3.383915424346924
test_60m,234,5.478389294957687,4.2926886448493375,2.747207212405337,2.4814136028289795,5.837545801499325,5.297269344329834,4.9700276145174715,3.069913148880005,6.196077996814971,5.369460105895996,4.71552280759167,3.29620099067688,6.007734009294944,3.917029857635498,5.7456246563810165,4.508192539215088,5.820776763710143,5.423913478851318,6.0593108248599306,5.197825908660889,6.122058521855869,3.752744674682617,5.7934472030255835,5.097304344177246,5.703468458885173,4.093715190887451,5.500258963608489,4.29996919631958
test_60m,235,5.40745532420064,3.7696188871677108,5.4639571997957255,3.942281484603882,5.49141394190322,3.8478965759277344,4.872988732366711,2.834818124771118,5.836906675028312,4.173309326171875,3.941873567872062,1.6775423288345337,5.991595832126598,3.851274967193604,5.730023019250044,4.397124290466309,5.639630708987529,4.479742527008057,5.619481882177102,4.308783531188965,7.013731398799329,4.356858730316162,5.501118914857785,4.46489143371582,5.094738432451694,3.62069582939148,4.09945890899222,3.0498263835906982
test_60m,236,5.292571316202706,3.7924403869188756,5.140375383815658,3.082566738128662,5.619132315258502,4.767054080963135,4.950343198100811,3.152017831802368,6.013019068573752,4.740566730499268,4.254013133655697,1.9276095628738403,4.978234592364565,2.1922852993011475,5.289115963993423,3.632954597473145,4.925987692511675,3.99375319480896,5.827256613631839,4.978359699249268,6.871554748032532,5.338592529296875,5.407200399211601,4.346708297729492,4.349614678918896,3.296502113342285,5.177579322566224,3.8527543544769287
test_60m,237,5.421805125602345,4.106463899979225,4.822079144882932,2.698366641998291,5.82428194504409,4.964296817779541,5.6102966126611005,4.065901279449463,6.172794379554442,5.282641410827637,4.219134076725467,2.9822933673858643,3.566097310756823,1.76980459690094,4.7588887863978995,3.309669017791748,5.835061848328347,5.081565380096436,6.080372143059701,5.243547439575195,6.502893093987601,4.992857933044434,5.645883586437224,4.597373008728027,6.035124269777697,4.847537517547607,5.410559435217157,3.5481762886047363
test_60m,238,5.507625724143577,4.262547841438881,5.762611558189712,3.341517448425293,4.392339955093918,2.9199540615081787,5.517220124577465,3.927938222885132,6.088194689040527,5.050143718719482,4.553241780445134,3.7797677516937256,6.083228009142337,4.329525470733643,5.82280808465421,4.736227989196777,5.602658906793069,4.6599650382995605,5.870842266292733,4.97779655456543,7.075343376973891,6.105024337768555,5.37031546253655,4.196462154388428,5.5538031578639115,4.364145278930664,3.9065270422630305,3.024653911590576
test_60m,239,5.071888284380118,3.4505914449691777,4.794908970409871,2.8385698795318604,5.390254645808912,3.4017486572265625,4.870025806377086,3.0427920818328857,5.879165913780161,4.121985912322998,3.69403444664291,1.7102919816970823,5.04184921103201,2.3814969062805176,5.004415702554434,3.09511661529541,5.6079210953299725,4.590308666229248,5.735343143855881,4.535068511962891,4.584194603558006,3.4829344749450684,5.415358806908961,4.534780025482178,4.703573313337198,3.3506712913513184,5.213502037346122,3.771923780441284
test_60m,240,4.893629448290984,3.6059231391319866,4.223221787596819,2.7908523082733154,5.476924636801379,3.782268285751343,5.142815025800349,3.5530548095703125,5.933710402057756,4.903542518615723,3.009496573085823,1.7392430305480957,4.110038868063412,2.425334930419922,3.512765346224339,2.6941380500793457,5.453804792470634,4.680080890655518,5.673151920412145,4.682521343231201,5.483850427218191,3.5556652545928955,4.478453052240146,3.875837564468384,5.73434625309548,4.156765460968018,5.384603742716305,4.037696361541748
test_60m,241,5.521944483198279,4.03803943670713,5.714863351874428,3.1084959506988525,5.661730481971049,3.53067398071289,5.904805255930802,4.515002727508545,6.3094399718749665,5.110032558441162,4.398019567536592,3.008085966110229,3.3811150927144986,1.7278133630752563,4.744923719355719,3.27839469909668,5.577904054534731,4.28648567199707,6.052659519089255,4.9881696701049805,6.813752238966762,5.132205486297607,5.157835580652896,4.118609428405762,6.249704435024073,5.428599834442139,5.818525012051858,4.261943340301514
test_60m,242,5.289839656010422,3.7682379942673907,4.797666866822339,3.231088161468506,5.803791694746408,3.686028242111206,5.038265454420832,2.9998555183410645,6.216975631763378,5.048554420471191,2.523457277795065,1.5670784711837769,4.57408908279214,1.9408713579177856,4.294942879387166,2.7729332447052,5.82163415405303,4.914831638336182,5.965651460594304,4.993424415588379,6.921358183176247,4.834091663360596,5.536694207623637,4.576125144958496,5.748679081881087,4.187907695770264,5.524709553079847,4.234303951263428
test_60m,243,5.342054808155051,3.530208963614244,5.694738736706109,3.4271929264068604,4.2210078041167645,2.926971435546875,5.67254060700558,3.503777980804444,5.850389217912076,4.369012355804443,3.7814064513523618,1.7397609949111938,5.544863533488591,2.735962390899658,5.249203131199196,3.07888126373291,5.11757260564861,4.041505813598633,5.540767710284314,4.291628837585449,6.605864045711457,3.912904500961304,5.282108074919482,4.123337745666504,5.6704467121029545,4.257492542266846,5.215803875568165,3.484287738800049
test_60m,244,5.307808195696386,3.5708040090707636,5.0750408180909155,2.818942785263061,5.45343269987083,4.28524112701416,4.674839101903892,2.8136138916015625,5.256704843410084,3.720018148422241,3.9430746583848273,1.822871685028076,5.416903892245676,2.4252076148986816,5.013687233969466,2.9179461002349854,5.604103474439455,4.620391845703125,5.681271484440506,4.572352886199951,6.977731781182313,4.999055862426758,5.510016832905556,4.362679958343506,5.218992900778063,3.7003602981567374,5.175706822431429,3.361769914627075
test_60m,245,5.319227048634875,3.5269406942220836,4.147757707916346,2.576798915863037,5.702132436488502,4.346288681030273,4.823897935405241,2.807574987411499,6.062567863481321,4.677577972412109,4.0882289418256805,1.7285635471343994,5.521198327074367,2.6625425815582275,5.255710909704697,3.069042205810547,5.678296173668885,4.607980251312256,5.834295972566714,4.523085594177246,6.457604823105998,3.783922910690308,5.428982886234768,4.110799312591553,4.89311510384313,3.377779483795166,5.256162550937729,3.578272581100464
test_60m,246,5.221075532014656,3.7958293969814596,4.655217310272403,3.16109561920166,5.910357028802923,3.9415342807769775,5.504364342450203,3.5821757316589355,6.1855846580747755,5.007681369781494,3.872811539805026,2.9107394218444824,4.026676189961048,1.907202124595642,3.618094713974258,2.677828550338745,5.530660594513708,4.2626142501831055,5.858668315213397,4.840285778045654,5.730973757597772,3.5157933235168457,5.349230615241023,4.445314407348633,6.021272803855366,4.831896781921387,5.6100700464286275,4.26162052154541
test_60m,247,5.491638380567909,3.9110188850989713,5.699045242623803,3.873223781585693,5.570321768474261,4.271255493164063,5.85779035285186,3.627481698989868,5.841810714778119,4.100001811981201,4.437533448671993,3.1642396450042725,4.486494436593248,1.9104254245758057,5.186136475413077,3.394101142883301,4.809811300131818,3.915693998336792,5.6632262215926525,4.421603202819824,6.882826022370783,4.90025806427002,5.394868637955496,4.259371280670166,5.967254366266584,4.744289875030518,5.594179959659117,4.261300086975098
test_60m,248,5.400782616679212,3.9118813734788165,5.409506263293079,3.35984206199646,5.487493497730055,4.423903942108154,5.5408559926789485,4.1710052490234375,4.204097774571688,3.512683868408203,4.291407471274175,2.6313252449035645,5.528944168659453,2.446919202804565,5.072612760558742,2.943117618560791,5.42472496577876,4.526930332183838,5.481565482356694,4.568757057189941,7.141941703507731,5.091513633728027,5.493577976702965,4.600640296936035,5.754224244348755,4.366607666015625,5.37922171536872,4.211211681365967
test_60m,249,5.140696699418109,3.724434146514306,5.088249513761365,3.29156494140625,5.270575900034334,3.372425079345703,5.5301778072940975,3.9432647228240967,5.9371544686650175,4.44469690322876,3.700286190572748,3.152003765106201,4.1730338813488945,1.9512494802474976,4.285819922273891,2.844285011291504,5.109579209273921,4.0634284019470215,5.678181018373256,4.482534885406494,5.516126860896655,3.5740807056427,5.087351349445429,4.014201641082764,5.926861577404251,5.017387866973877,5.52565939309156,4.2665205001831055
test_60m,250,5.234426891558352,4.07816101037539,5.709193821078696,4.110737323760986,5.713689399750894,4.35637903213501,5.977892068470666,3.9378502368927,6.2814852795090035,5.069919109344482,0.551831669046666,1.5109310150146484,3.310209097382633,1.7800112962722778,4.751760385793648,3.246377468109131,5.791275296978284,4.9525299072265625,5.993817806445974,4.867381572723389,6.513761620020049,4.61196231842041,5.497479322927582,4.648342609405518,6.153208441745722,5.2074174880981445,5.801945381108762,4.716253757476807
test_60m,251,5.555999005011111,3.837748582546528,5.190099536701368,2.905153751373291,5.039244568147408,3.108606100082397,4.397772577602032,2.769337654113769,5.485434136367721,3.794823408126831,4.653290177803567,2.8579955101013184,6.2906976236944265,3.3768322467803955,5.967393378678296,3.862782001495361,5.622214118034324,4.324092864990234,5.82881487249201,4.706838130950928,7.373920754237987,5.459566116333008,5.722769199170722,4.828409671783447,5.2758990616728685,3.8636393547058105,5.380437060541724,4.032654762268066
test_60m,252,5.05148177076648,3.5872572660446167,5.31572829913397,3.3586058616638184,5.295427462589252,4.445044040679932,5.157066989670869,3.421210289001465,5.04024638684463,3.750738859176636,2.1121789231757226,1.584328532218933,4.87667121393661,2.1416385173797607,5.154487563082168,3.422072649002075,5.489162668806241,4.577450752258301,5.634241848124067,4.532176494598389,6.291692936574946,4.008660793304443,5.164409452973599,4.094269752502441,5.479892034598451,4.036110877990723,4.658057240453706,3.2620370388031006
test_60m,253,5.252196299241347,3.5633123471186714,5.167775469878562,3.4195501804351807,5.580337180815022,3.8445231914520255,4.400914225509004,2.735642671585083,6.01394468114731,4.39482307434082,3.075475926855105,1.6088268756866455,5.27896709812023,2.2001681327819824,5.39054261742475,3.280216693878174,5.7035788100660065,4.681220531463623,5.792571758512965,4.510892868041992,6.341366736700053,3.764120817184448,5.530282921468747,4.508732318878174,4.704929397296849,3.3817944526672363,5.297865066342899,3.992548704147339
test_60m,254,5.131484609116729,3.653720222986662,4.972635184888118,3.215105533599853,5.552198354241437,4.452892303466797,4.853335214116613,3.3986215591430664,5.928534509646515,4.61400032043457,3.3980270432176534,1.647860407829285,4.888164243474262,2.58797287940979,4.584632507505533,2.897066831588745,5.571660452970626,4.650477886199951,5.6666642910242455,4.465429782867432,6.532170425209579,3.891027688980103,5.35462301128127,4.451420783996582,4.303251775249554,3.262394905090332,5.103402905692061,3.9640920162200928
test_60m,255,5.375691523763688,3.829012852448684,5.6350019084022716,4.04960823059082,5.039040760495457,3.235390901565552,5.279440880397038,3.141672372817993,4.515832360768864,3.550539493560791,4.300926597211914,2.365967273712158,5.972385987015772,4.067893505096436,5.76840626645504,4.676738262176514,5.03161926056598,3.953593015670776,5.508301459114257,4.516616344451904,6.631634995297022,3.920210599899292,5.507569120374029,4.662872791290283,5.567281054882455,4.193144798278809,5.12654915794785,3.4429194927215576
test_60m,256,5.657032593747598,4.086858556820796,5.783617014058098,3.1422460079193115,6.002947599877975,4.555665016174316,6.050906455236973,4.380831241607666,6.311166947312812,4.774593353271484,4.710104997759851,2.9970386028289795,3.2848430797320907,1.714649319648743,4.77266238849152,3.26613450050354,5.875270100361667,4.771870136260986,6.037946426229703,4.644951343536377,6.944836348139898,4.660635471343994,5.63072350596649,4.503812789916992,6.295178529674055,5.2223005294799805,5.841220325877634,4.4944329261779785
test_1B,0,5.515852691446915,2.268910171230769,5.206749712277259,1.772475243,5.391470091399307,1.929630041,5.268872714468894,1.771565676,5.837854580423615,2.464135885,4.684297412607162,2.071599376,5.901193361883186,1.139918923,5.638937334553402,1.869868159,5.605957256427722,3.004983805,5.647145411792223,2.932116032,7.088640808037855,2.854564877,5.511384632539926,3.07279878,5.460163288206483,2.561388472,4.463418384192858,2.050786957
test_1B,1,5.345359501965435,2.220222867846154,5.0130678468945815,1.82132411,5.412741716174446,1.933466315,4.803357890266263,1.707535386,5.932395041579644,2.625478745,4.276042274101637,1.660228216,5.082938883173142,0.945311725,5.141923878690827,1.759435415,5.653392812016144,3.127051616,5.803238357287033,3.065447092,6.816140737858687,2.910561164,5.468544132531395,2.84590098,5.0918919400945875,2.258346934,4.993998014882246,2.202809584
test_1B,2,5.468797408417518,2.158954113923077,5.246283919065075,1.852889061,5.39986858077454,1.95453918,5.354355809345341,1.763566494,5.82476698729009,2.495107412,4.34983784347194,1.34842858,5.38758127640062,0.982568622,5.146839578471621,1.703691363,5.449457823251846,2.664145139,5.524588909002266,2.887698889,7.03236241231957,2.552369055,5.3366334988971955,2.810529253,5.638617900949473,2.56329232,5.403171770188153,2.487578113
test_1B,3,5.4153470190535185,2.2978220733846157,5.240482635706212,1.871118426,5.2743146966209125,1.921996236,4.939148315236141,1.781103969,5.47144110305822,2.307990551,4.551905028918028,2.067314806,5.3177780700858115,0.950841486,5.468009481178492,2.076438189,5.525883733940266,3.025715754,5.649094098613105,2.983541489,6.502126892166363,2.341011081,5.546693881579501,3.339028852,5.589123848314635,2.542783248,5.323509462278055,2.662802867
test_1B,4,5.448497953385086,2.259644238769231,4.7502829279254595,1.718078017,5.5001524909357595,2.224662781,5.004674043300235,1.712182164,5.842934304201038,2.542777061,4.093316027516389,1.280074385,5.788591908565717,1.17312777,5.444576019501711,1.768723369,5.537509542350852,2.871865072,5.572365775618105,2.903541088,7.09868465762851,3.040912651,5.454762770257855,3.244347956,5.400629367504126,2.399535512,5.34199355870037,2.495547278
test_1B,5,5.516617723819018,2.2505737003846153,5.516968975068883,1.901320457,5.053538714893104,1.78795743,5.445322425615331,1.781135678,6.047676377470517,2.64007473,3.8262200483669067,1.258559084,5.297861496410807,0.924151599,5.399664353620915,1.78302002,5.613776658369491,3.031377172,5.769936958820185,2.983458757,7.140936752811892,3.038995902,5.522883683212124,3.271326735,5.7438845073939415,2.564927231,5.337359457593136,2.29115331
test_1B,6,5.105017914310252,2.136559606307692,5.0931861096909445,1.921761632,4.9219483783725915,1.873723388,4.9585563975151885,1.845577598,5.672983365383745,2.516471148,3.9422544817041367,1.382343393,5.423227808116424,1.196356654,5.372222995530835,1.995227337,4.710610745418578,2.344593933,5.461712103293841,2.953521729,4.904890794703222,1.957720802,5.15586650201959,2.773050563,5.528211385289851,2.556264589,5.219561818994312,2.458662116
test_1B,7,5.51531672178662,2.2200372773846153,5.161335207202344,1.77666688,4.929204393646022,1.777289391,5.467114483705842,1.782250285,5.780200217278129,2.400994778,4.474275514129147,1.361461239,5.843952122393364,1.239314795,5.467857879750517,1.756182194,5.355504145948066,2.560659283,5.588377434715105,2.907395601,7.139496017354809,2.965600229,5.433266237358082,3.255798042,5.662538907218711,2.475817577,5.3959948225259176,2.601054312
test_1B,8,5.500904890997178,2.211698407846154,4.894789946397173,1.733498216,5.590841158485908,2.150779009,5.48928620203385,1.796490788,5.837469946669003,2.457215786,4.510111754619647,1.365791748,5.426788100548598,0.973023057,5.233595090558223,1.717704773,5.558460995459567,2.984162243,5.599448225919461,2.905272961,7.042076534389834,2.983678682,5.4274779813262874,2.896047123,5.69511184039334,2.544957132,5.2063058061624155,2.243457784
test_1B,9,5.551139825397892,2.1828314418461536,4.676444749693296,1.698770761,5.674059319438299,1.987907529,4.934888486542479,1.698378682,6.125318498105868,2.750323534,4.66467170030182,1.465964686,5.364179918311537,0.920929253,5.404265714926439,1.765942097,5.742796956900714,2.821070007,5.914731957549712,3.06698823,7.117287184308751,2.419606044,5.658493432224075,3.107153075,5.493573104432768,2.35053658,5.394106707436831,2.323238266
test_1B,10,5.501176075280726,2.240336174846154,5.334102656582571,1.793516636,4.683873039826543,1.744507432,5.3436097254871475,1.762725472,5.8880576069868615,2.570724487,4.588467765125204,2.069928596,5.91081832545443,1.165017128,5.619428849110868,1.846324086,5.421188075625021,2.930554712,5.605187060357168,2.925321341,7.079276287365547,2.888525089,5.205731223903158,2.675413838,5.609198344662414,2.476934515,5.226350018162507,2.274876941
test_1B,11,5.502454675625155,2.249554406846154,5.000191554976286,1.759275317,5.436173135213188,1.963539481,5.1963444103563745,1.726604939,5.80708867502548,2.456609964,4.658015583477711,1.521095621,5.668609982408537,1.055192709,5.4008336170946,1.756072998,5.521469284674746,2.980760282,5.567530724333089,2.89629674,7.108205600051509,3.026083492,5.4429490443469035,3.229554371,5.38263427173266,2.321108264,5.341864899435929,2.552013111
test_1B,12,5.261195178280845,2.1134832436153848,5.1425617022122125,1.804684877,5.322806608455171,1.970746756,5.231583532573134,1.767432809,5.793801423400615,2.423353434,2.8535676342387326,1.219493369,5.520609471749017,1.056476116,5.526790049259552,2.019491434,5.383963247608028,2.528429764,5.5765867101776765,2.924890757,6.0488723316676465,2.011688993,5.403078547893981,3.11616733,5.410123920443865,2.355455017,5.181192137971364,2.276971511
test_1B,13,5.258253042115129,2.301508649846154,4.640049980844892,1.770414352,5.43908211142263,2.378318071,3.9029565762775684,1.646798015,5.850239691410633,2.721501112,4.052602009238546,1.656821814,5.607247720670794,1.183585525,5.400555021650998,1.832362771,5.419486895187575,2.482357877,5.797865695312523,3.131352186,6.748251601390361,3.132860956,5.597359628497843,3.411323905,4.912682030139007,2.357311472,4.9889105854533025,2.214604392
test_1B,14,5.417197547864767,2.2374433647692307,4.7433207437440235,1.709278941,5.335607161416911,2.043212175,5.330954966601997,1.798157573,5.3771569955176295,2.281183004,4.507584327885065,1.927816931,5.7299605829763,1.115984082,5.570514945512104,1.982399583,5.430662660268455,2.950737151,5.484190638904956,2.894127131,6.618402288244676,2.148647456,5.442034495650308,3.254193661,5.605136889798443,2.621867779,5.248041425721088,2.359158275
test_1B,15,5.542354425392639,2.2005673323846158,5.052157422241104,1.754067659,5.600645768121685,1.985329509,5.176760709692325,1.741275907,5.7649132145006305,2.335630178,4.498022537841917,1.352117009,5.226991241912735,0.903721273,5.38781547943718,1.793732285,5.668495962290951,2.750845534,5.831087423498519,3.029270887,7.148014265171025,3.098874081,5.61897253173088,3.056008303,5.659982626917438,2.468921354,5.41674834674792,2.337581342
test_1B,16,5.431754049436544,2.2693384717692306,4.651468555665726,1.700834513,5.541160825828335,2.101693392,4.833802363881991,1.690371156,5.887080181360467,2.523807049,4.086865056366788,1.270254751,5.8779035993563635,1.23278451,5.679739184917858,2.11239934,5.610554208833428,3.017164888,5.697755556011,2.95811367,7.131544390183715,3.010311501,5.553471331218526,3.344694657,4.903387779522301,2.21014311,5.158069609528574,2.328827596
test_1B,17,4.825262846351403,2.226912612769231,5.237530978134845,2.271117926,5.202865574550148,2.084325552,5.081149890045933,1.865561604,5.380659660195493,2.297910452,3.6230531439330984,1.372556316,4.981361986810242,1.257833362,5.027530617470171,1.856941223,5.342139100775335,2.896000391,5.220393795705493,2.891341448,1.6083149235881624,1.765116104,5.072450838618477,3.238645355,5.598643381441316,2.663124948,5.352323111299521,2.489389285
test_1B,18,5.474330634165733,2.284799471076923,3.7402137819839307,1.618142962,5.650091724912738,2.254678011,4.995890621253287,1.748286128,5.622800477946413,2.31829834,4.551481504539899,1.805385822,5.839459209103375,1.155425191,5.556873179405346,1.825154066,5.6648689500312,2.982484897,5.85104230691165,3.091902494,6.992015294979833,2.454433373,5.6942572142767025,3.284224034,5.611515663190183,2.602948994,5.395788315619976,2.561028812
test_1B,19,5.385494766542964,2.200563970615385,4.945545682290311,1.782048702,5.581777713531238,2.026126862,4.9418655641368705,1.7100178,6.013370994195262,2.535834551,2.804111310988552,1.207641524,5.4224770026973985,0.956748188,5.352984324078335,1.741969228,5.550842231410899,2.532587109,5.808273400593877,3.001332521,7.1542139457961955,3.048768464,5.561548054049973,3.281247812,5.496140713065735,2.41874416,5.378281028223882,2.364264697
test_1B,20,5.399332272596253,2.1784147224615387,5.2043611222625845,1.876127839,5.556665215588477,2.127156258,5.210215310864134,1.777980566,5.444458611519116,2.276982307,4.3954568085381105,1.705852722,5.175132842404627,0.951963186,5.0711201479092525,1.713380694,5.549441378979119,2.961901045,5.606080478676603,2.961784363,6.513908976122607,2.068814743,5.37741958456097,2.811564416,5.650283905869019,2.519042107,5.4367751604566665,2.566841146
test_1B,21,5.336870985096342,2.1498512269999996,5.217879364475771,1.906871796,5.378800966133571,1.923280239,5.068854154133867,1.772812486,5.686413904103397,2.343648434,4.386163106980833,1.605948029,5.291319594774439,1.041365027,5.178999932796529,1.762238383,5.280876558283432,2.474646503,5.705993740846637,3.054457903,7.029651945920704,2.567356814,5.242483963134289,2.737299739,4.681424471409073,2.18347252,5.230461103259893,2.574668078
test_1B,22,5.533498589673284,2.2783338171538468,5.305033600462595,1.817482591,5.367791342593321,2.027499437,5.029617471428898,1.70693171,5.693121463400606,2.443053484,4.7616120158649355,1.670460384,5.992229929719998,1.143073201,5.732884281816118,1.996132016,5.4437304564722995,2.819352114,5.416270522405677,2.847448587,7.147833086468269,3.080217679,5.401123411938473,3.229791853,5.394839214567325,2.487786857,5.249394868614176,2.34910971
test_1B,23,5.522965382260844,2.2616511383846154,5.171175532654078,1.827135563,5.327421461750094,1.81673646,5.354206446279536,1.769877315,6.021315910546465,2.461703777,4.490299965426894,1.453074942,5.0004462018690745,0.906314373,4.956620171769526,1.677154541,5.720968840871262,3.163745211,5.9229474356007366,3.180683136,7.140957436043937,3.077856632,5.589707588260774,3.355683372,5.6713165153764535,2.377372356,5.431166462942154,2.334127121
test_1B,24,5.504778846783692,2.232622190153846,5.354576713754332,1.819347143,5.062703749744652,1.784926534,5.13883467353797,1.735267162,6.040652909520581,2.643065691,4.621686215655796,2.066571151,5.5721244059148525,0.990238309,5.56967933679201,1.888345957,5.6592168348816605,3.042556886,5.850678414810652,3.082452297,7.093856383093366,2.609074167,5.567841886646633,2.96527544,5.211301769388337,2.271061026,4.818971714447156,2.125906709
test_1B,25,5.473507635890086,2.229065296769231,5.037359951966682,1.817542076,5.4470356561538,1.90008831,5.17350642130995,1.747023582,6.024114191260642,2.642925262,4.415608651474156,2.009400777,5.265186001831657,0.950198472,5.108505109510872,1.693772197,5.215990312778647,2.399357917,5.773236076740762,3.014286995,7.045105077856197,2.41114802,5.489679786428785,3.243299042,5.663470895943765,2.552621569,5.496801133315215,2.596184639
test_1B,26,5.438504997536869,2.2121137920000002,5.328666218573038,1.867398977,5.440810475189174,1.99461019,5.493328935775545,1.84950614,5.726673712925021,2.389622211,4.215040411338755,1.315774692,5.575287465916041,1.079162836,5.27426207725911,1.738507986,5.5171861762615215,2.732801263,5.562995370488644,2.914672852,6.984514913592856,3.006989559,5.411518434965403,3.250029229,5.559614427513218,2.529228248,4.6106663481809536,2.089175113
test_1B,27,5.408420991989433,2.211488948769231,5.238552824833698,1.847033381,5.2955084461493565,1.953591824,5.100749721504621,1.749462605,5.755193482738737,2.415326357,4.387947504703196,1.878203621,5.620043516028481,1.029386163,5.619005744488625,2.061135292,4.743220172138127,2.299435777,5.596719808958632,2.94673419,6.585962890454991,2.111459306,5.417837579991643,3.314567064,5.527096775387858,2.535692867,5.4216344284846665,2.607327887
test_1B,28,5.508346022013927,2.2115665394615385,4.8859889570933515,1.712209702,5.402245934195165,2.037532568,5.560684367316688,1.829063654,5.470984509365155,2.285975933,4.694948319527152,1.97360207,5.7543856628811465,1.047486782,5.59512477247743,1.893887401,5.388575078974333,2.638953252,5.4762704457234515,2.874346972,6.893275247678669,2.224412577,5.427666867814387,3.234814558,5.700166854976473,2.552971132,5.358181268157658,2.445108412
test_1B,29,4.924190529860946,2.180874866692308,4.887016216110594,1.832629085,5.116541091587084,1.913353801,4.646456590443298,1.747409821,5.8776635917055255,2.601226807,2.121492992925627,1.211900973,4.879032510145861,0.993856013,5.054928077288091,1.81689918,5.566002789861281,3.069857709,5.665966458287372,3.056817055,4.243227396954859,1.868226534,5.3783097099852375,3.308858234,5.267323919145463,2.355970554,5.310515543751985,2.574367501
test_1B,30,5.4755876841359905,2.230228607384616,4.830110202640858,1.711629391,5.517575148584885,2.115322351,5.276186657062447,1.790459871,5.292283143317347,2.235873461,4.190700128365689,1.291792054,5.890635085899807,1.128371716,5.679331481646434,1.928955317,5.587015546467676,3.046414687,5.673591776705907,2.993082285,7.148383765541712,2.756694447,5.594409697442713,3.368788235,5.526732100455992,2.445066672,4.975685159636413,2.180521409
test_1B,31,5.5128022398115855,2.2045516753076924,5.298243380339033,1.815322042,5.240240774627477,1.838795066,5.08413905632182,1.720708609,5.892645383754812,2.416088104,4.009275218138172,1.268845066,5.5385242850622705,0.953660727,5.611650627906409,1.903256178,5.497966169316522,2.54843412,5.762953562500301,2.972913504,7.188309887030194,3.059209029,5.569541620612855,3.306315529,5.543514343615283,2.412181263,5.429424808325458,2.443442542
test_1B,32,5.42154976342368,2.217951380923077,4.800529666235013,1.770895004,5.646442989729154,2.194992304,4.466378231804538,1.664762259,5.904354030072524,2.455331326,3.642246439217506,1.242625635,5.815863219333952,1.159087777,5.470341960803197,1.751788855,5.6783521108964345,2.811875153,5.770529516223634,2.989976645,7.2073900585855455,2.768311875,5.594459706000388,3.303146826,5.167373678088341,2.29782962,5.315885317517609,2.422744673
test_1B,33,5.481734347532437,2.2848637036153847,4.658913642042425,1.694593787,5.3390571709267585,2.018740892,5.43542850063622,1.837630868,5.4979514379422705,2.310950279,4.67425808845978,2.025455408,5.98589818785681,1.371160507,5.695654433873865,2.071642399,5.2833253787189856,2.523039088,5.48392234488735,2.886336088,6.933325786248291,3.108337993,5.413657084532334,2.883659234,5.648098215130941,2.648759076,5.213056246665651,2.322922528
test_1B,34,5.522889084329668,2.260730384076923,5.338615012757756,1.773963928,4.952213204109103,1.836924434,5.735222314077611,1.839129567,5.652322843526421,2.672827005,4.736330217675569,1.54620685,6.017410797693296,1.39827621,5.71491258555216,2.149958134,5.228200206685537,2.639478547,5.26591921434892,2.817120314,7.0028194691248675,2.497406466,5.264493658527131,3.232984467,5.663600166575739,2.639764184,5.22549840563157,2.345454887
test_1B,35,5.517348480042863,2.259474341615385,4.481805860732911,1.679174662,5.690803299494478,2.157022953,5.085122421943834,1.714757085,6.028510041727467,2.772733688,4.669975258462774,1.998600162,5.519335374959466,0.97308594,5.385120036145578,1.75348568,5.561635172064723,2.588482193,5.789556830982167,2.984440327,7.124368779576563,2.655125073,5.57272206150637,3.272802458,5.406223750517129,2.302544055,5.410351352443761,2.520912165
test_1B,36,4.960037276467934,2.444239974538461,5.570373456505339,1.912855387,4.430247338628268,2.029915094,3.4668976820276205,1.733725667,5.684156734051893,2.944387674,3.4566474220658394,2.182944706,5.066053217663623,1.224697351,5.02133346514161,2.047427654,5.475918637505552,3.447351329,5.584269906332473,3.340331554,6.492792221834431,3.150656575,5.2435363917164945,2.980066857,4.063851395335614,2.509507104,4.924406725274377,2.271252717
test_1B,37,5.282626371737515,2.2607439691538462,4.432603882269128,1.692226887,5.679827156282713,2.27069068,4.453906033076007,1.689585686,5.873182054817209,2.414070606,4.327621914252846,1.869588309,5.336046679833162,0.975606084,5.428729794733983,1.878979921,5.773924129264515,3.130741551,5.876877345989395,3.273200512,5.003727007418637,1.903542394,5.627918829432118,3.433000979,5.4136377004563885,2.443930429,5.446140304761581,2.414507561
test_1B,38,5.525603681347179,2.2914589227692312,4.530971879214892,1.693622828,5.503804574404963,1.893389344,5.071120975448943,1.719364762,5.993903986590563,2.516539574,4.604206758093829,1.918037401,5.6066716368350304,1.037318826,5.23806355505513,1.691018224,5.6728003590136895,3.05889434,5.8098947932866105,2.999653339,7.165806436213113,3.038144929,5.578797907070447,3.247869975,5.602821789836517,2.428412307,5.4539832064495934,2.546700147
test_1B,39,5.352376444757557,2.182367508076923,4.759630954126074,1.761396408,5.381339097181274,1.950439811,5.228883822561817,1.865528226,5.6775405305803766,2.375950336,4.287945081626732,1.373941558,5.363042486266266,1.039267898,5.095120503477732,1.719983816,5.482250707935267,2.712838116,5.656344022142544,2.978061438,6.573168016586726,3.024896236,5.388213256836555,2.799376964,5.6433809425567425,2.534143607,5.044034359970127,2.234953191
test_1B,40,5.573525604519439,2.2950587230769237,4.271450124117162,1.636999965,5.135731447117688,1.785862088,5.2261739570817545,1.759807229,6.0972901509463515,2.64171505,4.767601783786266,1.523516422,6.034204195677554,1.202476621,5.812458537884995,2.114892006,5.6699932495893846,2.858855538,5.967820291427197,3.229916811,7.209884899382589,3.225806486,5.713642250171169,3.337870243,5.423212820300167,2.307553106,5.126369151270436,2.210491835
test_1B,41,5.5619209170099575,2.2760151351538465,4.03510248713694,1.623373389,5.497536875190985,1.910992384,5.40202941413786,1.788724303,6.025974280406284,2.62486577,4.762924886951518,1.718988064,5.817869731681696,1.07633841,5.5384187197948584,1.782186508,5.640879415222749,3.043124765,5.809702723038207,2.984581947,7.121800558996613,3.08239796,5.606773304666654,3.196723169,5.691474738929483,2.432397733,5.354484784975587,2.323502355
test_1B,42,5.493352257286301,2.1902820931538463,5.475357639924043,1.928222656,5.325039024833602,1.975226521,5.598069957672738,1.801280379,5.68920169554025,2.466973305,4.6221341129594595,1.482576089,5.554957755715679,1.034046412,5.2742676823228445,1.737078786,5.376584940488308,2.854251071,5.337571550846657,2.838392258,6.991667871195056,2.434076508,5.272617991772783,3.028771107,5.652276632691268,2.579322021,5.243832488759215,2.313450098
test_1B,43,5.515333461631906,2.2590922089230774,5.394626976103292,1.845522523,5.428128203415517,1.899145484,5.21830961104642,1.734078288,6.0557523078252045,2.712808132,3.8399508630306105,1.248003653,5.1147540970766725,0.89366287,5.457898281726372,1.964516521,5.669024884763013,3.002593541,5.782453772403721,2.978356838,7.142111524075108,3.075605506,5.551017310553591,3.033838023,5.561580807210663,2.367844801,5.483726361984588,2.612222536
test_1B,44,5.381968013989762,2.196005157692308,4.663163802147646,1.765939713,5.769329653065073,2.208936691,5.33591246722236,1.801998615,6.035471928269394,2.643113613,4.053449096684272,1.31825893,5.1611763626818625,1.138341069,4.601061842274236,1.6276443,5.675639897751896,2.881691281,5.75553096109849,3.020575285,6.778332398494119,2.166395942,5.445450318703202,3.252965965,5.679883290301792,2.558464602,5.011182163172562,2.163741044
test_1B,45,5.109324659669018,2.111309207076923,5.131538967430198,1.88476193,5.445180122847624,2.052605152,5.175774773300197,1.799130917,5.744042152637493,2.37244606,3.0537283813746483,1.239317411,4.9394657020475305,0.961004138,4.998232861221123,1.730748296,5.553930532275906,3.023983099,5.574239982740342,2.95250845,4.642396796694835,1.85507975,5.250248449041992,2.773547508,5.629578832371708,2.509233111,5.282863021713632,2.29265387
test_1B,46,5.517299854391753,2.2084713797692306,5.398578336117381,1.89928925,5.453809430619023,1.965020418,5.232586234635043,1.742106318,5.862176450690605,2.475737333,4.572224038354203,1.445367287,5.377705006213714,0.941100001,5.372767503042196,1.771437764,5.407311202751609,2.504724105,5.617446384052996,2.910966158,7.090440368773214,2.983030013,5.454095684054976,3.233900763,5.591601649844207,2.549721702,5.294155817943624,2.287726825
test_1B,47,5.503454505020435,2.173961432692308,5.369622334162445,1.795859933,5.11913406527317,1.854085207,5.613070339490639,1.807201862,5.742973129259691,2.429303885,4.184276662807884,1.28402801,5.676463166965919,1.016085625,5.62475708741767,2.036367178,5.366213743898525,2.617231067,5.483631479712263,2.872348547,7.065668571358609,2.516399247,5.387637930967209,3.246430039,5.625625847643693,2.443977053,5.285834206307926,2.342180972
test_1B,48,5.514387044248244,2.2359832210769235,5.4793430877990135,1.834916949,5.190385863376465,1.860092878,5.737556521804341,1.854009032,5.75328137102125,2.386642456,4.104841390414934,1.279370474,5.291808451869816,0.932895362,5.4205653750689295,1.835905433,5.476512654644839,2.95723773,5.556862744453401,2.89528656,7.073496771161246,3.011356025,5.414588816428029,3.23593757,5.758543475892955,2.485421216,5.429245051291953,2.498710189
test_1B,49,5.335524993868213,2.2020630356923077,5.036639912379948,1.793205857,5.402878782625098,1.900776982,4.753586747037704,1.692210078,6.11747096848185,2.851662874,1.5740523144946135,1.180990467,5.56633237824596,0.966184497,5.647370306284157,1.94066596,5.695609657181816,2.708598787,5.888035170092568,3.055478334,7.213225680328607,2.506101472,5.6266429742596635,3.093063536,5.4275577667261965,2.437020233,5.412422262148587,2.500860387
test_1B,50,5.36373541112035,2.187208932769231,4.7758974917890695,1.723504901,5.362860433783164,1.984735727,5.102838551308541,1.738213181,5.780627692135884,2.431320667,3.932264433869908,1.284084044,5.499847570210967,1.067343712,5.304393508147619,1.766240835,5.425723591483799,2.562374399,5.641243931509346,2.943610668,6.94380888515398,3.029079142,5.460624390137194,3.264163986,5.257902291803349,2.304242556,5.240527573231726,2.334802308
test_1B,51,5.392475803094815,2.151937621846154,5.191711855611002,1.987421393,5.54668880463505,2.069823503,4.615561361866672,1.695324421,5.991766856698992,2.640327692,4.347701880459784,1.572589845,5.403803150316654,0.967883766,5.440446143736408,1.813545585,5.0537743725852335,2.347271207,5.771338777396098,3.051230907,6.520518220157365,2.065844331,5.5020095706537155,2.984993729,5.31527537951278,2.373526302,5.401589066602827,2.405406403
test_1B,52,5.603745665641065,2.2681441679230767,5.667604251075442,1.905190349,5.582116662435228,1.947031856,5.7450965150354465,1.844300747,6.091709908663342,2.730347872,4.685695013409528,1.431928307,4.457984685290815,0.831067204,5.175638512393026,1.86265409,5.685458060510033,3.047344516,5.789271785869875,2.967854261,7.0249550076619816,2.704577582,5.526136385670312,3.25806724,5.94867369497456,2.645423714,5.468353170344243,2.310086445
test_1B,53,5.506912870476194,2.1874293216153844,4.616216478633069,1.675474167,5.2697104274086515,1.850112319,5.082009815379002,1.723280311,5.932783552649752,2.518544197,4.623381637205128,1.380700342,6.004140814756233,1.209388494,5.769024826827,2.135176897,5.6050541914518375,2.929589442,5.738645186968206,2.965378284,6.759880165275522,2.126141673,5.578401087503373,3.320211891,5.477898673869608,2.386400587,5.132720458263136,2.216182577
test_1B,54,5.479942696598271,2.227650901846154,5.405673866008647,2.000249386,5.133910538378998,1.822113037,4.823167616963141,1.715187669,6.006137105377343,2.617889404,4.444902134394525,1.78605917,5.704045557930224,1.00979805,5.713942719364963,2.030132532,4.977876497836103,2.334677637,5.8363584880728805,3.149806738,7.02747139874969,2.36357518,5.573356849187587,3.457481465,5.409163693936131,2.444207175,5.183248589577286,2.228284281
test_1B,55,5.519558633637498,2.2585364458461537,4.7577150267088,1.700823069,5.378724502132702,1.935306311,5.370146376904387,1.75629878,5.766297307150405,2.418775797,4.741961770879135,2.040744133,5.838180390152464,1.141554713,5.5535356364854165,1.822455764,5.490893992190359,2.941230353,5.559214030167283,2.889985323,7.112313650299535,2.848643927,5.454668982164493,3.115848664,5.420926805960479,2.322724908,5.3096837660920135,2.426582054
test_1B,56,5.487409018414219,2.252677299846154,5.313430433514495,1.772464275,5.139754975948131,1.886731267,5.599706549884659,1.806898475,5.633154280161748,2.379571199,4.5719991298240075,2.085706639,5.800480825081484,1.141046047,5.6195931721996635,1.935325623,5.365690844341828,2.737732085,5.417709445853779,2.8610425,6.919370352903012,2.98950763,5.335306622186391,2.952221981,5.603996183033353,2.547611391,5.016124424452286,2.188945786
test_1B,57,5.194199695494177,2.1973225741538465,4.704690110515423,1.749443054,5.218843916038219,2.18036437,5.2483583149477875,1.853727937,5.311215471800995,2.323466539,3.9735191484634678,1.487762663,5.112237789190981,1.015905738,5.1154091585871955,1.827180743,5.354800646019016,2.94223612,5.429185557360161,2.904024839,6.22387460431152,2.307071061,5.350361293836772,3.115009855,5.520835516806761,2.602976681,4.961264513545993,2.256023864
test_1B,58,5.549595640254406,2.209680951538462,3.938696450827477,1.618191242,5.657968665997461,2.005319118,4.9683014521605315,1.714857101,6.100382250905685,2.685310602,4.739612211346753,1.648767589,5.780757820098682,1.000048041,5.669859470950805,1.89790535,5.697043544022439,2.725076439,5.92508809990367,3.068170786,6.872545817362731,2.145767331,5.70206037636463,3.238878009,5.62376780716919,2.515766957,5.468659356197223,2.461793805
test_1B,59,5.084669229653538,2.166673793,4.936374974015518,1.822707176,4.879653330512036,1.828627229,4.983207482741351,1.771233797,5.713356549375906,2.537379026,3.3468722941246987,1.279437165,5.181912633725801,1.103004694,5.136159706885028,1.796471715,5.414619538721513,2.935739698,5.51408103769802,2.940165758,4.937107887762969,1.919956616,5.318870464787125,3.242210773,5.50410187322868,2.589107027,5.234382211917343,2.400718635
test_1B,60,5.543039015816273,2.1845107656923077,5.1109616043705675,1.788510799,5.680265615852673,2.098105431,5.21418575614349,1.732894301,6.013551894374595,2.634582996,4.65763863696976,1.473131576,5.099196128401396,0.899435103,5.205353870550083,1.739066482,5.666779952549589,2.828013376,5.732966389916035,2.958841801,7.081976142844831,2.457704885,5.520781834650413,2.972730461,5.62358919067354,2.422380078,5.452260188314571,2.393242665
test_1B,61,5.562300675676814,2.2594306072307693,4.633095843351594,1.683397532,5.256739210542345,1.833518147,4.957637845710068,1.708714008,5.813944572361677,2.368860483,4.575856202882952,1.349857561,6.0255542146342425,1.117126703,5.774633875490385,1.903519034,5.646815538585125,3.028511022,5.815217247958565,3.010350943,7.244500844995443,3.115333341,5.658128223800592,3.35389071,5.539999197767979,2.535585046,5.367785965717611,2.363933364
test_1B,62,5.376345863628993,2.2119779854615387,5.0621523138204845,1.771267414,5.210990092130372,1.893473268,4.796415705270871,1.699028254,5.882385316434631,2.517937183,3.2311926515112432,1.229804138,5.77768701451426,1.117470622,5.578387346096336,1.855293393,5.507691500120776,2.627224487,5.672940173701954,2.951977491,7.104845602609198,3.099171854,5.505476191078553,3.275360685,5.276979232649141,2.377167469,5.285353087239081,2.340537553
test_1B,63,5.351196862612276,2.210720472,5.164924358791022,1.773458838,5.584812000433097,2.24131465,5.444953797674972,1.814669013,6.077970717855815,2.865906,2.8092369961546266,1.212895713,4.490572117729113,0.848714828,5.0127220353178545,1.768502593,5.668959842362524,2.987658588,5.804871202123677,3.016209126,6.887841615162892,2.499511378,5.382289497870319,2.771228405,5.713975954264823,2.477572256,5.52242907821885,2.461724748
est_10b,1,5.4173100146667155,1.7115076923076924,5.7451743262238555,2.0364,5.062605058149757,1.5538,5.980755301212483,1.8945,5.423012387305662,1.6347,4.5387088183339355,1.6872,5.8625095233326405,1.9226,5.599114713306629,1.7704,4.478177094224787,1.37,4.969344589352151,1.4984,6.844313459315125,2.094,5.024656607267453,1.5093,5.658696283911951,1.708,5.237962028730881,1.5703
est_10b,2,5.099491677074737,1.7185307692307692,5.545685789581388,1.5864,5.071695552438335,1.8299,5.367153839098669,1.9445,5.59078538664896,1.8164,3.818639659055048,1.545,4.333175120752869,1.3866,4.832057149563344,1.6481,4.9610276356607645,1.6586,5.388025158592929,1.7889,5.827018068022944,1.767,4.555154106222428,1.6073,5.596269650544545,1.8927,5.4067046857893635,1.8695
est_10b,3,5.566260414587476,1.8022153846153846,3.4052967649701245,1.213,5.648632186040895,1.8841,5.426342516678791,1.5353,5.974185693290981,1.9293,4.818123842466423,1.3259,6.086081965616149,2.127,5.764984872344132,1.9768,5.607852723221287,1.8085,5.765656812844119,1.7906,7.065545617627331,2.431,5.623087621888796,1.7869,5.755087383970728,1.8295,5.420507388677433,1.7909
est_10b,4,5.453538402692323,1.8228307692307693,5.3427238933785794,1.6841,5.787081020772684,1.7367,5.551417330070976,1.8507,6.146343769227585,2.0186,4.370669779205935,1.8257,4.480667539622872,1.4301,4.756870658795327,1.5351,5.488552308106385,1.7557,5.943468673635099,2.0084,6.9120359172976595,2.5813,5.5448547609887315,1.9128,5.696512403829229,1.8155,4.874801180069127,1.5421
est_10b,5,5.319061703123935,1.9229615384615384,4.329150161828775,1.5624,5.797654213381573,2.1678,5.37233009738152,1.8174,6.106479067082741,2.2517,3.1504018936638527,0.7776,5.041610154645686,1.7369,4.560775540645803,1.6455,5.362967472376354,1.9377,5.880871197929497,2.2307,6.956908154874707,2.7498,5.48272744395651,2.0637,5.796259318452794,2.1934,5.309667424391341,1.8639
est_10b,6,5.407975341914591,1.6546230769230772,3.7751124004464316,1.1882,5.710141519701215,1.7042,5.156906624304864,1.6125,5.772763893386485,1.6679,4.5478683186372475,1.6803,5.171990164941872,1.3326,5.391820318126753,1.5894,5.711398405050891,1.852,5.948746422074406,1.829,6.089596904241501,1.6405,5.715313168259174,1.7962,5.858371434984367,1.8661,5.453649870734478,1.7512
est_10b,7,5.349512842904508,1.983415384615385,5.470818942692666,2.1039,5.444126152237985,2.2486,4.688469309416261,1.6181,5.850667871774739,2.1823,4.150382884636197,1.1519,5.761678712186928,2.2485,5.583157052152979,2.0108,5.61710693484066,2.1146,5.640908884859155,2.1248,6.639589836500414,2.3015,5.428442521330125,2.0232,5.073702279122432,1.9877,4.194615576008058,1.6685
est_10b,8,5.495792330582949,1.738023076923077,6.026579514441837,2.1141,3.5828601571531595,1.1729,5.929157144534599,1.9352,5.734221582022644,1.7047,4.496385399312333,1.7029,5.9892018518969925,1.9577,5.753586343292047,1.8435,5.159799550643459,1.5258,5.419360169792741,1.568,6.937212283439513,2.1604,5.295140043488072,1.5733,5.789356996819139,1.7125,5.3324392607418005,1.6233
est_10b,9,5.509962401232202,1.6371000000000002,4.938380827310259,1.5099,5.79511154471898,1.742,3.128711399862903,1.0114,6.105734008816113,1.6294,4.719610536595143,1.4993,6.267326723572972,2.0438,5.957724290503032,1.8349,5.914164406895472,1.7567,5.991256333802041,1.6738,7.482947001589649,2.214,5.82128082637247,1.7046,4.267904276234459,1.2101,5.239359039745132,1.4524
est_10b,10,5.4690104735869856,1.849523076923077,5.4367031197655225,1.6872,5.454241785309569,1.9667,4.72356113544913,1.4361,4.516088826711803,1.6512,4.510426843880961,1.8667,6.085133874916254,1.8169,5.769720489193585,1.7326,5.473215676418001,1.7984,5.5537238854655975,1.8932,7.288216781763266,2.6158,5.615966253099419,1.9118,5.350096310038872,1.798,5.320041174618829,1.8692
est_10b,11,5.682861389672256,1.7043076923076923,6.217887292290187,2.1503,2.896140078281215,1.0885,5.988141064301789,1.7411,6.1381923550898065,1.7098,4.737845853078306,1.7134,6.313774198626822,1.6952,6.070261309130443,1.7847,5.305975316759724,1.4694,5.881413356983473,1.7082,7.357288243465391,2.2971,5.564018466483948,1.6728,5.9043596574762525,1.5099,5.501900873771961,1.6156
est_10b,12,5.418300622114633,1.6439384615384616,5.8461003237094324,1.7387,3.5764115677901813,1.1543,5.22311815767313,1.2636,5.943417248076586,1.7125,4.226100199224027,1.6563,5.934666225185362,1.9263,5.769526462595612,1.8277,4.882753164426555,1.3948,5.7628027894753995,1.7084,7.006069785662586,2.2451,5.470658776349357,1.6817,5.398225573773982,1.4684,5.398057813548013,1.5934
est_10b,13,5.514839277329417,1.8157230769230768,5.076450653077767,1.811,5.626498316756317,1.7189,3.442347321183924,1.2529,5.986741892531909,1.9163,4.650625880642462,1.7771,6.303842906393855,2.2243,5.953908413737759,2.056,5.770181996497033,1.791,5.804293116246735,1.7871,7.3581922873956875,2.2652,5.6169322087437985,1.6632,4.787953826716783,1.6052,5.3149417853583865,1.7362
est_10b,14,4.999747214270573,1.9477384615384616,5.19153658725638,2.1978,5.242307500143438,2.1098,4.334714441448939,1.6711,5.770392643271194,2.2264,3.508400152743506,0.9423,4.984516223792207,1.8851,5.051462608661495,2.0109,5.222449094436804,2.0407,5.6391789038535505,2.263,6.066675940318417,2.1723,4.604434695931243,1.9536,4.279565668028367,1.848,5.101079325631904,1.9996
est_10b,15,5.303244663472645,1.8105615384615386,5.0324746096934545,1.7649,5.769955261097233,2.1811,5.273182678837946,1.7141,5.784241694138836,1.9293,4.049410472651114,0.9534,4.715313390183812,1.5569,4.439906013505271,1.5596,5.563375664860417,1.9024,5.790314333010721,2.0813,6.940830577836263,2.61,5.25776626508638,1.8236,5.180184557960686,1.7462,5.14522510628225,1.7145
est_10b,16,4.936046497971291,1.956723076923077,4.7786200992112855,1.7386,5.3193337997285255,1.9295,4.9086618144579575,1.8135,6.110672962725227,2.5032,0.1272904484723143,0.7558,4.9179774977619255,1.8065,5.011126830114114,1.8731,5.609831494363928,2.1526,5.869207809598098,2.4014,5.31235225113097,2.0405,5.477861809182445,2.2718,5.5082064693107355,2.1914,5.217461187569256,1.9595
est_10b,17,5.462289974525561,1.8411999999999997,3.7718548582083815,1.384,5.254625823372586,1.6211,5.473325057617177,2.1906,6.160072057318598,2.2266,4.460483543499665,0.9781,5.696446142866258,1.7851,5.382706439839178,1.6943,5.6758141088081215,2.0101,5.952492056843206,2.1053,6.314555096956239,1.9599,5.627939569950528,1.9625,5.876994048555736,2.2223,5.362460864996617,1.7957
est_10b,18,5.149007544750914,1.912423076923077,5.255446910222133,2.0365,5.245756609844935,2.0635,4.824987625798951,1.6685,5.637402709553348,2.1519,3.888998888850971,0.9632,5.268876684773732,1.879,5.104519351546082,1.8386,5.389932811140357,2.1079,5.33928719816206,2.0731,5.291742818816681,1.9829,5.214682769859444,2.0035,5.215073962859604,1.9871,5.2603897403335775,2.1058
est_10b,19,5.265952248882758,1.8993846153846157,5.2095349567680085,1.6176,4.628647614188458,1.6935,5.499502237623167,2.0167,5.537148576676502,2.0638,4.069086552840563,0.9706,5.563232705472115,2.1303,5.304523291320204,1.8828,5.2186913938316195,2.041,5.340405636715458,2.05,6.252827819364463,2.0772,4.936073489433068,1.8881,5.586470574190871,2.1875,5.311234387051358,2.0729
est_10b,20,5.337782529687811,1.8048076923076926,5.276224446767991,1.8685,5.3910256442975415,1.9755,4.369743883129081,1.4084,5.735117924073912,1.8739,4.374397043900145,1.9175,5.810179044518056,1.7985,5.639494961325205,1.9157,5.094029615466288,1.6962,5.569804144379199,1.8602,6.66828939843607,1.8989,5.343075197489026,1.7393,4.8589767410495295,1.6634,5.260814841109496,1.8465
est_10b,21,5.362325010968368,1.7212615384615386,3.0592873486807974,1.2036,5.685380088411773,1.8713,5.135846587907892,1.5686,5.980769800397595,1.808,4.478748539035986,1.8189,5.78404505843697,1.7246,5.579038171408374,1.8052,5.691388458534206,1.8861,5.941822234729813,1.9045,5.875376030442131,1.6741,5.386490943608801,1.6411,5.761016553192487,1.8739,5.351015327801958,1.5965
est_10b,22,5.200894932329888,1.8810307692307693,5.3292408640048405,1.8974,4.9967298348928315,1.6342,5.2610402493246164,1.979,5.864379874768831,2.2744,3.4916923747365836,0.7975,5.007739555684566,1.5756,5.309492914437136,1.9102,4.374212640854679,1.6997,5.745216173154884,2.1646,6.343302549099147,2.712,5.4167750527570995,2.0596,5.597398048788772,2.0939,4.874413987784553,1.6553
est_10b,23,5.166105837234455,1.831015384615385,5.087000592797102,1.826,5.6112024875925695,1.7669,4.031338196237359,1.4184,6.075028053804579,2.1054,4.239471444709965,1.9448,5.487155942973347,1.7199,5.494858609027823,1.8944,5.820641467704639,2.1094,5.849487788613214,2.0901,4.498151532867426,1.6982,5.570142143851696,2.0224,4.78026160245802,1.6652,4.614636021410169,1.5421
est_10b,24,5.588443725562748,1.7026692307692308,6.077811261829068,2.1918,3.548389488979114,1.125,5.799188661400135,1.9149,6.103449384860757,1.8275,4.577587731236957,1.6991,6.141577717906369,1.6036,5.943363358378915,1.7406,5.443309347318126,1.5173,5.8688384446895,1.7244,7.073866471996994,2.1805,5.5590635269111015,1.6645,5.80658761982038,1.6829,4.706735416988301,1.2626
est_10b,25,5.374370821709921,1.7796076923076924,4.976613192486239,1.7058,4.999452818332189,1.4533,5.400725875772753,1.5506,6.156016509350193,2.1382,4.110932544944892,1.7232,4.949160458087581,1.675,4.28486510519047,1.4232,5.643145736049249,1.9355,5.871919039326115,1.9921,6.643779065170509,1.8582,5.439699411772768,1.8851,5.861134635753898,1.8784,5.529376289992118,1.9163
est_10b,26,5.520392424110076,1.911446153846154,3.9739882875351373,1.3732,5.778406823512249,2.0121,4.027652167651803,1.4237,6.017228393331901,1.9713,4.7070109662810395,1.9206,6.207296149221623,2.1658,5.888599704806946,2.0047,5.856099317656097,2.1644,6.002315754734008,2.1019,6.975348320156568,2.0306,5.817620228702729,2.0971,5.141812515768805,1.7679,5.371722884072087,1.8155
est_10b,27,5.309061576913619,1.861076923076923,5.449913323495306,2.1256,4.657667992461645,1.6039,4.776253810033951,1.5747,5.715197586608925,1.9992,4.018280083861585,0.9298,5.721837511621893,1.9218,5.603966097212207,2.0749,5.079105889054748,1.8477,5.716563650427565,2.1098,6.930993717273828,2.3167,5.022844957858501,1.8516,5.026450526620109,1.8076,5.298725353346783,2.0307
est_10b,28,5.054020839738765,1.7525384615384616,4.975852694099194,1.6015,4.53658581241637,1.439,5.531811560531829,2.0701,5.939432145249588,2.0128,1.0845101963335253,0.6287,4.886769249879892,1.5871,4.601998027467803,1.4806,5.297656942789566,1.7272,5.774981372617112,1.9497,6.584891029200883,2.4732,5.375245137029404,1.865,5.804926731991943,2.1537,5.3076100169968345,1.7944
est_10b,29,5.358534323389245,1.6738307692307692,5.476735383325261,1.5444,5.516582143779077,1.6447,5.240384483750114,1.5731,5.950439519617107,1.7241,4.304961814417391,1.6231,5.866300272348818,2.2234,5.683019505090526,1.9493,4.843344192104981,1.3043,5.778308071733298,1.6259,6.843642010624272,2.2647,5.505511624102892,1.6218,5.275493311286708,1.5332,3.376223871879745,1.1278
est_10b,30,5.400809232539519,1.7669461538461537,5.575051601709925,2.1942,5.534740752020849,1.8404,5.434906479091598,1.8095,5.636889433325342,1.6859,4.315924609096038,1.8046,5.432806729055525,1.4412,5.5440191436130295,1.7355,4.85952552847752,1.5395,5.757481423627891,1.8402,6.86909913391347,2.0278,5.513326762441727,1.8216,5.527422308288246,1.8469,4.2093261183525765,1.383
est_10b,31,5.328246494895541,1.8201692307692305,5.213570002247411,1.523,5.26800683781677,1.7361,5.366717822069282,1.72,5.0934632438779825,1.7295,4.219622324689611,1.3172,5.788576283969737,2.0454,5.647843112760994,2.0455,4.307976764430053,1.6235,5.517291204723185,1.9046,6.989267462287115,2.6725,5.322946554591792,1.7734,5.24066940074705,1.705,5.291253419431037,1.8665
est_10b,32,5.699826037950538,1.598,6.26450609797605,2.0256,2.822569444593241,0.9749,6.051143721780128,1.7385,6.1330059672670325,1.5767,4.758076968870285,1.6111,6.365843924984218,1.9269,6.097303277872518,1.793,5.345046322469732,1.3925,5.86076844458324,1.4675,7.352901758528141,1.996,5.557307683833961,1.4682,6.025716362609978,1.4887,5.463548517988466,1.3144
est_10b,33,5.4490063151733255,1.7194153846153846,5.642462166050029,2.0081,5.504320060743317,1.7163,5.873822691767943,1.9626,5.933883885409258,1.7789,4.31773263382489,1.6543,4.5960044988801325,1.2204,5.2269121236506475,1.5189,4.370441852870447,1.4155,5.64556078309624,1.6518,6.850975991244453,2.1999,5.348116104206404,1.6133,5.9399911144672375,1.8795,5.586858191042238,1.7329
est_10b,34,5.451690734234966,1.8206615384615386,5.5233399883878755,1.891,5.8877725801438,1.7438,5.550849096509505,1.7656,6.275856617064308,2.1739,4.416912904966236,1.7419,3.1757669851217116,1.2368,4.581005114727826,1.5367,5.800014729051694,1.8104,6.088980896270642,2.0294,6.031508396928407,1.7794,5.640827804269901,1.868,6.174990901719143,2.0677,5.724153529893499,2.024
est_10b,35,5.114768816750993,1.7829076923076923,4.954491109493424,1.7655,5.645475189847593,2.0615,5.538196727878295,1.9235,5.284468894368683,1.7146,0.7073914324380435,0.6258,4.980146206049946,1.6926,4.484110432447685,1.444,5.622360628404356,2.033,5.708897741990657,1.9371,6.86311084520743,1.9569,5.434806574728227,1.9331,5.833592273614578,2.1253,5.434946561293992,1.9649
est_10b,36,5.34701634799099,1.986723076923077,3.3558364760988244,1.4513,5.734527925469623,2.4423,4.911109883814374,1.7185,6.134829761932801,2.5116,4.2658256795455936,0.988,5.613085675249773,2.1142,5.300688271923326,1.793,5.571825482444723,2.0147,5.956059221874796,2.3305,5.903757983281648,1.9838,5.64437148332758,2.1823,5.62365717478384,2.1153,5.495637504135968,2.1819
est_10b,37,5.243056580466649,1.9118076923076925,5.477414586045661,1.9338,5.2971438886157,1.9516,4.688772350076853,1.6248,5.125208941258337,1.9229,3.0694537003211977,0.7696,5.676548458739801,1.9283,5.5395403766608755,2.0062,5.55071329387263,2.0613,5.654440402604513,2.1816,7.0252957286586835,2.9153,5.381762347244991,1.9633,4.961411550973392,1.8764,4.712029920993803,1.7184
est_10b,38,5.407980869295863,1.8561076923076925,5.630187194990433,1.676,5.196793177338006,1.6417,5.5924433484304465,2.0231,5.551669262666443,1.904,4.6679649129525735,1.8552,5.8761347018512815,2.2089,5.5882011009684245,2.0113,5.276381248164711,1.7564,5.184933737464096,1.742,6.619766857104801,2.2539,5.21497391555546,1.7642,5.477312646313866,1.8226,4.426989197045684,1.4701
est_10b,39,5.214916666181677,1.8007307692307695,5.152947922863685,1.844,5.33813077046195,1.7229,5.365020050706443,1.8426,5.073786615938338,1.792,3.5294150899095347,0.8066,4.87368014875838,1.7098,4.3197191596810365,1.5208,5.461915761892309,1.914,5.590622147184917,2.0175,6.840986351839313,2.6107,5.27061642106959,1.8149,5.624315110935968,2.0096,5.352761109120328,1.8041
est_10b,40,5.613293051024588,1.7826461538461538,5.496621788753766,1.4871,4.267303381392372,1.3547,4.825339799105678,1.3773,6.118849045828334,2.0249,4.711269954976912,1.7757,6.252420732151593,1.8922,5.915665127009848,1.6771,5.600207261692213,1.8496,5.9047989669954415,1.9014,7.3811980279143,2.5401,5.652747145115373,1.8054,5.4155276486422945,1.6731,5.43086078374151,1.8158
est_10b,41,5.495910911709793,1.7969307692307694,5.569014284769806,1.6296,5.909717150149389,2.1327,5.79131102834691,1.9097,6.223888375152899,2.0438,4.215691883610145,0.8833,3.236691807107132,1.3072,4.702460296831563,1.6922,5.686331379136169,1.8319,6.068628023799055,2.0397,6.51705433991338,2.0148,5.622513513187367,1.9137,6.159140215523921,2.051,5.744399554699579,1.9105
est_10b,42,5.159723014859476,1.852192307692308,5.367356634428633,1.8592,5.452553090598281,2.1192,5.048776193033117,1.7777,5.719416581027381,1.9713,3.8109761696795124,0.9095,4.295621312794094,1.4838,4.893180386783371,1.8293,5.435450649275521,1.9112,5.7623126004520095,2.1182,6.128234392566187,2.6642,4.646112008463338,1.7841,5.644365980309779,1.9795,4.872043193761966,1.6713
est_10b,43,5.227702008950081,1.914153846153846,4.28970644190967,1.4773,5.404954536466294,2.1971,5.309461463089003,2.139,5.615327647006964,1.9769,2.708649463690536,0.7406,5.470466620678677,1.8696,5.232303672178047,1.7462,4.971662791240408,1.8293,5.727369995863909,2.125,6.800110014866863,2.7305,5.448623563745998,1.9572,5.612229956283014,2.1554,5.369259949331656,1.9399
est_10b,44,5.427342437110512,1.7903000000000002,5.071493005114246,1.7381,5.194149586221035,1.5567,4.189083147893939,1.437,6.124245476352494,2.2164,3.6125558665086595,0.7165,5.728995302885063,1.6102,5.464457087902021,1.6363,5.756161567468117,1.9583,5.95940476906731,2.0921,7.104497456554931,2.5587,5.690884708369862,1.9843,5.269436556545736,1.8277,5.390087151553235,1.9416
est_10b,45,5.554917460632623,1.6108692307692307,2.622713817683163,1.0486,5.7292575500259035,1.471,5.315530409067686,1.7161,6.182533426253344,1.8941,4.706768339880353,0.9507,5.977082830278256,1.6402,5.64579883479218,1.4474,5.7756789070959975,1.7199,6.071882353609271,1.7775,7.056059909423526,2.2368,5.796355114071543,1.6834,5.81339462989515,1.7145,5.52087086614773,1.6411
est_10b,46,5.3132491569601425,1.8505230769230772,5.249896496953496,1.8378,5.383639881058189,1.8755,4.521617673457611,1.5753,5.249205565450131,1.9192,4.222959760649663,1.3117,5.627364182597589,1.7919,5.460188490828724,1.8419,5.437547520487132,1.9496,5.605252303145953,2.0525,6.550429946926932,2.0618,5.225308143812807,1.8756,5.213547666270304,1.902,5.325281408843313,2.062
est_10b,47,5.291675293716474,1.6495769230769235,5.68276821786709,2.3615,5.296356420590262,1.6995,5.212929964334376,1.8928,4.574855905728612,1.3918,4.164206174868296,0.8306,5.812194483294856,2.1586,5.5966554591236175,1.941,5.467203722025862,1.6633,5.512785150994895,1.6091,6.646220035625459,1.6397,5.284612796745031,1.4418,5.3509393235922245,1.5967,4.190051163523565,1.2181
est_10b,48,5.430499548597923,1.7915538461538463,4.636809013079039,1.38,5.871573955453172,2.0723,4.905663011195789,1.5269,6.051587029092075,1.8765,4.366487389478127,1.7363,5.380984439382744,1.7243,4.805072003385416,1.4428,5.823322649313597,1.9525,5.921438279303793,1.9455,7.088093734243708,2.5387,5.59859769030312,1.879,5.469009133546761,1.7578,4.677855803995651,1.4576
est_10b,49,5.594219750858319,1.7416461538461538,3.4287045824078355,1.1251,5.246540418962142,1.3382,5.459075266067972,1.8102,6.126023702311035,1.8619,4.815961146059429,1.7188,6.135787682758271,2.092,5.82689477104745,1.9301,5.67996896121013,1.6815,5.97017696542146,1.7374,7.133875184782237,2.3648,5.732190056042422,1.7259,5.810591320856103,1.765,5.359066703231664,1.4905
est_10b,50,5.202062753996105,1.7364769230769233,3.7401346136829794,1.2817,5.291672668683802,1.6953,5.141680338265842,1.5531,5.624435576217317,1.7886,3.8166982262417806,0.9004,5.525997667535167,2.1913,5.385152723490591,2.0289,5.423906971803186,1.8643,5.72751405102204,1.9194,6.436743429869334,2.29,4.726392614040763,1.6407,5.581049499289202,1.8143,5.20543742180736,1.6062
est_10b,51,5.556755876819356,1.6761076923076923,5.552245068443276,1.6246,6.072348209933864,1.9168,5.695605674010176,1.7474,6.354554604221477,1.9471,4.5907572890465005,1.5174,3.4376978458831764,1.1153,4.546614959462062,1.3223,5.918959295518643,1.8094,6.106115438080837,1.817,6.995876156787613,2.1553,5.637444235050111,1.6739,5.643068636020044,1.4525,5.686538986193842,1.6904
est_10b,52,5.539084942533927,1.9167615384615384,5.6664040387392,1.6363,3.9160229263604385,1.4974,5.585593924755576,1.927,6.113065770682621,2.3449,4.4254917458645116,0.897,5.9948604035105495,2.0728,5.746701907296636,1.867,5.425667178434435,1.9368,5.879161238315028,2.22,7.2247630669311675,2.8968,5.561540220700469,2.061,5.3810773637330085,1.8279,5.0877544676174065,1.733
est_10b,53,5.582708797635005,1.685246153846154,5.985439626427921,2.1233,3.734526747731268,1.2095,5.661838999010049,1.6372,6.102123258826897,1.8753,4.624449881018243,0.9718,6.148842929824138,1.6552,5.929896040607321,1.8139,5.488388815884649,1.6258,5.88729708139715,1.8441,7.102221958448269,2.3684,5.59370407332062,1.79,5.712688464933531,1.6557,4.603796491825004,1.338
est_10b,54,5.504136447689316,1.8305307692307693,5.522207313858719,1.5015,5.200424102396012,1.8577,5.974956132478323,2.0585,5.501829832825174,1.9459,4.75143137878842,1.1202,5.952501366297309,1.8874,5.636995119277498,1.9079,5.17047971906476,1.8099,5.037995190283025,1.7886,6.9526945039085755,2.5222,5.12485457437665,1.7735,5.667499239156607,1.9792,5.059905347250033,1.6444
est_10b,55,5.5112927996665215,1.831323076923077,5.3606602470390206,1.4609,4.210877492233936,1.4038,5.51233570318409,1.9362,6.105145202328081,2.1223,4.591368164162022,1.857,5.828315816167972,1.8519,5.5753230826561095,1.6543,5.413610374351983,1.7935,5.863078430534903,1.9785,7.186505402219703,2.4393,5.4886510411148866,1.7918,5.162683633746318,1.6377,5.348251805925743,1.88
est_10b,56,5.161658564056333,1.8824615384615384,5.205584283763807,1.7269,5.217629012567741,2.0011,5.3291894893668,1.9172,5.721467613664607,2.2695,3.8695940728271907,1.0304,5.332598740989561,1.9676,5.157422115367943,1.8531,4.797955327949216,1.878,5.42933419399357,2.0795,5.903540325148313,2.0635,5.073409054364717,1.915,5.3288604249744695,2.0123,4.734976677754394,1.7579
est_10b,57,5.45324271064869,1.7857384615384617,5.8059152240905085,2.1192,5.073339777878079,1.6218,6.031161825153168,1.9782,5.409468533989875,1.7032,4.653703711738992,1.7527,5.9107717883882716,2.0347,5.617276921546212,1.8466,4.665754562309735,1.4485,4.923913280467161,1.561,6.886395029564186,2.1545,5.015395036723607,1.5757,5.669777393698755,1.779,5.229282152884408,1.6395
est_10b,58,5.518537645375223,1.702676923076923,5.815127956297523,1.5226,5.260674571659889,1.6896,6.025502347283509,1.8547,5.33066068855412,1.6176,4.749188486919901,1.7015,5.511267605821083,1.3997,5.496547575755098,1.6021,5.198484120353646,1.6234,5.1097282981362975,1.6362,6.963971164738598,2.2918,5.171817324373605,1.6403,5.783445778636927,1.8494,5.324573471347695,1.7059
est_10b,59,5.467019999616435,1.6271923076923076,4.271453583393943,1.1181,5.677213006095071,1.8646,3.6967866728130767,1.1129,6.0919778350824965,1.8486,4.602240752470991,1.5161,6.083578444769972,1.6799,5.7820724536576815,1.5326,5.846453547614416,1.871,5.983904428144948,1.7717,7.27486103765312,2.2291,5.782611673360608,1.723,4.6567628447630165,1.3333,5.321343715194291,1.5526
est_10b,60,5.3773763839581035,1.7722615384615388,3.9043544301825435,1.3011,5.84382716918727,2.053,5.10413281024514,1.4878,6.108992708670145,2.0208,4.30599225188474,1.7378,5.187955229117459,1.5578,4.66414028364132,1.4272,5.432312333792181,1.6942,5.920654546408991,1.9902,6.85142413919933,2.353,5.556611514221769,1.8477,5.585853187435108,1.7082,5.439642387469344,1.8606
est_10b,61,5.2351166447598985,1.9224923076923077,5.1963933058680025,1.7121,4.77207713881494,1.5992,5.287862622551958,2.1141,6.030928164155027,2.2332,4.057343002462151,1.3201,5.0705947654967645,1.7799,4.686196300378274,1.6434,5.405456598006188,2.053,5.73156711133384,2.1524,6.8643737319188896,2.766,4.591758652735829,1.8024,5.044311438496764,1.7704,5.317653549660054,2.0462
est_10b,62,5.333152317100722,1.8331846153846152,4.6349732468108655,1.537,5.722173994042645,2.0333,4.514826410453514,1.5437,6.033415794606614,2.161,4.1583238810700465,1.1158,5.1887951618983355,1.6162,4.987987699103078,1.6391,5.780507988139449,2.2052,5.91422264172714,2.1706,6.5588518189649,2.1402,5.609968519219941,2.0892,5.3662590352013035,1.9212,4.860673931071556,1.6589
est_10b,63,5.2987318255381055,1.9015846153846154,4.971022347009422,1.6455,5.640617108857394,1.7912,4.917721076410347,2.0179,6.031182326485291,2.218,4.4389696954297015,1.893,5.1137824700001815,1.844,4.79759963170788,1.6127,5.611514738095878,1.9627,5.778824057964185,2.0472,7.025874245303229,2.3307,5.449321381617052,1.9617,4.086814659927755,1.6249,5.020269993187054,1.7711
est_70b,1,5.4173100146667155,1.3061538461538462,5.7451743262238555,1.5541,5.062605058149757,1.1858,5.980755301212483,1.4458,5.423012387305662,1.2475,4.5387088183339355,1.2876,5.8625095233326405,1.4672,5.599114713306629,1.3511,4.478177094224787,1.0456,4.969344589352151,1.1435,6.844313459315125,1.5981,5.024656607267453,1.1518,5.658696283911951,1.3035,5.237962028730881,1.1984
est_70b,2,5.099491677074737,1.3529692307692307,5.545685789581388,1.2489,5.071695552438335,1.4407,5.367153839098669,1.5309,5.59078538664896,1.43,3.818639659055048,1.2163,4.333175120752869,1.0916,4.832057149563344,1.2975,4.9610276356607645,1.3058,5.388025158592929,1.4084,5.827018068022944,1.3911,4.555154106222428,1.2654,5.596269650544545,1.4901,5.4067046857893635,1.4719
est_70b,3,5.566260414587476,1.4120307692307692,3.4052967649701245,0.9504,5.648632186040895,1.4762,5.426342516678791,1.2029,5.974185693290981,1.5116,4.818123842466423,1.0388,6.086081965616149,1.6665,5.764984872344132,1.5489,5.607852723221287,1.4169,5.765656812844119,1.403,7.065545617627331,1.9047,5.623087621888796,1.4,5.755087383970728,1.4334,5.420507388677433,1.4031
est_70b,4,5.453538402692323,1.442323076923077,5.3427238933785794,1.3325,5.787081020772684,1.3742,5.551417330070976,1.4644,6.146343769227585,1.5972,4.370669779205935,1.4446,4.480667539622872,1.1316,4.756870658795327,1.2146,5.488552308106385,1.3892,5.943468673635099,1.5892,6.9120359172976595,2.0425,5.5448547609887315,1.5135,5.696512403829229,1.4365,4.874801180069127,1.2202
est_70b,5,5.319061703123935,1.5518307692307693,4.329150161828775,1.2608,5.797654213381573,1.7494,5.37233009738152,1.4666,6.106479067082741,1.8171,3.1504018936638527,0.6276,5.041610154645686,1.4017,4.560775540645803,1.3279,5.362967472376354,1.5637,5.880871197929497,1.8002,6.956908154874707,2.2191,5.48272744395651,1.6654,5.796259318452794,1.7701,5.309667424391341,1.5042
est_70b,6,5.407975341914591,1.2822384615384617,3.7751124004464316,0.9208,5.710141519701215,1.3206,5.156906624304864,1.2496,5.772763893386485,1.2925,4.5478683186372475,1.3022,5.171990164941872,1.0327,5.391820318126753,1.2317,5.711398405050891,1.4352,5.948746422074406,1.4174,6.089596904241501,1.2713,5.715313168259174,1.3919,5.858371434984367,1.4461,5.453649870734478,1.3571
est_70b,7,5.349512842904508,1.5931923076923078,5.470818942692666,1.69,5.444126152237985,1.8062,4.688469309416261,1.2997,5.850667871774739,1.7529,4.150382884636197,0.9252,5.761678712186928,1.8061,5.583157052152979,1.6152,5.61710693484066,1.6986,5.640908884859155,1.7068,6.639589836500414,1.8487,5.428442521330125,1.6251,5.073702279122432,1.5967,4.194615576008058,1.3403
est_70b,8,5.495792330582949,1.327446153846154,6.026579514441837,1.6147,3.5828601571531595,0.8958,5.929157144534599,1.478,5.734221582022644,1.302,4.496385399312333,1.3006,5.9892018518969925,1.4953,5.753586343292047,1.408,5.159799550643459,1.1654,5.419360169792741,1.1976,6.937212283439513,1.65,5.295140043488072,1.2016,5.789356996819139,1.3079,5.3324392607418005,1.2399
est_70b,9,5.509962401232202,1.2251307692307694,4.938380827310259,1.1299,5.79511154471898,1.3036,3.128711399862903,0.7569,6.105734008816113,1.2194,4.719610536595143,1.122,6.267326723572972,1.5295,5.957724290503032,1.3731,5.914164406895472,1.3146,5.991256333802041,1.2526,7.482947001589649,1.6569,5.82128082637247,1.2757,4.267904276234459,0.9056,5.239359039745132,1.0869
est_70b,10,5.4690104735869856,1.455723076923077,5.4367031197655225,1.3279,5.454241785309569,1.548,4.72356113544913,1.1303,4.516088826711803,1.2996,4.510426843880961,1.4693,6.085133874916254,1.43,5.769720489193585,1.3637,5.473215676418001,1.4155,5.5537238854655975,1.4901,7.288216781763266,2.0588,5.615966253099419,1.5048,5.350096310038872,1.4152,5.320041174618829,1.4712
est_70b,11,5.682861389672256,1.2944384615384616,6.217887292290187,1.6332,2.896140078281215,0.8267,5.988141064301789,1.3224,6.1381923550898065,1.2986,4.737845853078306,1.3014,6.313774198626822,1.2875,6.070261309130443,1.3555,5.305975316759724,1.116,5.881413356983473,1.2974,7.357288243465391,1.7446,5.564018466483948,1.2705,5.9043596574762525,1.1468,5.501900873771961,1.2271
est_70b,12,5.418300622114633,1.248923076923077,5.8461003237094324,1.3209,3.5764115677901813,0.877,5.22311815767313,0.96,5.943417248076586,1.301,4.226100199224027,1.2583,5.934666225185362,1.4634,5.769526462595612,1.3885,4.882753164426555,1.0597,5.7628027894753995,1.2979,7.006069785662586,1.7057,5.470658776349357,1.2776,5.398225573773982,1.1155,5.398057813548013,1.2105
est_70b,13,5.514839277329417,1.4180692307692309,5.076450653077767,1.4144,5.626498316756317,1.3425,3.442347321183924,0.9785,5.986741892531909,1.4966,4.650625880642462,1.3879,6.303842906393855,1.7372,5.953908413737759,1.6057,5.770181996497033,1.3988,5.804293116246735,1.3957,7.3581922873956875,1.7691,5.6169322087437985,1.299,4.787953826716783,1.2536,5.3149417853583865,1.3559
est_70b,14,4.999747214270573,1.5839923076923077,5.19153658725638,1.7874,5.242307500143438,1.7158,4.334714441448939,1.359,5.770392643271194,1.8106,3.508400152743506,0.7663,4.984516223792207,1.533,5.051462608661495,1.6354,5.222449094436804,1.6596,5.6391789038535505,1.8404,6.066675940318417,1.7666,4.604434695931243,1.5887,4.279565668028367,1.5029,5.101079325631904,1.6262
est_70b,15,5.303244663472645,1.4487384615384615,5.0324746096934545,1.4122,5.769955261097233,1.7452,5.273182678837946,1.3716,5.784241694138836,1.5437,4.049410472651114,0.7629,4.715313390183812,1.2457,4.439906013505271,1.2479,5.563375664860417,1.5222,5.790314333010721,1.6654,6.940830577836263,2.0884,5.25776626508638,1.4592,5.180184557960686,1.3973,5.14522510628225,1.3719
est_70b,16,4.936046497971291,1.5975076923076925,4.7786200992112855,1.4194,5.3193337997285255,1.5753,4.9086618144579575,1.4806,6.110672962725227,2.0437,0.1272904484723143,0.6171,4.9179774977619255,1.4748,5.011126830114114,1.5292,5.609831494363928,1.7574,5.869207809598098,1.9606,5.31235225113097,1.6659,5.477861809182445,1.8547,5.5082064693107355,1.7891,5.217461187569256,1.5998
est_70b,17,5.462289974525561,1.473292307692308,3.7718548582083815,1.1074,5.254625823372586,1.2972,5.473325057617177,1.7529,6.160072057318598,1.7817,4.460483543499665,0.7827,5.696446142866258,1.4284,5.382706439839178,1.3558,5.6758141088081215,1.6084,5.952492056843206,1.6846,6.314555096956239,1.5683,5.627939569950528,1.5703,5.876994048555736,1.7782,5.362460864996617,1.4369
est_70b,18,5.149007544750914,1.556346153846154,5.255446910222133,1.6573,5.245756609844935,1.6793,4.824987625798951,1.3578,5.637402709553348,1.7513,3.888998888850971,0.7839,5.268876684773732,1.5292,5.104519351546082,1.4963,5.389932811140357,1.7154,5.33928719816206,1.6871,5.291742818816681,1.6137,5.214682769859444,1.6304,5.215073962859604,1.6171,5.2603897403335775,1.7137
est_70b,19,5.265952248882758,1.5334846153846153,5.2095349567680085,1.306,4.628647614188458,1.3672,5.499502237623167,1.6282,5.537148576676502,1.6663,4.069086552840563,0.7836,5.563232705472115,1.7199,5.304523291320204,1.5201,5.2186913938316195,1.6478,5.340405636715458,1.6551,6.252827819364463,1.677,4.936073489433068,1.5244,5.586470574190871,1.7661,5.311234387051358,1.6736
est_70b,20,5.337782529687811,1.4248692307692308,5.276224446767991,1.4751,5.3910256442975415,1.5597,4.369743883129081,1.1119,5.735117924073912,1.4794,4.374397043900145,1.5138,5.810179044518056,1.4199,5.639494961325205,1.5124,5.094029615466288,1.3391,5.569804144379199,1.4686,6.66828939843607,1.4992,5.343075197489026,1.3732,4.8589767410495295,1.3132,5.260814841109496,1.4578
est_70b,21,5.362325010968368,1.3425153846153846,3.0592873486807974,0.9388,5.685380088411773,1.4596,5.135846587907892,1.2234,5.980769800397595,1.4102,4.478748539035986,1.4187,5.78404505843697,1.3451,5.579038171408374,1.408,5.691388458534206,1.471,5.941822234729813,1.4854,5.875376030442131,1.3057,5.386490943608801,1.28,5.761016553192487,1.4616,5.351015327801958,1.2452
est_70b,22,5.200894932329888,1.4958846153846155,5.3292408640048405,1.5089,4.9967298348928315,1.2996,5.2610402493246164,1.5738,5.864379874768831,1.8087,3.4916923747365836,0.6342,5.007739555684566,1.253,5.309492914437136,1.5191,4.374212640854679,1.3517,5.745216173154884,1.7214,6.343302549099147,2.1567,5.4167750527570995,1.6379,5.597398048788772,1.6651,4.874413987784553,1.3164
est_70b,23,5.166105837234455,1.4533230769230772,5.087000592797102,1.4494,5.6112024875925695,1.4024,4.031338196237359,1.1258,6.075028053804579,1.6711,4.239471444709965,1.5436,5.487155942973347,1.3652,5.494858609027823,1.5036,5.820641467704639,1.6743,5.849487788613214,1.659,4.498151532867426,1.3479,5.570142143851696,1.6052,4.78026160245802,1.3217,4.614636021410169,1.224
est_70b,24,5.588443725562748,1.2946076923076923,6.077811261829068,1.6665,3.548389488979114,0.8554,5.799188661400135,1.456,6.103449384860757,1.3895,4.577587731236957,1.2918,6.141577717906369,1.2192,5.943363358378915,1.3235,5.443309347318126,1.1537,5.8688384446895,1.3112,7.073866471996994,1.6579,5.5590635269111015,1.2656,5.80658761982038,1.2796,4.706735416988301,0.96
est_70b,25,5.374370821709921,1.4068538461538465,4.976613192486239,1.3485,4.999452818332189,1.1489,5.400725875772753,1.2258,6.156016509350193,1.6904,4.110932544944892,1.3623,4.949160458087581,1.3242,4.28486510519047,1.1251,5.643145736049249,1.5301,5.871919039326115,1.5748,6.643779065170509,1.469,5.439699411772768,1.4902,5.861134635753898,1.4849,5.529376289992118,1.5149
est_70b,26,5.520392424110076,1.504323076923077,3.9739882875351373,1.0807,5.778406823512249,1.5835,4.027652167651803,1.1205,6.017228393331901,1.5514,4.7070109662810395,1.5116,6.207296149221623,1.7045,5.888599704806946,1.5777,5.856099317656097,1.7034,6.002315754734008,1.6542,6.975348320156568,1.5981,5.817620228702729,1.6504,5.141812515768805,1.3914,5.371722884072087,1.4288
est_70b,27,5.309061576913619,1.494876923076923,5.449913323495306,1.7073,4.657667992461645,1.2883,4.776253810033951,1.2648,5.715197586608925,1.6058,4.018280083861585,0.7468,5.721837511621893,1.5437,5.603966097212207,1.6667,5.079105889054748,1.4841,5.716563650427565,1.6947,6.930993717273828,1.8609,5.022844957858501,1.4873,5.026450526620109,1.4519,5.298725353346783,1.6311
est_70b,28,5.054020839738765,1.3880461538461537,4.975852694099194,1.2684,4.53658581241637,1.1397,5.531811560531829,1.6396,5.939432145249588,1.5942,1.0845101963335253,0.498,4.886769249879892,1.257,4.601998027467803,1.1726,5.297656942789566,1.368,5.774981372617112,1.5442,6.584891029200883,1.9588,5.375245137029404,1.4771,5.804926731991943,1.7058,5.3076100169968345,1.4212
est_70b,29,5.358534323389245,1.2589000000000001,5.476735383325261,1.1615,5.516582143779077,1.237,5.240384483750114,1.1832,5.950439519617107,1.2967,4.304961814417391,1.2207,5.866300272348818,1.6723,5.683019505090526,1.4661,4.843344192104981,0.981,5.778308071733298,1.2228,6.843642010624272,1.7033,5.505511624102892,1.2198,5.275493311286708,1.1531,3.376223871879745,0.8482
est_70b,30,5.400809232539519,1.376053846153846,5.575051601709925,1.7088,5.534740752020849,1.4333,5.434906479091598,1.4092,5.636889433325342,1.313,4.315924609096038,1.4054,5.432806729055525,1.1223,5.5440191436130295,1.3516,4.85952552847752,1.1989,5.757481423627891,1.4331,6.86909913391347,1.5792,5.513326762441727,1.4186,5.527422308288246,1.4383,4.2093261183525765,1.077
est_70b,31,5.328246494895541,1.4353461538461538,5.213570002247411,1.201,5.26800683781677,1.3691,5.366717822069282,1.3564,5.0934632438779825,1.3638,4.219622324689611,1.0387,5.788576283969737,1.6129,5.647843112760994,1.6131,4.307976764430053,1.2802,5.517291204723185,1.5019,6.989267462287115,2.1075,5.322946554591792,1.3985,5.24066940074705,1.3445,5.291253419431037,1.4719
est_70b,32,5.699826037950538,1.1902923076923078,6.26450609797605,1.5088,2.822569444593241,0.7261,6.051143721780128,1.2949,6.1330059672670325,1.1744,4.758076968870285,1.2001,6.365843924984218,1.4353,6.097303277872518,1.3356,5.345046322469732,1.0372,5.86076844458324,1.0931,7.352901758528141,1.4867,5.557307683833961,1.0936,6.025716362609978,1.1089,5.463548517988466,0.9791
est_70b,33,5.4490063151733255,1.3266692307692307,5.642462166050029,1.5494,5.504320060743317,1.3243,5.873822691767943,1.5143,5.933883885409258,1.3726,4.31773263382489,1.2764,4.5960044988801325,0.9416,5.2269121236506475,1.1719,4.370441852870447,1.0922,5.64556078309624,1.2745,6.850975991244453,1.6974,5.348116104206404,1.2448,5.9399911144672375,1.4502,5.586858191042238,1.3371
est_70b,34,5.451690734234966,1.422646153846154,5.5233399883878755,1.4776,5.8877725801438,1.3626,5.550849096509505,1.3796,6.275856617064308,1.6987,4.416912904966236,1.3611,3.1757669851217116,0.9664,4.581005114727826,1.2008,5.800014729051694,1.4146,6.088980896270642,1.5858,6.031508396928407,1.3904,5.640827804269901,1.4596,6.174990901719143,1.6157,5.724153529893499,1.5815
est_70b,35,5.114768816750993,1.4142000000000001,4.954491109493424,1.4004,5.645475189847593,1.6352,5.538196727878295,1.5257,5.284468894368683,1.36,0.7073914324380435,0.4964,4.980146206049946,1.3425,4.484110432447685,1.1454,5.622360628404356,1.6126,5.708897741990657,1.5365,6.86311084520743,1.5522,5.434806574728227,1.5333,5.833592273614578,1.6858,5.434946561293992,1.5586
est_70b,36,5.34701634799099,1.6167,3.3558364760988244,1.181,5.734527925469623,1.9874,4.911109883814374,1.3984,6.134829761932801,2.0438,4.2658256795455936,0.804,5.613085675249773,1.7205,5.300688271923326,1.4591,5.571825482444723,1.6395,5.956059221874796,1.8964,5.903757983281648,1.6143,5.64437148332758,1.7758,5.62365717478384,1.7213,5.495637504135968,1.7756
est_70b,37,5.243056580466649,1.5430538461538463,5.477414586045661,1.5608,5.2971438886157,1.5752,4.688772350076853,1.3114,5.125208941258337,1.552,3.0694537003211977,0.6212,5.676548458739801,1.5563,5.5395403766608755,1.6192,5.55071329387263,1.6637,5.654440402604513,1.7608,7.0252957286586835,2.353,5.381762347244991,1.5846,4.961411550973392,1.5145,4.712029920993803,1.387
est_70b,38,5.407980869295863,1.4567230769230768,5.630187194990433,1.3154,5.196793177338006,1.2885,5.5924433484304465,1.5878,5.551669262666443,1.4943,4.6679649129525735,1.456,5.8761347018512815,1.7336,5.5882011009684245,1.5785,5.276381248164711,1.3785,5.184933737464096,1.3671,6.619766857104801,1.7689,5.21497391555546,1.3846,5.477312646313866,1.4305,4.426989197045684,1.1537
est_70b,39,5.214916666181677,1.4358076923076926,5.152947922863685,1.4703,5.33813077046195,1.3738,5.365020050706443,1.4692,5.073786615938338,1.4288,3.5294150899095347,0.6432,4.87368014875838,1.3633,4.3197191596810365,1.2126,5.461915761892309,1.5261,5.590622147184917,1.6087,6.840986351839313,2.0816,5.27061642106959,1.4471,5.624315110935968,1.6023,5.352761109120328,1.4385
est_70b,40,5.613293051024588,1.4061538461538463,5.496621788753766,1.173,4.267303381392372,1.0686,4.825339799105678,1.0864,6.118849045828334,1.5973,4.711269954976912,1.4007,6.252420732151593,1.4925,5.915665127009848,1.3229,5.600207261692213,1.4589,5.9047989669954415,1.4998,7.3811980279143,2.0037,5.652747145115373,1.4241,5.4155276486422945,1.3198,5.43086078374151,1.4323
est_70b,41,5.495910911709793,1.4296692307692307,5.569014284769806,1.2966,5.909717150149389,1.6968,5.79131102834691,1.5194,6.223888375152899,1.6261,4.215691883610145,0.7027,3.236691807107132,1.0401,4.702460296831563,1.3463,5.686331379136169,1.4575,6.068628023799055,1.6228,6.51705433991338,1.603,5.622513513187367,1.5226,6.159140215523921,1.6318,5.744399554699579,1.52
est_70b,42,5.159723014859476,1.4742769230769233,5.367356634428633,1.4799,5.452553090598281,1.6868,5.048776193033117,1.415,5.719416581027381,1.5691,3.8109761696795124,0.7239,4.295621312794094,1.181,4.893180386783371,1.4561,5.435450649275521,1.5212,5.7623126004520095,1.686,6.128234392566187,2.1206,4.646112008463338,1.4201,5.644365980309779,1.5756,4.872043193761966,1.3303
est_70b,43,5.227702008950081,1.5365076923076924,4.28970644190967,1.1858,5.404954536466294,1.7636,5.309461463089003,1.717,5.615327647006964,1.5869,2.708649463690536,0.5945,5.470466620678677,1.5008,5.232303672178047,1.4017,4.971662791240408,1.4684,5.727369995863909,1.7058,6.800110014866863,2.1918,5.448623563745998,1.571,5.612229956283014,1.7301,5.369259949331656,1.5572
est_70b,44,5.427342437110512,1.4217923076923076,5.071493005114246,1.3804,5.194149586221035,1.2363,4.189083147893939,1.1412,6.124245476352494,1.7602,3.6125558665086595,0.569,5.728995302885063,1.2788,5.464457087902021,1.2995,5.756161567468117,1.5552,5.95940476906731,1.6614,7.104497456554931,2.032,5.690884708369862,1.5758,5.269436556545736,1.4515,5.390087151553235,1.542
est_70b,45,5.554917460632623,1.2298076923076924,2.622713817683163,0.8006,5.7292575500259035,1.123,5.315530409067686,1.3101,6.182533426253344,1.446,4.706768339880353,0.7258,5.977082830278256,1.2522,5.64579883479218,1.105,5.7756789070959975,1.313,6.071882353609271,1.357,7.056059909423526,1.7077,5.796355114071543,1.2852,5.81339462989515,1.309,5.52087086614773,1.2529
est_70b,46,5.3132491569601425,1.4916692307692307,5.249896496953496,1.4814,5.383639881058189,1.5118,4.521617673457611,1.2698,5.249205565450131,1.5471,4.222959760649663,1.0574,5.627364182597589,1.4444,5.460188490828724,1.4847,5.437547520487132,1.5715,5.605252303145953,1.6545,6.550429946926932,1.662,5.225308143812807,1.5118,5.213547666270304,1.5332,5.325281408843313,1.6621
est_70b,47,5.291675293716474,1.2510076923076925,5.68276821786709,1.7909,5.296356420590262,1.2889,5.212929964334376,1.4355,4.574855905728612,1.0555,4.164206174868296,0.6299,5.812194483294856,1.6371,5.5966554591236175,1.472,5.467203722025862,1.2614,5.512785150994895,1.2203,6.646220035625459,1.2435,5.284612796745031,1.0934,5.3509393235922245,1.2109,4.190051163523565,0.9238
est_70b,48,5.430499548597923,1.4048538461538462,4.636809013079039,1.0821,5.871573955453172,1.6251,4.905663011195789,1.1973,6.051587029092075,1.4714,4.366487389478127,1.3615,5.380984439382744,1.3521,4.805072003385416,1.1314,5.823322649313597,1.531,5.921438279303793,1.5256,7.088093734243708,1.9907,5.59859769030312,1.4735,5.469009133546761,1.3784,4.677855803995651,1.143
est_70b,49,5.594219750858319,1.3366846153846155,3.4287045824078355,0.8635,5.246540418962142,1.0271,5.459075266067972,1.3893,6.126023702311035,1.429,4.815961146059429,1.3191,6.135787682758271,1.6056,5.82689477104745,1.4813,5.67996896121013,1.2905,5.97017696542146,1.3334,7.133875184782237,1.815,5.732190056042422,1.3246,5.810591320856103,1.3546,5.359066703231664,1.1439
est_70b,50,5.202062753996105,1.3706769230769231,3.7401346136829794,1.0117,5.291672668683802,1.3382,5.141680338265842,1.2259,5.624435576217317,1.4118,3.8166982262417806,0.7107,5.525997667535167,1.7297,5.385152723490591,1.6015,5.423906971803186,1.4716,5.72751405102204,1.515,6.436743429869334,1.8076,4.726392614040763,1.2951,5.581049499289202,1.4321,5.20543742180736,1.2679
est_70b,51,5.556755876819356,1.2810384615384618,5.552245068443276,1.2417,6.072348209933864,1.465,5.695605674010176,1.3355,6.354554604221477,1.4882,4.5907572890465005,1.1597,3.4376978458831764,0.8524,4.546614959462062,1.0106,5.918959295518643,1.3829,6.106115438080837,1.3887,6.995876156787613,1.6473,5.637444235050111,1.2794,5.643068636020044,1.1101,5.686538986193842,1.292
est_70b,52,5.539084942533927,1.5345307692307693,5.6664040387392,1.31,3.9160229263604385,1.1988,5.585593924755576,1.5427,6.113065770682621,1.8773,4.4254917458645116,0.7181,5.9948604035105495,1.6595,5.746701907296636,1.4947,5.425667178434435,1.5506,5.879161238315028,1.7773,7.2247630669311675,2.3191,5.561540220700469,1.65,5.3810773637330085,1.4634,5.0877544676174065,1.3874
est_70b,53,5.582708797635005,1.3008923076923078,5.985439626427921,1.6391,3.734526747731268,0.9336,5.661838999010049,1.2638,6.102123258826897,1.4476,4.624449881018243,0.7502,6.148842929824138,1.2777,5.929896040607321,1.4002,5.488388815884649,1.255,5.88729708139715,1.4235,7.102221958448269,1.8282,5.59370407332062,1.3818,5.712688464933531,1.2781,4.603796491825004,1.0328
est_70b,54,5.504136447689316,1.4446538461538463,5.522207313858719,1.185,5.200424102396012,1.4661,5.974956132478323,1.6246,5.501829832825174,1.5357,4.75143137878842,0.8841,5.952501366297309,1.4895,5.636995119277498,1.5057,5.17047971906476,1.4283,5.037995190283025,1.4116,6.9526945039085755,1.9905,5.12485457437665,1.3997,5.667499239156607,1.562,5.059905347250033,1.2977
est_70b,55,5.5112927996665215,1.4475769230769233,5.3606602470390206,1.1548,4.210877492233936,1.1097,5.51233570318409,1.5304,6.105145202328081,1.6776,4.591368164162022,1.4679,5.828315816167972,1.4638,5.5753230826561095,1.3076,5.413610374351983,1.4177,5.863078430534903,1.5639,7.186505402219703,1.9282,5.4886510411148866,1.4163,5.162683633746318,1.2945,5.348251805925743,1.4861
est_70b,56,5.161658564056333,1.5292615384615387,5.205584283763807,1.4029,5.217629012567741,1.6257,5.3291894893668,1.5575,5.721467613664607,1.8437,3.8695940728271907,0.837,5.332598740989561,1.5984,5.157422115367943,1.5054,4.797955327949216,1.5256,5.42933419399357,1.6894,5.903540325148313,1.6763,5.073409054364717,1.5557,5.3288604249744695,1.6347,4.734976677754394,1.4281
est_70b,57,5.45324271064869,1.3659538461538463,5.8059152240905085,1.6211,5.073339777878079,1.2405,6.031161825153168,1.5132,5.409468533989875,1.3028,4.653703711738992,1.3407,5.9107717883882716,1.5564,5.617276921546212,1.4125,4.665754562309735,1.108,4.923913280467161,1.194,6.886395029564186,1.648,5.015395036723607,1.2053,5.669777393698755,1.3608,5.229282152884408,1.2541
est_70b,58,5.518537645375223,1.3264538461538464,5.815127956297523,1.1862,5.260674571659889,1.3163,6.025502347283509,1.4448,5.33066068855412,1.2602,4.749188486919901,1.3255,5.511267605821083,1.0904,5.496547575755098,1.2481,5.198484120353646,1.2647,5.1097282981362975,1.2746,6.963971164738598,1.7854,5.171817324373605,1.2779,5.783445778636927,1.4408,5.324573471347695,1.329
est_70b,59,5.467019999616435,1.2387692307692308,4.271453583393943,0.8512,5.677213006095071,1.4195,3.6967866728130767,0.8472,6.0919778350824965,1.4073,4.602240752470991,1.1542,6.083578444769972,1.2789,5.7820724536576815,1.1667,5.846453547614416,1.4244,5.983904428144948,1.3488,7.27486103765312,1.697,5.782611673360608,1.3117,4.6567628447630165,1.0151,5.321343715194291,1.182
est_70b,60,5.3773763839581035,1.3886,3.9043544301825435,1.0194,5.84382716918727,1.6086,5.10413281024514,1.1657,6.108992708670145,1.5833,4.30599225188474,1.3616,5.187955229117459,1.2206,4.66414028364132,1.1182,5.432312333792181,1.3275,5.920654546408991,1.5593,6.85142413919933,1.8436,5.556611514221769,1.4477,5.585853187435108,1.3385,5.439642387469344,1.4578
est_70b,61,5.2351166447598985,1.5410000000000004,5.1963933058680025,1.3723,4.77207713881494,1.2818,5.287862622551958,1.6946,6.030928164155027,1.79,4.057343002462151,1.0582,5.0705947654967645,1.4267,4.686196300378274,1.3173,5.405456598006188,1.6456,5.73156711133384,1.7253,6.8643737319188896,2.2171,4.591758652735829,1.4448,5.044311438496764,1.4191,5.317653549660054,1.6402
est_70b,62,5.333152317100722,1.4675307692307693,4.6349732468108655,1.2304,5.722173994042645,1.6278,4.514826410453514,1.2358,6.033415794606614,1.73,4.1583238810700465,0.8932,5.1887951618983355,1.2939,4.987987699103078,1.3121,5.780507988139449,1.7654,5.91422264172714,1.7376,6.5588518189649,1.7133,5.609968519219941,1.6724,5.3662590352013035,1.538,4.860673931071556,1.328
est_70b,63,5.2987318255381055,1.5115076923076922,4.971022347009422,1.308,5.640617108857394,1.4237,4.917721076410347,1.604,6.031182326485291,1.763,4.4389696954297015,1.5047,5.1137824700001815,1.4657,4.79759963170788,1.2819,5.611514738095878,1.5601,5.778824057964185,1.6272,7.025874245303229,1.8526,5.449321381617052,1.5593,4.086814659927755,1.2916,5.020269993187054,1.4078
