functional,omega,C,cost_form,ell,q0_mode,kappa,candidate,source,trust_status,in_trust_box,in_trust_l1,N_B,D_B,Q,Q0,h,h_true,L_pred,c_quality,u,budget_residual,budget_residual_rel,boundary_n_lower,boundary_n_upper,boundary_q_lower,boundary_q_upper,n_evals,C_train,C_attn,C_quality,used,unused,share_train,share_attn,share_quality,share_unused,D_used,aliases,Q_cand,N_in_support,D_in_support,extrapolation,regime,train_the_pile_arxiv,train_the_pile_freelaw,train_the_pile_nih_exporter,train_the_pile_pubmed_central,train_the_pile_wikipedia_en,train_the_pile_dm_mathematics,train_the_pile_github,train_the_pile_philpapers,train_the_pile_stackexchange,train_the_pile_enron_emails,train_the_pile_gutenberg_pg_19,train_the_pile_pile_cc,train_the_pile_ubuntu_irc,train_the_pile_europarl,train_the_pile_hackernews,train_the_pile_pubmed_abstracts,train_the_pile_uspto_backgrounds
quality_linear,0.0,1e+19,exponential,2048,fixed_ref,0.8047071577351047,reference_p0,first_question_reference,in,True,True,0.021592022958763536,72.25630332734711,0.41663254110330095,0.41663254110330095,1.0,1.0,1.6923142614993059,0.0,138396230.35649076,0.0,0.0,False,False,True,False,35185,9.360958562156765e+18,6.390414378432352e+17,0.0,1e+19,0.0,0.9360958562156765,0.06390414378432352,0.0,0.0,72256303327.3471,reference_p0,0.41663254110330095,False,True,N_below_support,lower_bound_Q0,0.11302252583269279,0.0968248321520278,0.00588968021709595,0.11375419105058357,0.07507775607983627,0.0254628540970504,0.11070066007050916,0.005487697351193036,0.09943242344413017,0.002211033043406226,0.04691494424753537,0.11948759779188561,0.019599998284005892,0.012737064754031531,0.011650822378108678,0.06618116611257162,0.07556475309333588
quality_linear,0.0,1e+19,exponential,2048,mixture,0.8047071577351047,lp_vertex_box,analytic_lp_charnes_cooper,box_only,True,False,0.02285247977920751,68.27091744235928,0.4871620101591301,0.4871620101591301,1.0,1.0,1.6922661084626793,0.0,146475254.39280847,2048.0,2.048e-16,False,False,True,False,35185,9.360958562156763e+18,6.390414378432351e+17,0.0,9.999999999999998e+18,2048.0,0.9360958562156763,0.0639041437843235,0.0,2.048e-16,68270917442.359276,lp_vertex_box,0.4871620101591301,False,True,N_below_support,lower_bound_Q0,0.0,0.0,0.0,0.11988006012024059,0.0,0.0,0.0,0.0,0.49689999999999995,0.0,0.0,0.0,0.0,0.0,0.0,0.0,0.3832199398797595
quality_linear,0.0,1e+19,exponential,4096,fixed_ref,0.8047071577351047,reference_p0,first_question_reference,in,True,True,0.020995843809107347,69.84466499559211,0.41663254110330095,0.41663254110330095,1.0,1.0,1.6923383070141473,0.0,143174858.10306484,-2048.0,-2.048e-16,False,False,True,False,35185,8.798686062881278e+18,1.2013139371187238e+18,0.0,1.0000000000000002e+19,-2048.0,0.8798686062881278,0.12013139371187238,0.0,-2.048e-16,69844664995.59212,reference_p0,0.41663254110330095,False,True,N_below_support,lower_bound_Q0,0.11302252583269279,0.0968248321520278,0.00588968021709595,0.11375419105058357,0.07507775607983627,0.0254628540970504,0.11070066007050916,0.005487697351193036,0.09943242344413017,0.002211033043406226,0.04691494424753537,0.11948759779188561,0.019599998284005892,0.012737064754031531,0.011650822378108678,0.06618116611257162,0.07556475309333588
quality_linear,0.0,1e+19,exponential,4096,mixture,0.8047071577351047,lp_vertex_box,analytic_lp_charnes_cooper,box_only,True,False,0.02222149805098683,65.9922960091233,0.4871620101591301,0.4871620101591301,1.0,1.0,1.6922896939053464,0.0,151532839.5092894,2048.0,2.048e-16,False,False,True,False,35185,8.798686062881275e+18,1.2013139371187236e+18,0.0,9.999999999999998e+18,2048.0,0.8798686062881275,0.12013139371187236,0.0,2.048e-16,65992296009.12329,lp_vertex_box,0.4871620101591301,False,True,N_below_support,lower_bound_Q0,0.0,0.0,0.0,0.11988006012024059,0.0,0.0,0.0,0.0,0.49689999999999995,0.0,0.0,0.0,0.0,0.0,0.0,0.0,0.3832199398797595
quality_linear,0.0,1e+19,exponential,8192,fixed_ref,0.8047071577351047,reference_p0,first_question_reference,in,True,True,0.019945273685572334,65.63834204082536,0.41663254110330095,0.41663254110330095,1.0,1.0,1.6923829409505353,0.0,152349978.5198757,0.0,0.0,False,False,True,False,35185,7.855048177628823e+18,2.1449518223711775e+18,0.0,1e+19,0.0,0.7855048177628823,0.21449518223711775,0.0,0.0,65638342040.82537,reference_p0,0.41663254110330095,False,True,N_below_support,lower_bound_Q0,0.11302252583269279,0.0968248321520278,0.00588968021709595,0.11375419105058357,0.07507775607983627,0.0254628540970504,0.11070066007050916,0.005487697351193036,0.09943242344413017,0.002211033043406226,0.04691494424753537,0.11948759779188561,0.019599998284005892,0.012737064754031531,0.011650822378108678,0.06618116611257162,0.07556475309333588
quality_linear,0.0,1e+19,exponential,8192,mixture,0.8047071577351047,lp_vertex_box,analytic_lp_charnes_cooper,box_only,True,False,0.021109599802704427,62.0179780056156,0.4871620101591301,0.4871620101591301,1.0,1.0,1.692333473844469,0.0,161243567.1329775,0.0,0.0,False,False,True,False,35185,7.855048177628824e+18,2.1449518223711775e+18,0.0,1e+19,0.0,0.7855048177628824,0.21449518223711775,0.0,0.0,62017978005.6156,lp_vertex_box,0.4871620101591301,False,True,N_below_support,lower_bound_Q0,0.0,0.0,0.0,0.11988006012024059,0.0,0.0,0.0,0.0,0.49689999999999995,0.0,0.0,0.0,0.0,0.0,0.0,0.0,0.3832199398797595
quality_linear,0.0,1e+19,exponential,32768,fixed_ref,0.8047071577351047,reference_p0,first_question_reference,in,True,True,0.01593480182414592,49.990219868494165,0.41663254110330095,0.41663254110330095,1.0,1.0,1.6925878289987635,0.0,200039128.17959818,0.0,0.0,False,False,True,False,35185,4.779505480499618e+18,5.220494519500383e+18,0.0,1e+19,0.0,0.4779505480499618,0.5220494519500383,0.0,0.0,49990219868.49416,reference_p0,0.41663254110330095,False,True,N_below_support,lower_bound_Q0,0.11302252583269279,0.0968248321520278,0.00588968021709595,0.11375419105058357,0.07507775607983627,0.0254628540970504,0.11070066007050916,0.005487697351193036,0.09943242344413017,0.002211033043406226,0.04691494424753537,0.11948759779188561,0.019599998284005892,0.012737064754031531,0.011650822378108678,0.06618116611257162,0.07556475309333588
quality_linear,0.0,1e+19,exponential,32768,mixture,0.8047071577351047,lp_vertex_box,analytic_lp_charnes_cooper,box_only,True,False,0.016873298906258067,47.209751405191696,0.4871620101591301,0.4871620101591301,1.0,1.0,1.692534441686993,0.0,211820645.14960125,0.0,0.0,False,False,True,False,35185,4.779505480499617e+18,5.220494519500382e+18,0.0,1e+19,0.0,0.4779505480499617,0.5220494519500383,0.0,0.0,47209751405.191696,lp_vertex_box,0.4871620101591301,False,True,N_below_support,lower_bound_Q0,0.0,0.0,0.0,0.11988006012024059,0.0,0.0,0.0,0.0,0.49689999999999995,0.0,0.0,0.0,0.0,0.0,0.0,0.0,0.3832199398797595
quality_linear,0.0,1e+19,exponential,131072,fixed_ref,0.8047071577351047,reference_p0,first_question_reference,in,True,True,0.010416136598831123,29.801854249581236,0.41663254110330095,0.41663254110330095,1.0,1.0,1.6930221433704056,0.0,335549590.8493853,0.0,0.0,False,False,True,False,35185,1.8625211085725637e+18,8.137478891427436e+18,0.0,1e+19,0.0,0.18625211085725638,0.8137478891427435,0.0,0.0,29801854249.581238,reference_p0,0.41663254110330095,False,True,N_below_support,lower_bound_Q0,0.11302252583269279,0.0968248321520278,0.00588968021709595,0.11375419105058357,0.07507775607983627,0.0254628540970504,0.11070066007050916,0.005487697351193036,0.09943242344413017,0.002211033043406226,0.04691494424753537,0.11948759779188561,0.019599998284005892,0.012737064754031531,0.011650822378108678,0.06618116611257162,0.07556475309333588
quality_linear,0.0,1e+19,exponential,131072,mixture,0.8047071577351047,lp_vertex_box,analytic_lp_charnes_cooper,box_only,True,False,0.011024189417399707,28.15809607481448,0.4871620101591301,0.4871620101591301,1.0,1.0,1.6929604461348704,0.0,355137647.56788105,0.0,0.0,False,False,True,False,35185,1.862521108572564e+18,8.137478891427437e+18,0.0,1e+19,0.0,0.1862521108572564,0.8137478891427437,0.0,0.0,28158096074.81448,lp_vertex_box,0.4871620101591301,False,True,N_below_support,lower_bound_Q0,0.0,0.0,0.0,0.11988006012024059,0.0,0.0,0.0,0.0,0.49689999999999995,0.0,0.0,0.0,0.0,0.0,0.0,0.0,0.3832199398797595
quality_linear,0.0,1e+19,power,2048,fixed_ref,0.8047071577351047,reference_p0,first_question_reference,in,True,True,0.021592022958763536,72.25630332734711,0.41663254110330095,0.41663254110330095,1.0,1.0,1.6923142614993059,0.0,138396230.35649076,0.0,0.0,False,False,True,False,35185,9.360958562156765e+18,6.390414378432352e+17,0.0,1e+19,0.0,0.9360958562156765,0.06390414378432352,0.0,0.0,72256303327.3471,reference_p0,0.41663254110330095,False,True,N_below_support,lower_bound_Q0,0.11302252583269279,0.0968248321520278,0.00588968021709595,0.11375419105058357,0.07507775607983627,0.0254628540970504,0.11070066007050916,0.005487697351193036,0.09943242344413017,0.002211033043406226,0.04691494424753537,0.11948759779188561,0.019599998284005892,0.012737064754031531,0.011650822378108678,0.06618116611257162,0.07556475309333588
quality_linear,0.0,1e+19,power,2048,mixture,0.8047071577351047,lp_vertex_box,analytic_lp_charnes_cooper,box_only,True,False,0.02285247977920751,68.27091744235928,0.4871620101591301,0.4871620101591301,1.0,1.0,1.6922661084626793,0.0,146475254.39280847,2048.0,2.048e-16,False,False,True,False,35185,9.360958562156763e+18,6.390414378432351e+17,0.0,9.999999999999998e+18,2048.0,0.9360958562156763,0.0639041437843235,0.0,2.048e-16,68270917442.359276,lp_vertex_box,0.4871620101591301,False,True,N_below_support,lower_bound_Q0,0.0,0.0,0.0,0.11988006012024059,0.0,0.0,0.0,0.0,0.49689999999999995,0.0,0.0,0.0,0.0,0.0,0.0,0.0,0.3832199398797595
quality_linear,0.0,1e+19,power,4096,fixed_ref,0.8047071577351047,reference_p0,first_question_reference,in,True,True,0.020995843809107347,69.84466499559211,0.41663254110330095,0.41663254110330095,1.0,1.0,1.6923383070141473,0.0,143174858.10306484,-2048.0,-2.048e-16,False,False,True,False,35185,8.798686062881278e+18,1.2013139371187238e+18,0.0,1.0000000000000002e+19,-2048.0,0.8798686062881278,0.12013139371187238,0.0,-2.048e-16,69844664995.59212,reference_p0,0.41663254110330095,False,True,N_below_support,lower_bound_Q0,0.11302252583269279,0.0968248321520278,0.00588968021709595,0.11375419105058357,0.07507775607983627,0.0254628540970504,0.11070066007050916,0.005487697351193036,0.09943242344413017,0.002211033043406226,0.04691494424753537,0.11948759779188561,0.019599998284005892,0.012737064754031531,0.011650822378108678,0.06618116611257162,0.07556475309333588
quality_linear,0.0,1e+19,power,4096,mixture,0.8047071577351047,lp_vertex_box,analytic_lp_charnes_cooper,box_only,True,False,0.02222149805098683,65.9922960091233,0.4871620101591301,0.4871620101591301,1.0,1.0,1.6922896939053464,0.0,151532839.5092894,2048.0,2.048e-16,False,False,True,False,35185,8.798686062881275e+18,1.2013139371187236e+18,0.0,9.999999999999998e+18,2048.0,0.8798686062881275,0.12013139371187236,0.0,2.048e-16,65992296009.12329,lp_vertex_box,0.4871620101591301,False,True,N_below_support,lower_bound_Q0,0.0,0.0,0.0,0.11988006012024059,0.0,0.0,0.0,0.0,0.49689999999999995,0.0,0.0,0.0,0.0,0.0,0.0,0.0,0.3832199398797595
quality_linear,0.0,1e+19,power,8192,fixed_ref,0.8047071577351047,reference_p0,first_question_reference,in,True,True,0.019945273685572334,65.63834204082536,0.41663254110330095,0.41663254110330095,1.0,1.0,1.6923829409505353,0.0,152349978.5198757,0.0,0.0,False,False,True,False,35185,7.855048177628823e+18,2.1449518223711775e+18,0.0,1e+19,0.0,0.7855048177628823,0.21449518223711775,0.0,0.0,65638342040.82537,reference_p0,0.41663254110330095,False,True,N_below_support,lower_bound_Q0,0.11302252583269279,0.0968248321520278,0.00588968021709595,0.11375419105058357,0.07507775607983627,0.0254628540970504,0.11070066007050916,0.005487697351193036,0.09943242344413017,0.002211033043406226,0.04691494424753537,0.11948759779188561,0.019599998284005892,0.012737064754031531,0.011650822378108678,0.06618116611257162,0.07556475309333588
quality_linear,0.0,1e+19,power,8192,mixture,0.8047071577351047,lp_vertex_box,analytic_lp_charnes_cooper,box_only,True,False,0.021109599802704427,62.0179780056156,0.4871620101591301,0.4871620101591301,1.0,1.0,1.692333473844469,0.0,161243567.1329775,0.0,0.0,False,False,True,False,35185,7.855048177628824e+18,2.1449518223711775e+18,0.0,1e+19,0.0,0.7855048177628824,0.21449518223711775,0.0,0.0,62017978005.6156,lp_vertex_box,0.4871620101591301,False,True,N_below_support,lower_bound_Q0,0.0,0.0,0.0,0.11988006012024059,0.0,0.0,0.0,0.0,0.49689999999999995,0.0,0.0,0.0,0.0,0.0,0.0,0.0,0.3832199398797595
quality_linear,0.0,1e+19,power,32768,fixed_ref,0.8047071577351047,reference_p0,first_question_reference,in,True,True,0.01593480182414592,49.990219868494165,0.41663254110330095,0.41663254110330095,1.0,1.0,1.6925878289987635,0.0,200039128.17959818,0.0,0.0,False,False,True,False,35185,4.779505480499618e+18,5.220494519500383e+18,0.0,1e+19,0.0,0.4779505480499618,0.5220494519500383,0.0,0.0,49990219868.49416,reference_p0,0.41663254110330095,False,True,N_below_support,lower_bound_Q0,0.11302252583269279,0.0968248321520278,0.00588968021709595,0.11375419105058357,0.07507775607983627,0.0254628540970504,0.11070066007050916,0.005487697351193036,0.09943242344413017,0.002211033043406226,0.04691494424753537,0.11948759779188561,0.019599998284005892,0.012737064754031531,0.011650822378108678,0.06618116611257162,0.07556475309333588
quality_linear,0.0,1e+19,power,32768,mixture,0.8047071577351047,lp_vertex_box,analytic_lp_charnes_cooper,box_only,True,False,0.016873298906258067,47.209751405191696,0.4871620101591301,0.4871620101591301,1.0,1.0,1.692534441686993,0.0,211820645.14960125,0.0,0.0,False,False,True,False,35185,4.779505480499617e+18,5.220494519500382e+18,0.0,1e+19,0.0,0.4779505480499617,0.5220494519500383,0.0,0.0,47209751405.191696,lp_vertex_box,0.4871620101591301,False,True,N_below_support,lower_bound_Q0,0.0,0.0,0.0,0.11988006012024059,0.0,0.0,0.0,0.0,0.49689999999999995,0.0,0.0,0.0,0.0,0.0,0.0,0.0,0.3832199398797595
quality_linear,0.0,1e+19,power,131072,fixed_ref,0.8047071577351047,reference_p0,first_question_reference,in,True,True,0.010416136598831123,29.801854249581236,0.41663254110330095,0.41663254110330095,1.0,1.0,1.6930221433704056,0.0,335549590.8493853,0.0,0.0,False,False,True,False,35185,1.8625211085725637e+18,8.137478891427436e+18,0.0,1e+19,0.0,0.18625211085725638,0.8137478891427435,0.0,0.0,29801854249.581238,reference_p0,0.41663254110330095,False,True,N_below_support,lower_bound_Q0,0.11302252583269279,0.0968248321520278,0.00588968021709595,0.11375419105058357,0.07507775607983627,0.0254628540970504,0.11070066007050916,0.005487697351193036,0.09943242344413017,0.002211033043406226,0.04691494424753537,0.11948759779188561,0.019599998284005892,0.012737064754031531,0.011650822378108678,0.06618116611257162,0.07556475309333588
quality_linear,0.0,1e+19,power,131072,mixture,0.8047071577351047,lp_vertex_box,analytic_lp_charnes_cooper,box_only,True,False,0.011024189417399707,28.15809607481448,0.4871620101591301,0.4871620101591301,1.0,1.0,1.6929604461348704,0.0,355137647.56788105,0.0,0.0,False,False,True,False,35185,1.862521108572564e+18,8.137478891427437e+18,0.0,1e+19,0.0,0.1862521108572564,0.8137478891427437,0.0,0.0,28158096074.81448,lp_vertex_box,0.4871620101591301,False,True,N_below_support,lower_bound_Q0,0.0,0.0,0.0,0.11988006012024059,0.0,0.0,0.0,0.0,0.49689999999999995,0.0,0.0,0.0,0.0,0.0,0.0,0.0,0.3832199398797595
quality_linear,0.0,1e+19,logarithmic,2048,fixed_ref,0.8047071577351047,reference_p0,first_question_reference,in,True,True,0.021592022958763536,72.25630332734711,0.41663254110330095,0.41663254110330095,1.0,1.0,1.6923142614993059,0.0,138396230.35649076,0.0,0.0,False,False,True,False,35185,9.360958562156765e+18,6.390414378432352e+17,0.0,1e+19,0.0,0.9360958562156765,0.06390414378432352,0.0,0.0,72256303327.3471,reference_p0,0.41663254110330095,False,True,N_below_support,lower_bound_Q0,0.11302252583269279,0.0968248321520278,0.00588968021709595,0.11375419105058357,0.07507775607983627,0.0254628540970504,0.11070066007050916,0.005487697351193036,0.09943242344413017,0.002211033043406226,0.04691494424753537,0.11948759779188561,0.019599998284005892,0.012737064754031531,0.011650822378108678,0.06618116611257162,0.07556475309333588
quality_linear,0.0,1e+19,logarithmic,2048,mixture,0.8047071577351047,lp_vertex_box,analytic_lp_charnes_cooper,box_only,True,False,0.02285247977920751,68.27091744235928,0.4871620101591301,0.4871620101591301,1.0,1.0,1.6922661084626793,0.0,146475254.39280847,2048.0,2.048e-16,False,False,True,False,35185,9.360958562156763e+18,6.390414378432351e+17,0.0,9.999999999999998e+18,2048.0,0.9360958562156763,0.0639041437843235,0.0,2.048e-16,68270917442.359276,lp_vertex_box,0.4871620101591301,False,True,N_below_support,lower_bound_Q0,0.0,0.0,0.0,0.11988006012024059,0.0,0.0,0.0,0.0,0.49689999999999995,0.0,0.0,0.0,0.0,0.0,0.0,0.0,0.3832199398797595
quality_linear,0.0,1e+19,logarithmic,4096,fixed_ref,0.8047071577351047,reference_p0,first_question_reference,in,True,True,0.020995843809107347,69.84466499559211,0.41663254110330095,0.41663254110330095,1.0,1.0,1.6923383070141473,0.0,143174858.10306484,-2048.0,-2.048e-16,False,False,True,False,35185,8.798686062881278e+18,1.2013139371187238e+18,0.0,1.0000000000000002e+19,-2048.0,0.8798686062881278,0.12013139371187238,0.0,-2.048e-16,69844664995.59212,reference_p0,0.41663254110330095,False,True,N_below_support,lower_bound_Q0,0.11302252583269279,0.0968248321520278,0.00588968021709595,0.11375419105058357,0.07507775607983627,0.0254628540970504,0.11070066007050916,0.005487697351193036,0.09943242344413017,0.002211033043406226,0.04691494424753537,0.11948759779188561,0.019599998284005892,0.012737064754031531,0.011650822378108678,0.06618116611257162,0.07556475309333588
quality_linear,0.0,1e+19,logarithmic,4096,mixture,0.8047071577351047,lp_vertex_box,analytic_lp_charnes_cooper,box_only,True,False,0.02222149805098683,65.9922960091233,0.4871620101591301,0.4871620101591301,1.0,1.0,1.6922896939053464,0.0,151532839.5092894,2048.0,2.048e-16,False,False,True,False,35185,8.798686062881275e+18,1.2013139371187236e+18,0.0,9.999999999999998e+18,2048.0,0.8798686062881275,0.12013139371187236,0.0,2.048e-16,65992296009.12329,lp_vertex_box,0.4871620101591301,False,True,N_below_support,lower_bound_Q0,0.0,0.0,0.0,0.11988006012024059,0.0,0.0,0.0,0.0,0.49689999999999995,0.0,0.0,0.0,0.0,0.0,0.0,0.0,0.3832199398797595
quality_linear,0.0,1e+19,logarithmic,8192,fixed_ref,0.8047071577351047,reference_p0,first_question_reference,in,True,True,0.019945273685572334,65.63834204082536,0.41663254110330095,0.41663254110330095,1.0,1.0,1.6923829409505353,0.0,152349978.5198757,0.0,0.0,False,False,True,False,35185,7.855048177628823e+18,2.1449518223711775e+18,0.0,1e+19,0.0,0.7855048177628823,0.21449518223711775,0.0,0.0,65638342040.82537,reference_p0,0.41663254110330095,False,True,N_below_support,lower_bound_Q0,0.11302252583269279,0.0968248321520278,0.00588968021709595,0.11375419105058357,0.07507775607983627,0.0254628540970504,0.11070066007050916,0.005487697351193036,0.09943242344413017,0.002211033043406226,0.04691494424753537,0.11948759779188561,0.019599998284005892,0.012737064754031531,0.011650822378108678,0.06618116611257162,0.07556475309333588
quality_linear,0.0,1e+19,logarithmic,8192,mixture,0.8047071577351047,lp_vertex_box,analytic_lp_charnes_cooper,box_only,True,False,0.021109599802704427,62.0179780056156,0.4871620101591301,0.4871620101591301,1.0,1.0,1.692333473844469,0.0,161243567.1329775,0.0,0.0,False,False,True,False,35185,7.855048177628824e+18,2.1449518223711775e+18,0.0,1e+19,0.0,0.7855048177628824,0.21449518223711775,0.0,0.0,62017978005.6156,lp_vertex_box,0.4871620101591301,False,True,N_below_support,lower_bound_Q0,0.0,0.0,0.0,0.11988006012024059,0.0,0.0,0.0,0.0,0.49689999999999995,0.0,0.0,0.0,0.0,0.0,0.0,0.0,0.3832199398797595
quality_linear,0.0,1e+19,logarithmic,32768,fixed_ref,0.8047071577351047,reference_p0,first_question_reference,in,True,True,0.01593480182414592,49.990219868494165,0.41663254110330095,0.41663254110330095,1.0,1.0,1.6925878289987635,0.0,200039128.17959818,0.0,0.0,False,False,True,False,35185,4.779505480499618e+18,5.220494519500383e+18,0.0,1e+19,0.0,0.4779505480499618,0.5220494519500383,0.0,0.0,49990219868.49416,reference_p0,0.41663254110330095,False,True,N_below_support,lower_bound_Q0,0.11302252583269279,0.0968248321520278,0.00588968021709595,0.11375419105058357,0.07507775607983627,0.0254628540970504,0.11070066007050916,0.005487697351193036,0.09943242344413017,0.002211033043406226,0.04691494424753537,0.11948759779188561,0.019599998284005892,0.012737064754031531,0.011650822378108678,0.06618116611257162,0.07556475309333588
quality_linear,0.0,1e+19,logarithmic,32768,mixture,0.8047071577351047,lp_vertex_box,analytic_lp_charnes_cooper,box_only,True,False,0.016873298906258067,47.209751405191696,0.4871620101591301,0.4871620101591301,1.0,1.0,1.692534441686993,0.0,211820645.14960125,0.0,0.0,False,False,True,False,35185,4.779505480499617e+18,5.220494519500382e+18,0.0,1e+19,0.0,0.4779505480499617,0.5220494519500383,0.0,0.0,47209751405.191696,lp_vertex_box,0.4871620101591301,False,True,N_below_support,lower_bound_Q0,0.0,0.0,0.0,0.11988006012024059,0.0,0.0,0.0,0.0,0.49689999999999995,0.0,0.0,0.0,0.0,0.0,0.0,0.0,0.3832199398797595
quality_linear,0.0,1e+19,logarithmic,131072,fixed_ref,0.8047071577351047,reference_p0,first_question_reference,in,True,True,0.010416136598831123,29.801854249581236,0.41663254110330095,0.41663254110330095,1.0,1.0,1.6930221433704056,0.0,335549590.8493853,0.0,0.0,False,False,True,False,35185,1.8625211085725637e+18,8.137478891427436e+18,0.0,1e+19,0.0,0.18625211085725638,0.8137478891427435,0.0,0.0,29801854249.581238,reference_p0,0.41663254110330095,False,True,N_below_support,lower_bound_Q0,0.11302252583269279,0.0968248321520278,0.00588968021709595,0.11375419105058357,0.07507775607983627,0.0254628540970504,0.11070066007050916,0.005487697351193036,0.09943242344413017,0.002211033043406226,0.04691494424753537,0.11948759779188561,0.019599998284005892,0.012737064754031531,0.011650822378108678,0.06618116611257162,0.07556475309333588
quality_linear,0.0,1e+19,logarithmic,131072,mixture,0.8047071577351047,lp_vertex_box,analytic_lp_charnes_cooper,box_only,True,False,0.011024189417399707,28.15809607481448,0.4871620101591301,0.4871620101591301,1.0,1.0,1.6929604461348704,0.0,355137647.56788105,0.0,0.0,False,False,True,False,35185,1.862521108572564e+18,8.137478891427437e+18,0.0,1e+19,0.0,0.1862521108572564,0.8137478891427437,0.0,0.0,28158096074.81448,lp_vertex_box,0.4871620101591301,False,True,N_below_support,lower_bound_Q0,0.0,0.0,0.0,0.11988006012024059,0.0,0.0,0.0,0.0,0.49689999999999995,0.0,0.0,0.0,0.0,0.0,0.0,0.0,0.3832199398797595
quality_linear,0.0,1e+22,exponential,2048,fixed_ref,0.8047071577351047,reference_p0,first_question_reference,in,True,True,0.7390832048187815,1786.5544052099483,0.7644906677270099,0.41663254110330095,1.0,1.0,1.690630005622433,860138914.5713452,5597366624.177808,2097152.0,2.097152e-16,False,False,False,False,35185,7.922474132314083e+21,5.408409007659748e+20,1.53668496691994e+21,9.999999999999998e+21,2097152.0,0.7922474132314083,0.05408409007659748,0.153668496691994,2.097152e-16,1786554405209.9482,reference_p0,0.41663254110330095,True,False,D_above_support;Q_above_A_supported,interior,0.11302252583269279,0.0968248321520278,0.00588968021709595,0.11375419105058357,0.07507775607983627,0.0254628540970504,0.11070066007050916,0.005487697351193036,0.09943242344413017,0.002211033043406226,0.04691494424753537,0.11948759779188561,0.019599998284005892,0.012737064754031531,0.011650822378108678,0.06618116611257162,0.07556475309333588
quality_linear,0.0,1e+22,exponential,2048,mixture,0.8047071577351047,lp_vertex_box,analytic_lp_charnes_cooper,box_only,True,False,0.7261282500540663,1843.1994138175673,0.7602243073098676,0.4871620101591301,1.0,1.0,1.6906284131378808,771157316.0686066,5425348947.6151495,0.0,0.0,False,False,False,False,35185,8.030394989136186e+21,5.482082979250303e+20,1.4213967129387842e+21,1e+22,0.0,0.8030394989136187,0.05482082979250303,0.14213967129387842,0.0,1843199413817.5674,lp_vertex_box,0.4871620101591301,True,False,D_above_support;Q_above_A_supported,interior,0.0,0.0,0.0,0.11988006012024059,0.0,0.0,0.0,0.0,0.49689999999999995,0.0,0.0,0.0,0.0,0.0,0.0,0.0,0.3832199398797595
quality_linear,0.0,1e+22,exponential,4096,fixed_ref,0.8047071577351047,reference_p0,first_question_reference,in,True,True,0.7202666946511164,1723.8166870950865,0.7693909543817422,0.41663254110330095,1.0,1.0,1.690637236516379,889438221.8357941,5801080866.000688,0.0,0.0,False,False,False,False,35185,7.449646484390494e+21,1.0171250666687821e+21,1.533228448940723e+21,1e+22,0.0,0.7449646484390494,0.10171250666687821,0.1533228448940723,0.0,1723816687095.0864,reference_p0,0.41663254110330095,True,False,D_above_support;Q_above_A_supported,interior,0.11302252583269279,0.0968248321520278,0.00588968021709595,0.11375419105058357,0.07507775607983627,0.0254628540970504,0.11070066007050916,0.005487697351193036,0.09943242344413017,0.002211033043406226,0.04691494424753537,0.11948759779188561,0.019599998284005892,0.012737064754031531,0.011650822378108678,0.06618116611257162,0.07556475309333588
quality_linear,0.0,1e+22,exponential,4096,mixture,0.8047071577351047,lp_vertex_box,analytic_lp_charnes_cooper,box_only,True,False,0.7079892551963212,1776.6976776671731,0.7652569574501724,0.4871620101591301,1.0,1.0,1.690635686986963,800499252.8099915,5628419581.844745,0.0,0.0,False,False,False,False,35185,7.547297193123693e+21,1.0304576434344881e+21,1.4222451634418192e+21,1e+22,0.0,0.7547297193123693,0.10304576434344881,0.14222451634418193,0.0,1776697677667.173,lp_vertex_box,0.4871620101591301,True,False,D_above_support;Q_above_A_supported,interior,0.0,0.0,0.0,0.11988006012024059,0.0,0.0,0.0,0.0,0.49689999999999995,0.0,0.0,0.0,0.0,0.0,0.0,0.0,0.3832199398797595
quality_linear,0.0,1e+22,exponential,8192,fixed_ref,0.8047071577351047,reference_p0,first_question_reference,in,True,True,0.6864148438890036,1616.1073519237568,0.7782425832914014,0.41663254110330095,1.0,1.0,1.690650647113936,944596614.8964548,6187707758.4582205,0.0,0.0,False,False,False,False,35185,6.655920454071699e+21,1.8175100119918455e+21,1.5265695339364543e+21,1e+22,0.0,0.66559204540717,0.18175100119918455,0.15265695339364543,0.0,1616107351923.7568,reference_p0,0.41663254110330095,True,False,D_above_support;Q_above_A_supported,interior,0.11302252583269279,0.0968248321520278,0.00588968021709595,0.11375419105058357,0.07507775607983627,0.0254628540970504,0.11070066007050916,0.005487697351193036,0.09943242344413017,0.002211033043406226,0.04691494424753537,0.11948759779188561,0.019599998284005892,0.012737064754031531,0.011650822378108678,0.06618116611257162,0.07556475309333588
quality_linear,0.0,1e+22,exponential,8192,mixture,0.8047071577351047,lp_vertex_box,analytic_lp_charnes_cooper,box_only,True,False,0.6757094613478459,1661.8187541474754,0.7744059871889335,0.4871620101591301,1.0,1.0,1.6906491730391353,856164248.4751782,6017503398.034565,2097152.0,2.097152e-16,False,False,False,False,35185,6.737439931336433e+21,1.8397702639169354e+21,1.4227898047466302e+21,9.999999999999998e+21,2097152.0,0.6737439931336433,0.18397702639169353,0.14227898047466303,2.097152e-16,1661818754147.4753,lp_vertex_box,0.4871620101591301,True,False,D_above_support;Q_above_A_supported,interior,0.0,0.0,0.0,0.11988006012024059,0.0,0.0,0.0,0.0,0.49689999999999995,0.0,0.0,0.0,0.0,0.0,0.0,0.0,0.3832199398797595
quality_linear,0.0,1e+22,exponential,32768,fixed_ref,0.8047071577351047,reference_p0,first_question_reference,in,True,True,0.5557165531616646,1219.440588216475,0.817055964889995,0.41663254110330095,1.0,1.0,1.6907120322117328,1224238191.3354754,8200481513.105747,-2097152.0,-2.097152e-16,False,False,False,False,35185,4.0659799228145536e+21,4.441134337026243e+21,1.4928857401592054e+21,1.0000000000000002e+22,-2097152.0,0.4065979922814554,0.4441134337026243,0.14928857401592055,-2.097152e-16,1219440588216.4749,reference_p0,0.41663254110330095,True,False,D_above_support;Q_above_A_supported,interior,0.11302252583269279,0.0968248321520278,0.00588968021709595,0.11375419105058357,0.07507775607983627,0.0254628540970504,0.11070066007050916,0.005487697351193036,0.09943242344413017,0.002211033043406226,0.04691494424753537,0.11948759779188561,0.019599998284005892,0.012737064754031531,0.011650822378108678,0.06618116611257162,0.07556475309333588
quality_linear,0.0,1e+22,exponential,32768,mixture,0.8047071577351047,lp_vertex_box,analytic_lp_charnes_cooper,box_only,True,False,0.5490686740526706,1245.3957127318668,0.8141475124816686,0.4871620101591301,1.0,1.0,1.6907108451281865,1136787874.4521751,8029576381.039781,0.0,0.0,False,False,False,False,35185,4.1028466359634e+21,4.48140261890829e+21,1.4157507451283104e+21,1e+22,0.0,0.41028466359634,0.448140261890829,0.14157507451283105,0.0,1245395712731.8667,lp_vertex_box,0.4871620101591301,True,False,D_above_support;Q_above_A_supported,interior,0.0,0.0,0.0,0.11988006012024059,0.0,0.0,0.0,0.0,0.49689999999999995,0.0,0.0,0.0,0.0,0.0,0.0,0.0,0.3832199398797595
quality_linear,0.0,1e+22,exponential,131072,fixed_ref,0.8047071577351047,reference_p0,first_question_reference,in,True,True,0.3708286954532517,718.3964746671064,0.8908402810912497,0.41663254110330095,1.0,1.0,1.690841381768011,1973866207.1642714,13919890133.973503,-2097152.0,-2.097152e-16,False,False,False,False,35185,1.5984121651141086e+21,6.983569310194548e+21,1.418018524691345e+21,1.0000000000000002e+22,-2097152.0,0.15984121651141087,0.6983569310194547,0.1418018524691345,-2.097152e-16,718396474667.1064,reference_p0,0.41663254110330095,True,False,D_above_support;Q_above_A_supported,interior,0.11302252583269279,0.0968248321520278,0.00588968021709595,0.11375419105058357,0.07507775607983627,0.0254628540970504,0.11070066007050916,0.005487697351193036,0.09943242344413017,0.002211033043406226,0.04691494424753537,0.11948759779188561,0.019599998284005892,0.012737064754031531,0.011650822378108678,0.06618116611257162,0.07556475309333588
quality_linear,0.0,1e+22,exponential,131072,mixture,0.8047071577351047,lp_vertex_box,analytic_lp_charnes_cooper,box_only,True,False,0.36846818914786805,726.7798284483092,0.889213318514643,0.4871620101591301,1.0,1.0,1.6908405892385414,1889343555.9288838,13759325188.413963,-2097152.0,-2.097152e-16,False,False,False,False,35185,1.60677148378528e+21,7.020091730756809e+21,1.3731367854579127e+21,1.0000000000000002e+22,-2097152.0,0.160677148378528,0.7020091730756809,0.13731367854579127,-2.097152e-16,726779828448.3092,lp_vertex_box,0.4871620101591301,True,False,D_above_support;Q_above_A_supported,interior,0.0,0.0,0.0,0.11988006012024059,0.0,0.0,0.0,0.0,0.49689999999999995,0.0,0.0,0.0,0.0,0.0,0.0,0.0,0.3832199398797595
quality_linear,0.0,1e+22,power,2048,fixed_ref,0.8047071577351047,reference_p0,first_question_reference,in,True,True,0.7340179266611321,1754.0608890521355,0.6920597640303958,0.41663254110330095,1.0,1.0,1.6906445121898166,996295064.4801215,5701056367.2073145,2097152.0,2.097152e-16,False,False,False,False,35185,7.725072822116583e+21,5.273649713231588e+20,1.7475622065602565e+21,9.999999999999998e+21,2097152.0,0.7725072822116583,0.05273649713231588,0.17475622065602564,2.097152e-16,1754060889052.1355,reference_p0,0.41663254110330095,True,False,D_above_support;Q_above_A_supported,interior,0.11302252583269279,0.0968248321520278,0.00588968021709595,0.11375419105058357,0.07507775607983627,0.0254628540970504,0.11070066007050916,0.005487697351193036,0.09943242344413017,0.002211033043406226,0.04691494424753537,0.11948759779188561,0.019599998284005892,0.012737064754031531,0.011650822378108678,0.06618116611257162,0.07556475309333588
quality_linear,0.0,1e+22,power,2048,mixture,0.8047071577351047,lp_vertex_box,analytic_lp_charnes_cooper,box_only,True,False,0.7024466300419726,1892.586294202954,0.6790317967582609,0.4871620101591301,1.0,1.0,1.6906411746090109,781373002.5952445,5283774922.512272,0.0,0.0,False,False,False,False,35185,7.976645186558941e+21,5.445389780690905e+20,1.478815835371969e+21,1e+22,0.0,0.7976645186558942,0.05445389780690905,0.14788158353719688,0.0,1892586294202.9539,lp_vertex_box,0.4871620101591301,True,False,D_above_support;Q_above_A_supported,interior,0.0,0.0,0.0,0.11988006012024059,0.0,0.0,0.0,0.0,0.49689999999999995,0.0,0.0,0.0,0.0,0.0,0.0,0.0,0.3832199398797595
quality_linear,0.0,1e+22,power,4096,fixed_ref,0.8047071577351047,reference_p0,first_question_reference,in,True,True,0.7174417842712534,1684.6655361572473,0.6990757300027267,0.41663254110330095,1.0,1.0,1.690651755841625,1043517330.5146822,5935896345.817213,0.0,0.0,False,False,False,False,35185,7.251896688965659e+21,9.901256279334447e+20,1.7579776831008966e+21,1e+22,0.0,0.7251896688965659,0.09901256279334447,0.17579776831008967,0.0,1684665536157.2473,reference_p0,0.41663254110330095,True,False,D_above_support;Q_above_A_supported,interior,0.11302252583269279,0.0968248321520278,0.00588968021709595,0.11375419105058357,0.07507775607983627,0.0254628540970504,0.11070066007050916,0.005487697351193036,0.09943242344413017,0.002211033043406226,0.04691494424753537,0.11948759779188561,0.019599998284005892,0.012737064754031531,0.011650822378108678,0.06618116611257162,0.07556475309333588
quality_linear,0.0,1e+22,power,4096,mixture,0.8047071577351047,lp_vertex_box,analytic_lp_charnes_cooper,box_only,True,False,0.6881028131028888,1811.1077656958012,0.6865397449295312,0.4871620101591301,1.0,1.0,1.6906485253711125,829171888.5986916,5521482591.709911,0.0,0.0,False,False,False,False,35185,7.477370090446612e+21,1.0209102630156441e+21,1.501719646537744e+21,1e+22,0.0,0.7477370090446611,0.10209102630156441,0.15017196465377441,0.0,1811107765695.8013,lp_vertex_box,0.4871620101591301,True,False,D_above_support;Q_above_A_supported,interior,0.0,0.0,0.0,0.11988006012024059,0.0,0.0,0.0,0.0,0.49689999999999995,0.0,0.0,0.0,0.0,0.0,0.0,0.0,0.3832199398797595
quality_linear,0.0,1e+22,power,8192,fixed_ref,0.8047071577351047,reference_p0,first_question_reference,in,True,True,0.6881028131028888,1564.6709925934697,0.7121120481508717,0.41663254110330095,1.0,1.0,1.6906651687924776,1135115424.983025,6391119952.588131,0.0,0.0,False,False,False,False,35185,6.459927069504336e+21,1.7639907517793174e+21,1.7760821787163482e+21,1e+22,0.0,0.6459927069504335,0.17639907517793174,0.1776082178716348,0.0,1564670992593.4697,reference_p0,0.41663254110330095,True,False,D_above_support;Q_above_A_supported,interior,0.11302252583269279,0.0968248321520278,0.00588968021709595,0.11375419105058357,0.07507775607983627,0.0254628540970504,0.11070066007050916,0.005487697351193036,0.09943242344413017,0.002211033043406226,0.04691494424753537,0.11948759779188561,0.019599998284005892,0.012737064754031531,0.011650822378108678,0.06618116611257162,0.07556475309333588
quality_linear,0.0,1e+22,power,8192,mixture,0.8047071577351047,lp_vertex_box,analytic_lp_charnes_cooper,box_only,True,False,0.6619116119411185,1673.1698047229243,0.7002701273775375,0.4871620101591301,1.0,1.0,1.690662124405369,920734039.4399334,5976679696.090973,0.0,0.0,False,False,False,False,35185,6.644943134972144e+21,1.8145124720563936e+21,1.5405443929714626e+21,1e+22,0.0,0.6644943134972143,0.18145124720563938,0.15405443929714627,0.0,1673169804722.9243,lp_vertex_box,0.4871620101591301,True,False,D_above_support;Q_above_A_supported,interior,0.0,0.0,0.0,0.11988006012024059,0.0,0.0,0.0,0.0,0.49689999999999995,0.0,0.0,0.0,0.0,0.0,0.0,0.0,0.3832199398797595
quality_linear,0.0,1e+22,power,32768,fixed_ref,0.8047071577351047,reference_p0,first_question_reference,in,True,True,0.5712155216230432,1137.8921687655877,0.7711332785256471,0.41663254110330095,1.0,1.0,1.6907262369081466,1617367773.4330606,8788178945.680096,2097152.0,2.097152e-16,False,False,False,False,35185,3.8998900123932657e+21,4.2597198642034183e+21,1.840390123403315e+21,9.999999999999998e+21,2097152.0,0.38998900123932656,0.42597198642034184,0.1840390123403315,2.097152e-16,1137892168765.5876,reference_p0,0.41663254110330095,True,False,D_above_support;Q_above_A_supported,interior,0.11302252583269279,0.0968248321520278,0.00588968021709595,0.11375419105058357,0.07507775607983627,0.0254628540970504,0.11070066007050916,0.005487697351193036,0.09943242344413017,0.002211033043406226,0.04691494424753537,0.11948759779188561,0.019599998284005892,0.012737064754031531,0.011650822378108678,0.06618116611257162,0.07556475309333588
quality_linear,0.0,1e+22,power,32768,mixture,0.8047071577351047,lp_vertex_box,analytic_lp_charnes_cooper,box_only,True,False,0.5557165531616646,1193.2289237201862,0.7620294970341073,0.4871620101591301,1.0,1.0,1.6907238769011668,1404378201.2334843,8380621523.0037565,-2097152.0,-2.097152e-16,False,False,False,False,35185,3.978582387735508e+21,4.345672922710572e+21,1.6757446895539215e+21,1.0000000000000002e+22,-2097152.0,0.3978582387735508,0.43456729227105717,0.16757446895539216,-2.097152e-16,1193228923720.1863,lp_vertex_box,0.4871620101591301,True,False,D_above_support;Q_above_A_supported,interior,0.0,0.0,0.0,0.11988006012024059,0.0,0.0,0.0,0.0,0.49689999999999995,0.0,0.0,0.0,0.0,0.0,0.0,0.0,0.3832199398797595
quality_linear,0.0,1e+22,power,131072,fixed_ref,0.8047071577351047,reference_p0,first_question_reference,in,True,True,0.39810717055349687,630.2788037207847,0.8938582354119419,0.41663254110330095,1.0,1.0,1.6908534107698188,3041210812.0867987,15865994447.165367,-2097152.0,-2.097152e-16,False,False,False,False,35185,1.5055110672547465e+21,6.577678220240472e+21,1.9168107125047836e+21,1.0000000000000002e+22,-2097152.0,0.15055110672547464,0.6577678220240472,0.19168107125047837,-2.097152e-16,630278803720.7847,reference_p0,0.41663254110330095,True,False,D_above_support;Q_above_A_supported,interior,0.11302252583269279,0.0968248321520278,0.00588968021709595,0.11375419105058357,0.07507775607983627,0.0254628540970504,0.11070066007050916,0.005487697351193036,0.09943242344413017,0.002211033043406226,0.04691494424753537,0.11948759779188561,0.019599998284005892,0.012737064754031531,0.011650822378108678,0.06618116611257162,0.07556475309333588
quality_linear,0.0,1e+22,power,131072,mixture,0.8047071577351047,lp_vertex_box,analytic_lp_charnes_cooper,box_only,True,False,0.3922834625395209,646.5297164029765,0.8881876425349612,0.4871620101591301,1.0,1.0,1.6908519316637907,2830016773.0992255,15467193148.732368,0.0,0.0,False,False,False,False,35185,1.521737494711525e+21,6.648572563560967e+21,1.8296899417275092e+21,1e+22,0.0,0.1521737494711525,0.6648572563560967,0.18296899417275092,0.0,646529716402.9766,lp_vertex_box,0.4871620101591301,True,False,D_above_support;Q_above_A_supported,interior,0.0,0.0,0.0,0.11988006012024059,0.0,0.0,0.0,0.0,0.49689999999999995,0.0,0.0,0.0,0.0,0.0,0.0,0.0,0.3832199398797595
quality_linear,0.0,1e+22,logarithmic,2048,fixed_ref,0.8047071577351047,reference_p0,first_question_reference,in,True,True,0.883785082255996,1393.4998168928687,1.0,0.41663254110330095,1.0,1.0,1.6906143089563717,1511467178.400249,7176176041.628281,0.0,0.0,False,False,False,True,35185,7.389326101778276e+21,5.044446618813969e+20,2.1062292363403277e+21,1e+22,0.0,0.7389326101778275,0.05044446618813969,0.21062292363403276,0.0,1393499816892.8687,reference_p0,0.41663254110330095,True,False,D_above_support;Q_above_A_supported,upper_bound,0.11302252583269279,0.0968248321520278,0.00588968021709595,0.11375419105058357,0.07507775607983627,0.0254628540970504,0.11070066007050916,0.005487697351193036,0.09943242344413017,0.002211033043406226,0.04691494424753537,0.11948759779188561,0.019599998284005892,0.012737064754031531,0.011650822378108678,0.06618116611257162,0.07556475309333588
quality_linear,0.0,1e+22,logarithmic,2048,mixture,0.8047071577351047,lp_vertex_box,analytic_lp_charnes_cooper,box_only,True,False,0.8537027230038308,1486.4534295528038,1.0,0.4871620101591301,1.0,1.0,1.6906092518779736,1255529360.3491168,6727422333.71447,-2097152.0,-2.097152e-16,False,False,False,True,35185,7.613936042565669e+21,5.197780338391496e+20,1.8662859235951827e+21,1.0000000000000002e+22,-2097152.0,0.7613936042565669,0.05197780338391496,0.18662859235951826,-2.097152e-16,1486453429552.8037,lp_vertex_box,0.4871620101591301,True,False,D_above_support;Q_above_A_supported,upper_bound,0.0,0.0,0.0,0.11988006012024059,0.0,0.0,0.0,0.0,0.49689999999999995,0.0,0.0,0.0,0.0,0.0,0.0,0.0,0.3832199398797595
quality_linear,0.0,1e+22,logarithmic,4096,fixed_ref,0.8047071577351047,reference_p0,first_question_reference,in,True,True,0.8537027230038308,1363.6915087594743,1.0,0.41663254110330095,1.0,1.0,1.6906211238650943,1511467178.400249,7333036787.107973,2097152.0,2.097152e-16,False,False,False,True,35185,6.985122926190993e+21,9.537021168559438e+20,2.0611749569530613e+21,9.999999999999998e+21,2097152.0,0.6985122926190993,0.09537021168559438,0.20611749569530613,2.097152e-16,1363691508759.4744,reference_p0,0.41663254110330095,True,False,D_above_support;Q_above_A_supported,upper_bound,0.11302252583269279,0.0968248321520278,0.00588968021709595,0.11375419105058357,0.07507775607983627,0.0254628540970504,0.11070066007050916,0.005487697351193036,0.09943242344413017,0.002211033043406226,0.04691494424753537,0.11948759779188561,0.019599998284005892,0.012737064754031531,0.011650822378108678,0.06618116611257162,0.07556475309333588
quality_linear,0.0,1e+22,logarithmic,4096,mixture,0.8047071577351047,lp_vertex_box,analytic_lp_charnes_cooper,box_only,True,False,0.8248468749105473,1453.419679055542,1.0,0.4871620101591301,1.0,1.0,1.6906161470710956,1255529360.3491168,6880325169.7391205,0.0,0.0,False,False,False,True,35185,7.193092081214726e+21,9.820968388218506e+20,1.8248110799634233e+21,1e+22,0.0,0.7193092081214726,0.09820968388218507,0.18248110799634232,0.0,1453419679055.542,lp_vertex_box,0.4871620101591301,True,False,D_above_support;Q_above_A_supported,upper_bound,0.0,0.0,0.0,0.11988006012024059,0.0,0.0,0.0,0.0,0.49689999999999995,0.0,0.0,0.0,0.0,0.0,0.0,0.0,0.3832199398797595
quality_linear,0.0,1e+22,logarithmic,8192,fixed_ref,0.8047071577351047,reference_p0,first_question_reference,in,True,True,0.801678063387679,1309.7568546297525,1.0,0.41663254110330095,1.0,1.0,1.6906338137780765,1511467178.400249,7635004897.780697,0.0,0.0,False,False,False,True,35185,6.300020032369906e+21,1.7203254701724758e+21,1.979654497457617e+21,1e+22,0.0,0.6300020032369906,0.17203254701724757,0.1979654497457617,0.0,1309756854629.7524,reference_p0,0.41663254110330095,True,False,D_above_support;Q_above_A_supported,upper_bound,0.11302252583269279,0.0968248321520278,0.00588968021709595,0.11375419105058357,0.07507775607983627,0.0254628540970504,0.11070066007050916,0.005487697351193036,0.09943242344413017,0.002211033043406226,0.04691494424753537,0.11948759779188561,0.019599998284005892,0.012737064754031531,0.011650822378108678,0.06618116611257162,0.07556475309333588
quality_linear,0.0,1e+22,logarithmic,8192,mixture,0.8047071577351047,lp_vertex_box,analytic_lp_charnes_cooper,box_only,True,False,0.7755324957585902,1392.8824422679045,1.0,0.4871620101591301,1.0,1.0,1.6906289826330294,1255529360.3491168,7179356775.951532,0.0,0.0,False,False,False,True,35185,6.481353580502092e+21,1.769841617715771e+21,1.7488048017821377e+21,1e+22,0.0,0.6481353580502092,0.1769841617715771,0.17488048017821378,0.0,1392882442267.9045,lp_vertex_box,0.4871620101591301,True,False,D_above_support;Q_above_A_supported,upper_bound,0.0,0.0,0.0,0.11988006012024059,0.0,0.0,0.0,0.0,0.49689999999999995,0.0,0.0,0.0,0.0,0.0,0.0,0.0,0.3832199398797595
quality_linear,0.0,1e+22,logarithmic,32768,fixed_ref,0.8047071577351047,reference_p0,first_question_reference,in,True,True,0.6108294955902859,1089.3748944270033,1.0,0.41663254110330095,1.0,1.0,1.6906926720466557,1511467178.400249,9179576334.242462,0.0,0.0,False,False,False,True,35185,3.9925339036294043e+21,4.3609116984709444e+21,1.6465543978996518e+21,1e+22,0.0,0.39925339036294044,0.43609116984709445,0.1646554397899652,0.0,1089374894427.0033,reference_p0,0.41663254110330095,True,False,D_above_support;Q_above_A_supported,upper_bound,0.11302252583269279,0.0968248321520278,0.00588968021709595,0.11375419105058357,0.07507775607983627,0.0254628540970504,0.11070066007050916,0.005487697351193036,0.09943242344413017,0.002211033043406226,0.04691494424753537,0.11948759779188561,0.019599998284005892,0.012737064754031531,0.011650822378108678,0.06618116611257162,0.07556475309333588
quality_linear,0.0,1e+22,logarithmic,32768,mixture,0.8047071577351047,lp_vertex_box,analytic_lp_charnes_cooper,box_only,True,False,0.5938179663658979,1148.0947401818437,1.0,0.4871620101591301,1.0,1.0,1.690688455132257,1255529360.3491168,8710082582.920052,0.0,0.0,False,False,False,True,35185,4.090555702860998e+21,4.4679776423783065e+21,1.4414666547606958e+21,1e+22,0.0,0.40905557028609985,0.44679776423783063,0.14414666547606958,0.0,1148094740181.8438,lp_vertex_box,0.4871620101591301,True,False,D_above_support;Q_above_A_supported,upper_bound,0.0,0.0,0.0,0.11988006012024059,0.0,0.0,0.0,0.0,0.49689999999999995,0.0,0.0,0.0,0.0,0.0,0.0,0.0,0.3832199398797595
quality_linear,0.0,1e+22,logarithmic,131072,fixed_ref,0.8047071577351047,reference_p0,first_question_reference,in,True,True,0.3717406037942833,741.4620083298612,1.0,0.41663254110330095,1.0,1.0,1.6908200559118678,1511467178.400249,13486867685.27081,-2097152.0,-2.097152e-16,False,False,False,True,35185,1.6537892080023872e+21,7.225515302376298e+21,1.1206954896213173e+21,1.0000000000000002e+22,-2097152.0,0.16537892080023872,0.7225515302376299,0.11206954896213173,-2.097152e-16,741462008329.8612,reference_p0,0.41663254110330095,True,False,D_above_support;Q_above_A_supported,upper_bound,0.11302252583269279,0.0968248321520278,0.00588968021709595,0.11375419105058357,0.07507775607983627,0.0254628540970504,0.11070066007050916,0.005487697351193036,0.09943242344413017,0.002211033043406226,0.04691494424753537,0.11948759779188561,0.019599998284005892,0.012737064754031531,0.011650822378108678,0.06618116611257162,0.07556475309333588
quality_linear,0.0,1e+22,logarithmic,131072,mixture,0.8047071577351047,lp_vertex_box,analytic_lp_charnes_cooper,box_only,True,False,0.3645076661868154,769.3535626779997,1.0,0.4871620101591301,1.0,1.0,1.6908168769396492,1255529360.3491168,12997925121.957663,-2097152.0,-2.097152e-16,False,False,False,True,35185,1.6826116296256166e+21,7.351442383942962e+21,9.659459864314231e+20,1.0000000000000002e+22,-2097152.0,0.16826116296256166,0.7351442383942962,0.09659459864314231,-2.097152e-16,769353562677.9996,lp_vertex_box,0.4871620101591301,True,False,D_above_support;Q_above_A_supported,upper_bound,0.0,0.0,0.0,0.11988006012024059,0.0,0.0,0.0,0.0,0.49689999999999995,0.0,0.0,0.0,0.0,0.0,0.0,0.0,0.3832199398797595
quality_linear,0.0,1e+24,exponential,2048,fixed_ref,0.8047071577351047,reference_p0,first_question_reference,in,True,True,6.008600551799451,23570.888745708377,1.0,0.41663254110330095,1.0,1.0,1.6901895542554368,3912487936.8349757,42425214033.648735,0.0,0.0,False,False,False,True,35185,8.497683307432008e+23,5.8010851378735845e+22,9.222081787806332e+22,1e+24,0.0,0.8497683307432008,0.05801085137873584,0.09222081787806331,0.0,23570888745708.375,reference_p0,0.41663254110330095,True,False,D_above_support;Q_above_A_supported,upper_bound,0.11302252583269279,0.0968248321520278,0.00588968021709595,0.11375419105058357,0.07507775607983627,0.0254628540970504,0.11070066007050916,0.005487697351193036,0.09943242344413017,0.002211033043406226,0.04691494424753537,0.11948759779188561,0.019599998284005892,0.012737064754031531,0.011650822378108678,0.06618116611257162,0.07556475309333588
quality_linear,0.0,1e+24,exponential,2048,mixture,0.8047071577351047,lp_vertex_box,analytic_lp_charnes_cooper,box_only,True,False,5.999752471908251,23638.23852944013,1.0,0.4871620101591301,1.0,1.0,1.6901894592020188,3848323182.263386,42304336626.20651,0.0,0.0,False,False,False,True,35185,8.509414802913917e+23,5.809093838789234e+22,9.096758132071602e+22,1e+24,0.0,0.8509414802913917,0.058090938387892345,0.09096758132071603,0.0,23638238529440.13,lp_vertex_box,0.4871620101591301,True,False,D_above_support;Q_above_A_supported,upper_bound,0.0,0.0,0.0,0.11988006012024059,0.0,0.0,0.0,0.0,0.49689999999999995,0.0,0.0,0.0,0.0,0.0,0.0,0.0,0.3832199398797595
quality_linear,0.0,1e+24,exponential,4096,fixed_ref,0.8047071577351047,reference_p0,first_question_reference,in,True,True,5.825501700037946,22915.93906521231,1.0,0.41663254110330095,1.0,1.0,1.69019310381402,3912487936.8349757,43637749129.73374,0.0,0.0,False,False,False,True,35185,8.009810518941618e+23,1.0936061295194955e+23,8.965833515388854e+22,1e+24,0.0,0.8009810518941618,0.10936061295194956,0.08965833515388853,0.0,22915939065212.312,reference_p0,0.41663254110330095,True,False,D_above_support;Q_above_A_supported,upper_bound,0.11302252583269279,0.0968248321520278,0.00588968021709595,0.11375419105058357,0.07507775607983627,0.0254628540970504,0.11070066007050916,0.005487697351193036,0.09943242344413017,0.002211033043406226,0.04691494424753537,0.11948759779188561,0.019599998284005892,0.012737064754031531,0.011650822378108678,0.06618116611257162,0.07556475309333588
quality_linear,0.0,1e+24,exponential,4096,mixture,0.8047071577351047,lp_vertex_box,analytic_lp_charnes_cooper,box_only,True,False,5.816923245869832,22980.535896264515,1.0,0.4871620101591301,1.0,1.0,1.69019301065694,3848323182.263386,43515086180.49895,134217728.0,1.3421772800000001e-16,False,False,False,True,35185,8.02056080745163e+23,1.0950739022440626e+23,8.843652903043062e+22,9.999999999999998e+23,134217728.0,0.8020560807451631,0.10950739022440627,0.08843652903043063,1.3421772800000001e-16,22980535896264.516,lp_vertex_box,0.4871620101591301,True,False,D_above_support;Q_above_A_supported,upper_bound,0.0,0.0,0.0,0.11988006012024059,0.0,0.0,0.0,0.0,0.49689999999999995,0.0,0.0,0.0,0.0,0.0,0.0,0.0,0.3832199398797595
quality_linear,0.0,1e+24,exponential,8192,fixed_ref,0.8047071577351047,reference_p0,first_question_reference,in,True,True,5.5028372272949015,21764.983538110166,1.0,0.41663254110330095,1.0,1.0,1.6901997027163602,3912487936.8349757,45945359813.80435,-134217728.0,-1.3421772800000001e-16,False,False,False,True,35185,7.186149699898399e+23,1.962297944718923e+23,8.515523553826785e+22,1.0000000000000001e+24,-134217728.0,0.7186149699898399,0.19622979447189232,0.08515523553826786,-1.3421772800000001e-16,21764983538110.164,reference_p0,0.41663254110330095,True,False,D_above_support;Q_above_A_supported,upper_bound,0.11302252583269279,0.0968248321520278,0.00588968021709595,0.11375419105058357,0.07507775607983627,0.0254628540970504,0.11070066007050916,0.005487697351193036,0.09943242344413017,0.002211033043406226,0.04691494424753537,0.11948759779188561,0.019599998284005892,0.012737064754031531,0.011650822378108678,0.06618116611257162,0.07556475309333588
quality_linear,0.0,1e+24,exponential,8192,mixture,0.8047071577351047,lp_vertex_box,analytic_lp_charnes_cooper,box_only,True,False,5.493384528073889,21829.775463566,1.0,0.4871620101591301,1.0,1.0,1.6901996129575645,3848323182.263386,45808991561.50299,134217728.0,1.3421772800000001e-16,False,False,False,True,35185,7.19516104697283e+23,1.964758643226714e+23,8.400803098004549e+22,9.999999999999998e+23,134217728.0,0.719516104697283,0.19647586432267142,0.08400803098004549,1.3421772800000001e-16,21829775463566.0,lp_vertex_box,0.4871620101591301,True,False,D_above_support;Q_above_A_supported,upper_bound,0.0,0.0,0.0,0.11988006012024059,0.0,0.0,0.0,0.0,0.49689999999999995,0.0,0.0,0.0,0.0,0.0,0.0,0.0,0.3832199398797595
quality_linear,0.0,1e+24,exponential,32768,fixed_ref,0.8047071577351047,reference_p0,first_question_reference,in,True,True,4.301302633821375,17268.37732240891,1.0,0.41663254110330095,1.0,1.0,1.6902301434301903,3912487936.8349757,57909320680.77499,0.0,0.0,False,False,False,True,35185,4.456591011521924e+23,4.867785808851681e+23,6.7562317962639514e+22,1e+24,0.0,0.4456591011521924,0.48677858088516807,0.06756231796263952,0.0,17268377322408.908,reference_p0,0.41663254110330095,True,False,D_above_support;Q_above_A_supported,upper_bound,0.11302252583269279,0.0968248321520278,0.00588968021709595,0.11375419105058357,0.07507775607983627,0.0254628540970504,0.11070066007050916,0.005487697351193036,0.09943242344413017,0.002211033043406226,0.04691494424753537,0.11948759779188561,0.019599998284005892,0.012737064754031531,0.011650822378108678,0.06618116611257162,0.07556475309333588
quality_linear,0.0,1e+24,exponential,32768,mixture,0.8047071577351047,lp_vertex_box,analytic_lp_charnes_cooper,box_only,True,False,4.29496866819792,17311.32846241085,1.0,0.4871620101591301,1.0,1.0,1.6902300674580648,3848323182.263386,57765641855.35278,-268435456.0,-2.6843545600000003e-16,False,False,False,True,35185,4.461096801056248e+23,4.872707332567038e+23,6.661958663767164e+22,1.0000000000000003e+24,-268435456.0,0.4461096801056248,0.4872707332567038,0.06661958663767165,-2.6843545600000003e-16,17311328462410.848,lp_vertex_box,0.4871620101591301,True,False,D_above_support;Q_above_A_supported,upper_bound,0.0,0.0,0.0,0.11988006012024059,0.0,0.0,0.0,0.0,0.49689999999999995,0.0,0.0,0.0,0.0,0.0,0.0,0.0,0.3832199398797595
quality_linear,0.0,1e+24,exponential,131072,fixed_ref,0.8047071577351047,reference_p0,first_question_reference,in,True,True,2.724624557469334,10906.953152502861,1.0,0.41663254110330095,1.0,1.0,1.690295272708779,3912487936.8349757,91684633280.97508,0.0,0.0,False,False,False,True,35185,1.7830411443886123e+23,7.790225629243472e+23,4.267332263679165e+22,1e+24,0.0,0.17830411443886124,0.7790225629243471,0.042673322636791654,0.0,10906953152502.861,reference_p0,0.41663254110330095,True,False,D_above_support;Q_above_A_supported,upper_bound,0.11302252583269279,0.0968248321520278,0.00588968021709595,0.11375419105058357,0.07507775607983627,0.0254628540970504,0.11070066007050916,0.005487697351193036,0.09943242344413017,0.002211033043406226,0.04691494424753537,0.11948759779188561,0.019599998284005892,0.012737064754031531,0.011650822378108678,0.06618116611257162,0.07556475309333588
quality_linear,0.0,1e+24,exponential,131072,mixture,0.8047071577351047,lp_vertex_box,analytic_lp_charnes_cooper,box_only,True,False,2.7232865010918146,10919.72904695105,1.0,0.4871620101591301,1.0,1.0,1.6902952181703508,3848323182.263386,91577363843.03552,0.0,0.0,False,False,False,True,35185,1.784253042548519e+23,7.795520493097315e+23,4.20226464354166e+22,1e+24,0.0,0.1784253042548519,0.7795520493097315,0.0420226464354166,0.0,10919729046951.05,lp_vertex_box,0.4871620101591301,True,False,D_above_support;Q_above_A_supported,upper_bound,0.0,0.0,0.0,0.11988006012024059,0.0,0.0,0.0,0.0,0.49689999999999995,0.0,0.0,0.0,0.0,0.0,0.0,0.0,0.3832199398797595
quality_linear,0.0,1e+24,power,2048,fixed_ref,0.8047071577351047,reference_p0,first_question_reference,in,True,True,6.144407350126714,22607.791255809945,1.0,0.41663254110330095,1.0,1.0,1.69019091975347,4849345275.903549,44232538627.275734,-134217728.0,-1.3421772800000001e-16,False,False,False,True,35185,8.334688725739745e+23,5.6898141701049994e+22,1.0963298572497552e+23,1.0000000000000001e+24,-134217728.0,0.8334688725739745,0.056898141701049995,0.10963298572497553,-1.3421772800000001e-16,22607791255809.945,reference_p0,0.41663254110330095,True,False,D_above_support;Q_above_A_supported,upper_bound,0.11302252583269279,0.0968248321520278,0.00588968021709595,0.11375419105058357,0.07507775607983627,0.0254628540970504,0.11070066007050916,0.005487697351193036,0.09943242344413017,0.002211033043406226,0.04691494424753537,0.11948759779188561,0.019599998284005892,0.012737064754031531,0.011650822378108678,0.06618116611257162,0.07556475309333588
quality_linear,0.0,1e+24,power,2048,mixture,0.8047071577351047,lp_vertex_box,analytic_lp_charnes_cooper,box_only,True,False,6.126324544438652,22734.67715702194,1.0,0.4871620101591301,1.0,1.0,1.6901907313132805,4718379892.712687,43985669692.74667,268435456.0,2.6843545600000003e-16,False,False,False,True,35185,8.356800640617135e+23,5.704909237327964e+22,1.0727084356500674e+23,9.999999999999997e+23,268435456.0,0.8356800640617135,0.05704909237327964,0.10727084356500674,2.6843545600000003e-16,22734677157021.938,lp_vertex_box,0.4871620101591301,True,False,D_above_support;Q_above_A_supported,upper_bound,0.0,0.0,0.0,0.11988006012024059,0.0,0.0,0.0,0.0,0.49689999999999995,0.0,0.0,0.0,0.0,0.0,0.0,0.0,0.3832199398797595
quality_linear,0.0,1e+24,power,4096,fixed_ref,0.8047071577351047,reference_p0,first_question_reference,in,True,True,5.952782297252953,22005.803304842102,1.0,0.41663254110330095,1.0,1.0,1.6901944426130686,4849345275.903549,45442558317.33089,0.0,0.0,False,False,False,True,35185,7.859745380993676e+23,1.0731172360183365e+23,1.0671373829879876e+23,1e+24,0.0,0.7859745380993676,0.10731172360183365,0.10671373829879877,0.0,22005803304842.1,reference_p0,0.41663254110330095,True,False,D_above_support;Q_above_A_supported,upper_bound,0.11302252583269279,0.0968248321520278,0.00588968021709595,0.11375419105058357,0.07507775607983627,0.0254628540970504,0.11070066007050916,0.005487697351193036,0.09943242344413017,0.002211033043406226,0.04691494424753537,0.11948759779188561,0.019599998284005892,0.012737064754031531,0.011650822378108678,0.06618116611257162,0.07556475309333588
quality_linear,0.0,1e+24,power,4096,mixture,0.8047071577351047,lp_vertex_box,analytic_lp_charnes_cooper,box_only,True,False,5.935263438321449,22127.747395934985,1.0,0.4871620101591301,1.0,1.0,1.6901942578001616,4718379892.712687,45192128331.314316,0.0,0.0,False,False,False,True,35185,7.880040605490334e+23,1.0758882106696137e+23,1.0440711838400513e+23,1e+24,0.0,0.7880040605490335,0.10758882106696137,0.10440711838400514,0.0,22127747395934.984,lp_vertex_box,0.4871620101591301,True,False,D_above_support;Q_above_A_supported,upper_bound,0.0,0.0,0.0,0.11988006012024059,0.0,0.0,0.0,0.0,0.49689999999999995,0.0,0.0,0.0,0.0,0.0,0.0,0.0,0.3832199398797595
quality_linear,0.0,1e+24,power,8192,fixed_ref,0.8047071577351047,reference_p0,first_question_reference,in,True,True,5.61754637879216,20938.719857822834,1.0,0.41663254110330095,1.0,1.0,1.690200993584019,4849345275.903549,47758411535.669586,134217728.0,1.3421772800000001e-16,False,False,False,True,35185,7.05745379483137e+23,1.9271553829086197e+23,1.01539082226001e+23,9.999999999999998e+23,134217728.0,0.705745379483137,0.19271553829086197,0.10153908222600101,1.3421772800000001e-16,20938719857822.836,reference_p0,0.41663254110330095,True,False,D_above_support;Q_above_A_supported,upper_bound,0.11302252583269279,0.0968248321520278,0.00588968021709595,0.11375419105058357,0.07507775607983627,0.0254628540970504,0.11070066007050916,0.005487697351193036,0.09943242344413017,0.002211033043406226,0.04691494424753537,0.11948759779188561,0.019599998284005892,0.012737064754031531,0.011650822378108678,0.06618116611257162,0.07556475309333588
quality_linear,0.0,1e+24,power,8192,mixture,0.8047071577351047,lp_vertex_box,analytic_lp_charnes_cooper,box_only,True,False,5.603766104733674,21042.802637737568,1.0,0.4871620101591301,1.0,1.0,1.6902008152886887,4718379892.712687,47522186907.11038,0.0,0.0,False,False,False,True,35185,7.075136650197247e+23,1.9319839812805283e+23,9.928793685222241e+22,1e+24,0.0,0.7075136650197247,0.19319839812805284,0.09928793685222241,0.0,21042802637737.566,lp_vertex_box,0.4871620101591301,True,False,D_above_support;Q_above_A_supported,upper_bound,0.0,0.0,0.0,0.11988006012024059,0.0,0.0,0.0,0.0,0.49689999999999995,0.0,0.0,0.0,0.0,0.0,0.0,0.0,0.3832199398797595
quality_linear,0.0,1e+24,power,32768,fixed_ref,0.8047071577351047,reference_p0,first_question_reference,in,True,True,4.373743734297596,16734.840328783128,1.0,0.41663254110330095,1.0,1.0,1.6902312391304197,4849345275.903549,59755574618.781845,-268435456.0,-2.6843545600000003e-16,False,False,False,True,35185,4.391634181949156e+23,4.7968356291369985e+23,8.115301889138467e+22,1.0000000000000003e+24,-268435456.0,0.4391634181949156,0.47968356291369985,0.08115301889138467,-2.6843545600000003e-16,16734840328783.129,reference_p0,0.41663254110330095,True,False,D_above_support;Q_above_A_supported,upper_bound,0.11302252583269279,0.0968248321520278,0.00588968021709595,0.11375419105058357,0.07507775607983627,0.0254628540970504,0.11070066007050916,0.005487697351193036,0.09943242344413017,0.002211033043406226,0.04691494424753537,0.11948759779188561,0.019599998284005892,0.012737064754031531,0.011650822378108678,0.06618116611257162,0.07556475309333588
quality_linear,0.0,1e+24,power,32768,mixture,0.8047071577351047,lp_vertex_box,analytic_lp_charnes_cooper,box_only,True,False,4.36301460395205,16809.570421034212,1.0,0.4871620101591301,1.0,1.0,1.6902310874516029,4718379892.712687,59489920024.88514,-134217728.0,-1.3421772800000001e-16,False,False,False,True,35185,4.400424073987961e+23,4.806436535214583e+23,7.931393907974575e+22,1.0000000000000001e+24,-134217728.0,0.4400424073987961,0.4806436535214583,0.07931393907974575,-1.3421772800000001e-16,16809570421034.21,lp_vertex_box,0.4871620101591301,True,False,D_above_support;Q_above_A_supported,upper_bound,0.0,0.0,0.0,0.11988006012024059,0.0,0.0,0.0,0.0,0.49689999999999995,0.0,0.0,0.0,0.0,0.0,0.0,0.0,0.3832199398797595
quality_linear,0.0,1e+24,power,131072,fixed_ref,0.8047071577351047,reference_p0,first_question_reference,in,True,True,2.75558196282084,10681.619240609687,1.0,0.41663254110330095,1.0,1.0,1.6902960626506316,4849345275.903549,93618764858.9992,0.0,0.0,False,False,False,True,35185,1.7660446387886455e+23,7.715966763176844e+23,5.179885980345105e+22,1e+24,0.0,0.17660446387886455,0.7715966763176845,0.05179885980345105,0.0,10681619240609.688,reference_p0,0.41663254110330095,True,False,D_above_support;Q_above_A_supported,upper_bound,0.11302252583269279,0.0968248321520278,0.00588968021709595,0.11375419105058357,0.07507775607983627,0.0254628540970504,0.11070066007050916,0.005487697351193036,0.09943242344413017,0.002211033043406226,0.04691494424753537,0.11948759779188561,0.019599998284005892,0.012737064754031531,0.011650822378108678,0.06618116611257162,0.07556475309333588
quality_linear,0.0,1e+24,power,131072,mixture,0.8047071577351047,lp_vertex_box,analytic_lp_charnes_cooper,box_only,True,False,2.751524177793618,10711.560345304477,1.0,0.4871620101591301,1.0,1.0,1.6902959529275476,4718379892.712687,93357080365.82741,0.0,0.0,False,False,False,True,35185,1.7683870363200373e+23,7.72620085415133e+23,5.05412109528632e+22,1e+24,0.0,0.17683870363200374,0.772620085415133,0.0505412109528632,0.0,10711560345304.477,lp_vertex_box,0.4871620101591301,True,False,D_above_support;Q_above_A_supported,upper_bound,0.0,0.0,0.0,0.11988006012024059,0.0,0.0,0.0,0.0,0.49689999999999995,0.0,0.0,0.0,0.0,0.0,0.0,0.0,0.3832199398797595
quality_linear,0.0,1e+24,logarithmic,2048,fixed_ref,0.8047071577351047,reference_p0,first_question_reference,in,True,True,5.6313605400524995,26591.334694753106,1.0,0.41663254110330095,1.0,1.0,1.6901858472383677,1511467178.400249,37606235695.920746,-134217728.0,-1.3421772800000001e-16,False,False,False,True,35185,8.984723574441697e+23,6.133571293485532e+22,4.019192962097512e+22,1.0000000000000001e+24,-134217728.0,0.8984723574441698,0.061335712934855326,0.04019192962097512,-1.3421772800000001e-16,26591334694753.105,reference_p0,0.41663254110330095,True,False,D_above_support;Q_above_A_supported,upper_bound,0.11302252583269279,0.0968248321520278,0.00588968021709595,0.11375419105058357,0.07507775607983627,0.0254628540970504,0.11070066007050916,0.005487697351193036,0.09943242344413017,0.002211033043406226,0.04691494424753537,0.11948759779188561,0.019599998284005892,0.012737064754031531,0.011650822378108678,0.06618116611257162,0.07556475309333588
quality_linear,0.0,1e+24,logarithmic,2048,mixture,0.8047071577351047,lp_vertex_box,analytic_lp_charnes_cooper,box_only,True,False,5.5900196347491224,26964.848119656835,1.0,0.4871620101591301,1.0,1.0,1.6901854320586653,1255529360.3491168,37085319211.23709,0.0,0.0,False,False,False,True,35185,9.04404182621458e+23,6.174065886695821e+22,3.3855158511583833e+22,1e+24,0.0,0.9044041826214579,0.06174065886695821,0.033855158511583834,0.0,26964848119656.836,lp_vertex_box,0.4871620101591301,True,False,D_above_support;Q_above_A_supported,upper_bound,0.0,0.0,0.0,0.11988006012024059,0.0,0.0,0.0,0.0,0.49689999999999995,0.0,0.0,0.0,0.0,0.0,0.0,0.0,0.3832199398797595
quality_linear,0.0,1e+24,logarithmic,4096,fixed_ref,0.8047071577351047,reference_p0,first_question_reference,in,True,True,5.469152081099707,25768.74010923744,1.0,0.41663254110330095,1.0,1.0,1.6901894747076456,1511467178.400249,38806709049.835365,-134217728.0,-1.3421772800000001e-16,False,False,False,True,35185,8.455989515745205e+23,1.154524435216412e+23,3.894860490383843e+22,1.0000000000000001e+24,-134217728.0,0.8455989515745205,0.11545244352164119,0.03894860490383843,-1.3421772800000001e-16,25768740109237.438,reference_p0,0.41663254110330095,True,False,D_above_support;Q_above_A_supported,upper_bound,0.11302252583269279,0.0968248321520278,0.00588968021709595,0.11375419105058357,0.07507775607983627,0.0254628540970504,0.11070066007050916,0.005487697351193036,0.09943242344413017,0.002211033043406226,0.04691494424753537,0.11948759779188561,0.019599998284005892,0.012737064754031531,0.011650822378108678,0.06618116611257162,0.07556475309333588
quality_linear,0.0,1e+24,logarithmic,4096,mixture,0.8047071577351047,lp_vertex_box,analytic_lp_charnes_cooper,box_only,True,False,5.429001979420654,26125.363310377328,1.0,0.4871620101591301,1.0,1.0,1.690189068813423,1255529360.3491168,38276979658.414444,134217728.0,1.3421772800000001e-16,False,False,False,True,35185,8.510078947507335e+23,1.1619094456330017e+23,3.280116068596633e+22,9.999999999999998e+23,134217728.0,0.8510078947507335,0.11619094456330017,0.032801160685966335,1.3421772800000001e-16,26125363310377.33,lp_vertex_box,0.4871620101591301,True,False,D_above_support;Q_above_A_supported,upper_bound,0.0,0.0,0.0,0.11988006012024059,0.0,0.0,0.0,0.0,0.49689999999999995,0.0,0.0,0.0,0.0,0.0,0.0,0.0,0.3832199398797595
quality_linear,0.0,1e+24,logarithmic,8192,fixed_ref,0.8047071577351047,reference_p0,first_question_reference,in,True,True,5.181474120187745,24337.035368306362,1.0,0.41663254110330095,1.0,1.0,1.6901962128521035,1511467178.400249,41089639098.04232,0.0,0.0,False,False,False,True,35185,7.566103135378395e+23,2.066050562833994e+23,3.6784630178761086e+22,1e+24,0.0,0.7566103135378395,0.2066050562833994,0.03678463017876109,0.0,24337035368306.363,reference_p0,0.41663254110330095,True,False,D_above_support;Q_above_A_supported,upper_bound,0.11302252583269279,0.0968248321520278,0.00588968021709595,0.11375419105058357,0.07507775607983627,0.0254628540970504,0.11070066007050916,0.005487697351193036,0.09943242344413017,0.002211033043406226,0.04691494424753537,0.11948759779188561,0.019599998284005892,0.012737064754031531,0.011650822378108678,0.06618116611257162,0.07556475309333588
quality_linear,0.0,1e+24,logarithmic,8192,mixture,0.8047071577351047,lp_vertex_box,analytic_lp_charnes_cooper,box_only,True,False,5.145963087716267,24653.34086283232,1.0,0.4871620101591301,1.0,1.0,1.6901958234813657,1255529360.3491168,40562453809.56105,-134217728.0,-1.3421772800000001e-16,False,False,False,True,35185,7.611910924141336e+23,2.0785591430188605e+23,3.0952993283980606e+22,1.0000000000000001e+24,-134217728.0,0.7611910924141335,0.20785591430188605,0.030952993283980608,-1.3421772800000001e-16,24653340862832.32,lp_vertex_box,0.4871620101591301,True,False,D_above_support;Q_above_A_supported,upper_bound,0.0,0.0,0.0,0.11988006012024059,0.0,0.0,0.0,0.0,0.49689999999999995,0.0,0.0,0.0,0.0,0.0,0.0,0.0,0.3832199398797595
quality_linear,0.0,1e+24,logarithmic,32768,fixed_ref,0.8047071577351047,reference_p0,first_question_reference,in,True,True,4.10015240506615,18873.928427979827,1.0,0.41663254110330095,1.0,1.0,1.690227212285457,1511467178.400249,52983140410.638664,-268435456.0,-2.6843545600000003e-16,False,False,False,True,35185,4.643158982221673e+23,5.071567784314659e+23,2.852732334636692e+22,1.0000000000000003e+24,-268435456.0,0.4643158982221673,0.5071567784314659,0.02852732334636692,-2.6843545600000003e-16,18873928427979.83,reference_p0,0.41663254110330095,True,False,D_above_support;Q_above_A_supported,upper_bound,0.11302252583269279,0.0968248321520278,0.00588968021709595,0.11375419105058357,0.07507775607983627,0.0254628540970504,0.11070066007050916,0.005487697351193036,0.09943242344413017,0.002211033043406226,0.04691494424753537,0.11948759779188561,0.019599998284005892,0.012737064754031531,0.011650822378108678,0.06618116611257162,0.07556475309333588
quality_linear,0.0,1e+24,logarithmic,32768,mixture,0.8047071577351047,lp_vertex_box,analytic_lp_charnes_cooper,box_only,True,False,4.0780573907079045,19065.838500767313,1.0,0.4871620101591301,1.0,1.0,1.6902268883457383,1255529360.3491168,52449830620.33986,-134217728.0,-1.3421772800000001e-16,False,False,False,True,35185,4.6650950164858466e+23,5.095527783340275e+23,2.393772001738795e+22,1.0000000000000001e+24,-134217728.0,0.4665095016485847,0.5095527783340275,0.02393772001738795,-1.3421772800000001e-16,19065838500767.312,lp_vertex_box,0.4871620101591301,True,False,D_above_support;Q_above_A_supported,upper_bound,0.0,0.0,0.0,0.11988006012024059,0.0,0.0,0.0,0.0,0.49689999999999995,0.0,0.0,0.0,0.0,0.0,0.0,0.0,0.3832199398797595
quality_linear,0.0,1e+24,logarithmic,131072,fixed_ref,0.8047071577351047,reference_p0,first_question_reference,in,True,True,2.6441941090204626,11535.010722342975,1.0,0.41663254110330095,1.0,1.0,1.6902931917191775,1511467178.400249,86692593884.02904,0.0,0.0,False,False,False,True,35185,1.8300484439704298e+23,7.995603654936406e+23,1.7434790109316353e+22,1e+24,0.0,0.18300484439704298,0.7995603654936406,0.017434790109316353,0.0,11535010722342.975,reference_p0,0.41663254110330095,True,False,D_above_support;Q_above_A_supported,upper_bound,0.11302252583269279,0.0968248321520278,0.00588968021709595,0.11375419105058357,0.07507775607983627,0.0254628540970504,0.11070066007050916,0.005487697351193036,0.09943242344413017,0.002211033043406226,0.04691494424753537,0.11948759779188561,0.019599998284005892,0.012737064754031531,0.011650822378108678,0.06618116611257162,0.07556475309333588
quality_linear,0.0,1e+24,logarithmic,131072,mixture,0.8047071577351047,lp_vertex_box,analytic_lp_charnes_cooper,box_only,True,False,2.63511758986384,11608.434307748319,1.0,0.4871620101591301,1.0,1.0,1.6902929647966047,1255529360.3491168,86144261447.2588,0.0,0.0,False,False,False,True,35185,1.8353753661075877e+23,8.018877332881792e+23,1.457473010106199e+22,1e+24,0.0,0.18353753661075878,0.8018877332881793,0.01457473010106199,0.0,11608434307748.318,lp_vertex_box,0.4871620101591301,True,False,D_above_support;Q_above_A_supported,upper_bound,0.0,0.0,0.0,0.11988006012024059,0.0,0.0,0.0,0.0,0.49689999999999995,0.0,0.0,0.0,0.0,0.0,0.0,0.0,0.3832199398797595
quality_linear,0.5,1e+19,exponential,2048,fixed_ref,0.8047071577351047,lp_vertex_box,analytic_lp_charnes_cooper,box_only,True,False,1.3876927947624353,0.9600960603482165,0.8502690188831805,0.41663254110330095,3788.5078766638335,3788.5078766638335,1.6904660617714589,1521068712.1578712,10415624449.467178,2048.0,2.048e-16,False,False,False,False,35185,7.993910311350122e+18,5.457176105881684e+17,1.4603720780617075e+18,9.999999999999998e+18,2048.0,0.7993910311350122,0.05457176105881684,0.14603720780617074,2.048e-16,960096060.3482165,lp_vertex_box,0.4871620101591301,True,True,Q_above_A_supported,interior,0.0,0.0,0.0,0.11988006012024059,0.0,0.0,0.0,0.0,0.49689999999999995,0.0,0.0,0.0,0.0,0.0,0.0,0.0,0.3832199398797595
quality_linear,0.5,1e+19,exponential,2048,mixture,0.8047071577351047,lp_vertex_box,analytic_lp_charnes_cooper,box_only,True,False,1.3744638862508136,0.9761808182321974,0.8479537927719789,0.4871620101591301,3788.5078766638335,3788.5078766638335,1.6904653806936398,1434240062.9494724,10244003788.262688,0.0,0.0,False,False,False,False,35185,8.050351686665552e+18,5.49570675143035e+17,1.4000776381914143e+18,1e+19,0.0,0.8050351686665552,0.0549570675143035,0.14000776381914143,0.0,976180818.2321974,lp_vertex_box,0.4871620101591301,True,True,Q_above_A_supported,interior,0.0,0.0,0.0,0.11988006012024059,0.0,0.0,0.0,0.0,0.49689999999999995,0.0,0.0,0.0,0.0,0.0,0.0,0.0,0.3832199398797595
quality_linear,0.5,1e+19,exponential,4096,fixed_ref,0.8047071577351047,lp_vertex_box,analytic_lp_charnes_cooper,box_only,True,False,1.3510352073023575,0.9274477248988187,0.8550915232100599,0.41663254110330095,3788.5078766638335,3788.5078766638335,1.6904718997436285,1569299576.5939412,10782278862.230177,0.0,0.0,False,False,False,False,35185,7.518087175624652e+18,1.0264695023786191e+18,1.45544332199673e+18,1e+19,0.0,0.7518087175624651,0.10264695023786191,0.145544332199673,0.0,927447724.8988186,lp_vertex_box,0.4871620101591301,True,True,Q_above_A_supported,interior,0.0,0.0,0.0,0.11988006012024059,0.0,0.0,0.0,0.0,0.49689999999999995,0.0,0.0,0.0,0.0,0.0,0.0,0.0,0.3832199398797595
quality_linear,0.5,1e+19,exponential,4096,mixture,0.8047071577351047,lp_vertex_box,analytic_lp_charnes_cooper,box_only,True,False,1.339142109386571,0.9420540077651608,0.8529180645136385,0.4871620101591301,3788.5078766638335,3788.5078766638335,1.690471236512203,1483224783.7524035,10615102656.081308,0.0,0.0,False,False,False,False,35185,7.569265146688263e+18,1.0334570013611708e+18,1.3972778519505656e+18,1e+19,0.0,0.7569265146688263,0.10334570013611709,0.13972778519505658,0.0,942054007.7651608,lp_vertex_box,0.4871620101591301,True,True,Q_above_A_supported,interior,0.0,0.0,0.0,0.11988006012024059,0.0,0.0,0.0,0.0,0.49689999999999995,0.0,0.0,0.0,0.0,0.0,0.0,0.0,0.3832199398797595
quality_linear,0.5,1e+19,exponential,8192,fixed_ref,0.8047071577351047,lp_vertex_box,analytic_lp_charnes_cooper,box_only,True,False,1.2869055287097735,0.870175103880337,0.8639898215164309,0.41663254110330095,3788.5078766638335,3788.5078766638335,1.6904827291366344,1662040713.7908063,11491939904.28754,-2048.0,-2.048e-16,False,False,False,False,35185,6.718998912775244e+18,1.834734636448493e+18,1.4462664507762644e+18,1.0000000000000002e+19,-2048.0,0.6718998912775244,0.18347346364484932,0.14462664507762643,-2.048e-16,870175103.880337,lp_vertex_box,0.4871620101591301,True,True,Q_above_A_supported,interior,0.0,0.0,0.0,0.11988006012024059,0.0,0.0,0.0,0.0,0.49689999999999995,0.0,0.0,0.0,0.0,0.0,0.0,0.0,0.3832199398797595
quality_linear,0.5,1e+19,exponential,8192,mixture,0.8047071577351047,lp_vertex_box,analytic_lp_charnes_cooper,box_only,True,False,1.2762037017483097,0.8830593021686286,0.8619440131348377,0.4871620101591301,3788.5078766638335,3788.5078766638335,1.690482097337757,1576113420.740957,11324267776.175245,0.0,0.0,False,False,False,False,35185,6.761781301745297e+18,1.8464170807965827e+18,1.3918016174581197e+18,1e+19,0.0,0.6761781301745298,0.18464170807965827,0.13918016174581196,0.0,883059302.1686286,lp_vertex_box,0.4871620101591301,True,True,Q_above_A_supported,interior,0.0,0.0,0.0,0.11988006012024059,0.0,0.0,0.0,0.0,0.49689999999999995,0.0,0.0,0.0,0.0,0.0,0.0,0.0,0.3832199398797595
quality_linear,0.5,1e+19,exponential,32768,fixed_ref,0.8047071577351047,lp_vertex_box,analytic_lp_charnes_cooper,box_only,True,False,1.0390585013266238,0.6589236072484435,0.9029898807018716,0.41663254110330095,3788.5078766638335,3788.5078766638335,1.6905323289944394,2132341292.9287407,15176266095.182648,0.0,0.0,False,False,False,False,35185,4.107961055017804e+18,4.4869889283607803e+18,1.4050500166214157e+18,1e+19,0.0,0.41079610550178036,0.44869889283607806,0.14050500166214155,0.0,658923607.2484435,lp_vertex_box,0.4871620101591301,True,True,Q_above_A_supported,interior,0.0,0.0,0.0,0.11988006012024059,0.0,0.0,0.0,0.0,0.49689999999999995,0.0,0.0,0.0,0.0,0.0,0.0,0.0,0.3832199398797595
quality_linear,0.5,1e+19,exponential,32768,mixture,0.8047071577351047,lp_vertex_box,analytic_lp_charnes_cooper,box_only,True,False,1.0324443849593763,0.6663188124193504,0.9014120248329912,0.4871620101591301,3788.5078766638335,3788.5078766638335,1.6905318176943076,2046936975.5075622,15007830806.533587,0.0,0.0,False,False,False,False,35185,4.127622698850949e+18,4.508464686531597e+18,1.3639126146174556e+18,1e+19,0.0,0.4127622698850949,0.4508464686531597,0.13639126146174557,0.0,666318812.4193504,lp_vertex_box,0.4871620101591301,True,True,Q_above_A_supported,interior,0.0,0.0,0.0,0.11988006012024059,0.0,0.0,0.0,0.0,0.49689999999999995,0.0,0.0,0.0,0.0,0.0,0.0,0.0,0.3832199398797595
quality_linear,0.5,1e+19,exponential,131072,fixed_ref,0.8047071577351047,lp_vertex_box,analytic_lp_charnes_cooper,box_only,True,False,0.691151624817032,0.3896340034145606,0.977360675655137,0.41663254110330095,3788.5078766638335,3788.5078766638335,1.6906369537732457,3400076233.4959965,25665111136.001793,0.0,0.0,False,False,False,False,35185,1.6157770472636314e+18,7.059437637964624e+18,1.3247853147717455e+18,1e+19,0.0,0.16157770472636312,0.7059437637964624,0.13247853147717456,0.0,389634003.4145606,lp_vertex_box,0.4871620101591301,True,True,Q_above_A_supported,interior,0.0,0.0,0.0,0.11988006012024059,0.0,0.0,0.0,0.0,0.49689999999999995,0.0,0.0,0.0,0.0,0.0,0.0,0.0,0.3832199398797595
quality_linear,0.5,1e+19,exponential,131072,mixture,0.8047071577351047,lp_vertex_box,analytic_lp_charnes_cooper,box_only,True,False,0.6887791624696643,0.39206551334528666,0.9764791984339384,0.4871620101591301,3788.5078766638335,3788.5078766638335,1.6906366103617363,3317333927.2505,25505941378.713253,-2048.0,-2.048e-16,False,False,False,False,35185,1.6202793354912335e+18,7.079108435383564e+18,1.3006122291252032e+18,1.0000000000000002e+19,-2048.0,0.16202793354912334,0.7079108435383564,0.1300612229125203,-2.048e-16,392065513.34528667,lp_vertex_box,0.4871620101591301,True,True,Q_above_A_supported,interior,0.0,0.0,0.0,0.11988006012024059,0.0,0.0,0.0,0.0,0.49689999999999995,0.0,0.0,0.0,0.0,0.0,0.0,0.0,0.3832199398797595
quality_linear,0.5,1e+19,power,2048,fixed_ref,0.8047071577351047,lp_vertex_box,analytic_lp_charnes_cooper,box_only,True,False,1.454699646614145,0.8708077381409883,0.8244608425015907,0.41663254110330095,3788.5078766638335,3788.5078766638335,1.6904753558488992,2159548254.7920403,11483591109.730064,0.0,0.0,False,False,False,False,35185,7.600582253655352e+18,5.1886641518287206e+17,1.8805513311617754e+18,1e+19,0.0,0.7600582253655352,0.05188664151828721,0.18805513311617753,0.0,870807738.1409883,lp_vertex_box,0.4871620101591301,True,True,Q_above_A_supported,interior,0.0,0.0,0.0,0.11988006012024059,0.0,0.0,0.0,0.0,0.49689999999999995,0.0,0.0,0.0,0.0,0.0,0.0,0.0,0.3832199398797595
quality_linear,0.5,1e+19,power,2048,mixture,0.8047071577351047,lp_vertex_box,analytic_lp_charnes_cooper,box_only,True,False,1.4249949764797882,0.902422011088642,0.8171424863423394,0.4871620101591301,3788.5078766638335,3788.5078766638335,1.6904740412790147,1947642190.714055,11081289991.958908,2048.0,2.048e-16,False,False,False,False,35185,7.715680994796616e+18,5.2672382257811565e+17,1.757595182625266e+18,9.999999999999998e+18,2048.0,0.7715680994796615,0.05267238225781157,0.1757595182625266,2.048e-16,902422011.088642,lp_vertex_box,0.4871620101591301,True,True,Q_above_A_supported,interior,0.0,0.0,0.0,0.11988006012024059,0.0,0.0,0.0,0.0,0.49689999999999995,0.0,0.0,0.0,0.0,0.0,0.0,0.0,0.3832199398797595
quality_linear,0.5,1e+19,power,4096,fixed_ref,0.8047071577351047,lp_vertex_box,analytic_lp_charnes_cooper,box_only,True,False,1.4208012592019754,0.8375133699515783,0.8325346481327209,0.41663254110330095,3788.5078766638335,3788.5078766638335,1.6904810976464624,2251379947.3819675,11940107894.132078,-2048.0,-2.048e-16,False,False,False,False,35185,7.139640303754155e+18,9.747988894725672e+17,1.885560806773279e+18,1.0000000000000002e+19,-2048.0,0.7139640303754154,0.09747988894725672,0.1885560806773279,-2.048e-16,837513369.9515784,lp_vertex_box,0.4871620101591301,True,True,Q_above_A_supported,interior,0.0,0.0,0.0,0.11988006012024059,0.0,0.0,0.0,0.0,0.49689999999999995,0.0,0.0,0.0,0.0,0.0,0.0,0.0,0.3832199398797595
quality_linear,0.5,1e+19,power,4096,mixture,0.8047071577351047,lp_vertex_box,analytic_lp_charnes_cooper,box_only,True,False,1.392472627087041,0.866971977165318,0.8253752455392518,0.4871620101591301,3788.5078766638335,3788.5078766638335,1.6904798228208318,2038848846.5277944,11534398185.159744,2048.0,2.048e-16,False,False,False,False,35185,7.243408479925418e+18,9.889667044591506e+17,1.76762481561543e+18,9.999999999999998e+18,2048.0,0.7243408479925418,0.09889667044591506,0.17676248156154298,2.048e-16,866971977.165318,lp_vertex_box,0.4871620101591301,True,True,Q_above_A_supported,interior,0.0,0.0,0.0,0.11988006012024059,0.0,0.0,0.0,0.0,0.49689999999999995,0.0,0.0,0.0,0.0,0.0,0.0,0.0,0.3832199398797595
quality_linear,0.5,1e+19,power,8192,fixed_ref,0.8047071577351047,lp_vertex_box,analytic_lp_charnes_cooper,box_only,True,False,1.360358370779981,0.7800799810601892,0.8474532986149058,0.41663254110330095,3788.5078766638335,3788.5078766638335,1.6904917340903851,2428236962.846777,12819198342.212584,0.0,0.0,False,False,False,False,35185,6.367129992678703e+18,1.7386509633341315e+18,1.894219043987165e+18,1e+19,0.0,0.6367129992678703,0.17386509633341315,0.1894219043987165,0.0,780079981.0601891,lp_vertex_box,0.4871620101591301,True,True,Q_above_A_supported,interior,0.0,0.0,0.0,0.11988006012024059,0.0,0.0,0.0,0.0,0.49689999999999995,0.0,0.0,0.0,0.0,0.0,0.0,0.0,0.3832199398797595
quality_linear,0.5,1e+19,power,8192,mixture,0.8047071577351047,lp_vertex_box,analytic_lp_charnes_cooper,box_only,True,False,1.3352010545096933,0.8054934865706131,0.8406920068358322,0.4871620101591301,3788.5078766638335,3788.5078766638335,1.690490528751005,2215949939.467,12414749674.23384,0.0,0.0,False,False,False,False,35185,6.452974516018634e+18,1.7620922411741548e+18,1.784933242807213e+18,1e+19,0.0,0.6452974516018634,0.17620922411741546,0.17849332428072132,0.0,805493486.5706131,lp_vertex_box,0.4871620101591301,True,True,Q_above_A_supported,interior,0.0,0.0,0.0,0.11988006012024059,0.0,0.0,0.0,0.0,0.49689999999999995,0.0,0.0,0.0,0.0,0.0,0.0,0.0,0.3832199398797595
quality_linear,0.5,1e+19,power,32768,fixed_ref,0.8047071577351047,lp_vertex_box,analytic_lp_charnes_cooper,box_only,True,False,1.1226386759718268,0.5729378218803095,0.9154350531583345,0.41663254110330095,3788.5078766638335,3788.5078766638335,1.6905402218210208,3360744078.477194,17453900961.15712,0.0,0.0,False,False,False,False,35185,3.859212946619357e+18,4.2152896611607706e+18,1.9254973922198712e+18,1e+19,0.0,0.3859212946619357,0.42152896611607704,0.19254973922198712,0.0,572937821.8803095,lp_vertex_box,0.4871620101591301,True,True,Q_above_A_supported,interior,0.0,0.0,0.0,0.11988006012024059,0.0,0.0,0.0,0.0,0.49689999999999995,0.0,0.0,0.0,0.0,0.0,0.0,0.0,0.3832199398797595
quality_linear,0.5,1e+19,power,32768,mixture,0.8047071577351047,lp_vertex_box,analytic_lp_charnes_cooper,box_only,True,False,1.107847545934636,0.5862525645995335,0.9101918112190668,0.4871620101591301,3788.5078766638335,3788.5078766638335,1.6905392766945795,3150019724.29672,17057494676.941765,0.0,0.0,False,False,False,False,35185,3.896870789936878e+18,4.256422068155054e+18,1.8467071419080673e+18,1e+19,0.0,0.3896870789936878,0.4256422068155054,0.18467071419080675,0.0,586252564.5995334,lp_vertex_box,0.4871620101591301,True,True,Q_above_A_supported,interior,0.0,0.0,0.0,0.11988006012024059,0.0,0.0,0.0,0.0,0.49689999999999995,0.0,0.0,0.0,0.0,0.0,0.0,0.0,0.3832199398797595
quality_linear,0.5,1e+19,power,131072,fixed_ref,0.8047071577351047,lp_vertex_box,analytic_lp_charnes_cooper,box_only,True,False,0.7340179266611321,0.3509351604210284,1.0,0.41663254110330095,3788.5078766638335,3788.5078766638335,1.6906418258163247,4849345275.903549,28495292372.535923,-2048.0,-2.048e-16,False,False,False,True,35185,1.54555619306841e+18,6.752638044595423e+18,1.7018057623361682e+18,1.0000000000000002e+19,-2048.0,0.154555619306841,0.6752638044595424,0.17018057623361682,-2.048e-16,350935160.4210284,lp_vertex_box,0.4871620101591301,True,True,Q_above_A_supported,upper_bound,0.0,0.0,0.0,0.11988006012024059,0.0,0.0,0.0,0.0,0.49689999999999995,0.0,0.0,0.0,0.0,0.0,0.0,0.0,0.3832199398797595
quality_linear,0.5,1e+19,power,131072,mixture,0.8047071577351047,lp_vertex_box,analytic_lp_charnes_cooper,box_only,True,False,0.7307800228888768,0.35385679305285517,1.0,0.4871620101591301,3788.5078766638335,3788.5078766638335,1.6906411785999547,4718379892.712687,28260019862.064117,0.0,0.0,False,False,False,True,35185,1.5515488519593004e+18,6.778820370800314e+18,1.6696307772403863e+18,1e+19,0.0,0.15515488519593004,0.6778820370800315,0.16696307772403862,0.0,353856793.0528552,lp_vertex_box,0.4871620101591301,True,True,Q_above_A_supported,upper_bound,0.0,0.0,0.0,0.11988006012024059,0.0,0.0,0.0,0.0,0.49689999999999995,0.0,0.0,0.0,0.0,0.0,0.0,0.0,0.3832199398797595
quality_linear,0.5,1e+19,logarithmic,2048,fixed_ref,0.8047071577351047,lp_vertex_box,analytic_lp_charnes_cooper,box_only,True,False,1.4582769122295305,0.9209426985861683,1.0,0.41663254110330095,3788.5078766638335,3788.5078766638335,1.6904518007064524,1511467178.400249,10858438875.02665,2048.0,2.048e-16,False,False,False,True,35185,8.057936849007412e+18,5.5008848889223936e+17,1.391974662100347e+18,9.999999999999998e+18,2048.0,0.8057936849007412,0.05500884888922394,0.13919746621003468,2.048e-16,920942698.5861683,lp_vertex_box,0.4871620101591301,True,True,Q_above_A_supported,upper_bound,0.0,0.0,0.0,0.11988006012024059,0.0,0.0,0.0,0.0,0.49689999999999995,0.0,0.0,0.0,0.0,0.0,0.0,0.0,0.3832199398797595
quality_linear,0.5,1e+19,logarithmic,2048,mixture,0.8047071577351047,lp_vertex_box,analytic_lp_charnes_cooper,box_only,True,False,1.422896572818622,0.9637878651749142,1.0,0.4871620101591301,3788.5078766638335,3788.5078766638335,1.6904492333154477,1255529360.3491168,10375727233.487358,2048.0,2.048e-16,False,False,False,True,35185,8.22822270168937e+18,5.6171333643532774e+17,1.2100639618753009e+18,9.999999999999998e+18,2048.0,0.8228222701689369,0.05617133364353277,0.12100639618753009,2.048e-16,963787865.1749142,lp_vertex_box,0.4871620101591301,True,True,Q_above_A_supported,upper_bound,0.0,0.0,0.0,0.11988006012024059,0.0,0.0,0.0,0.0,0.49689999999999995,0.0,0.0,0.0,0.0,0.0,0.0,0.0,0.3832199398797595
quality_linear,0.5,1e+19,logarithmic,4096,fixed_ref,0.8047071577351047,lp_vertex_box,analytic_lp_charnes_cooper,box_only,True,False,1.4110638527263815,0.8981664450606717,1.0,0.41663254110330095,3788.5078766638335,3788.5078766638335,1.6904575468496545,1511467178.400249,11133793802.911991,2048.0,2.048e-16,False,False,False,True,35185,7.604221226141216e+18,1.0382296714091473e+18,1.3575491024496356e+18,9.999999999999998e+18,2048.0,0.7604221226141216,0.10382296714091473,0.13575491024496356,2.048e-16,898166445.0606717,lp_vertex_box,0.4871620101591301,True,True,Q_above_A_supported,upper_bound,0.0,0.0,0.0,0.11988006012024059,0.0,0.0,0.0,0.0,0.49689999999999995,0.0,0.0,0.0,0.0,0.0,0.0,0.0,0.3832199398797595
quality_linear,0.5,1e+19,logarithmic,4096,mixture,0.8047071577351047,lp_vertex_box,analytic_lp_charnes_cooper,box_only,True,False,1.377843843351461,0.9388505867155174,1.0,0.4871620101591301,3788.5078766638335,3788.5078766638335,1.6904550266531355,1255529360.3491168,10651322096.9314,2048.0,2.048e-16,False,False,False,True,35185,7.761537004397295e+18,1.0597085190003773e+18,1.1787544766023265e+18,9.999999999999998e+18,2048.0,0.7761537004397294,0.10597085190003773,0.11787544766023265,2.048e-16,938850586.7155174,lp_vertex_box,0.4871620101591301,True,True,Q_above_A_supported,upper_bound,0.0,0.0,0.0,0.11988006012024059,0.0,0.0,0.0,0.0,0.49689999999999995,0.0,0.0,0.0,0.0,0.0,0.0,0.0,0.3832199398797595
quality_linear,0.5,1e+19,logarithmic,8192,fixed_ref,0.8047071577351047,lp_vertex_box,analytic_lp_charnes_cooper,box_only,True,False,1.329964350735801,0.8568784336346277,1.0,0.41663254110330095,3788.5078766638335,3788.5078766638335,1.6904682366706087,1511467178.400249,11670266875.06059,0.0,0.0,False,False,False,True,35185,6.837706617890327e+18,1.8671497537919186e+18,1.2951436283177556e+18,1e+19,0.0,0.6837706617890327,0.18671497537919185,0.12951436283177556,0.0,856878433.6346277,lp_vertex_box,0.4871620101591301,True,True,Q_above_A_supported,upper_bound,0.0,0.0,0.0,0.11988006012024059,0.0,0.0,0.0,0.0,0.49689999999999995,0.0,0.0,0.0,0.0,0.0,0.0,0.0,0.3832199398797595
quality_linear,0.5,1e+19,logarithmic,8192,mixture,0.8047071577351047,lp_vertex_box,analytic_lp_charnes_cooper,box_only,True,False,1.299610864577289,0.8942562556069065,1.0,0.4871620101591301,3788.5078766638335,3788.5078766638335,1.6904658014942715,1255529360.3491168,11182476988.336283,0.0,0.0,False,False,False,True,35185,6.973110873017645e+18,1.9041241423920184e+18,1.1227649845903355e+18,1e+19,0.0,0.6973110873017645,0.19041241423920185,0.11227649845903355,0.0,894256255.6069064,lp_vertex_box,0.4871620101591301,True,True,Q_above_A_supported,upper_bound,0.0,0.0,0.0,0.11988006012024059,0.0,0.0,0.0,0.0,0.49689999999999995,0.0,0.0,0.0,0.0,0.0,0.0,0.0,0.3832199398797595
quality_linear,0.5,1e+19,logarithmic,32768,fixed_ref,0.8047071577351047,lp_vertex_box,analytic_lp_charnes_cooper,box_only,True,False,1.0283951031011906,0.6934078024430869,1.0,0.41663254110330095,3788.5078766638335,3788.5078766638335,1.6905176608867507,1511467178.400249,14421527944.691357,0.0,0.0,False,False,False,True,35185,4.2785831309077704e+18,4.67335373445286e+18,1.0480631346393697e+18,1e+19,0.0,0.42785831309077704,0.467335373445286,0.10480631346393697,0.0,693407802.4430869,lp_vertex_box,0.4871620101591301,True,True,Q_above_A_supported,upper_bound,0.0,0.0,0.0,0.11988006012024059,0.0,0.0,0.0,0.0,0.49689999999999995,0.0,0.0,0.0,0.0,0.0,0.0,0.0,0.3832199398797595
quality_linear,0.5,1e+19,logarithmic,32768,mixture,0.8047071577351047,lp_vertex_box,analytic_lp_charnes_cooper,box_only,True,False,1.0093768345219398,0.7180378523587001,1.0,0.4871620101591301,3788.5078766638335,3788.5078766638335,1.6905155758558827,1255529360.3491168,13926842390.20374,0.0,0.0,False,False,False,True,35185,4.34862464688454e+18,4.749857747637087e+18,9.015176054783724e+17,1e+19,0.0,0.43486246468845396,0.47498577476370873,0.09015176054783723,0.0,718037852.3587002,lp_vertex_box,0.4871620101591301,True,True,Q_above_A_supported,upper_bound,0.0,0.0,0.0,0.11988006012024059,0.0,0.0,0.0,0.0,0.49689999999999995,0.0,0.0,0.0,0.0,0.0,0.0,0.0,0.3832199398797595
quality_linear,0.5,1e+19,logarithmic,131072,fixed_ref,0.8047071577351047,lp_vertex_box,analytic_lp_charnes_cooper,box_only,True,False,0.6415837170651644,0.45086269180897065,1.0,0.41663254110330095,3788.5078766638335,3788.5078766638335,1.6906238975654793,1511467178.400249,22179701673.42428,0.0,0.0,False,False,False,True,35185,1.73559697018083e+18,7.582938869184725e+18,6.81464160634446e+17,1e+19,0.0,0.173559697018083,0.7582938869184725,0.0681464160634446,0.0,450862691.80897063,lp_vertex_box,0.4871620101591301,True,True,Q_above_A_supported,upper_bound,0.0,0.0,0.0,0.11988006012024059,0.0,0.0,0.0,0.0,0.49689999999999995,0.0,0.0,0.0,0.0,0.0,0.0,0.0,0.3832199398797595
quality_linear,0.5,1e+19,logarithmic,131072,mixture,0.8047071577351047,lp_vertex_box,analytic_lp_charnes_cooper,box_only,True,False,0.6334417243849488,0.4616490915591019,1.0,0.4871620101591301,3788.5078766638335,3788.5078766638335,1.690622374246625,1255529360.3491168,21661474446.37561,0.0,0.0,False,False,False,True,35185,1.754566779707656e+18,7.665819231661395e+18,5.7961398863095e+17,1e+19,0.0,0.17545667797076558,0.7665819231661395,0.057961398863095,0.0,461649091.5591019,lp_vertex_box,0.4871620101591301,True,True,Q_above_A_supported,upper_bound,0.0,0.0,0.0,0.11988006012024059,0.0,0.0,0.0,0.0,0.49689999999999995,0.0,0.0,0.0,0.0,0.0,0.0,0.0,0.3832199398797595
quality_linear,0.5,1e+22,exponential,2048,fixed_ref,0.8047071577351047,lp_vertex_box,analytic_lp_charnes_cooper,box_only,True,False,28.40795687442985,53.76455999578335,1.0,0.41663254110330095,3788.5078766638335,3788.5078766638335,1.6900191074242379,3912487936.8349757,185996128319.18054,0.0,0.0,False,False,False,True,35185,9.164047810397458e+21,6.255989971897998e+20,2.1035319241274265e+20,1e+22,0.0,0.9164047810397458,0.06255989971897999,0.021035319241274265,0.0,53764559995.78335,lp_vertex_box,0.4871620101591301,False,True,N_above_support;Q_above_A_supported,upper_bound,0.0,0.0,0.0,0.11988006012024059,0.0,0.0,0.0,0.0,0.49689999999999995,0.0,0.0,0.0,0.0,0.0,0.0,0.0,0.3832199398797595
quality_linear,0.5,1e+22,exponential,2048,mixture,0.8047071577351047,lp_vertex_box,analytic_lp_charnes_cooper,box_only,True,False,28.394005797110257,53.808992562168484,1.0,0.4871620101591301,3788.5078766638335,3788.5078766638335,1.6900190955767176,3848323182.263386,185842542739.4213,0.0,0.0,False,False,False,True,35185,9.167117080481249e+21,6.2580852602752e+20,2.0707439349123108e+20,1e+22,0.0,0.9167117080481249,0.062580852602752,0.020707439349123107,0.0,53808992562.16849,lp_vertex_box,0.4871620101591301,False,True,N_above_support;Q_above_A_supported,upper_bound,0.0,0.0,0.0,0.11988006012024059,0.0,0.0,0.0,0.0,0.49689999999999995,0.0,0.0,0.0,0.0,0.0,0.0,0.0,0.3832199398797595
quality_linear,0.5,1e+22,exponential,4096,fixed_ref,0.8047071577351047,lp_vertex_box,analytic_lp_charnes_cooper,box_only,True,False,27.596457320292995,52.056695029015984,1.0,0.41663254110330095,3788.5078766638335,3788.5078766638335,1.6900211997775065,3912487936.8349757,192098249695.37695,-2097152.0,-2.097152e-16,False,False,False,True,35185,8.619482175622488e+21,1.1768466330449906e+21,2.036711913325223e+20,1.0000000000000002e+22,-2097152.0,0.8619482175622488,0.11768466330449906,0.020367119133252228,-2.097152e-16,52056695029.01598,lp_vertex_box,0.4871620101591301,False,True,N_above_support;Q_above_A_supported,upper_bound,0.0,0.0,0.0,0.11988006012024059,0.0,0.0,0.0,0.0,0.49689999999999995,0.0,0.0,0.0,0.0,0.0,0.0,0.0,0.3832199398797595
quality_linear,0.5,1e+22,exponential,4096,mixture,0.8047071577351047,lp_vertex_box,analytic_lp_charnes_cooper,box_only,True,False,27.596457320292995,52.074088842522436,1.0,0.4871620101591301,3788.5078766638335,3788.5078766638335,1.6900211882035823,3848323182.263386,192034084940.8054,0.0,0.0,False,False,False,True,35185,8.622362221414897e+21,1.1772398552971806e+21,2.003979232879222e+20,1e+22,0.0,0.8622362221414896,0.11772398552971806,0.02003979232879222,0.0,52074088842.52244,lp_vertex_box,0.4871620101591301,False,True,N_above_support;Q_above_A_supported,upper_bound,0.0,0.0,0.0,0.11988006012024059,0.0,0.0,0.0,0.0,0.49689999999999995,0.0,0.0,0.0,0.0,0.0,0.0,0.0,0.3832199398797595
quality_linear,0.5,1e+22,exponential,8192,fixed_ref,0.8047071577351047,lp_vertex_box,analytic_lp_charnes_cooper,box_only,True,False,26.189869435100267,49.028936167866945,1.0,0.41663254110330095,3788.5078766638335,3788.5078766638335,1.6900250851159764,3912487936.8349757,203961186629.90482,-2097152.0,-2.097152e-16,False,False,False,True,35185,7.704368620669802e+21,2.1038062580175672e+21,1.9182512131263146e+20,1.0000000000000002e+22,-2097152.0,0.7704368620669803,0.21038062580175673,0.019182512131263145,-2.097152e-16,49028936167.86694,lp_vertex_box,0.4871620101591301,False,True,N_above_support;Q_above_A_supported,upper_bound,0.0,0.0,0.0,0.11988006012024059,0.0,0.0,0.0,0.0,0.49689999999999995,0.0,0.0,0.0,0.0,0.0,0.0,0.0,0.3832199398797595
quality_linear,0.5,1e+22,exponential,8192,mixture,0.8047071577351047,lp_vertex_box,analytic_lp_charnes_cooper,box_only,True,False,26.177007655033112,49.0680075505661,1.0,0.4871620101591301,3788.5078766638335,3788.5078766638335,1.6900250740289435,3848323182.263386,203798778454.46832,0.0,0.0,False,False,False,True,35185,7.706721655610348e+21,2.1044487934253324e+21,1.8882955096431837e+20,1e+22,0.0,0.7706721655610348,0.21044487934253325,0.018882955096431838,0.0,49068007550.5661,lp_vertex_box,0.4871620101591301,False,True,N_above_support;Q_above_A_supported,upper_bound,0.0,0.0,0.0,0.11988006012024059,0.0,0.0,0.0,0.0,0.49689999999999995,0.0,0.0,0.0,0.0,0.0,0.0,0.0,0.3832199398797595
quality_linear,0.5,1e+22,exponential,32768,fixed_ref,0.8047071577351047,lp_vertex_box,analytic_lp_charnes_cooper,box_only,True,False,20.821243667649984,37.694022568209796,1.0,0.41663254110330095,3788.5078766638335,3788.5078766638335,1.6900429413743945,3912487936.8349757,265294052443.04578,-2097152.0,-2.097152e-16,False,False,False,True,35185,4.7090185722395623e+21,5.143504019171533e+21,1.4747740858890615e+20,1.0000000000000002e+22,-2097152.0,0.4709018572239562,0.5143504019171533,0.014747740858890615,-2.097152e-16,37694022568.20979,lp_vertex_box,0.4871620101591301,False,True,N_above_support;Q_above_A_supported,upper_bound,0.0,0.0,0.0,0.11988006012024059,0.0,0.0,0.0,0.0,0.49689999999999995,0.0,0.0,0.0,0.0,0.0,0.0,0.0,0.3832199398797595
quality_linear,0.5,1e+22,exponential,32768,mixture,0.8047071577351047,lp_vertex_box,analytic_lp_charnes_cooper,box_only,True,False,20.81101840641133,37.72139765479568,1.0,0.4871620101591301,3788.5078766638335,3788.5078766638335,1.690042932198475,3848323182.263386,265101523848.98862,2097152.0,2.097152e-16,False,False,False,True,35185,4.710124205457083e+21,5.14471166548059e+21,1.4516412906232591e+20,9.999999999999998e+21,2097152.0,0.4710124205457083,0.514471166548059,0.014516412906232592,2.097152e-16,37721397654.79568,lp_vertex_box,0.4871620101591301,False,True,N_above_support;Q_above_A_supported,upper_bound,0.0,0.0,0.0,0.11988006012024059,0.0,0.0,0.0,0.0,0.49689999999999995,0.0,0.0,0.0,0.0,0.0,0.0,0.0,0.3832199398797595
quality_linear,0.5,1e+22,exponential,131072,fixed_ref,0.8047071577351047,lp_vertex_box,analytic_lp_charnes_cooper,box_only,True,False,13.510352073023572,22.771761827368962,1.0,0.41663254110330095,3788.5078766638335,3788.5078766638335,1.6900808732449706,3912487936.8349757,439140373758.04553,-2097152.0,-2.097152e-16,False,False,False,True,35185,1.84592711766476e+21,8.064978638885181e+21,8.909424345006024e+19,1.0000000000000002e+22,-2097152.0,0.18459271176647601,0.8064978638885182,0.008909424345006025,-2.097152e-16,22771761827.36896,lp_vertex_box,0.4871620101591301,False,True,N_above_support;Q_above_A_supported,upper_bound,0.0,0.0,0.0,0.11988006012024059,0.0,0.0,0.0,0.0,0.49689999999999995,0.0,0.0,0.0,0.0,0.0,0.0,0.0,0.3832199398797595
quality_linear,0.5,1e+22,exponential,131072,mixture,0.8047071577351047,lp_vertex_box,analytic_lp_charnes_cooper,box_only,True,False,13.503717172554762,22.78618175670132,1.0,0.4871620101591301,3788.5078766638335,3788.5078766638335,1.6900808668638823,3848323182.263386,438862469665.81146,0.0,0.0,False,False,False,True,35185,1.8461889233095298e+21,8.06612248520089e+21,8.768859148958073e+19,1e+22,0.0,0.18461889233095297,0.806612248520089,0.008768859148958074,0.0,22786181756.70132,lp_vertex_box,0.4871620101591301,False,True,N_above_support;Q_above_A_supported,upper_bound,0.0,0.0,0.0,0.11988006012024059,0.0,0.0,0.0,0.0,0.49689999999999995,0.0,0.0,0.0,0.0,0.0,0.0,0.0,0.3832199398797595
quality_linear,0.5,1e+22,power,2048,fixed_ref,0.8047071577351047,lp_vertex_box,analytic_lp_charnes_cooper,box_only,True,False,28.575905433749554,53.188810472162416,1.0,0.41663254110330095,3788.5078766638335,3788.5078766638335,1.6900192797081703,4849345275.903549,188009468744.0647,-2097152.0,-2.097152e-16,False,False,False,True,35185,9.119510509116847e+21,6.225585840890434e+20,2.5793090679411003e+20,1.0000000000000002e+22,-2097152.0,0.9119510509116847,0.06225585840890434,0.025793090679411004,-2.097152e-16,53188810472.162415,lp_vertex_box,0.4871620101591301,False,True,N_above_support;Q_above_A_supported,upper_bound,0.0,0.0,0.0,0.11988006012024059,0.0,0.0,0.0,0.0,0.49689999999999995,0.0,0.0,0.0,0.0,0.0,0.0,0.0,0.3832199398797595
quality_linear,0.5,1e+22,power,2048,mixture,0.8047071577351047,lp_vertex_box,analytic_lp_charnes_cooper,box_only,True,False,28.54784521271172,53.276888652564416,1.0,0.4871620101591301,3788.5078766638335,3788.5078766638335,1.6900192557022398,4718379892.712687,187698648568.1097,0.0,0.0,False,False,False,True,35185,9.125642224009718e+21,6.229771758257301e+20,2.5138060016455264e+20,1e+22,0.0,0.9125642224009718,0.06229771758257301,0.025138060016455265,0.0,53276888652.564415,lp_vertex_box,0.4871620101591301,False,True,N_above_support;Q_above_A_supported,upper_bound,0.0,0.0,0.0,0.11988006012024059,0.0,0.0,0.0,0.0,0.49689999999999995,0.0,0.0,0.0,0.0,0.0,0.0,0.0,0.3832199398797595
quality_linear,0.5,1e+22,power,4096,fixed_ref,0.8047071577351047,lp_vertex_box,analytic_lp_charnes_cooper,box_only,True,False,27.75960827373036,51.507186283503465,1.0,0.41663254110330095,3788.5078766638335,3788.5078766638335,1.6900213680963616,4849345275.903549,194147666016.12567,4194304.0,4.194304e-16,False,False,False,True,35185,8.578915887072682e+21,1.1713079824483236e+21,2.497761304789916e+20,9.999999999999996e+21,4194304.0,0.8578915887072682,0.11713079824483236,0.02497761304789916,4.194304e-16,51507186283.50346,lp_vertex_box,0.4871620101591301,False,True,N_above_support;Q_above_A_supported,upper_bound,0.0,0.0,0.0,0.11988006012024059,0.0,0.0,0.0,0.0,0.49689999999999995,0.0,0.0,0.0,0.0,0.0,0.0,0.0,0.3832199398797595
quality_linear,0.5,1e+22,power,4096,mixture,0.8047071577351047,lp_vertex_box,analytic_lp_charnes_cooper,box_only,True,False,27.73234961885098,51.59138305170218,1.0,0.4871620101591301,3788.5078766638335,3788.5078766638335,1.6900213446406211,4718379892.712687,193830818413.58127,0.0,0.0,False,False,False,True,35185,8.584501632659207e+21,1.1720706229124039e+21,2.4342774442838963e+20,1e+22,0.0,0.8584501632659207,0.11720706229124038,0.024342774442838964,0.0,51591383051.70218,lp_vertex_box,0.4871620101591301,False,True,N_above_support;Q_above_A_supported,upper_bound,0.0,0.0,0.0,0.11988006012024059,0.0,0.0,0.0,0.0,0.49689999999999995,0.0,0.0,0.0,0.0,0.0,0.0,0.0,0.3832199398797595
quality_linear,0.5,1e+22,power,8192,fixed_ref,0.8047071577351047,lp_vertex_box,analytic_lp_charnes_cooper,box_only,True,False,26.325300259385717,48.55959641235342,1.0,0.41663254110330095,3788.5078766638335,3788.5078766638335,1.69002524639452,4849345275.903549,205932518777.19537,-2097152.0,-2.097152e-16,False,False,False,True,35185,7.670075736178759e+21,2.0944420143592133e+21,2.3548224946202903e+20,1.0000000000000002e+22,-2097152.0,0.767007573617876,0.20944420143592132,0.023548224946202904,-2.097152e-16,48559596412.353424,lp_vertex_box,0.4871620101591301,False,True,N_above_support;Q_above_A_supported,upper_bound,0.0,0.0,0.0,0.11988006012024059,0.0,0.0,0.0,0.0,0.49689999999999995,0.0,0.0,0.0,0.0,0.0,0.0,0.0,0.3832199398797595
quality_linear,0.5,1e+22,power,8192,mixture,0.8047071577351047,lp_vertex_box,analytic_lp_charnes_cooper,box_only,True,False,26.29945002881712,48.63716262947054,1.0,0.4871620101591301,3788.5078766638335,3788.5078766638335,1.6900252239166635,4718379892.712687,205604098992.82935,-2097152.0,-2.097152e-16,False,False,False,True,35185,7.674783768703272e+21,2.09572762110724e+21,2.294886101894907e+20,1.0000000000000002e+22,-2097152.0,0.7674783768703272,0.20957276211072398,0.02294886101894907,-2.097152e-16,48637162629.470535,lp_vertex_box,0.4871620101591301,False,True,N_above_support;Q_above_A_supported,upper_bound,0.0,0.0,0.0,0.11988006012024059,0.0,0.0,0.0,0.0,0.49689999999999995,0.0,0.0,0.0,0.0,0.0,0.0,0.0,0.3832199398797595
quality_linear,0.5,1e+22,power,32768,fixed_ref,0.8047071577351047,lp_vertex_box,analytic_lp_charnes_cooper,box_only,True,False,20.903226831507865,37.41673462826064,1.0,0.41663254110330095,3788.5078766638335,3788.5078766638335,1.6900430749553497,4849345275.903549,267260093627.92065,-2097152.0,-2.097152e-16,False,False,False,True,35185,4.692782947373204e+21,5.125770387317505e+21,1.814466653092925e+20,1.0000000000000002e+22,-2097152.0,0.4692782947373204,0.5125770387317505,0.01814466653092925,-2.097152e-16,37416734628.26064,lp_vertex_box,0.4871620101591301,False,True,N_above_support;Q_above_A_supported,upper_bound,0.0,0.0,0.0,0.11988006012024059,0.0,0.0,0.0,0.0,0.49689999999999995,0.0,0.0,0.0,0.0,0.0,0.0,0.0,0.3832199398797595
quality_linear,0.5,1e+22,power,32768,mixture,0.8047071577351047,lp_vertex_box,analytic_lp_charnes_cooper,box_only,True,False,20.89296130854041,37.45314719306565,1.0,0.4871620101591301,3788.5078766638335,3788.5078766638335,1.6900430563251028,4718379892.712687,267000258975.60553,0.0,0.0,False,False,False,True,35185,4.6950429311267357e+21,5.128238892238696e+21,1.7671817663456952e+20,1e+22,0.0,0.46950429311267355,0.5128238892238696,0.017671817663456952,0.0,37453147193.06564,lp_vertex_box,0.4871620101591301,False,True,N_above_support;Q_above_A_supported,upper_bound,0.0,0.0,0.0,0.11988006012024059,0.0,0.0,0.0,0.0,0.49689999999999995,0.0,0.0,0.0,0.0,0.0,0.0,0.0,0.3832199398797595
quality_linear,0.5,1e+22,power,131072,fixed_ref,0.8047071577351047,lp_vertex_box,analytic_lp_charnes_cooper,box_only,True,False,13.543575507177195,22.668154998474407,1.0,0.41663254110330095,3788.5078766638335,3788.5078766638335,1.6900809662581877,4849345275.903549,441147504094.31256,-2097152.0,-2.097152e-16,False,False,False,True,35185,1.8420472129814056e+21,8.048027076663295e+21,1.0992571035530129e+20,1.0000000000000002e+22,-2097152.0,0.18420472129814056,0.8048027076663294,0.010992571035530129,-2.097152e-16,22668154998.474407,lp_vertex_box,0.4871620101591301,False,True,N_above_support;Q_above_A_supported,upper_bound,0.0,0.0,0.0,0.11988006012024059,0.0,0.0,0.0,0.0,0.49689999999999995,0.0,0.0,0.0,0.0,0.0,0.0,0.0,0.3832199398797595
quality_linear,0.5,1e+22,power,131072,mixture,0.8047071577351047,lp_vertex_box,analytic_lp_charnes_cooper,box_only,True,False,13.536924290762089,22.685908388327203,1.0,0.4871620101591301,3788.5078766638335,3788.5078766638335,1.690080953273798,4718379892.712687,440802273765.0389,0.0,0.0,False,False,False,True,35185,1.8425845459196995e+21,8.050374720092895e+21,1.0704073398740514e+20,1e+22,0.0,0.18425845459196996,0.8050374720092895,0.010704073398740514,0.0,22685908388.3272,lp_vertex_box,0.4871620101591301,False,True,N_above_support;Q_above_A_supported,upper_bound,0.0,0.0,0.0,0.11988006012024059,0.0,0.0,0.0,0.0,0.49689999999999995,0.0,0.0,0.0,0.0,0.0,0.0,0.0,0.3832199398797595
quality_linear,0.5,1e+22,logarithmic,2048,fixed_ref,0.8047071577351047,lp_vertex_box,analytic_lp_charnes_cooper,box_only,True,False,27.992391272131524,55.26953623482156,1.0,0.41663254110330095,3788.5078766638335,3788.5078766638335,1.6900186597680638,1511467178.400249,180931498276.25446,0.0,0.0,False,False,False,True,35185,9.282758902286255e+21,6.337030077294084e+20,8.353808998433605e+19,1e+22,0.0,0.9282758902286256,0.06337030077294084,0.008353808998433606,0.0,55269536234.821556,lp_vertex_box,0.4871620101591301,False,True,N_above_support;Q_above_A_supported,upper_bound,0.0,0.0,0.0,0.11988006012024059,0.0,0.0,0.0,0.0,0.49689999999999995,0.0,0.0,0.0,0.0,0.0,0.0,0.0,0.3832199398797595
quality_linear,0.5,1e+22,logarithmic,2048,mixture,0.8047071577351047,lp_vertex_box,analytic_lp_charnes_cooper,box_only,True,False,27.93744378923747,55.45592926458542,1.0,0.4871620101591301,3788.5078766638335,3788.5078766638335,1.6900186115140452,1255529360.3491168,180323369071.8456,0.0,0.0,False,False,False,True,35185,9.295781439655706e+21,6.345920129471629e+20,6.96265473971308e+19,1e+22,0.0,0.9295781439655706,0.06345920129471629,0.006962654739713079,0.0,55455929264.58542,lp_vertex_box,0.4871620101591301,False,True,N_above_support;Q_above_A_supported,upper_bound,0.0,0.0,0.0,0.11988006012024059,0.0,0.0,0.0,0.0,0.49689999999999995,0.0,0.0,0.0,0.0,0.0,0.0,0.0,0.3832199398797595
quality_linear,0.5,1e+22,logarithmic,4096,fixed_ref,0.8047071577351047,lp_vertex_box,analytic_lp_charnes_cooper,box_only,True,False,27.206123593626174,53.4657958582638,1.0,0.41663254110330095,3788.5078766638335,3788.5078766638335,1.6900207626109691,1511467178.400249,187035465188.05585,-2097152.0,-2.097152e-16,False,False,False,True,35185,8.727582300909069e+21,1.191605903484118e+21,8.08117956068137e+19,1.0000000000000002e+22,-2097152.0,0.8727582300909069,0.11916059034841181,0.00808117956068137,-2.097152e-16,53465795858.2638,lp_vertex_box,0.4871620101591301,False,True,N_above_support;Q_above_A_supported,upper_bound,0.0,0.0,0.0,0.11988006012024059,0.0,0.0,0.0,0.0,0.49689999999999995,0.0,0.0,0.0,0.0,0.0,0.0,0.0,0.3832199398797595
quality_linear,0.5,1e+22,logarithmic,4096,mixture,0.8047071577351047,lp_vertex_box,analytic_lp_charnes_cooper,box_only,True,False,27.166060694951128,53.617482987302466,1.0,0.4871620101591301,3788.5078766638335,3788.5078766638335,1.6900207155049525,1255529360.3491168,186506330451.35986,2097152.0,2.097152e-16,False,False,False,True,35185,8.73945478286141e+21,1.1932268930200112e+21,6.731832411857752e+19,9.999999999999998e+21,2097152.0,0.873945478286141,0.11932268930200111,0.006731832411857752,2.097152e-16,53617482987.30247,lp_vertex_box,0.4871620101591301,False,True,N_above_support;Q_above_A_supported,upper_bound,0.0,0.0,0.0,0.11988006012024059,0.0,0.0,0.0,0.0,0.49689999999999995,0.0,0.0,0.0,0.0,0.0,0.0,0.0,0.3832199398797595
quality_linear,0.5,1e+22,logarithmic,8192,fixed_ref,0.8047071577351047,lp_vertex_box,analytic_lp_charnes_cooper,box_only,True,False,25.832117057107787,50.29485102236462,1.0,0.41663254110330095,3788.5078766638335,3788.5078766638335,1.6900246665548824,1511467178.400249,198827510107.41235,0.0,0.0,False,False,False,True,35185,7.795334873877121e+21,2.1286461095600458e+21,7.601901656283433e+19,1e+22,0.0,0.7795334873877121,0.2128646109560046,0.007601901656283432,0.0,50294851022.36462,lp_vertex_box,0.4871620101591301,False,True,N_above_support;Q_above_A_supported,upper_bound,0.0,0.0,0.0,0.11988006012024059,0.0,0.0,0.0,0.0,0.49689999999999995,0.0,0.0,0.0,0.0,0.0,0.0,0.0,0.3832199398797595
quality_linear,0.5,1e+22,logarithmic,8192,mixture,0.8047071577351047,lp_vertex_box,analytic_lp_charnes_cooper,box_only,True,False,25.794077478089612,50.433472984716104,1.0,0.4871620101591301,3788.5078766638335,3788.5078766638335,1.690024621481783,1255529360.3491168,198281010768.9888,0.0,0.0,False,False,False,True,35185,7.805309457941439e+21,2.1313698359818754e+21,6.3320706076685074e+19,1e+22,0.0,0.780530945794144,0.21313698359818756,0.006332070607668507,0.0,50433472984.7161,lp_vertex_box,0.4871620101591301,False,True,N_above_support;Q_above_A_supported,upper_bound,0.0,0.0,0.0,0.11988006012024059,0.0,0.0,0.0,0.0,0.49689999999999995,0.0,0.0,0.0,0.0,0.0,0.0,0.0,0.3832199398797595
quality_linear,0.5,1e+22,logarithmic,32768,fixed_ref,0.8047071577351047,lp_vertex_box,analytic_lp_charnes_cooper,box_only,True,False,20.597444121170444,38.44918419180295,1.0,0.41663254110330095,3788.5078766638335,3788.5078766638335,1.6900425956898957,1511467178.400249,260083541697.9255,-2097152.0,-2.097152e-16,False,False,False,True,35185,4.751729537371508e+21,5.190155782686318e+21,5.811467994217586e+19,1.0000000000000002e+22,-2097152.0,0.47517295373715074,0.5190155782686319,0.005811467994217586,-2.097152e-16,38449184191.80295,lp_vertex_box,0.4871620101591301,False,True,N_above_support;Q_above_A_supported,upper_bound,0.0,0.0,0.0,0.11988006012024059,0.0,0.0,0.0,0.0,0.49689999999999995,0.0,0.0,0.0,0.0,0.0,0.0,0.0,0.3832199398797595
quality_linear,0.5,1e+22,logarithmic,32768,mixture,0.8047071577351047,lp_vertex_box,analytic_lp_charnes_cooper,box_only,True,False,20.577218381125412,38.52470445159638,1.0,0.4871620101591301,3788.5078766638335,3788.5078766638335,1.6900425585523264,1255529360.3491168,259573698029.64508,-2097152.0,-2.097152e-16,False,False,False,True,35185,4.756387539412877e+21,5.195243563049373e+21,4.836889753775157e+19,1.0000000000000002e+22,-2097152.0,0.4756387539412877,0.5195243563049372,0.004836889753775157,-2.097152e-16,38524704451.596375,lp_vertex_box,0.4871620101591301,False,True,N_above_support;Q_above_A_supported,upper_bound,0.0,0.0,0.0,0.11988006012024059,0.0,0.0,0.0,0.0,0.49689999999999995,0.0,0.0,0.0,0.0,0.0,0.0,0.0,0.3832199398797595
quality_linear,0.5,1e+22,logarithmic,131072,fixed_ref,0.8047071577351047,lp_vertex_box,analytic_lp_charnes_cooper,box_only,True,False,13.424352063727241,23.043125142101655,1.0,0.41663254110330095,3788.5078766638335,3788.5078766638335,1.6900806334605543,1511467178.400249,433968914300.1351,-2097152.0,-2.097152e-16,False,False,False,True,35185,1.8560341473365844e+21,8.109136925323361e+21,3.4828927340056224e+19,1.0000000000000002e+22,-2097152.0,0.18560341473365843,0.810913692532336,0.0034828927340056224,-2.097152e-16,23043125142.101654,lp_vertex_box,0.4871620101591301,False,True,N_above_support;Q_above_A_supported,upper_bound,0.0,0.0,0.0,0.11988006012024059,0.0,0.0,0.0,0.0,0.49689999999999995,0.0,0.0,0.0,0.0,0.0,0.0,0.0,0.3832199398797595
quality_linear,0.5,1e+22,logarithmic,131072,mixture,0.8047071577351047,lp_vertex_box,analytic_lp_charnes_cooper,box_only,True,False,13.411169969215093,23.07932031438633,1.0,0.4871620101591301,3788.5078766638335,3788.5078766638335,1.6900806077804604,1255529360.3491168,433288323216.6318,0.0,0.0,False,False,False,True,35185,1.857124125061163e+21,8.113899110667224e+21,2.8976764271613846e+19,1e+22,0.0,0.1857124125061163,0.8113899110667224,0.0028976764271613845,0.0,23079320314.38633,lp_vertex_box,0.4871620101591301,False,True,N_above_support;Q_above_A_supported,upper_bound,0.0,0.0,0.0,0.11988006012024059,0.0,0.0,0.0,0.0,0.49689999999999995,0.0,0.0,0.0,0.0,0.0,0.0,0.0,0.3832199398797595
quality_linear,0.5,1e+24,exponential,2048,fixed_ref,0.8047071577351047,lp_vertex_box,analytic_lp_charnes_cooper,box_only,True,False,222.43339984851065,699.4857902817198,1.0,0.41663254110330095,3788.5078766638335,3788.5078766638335,1.6899065032290321,3912487936.8349757,1429621607605.8489,-134217728.0,-1.3421772800000001e-16,False,False,False,True,35185,9.335340148685116e+23,6.372925541502372e+22,2.736729716464709e+21,1.0000000000000001e+24,-134217728.0,0.9335340148685116,0.06372925541502372,0.002736729716464709,-1.3421772800000001e-16,699485790281.7198,lp_vertex_box,0.4871620101591301,False,False,N_above_support;D_above_support;Q_above_A_supported,upper_bound,0.0,0.0,0.0,0.11988006012024059,0.0,0.0,0.0,0.0,0.49689999999999995,0.0,0.0,0.0,0.0,0.0,0.0,0.0,0.3832199398797595
quality_linear,0.5,1e+24,exponential,2048,mixture,0.8047071577351047,lp_vertex_box,analytic_lp_charnes_cooper,box_only,True,False,222.43339984851065,699.5171862457535,1.0,0.4871620101591301,3788.5078766638335,3788.5078766638335,1.6899065024774946,3848323182.263386,1429557442851.2773,134217728.0,1.3421772800000001e-16,False,False,False,True,35185,9.335759159346406e+23,6.373211586113813e+22,2.691968204221187e+21,9.999999999999998e+23,134217728.0,0.9335759159346406,0.06373211586113814,0.002691968204221187,1.3421772800000001e-16,699517186245.7534,lp_vertex_box,0.4871620101591301,False,False,N_above_support;D_above_support;Q_above_A_supported,upper_bound,0.0,0.0,0.0,0.11988006012024059,0.0,0.0,0.0,0.0,0.49689999999999995,0.0,0.0,0.0,0.0,0.0,0.0,0.0,0.3832199398797595
quality_linear,0.5,1e+24,exponential,4096,fixed_ref,0.8047071577351047,lp_vertex_box,analytic_lp_charnes_cooper,box_only,True,False,216.23865596446538,676.3670641715345,1.0,0.41663254110330095,3788.5078766638335,3788.5078766638335,1.689907542541372,3912487936.8349757,1478487130689.7175,134217728.0,1.3421772800000001e-16,False,False,False,True,35185,8.775402293705035e+23,1.1981349265005276e+23,2.6462779794436165e+21,9.999999999999998e+23,134217728.0,0.8775402293705035,0.11981349265005276,0.0026462779794436168,1.3421772800000001e-16,676367064171.5344,lp_vertex_box,0.4871620101591301,False,False,N_above_support;D_above_support;Q_above_A_supported,upper_bound,0.0,0.0,0.0,0.11988006012024059,0.0,0.0,0.0,0.0,0.49689999999999995,0.0,0.0,0.0,0.0,0.0,0.0,0.0,0.3832199398797595
quality_linear,0.5,1e+24,exponential,4096,mixture,0.8047071577351047,lp_vertex_box,analytic_lp_charnes_cooper,box_only,True,False,216.23865596446538,676.3964190501266,1.0,0.4871620101591301,3788.5078766638335,3788.5078766638335,1.6899075418078062,3848323182.263386,1478422965935.146,0.0,0.0,False,False,False,True,35185,8.775783153274602e+23,1.1981869265270924e+23,2.602992019830542e+21,1e+24,0.0,0.8775783153274602,0.11981869265270924,0.002602992019830542,0.0,676396419050.1266,lp_vertex_box,0.4871620101591301,False,False,N_above_support;D_above_support;Q_above_A_supported,upper_bound,0.0,0.0,0.0,0.11988006012024059,0.0,0.0,0.0,0.0,0.49689999999999995,0.0,0.0,0.0,0.0,0.0,0.0,0.0,0.3832199398797595
quality_linear,0.5,1e+24,exponential,8192,fixed_ref,0.8047071577351047,lp_vertex_box,analytic_lp_charnes_cooper,box_only,True,False,205.36826463764288,635.8906444954124,1.0,0.41663254110330095,3788.5078766638335,3788.5078766638335,1.68990947183738,3912487936.8349757,1572597440545.0063,0.0,0.0,False,False,False,True,35185,7.835505489560108e+23,2.139615365682547e+23,2.4879144757345187e+21,1e+24,0.0,0.7835505489560108,0.2139615365682547,0.002487914475734519,0.0,635890644495.4124,lp_vertex_box,0.4871620101591301,False,False,N_above_support;D_above_support;Q_above_A_supported,upper_bound,0.0,0.0,0.0,0.11988006012024059,0.0,0.0,0.0,0.0,0.49689999999999995,0.0,0.0,0.0,0.0,0.0,0.0,0.0,0.3832199398797595
quality_linear,0.5,1e+24,exponential,8192,mixture,0.8047071577351047,lp_vertex_box,analytic_lp_charnes_cooper,box_only,True,False,205.36826463764288,635.9165910160783,1.0,0.4871620101591301,3788.5078766638335,3788.5078766638335,1.6899094711356992,3848323182.263386,1572533275790.4348,134217728.0,1.3421772800000001e-16,False,False,False,True,35185,7.835825205075462e+23,2.1397026693326062e+23,2.447212559193079e+21,9.999999999999998e+23,134217728.0,0.7835825205075462,0.21397026693326063,0.002447212559193079,1.3421772800000001e-16,635916591016.0784,lp_vertex_box,0.4871620101591301,False,False,N_above_support;D_above_support;Q_above_A_supported,upper_bound,0.0,0.0,0.0,0.11988006012024059,0.0,0.0,0.0,0.0,0.49689999999999995,0.0,0.0,0.0,0.0,0.0,0.0,0.0,0.3832199398797595
quality_linear,0.5,1e+24,exponential,32768,fixed_ref,0.8047071577351047,lp_vertex_box,analytic_lp_charnes_cooper,box_only,True,False,164.03379526909376,484.7011027589927,1.0,0.41663254110330095,3788.5078766638335,3788.5078766638335,1.689918329464782,3912487936.8349757,2063127140226.9302,-134217728.0,-1.3421772800000001e-16,False,False,False,True,35185,4.770441687400355e+23,5.210594440424494e+23,1.896387217515169e+21,1.0000000000000001e+24,-134217728.0,0.4770441687400355,0.5210594440424494,0.0018963872175151689,-1.3421772800000001e-16,484701102758.9927,lp_vertex_box,0.4871620101591301,False,True,N_above_support;Q_above_A_supported,upper_bound,0.0,0.0,0.0,0.11988006012024059,0.0,0.0,0.0,0.0,0.49689999999999995,0.0,0.0,0.0,0.0,0.0,0.0,0.0,0.3832199398797595
quality_linear,0.5,1e+24,exponential,32768,mixture,0.8047071577351047,lp_vertex_box,analytic_lp_charnes_cooper,box_only,True,False,164.03379526909376,484.7161777846554,1.0,0.4871620101591301,3788.5078766638335,3788.5078766638335,1.6899183288877104,3848323182.263386,2063062975472.3586,0.0,0.0,False,False,False,True,35185,4.770590056220749e+23,5.210756498741383e+23,1.8653445037867902e+21,1e+24,0.0,0.47705900562207487,0.5210756498741383,0.0018653445037867902,0.0,484716177784.6554,lp_vertex_box,0.4871620101591301,False,True,N_above_support;Q_above_A_supported,upper_bound,0.0,0.0,0.0,0.11988006012024059,0.0,0.0,0.0,0.0,0.49689999999999995,0.0,0.0,0.0,0.0,0.0,0.0,0.0,0.3832199398797595
quality_linear,0.5,1e+24,exponential,131072,fixed_ref,0.8047071577351047,lp_vertex_box,analytic_lp_charnes_cooper,box_only,True,False,107.09273253717652,289.5327586398226,1.0,0.41663254110330095,3788.5078766638335,3788.5078766638335,1.689937110763499,3912487936.8349757,3453840610982.4536,-402653184.0,-4.02653184e-16,False,False,False,True,35185,1.8604112569059242e+23,8.128260808839111e+23,1.1327934254968584e+21,1.0000000000000004e+24,-402653184.0,0.18604112569059242,0.8128260808839111,0.0011327934254968584,-4.02653184e-16,289532758639.8226,lp_vertex_box,0.4871620101591301,False,True,N_above_support;Q_above_A_supported,upper_bound,0.0,0.0,0.0,0.11988006012024059,0.0,0.0,0.0,0.0,0.49689999999999995,0.0,0.0,0.0,0.0,0.0,0.0,0.0,0.3832199398797595
quality_linear,0.5,1e+24,exponential,131072,mixture,0.8047071577351047,lp_vertex_box,analytic_lp_charnes_cooper,box_only,True,False,107.09273253717652,289.538137620972,1.0,0.4871620101591301,3788.5078766638335,3788.5078766638335,1.6899371103653174,3848323182.263386,3453776446227.882,-134217728.0,-1.3421772800000001e-16,False,False,False,True,35185,1.8604458198932975e+23,8.128411816835143e+23,1.114236327156153e+21,1.0000000000000001e+24,-134217728.0,0.18604458198932974,0.8128411816835144,0.001114236327156153,-1.3421772800000001e-16,289538137620.972,lp_vertex_box,0.4871620101591301,False,True,N_above_support;Q_above_A_supported,upper_bound,0.0,0.0,0.0,0.11988006012024059,0.0,0.0,0.0,0.0,0.49689999999999995,0.0,0.0,0.0,0.0,0.0,0.0,0.0,0.3832199398797595
quality_linear,0.5,1e+24,power,2048,fixed_ref,0.8047071577351047,lp_vertex_box,analytic_lp_charnes_cooper,box_only,True,False,222.54269001284655,698.6855769183285,1.0,0.41663254110330095,3788.5078766638335,3788.5078766638335,1.6899065141973113,4849345275.903549,1431258971182.2449,0.0,0.0,False,False,False,True,35185,9.329242065634946e+23,6.368762583473457e+22,3.3881676017708423e+21,1e+24,0.0,0.9329242065634946,0.06368762583473457,0.0033881676017708424,0.0,698685576918.3285,lp_vertex_box,0.4871620101591301,False,False,N_above_support;D_above_support;Q_above_A_supported,upper_bound,0.0,0.0,0.0,0.11988006012024059,0.0,0.0,0.0,0.0,0.49689999999999995,0.0,0.0,0.0,0.0,0.0,0.0,0.0,0.3832199398797595
quality_linear,0.5,1e+24,power,2048,mixture,0.8047071577351047,lp_vertex_box,analytic_lp_charnes_cooper,box_only,True,False,222.54269001284655,698.7495150314395,1.0,0.4871620101591301,3788.5078766638335,3788.5078766638335,1.6899065126646018,4718379892.712687,1431128005799.054,-134217728.0,-1.3421772800000001e-16,False,False,False,True,35185,9.33009580321611e+23,6.369345401662198e+22,3.296965661767085e+21,1.0000000000000001e+24,-134217728.0,0.9330095803216111,0.06369345401662198,0.003296965661767085,-1.3421772800000001e-16,698749515031.4395,lp_vertex_box,0.4871620101591301,False,False,N_above_support;D_above_support;Q_above_A_supported,upper_bound,0.0,0.0,0.0,0.11988006012024059,0.0,0.0,0.0,0.0,0.49689999999999995,0.0,0.0,0.0,0.0,0.0,0.0,0.0,0.3832199398797595
quality_linear,0.5,1e+24,power,4096,fixed_ref,0.8047071577351047,lp_vertex_box,analytic_lp_charnes_cooper,box_only,True,False,216.4512010598334,675.2771820434975,1.0,0.41663254110330095,3788.5078766638335,3788.5078766638335,1.689907553246404,4849345275.903549,1480873375543.1196,0.0,0.0,False,False,False,True,35185,8.76987342609689e+23,1.1973800517764286e+23,3.274652212668096e+21,1e+24,0.0,0.8769873426096889,0.11973800517764287,0.003274652212668096,0.0,675277182043.4976,lp_vertex_box,0.4871620101591301,False,False,N_above_support;D_above_support;Q_above_A_supported,upper_bound,0.0,0.0,0.0,0.11988006012024059,0.0,0.0,0.0,0.0,0.49689999999999995,0.0,0.0,0.0,0.0,0.0,0.0,0.0,0.3832199398797595
quality_linear,0.5,1e+24,power,4096,mixture,0.8047071577351047,lp_vertex_box,analytic_lp_charnes_cooper,box_only,True,False,216.34490241064765,675.6676688259822,1.0,0.4871620101591301,3788.5078766638335,3788.5078766638335,1.6899075517505653,4718379892.712687,1480017538411.4011,0.0,0.0,False,False,False,True,35185,8.770635352451215e+23,1.1974840801213392e+23,3.1880567427445686e+21,1e+24,0.0,0.8770635352451215,0.11974840801213392,0.003188056742744569,0.0,675667668825.9822,lp_vertex_box,0.4871620101591301,False,False,N_above_support;D_above_support;Q_above_A_supported,upper_bound,0.0,0.0,0.0,0.11988006012024059,0.0,0.0,0.0,0.0,0.49689999999999995,0.0,0.0,0.0,0.0,0.0,0.0,0.0,0.3832199398797595
quality_linear,0.5,1e+24,power,8192,fixed_ref,0.8047071577351047,lp_vertex_box,analytic_lp_charnes_cooper,box_only,True,False,205.57012501824082,634.8899230919933,1.0,0.41663254110330095,3788.5078766638335,3788.5078766638335,1.689909482075752,4849345275.903549,1575076188215.2341,-134217728.0,-1.3421772800000001e-16,False,False,False,True,35185,7.830864051770542e+23,2.1383479437368094e+23,3.0788004492649253e+21,1.0000000000000001e+24,-134217728.0,0.7830864051770542,0.21383479437368094,0.003078800449264925,-1.3421772800000001e-16,634889923091.9933,lp_vertex_box,0.4871620101591301,False,False,N_above_support;D_above_support;Q_above_A_supported,upper_bound,0.0,0.0,0.0,0.11988006012024059,0.0,0.0,0.0,0.0,0.49689999999999995,0.0,0.0,0.0,0.0,0.0,0.0,0.0,0.3832199398797595
quality_linear,0.5,1e+24,power,8192,mixture,0.8047071577351047,lp_vertex_box,analytic_lp_charnes_cooper,box_only,True,False,205.57012501824082,634.9427176913587,1.0,0.4871620101591301,3788.5078766638335,3788.5078766638335,1.6899094806451678,4718379892.712687,1574945222832.0432,0.0,0.0,False,False,False,True,35185,7.83151523131405e+23,2.138525759164157e+23,2.9959009521792545e+21,1e+24,0.0,0.783151523131405,0.2138525759164157,0.0029959009521792544,0.0,634942717691.3586,lp_vertex_box,0.4871620101591301,False,False,N_above_support;D_above_support;Q_above_A_supported,upper_bound,0.0,0.0,0.0,0.11988006012024059,0.0,0.0,0.0,0.0,0.49689999999999995,0.0,0.0,0.0,0.0,0.0,0.0,0.0,0.3832199398797595
quality_linear,0.5,1e+24,power,32768,fixed_ref,0.8047071577351047,lp_vertex_box,analytic_lp_charnes_cooper,box_only,True,False,164.11439144059412,484.2437331790696,1.0,0.41663254110330095,3788.5078766638335,3788.5078766638335,1.6899183378877747,4849345275.903549,2065075769664.5457,-134217728.0,-1.3421772800000001e-16,False,False,False,True,35185,4.768281934776266e+23,5.2082354146249565e+23,2.3482650598778198e+21,1.0000000000000001e+24,-134217728.0,0.4768281934776266,0.5208235414624957,0.0023482650598778197,-1.3421772800000001e-16,484243733179.0696,lp_vertex_box,0.4871620101591301,False,True,N_above_support;Q_above_A_supported,upper_bound,0.0,0.0,0.0,0.11988006012024059,0.0,0.0,0.0,0.0,0.49689999999999995,0.0,0.0,0.0,0.0,0.0,0.0,0.0,0.3832199398797595
quality_linear,0.5,1e+24,power,32768,mixture,0.8047071577351047,lp_vertex_box,analytic_lp_charnes_cooper,box_only,True,False,164.11439144059412,484.2744454605515,1.0,0.4871620101591301,3788.5078766638335,3788.5078766638335,1.6899183367107127,4718379892.712687,2064944804281.3547,-268435456.0,-2.6843545600000003e-16,False,False,False,True,35185,4.768584354419375e+23,5.20856573752047e+23,2.2849908060156527e+21,1.0000000000000003e+24,-268435456.0,0.4768584354419375,0.520856573752047,0.002284990806015653,-2.6843545600000003e-16,484274445460.55145,lp_vertex_box,0.4871620101591301,False,True,N_above_support;Q_above_A_supported,upper_bound,0.0,0.0,0.0,0.11988006012024059,0.0,0.0,0.0,0.0,0.49689999999999995,0.0,0.0,0.0,0.0,0.0,0.0,0.0,0.3832199398797595
quality_linear,0.5,1e+24,power,131072,fixed_ref,0.8047071577351047,lp_vertex_box,analytic_lp_charnes_cooper,box_only,True,False,107.09273253717652,289.4542439185939,1.0,0.41663254110330095,3788.5078766638335,3788.5078766638335,1.689937116576668,4849345275.903549,3454777468321.522,-268435456.0,-2.6843545600000003e-16,False,False,False,True,35185,1.8599067555434774e+23,8.126056608753156e+23,1.403663570336867e+21,1.0000000000000003e+24,-268435456.0,0.18599067555434776,0.8126056608753156,0.001403663570336867,-2.6843545600000003e-16,289454243918.5939,lp_vertex_box,0.4871620101591301,False,True,N_above_support;Q_above_A_supported,upper_bound,0.0,0.0,0.0,0.11988006012024059,0.0,0.0,0.0,0.0,0.49689999999999995,0.0,0.0,0.0,0.0,0.0,0.0,0.0,0.3832199398797595
quality_linear,0.5,1e+24,power,131072,mixture,0.8047071577351047,lp_vertex_box,analytic_lp_charnes_cooper,box_only,True,False,107.09273253717652,289.4652171067156,1.0,0.4871620101591301,3788.5078766638335,3788.5078766638335,1.6899371157641,4718379892.712687,3454646502938.3315,-268435456.0,-2.6843545600000003e-16,False,False,False,True,35185,1.859977264465514e+23,8.126364666934128e+23,1.3658068600360395e+21,1.0000000000000003e+24,-268435456.0,0.18599772644655138,0.8126364666934128,0.0013658068600360396,-2.6843545600000003e-16,289465217106.71564,lp_vertex_box,0.4871620101591301,False,True,N_above_support;Q_above_A_supported,upper_bound,0.0,0.0,0.0,0.11988006012024059,0.0,0.0,0.0,0.0,0.49689999999999995,0.0,0.0,0.0,0.0,0.0,0.0,0.0,0.3832199398797595
quality_linear,0.5,1e+24,logarithmic,2048,fixed_ref,0.8047071577351047,lp_vertex_box,analytic_lp_charnes_cooper,box_only,True,False,221.99677564894074,702.039142708224,1.0,0.41663254110330095,3788.5078766638335,3788.5078766638335,1.6899064750680728,1511467178.400249,1424422000377.8508,268435456.0,2.6843545600000003e-16,False,False,False,True,35185,9.351025563634336e+23,6.3836334514410415e+22,1.0611091221557291e+21,9.999999999999997e+23,268435456.0,0.9351025563634336,0.06383633451441041,0.001061109122155729,2.6843545600000003e-16,702039142708.224,lp_vertex_box,0.4871620101591301,False,False,N_above_support;D_above_support;Q_above_A_supported,upper_bound,0.0,0.0,0.0,0.11988006012024059,0.0,0.0,0.0,0.0,0.49689999999999995,0.0,0.0,0.0,0.0,0.0,0.0,0.0,0.3832199398797595
quality_linear,0.5,1e+24,logarithmic,2048,mixture,0.8047071577351047,lp_vertex_box,analytic_lp_charnes_cooper,box_only,True,False,221.88775358179794,702.5100033985244,1.0,0.4871620101591301,3788.5078766638335,3788.5078766638335,1.6899064720620045,1255529360.3491168,1423467274718.2412,0.0,0.0,False,False,False,True,35185,9.352701991370389e+23,6.384777892775519e+22,8.820219352058052e+20,1e+24,0.0,0.9352701991370389,0.06384777892775519,0.0008820219352058052,0.0,702510003398.5244,lp_vertex_box,0.4871620101591301,False,False,N_above_support;D_above_support;Q_above_A_supported,upper_bound,0.0,0.0,0.0,0.11988006012024059,0.0,0.0,0.0,0.0,0.49689999999999995,0.0,0.0,0.0,0.0,0.0,0.0,0.0,0.3832199398797595
quality_linear,0.5,1e+24,logarithmic,4096,fixed_ref,0.8047071577351047,lp_vertex_box,analytic_lp_charnes_cooper,box_only,True,False,215.81419169722466,678.7983299848895,1.0,0.41663254110330095,3788.5078766638335,3788.5078766638335,1.689907515058437,1511467178.400249,1473191603200.1147,268435456.0,2.6843545600000003e-16,False,False,False,True,35185,8.789658774666894e+23,1.2000814113678536e+23,1.0259813965250622e+21,9.999999999999997e+23,268435456.0,0.8789658774666894,0.12000814113678536,0.0010259813965250622,2.6843545600000003e-16,678798329984.8895,lp_vertex_box,0.4871620101591301,False,False,N_above_support;D_above_support;Q_above_A_supported,upper_bound,0.0,0.0,0.0,0.11988006012024059,0.0,0.0,0.0,0.0,0.49689999999999995,0.0,0.0,0.0,0.0,0.0,0.0,0.0,0.3832199398797595
quality_linear,0.5,1e+24,logarithmic,4096,mixture,0.8047071577351047,lp_vertex_box,analytic_lp_charnes_cooper,box_only,True,False,215.81419169722466,678.9162782208894,1.0,0.4871620101591301,3788.5078766638335,3788.5078766638335,1.6899075121247107,1255529360.3491168,1472935665382.0637,0.0,0.0,False,False,False,True,35185,8.791186068859761e+23,1.200289937934986e+23,8.523993205252763e+20,1e+24,0.0,0.8791186068859761,0.1200289937934986,0.0008523993205252763,0.0,678916278220.8894,lp_vertex_box,0.4871620101591301,False,False,N_above_support;D_above_support;Q_above_A_supported,upper_bound,0.0,0.0,0.0,0.11988006012024059,0.0,0.0,0.0,0.0,0.49689999999999995,0.0,0.0,0.0,0.0,0.0,0.0,0.0,0.3832199398797595
quality_linear,0.5,1e+24,logarithmic,8192,fixed_ref,0.8047071577351047,lp_vertex_box,analytic_lp_charnes_cooper,box_only,True,False,205.06584566387923,637.8013008618383,1.0,0.41663254110330095,3788.5078766638335,3788.5078766638335,1.689909445553894,1511467178.400249,1567886422697.3752,-134217728.0,-1.3421772800000001e-16,False,False,False,True,35185,7.847475787605307e+23,2.1428840550687563e+23,9.64015732593651e+20,1.0000000000000001e+24,-134217728.0,0.7847475787605308,0.21428840550687564,0.0009640157325936509,-1.3421772800000001e-16,637801300861.8383,lp_vertex_box,0.4871620101591301,False,False,N_above_support;D_above_support;Q_above_A_supported,upper_bound,0.0,0.0,0.0,0.11988006012024059,0.0,0.0,0.0,0.0,0.49689999999999995,0.0,0.0,0.0,0.0,0.0,0.0,0.0,0.3832199398797595
quality_linear,0.5,1e+24,logarithmic,8192,mixture,0.8047071577351047,lp_vertex_box,analytic_lp_charnes_cooper,box_only,True,False,204.9651383345529,638.2186074843429,1.0,0.4871620101591301,3788.5078766638335,3788.5078766638335,1.6899094427487624,1255529360.3491168,1566861242014.998,0.0,0.0,False,False,False,True,35185,7.848753910242844e+23,2.1432330677569793e+23,8.013022000177211e+20,1e+24,0.0,0.7848753910242844,0.21432330677569794,0.0008013022000177211,0.0,638218607484.3429,lp_vertex_box,0.4871620101591301,False,False,N_above_support;D_above_support;Q_above_A_supported,upper_bound,0.0,0.0,0.0,0.11988006012024059,0.0,0.0,0.0,0.0,0.49689999999999995,0.0,0.0,0.0,0.0,0.0,0.0,0.0,0.3832199398797595
quality_linear,0.5,1e+24,logarithmic,32768,fixed_ref,0.8047071577351047,lp_vertex_box,analytic_lp_charnes_cooper,box_only,True,False,163.792244160332,485.98095986559656,1.0,0.41663254110330095,3788.5078766638335,3788.5078766638335,1.6899183078507412,1511467178.400249,2057693783469.544,0.0,0.0,False,False,False,True,35185,4.775994722134697e+23,5.21665983516366e+23,7.345442701642979e+20,1e+24,0.0,0.4775994722134697,0.521665983516366,0.0007345442701642979,0.0,485980959865.59656,lp_vertex_box,0.4871620101591301,False,True,N_above_support;Q_above_A_supported,upper_bound,0.0,0.0,0.0,0.11988006012024059,0.0,0.0,0.0,0.0,0.49689999999999995,0.0,0.0,0.0,0.0,0.0,0.0,0.0,0.3832199398797595
quality_linear,0.5,1e+24,logarithmic,32768,mixture,0.8047071577351047,lp_vertex_box,analytic_lp_charnes_cooper,box_only,True,False,163.792244160332,486.0414141372749,1.0,0.4871620101591301,3788.5078766638335,3788.5078766638335,1.6899183055444895,1255529360.3491168,2057437845651.493,0.0,0.0,False,False,False,True,35185,4.7765888385843344e+23,5.217308768757716e+23,6.102392657949529e+20,1e+24,0.0,0.47765888385843347,0.5217308768757716,0.0006102392657949529,0.0,486041414137.2749,lp_vertex_box,0.4871620101591301,False,True,N_above_support;Q_above_A_supported,upper_bound,0.0,0.0,0.0,0.11988006012024059,0.0,0.0,0.0,0.0,0.49689999999999995,0.0,0.0,0.0,0.0,0.0,0.0,0.0,0.3832199398797595
quality_linear,0.5,1e+24,logarithmic,131072,fixed_ref,0.8047071577351047,lp_vertex_box,analytic_lp_charnes_cooper,box_only,True,False,106.98757241360647,290.01883475629586,1.0,0.41663254110330095,3788.5078766638335,3788.5078766638335,1.6899370958547741,1511467178.400249,3448051919939.2847,0.0,0.0,False,False,False,True,35185,1.861704665087938e+23,8.133911795413543e+23,4.3835394985202654e+20,1e+24,0.0,0.18617046650879382,0.8133911795413543,0.00043835394985202656,0.0,290018834756.29584,lp_vertex_box,0.4871620101591301,False,True,N_above_support;Q_above_A_supported,upper_bound,0.0,0.0,0.0,0.11988006012024059,0.0,0.0,0.0,0.0,0.49689999999999995,0.0,0.0,0.0,0.0,0.0,0.0,0.0,0.3832199398797595
quality_linear,0.5,1e+24,logarithmic,131072,mixture,0.8047071577351047,lp_vertex_box,analytic_lp_charnes_cooper,box_only,True,False,106.98757241360647,290.04036352080107,1.0,0.4871620101591301,3788.5078766638335,3788.5078766638335,1.689937094264571,1255529360.3491168,3447795982121.2334,-134217728.0,-1.3421772800000001e-16,False,False,False,True,35185,1.8618428637030272e+23,8.134515594376106e+23,3.641541920866967e+20,1.0000000000000001e+24,-134217728.0,0.18618428637030274,0.8134515594376107,0.00036415419208669675,-1.3421772800000001e-16,290040363520.8011,lp_vertex_box,0.4871620101591301,False,True,N_above_support;Q_above_A_supported,upper_bound,0.0,0.0,0.0,0.11988006012024059,0.0,0.0,0.0,0.0,0.49689999999999995,0.0,0.0,0.0,0.0,0.0,0.0,0.0,0.3832199398797595
quality_linear,1.0,1e+19,exponential,2048,fixed_ref,0.8047071577351047,lp_vertex_box,analytic_lp_charnes_cooper,box_only,True,False,51.2829894105414,0.03006470493964832,1.0,0.41663254110330095,14352791.931543907,14352791.931543907,1.6899778717652205,3912487936.8349757,332615936862.6411,2048.0,2.048e-16,False,False,False,True,35185,9.250847670306218e+18,6.315245342929046e+17,1.1762779540087696e+17,9.999999999999998e+18,2048.0,0.9250847670306218,0.06315245342929046,0.011762779540087696,2.048e-16,30064704.93964832,lp_vertex_box,0.4871620101591301,False,False,N_above_support;D_below_support;Q_above_A_supported,upper_bound,0.0,0.0,0.0,0.11988006012024059,0.0,0.0,0.0,0.0,0.49689999999999995,0.0,0.0,0.0,0.0,0.0,0.0,0.0,0.3832199398797595
quality_linear,1.0,1e+19,exponential,2048,mixture,0.8047071577351047,lp_vertex_box,analytic_lp_charnes_cooper,box_only,True,False,51.25780446135238,0.030085109572380878,1.0,0.4871620101591301,14352791.931543907,14352791.931543907,1.6899778663950051,3848323182.263386,332390346657.74756,-2048.0,-2.048e-16,False,False,False,True,35185,9.25257998195676e+18,6.316427934349147e+17,1.1577722460832742e+17,1.0000000000000002e+19,-2048.0,0.925257998195676,0.06316427934349148,0.011577722460832742,-2.048e-16,30085109.572380878,lp_vertex_box,0.4871620101591301,False,False,N_above_support;D_below_support;Q_above_A_supported,upper_bound,0.0,0.0,0.0,0.11988006012024059,0.0,0.0,0.0,0.0,0.49689999999999995,0.0,0.0,0.0,0.0,0.0,0.0,0.0,0.3832199398797595
quality_linear,1.0,1e+19,exponential,4096,fixed_ref,0.8047071577351047,lp_vertex_box,analytic_lp_charnes_cooper,box_only,True,False,49.83028066810549,0.029093859706050242,1.0,0.41663254110330095,14352791.931543907,14352791.931543907,1.689979583461657,3912487936.8349757,343715137868.7799,0.0,0.0,False,False,False,True,35185,8.698531169225811e+18,1.1876394556382973e+18,1.1382937513589075e+17,1e+19,0.0,0.869853116922581,0.11876394556382973,0.011382937513589075,0.0,29093859.706050243,lp_vertex_box,0.4871620101591301,False,False,N_above_support;D_below_support;Q_above_A_supported,upper_bound,0.0,0.0,0.0,0.11988006012024059,0.0,0.0,0.0,0.0,0.49689999999999995,0.0,0.0,0.0,0.0,0.0,0.0,0.0,0.3832199398797595
quality_linear,1.0,1e+19,exponential,4096,mixture,0.8047071577351047,lp_vertex_box,analytic_lp_charnes_cooper,box_only,True,False,49.83028066810549,0.029099291962943516,1.0,0.4871620101591301,14352791.931543907,14352791.931543907,1.6899795782184137,3848323182.263386,343650973114.2083,0.0,0.0,False,False,False,True,35185,8.700155314539729e+18,1.1878612056118244e+18,1.1198347984844616e+17,1e+19,0.0,0.8700155314539729,0.11878612056118244,0.011198347984844616,0.0,29099291.962943517,lp_vertex_box,0.4871620101591301,False,False,N_above_support;D_below_support;Q_above_A_supported,upper_bound,0.0,0.0,0.0,0.11988006012024059,0.0,0.0,0.0,0.0,0.49689999999999995,0.0,0.0,0.0,0.0,0.0,0.0,0.0,0.3832199398797595
quality_linear,1.0,1e+19,exponential,8192,fixed_ref,0.8047071577351047,lp_vertex_box,analytic_lp_charnes_cooper,box_only,True,False,47.30205404974613,0.027380419621288895,1.0,0.41663254110330095,14352791.931543907,14352791.931543907,1.6899827614325644,3912487936.8349757,365224497590.41583,0.0,0.0,False,False,False,True,35185,7.770900532985622e+18,2.121973905540607e+18,1.0712556147377248e+17,1e+19,0.0,0.7770900532985622,0.2121973905540607,0.010712556147377247,0.0,27380419.621288896,lp_vertex_box,0.4871620101591301,False,False,N_above_support;D_below_support;Q_above_A_supported,upper_bound,0.0,0.0,0.0,0.11988006012024059,0.0,0.0,0.0,0.0,0.49689999999999995,0.0,0.0,0.0,0.0,0.0,0.0,0.0,0.3832199398797595
quality_linear,1.0,1e+19,exponential,8192,mixture,0.8047071577351047,lp_vertex_box,analytic_lp_charnes_cooper,box_only,True,False,47.30205404974613,0.027385230817213228,1.0,0.4871620101591301,14352791.931543907,14352791.931543907,1.6899827564135899,3848323182.263386,365160332835.84424,0.0,0.0,False,False,False,True,35185,7.772266009683561e+18,2.1223467717109245e+18,1.0538721860551534e+17,1e+19,0.0,0.7772266009683562,0.21223467717109246,0.010538721860551534,0.0,27385230.817213226,lp_vertex_box,0.4871620101591301,False,False,N_above_support;D_below_support;Q_above_A_supported,upper_bound,0.0,0.0,0.0,0.11988006012024059,0.0,0.0,0.0,0.0,0.49689999999999995,0.0,0.0,0.0,0.0,0.0,0.0,0.0,0.3832199398797595
quality_linear,1.0,1e+19,exponential,32768,fixed_ref,0.8047071577351047,lp_vertex_box,analytic_lp_charnes_cooper,box_only,True,False,37.68888881842046,0.020962439135211824,1.0,0.41663254110330095,14352791.931543907,14352791.931543907,1.6899973592658633,3912487936.8349757,477043722607.758,0.0,0.0,False,False,False,True,35185,4.740306227579426e+18,5.177678482177421e+18,8.201529024315366e+16,1e+19,0.0,0.47403062275794255,0.5177678482177421,0.008201529024315366,0.0,20962439.135211825,lp_vertex_box,0.4871620101591301,False,False,N_above_support;D_below_support;Q_above_A_supported,upper_bound,0.0,0.0,0.0,0.11988006012024059,0.0,0.0,0.0,0.0,0.49689999999999995,0.0,0.0,0.0,0.0,0.0,0.0,0.0,0.3832199398797595
quality_linear,1.0,1e+19,exponential,32768,mixture,0.8047071577351047,lp_vertex_box,analytic_lp_charnes_cooper,box_only,True,False,37.68888881842046,0.02096525906688434,1.0,0.4871620101591301,14352791.931543907,14352791.931543907,1.6899973551251453,3848323182.263386,476979557853.1864,0.0,0.0,False,False,False,True,35185,4.740943908127111e+18,5.17837499938364e+18,8.068109248924864e+16,1e+19,0.0,0.4740943908127111,0.517837499938364,0.008068109248924864,0.0,20965259.06688434,lp_vertex_box,0.4871620101591301,False,False,N_above_support;D_below_support;Q_above_A_supported,upper_bound,0.0,0.0,0.0,0.11988006012024059,0.0,0.0,0.0,0.0,0.49689999999999995,0.0,0.0,0.0,0.0,0.0,0.0,0.0,0.3832199398797595
quality_linear,1.0,1e+19,exponential,131072,fixed_ref,0.8047071577351047,lp_vertex_box,analytic_lp_charnes_cooper,box_only,True,False,24.533527681592915,0.012590567697842262,1.0,0.41663254110330095,14352791.931543907,14352791.931543907,1.690028340183805,3912487936.8349757,794245362082.7417,-2048.0,-2.048e-16,False,False,False,True,35185,1.8533462468518963e+18,8.097393308912393e+18,4.926044423571197e+16,1.0000000000000002e+19,-2048.0,0.18533462468518963,0.8097393308912393,0.004926044423571196,-2.048e-16,12590567.697842263,lp_vertex_box,0.4871620101591301,False,False,N_above_support;D_below_support;Q_above_A_supported,upper_bound,0.0,0.0,0.0,0.11988006012024059,0.0,0.0,0.0,0.0,0.49689999999999995,0.0,0.0,0.0,0.0,0.0,0.0,0.0,0.3832199398797595
quality_linear,1.0,1e+19,exponential,131072,mixture,0.8047071577351047,lp_vertex_box,analytic_lp_charnes_cooper,box_only,True,False,24.533527681592915,0.012591584935078509,1.0,0.4871620101591301,14352791.931543907,14352791.931543907,1.6900283373154377,3848323182.263386,794181197328.1702,-2048.0,-2.048e-16,False,False,False,True,35185,1.8534959853592614e+18,8.098047526433638e+18,4.845648820710104e+16,1.0000000000000002e+19,-2048.0,0.18534959853592614,0.8098047526433638,0.004845648820710104,-2.048e-16,12591584.93507851,lp_vertex_box,0.4871620101591301,False,False,N_above_support;D_below_support;Q_above_A_supported,upper_bound,0.0,0.0,0.0,0.11988006012024059,0.0,0.0,0.0,0.0,0.49689999999999995,0.0,0.0,0.0,0.0,0.0,0.0,0.0,0.3832199398797595
quality_linear,1.0,1e+19,power,2048,fixed_ref,0.8047071577351047,lp_vertex_box,analytic_lp_charnes_cooper,box_only,True,False,51.434359179786746,0.029893309533994238,1.0,0.41663254110330095,14352791.931543907,14352791.931543907,1.6899779499890641,4849345275.903549,334523013874.6647,0.0,0.0,False,False,False,True,35185,9.225259317864018e+18,6.297777027661837e+17,1.449629793697975e+17,1e+19,0.0,0.9225259317864017,0.06297777027661837,0.01449629793697975,0.0,29893309.53399424,lp_vertex_box,0.4871620101591301,False,False,N_above_support;D_below_support;Q_above_A_supported,upper_bound,0.0,0.0,0.0,0.11988006012024059,0.0,0.0,0.0,0.0,0.49689999999999995,0.0,0.0,0.0,0.0,0.0,0.0,0.0,0.3832199398797595
quality_linear,1.0,1e+19,power,2048,mixture,0.8047071577351047,lp_vertex_box,analytic_lp_charnes_cooper,box_only,True,False,51.40909989327885,0.02991950338012177,1.0,0.4871620101591301,14352791.931543907,14352791.931543907,1.6899779390742167,4718379892.712687,334230146568.6728,-2048.0,-2.048e-16,False,False,False,True,35185,9.228808428155847e+18,6.300199886954391e+17,1.4117158314871582e+17,1.0000000000000002e+19,-2048.0,0.9228808428155847,0.06300199886954391,0.014117158314871583,-2.048e-16,29919503.38012177,lp_vertex_box,0.4871620101591301,False,False,N_above_support;D_below_support;Q_above_A_supported,upper_bound,0.0,0.0,0.0,0.11988006012024059,0.0,0.0,0.0,0.0,0.49689999999999995,0.0,0.0,0.0,0.0,0.0,0.0,0.0,0.3832199398797595
quality_linear,1.0,1e+19,power,4096,fixed_ref,0.8047071577351047,lp_vertex_box,analytic_lp_charnes_cooper,box_only,True,False,50.00191835850845,0.028916574579341634,1.0,0.41663254110330095,14352791.931543907,14352791.931543907,1.6899796598468881,4849345275.903549,345822426946.2444,0.0,0.0,False,False,False,True,35185,8.675305207943767e+18,1.184468337724589e+18,1.4022645433164302e+17,1e+19,0.0,0.8675305207943768,0.1184468337724589,0.014022645433164302,0.0,28916574.579341635,lp_vertex_box,0.4871620101591301,False,False,N_above_support;D_below_support;Q_above_A_supported,upper_bound,0.0,0.0,0.0,0.11988006012024059,0.0,0.0,0.0,0.0,0.49689999999999995,0.0,0.0,0.0,0.0,0.0,0.0,0.0,0.3832199398797595
quality_linear,1.0,1e+19,power,4096,mixture,0.8047071577351047,lp_vertex_box,analytic_lp_charnes_cooper,box_only,True,False,49.977362540143,0.02894154876462435,1.0,0.4871620101591301,14352791.931543907,14352791.931543907,1.689979649187794,4718379892.712687,345524010526.4559,2048.0,2.048e-16,False,False,False,True,35185,8.678533650497152e+18,1.184909127747878e+18,1.3655722175496723e+17,9.999999999999998e+18,2048.0,0.8678533650497152,0.1184909127747878,0.013655722175496723,2.048e-16,28941548.76462435,lp_vertex_box,0.4871620101591301,False,False,N_above_support;D_below_support;Q_above_A_supported,upper_bound,0.0,0.0,0.0,0.11988006012024059,0.0,0.0,0.0,0.0,0.49689999999999995,0.0,0.0,0.0,0.0,0.0,0.0,0.0,0.3832199398797595
quality_linear,1.0,1e+19,power,8192,fixed_ref,0.8047071577351047,lp_vertex_box,analytic_lp_charnes_cooper,box_only,True,False,47.44167346524122,0.02723105208788246,1.0,0.41663254110330095,14352791.931543907,14352791.931543907,1.6899828345563745,4849345275.903549,367227823872.8021,0.0,0.0,False,False,False,True,35185,7.75132008760977e+18,2.1166271385899748e+18,1.3205277380025629e+17,1e+19,0.0,0.775132008760977,0.2116627138589975,0.013205277380025629,0.0,27231052.08788246,lp_vertex_box,0.4871620101591301,False,False,N_above_support;D_below_support;Q_above_A_supported,upper_bound,0.0,0.0,0.0,0.11988006012024059,0.0,0.0,0.0,0.0,0.49689999999999995,0.0,0.0,0.0,0.0,0.0,0.0,0.0,0.3832199398797595
quality_linear,1.0,1e+19,power,8192,mixture,0.8047071577351047,lp_vertex_box,analytic_lp_charnes_cooper,box_only,True,False,47.418374976806994,0.02725397936075182,1.0,0.4871620101591301,14352791.931543907,14352791.931543907,1.6899828243517507,4718379892.712687,366918895315.55524,0.0,0.0,False,False,False,True,35185,7.754036477629729e+18,2.1173688941580915e+18,1.2859462821217794e+17,1e+19,0.0,0.7754036477629729,0.21173688941580915,0.012859462821217794,0.0,27253979.36075182,lp_vertex_box,0.4871620101591301,False,False,N_above_support;D_below_support;Q_above_A_supported,upper_bound,0.0,0.0,0.0,0.11988006012024059,0.0,0.0,0.0,0.0,0.49689999999999995,0.0,0.0,0.0,0.0,0.0,0.0,0.0,0.3832199398797595
quality_linear,1.0,1e+19,power,32768,fixed_ref,0.8047071577351047,lp_vertex_box,analytic_lp_charnes_cooper,box_only,True,False,37.78156992023142,0.020870549809649582,1.0,0.41663254110330095,14352791.931543907,14352791.931543907,1.6899974196258432,4849345275.903549,479144061426.52075,0.0,0.0,False,False,False,True,35185,4.73113282144169e+18,5.167658676433376e+18,1.0120850212493392e+17,1e+19,0.0,0.473113282144169,0.5167658676433377,0.010120850212493392,0.0,20870549.809649583,lp_vertex_box,0.4871620101591301,False,False,N_above_support;D_below_support;Q_above_A_supported,upper_bound,0.0,0.0,0.0,0.11988006012024059,0.0,0.0,0.0,0.0,0.49689999999999995,0.0,0.0,0.0,0.0,0.0,0.0,0.0,0.3832199398797595
quality_linear,1.0,1e+19,power,32768,mixture,0.8047071577351047,lp_vertex_box,analytic_lp_charnes_cooper,box_only,True,False,37.763015484742155,0.020886412186623123,1.0,0.4871620101591301,14352791.931543907,14352791.931543907,1.6899974111988414,4718379892.712687,478780171081.9718,-2048.0,-2.048e-16,False,False,False,True,35185,4.732403440944937e+18,5.169046531762791e+18,9.855002729227176e+16,1.0000000000000002e+19,-2048.0,0.47324034409449367,0.5169046531762791,0.009855002729227177,-2.048e-16,20886412.186623123,lp_vertex_box,0.4871620101591301,False,False,N_above_support;D_below_support;Q_above_A_supported,upper_bound,0.0,0.0,0.0,0.11988006012024059,0.0,0.0,0.0,0.0,0.49689999999999995,0.0,0.0,0.0,0.0,0.0,0.0,0.0,0.3832199398797595
quality_linear,1.0,1e+19,power,131072,fixed_ref,0.8047071577351047,lp_vertex_box,analytic_lp_charnes_cooper,box_only,True,False,24.56970827636836,0.012557328039168366,1.0,0.41663254110330095,14352791.931543907,14352791.931543907,1.6900283820229747,4849345275.903549,796347755574.1444,0.0,0.0,False,False,False,True,35185,1.8511793199181647e+18,8.087925860677123e+18,6.089481940471229e+16,1e+19,0.0,0.18511793199181648,0.8087925860677123,0.0060894819404712286,0.0,12557328.039168365,lp_vertex_box,0.4871620101591301,False,False,N_above_support;D_below_support;Q_above_A_supported,upper_bound,0.0,0.0,0.0,0.11988006012024059,0.0,0.0,0.0,0.0,0.49689999999999995,0.0,0.0,0.0,0.0,0.0,0.0,0.0,0.3832199398797595
quality_linear,1.0,1e+19,power,131072,mixture,0.8047071577351047,lp_vertex_box,analytic_lp_charnes_cooper,box_only,True,False,24.56970827636836,0.012559393525978948,1.0,0.4871620101591301,14352791.931543907,14352791.931543907,1.6900283761793664,4718379892.712687,796216790190.9535,0.0,0.0,False,False,False,True,35185,1.8514838103684728e+18,8.089256199753883e+18,5.925998987764496e+16,1e+19,0.0,0.18514838103684728,0.8089256199753883,0.005925998987764496,0.0,12559393.525978949,lp_vertex_box,0.4871620101591301,False,False,N_above_support;D_below_support;Q_above_A_supported,upper_bound,0.0,0.0,0.0,0.11988006012024059,0.0,0.0,0.0,0.0,0.49689999999999995,0.0,0.0,0.0,0.0,0.0,0.0,0.0,0.3832199398797595
quality_linear,1.0,1e+19,logarithmic,2048,fixed_ref,0.8047071577351047,lp_vertex_box,analytic_lp_charnes_cooper,box_only,True,False,50.856523235290204,0.030536081817585475,1.0,0.41663254110330095,14352791.931543907,14352791.931543907,1.6899776697292446,1511467178.400249,327481438507.3164,0.0,0.0,False,False,False,True,35185,9.317753726824552e+18,6.360919877512228e+17,4.6154285424225064e+16,1e+19,0.0,0.9317753726824552,0.06360919877512228,0.004615428542422507,0.0,30536081.817585476,lp_vertex_box,0.4871620101591301,False,False,N_above_support;D_below_support;Q_above_A_supported,upper_bound,0.0,0.0,0.0,0.11988006012024059,0.0,0.0,0.0,0.0,0.49689999999999995,0.0,0.0,0.0,0.0,0.0,0.0,0.0,0.3832199398797595
quality_linear,1.0,1e+19,logarithmic,2048,mixture,0.8047071577351047,lp_vertex_box,analytic_lp_charnes_cooper,box_only,True,False,50.806584475291636,0.03058988807101489,1.0,0.4871620101591301,14352791.931543907,14352791.931543907,1.689977648058215,1255529360.3491168,326905413213.1784,0.0,0.0,False,False,False,True,35185,9.325006394218404e+18,6.365871031786431e+17,3.840650260295241e+16,1e+19,0.0,0.9325006394218404,0.06365871031786431,0.003840650260295241,0.0,30589888.071014892,lp_vertex_box,0.4871620101591301,False,False,N_above_support;D_below_support;Q_above_A_supported,upper_bound,0.0,0.0,0.0,0.11988006012024059,0.0,0.0,0.0,0.0,0.49689999999999995,0.0,0.0,0.0,0.0,0.0,0.0,0.0,0.3832199398797595
quality_linear,1.0,1e+19,logarithmic,4096,fixed_ref,0.8047071577351047,lp_vertex_box,analytic_lp_charnes_cooper,box_only,True,False,49.44017507673947,0.029528671402927816,1.0,0.41663254110330095,14352791.931543907,14352791.931543907,1.6899793862254853,1511467178.400249,338653909061.7021,0.0,0.0,False,False,False,True,35185,8.759416103665568e+18,1.1959522786871388e+18,4.463161764729143e+16,1e+19,0.0,0.8759416103665568,0.11959522786871388,0.004463161764729143,0.0,29528671.402927816,lp_vertex_box,0.4871620101591301,False,False,N_above_support;D_below_support;Q_above_A_supported,upper_bound,0.0,0.0,0.0,0.11988006012024059,0.0,0.0,0.0,0.0,0.49689999999999995,0.0,0.0,0.0,0.0,0.0,0.0,0.0,0.3832199398797595
quality_linear,1.0,1e+19,logarithmic,4096,mixture,0.8047071577351047,lp_vertex_box,analytic_lp_charnes_cooper,box_only,True,False,49.39162710530183,0.02957994295780244,1.0,0.4871620101591301,14352791.931543907,14352791.931543907,1.6899793650737112,1255529360.3491168,338066912916.82336,0.0,0.0,False,False,False,True,35185,8.766009074207261e+18,1.1968524389317647e+18,3.7138486860973064e+16,1e+19,0.0,0.876600907420726,0.11968524389317647,0.003713848686097306,0.0,29579942.95780244,lp_vertex_box,0.4871620101591301,False,False,N_above_support;D_below_support;Q_above_A_supported,upper_bound,0.0,0.0,0.0,0.11988006012024059,0.0,0.0,0.0,0.0,0.49689999999999995,0.0,0.0,0.0,0.0,0.0,0.0,0.0,0.3832199398797595
quality_linear,1.0,1e+19,logarithmic,8192,fixed_ref,0.8047071577351047,lp_vertex_box,analytic_lp_charnes_cooper,box_only,True,False,46.95480053556985,0.027764588395982972,1.0,0.41663254110330095,14352791.931543907,14352791.931543907,1.6899825726995028,1511467178.400249,360171015589.29706,2048.0,2.048e-16,False,False,False,True,35185,7.822084260513466e+18,2.135950475404211e+18,4.196526408232068e+16,9.999999999999998e+18,2048.0,0.7822084260513467,0.2135950475404211,0.004196526408232068,2.048e-16,27764588.395982973,lp_vertex_box,0.4871620101591301,False,False,N_above_support;D_below_support;Q_above_A_supported,upper_bound,0.0,0.0,0.0,0.11988006012024059,0.0,0.0,0.0,0.0,0.49689999999999995,0.0,0.0,0.0,0.0,0.0,0.0,0.0,0.3832199398797595
quality_linear,1.0,1e+19,logarithmic,8192,mixture,0.8047071577351047,lp_vertex_box,analytic_lp_charnes_cooper,box_only,True,False,46.90869308729074,0.027811546353539406,1.0,0.4871620101591301,14352791.931543907,14352791.931543907,1.6899825524669545,1255529360.3491168,359562890638.3107,0.0,0.0,False,False,False,True,35185,7.82761975308684e+18,2.1374620339095798e+18,3.4918213003579144e+16,1e+19,0.0,0.782761975308684,0.21374620339095798,0.0034918213003579143,0.0,27811546.353539407,lp_vertex_box,0.4871620101591301,False,False,N_above_support;D_below_support;Q_above_A_supported,upper_bound,0.0,0.0,0.0,0.11988006012024059,0.0,0.0,0.0,0.0,0.49689999999999995,0.0,0.0,0.0,0.0,0.0,0.0,0.0,0.3832199398797595
quality_linear,1.0,1e+19,logarithmic,32768,fixed_ref,0.8047071577351047,lp_vertex_box,analytic_lp_charnes_cooper,box_only,True,False,37.46738071628563,0.02119263783009185,1.0,0.41663254110330095,14352791.931543907,14352791.931543907,1.689997203732915,1511467178.400249,471861977738.3635,0.0,0.0,False,False,False,True,35185,4.764195779774452e+18,5.203772243721641e+18,3.2031976503907304e+16,1e+19,0.0,0.47641957797744516,0.520377224372164,0.0032031976503907305,0.0,21192637.83009185,lp_vertex_box,0.4871620101591301,False,False,N_above_support;D_below_support;Q_above_A_supported,upper_bound,0.0,0.0,0.0,0.11988006012024059,0.0,0.0,0.0,0.0,0.49689999999999995,0.0,0.0,0.0,0.0,0.0,0.0,0.0,0.3832199398797595
quality_linear,1.0,1e+19,logarithmic,32768,mixture,0.8047071577351047,lp_vertex_box,analytic_lp_charnes_cooper,box_only,True,False,37.448980578336894,0.021214529616411043,1.0,0.4871620101591301,14352791.931543907,14352791.931543907,1.6899971870814727,1255529360.3491168,471375051948.5591,0.0,0.0,False,False,False,True,35185,4.766775045501179e+18,5.206589489699421e+18,2.6635464799399948e+16,1e+19,0.0,0.47667750455011787,0.5206589489699421,0.002663546479939995,0.0,21214529.61641104,lp_vertex_box,0.4871620101591301,False,False,N_above_support;D_below_support;Q_above_A_supported,upper_bound,0.0,0.0,0.0,0.11988006012024059,0.0,0.0,0.0,0.0,0.49689999999999995,0.0,0.0,0.0,0.0,0.0,0.0,0.0,0.3832199398797595
quality_linear,1.0,1e+19,logarithmic,131072,fixed_ref,0.8047071577351047,lp_vertex_box,analytic_lp_charnes_cooper,box_only,True,False,24.44931335208451,0.012672160371473064,1.0,0.41663254110330095,14352791.931543907,14352791.931543907,1.6900282326062777,1511467178.400249,789131427227.7915,0.0,0.0,False,False,False,True,35185,1.8589537186200755e+18,8.121892726899019e+18,1.9153554480905844e+16,1e+19,0.0,0.18589537186200755,0.8121892726899018,0.0019153554480905845,0.0,12672160.371473065,lp_vertex_box,0.4871620101591301,False,False,N_above_support;D_below_support;Q_above_A_supported,upper_bound,0.0,0.0,0.0,0.11988006012024059,0.0,0.0,0.0,0.0,0.49689999999999995,0.0,0.0,0.0,0.0,0.0,0.0,0.0,0.3832199398797595
quality_linear,1.0,1e+19,logarithmic,131072,mixture,0.8047071577351047,lp_vertex_box,analytic_lp_charnes_cooper,box_only,True,False,24.43730635480235,0.012682490074557034,1.0,0.4871620101591301,14352791.931543907,14352791.931543907,1.6900282211092144,1255529360.3491168,788488691196.4939,-2048.0,-2.048e-16,False,False,False,True,35185,1.859555371762142e+18,8.124521389586916e+18,1.5923238650942616e+16,1.0000000000000002e+19,-2048.0,0.1859555371762142,0.8124521389586916,0.0015923238650942615,-2.048e-16,12682490.074557034,lp_vertex_box,0.4871620101591301,False,False,N_above_support;D_below_support;Q_above_A_supported,upper_bound,0.0,0.0,0.0,0.11988006012024059,0.0,0.0,0.0,0.0,0.49689999999999995,0.0,0.0,0.0,0.0,0.0,0.0,0.0,0.3832199398797595
quality_linear,1.0,1e+22,exponential,2048,fixed_ref,0.8047071577351047,lp_vertex_box,analytic_lp_charnes_cooper,box_only,True,False,1144.9152321386127,1.3619596996507464,1.0,0.41663254110330095,14352791.931543907,14352791.931543907,1.6898598983809925,3912487936.8349757,7342361159852.487,0.0,0.0,False,False,False,True,35185,9.355970434134418e+21,6.38700914970243e+20,5.328650895338932e+18,1e+22,0.0,0.9355970434134417,0.0638700914970243,0.0005328650895338932,0.0,1361959699.6507463,lp_vertex_box,0.4871620101591301,False,True,N_above_support;Q_above_A_supported,upper_bound,0.0,0.0,0.0,0.11988006012024059,0.0,0.0,0.0,0.0,0.49689999999999995,0.0,0.0,0.0,0.0,0.0,0.0,0.0,0.3832199398797595
quality_linear,1.0,1e+22,exponential,2048,mixture,0.8047071577351047,lp_vertex_box,analytic_lp_charnes_cooper,box_only,True,False,1144.9152321386127,1.3619716018946795,1.0,0.4871620101591301,14352791.931543907,14352791.931543907,1.689859898297348,3848323182.263386,7342296995097.916,0.0,0.0,False,False,False,True,35185,9.356052196496673e+21,6.387064966141729e+20,5.241306889155695e+18,1e+22,0.0,0.9356052196496673,0.06387064966141728,0.0005241306889155695,0.0,1361971601.8946795,lp_vertex_box,0.4871620101591301,False,True,N_above_support;Q_above_A_supported,upper_bound,0.0,0.0,0.0,0.11988006012024059,0.0,0.0,0.0,0.0,0.49689999999999995,0.0,0.0,0.0,0.0,0.0,0.0,0.0,0.3832199398797595
quality_linear,1.0,1e+22,exponential,4096,fixed_ref,0.8047071577351047,lp_vertex_box,analytic_lp_charnes_cooper,box_only,True,False,1113.3028820207708,1.31652612184206,1.0,0.41663254110330095,14352791.931543907,14352791.931543907,1.6898604937862003,3912487936.8349757,7595747501012.875,0.0,0.0,False,False,False,True,35185,8.794153954214363e+21,1.200695153215401e+21,5.150892570235193e+18,1e+22,0.0,0.8794153954214363,0.12006951532154012,0.0005150892570235194,0.0,1316526121.84206,lp_vertex_box,0.4871620101591301,False,True,N_above_support;Q_above_A_supported,upper_bound,0.0,0.0,0.0,0.11988006012024059,0.0,0.0,0.0,0.0,0.49689999999999995,0.0,0.0,0.0,0.0,0.0,0.0,0.0,0.3832199398797595
quality_linear,1.0,1e+22,exponential,4096,mixture,0.8047071577351047,lp_vertex_box,analytic_lp_charnes_cooper,box_only,True,False,1113.3028820207708,1.3165372432345348,1.0,0.4871620101591301,14352791.931543907,14352791.931543907,1.6898604937045747,3848323182.263386,7595683336258.304,0.0,0.0,False,False,False,True,35185,8.794228243084128e+21,1.2007052961224196e+21,5.06646079345259e+18,1e+22,0.0,0.8794228243084128,0.12007052961224196,0.000506646079345259,0.0,1316537243.2345347,lp_vertex_box,0.4871620101591301,False,True,N_above_support;Q_above_A_supported,upper_bound,0.0,0.0,0.0,0.11988006012024059,0.0,0.0,0.0,0.0,0.49689999999999995,0.0,0.0,0.0,0.0,0.0,0.0,0.0,0.3832199398797595
quality_linear,1.0,1e+22,exponential,8192,fixed_ref,0.8047071577351047,lp_vertex_box,analytic_lp_charnes_cooper,box_only,True,False,1057.8562752810856,1.2369743721037991,1.0,0.41663254110330095,14352791.931543907,14352791.931543907,1.68986159900435,3912487936.8349757,8084241861043.879,0.0,0.0,False,False,False,True,35185,7.851246611351308e+21,2.1439137413396635e+21,4.839647309030133e+18,1e+22,0.0,0.7851246611351308,0.21439137413396636,0.0004839647309030133,0.0,1236974372.103799,lp_vertex_box,0.4871620101591301,False,True,N_above_support;Q_above_A_supported,upper_bound,0.0,0.0,0.0,0.11988006012024059,0.0,0.0,0.0,0.0,0.49689999999999995,0.0,0.0,0.0,0.0,0.0,0.0,0.0,0.3832199398797595
quality_linear,1.0,1e+22,exponential,8192,mixture,0.8047071577351047,lp_vertex_box,analytic_lp_charnes_cooper,box_only,True,False,1057.8562752810856,1.236984190066736,1.0,0.4871620101591301,14352791.931543907,14352791.931543907,1.689861598926307,3848323182.263386,8084177696289.308,0.0,0.0,False,False,False,True,35185,7.851308927313526e+21,2.143930757751747e+21,4.760314934727118e+18,1e+22,0.0,0.7851308927313526,0.21439307577517472,0.0004760314934727118,0.0,1236984190.066736,lp_vertex_box,0.4871620101591301,False,True,N_above_support;Q_above_A_supported,upper_bound,0.0,0.0,0.0,0.11988006012024059,0.0,0.0,0.0,0.0,0.49689999999999995,0.0,0.0,0.0,0.0,0.0,0.0,0.0,0.3832199398797595
quality_linear,1.0,1e+22,exponential,32768,fixed_ref,0.8047071577351047,lp_vertex_box,analytic_lp_charnes_cooper,box_only,True,False,844.9415492201532,0.9424208457137384,1.0,0.41663254110330095,14352791.931543907,14352791.931543907,1.6898666725603313,3912487936.8349757,10610970720226.951,2097152.0,2.097152e-16,False,False,False,True,35185,4.777743176368399e+21,5.218569613441324e+21,3.6872101902768174e+18,9.999999999999998e+21,2097152.0,0.47777431763683986,0.5218569613441324,0.00036872101902768174,2.097152e-16,942420845.7137384,lp_vertex_box,0.4871620101591301,False,True,N_above_support;Q_above_A_supported,upper_bound,0.0,0.0,0.0,0.11988006012024059,0.0,0.0,0.0,0.0,0.49689999999999995,0.0,0.0,0.0,0.0,0.0,0.0,0.0,0.3832199398797595
quality_linear,1.0,1e+22,exponential,32768,mixture,0.8047071577351047,lp_vertex_box,analytic_lp_charnes_cooper,box_only,True,False,844.9415492201532,0.942426544586116,1.0,0.4871620101591301,14352791.931543907,14352791.931543907,1.6898666724961695,3848323182.263386,10610906555472.379,0.0,0.0,False,False,False,True,35185,4.777772067652732e+21,5.218601170428157e+21,3.6267619191111286e+18,1e+22,0.0,0.47777720676527324,0.5218601170428158,0.00036267619191111285,0.0,942426544.586116,lp_vertex_box,0.4871620101591301,False,True,N_above_support;Q_above_A_supported,upper_bound,0.0,0.0,0.0,0.11988006012024059,0.0,0.0,0.0,0.0,0.49689999999999995,0.0,0.0,0.0,0.0,0.0,0.0,0.0,0.3832199398797595
quality_linear,1.0,1e+22,exponential,131072,fixed_ref,0.8047071577351047,lp_vertex_box,analytic_lp_charnes_cooper,box_only,True,False,552.179145070468,0.5620493381264341,1.0,0.41663254110330095,14352791.931543907,14352791.931543907,1.6898774278854956,3912487936.8349757,17792032338894.918,0.0,0.0,False,False,False,True,35185,1.8621115380844606e+21,8.135689450660214e+21,2.1990112553257556e+18,1e+22,0.0,0.18621115380844605,0.8135689450660214,0.00021990112553257557,0.0,562049338.1264341,lp_vertex_box,0.4871620101591301,False,True,N_above_support;Q_above_A_supported,upper_bound,0.0,0.0,0.0,0.11988006012024059,0.0,0.0,0.0,0.0,0.49689999999999995,0.0,0.0,0.0,0.0,0.0,0.0,0.0,0.3832199398797595
quality_linear,1.0,1e+22,exponential,131072,mixture,0.8047071577351047,lp_vertex_box,analytic_lp_charnes_cooper,box_only,True,False,551.9079712588091,0.562327462988681,1.0,0.4871620101591301,14352791.931543907,14352791.931543907,1.6898774278412636,3848323182.263386,17783232472502.04,-2097152.0,-2.097152e-16,False,False,False,True,35185,1.8621180556871758e+21,8.135717926500984e+21,2.164017811842697e+18,1.0000000000000002e+22,-2097152.0,0.18621180556871758,0.8135717926500985,0.0002164017811842697,-2.097152e-16,562327462.988681,lp_vertex_box,0.4871620101591301,False,True,N_above_support;Q_above_A_supported,upper_bound,0.0,0.0,0.0,0.11988006012024059,0.0,0.0,0.0,0.0,0.49689999999999995,0.0,0.0,0.0,0.0,0.0,0.0,0.0,0.3832199398797595
quality_linear,1.0,1e+22,power,2048,fixed_ref,0.8047071577351047,lp_vertex_box,analytic_lp_charnes_cooper,box_only,True,False,1144.9152321386127,1.3617859409476207,1.0,0.41663254110330095,14352791.931543907,14352791.931543907,1.6898598996022092,4849345275.903549,7343298017191.556,0.0,0.0,False,False,False,True,35185,9.354776800218866e+21,6.38619429561608e+20,6.603770219526214e+18,1e+22,0.0,0.9354776800218866,0.06386194295616081,0.0006603770219526213,0.0,1361785940.9476206,lp_vertex_box,0.4871620101591301,False,True,N_above_support;Q_above_A_supported,upper_bound,0.0,0.0,0.0,0.11988006012024059,0.0,0.0,0.0,0.0,0.49689999999999995,0.0,0.0,0.0,0.0,0.0,0.0,0.0,0.3832199398797595
quality_linear,1.0,1e+22,power,2048,mixture,0.8047071577351047,lp_vertex_box,analytic_lp_charnes_cooper,box_only,True,False,1144.9152321386127,1.361810228399659,1.0,0.4871620101591301,14352791.931543907,14352791.931543907,1.6898598994314993,4718379892.712687,7343167051808.365,2097152.0,2.097152e-16,False,False,False,True,35185,9.354943642661596e+21,6.386308193390318e+20,6.425537999371422e+18,9.999999999999998e+21,2097152.0,0.9354943642661596,0.06386308193390318,0.0006425537999371422,2.097152e-16,1361810228.399659,lp_vertex_box,0.4871620101591301,False,True,N_above_support;Q_above_A_supported,upper_bound,0.0,0.0,0.0,0.11988006012024059,0.0,0.0,0.0,0.0,0.49689999999999995,0.0,0.0,0.0,0.0,0.0,0.0,0.0,0.3832199398797595
quality_linear,1.0,1e+22,power,4096,fixed_ref,0.8047071577351047,lp_vertex_box,analytic_lp_charnes_cooper,box_only,True,False,1113.3028820207708,1.3163637619096027,1.0,0.41663254110330095,14352791.931543907,14352791.931543907,1.689860494977943,4849345275.903549,7596684358351.943,-2097152.0,-2.097152e-16,False,False,False,True,35185,8.793069419529986e+21,1.2005470780798274e+21,6.383502390186956e+18,1.0000000000000002e+22,-2097152.0,0.8793069419529986,0.12005470780798275,0.0006383502390186956,-2.097152e-16,1316363761.9096026,lp_vertex_box,0.4871620101591301,False,True,N_above_support;Q_above_A_supported,upper_bound,0.0,0.0,0.0,0.11988006012024059,0.0,0.0,0.0,0.0,0.49689999999999995,0.0,0.0,0.0,0.0,0.0,0.0,0.0,0.3832199398797595
quality_linear,1.0,1e+22,power,4096,mixture,0.8047071577351047,lp_vertex_box,analytic_lp_charnes_cooper,box_only,True,False,1113.3028820207708,1.3163864561599525,1.0,0.4871620101591301,14352791.931543907,14352791.931543907,1.689860494811353,4718379892.712687,7596553392968.753,0.0,0.0,False,False,False,True,35185,8.793221012975906e+21,1.2005677756383104e+21,6.211211385784431e+18,1e+22,0.0,0.8793221012975906,0.12005677756383104,0.0006211211385784431,0.0,1316386456.1599526,lp_vertex_box,0.4871620101591301,False,True,N_above_support;Q_above_A_supported,upper_bound,0.0,0.0,0.0,0.11988006012024059,0.0,0.0,0.0,0.0,0.49689999999999995,0.0,0.0,0.0,0.0,0.0,0.0,0.0,0.3832199398797595
quality_linear,1.0,1e+22,power,8192,fixed_ref,0.8047071577351047,lp_vertex_box,analytic_lp_charnes_cooper,box_only,True,False,1057.8562752810856,1.2368310396483135,1.0,0.41663254110330095,14352791.931543907,14352791.931543907,1.6898616001437883,4849345275.903549,8085178718382.947,0.0,0.0,False,False,False,True,35185,7.850336860526386e+21,2.1436653187144053e+21,5.997820759209425e+18,1e+22,0.0,0.7850336860526386,0.21436653187144053,0.0005997820759209425,0.0,1236831039.6483135,lp_vertex_box,0.4871620101591301,False,True,N_above_support;Q_above_A_supported,upper_bound,0.0,0.0,0.0,0.11988006012024059,0.0,0.0,0.0,0.0,0.49689999999999995,0.0,0.0,0.0,0.0,0.0,0.0,0.0,0.3832199398797595
quality_linear,1.0,1e+22,power,8192,mixture,0.8047071577351047,lp_vertex_box,analytic_lp_charnes_cooper,box_only,True,False,1057.8562752810856,1.236851074415701,1.0,0.4871620101591301,14352791.931543907,14352791.931543907,1.6898615999845095,4718379892.712687,8085047752999.757,0.0,0.0,False,False,False,True,35185,7.850464023952815e+21,2.1437000428073819e+21,5.835933239803127e+18,1e+22,0.0,0.7850464023952815,0.21437000428073819,0.0005835933239803127,0.0,1236851074.4157012,lp_vertex_box,0.4871620101591301,False,True,N_above_support;Q_above_A_supported,upper_bound,0.0,0.0,0.0,0.11988006012024059,0.0,0.0,0.0,0.0,0.49689999999999995,0.0,0.0,0.0,0.0,0.0,0.0,0.0,0.3832199398797595
quality_linear,1.0,1e+22,power,32768,fixed_ref,0.8047071577351047,lp_vertex_box,analytic_lp_charnes_cooper,box_only,True,False,844.9415492201532,0.9423376454145138,1.0,0.41663254110330095,14352791.931543907,14352791.931543907,1.6898666734971106,4849345275.903549,10611907577566.02,0.0,0.0,False,False,False,True,35185,4.777321380030065e+21,5.218108899360838e+21,4.5697206090969467e+18,1e+22,0.0,0.4777321380030065,0.5218108899360838,0.00045697206090969465,0.0,942337645.4145138,lp_vertex_box,0.4871620101591301,False,True,N_above_support;Q_above_A_supported,upper_bound,0.0,0.0,0.0,0.11988006012024059,0.0,0.0,0.0,0.0,0.49689999999999995,0.0,0.0,0.0,0.0,0.0,0.0,0.0,0.3832199398797595
quality_linear,1.0,1e+22,power,32768,mixture,0.8047071577351047,lp_vertex_box,analytic_lp_charnes_cooper,box_only,True,False,844.9415492201532,0.9423492752871861,1.0,0.4871620101591301,14352791.931543907,14352791.931543907,1.6898666733661598,4718379892.712687,10611776612182.828,2097152.0,2.097152e-16,False,False,False,True,35185,4.777380339405862e+21,5.21817329872171e+21,4.4463618724274314e+18,9.999999999999998e+21,2097152.0,0.47773803394058617,0.521817329872171,0.00044463618724274316,2.097152e-16,942349275.2871861,lp_vertex_box,0.4871620101591301,False,True,N_above_support;Q_above_A_supported,upper_bound,0.0,0.0,0.0,0.11988006012024059,0.0,0.0,0.0,0.0,0.49689999999999995,0.0,0.0,0.0,0.0,0.0,0.0,0.0,0.3832199398797595
quality_linear,1.0,1e+22,power,131072,fixed_ref,0.8047071577351047,lp_vertex_box,analytic_lp_charnes_cooper,box_only,True,False,552.179145070468,0.5620197444121117,1.0,0.41663254110330095,14352791.931543907,14352791.931543907,1.6898774285311453,4849345275.903549,17792969196233.984,-2097152.0,-2.097152e-16,False,False,False,True,35185,1.8620134918932165e+21,8.135261080314256e+21,2.7254277925293937e+18,1.0000000000000002e+22,-2097152.0,0.18620134918932166,0.8135261080314256,0.0002725427792529394,-2.097152e-16,562019744.4121116,lp_vertex_box,0.4871620101591301,False,True,N_above_support;Q_above_A_supported,upper_bound,0.0,0.0,0.0,0.11988006012024059,0.0,0.0,0.0,0.0,0.49689999999999995,0.0,0.0,0.0,0.0,0.0,0.0,0.0,0.3832199398797595
quality_linear,1.0,1e+22,power,131072,mixture,0.8047071577351047,lp_vertex_box,analytic_lp_charnes_cooper,box_only,True,False,552.179145070468,0.5620238811962623,1.0,0.4871620101591301,14352791.931543907,14352791.931543907,1.68987742844089,4718379892.712687,17792838230850.793,-4194304.0,-4.194304e-16,False,False,False,True,35185,1.8620271973688305e+21,8.135320960450912e+21,2.651842180260788e+18,1.0000000000000004e+22,-4194304.0,0.18620271973688304,0.8135320960450912,0.0002651842180260788,-4.194304e-16,562023881.1962624,lp_vertex_box,0.4871620101591301,False,True,N_above_support;Q_above_A_supported,upper_bound,0.0,0.0,0.0,0.11988006012024059,0.0,0.0,0.0,0.0,0.49689999999999995,0.0,0.0,0.0,0.0,0.0,0.0,0.0,0.3832199398797595
quality_linear,1.0,1e+22,logarithmic,2048,fixed_ref,0.8047071577351047,lp_vertex_box,analytic_lp_charnes_cooper,box_only,True,False,1144.3529671014373,1.3630744835575588,1.0,0.41663254110330095,14352791.931543907,14352791.931543907,1.689859895250128,1511467178.400249,7336356245111.772,0.0,0.0,False,False,False,True,35185,9.35902997783611e+21,6.389097798202784e+20,2.06024234361212e+18,1e+22,0.0,0.935902997783611,0.06389097798202785,0.00020602423436121201,0.0,1363074483.5575588,lp_vertex_box,0.4871620101591301,False,True,N_above_support;Q_above_A_supported,upper_bound,0.0,0.0,0.0,0.11988006012024059,0.0,0.0,0.0,0.0,0.49689999999999995,0.0,0.0,0.0,0.0,0.0,0.0,0.0,0.3832199398797595
quality_linear,1.0,1e+22,logarithmic,2048,mixture,0.8047071577351047,lp_vertex_box,analytic_lp_charnes_cooper,box_only,True,False,1144.3529671014373,1.3631220377477349,1.0,0.4871620101591301,14352791.931543907,14352791.931543907,1.6898598949162906,1255529360.3491168,7336100307293.721,0.0,0.0,False,False,False,True,35185,9.359356490507866e+21,6.389320697520036e+20,1.7114397401311982e+18,1e+22,0.0,0.9359356490507866,0.06389320697520036,0.00017114397401311982,0.0,1363122037.7477348,lp_vertex_box,0.4871620101591301,False,True,N_above_support;Q_above_A_supported,upper_bound,0.0,0.0,0.0,0.11988006012024059,0.0,0.0,0.0,0.0,0.49689999999999995,0.0,0.0,0.0,0.0,0.0,0.0,0.0,0.3832199398797595
quality_linear,1.0,1e+22,logarithmic,4096,fixed_ref,0.8047071577351047,lp_vertex_box,analytic_lp_charnes_cooper,box_only,True,False,1112.7561417305162,1.3175893442666347,1.0,0.41663254110330095,14352791.931543907,14352791.931543907,1.6898604907309605,1511467178.400249,7589618148867.137,2097152.0,2.097152e-16,False,False,False,True,35185,8.796933810668287e+21,1.2010746962832434e+21,1.9914930484689247e+18,9.999999999999998e+21,2097152.0,0.8796933810668287,0.12010746962832435,0.00019914930484689247,2.097152e-16,1317589344.2666347,lp_vertex_box,0.4871620101591301,False,True,N_above_support;Q_above_A_supported,upper_bound,0.0,0.0,0.0,0.11988006012024059,0.0,0.0,0.0,0.0,0.49689999999999995,0.0,0.0,0.0,0.0,0.0,0.0,0.0,0.3832199398797595
quality_linear,1.0,1e+22,logarithmic,4096,mixture,0.8047071577351047,lp_vertex_box,analytic_lp_charnes_cooper,box_only,True,False,1112.7561417305162,1.3176337776369866,1.0,0.4871620101591301,14352791.931543907,14352791.931543907,1.6898604904051835,1255529360.3491168,7589362211049.085,0.0,0.0,False,False,False,True,35185,8.797230471702829e+21,1.2011152004031596e+21,1.6543278940109563e+18,1e+22,0.0,0.8797230471702829,0.12011152004031596,0.00016543278940109562,0.0,1317633777.6369867,lp_vertex_box,0.4871620101591301,False,True,N_above_support;Q_above_A_supported,upper_bound,0.0,0.0,0.0,0.11988006012024059,0.0,0.0,0.0,0.0,0.49689999999999995,0.0,0.0,0.0,0.0,0.0,0.0,0.0,0.3832199398797595
quality_linear,1.0,1e+22,logarithmic,8192,fixed_ref,0.8047071577351047,lp_vertex_box,analytic_lp_charnes_cooper,box_only,True,False,1057.3367646821862,1.237949703114696,1.0,0.41663254110330095,14352791.931543907,14352791.931543907,1.6898615960827474,1511467178.400249,8077872610526.812,-2097152.0,-2.097152e-16,False,False,False,True,35185,7.853578403583395e+21,2.144550476071839e+21,1.8711203447681956e+18,1.0000000000000002e+22,-2097152.0,0.7853578403583394,0.2144550476071839,0.00018711203447681956,-2.097152e-16,1237949703.114696,lp_vertex_box,0.4871620101591301,False,True,N_above_support;Q_above_A_supported,upper_bound,0.0,0.0,0.0,0.11988006012024059,0.0,0.0,0.0,0.0,0.49689999999999995,0.0,0.0,0.0,0.0,0.0,0.0,0.0,0.3832199398797595
quality_linear,1.0,1e+22,logarithmic,8192,mixture,0.8047071577351047,lp_vertex_box,analytic_lp_charnes_cooper,box_only,True,False,1057.3367646821862,1.2379889273263305,1.0,0.4871620101591301,14352791.931543907,14352791.931543907,1.6898615957712737,1255529360.3491168,8077616672708.76,-2097152.0,-2.097152e-16,False,False,False,True,35185,7.853827242789555e+21,2.144618425764401e+21,1.5543314460453169e+18,1.0000000000000002e+22,-2097152.0,0.7853827242789555,0.2144618425764401,0.00015543314460453168,-2.097152e-16,1237988927.3263304,lp_vertex_box,0.4871620101591301,False,True,N_above_support;Q_above_A_supported,upper_bound,0.0,0.0,0.0,0.11988006012024059,0.0,0.0,0.0,0.0,0.49689999999999995,0.0,0.0,0.0,0.0,0.0,0.0,0.0,0.3832199398797595
quality_linear,1.0,1e+22,logarithmic,32768,fixed_ref,0.8047071577351047,lp_vertex_box,analytic_lp_charnes_cooper,box_only,True,False,844.9415492201532,0.9426341423293845,1.0,0.41663254110330095,14352791.931543907,14352791.931543907,1.689866670159238,1511467178.400249,10608569699468.516,0.0,0.0,False,False,False,True,35185,4.778824515405603e+21,5.219750724027027e+21,1.4247605673703334e+18,1e+22,0.0,0.47788245154056025,0.5219750724027027,0.00014247605673703333,0.0,942634142.3293844,lp_vertex_box,0.4871620101591301,False,True,N_above_support;Q_above_A_supported,upper_bound,0.0,0.0,0.0,0.11988006012024059,0.0,0.0,0.0,0.0,0.49689999999999995,0.0,0.0,0.0,0.0,0.0,0.0,0.0,0.3832199398797595
quality_linear,1.0,1e+22,logarithmic,32768,mixture,0.8047071577351047,lp_vertex_box,analytic_lp_charnes_cooper,box_only,True,False,844.9415492201532,0.9426568844664506,1.0,0.4871620101591301,14352791.931543907,14352791.931543907,1.6898666699032694,1255529360.3491168,10608313761650.465,2097152.0,2.097152e-16,False,False,False,True,35185,4.778939810064755e+21,5.219876656540063e+21,1.183533395182854e+18,9.999999999999998e+21,2097152.0,0.47789398100647545,0.5219876656540062,0.00011835333951828539,2.097152e-16,942656884.4664506,lp_vertex_box,0.4871620101591301,False,True,N_above_support;Q_above_A_supported,upper_bound,0.0,0.0,0.0,0.11988006012024059,0.0,0.0,0.0,0.0,0.49689999999999995,0.0,0.0,0.0,0.0,0.0,0.0,0.0,0.3832199398797595
quality_linear,1.0,1e+22,logarithmic,131072,fixed_ref,0.8047071577351047,lp_vertex_box,analytic_lp_charnes_cooper,box_only,True,False,551.9079712588091,0.5624013669323498,1.0,0.41663254110330095,14352791.931543907,14352791.931543907,1.6898774262301028,1511467178.400249,17780895616498.176,-4194304.0,-4.194304e-16,False,False,False,True,35185,1.8623627847408857e+21,8.136787164051912e+21,8.500512072056819e+17,1.0000000000000004e+22,-4194304.0,0.18623627847408858,0.8136787164051912,8.500512072056819e-05,-4.194304e-16,562401366.9323498,lp_vertex_box,0.4871620101591301,False,True,N_above_support;Q_above_A_supported,upper_bound,0.0,0.0,0.0,0.11988006012024059,0.0,0.0,0.0,0.0,0.49689999999999995,0.0,0.0,0.0,0.0,0.0,0.0,0.0,0.3832199398797595
quality_linear,1.0,1e+22,logarithmic,131072,mixture,0.8047071577351047,lp_vertex_box,analytic_lp_charnes_cooper,box_only,True,False,551.9079712588091,0.5624094622417043,1.0,0.4871620101591301,14352791.931543907,14352791.931543907,1.6898774260536356,1255529360.3491168,17780639678680.125,-2097152.0,-2.097152e-16,False,False,False,True,35185,1.8623895919354608e+21,8.136904286472158e+21,7.061215923826179e+17,1.0000000000000002e+22,-2097152.0,0.18623895919354608,0.8136904286472159,7.061215923826179e-05,-2.097152e-16,562409462.2417043,lp_vertex_box,0.4871620101591301,False,True,N_above_support;Q_above_A_supported,upper_bound,0.0,0.0,0.0,0.11988006012024059,0.0,0.0,0.0,0.0,0.49689999999999995,0.0,0.0,0.0,0.0,0.0,0.0,0.0,0.3832199398797595
quality_linear,1.0,1e+24,exponential,2048,fixed_ref,0.8047071577351047,lp_vertex_box,analytic_lp_charnes_cooper,box_only,True,False,9152.2526413256,17.045592745180503,1.0,0.41663254110330095,14352791.931543907,14352791.931543907,1.689828301949063,3912487936.8349757,58666191017777.4,0.0,0.0,False,False,False,True,35185,9.360334273502324e+23,6.389988197377586e+22,6.669067599172049e+19,1e+24,0.0,0.9360334273502324,0.06389988197377586,6.66906759917205e-05,0.0,17045592745.180502,lp_vertex_box,0.4871620101591301,False,True,N_above_support;Q_above_A_supported,upper_bound,0.0,0.0,0.0,0.11988006012024059,0.0,0.0,0.0,0.0,0.49689999999999995,0.0,0.0,0.0,0.0,0.0,0.0,0.0,0.3832199398797595
quality_linear,1.0,1e+24,exponential,2048,mixture,0.8047071577351047,lp_vertex_box,analytic_lp_charnes_cooper,box_only,True,False,9152.2526413256,17.04561138841355,1.0,0.4871620101591301,14352791.931543907,14352791.931543907,1.689828301943902,3848323182.263386,58666126853022.83,0.0,0.0,False,False,False,True,35185,9.360344511157059e+23,6.389995186283219e+22,6.559702146188465e+19,1e+24,0.0,0.9360344511157059,0.06389995186283219,6.559702146188465e-05,0.0,17045611388.413551,lp_vertex_box,0.4871620101591301,False,True,N_above_support;Q_above_A_supported,upper_bound,0.0,0.0,0.0,0.11988006012024059,0.0,0.0,0.0,0.0,0.49689999999999995,0.0,0.0,0.0,0.0,0.0,0.0,0.0,0.3832199398797595
quality_linear,1.0,1e+24,exponential,4096,fixed_ref,0.8047071577351047,lp_vertex_box,analytic_lp_charnes_cooper,box_only,True,False,8900.478046834984,16.474993195144798,1.0,0.41663254110330095,14352791.931543907,14352791.931543907,1.6898285956310846,3912487936.8349757,60698052384913.96,0.0,0.0,False,False,False,True,35185,8.798118915308522e+23,1.2012365025701237e+23,6.445821213544233e+19,1e+24,0.0,0.8798118915308522,0.12012365025701237,6.445821213544234e-05,0.0,16474993195.144798,lp_vertex_box,0.4871620101591301,False,True,N_above_support;Q_above_A_supported,upper_bound,0.0,0.0,0.0,0.11988006012024059,0.0,0.0,0.0,0.0,0.49689999999999995,0.0,0.0,0.0,0.0,0.0,0.0,0.0,0.3832199398797595
quality_linear,1.0,1e+24,exponential,4096,mixture,0.8047071577351047,lp_vertex_box,analytic_lp_charnes_cooper,box_only,True,False,8900.478046834984,16.475010611107432,1.0,0.4871620101591301,14352791.931543907,14352791.931543907,1.6898285956260486,3848323182.263386,60697988220159.39,134217728.0,1.3421772800000001e-16,False,False,False,True,35185,8.798128215932107e+23,1.2012377724152637e+23,6.340116526276001e+19,9.999999999999998e+23,134217728.0,0.8798128215932107,0.12012377724152637,6.340116526276e-05,1.3421772800000001e-16,16475010611.107433,lp_vertex_box,0.4871620101591301,False,True,N_above_support;Q_above_A_supported,upper_bound,0.0,0.0,0.0,0.11988006012024059,0.0,0.0,0.0,0.0,0.49689999999999995,0.0,0.0,0.0,0.0,0.0,0.0,0.0,0.3832199398797595
quality_linear,1.0,1e+24,exponential,8192,fixed_ref,0.8047071577351047,lp_vertex_box,analytic_lp_charnes_cooper,box_only,True,False,8456.387759082805,15.480550799820398,1.0,0.41663254110330095,14352791.931543907,14352791.931543907,1.6898291407722876,3912487936.8349757,64597184746914.93,0.0,0.0,False,False,False,True,35185,7.854572417247644e+23,2.1448219080697568e+23,6.056746825985834e+19,1e+24,0.0,0.7854572417247645,0.21448219080697567,6.056746825985834e-05,0.0,15480550799.820398,lp_vertex_box,0.4871620101591301,False,True,N_above_support;Q_above_A_supported,upper_bound,0.0,0.0,0.0,0.11988006012024059,0.0,0.0,0.0,0.0,0.49689999999999995,0.0,0.0,0.0,0.0,0.0,0.0,0.0,0.3832199398797595
quality_linear,1.0,1e+24,exponential,8192,mixture,0.8047071577351047,lp_vertex_box,analytic_lp_charnes_cooper,box_only,True,False,8456.387759082805,15.480566176755682,1.0,0.4871620101591301,14352791.931543907,14352791.931543907,1.6898291407674724,3848323182.263386,64597120582160.36,0.0,0.0,False,False,False,True,35185,7.854580219247282e+23,2.1448240385357914e+23,5.957422169257136e+19,1e+24,0.0,0.7854580219247282,0.21448240385357914,5.957422169257136e-05,0.0,15480566176.755682,lp_vertex_box,0.4871620101591301,False,True,N_above_support;Q_above_A_supported,upper_bound,0.0,0.0,0.0,0.11988006012024059,0.0,0.0,0.0,0.0,0.49689999999999995,0.0,0.0,0.0,0.0,0.0,0.0,0.0,0.3832199398797595
quality_linear,1.0,1e+24,exponential,32768,fixed_ref,0.8047071577351047,lp_vertex_box,analytic_lp_charnes_cooper,box_only,True,False,6757.094613478459,11.788313654706007,1.0,0.41663254110330095,14352791.931543907,14352791.931543907,1.6898316432029947,3912487936.8349757,84829775427700.0,-134217728.0,-1.3421772800000001e-16,False,False,False,True,35185,4.779285041892511e+23,5.2202537417577944e+23,4.6121634969664274e+19,1.0000000000000001e+24,-134217728.0,0.47792850418925115,0.5220253741757794,4.612163496966427e-05,-1.3421772800000001e-16,11788313654.706007,lp_vertex_box,0.4871620101591301,False,True,N_above_support;Q_above_A_supported,upper_bound,0.0,0.0,0.0,0.11988006012024059,0.0,0.0,0.0,0.0,0.49689999999999995,0.0,0.0,0.0,0.0,0.0,0.0,0.0,0.3832199398797595
quality_linear,1.0,1e+24,exponential,32768,mixture,0.8047071577351047,lp_vertex_box,analytic_lp_charnes_cooper,box_only,True,False,6757.094613478459,11.788322571325445,1.0,0.4871620101591301,14352791.931543907,14352791.931543907,1.6898316431990374,3848323182.263386,84829711262945.44,-268435456.0,-2.6843545600000003e-16,False,False,False,True,35185,4.779288656918982e+23,5.220257690330707e+23,4.536527503123044e+19,1.0000000000000003e+24,-268435456.0,0.4779288656918982,0.5220257690330707,4.536527503123044e-05,-2.6843545600000003e-16,11788322571.325445,lp_vertex_box,0.4871620101591301,False,True,N_above_support;Q_above_A_supported,upper_bound,0.0,0.0,0.0,0.11988006012024059,0.0,0.0,0.0,0.0,0.49689999999999995,0.0,0.0,0.0,0.0,0.0,0.0,0.0,0.3832199398797595
quality_linear,1.0,1e+24,exponential,131072,fixed_ref,0.8047071577351047,lp_vertex_box,analytic_lp_charnes_cooper,box_only,True,False,4414.538750052148,7.031575944425999,1.0,0.41663254110330095,14352791.931543907,14352791.931543907,1.6898369478022617,3912487936.8349757,142215629597616.75,-268435456.0,-2.6843545600000003e-16,False,False,False,True,35185,1.862469868836186e+23,8.13725502160322e+23,2.751095605950572e+19,1.0000000000000003e+24,-268435456.0,0.1862469868836186,0.813725502160322,2.7510956059505722e-05,-2.6843545600000003e-16,7031575944.425999,lp_vertex_box,0.4871620101591301,False,True,N_above_support;Q_above_A_supported,upper_bound,0.0,0.0,0.0,0.11988006012024059,0.0,0.0,0.0,0.0,0.49689999999999995,0.0,0.0,0.0,0.0,0.0,0.0,0.0,0.3832199398797595
quality_linear,1.0,1e+24,exponential,131072,mixture,0.8047071577351047,lp_vertex_box,analytic_lp_charnes_cooper,box_only,True,False,4414.538750052148,7.031579116929258,1.0,0.4871620101591301,14352791.931543907,14352791.931543907,1.689836947799534,3848323182.263386,142215565432862.16,-402653184.0,-4.02653184e-16,False,False,False,True,35185,1.8624707091445004e+23,8.137258692966267e+23,2.705978892359797e+19,1.0000000000000004e+24,-402653184.0,0.18624707091445006,0.8137258692966267,2.705978892359797e-05,-4.02653184e-16,7031579116.929258,lp_vertex_box,0.4871620101591301,False,True,N_above_support;Q_above_A_supported,upper_bound,0.0,0.0,0.0,0.11988006012024059,0.0,0.0,0.0,0.0,0.49689999999999995,0.0,0.0,0.0,0.0,0.0,0.0,0.0,0.3832199398797595
quality_linear,1.0,1e+24,power,2048,fixed_ref,0.8047071577351047,lp_vertex_box,analytic_lp_charnes_cooper,box_only,True,False,9152.2526413256,17.045320543536402,1.0,0.41663254110330095,14352791.931543907,14352791.931543907,1.6898283020244171,4849345275.903549,58667127875116.47,134217728.0,1.3421772800000001e-16,False,False,False,True,35185,9.360184798009352e+23,6.389886155441052e+22,8.265864465405998e+19,9.999999999999998e+23,134217728.0,0.9360184798009352,0.06389886155441052,8.265864465405999e-05,1.3421772800000001e-16,17045320543.536404,lp_vertex_box,0.4871620101591301,False,True,N_above_support;Q_above_A_supported,upper_bound,0.0,0.0,0.0,0.11988006012024059,0.0,0.0,0.0,0.0,0.49689999999999995,0.0,0.0,0.0,0.0,0.0,0.0,0.0,0.3832199398797595
quality_linear,1.0,1e+24,power,2048,mixture,0.8047071577351047,lp_vertex_box,analytic_lp_charnes_cooper,box_only,True,False,9152.2526413256,17.04535859469045,1.0,0.4871620101591301,14352791.931543907,14352791.931543907,1.6898283020138831,4718379892.712687,58666996909733.27,0.0,0.0,False,False,False,True,35185,9.360205693235859e+23,6.38990041991568e+22,8.042647725726478e+19,1e+24,0.0,0.9360205693235859,0.0638990041991568,8.042647725726477e-05,0.0,17045358594.690447,lp_vertex_box,0.4871620101591301,False,True,N_above_support;Q_above_A_supported,upper_bound,0.0,0.0,0.0,0.11988006012024059,0.0,0.0,0.0,0.0,0.49689999999999995,0.0,0.0,0.0,0.0,0.0,0.0,0.0,0.3832199398797595
quality_linear,1.0,1e+24,power,4096,fixed_ref,0.8047071577351047,lp_vertex_box,analytic_lp_charnes_cooper,box_only,True,False,8900.478046834984,16.474738912190855,1.0,0.41663254110330095,14352791.931543907,14352791.931543907,1.6898285957046133,4849345275.903549,60698989242253.03,134217728.0,1.3421772800000001e-16,False,False,False,True,35185,8.797983120917564e+23,1.2012179621092783e+23,7.989169731557709e+19,9.999999999999998e+23,134217728.0,0.8797983120917564,0.12012179621092783,7.989169731557709e-05,1.3421772800000001e-16,16474738912.190853,lp_vertex_box,0.4871620101591301,False,True,N_above_support;Q_above_A_supported,upper_bound,0.0,0.0,0.0,0.11988006012024059,0.0,0.0,0.0,0.0,0.49689999999999995,0.0,0.0,0.0,0.0,0.0,0.0,0.0,0.3832199398797595
quality_linear,1.0,1e+24,power,4096,mixture,0.8047071577351047,lp_vertex_box,analytic_lp_charnes_cooper,box_only,True,False,8900.478046834984,16.47477445850187,1.0,0.4871620101591301,14352791.931543907,14352791.931543907,1.6898285956943346,4718379892.712687,60698858276869.836,0.0,0.0,False,False,False,True,35185,8.798002103667216e+23,1.201220553887364e+23,7.773424454197176e+19,1e+24,0.0,0.8798002103667216,0.1201220553887364,7.773424454197177e-05,0.0,16474774458.50187,lp_vertex_box,0.4871620101591301,False,True,N_above_support;Q_above_A_supported,upper_bound,0.0,0.0,0.0,0.11988006012024059,0.0,0.0,0.0,0.0,0.49689999999999995,0.0,0.0,0.0,0.0,0.0,0.0,0.0,0.3832199398797595
quality_linear,1.0,1e+24,power,8192,fixed_ref,0.8047071577351047,lp_vertex_box,analytic_lp_charnes_cooper,box_only,True,False,8456.387759082805,15.48032628760132,1.0,0.41663254110330095,14352791.931543907,14352791.931543907,1.6898291408425927,4849345275.903549,64598121604254.0,0.0,0.0,False,False,False,True,35185,7.854458503504774e+23,2.1447908020237034e+23,7.5069447152225e+19,1e+24,0.0,0.7854458503504774,0.21447908020237033,7.506944715222499e-05,0.0,15480326287.60132,lp_vertex_box,0.4871620101591301,False,True,N_above_support;Q_above_A_supported,upper_bound,0.0,0.0,0.0,0.11988006012024059,0.0,0.0,0.0,0.0,0.49689999999999995,0.0,0.0,0.0,0.0,0.0,0.0,0.0,0.3832199398797595
quality_linear,1.0,1e+24,power,8192,mixture,0.8047071577351047,lp_vertex_box,analytic_lp_charnes_cooper,box_only,True,False,8456.387759082805,15.48035767227512,1.0,0.4871620101591301,14352791.931543907,14352791.931543907,1.6898291408327646,4718379892.712687,64597990638870.805,-134217728.0,-1.3421772800000001e-16,False,False,False,True,35185,7.854474427563055e+23,2.1447951503532182e+23,7.304220837286349e+19,1.0000000000000001e+24,-134217728.0,0.7854474427563055,0.21447951503532184,7.304220837286349e-05,-1.3421772800000001e-16,15480357672.27512,lp_vertex_box,0.4871620101591301,False,True,N_above_support;Q_above_A_supported,upper_bound,0.0,0.0,0.0,0.11988006012024059,0.0,0.0,0.0,0.0,0.49689999999999995,0.0,0.0,0.0,0.0,0.0,0.0,0.0,0.3832199398797595
quality_linear,1.0,1e+24,power,32768,fixed_ref,0.8047071577351047,lp_vertex_box,analytic_lp_charnes_cooper,box_only,True,False,6757.094613478459,11.788183466383106,1.0,0.41663254110330095,14352791.931543907,14352791.931543907,1.689831643260774,4849345275.903549,84830712285039.08,0.0,0.0,False,False,False,True,35185,4.7792322602035873e+23,5.220196090078371e+23,5.716497180418924e+19,1e+24,0.0,0.47792322602035875,0.5220196090078372,5.716497180418924e-05,0.0,11788183466.383106,lp_vertex_box,0.4871620101591301,False,True,N_above_support;Q_above_A_supported,upper_bound,0.0,0.0,0.0,0.11988006012024059,0.0,0.0,0.0,0.0,0.49689999999999995,0.0,0.0,0.0,0.0,0.0,0.0,0.0,0.3832199398797595
quality_linear,1.0,1e+24,power,32768,mixture,0.8047071577351047,lp_vertex_box,analytic_lp_charnes_cooper,box_only,True,False,6757.094613478459,11.788201665527103,1.0,0.4871620101591301,14352791.931543907,14352791.931543907,1.689831643252697,4718379892.712687,84830581319655.89,0.0,0.0,False,False,False,True,35185,4.7792396386038596e+23,5.220204149259042e+23,5.562121370986529e+19,1e+24,0.0,0.477923963860386,0.5220204149259042,5.562121370986529e-05,0.0,11788201665.527103,lp_vertex_box,0.4871620101591301,False,True,N_above_support;Q_above_A_supported,upper_bound,0.0,0.0,0.0,0.11988006012024059,0.0,0.0,0.0,0.0,0.49689999999999995,0.0,0.0,0.0,0.0,0.0,0.0,0.0,0.3832199398797595
quality_linear,1.0,1e+24,power,131072,fixed_ref,0.8047071577351047,lp_vertex_box,analytic_lp_charnes_cooper,box_only,True,False,4414.538750052148,7.031529623637268,1.0,0.41663254110330095,14352791.931543907,14352791.931543907,1.6898369478420887,4849345275.903549,142216566454955.8,-134217728.0,-1.3421772800000001e-16,False,False,False,True,35185,1.8624575997411792e+23,8.137201417109194e+23,3.409831496276125e+19,1.0000000000000001e+24,-134217728.0,0.1862457599741179,0.8137201417109194,3.4098314962761246e-05,-1.3421772800000001e-16,7031529623.637268,lp_vertex_box,0.4871620101591301,False,True,N_above_support;Q_above_A_supported,upper_bound,0.0,0.0,0.0,0.11988006012024059,0.0,0.0,0.0,0.0,0.49689999999999995,0.0,0.0,0.0,0.0,0.0,0.0,0.0,0.3832199398797595
quality_linear,1.0,1e+24,power,131072,mixture,0.8047071577351047,lp_vertex_box,analytic_lp_charnes_cooper,box_only,True,False,4414.538750052148,7.031536098887252,1.0,0.4871620101591301,14352791.931543907,14352791.931543907,1.6898369478365214,4718379892.712687,142216435489572.62,-268435456.0,-2.6843545600000003e-16,False,False,False,True,35185,1.8624593148556973e+23,8.137208910558866e+23,3.3177458543873016e+19,1.0000000000000003e+24,-268435456.0,0.18624593148556973,0.8137208910558866,3.3177458543873015e-05,-2.6843545600000003e-16,7031536098.887252,lp_vertex_box,0.4871620101591301,False,True,N_above_support;Q_above_A_supported,upper_bound,0.0,0.0,0.0,0.11988006012024059,0.0,0.0,0.0,0.0,0.49689999999999995,0.0,0.0,0.0,0.0,0.0,0.0,0.0,0.3832199398797595
quality_linear,1.0,1e+24,logarithmic,2048,fixed_ref,0.8047071577351047,lp_vertex_box,analytic_lp_charnes_cooper,box_only,True,False,9152.2526413256,17.046290395673644,1.0,0.41663254110330095,14352791.931543907,14352791.931543907,1.6898283017559383,1511467178.400249,58663789997018.96,134217728.0,1.3421772800000001e-16,False,False,False,True,35185,9.360717377916439e+23,6.390249729990956e+22,2.5764908446540108e+19,9.999999999999998e+23,134217728.0,0.9360717377916439,0.06390249729990956,2.576490844654011e-05,1.3421772800000001e-16,17046290395.673645,lp_vertex_box,0.4871620101591301,False,True,N_above_support;Q_above_A_supported,upper_bound,0.0,0.0,0.0,0.11988006012024059,0.0,0.0,0.0,0.0,0.49689999999999995,0.0,0.0,0.0,0.0,0.0,0.0,0.0,0.3832199398797595
quality_linear,1.0,1e+24,logarithmic,2048,mixture,0.8047071577351047,lp_vertex_box,analytic_lp_charnes_cooper,box_only,True,False,9152.2526413256,17.04636476538968,1.0,0.4871620101591301,14352791.931543907,14352791.931543907,1.689828301735352,1255529360.3491168,58663534059200.914,0.0,0.0,False,False,False,True,35185,9.360758216942241e+23,6.39027760943257e+22,2.1402211450167427e+19,1e+24,0.0,0.9360758216942241,0.06390277609432571,2.1402211450167427e-05,0.0,17046364765.38968,lp_vertex_box,0.4871620101591301,False,True,N_above_support;Q_above_A_supported,upper_bound,0.0,0.0,0.0,0.11988006012024059,0.0,0.0,0.0,0.0,0.49689999999999995,0.0,0.0,0.0,0.0,0.0,0.0,0.0,0.3832199398797595
quality_linear,1.0,1e+24,logarithmic,4096,fixed_ref,0.8047071577351047,lp_vertex_box,analytic_lp_charnes_cooper,box_only,True,False,8900.478046834984,16.475644918946546,1.0,0.41663254110330095,14352791.931543907,14352791.931543907,1.6898285954426375,1511467178.400249,60695651364155.52,-134217728.0,-1.3421772800000001e-16,False,False,False,True,35185,8.798466954511926e+23,1.201284021522695e+23,2.4902396537964536e+19,1.0000000000000001e+24,-134217728.0,0.8798466954511925,0.1201284021522695,2.4902396537964536e-05,-1.3421772800000001e-16,16475644918.946547,lp_vertex_box,0.4871620101591301,False,True,N_above_support;Q_above_A_supported,upper_bound,0.0,0.0,0.0,0.11988006012024059,0.0,0.0,0.0,0.0,0.49689999999999995,0.0,0.0,0.0,0.0,0.0,0.0,0.0,0.3832199398797595
quality_linear,1.0,1e+24,logarithmic,4096,mixture,0.8047071577351047,lp_vertex_box,analytic_lp_charnes_cooper,box_only,True,False,8900.478046834984,16.47571439276053,1.0,0.4871620101591301,14352791.931543907,14352791.931543907,1.6898285954225496,1255529360.3491168,60695395426337.48,0.0,0.0,False,False,False,True,35185,8.798504055521297e+23,1.2012890870471744e+23,2.0685743152837366e+19,1e+24,0.0,0.8798504055521298,0.12012890870471744,2.0685743152837366e-05,0.0,16475714392.76053,lp_vertex_box,0.4871620101591301,False,True,N_above_support;Q_above_A_supported,upper_bound,0.0,0.0,0.0,0.11988006012024059,0.0,0.0,0.0,0.0,0.49689999999999995,0.0,0.0,0.0,0.0,0.0,0.0,0.0,0.3832199398797595
quality_linear,1.0,1e+24,logarithmic,8192,fixed_ref,0.8047071577351047,lp_vertex_box,analytic_lp_charnes_cooper,box_only,True,False,8456.387759082805,15.481126219717769,1.0,0.41663254110330095,14352791.931543907,14352791.931543907,1.689829140592103,1511467178.400249,64594783726156.49,0.0,0.0,False,False,False,True,35185,7.854864375674232e+23,2.1449016321841104e+23,2.339921416577493e+19,1e+24,0.0,0.7854864375674232,0.21449016321841105,2.3399214165774932e-05,0.0,15481126219.71777,lp_vertex_box,0.4871620101591301,False,True,N_above_support;Q_above_A_supported,upper_bound,0.0,0.0,0.0,0.11988006012024059,0.0,0.0,0.0,0.0,0.49689999999999995,0.0,0.0,0.0,0.0,0.0,0.0,0.0,0.3832199398797595
quality_linear,1.0,1e+24,logarithmic,8192,mixture,0.8047071577351047,lp_vertex_box,analytic_lp_charnes_cooper,box_only,True,False,8456.387759082805,15.481187559366827,1.0,0.4871620101591301,14352791.931543907,14352791.931543907,1.689829140572896,1255529360.3491168,64594527788338.445,134217728.0,1.3421772800000001e-16,False,False,False,True,35185,7.854895498385677e+23,2.1449101307591827e+23,1.9437085513856537e+19,9.999999999999998e+23,134217728.0,0.7854895498385678,0.21449101307591828,1.943708551385654e-05,1.3421772800000001e-16,15481187559.366827,lp_vertex_box,0.4871620101591301,False,True,N_above_support;Q_above_A_supported,upper_bound,0.0,0.0,0.0,0.11988006012024059,0.0,0.0,0.0,0.0,0.49689999999999995,0.0,0.0,0.0,0.0,0.0,0.0,0.0,0.3832199398797595
quality_linear,1.0,1e+24,logarithmic,32768,fixed_ref,0.8047071577351047,lp_vertex_box,analytic_lp_charnes_cooper,box_only,True,False,6757.094613478459,11.788647320412268,1.0,0.41663254110330095,14352791.931543907,14352791.931543907,1.6898316430549134,1511467178.400249,84827374406941.58,-134217728.0,-1.3421772800000001e-16,False,False,False,True,35185,4.7794203185373e+23,5.220401499927676e+23,1.7818153502539186e+19,1.0000000000000001e+24,-134217728.0,0.47794203185373,0.5220401499927676,1.7818153502539186e-05,-1.3421772800000001e-16,11788647320.412268,lp_vertex_box,0.4871620101591301,False,True,N_above_support;Q_above_A_supported,upper_bound,0.0,0.0,0.0,0.11988006012024059,0.0,0.0,0.0,0.0,0.49689999999999995,0.0,0.0,0.0,0.0,0.0,0.0,0.0,0.3832199398797595
quality_linear,1.0,1e+24,logarithmic,32768,mixture,0.8047071577351047,lp_vertex_box,analytic_lp_charnes_cooper,box_only,True,False,6757.094613478459,11.788682888762667,1.0,0.4871620101591301,14352791.931543907,14352791.931543907,1.6898316430391285,1255529360.3491168,84827118469123.52,-134217728.0,-1.3421772800000001e-16,False,False,False,True,35185,4.7794347388598337e+23,5.220417250765301e+23,1.480103748668677e+19,1.0000000000000001e+24,-134217728.0,0.47794347388598335,0.5220417250765301,1.480103748668677e-05,-1.3421772800000001e-16,11788682888.762667,lp_vertex_box,0.4871620101591301,False,True,N_above_support;Q_above_A_supported,upper_bound,0.0,0.0,0.0,0.11988006012024059,0.0,0.0,0.0,0.0,0.49689999999999995,0.0,0.0,0.0,0.0,0.0,0.0,0.0,0.3832199398797595
quality_linear,1.0,1e+24,logarithmic,131072,fixed_ref,0.8047071577351047,lp_vertex_box,analytic_lp_charnes_cooper,box_only,True,False,4414.538750052148,7.031694660244323,1.0,0.41663254110330095,14352791.931543907,14352791.931543907,1.6898369477001902,1511467178.400249,142213228576858.3,-134217728.0,-1.3421772800000001e-16,False,False,False,True,35185,1.862501313371e+23,8.137392404872126e+23,1.0628175687491584e+19,1.0000000000000001e+24,-134217728.0,0.18625013133710003,0.8137392404872126,1.0628175687491584e-05,-1.3421772800000001e-16,7031694660.244323,lp_vertex_box,0.4871620101591301,False,True,N_above_support;Q_above_A_supported,upper_bound,0.0,0.0,0.0,0.11988006012024059,0.0,0.0,0.0,0.0,0.49689999999999995,0.0,0.0,0.0,0.0,0.0,0.0,0.0,0.3832199398797595
quality_linear,1.0,1e+24,logarithmic,131072,mixture,0.8047071577351047,lp_vertex_box,analytic_lp_charnes_cooper,box_only,True,False,4414.538750052148,7.031707315043356,1.0,0.4871620101591301,14352791.931543907,14352791.931543907,1.6898369476893098,1255529360.3491168,142212972639040.25,-268435456.0,-2.6843545600000003e-16,False,False,False,True,35185,1.8625046652770426e+23,8.137407049573086e+23,8.82851498741859e+18,1.0000000000000003e+24,-268435456.0,0.18625046652770427,0.8137407049573087,8.82851498741859e-06,-2.6843545600000003e-16,7031707315.043356,lp_vertex_box,0.4871620101591301,False,True,N_above_support;Q_above_A_supported,upper_bound,0.0,0.0,0.0,0.11988006012024059,0.0,0.0,0.0,0.0,0.49689999999999995,0.0,0.0,0.0,0.0,0.0,0.0,0.0,0.3832199398797595
quality_linear,2.0,1e+19,exponential,2048,fixed_ref,0.8047071577351047,lp_vertex_box,analytic_lp_charnes_cooper,box_only,True,False,10000.0,0.00015600645323629624,1.0,0.41663254110330095,206002636230191.88,206002636230191.88,1.6898153350004308,3912487936.8349757,64099912487936.836,-2048.0,-2.048e-16,False,True,False,True,35185,9.360387194177776e+18,6.390024324558694e+17,610373366355418.9,1.0000000000000002e+19,-2048.0,0.9360387194177776,0.06390024324558695,6.103733663554189e-05,-2.048e-16,156006.45323629625,lp_vertex_box,0.4871620101591301,False,False,N_above_support;D_below_support;Q_above_A_supported,upper_bound,0.0,0.0,0.0,0.11988006012024059,0.0,0.0,0.0,0.0,0.49689999999999995,0.0,0.0,0.0,0.0,0.0,0.0,0.0,0.3832199398797595
quality_linear,2.0,1e+19,exponential,2048,mixture,0.8047071577351047,lp_vertex_box,analytic_lp_charnes_cooper,box_only,True,False,10000.0,0.00015600660940071856,1.0,0.4871620101591301,206002636230191.88,206002636230191.88,1.6898153349992249,3848323182.263386,64099848323182.266,2048.0,2.048e-16,False,True,False,True,35185,9.360396564043112e+18,6.390030721053432e+17,600363851543094.2,9.999999999999998e+18,2048.0,0.9360396564043112,0.06390030721053433,6.0036385154309426e-05,2.048e-16,156006.60940071856,lp_vertex_box,0.4871620101591301,False,False,N_above_support;D_below_support;Q_above_A_supported,upper_bound,0.0,0.0,0.0,0.11988006012024059,0.0,0.0,0.0,0.0,0.49689999999999995,0.0,0.0,0.0,0.0,0.0,0.0,0.0,0.3832199398797595
quality_linear,2.0,1e+19,exponential,4096,fixed_ref,0.8047071577351047,lp_vertex_box,analytic_lp_charnes_cooper,box_only,True,False,10000.0,0.00014663635451419319,1.0,0.41663254110330095,206002636230191.88,206002636230191.88,1.6898154102775984,3912487936.8349757,68195912487936.836,-2048.0,-2.048e-16,False,True,False,True,35185,8.798181270851592e+18,1.2012450161802708e+18,573712968138237.9,1.0000000000000002e+19,-2048.0,0.8798181270851593,0.12012450161802708,5.737129681382379e-05,-2.048e-16,146636.3545141932,lp_vertex_box,0.4871620101591301,False,False,N_above_support;D_below_support;Q_above_A_supported,upper_bound,0.0,0.0,0.0,0.11988006012024059,0.0,0.0,0.0,0.0,0.49689999999999995,0.0,0.0,0.0,0.0,0.0,0.0,0.0,0.3832199398797595
quality_linear,2.0,1e+19,exponential,4096,mixture,0.8047071577351047,lp_vertex_box,analytic_lp_charnes_cooper,box_only,True,False,10000.0,0.00014663649248279287,1.0,0.4871620101591301,206002636230191.88,206002636230191.88,1.689815410276445,3848323182.263386,68195848323182.266,0.0,0.0,False,True,False,True,35185,8.798189548967572e+18,1.2012461464190392e+18,564304613387322.5,1e+19,0.0,0.8798189548967572,0.12012461464190392,5.643046133873225e-05,0.0,146636.49248279288,lp_vertex_box,0.4871620101591301,False,False,N_above_support;D_below_support;Q_above_A_supported,upper_bound,0.0,0.0,0.0,0.11988006012024059,0.0,0.0,0.0,0.0,0.49689999999999995,0.0,0.0,0.0,0.0,0.0,0.0,0.0,0.3832199398797595
quality_linear,2.0,1e+19,exponential,8192,fixed_ref,0.8047071577351047,lp_vertex_box,analytic_lp_charnes_cooper,box_only,True,False,10000.0,0.0001309107642073502,1.0,0.41663254110330095,206002636230191.88,206002636230191.88,1.6898155515696787,3912487936.8349757,76387912487936.83,-2048.0,-2.048e-16,False,True,False,True,35185,7.854645852441012e+18,2.144841960773226e+18,512186785763105.6,1.0000000000000002e+19,-2048.0,0.7854645852441012,0.2144841960773226,5.121867857631056e-05,-2.048e-16,130910.7642073502,lp_vertex_box,0.4871620101591301,False,False,N_above_support;D_below_support;Q_above_A_supported,upper_bound,0.0,0.0,0.0,0.11988006012024059,0.0,0.0,0.0,0.0,0.49689999999999995,0.0,0.0,0.0,0.0,0.0,0.0,0.0,0.3832199398797595
quality_linear,2.0,1e+19,exponential,8192,mixture,0.8047071577351047,lp_vertex_box,analytic_lp_charnes_cooper,box_only,True,False,10000.0,0.0001309108741706132,1.0,0.4871620101591301,206002636230191.88,206002636230191.88,1.6898155515686157,3848323182.263386,76387848323182.27,0.0,0.0,False,True,False,True,35185,7.854652450236792e+18,2.1448437624113267e+18,503787351881135.9,1e+19,0.0,0.7854652450236792,0.21448437624113267,5.0378735188113585e-05,0.0,130910.8741706132,lp_vertex_box,0.4871620101591301,False,False,N_above_support;D_below_support;Q_above_A_supported,upper_bound,0.0,0.0,0.0,0.11988006012024059,0.0,0.0,0.0,0.0,0.49689999999999995,0.0,0.0,0.0,0.0,0.0,0.0,0.0,0.3832199398797595
quality_linear,2.0,1e+19,exponential,32768,fixed_ref,0.8047071577351047,lp_vertex_box,analytic_lp_charnes_cooper,box_only,True,False,10000.0,7.965594209698771e-05,1.0,0.41663254110330095,206002636230191.88,206002636230191.88,1.6898162260229057,3912487936.8349757,125539912487936.83,-2048.0,-2.048e-16,False,True,False,True,35185,4.779356525819263e+18,5.220331821268187e+18,311652912551689.75,1.0000000000000002e+19,-2048.0,0.4779356525819263,0.5220331821268187,3.1165291255168973e-05,-2.048e-16,79655.94209698771,lp_vertex_box,0.4871620101591301,False,False,N_above_support;D_below_support;Q_above_A_supported,upper_bound,0.0,0.0,0.0,0.11988006012024059,0.0,0.0,0.0,0.0,0.49689999999999995,0.0,0.0,0.0,0.0,0.0,0.0,0.0,0.3832199398797595
quality_linear,2.0,1e+19,exponential,32768,mixture,0.8047071577351047,lp_vertex_box,analytic_lp_charnes_cooper,box_only,True,False,10000.0,7.965598280998874e-05,1.0,0.4871620101591301,206002636230191.88,206002636230191.88,1.6898162260221625,3848323182.263386,125539848323182.27,0.0,0.0,False,True,False,True,35185,4.779358968599325e+18,5.220334489435422e+18,306541965253653.44,1e+19,0.0,0.4779358968599325,0.5220334489435422,3.0654196525365346e-05,0.0,79655.98280998874,lp_vertex_box,0.4871620101591301,False,False,N_above_support;D_below_support;Q_above_A_supported,upper_bound,0.0,0.0,0.0,0.11988006012024059,0.0,0.0,0.0,0.0,0.49689999999999995,0.0,0.0,0.0,0.0,0.0,0.0,0.0,0.3832199398797595
quality_linear,2.0,1e+19,exponential,131072,fixed_ref,0.8047071577351047,lp_vertex_box,analytic_lp_charnes_cooper,box_only,True,False,10000.0,3.104164147074664e-05,1.0,0.41663254110330095,206002636230191.88,206002636230191.88,1.6898177941264498,3912487936.8349757,322147912487936.8,0.0,0.0,False,True,False,True,35185,1.8624984882447985e+18,8.137380061707408e+18,121450047793852.55,1e+19,0.0,0.18624984882447984,0.8137380061707409,1.2145004779385255e-05,0.0,31041.641470746643,lp_vertex_box,0.4871620101591301,False,False,N_above_support;D_below_support;Q_above_A_supported,upper_bound,0.0,0.0,0.0,0.11988006012024059,0.0,0.0,0.0,0.0,0.49689999999999995,0.0,0.0,0.0,0.0,0.0,0.0,0.0,0.3832199398797595
quality_linear,2.0,1e+19,exponential,131072,mixture,0.8047071577351047,lp_vertex_box,analytic_lp_charnes_cooper,box_only,True,False,10000.0,3.104164765355779e-05,1.0,0.4871620101591301,206002636230191.88,206002636230191.88,1.6898177941260728,3848323182.263386,322147848323182.25,0.0,0.0,False,True,False,True,35185,1.8624988592134671e+18,8.137381682494252e+18,119458292280838.27,1e+19,0.0,0.18624988592134673,0.8137381682494252,1.1945829228083827e-05,0.0,31041.647653557786,lp_vertex_box,0.4871620101591301,False,False,N_above_support;D_below_support;Q_above_A_supported,upper_bound,0.0,0.0,0.0,0.11988006012024059,0.0,0.0,0.0,0.0,0.49689999999999995,0.0,0.0,0.0,0.0,0.0,0.0,0.0,0.3832199398797595
quality_linear,2.0,1e+19,power,2048,fixed_ref,0.8047071577351047,lp_vertex_box,analytic_lp_charnes_cooper,box_only,True,False,10000.0,0.00015600417314496907,1.0,0.41663254110330095,206002636230191.88,206002636230191.88,1.6898153350180394,4849345275.903549,64100849345275.91,0.0,0.0,False,True,False,True,35185,9.360250388698145e+18,6.389930932017933e+17,756518100061795.1,1e+19,0.0,0.9360250388698145,0.06389930932017933,7.565181000617952e-05,0.0,156004.17314496907,lp_vertex_box,0.4871620101591301,False,False,N_above_support;D_below_support;Q_above_A_supported,upper_bound,0.0,0.0,0.0,0.11988006012024059,0.0,0.0,0.0,0.0,0.49689999999999995,0.0,0.0,0.0,0.0,0.0,0.0,0.0,0.3832199398797595
quality_linear,2.0,1e+19,power,2048,mixture,0.8047071577351047,lp_vertex_box,analytic_lp_charnes_cooper,box_only,True,False,10000.0,0.00015600449188002904,1.0,0.4871620101591301,206002636230191.88,206002636230191.88,1.6898153350155778,4718379892.712687,64100718379892.71,-2048.0,-2.048e-16,False,True,False,True,35185,9.360269512801743e+18,6.389943987405989e+17,736088457659588.6,1.0000000000000002e+19,-2048.0,0.9360269512801743,0.0638994398740599,7.360884576595886e-05,-2.048e-16,156004.49188002903,lp_vertex_box,0.4871620101591301,False,False,N_above_support;D_below_support;Q_above_A_supported,upper_bound,0.0,0.0,0.0,0.11988006012024059,0.0,0.0,0.0,0.0,0.49689999999999995,0.0,0.0,0.0,0.0,0.0,0.0,0.0,0.3832199398797595
quality_linear,2.0,1e+19,power,4096,fixed_ref,0.8047071577351047,lp_vertex_box,analytic_lp_charnes_cooper,box_only,True,False,10000.0,0.0001466343400905619,1.0,0.41663254110330095,206002636230191.88,206002636230191.88,1.689815410294439,4849345275.903549,68196849345275.91,0.0,0.0,False,True,False,True,35185,8.798060405433714e+18,1.2012285140218831e+18,711080544403400.8,1e+19,0.0,0.8798060405433714,0.12012285140218831,7.110805444034008e-05,0.0,146634.3400905619,lp_vertex_box,0.4871620101591301,False,False,N_above_support;D_below_support;Q_above_A_supported,upper_bound,0.0,0.0,0.0,0.11988006012024059,0.0,0.0,0.0,0.0,0.49689999999999995,0.0,0.0,0.0,0.0,0.0,0.0,0.0,0.3832199398797595
quality_linear,2.0,1e+19,power,4096,mixture,0.8047071577351047,lp_vertex_box,analytic_lp_charnes_cooper,box_only,True,False,10000.0,0.0001466346216880199,1.0,0.4871620101591301,206002636230191.88,206002636230191.88,1.6898154102920848,4718379892.712687,68196718379892.71,-2048.0,-2.048e-16,False,True,False,True,35185,8.798077301281194e+18,1.201230820868259e+18,691877850548284.6,1.0000000000000002e+19,-2048.0,0.8798077301281194,0.12012308208682591,6.918778505482846e-05,-2.048e-16,146634.6216880199,lp_vertex_box,0.4871620101591301,False,False,N_above_support;D_below_support;Q_above_A_supported,upper_bound,0.0,0.0,0.0,0.11988006012024059,0.0,0.0,0.0,0.0,0.49689999999999995,0.0,0.0,0.0,0.0,0.0,0.0,0.0,0.3832199398797595
quality_linear,2.0,1e+19,power,8192,fixed_ref,0.8047071577351047,lp_vertex_box,analytic_lp_charnes_cooper,box_only,True,False,10000.0,0.00013090915867576723,1.0,0.41663254110330095,206002636230191.88,206002636230191.88,1.689815551585198,4849345275.903549,76388849345275.9,0.0,0.0,False,True,False,True,35185,7.854549520546033e+18,2.14481565574377e+18,634823710196839.9,1e+19,0.0,0.7854549520546033,0.214481565574377,6.348237101968398e-05,0.0,130909.15867576722,lp_vertex_box,0.4871620101591301,False,False,N_above_support;D_below_support;Q_above_A_supported,upper_bound,0.0,0.0,0.0,0.11988006012024059,0.0,0.0,0.0,0.0,0.49689999999999995,0.0,0.0,0.0,0.0,0.0,0.0,0.0,0.3832199398797595
quality_linear,2.0,1e+19,power,8192,mixture,0.8047071577351047,lp_vertex_box,analytic_lp_charnes_cooper,box_only,True,False,10000.0,0.00013090938311425095,1.0,0.4871620101591301,206002636230191.88,206002636230191.88,1.6898155515830284,4718379892.712687,76388718379892.72,0.0,0.0,False,True,False,True,35185,7.854562986855057e+18,2.144819332943888e+18,617680201053703.4,1e+19,0.0,0.7854562986855057,0.21448193329438878,6.176802010537034e-05,0.0,130909.38311425096,lp_vertex_box,0.4871620101591301,False,False,N_above_support;D_below_support;Q_above_A_supported,upper_bound,0.0,0.0,0.0,0.11988006012024059,0.0,0.0,0.0,0.0,0.49689999999999995,0.0,0.0,0.0,0.0,0.0,0.0,0.0,0.3832199398797595
quality_linear,2.0,1e+19,power,32768,fixed_ref,0.8047071577351047,lp_vertex_box,analytic_lp_charnes_cooper,box_only,True,False,10000.0,7.965534765896738e-05,1.0,0.41663254110330095,206002636230191.88,206002636230191.88,1.6898162260337577,4849345275.903549,125540849345275.9,0.0,0.0,False,True,False,True,35185,4.779320859538043e+18,5.220292864178087e+18,386276283870468.3,1e+19,0.0,0.47793208595380426,0.5220292864178087,3.862762838704683e-05,0.0,79655.34765896738,lp_vertex_box,0.4871620101591301,False,False,N_above_support;D_below_support;Q_above_A_supported,upper_bound,0.0,0.0,0.0,0.11988006012024059,0.0,0.0,0.0,0.0,0.49689999999999995,0.0,0.0,0.0,0.0,0.0,0.0,0.0,0.3832199398797595
quality_linear,2.0,1e+19,power,32768,mixture,0.8047071577351047,lp_vertex_box,analytic_lp_charnes_cooper,box_only,True,False,10000.0,7.965543075625457e-05,1.0,0.4871620101591301,206002636230191.88,206002636230191.88,1.6898162260322407,4718379892.712687,125540718379892.72,0.0,0.0,False,True,False,True,35185,4.779325845375274e+18,5.2202983100419e+18,375844582825679.3,1e+19,0.0,0.4779325845375274,0.52202983100419,3.758445828256793e-05,0.0,79655.43075625457,lp_vertex_box,0.4871620101591301,False,False,N_above_support;D_below_support;Q_above_A_supported,upper_bound,0.0,0.0,0.0,0.11988006012024059,0.0,0.0,0.0,0.0,0.49689999999999995,0.0,0.0,0.0,0.0,0.0,0.0,0.0,0.3832199398797595
quality_linear,2.0,1e+19,power,131072,fixed_ref,0.8047071577351047,lp_vertex_box,analytic_lp_charnes_cooper,box_only,True,False,10000.0,3.104155119698131e-05,1.0,0.41663254110330095,206002636230191.88,206002636230191.88,1.6898177941319552,4849345275.903549,322148849345275.9,0.0,0.0,False,True,False,True,35185,1.8624930718188785e+18,8.137356396981468e+18,150531199653799.47,1e+19,0.0,0.18624930718188784,0.8137356396981468,1.5053119965379947e-05,0.0,31041.55119698131,lp_vertex_box,0.4871620101591301,False,False,N_above_support;D_below_support;Q_above_A_supported,upper_bound,0.0,0.0,0.0,0.11988006012024059,0.0,0.0,0.0,0.0,0.49689999999999995,0.0,0.0,0.0,0.0,0.0,0.0,0.0,0.3832199398797595
quality_linear,2.0,1e+19,power,131072,mixture,0.8047071577351047,lp_vertex_box,analytic_lp_charnes_cooper,box_only,True,False,10000.0,3.104156381652134e-05,1.0,0.4871620101591301,206002636230191.88,206002636230191.88,1.6898177941311856,4718379892.712687,322148718379892.7,0.0,0.0,False,True,False,True,35185,1.86249382899128e+18,8.13735970511817e+18,146465890550231.97,1e+19,0.0,0.186249382899128,0.813735970511817,1.4646589055023197e-05,0.0,31041.56381652134,lp_vertex_box,0.4871620101591301,False,False,N_above_support;D_below_support;Q_above_A_supported,upper_bound,0.0,0.0,0.0,0.11988006012024059,0.0,0.0,0.0,0.0,0.49689999999999995,0.0,0.0,0.0,0.0,0.0,0.0,0.0,0.3832199398797595
quality_linear,2.0,1e+19,logarithmic,2048,fixed_ref,0.8047071577351047,lp_vertex_box,analytic_lp_charnes_cooper,box_only,True,False,10000.0,0.0001560122970627428,1.0,0.41663254110330095,206002636230191.88,206002636230191.88,1.6898153349553018,1511467178.400249,64097511467178.4,0.0,0.0,False,True,False,True,35185,9.360737823764568e+18,6.390263687689946e+17,235807466437165.34,1e+19,0.0,0.9360737823764568,0.06390263687689945,2.3580746643716534e-05,0.0,156012.29706274281,lp_vertex_box,0.4871620101591301,False,False,N_above_support;D_below_support;Q_above_A_supported,upper_bound,0.0,0.0,0.0,0.11988006012024059,0.0,0.0,0.0,0.0,0.49689999999999995,0.0,0.0,0.0,0.0,0.0,0.0,0.0,0.3832199398797595
quality_linear,2.0,1e+19,logarithmic,2048,mixture,0.8047071577351047,lp_vertex_box,analytic_lp_charnes_cooper,box_only,True,False,10000.0,0.00015601292001370332,1.0,0.4871620101591301,206002636230191.88,206002636230191.88,1.6898153349504912,1255529360.3491168,64097255529360.35,0.0,0.0,False,True,False,True,35185,9.3607752008222e+18,6.390289203761288e+17,195878801671002.84,1e+19,0.0,0.93607752008222,0.06390289203761287,1.9587880167100286e-05,0.0,156012.92001370332,lp_vertex_box,0.4871620101591301,False,False,N_above_support;D_below_support;Q_above_A_supported,upper_bound,0.0,0.0,0.0,0.11988006012024059,0.0,0.0,0.0,0.0,0.49689999999999995,0.0,0.0,0.0,0.0,0.0,0.0,0.0,0.3832199398797595
quality_linear,2.0,1e+19,logarithmic,4096,fixed_ref,0.8047071577351047,lp_vertex_box,analytic_lp_charnes_cooper,box_only,True,False,10000.0,0.00014664151742373627,1.0,0.41663254110330095,206002636230191.88,206002636230191.88,1.6898154102344383,1511467178.400249,68193511467178.4,-2048.0,-2.048e-16,False,True,False,True,35185,8.798491045424177e+18,1.2012873107352476e+18,221643840576785.62,1.0000000000000002e+19,-2048.0,0.8798491045424177,0.12012873107352476,2.2164384057678563e-05,-2.048e-16,146641.51742373628,lp_vertex_box,0.4871620101591301,False,False,N_above_support;D_below_support;Q_above_A_supported,upper_bound,0.0,0.0,0.0,0.11988006012024059,0.0,0.0,0.0,0.0,0.49689999999999995,0.0,0.0,0.0,0.0,0.0,0.0,0.0,0.3832199398797595
quality_linear,2.0,1e+19,logarithmic,4096,mixture,0.8047071577351047,lp_vertex_box,analytic_lp_charnes_cooper,box_only,True,False,10000.0,0.00014664206778769402,1.0,0.4871620101591301,206002636230191.88,206002636230191.88,1.6898154102298375,1255529360.3491168,68193255529360.35,0.0,0.0,False,True,False,True,35185,8.798524067261641e+18,1.2012918193167895e+18,184113421569755.28,1e+19,0.0,0.879852406726164,0.12012918193167894,1.841134215697553e-05,0.0,146642.06778769402,lp_vertex_box,0.4871620101591301,False,False,N_above_support;D_below_support;Q_above_A_supported,upper_bound,0.0,0.0,0.0,0.11988006012024059,0.0,0.0,0.0,0.0,0.49689999999999995,0.0,0.0,0.0,0.0,0.0,0.0,0.0,0.3832199398797595
quality_linear,2.0,1e+19,logarithmic,8192,fixed_ref,0.8047071577351047,lp_vertex_box,analytic_lp_charnes_cooper,box_only,True,False,10000.0,0.00013091487911679213,1.0,0.41663254110330095,206002636230191.88,206002636230191.88,1.689815551529904,1511467178.400249,76385511467178.4,2048.0,2.048e-16,False,True,False,True,35185,7.854892747007528e+18,2.1449093794495222e+18,197873542949267.47,9.999999999999998e+18,2048.0,0.7854892747007528,0.21449093794495222,1.9787354294926746e-05,2.048e-16,130914.87911679213,lp_vertex_box,0.4871620101591301,False,False,N_above_support;D_below_support;Q_above_A_supported,upper_bound,0.0,0.0,0.0,0.11988006012024059,0.0,0.0,0.0,0.0,0.49689999999999995,0.0,0.0,0.0,0.0,0.0,0.0,0.0,0.3832199398797595
quality_linear,2.0,1e+19,logarithmic,8192,mixture,0.8047071577351047,lp_vertex_box,analytic_lp_charnes_cooper,box_only,True,False,10000.0,0.00013091531776255276,1.0,0.4871620101591301,206002636230191.88,206002636230191.88,1.6898155515256643,1255529360.3491168,76385255529360.34,0.0,0.0,False,True,False,True,35185,7.854919065753166e+18,2.1449165662216645e+18,164368025170319.25,1e+19,0.0,0.7854919065753165,0.21449165662216646,1.6436802517031923e-05,0.0,130915.31776255276,lp_vertex_box,0.4871620101591301,False,False,N_above_support;D_below_support;Q_above_A_supported,upper_bound,0.0,0.0,0.0,0.11988006012024059,0.0,0.0,0.0,0.0,0.49689999999999995,0.0,0.0,0.0,0.0,0.0,0.0,0.0,0.3832199398797595
quality_linear,2.0,1e+19,logarithmic,32768,fixed_ref,0.8047071577351047,lp_vertex_box,analytic_lp_charnes_cooper,box_only,True,False,10000.0,7.965746559039037e-05,1.0,0.41663254110330095,206002636230191.88,206002636230191.88,1.689816225995094,1511467178.400249,125537511467178.4,2048.0,2.048e-16,False,True,False,True,35185,4.779447935423421e+18,5.220431664931823e+18,120399644754422.25,9.999999999999998e+18,2048.0,0.47794479354234215,0.5220431664931823,1.2039964475442226e-05,2.048e-16,79657.46559039036,lp_vertex_box,0.4871620101591301,False,False,N_above_support;D_below_support;Q_above_A_supported,upper_bound,0.0,0.0,0.0,0.11988006012024059,0.0,0.0,0.0,0.0,0.49689999999999995,0.0,0.0,0.0,0.0,0.0,0.0,0.0,0.3832199398797595
quality_linear,2.0,1e+19,logarithmic,32768,mixture,0.8047071577351047,lp_vertex_box,analytic_lp_charnes_cooper,box_only,True,False,10000.0,7.965762799124778e-05,1.0,0.4871620101591301,206002636230191.88,206002636230191.88,1.6898162259921292,1255529360.3491168,125537255529360.34,0.0,0.0,False,True,False,True,35185,4.779457679474866e+18,5.220442308034415e+18,100012490718779.22,1e+19,0.0,0.4779457679474866,0.5220442308034414,1.0001249071877922e-05,0.0,79657.62799124778,lp_vertex_box,0.4871620101591301,False,False,N_above_support;D_below_support;Q_above_A_supported,upper_bound,0.0,0.0,0.0,0.11988006012024059,0.0,0.0,0.0,0.0,0.49689999999999995,0.0,0.0,0.0,0.0,0.0,0.0,0.0,0.3832199398797595
quality_linear,2.0,1e+19,logarithmic,131072,fixed_ref,0.8047071577351047,lp_vertex_box,analytic_lp_charnes_cooper,box_only,True,False,10000.0,3.1041872830870856e-05,1.0,0.41663254110330095,206002636230191.88,206002636230191.88,1.6898177941123407,1511467178.400249,322145511467178.4,-2048.0,-2.048e-16,False,True,False,True,35185,1.8625123698522514e+18,8.137440711375811e+18,46918771939935.73,1.0000000000000002e+19,-2048.0,0.18625123698522514,0.8137440711375811,4.691877193993573e-06,-2.048e-16,31041.872830870856,lp_vertex_box,0.4871620101591301,False,False,N_above_support;D_below_support;Q_above_A_supported,upper_bound,0.0,0.0,0.0,0.11988006012024059,0.0,0.0,0.0,0.0,0.49689999999999995,0.0,0.0,0.0,0.0,0.0,0.0,0.0,0.3832199398797595
quality_linear,2.0,1e+19,logarithmic,131072,mixture,0.8047071577351047,lp_vertex_box,analytic_lp_charnes_cooper,box_only,True,False,10000.0,3.1041897493004045e-05,1.0,0.4871620101591301,206002636230191.88,206002636230191.88,1.6898177941108368,1255529360.3491168,322145255529360.4,0.0,0.0,False,True,False,True,35185,1.862513849580243e+18,8.137447176406053e+18,38974013703414.22,1e+19,0.0,0.1862513849580243,0.8137447176406053,3.897401370341422e-06,0.0,31041.897493004046,lp_vertex_box,0.4871620101591301,False,False,N_above_support;D_below_support;Q_above_A_supported,upper_bound,0.0,0.0,0.0,0.11988006012024059,0.0,0.0,0.0,0.0,0.49689999999999995,0.0,0.0,0.0,0.0,0.0,0.0,0.0,0.3832199398797595
quality_linear,2.0,1e+22,exponential,2048,fixed_ref,0.8047071577351047,lp_vertex_box,analytic_lp_charnes_cooper,box_only,True,False,10000.0,0.15600645323629625,1.0,0.41663254110330095,206002636230191.88,206002636230191.88,1.689811653052584,3912487936.8349757,64099912487936.836,0.0,0.0,False,True,False,True,35185,9.360387194177774e+21,6.390024324558693e+20,6.103733663554188e+17,1e+22,0.0,0.9360387194177774,0.06390024324558694,6.103733663554188e-05,0.0,156006453.23629624,lp_vertex_box,0.4871620101591301,False,True,N_above_support;Q_above_A_supported,upper_bound,0.0,0.0,0.0,0.11988006012024059,0.0,0.0,0.0,0.0,0.49689999999999995,0.0,0.0,0.0,0.0,0.0,0.0,0.0,0.3832199398797595
quality_linear,2.0,1e+22,exponential,2048,mixture,0.8047071577351047,lp_vertex_box,analytic_lp_charnes_cooper,box_only,True,False,10000.0,0.15600660940071856,1.0,0.4871620101591301,206002636230191.88,206002636230191.88,1.6898116530524097,3848323182.263386,64099848323182.266,0.0,0.0,False,True,False,True,35185,9.360396564043114e+21,6.390030721053432e+20,6.003638515430943e+17,1e+22,0.0,0.9360396564043114,0.06390030721053432,6.0036385154309426e-05,0.0,156006609.40071857,lp_vertex_box,0.4871620101591301,False,True,N_above_support;Q_above_A_supported,upper_bound,0.0,0.0,0.0,0.11988006012024059,0.0,0.0,0.0,0.0,0.49689999999999995,0.0,0.0,0.0,0.0,0.0,0.0,0.0,0.3832199398797595
quality_linear,2.0,1e+22,exponential,4096,fixed_ref,0.8047071577351047,lp_vertex_box,analytic_lp_charnes_cooper,box_only,True,False,10000.0,0.14663635451419318,1.0,0.41663254110330095,206002636230191.88,206002636230191.88,1.6898116639426093,3912487936.8349757,68195912487936.836,0.0,0.0,False,True,False,True,35185,8.798181270851591e+21,1.2012450161802706e+21,5.7371296813823776e+17,1e+22,0.0,0.8798181270851592,0.12012450161802705,5.7371296813823774e-05,0.0,146636354.51419318,lp_vertex_box,0.4871620101591301,False,True,N_above_support;Q_above_A_supported,upper_bound,0.0,0.0,0.0,0.11988006012024059,0.0,0.0,0.0,0.0,0.49689999999999995,0.0,0.0,0.0,0.0,0.0,0.0,0.0,0.3832199398797595
quality_linear,2.0,1e+22,exponential,4096,mixture,0.8047071577351047,lp_vertex_box,analytic_lp_charnes_cooper,box_only,True,False,10000.0,0.1466364924827929,1.0,0.4871620101591301,206002636230191.88,206002636230191.88,1.6898116639424423,3848323182.263386,68195848323182.266,-2097152.0,-2.097152e-16,False,True,False,True,35185,8.798189548967574e+21,1.2012461464190394e+21,5.6430461338732256e+17,1.0000000000000002e+22,-2097152.0,0.8798189548967574,0.12012461464190394,5.643046133873226e-05,-2.097152e-16,146636492.48279288,lp_vertex_box,0.4871620101591301,False,True,N_above_support;Q_above_A_supported,upper_bound,0.0,0.0,0.0,0.11988006012024059,0.0,0.0,0.0,0.0,0.49689999999999995,0.0,0.0,0.0,0.0,0.0,0.0,0.0,0.3832199398797595
quality_linear,2.0,1e+22,exponential,8192,fixed_ref,0.8047071577351047,lp_vertex_box,analytic_lp_charnes_cooper,box_only,True,False,10000.0,0.1309107642073502,1.0,0.41663254110330095,206002636230191.88,206002636230191.88,1.6898116843827289,3912487936.8349757,76387912487936.83,0.0,0.0,False,True,False,True,35185,7.854645852441012e+21,2.1448419607732258e+21,5.1218678576310554e+17,1e+22,0.0,0.7854645852441012,0.21448419607732258,5.1218678576310556e-05,0.0,130910764.2073502,lp_vertex_box,0.4871620101591301,False,False,N_above_support;D_below_support;Q_above_A_supported,upper_bound,0.0,0.0,0.0,0.11988006012024059,0.0,0.0,0.0,0.0,0.49689999999999995,0.0,0.0,0.0,0.0,0.0,0.0,0.0,0.3832199398797595
quality_linear,2.0,1e+22,exponential,8192,mixture,0.8047071577351047,lp_vertex_box,analytic_lp_charnes_cooper,box_only,True,False,10000.0,0.1309108741706132,1.0,0.4871620101591301,206002636230191.88,206002636230191.88,1.689811684382575,3848323182.263386,76387848323182.27,-2097152.0,-2.097152e-16,False,True,False,True,35185,7.854652450236793e+21,2.1448437624113267e+21,5.037873518811359e+17,1.0000000000000002e+22,-2097152.0,0.7854652450236793,0.21448437624113267,5.0378735188113585e-05,-2.097152e-16,130910874.1706132,lp_vertex_box,0.4871620101591301,False,False,N_above_support;D_below_support;Q_above_A_supported,upper_bound,0.0,0.0,0.0,0.11988006012024059,0.0,0.0,0.0,0.0,0.49689999999999995,0.0,0.0,0.0,0.0,0.0,0.0,0.0,0.3832199398797595
quality_linear,2.0,1e+22,exponential,32768,fixed_ref,0.8047071577351047,lp_vertex_box,analytic_lp_charnes_cooper,box_only,True,False,10000.0,0.0796559420969877,1.0,0.41663254110330095,206002636230191.88,206002636230191.88,1.6898117819529865,3912487936.8349757,125539912487936.83,-2097152.0,-2.097152e-16,False,True,False,True,35185,4.779356525819262e+21,5.220331821268187e+21,3.116529125516897e+17,1.0000000000000002e+22,-2097152.0,0.4779356525819262,0.5220331821268187,3.1165291255168973e-05,-2.097152e-16,79655942.09698771,lp_vertex_box,0.4871620101591301,False,False,N_above_support;D_below_support;Q_above_A_supported,upper_bound,0.0,0.0,0.0,0.11988006012024059,0.0,0.0,0.0,0.0,0.49689999999999995,0.0,0.0,0.0,0.0,0.0,0.0,0.0,0.3832199398797595
quality_linear,2.0,1e+22,exponential,32768,mixture,0.8047071577351047,lp_vertex_box,analytic_lp_charnes_cooper,box_only,True,False,10000.0,0.07965598280998874,1.0,0.4871620101591301,206002636230191.88,206002636230191.88,1.6898117819528788,3848323182.263386,125539848323182.27,-2097152.0,-2.097152e-16,False,True,False,True,35185,4.779358968599325e+21,5.220334489435423e+21,3.0654196525365344e+17,1.0000000000000002e+22,-2097152.0,0.4779358968599325,0.5220334489435423,3.0654196525365346e-05,-2.097152e-16,79655982.80998874,lp_vertex_box,0.4871620101591301,False,False,N_above_support;D_below_support;Q_above_A_supported,upper_bound,0.0,0.0,0.0,0.11988006012024059,0.0,0.0,0.0,0.0,0.49689999999999995,0.0,0.0,0.0,0.0,0.0,0.0,0.0,0.3832199398797595
quality_linear,2.0,1e+22,exponential,131072,fixed_ref,0.8047071577351047,lp_vertex_box,analytic_lp_charnes_cooper,box_only,True,False,10000.0,0.031041641470746645,1.0,0.41663254110330095,206002636230191.88,206002636230191.88,1.689812008803805,3912487936.8349757,322147912487936.8,-2097152.0,-2.097152e-16,False,True,False,True,35185,1.8624984882447988e+21,8.137380061707408e+21,1.2145004779385256e+17,1.0000000000000002e+22,-2097152.0,0.18624984882447987,0.8137380061707409,1.2145004779385256e-05,-2.097152e-16,31041641.470746644,lp_vertex_box,0.4871620101591301,False,False,N_above_support;D_below_support;Q_above_A_supported,upper_bound,0.0,0.0,0.0,0.11988006012024059,0.0,0.0,0.0,0.0,0.49689999999999995,0.0,0.0,0.0,0.0,0.0,0.0,0.0,0.3832199398797595
quality_linear,2.0,1e+22,exponential,131072,mixture,0.8047071577351047,lp_vertex_box,analytic_lp_charnes_cooper,box_only,True,False,10000.0,0.031041647653557786,1.0,0.4871620101591301,206002636230191.88,206002636230191.88,1.6898120088037505,3848323182.263386,322147848323182.25,0.0,0.0,False,True,False,True,35185,1.8624988592134672e+21,8.137381682494253e+21,1.1945829228083826e+17,1e+22,0.0,0.18624988592134673,0.8137381682494252,1.1945829228083826e-05,0.0,31041647.653557785,lp_vertex_box,0.4871620101591301,False,False,N_above_support;D_below_support;Q_above_A_supported,upper_bound,0.0,0.0,0.0,0.11988006012024059,0.0,0.0,0.0,0.0,0.49689999999999995,0.0,0.0,0.0,0.0,0.0,0.0,0.0,0.3832199398797595
quality_linear,2.0,1e+22,power,2048,fixed_ref,0.8047071577351047,lp_vertex_box,analytic_lp_charnes_cooper,box_only,True,False,10000.0,0.1560041731449691,1.0,0.41663254110330095,206002636230191.88,206002636230191.88,1.6898116530551315,4849345275.903549,64100849345275.91,0.0,0.0,False,True,False,True,35185,9.360250388698144e+21,6.389930932017934e+20,7.565181000617951e+17,1e+22,0.0,0.9360250388698144,0.06389930932017934,7.56518100061795e-05,0.0,156004173.14496908,lp_vertex_box,0.4871620101591301,False,True,N_above_support;Q_above_A_supported,upper_bound,0.0,0.0,0.0,0.11988006012024059,0.0,0.0,0.0,0.0,0.49689999999999995,0.0,0.0,0.0,0.0,0.0,0.0,0.0,0.3832199398797595
quality_linear,2.0,1e+22,power,2048,mixture,0.8047071577351047,lp_vertex_box,analytic_lp_charnes_cooper,box_only,True,False,10000.0,0.15600449188002902,1.0,0.4871620101591301,206002636230191.88,206002636230191.88,1.6898116530547753,4718379892.712687,64100718379892.71,0.0,0.0,False,True,False,True,35185,9.360269512801741e+21,6.389943987405989e+20,7.360884576595885e+17,1e+22,0.0,0.9360269512801741,0.06389943987405988,7.360884576595885e-05,0.0,156004491.88002902,lp_vertex_box,0.4871620101591301,False,True,N_above_support;Q_above_A_supported,upper_bound,0.0,0.0,0.0,0.11988006012024059,0.0,0.0,0.0,0.0,0.49689999999999995,0.0,0.0,0.0,0.0,0.0,0.0,0.0,0.3832199398797595
quality_linear,2.0,1e+22,power,4096,fixed_ref,0.8047071577351047,lp_vertex_box,analytic_lp_charnes_cooper,box_only,True,False,10000.0,0.1466343400905619,1.0,0.41663254110330095,206002636230191.88,206002636230191.88,1.6898116639450456,4849345275.903549,68196849345275.91,-2097152.0,-2.097152e-16,False,True,False,True,35185,8.798060405433714e+21,1.2012285140218832e+21,7.110805444034007e+17,1.0000000000000002e+22,-2097152.0,0.8798060405433714,0.12012285140218833,7.110805444034006e-05,-2.097152e-16,146634340.0905619,lp_vertex_box,0.4871620101591301,False,True,N_above_support;Q_above_A_supported,upper_bound,0.0,0.0,0.0,0.11988006012024059,0.0,0.0,0.0,0.0,0.49689999999999995,0.0,0.0,0.0,0.0,0.0,0.0,0.0,0.3832199398797595
quality_linear,2.0,1e+22,power,4096,mixture,0.8047071577351047,lp_vertex_box,analytic_lp_charnes_cooper,box_only,True,False,10000.0,0.14663462168801988,1.0,0.4871620101591301,206002636230191.88,206002636230191.88,1.689811663944705,4718379892.712687,68196718379892.71,0.0,0.0,False,True,False,True,35185,8.798077301281192e+21,1.2012308208682588e+21,6.918778505482845e+17,1e+22,0.0,0.8798077301281192,0.12012308208682589,6.918778505482845e-05,0.0,146634621.68801987,lp_vertex_box,0.4871620101591301,False,True,N_above_support;Q_above_A_supported,upper_bound,0.0,0.0,0.0,0.11988006012024059,0.0,0.0,0.0,0.0,0.49689999999999995,0.0,0.0,0.0,0.0,0.0,0.0,0.0,0.3832199398797595
quality_linear,2.0,1e+22,power,8192,fixed_ref,0.8047071577351047,lp_vertex_box,analytic_lp_charnes_cooper,box_only,True,False,10000.0,0.13090915867576722,1.0,0.41663254110330095,206002636230191.88,206002636230191.88,1.689811684384974,4849345275.903549,76388849345275.9,0.0,0.0,False,True,False,True,35185,7.854549520546033e+21,2.14481565574377e+21,6.348237101968398e+17,1e+22,0.0,0.7854549520546034,0.214481565574377,6.348237101968398e-05,0.0,130909158.67576721,lp_vertex_box,0.4871620101591301,False,False,N_above_support;D_below_support;Q_above_A_supported,upper_bound,0.0,0.0,0.0,0.11988006012024059,0.0,0.0,0.0,0.0,0.49689999999999995,0.0,0.0,0.0,0.0,0.0,0.0,0.0,0.3832199398797595
quality_linear,2.0,1e+22,power,8192,mixture,0.8047071577351047,lp_vertex_box,analytic_lp_charnes_cooper,box_only,True,False,10000.0,0.13090938311425096,1.0,0.4871620101591301,206002636230191.88,206002636230191.88,1.6898116843846602,4718379892.712687,76388718379892.72,0.0,0.0,False,True,False,True,35185,7.854562986855057e+21,2.1448193329438877e+21,6.176802010537034e+17,1e+22,0.0,0.7854562986855057,0.21448193329438878,6.176802010537034e-05,0.0,130909383.11425096,lp_vertex_box,0.4871620101591301,False,False,N_above_support;D_below_support;Q_above_A_supported,upper_bound,0.0,0.0,0.0,0.11988006012024059,0.0,0.0,0.0,0.0,0.49689999999999995,0.0,0.0,0.0,0.0,0.0,0.0,0.0,0.3832199398797595
quality_linear,2.0,1e+22,power,32768,fixed_ref,0.8047071577351047,lp_vertex_box,analytic_lp_charnes_cooper,box_only,True,False,10000.0,0.07965534765896738,1.0,0.41663254110330095,206002636230191.88,206002636230191.88,1.6898117819545564,4849345275.903549,125540849345275.9,0.0,0.0,False,True,False,True,35185,4.779320859538043e+21,5.220292864178086e+21,3.862762838704683e+17,1e+22,0.0,0.47793208595380426,0.5220292864178085,3.8627628387046826e-05,0.0,79655347.65896738,lp_vertex_box,0.4871620101591301,False,False,N_above_support;D_below_support;Q_above_A_supported,upper_bound,0.0,0.0,0.0,0.11988006012024059,0.0,0.0,0.0,0.0,0.49689999999999995,0.0,0.0,0.0,0.0,0.0,0.0,0.0,0.3832199398797595
quality_linear,2.0,1e+22,power,32768,mixture,0.8047071577351047,lp_vertex_box,analytic_lp_charnes_cooper,box_only,True,False,10000.0,0.07965543075625457,1.0,0.4871620101591301,206002636230191.88,206002636230191.88,1.6898117819543368,4718379892.712687,125540718379892.72,-2097152.0,-2.097152e-16,False,True,False,True,35185,4.779325845375275e+21,5.2202983100419e+21,3.758445828256792e+17,1.0000000000000002e+22,-2097152.0,0.47793258453752746,0.52202983100419,3.7584458282567925e-05,-2.097152e-16,79655430.75625457,lp_vertex_box,0.4871620101591301,False,False,N_above_support;D_below_support;Q_above_A_supported,upper_bound,0.0,0.0,0.0,0.11988006012024059,0.0,0.0,0.0,0.0,0.49689999999999995,0.0,0.0,0.0,0.0,0.0,0.0,0.0,0.3832199398797595
quality_linear,2.0,1e+22,power,131072,fixed_ref,0.8047071577351047,lp_vertex_box,analytic_lp_charnes_cooper,box_only,True,False,10000.0,0.03104155119698131,1.0,0.41663254110330095,206002636230191.88,206002636230191.88,1.6898120088046014,4849345275.903549,322148849345275.9,-2097152.0,-2.097152e-16,False,True,False,True,35185,1.8624930718188786e+21,8.137356396981469e+21,1.505311996537995e+17,1.0000000000000002e+22,-2097152.0,0.18624930718188787,0.8137356396981469,1.5053119965379949e-05,-2.097152e-16,31041551.19698131,lp_vertex_box,0.4871620101591301,False,False,N_above_support;D_below_support;Q_above_A_supported,upper_bound,0.0,0.0,0.0,0.11988006012024059,0.0,0.0,0.0,0.0,0.49689999999999995,0.0,0.0,0.0,0.0,0.0,0.0,0.0,0.3832199398797595
quality_linear,2.0,1e+22,power,131072,mixture,0.8047071577351047,lp_vertex_box,analytic_lp_charnes_cooper,box_only,True,False,10000.0,0.031041563816521338,1.0,0.4871620101591301,206002636230191.88,206002636230191.88,1.6898120088044901,4718379892.712687,322148718379892.7,-2097152.0,-2.097152e-16,False,True,False,True,35185,1.8624938289912802e+21,8.13735970511817e+21,1.4646589055023197e+17,1.0000000000000002e+22,-2097152.0,0.186249382899128,0.813735970511817,1.4646589055023197e-05,-2.097152e-16,31041563.81652134,lp_vertex_box,0.4871620101591301,False,False,N_above_support;D_below_support;Q_above_A_supported,upper_bound,0.0,0.0,0.0,0.11988006012024059,0.0,0.0,0.0,0.0,0.49689999999999995,0.0,0.0,0.0,0.0,0.0,0.0,0.0,0.3832199398797595
quality_linear,2.0,1e+22,logarithmic,2048,fixed_ref,0.8047071577351047,lp_vertex_box,analytic_lp_charnes_cooper,box_only,True,False,10000.0,0.1560122970627428,1.0,0.41663254110330095,206002636230191.88,206002636230191.88,1.6898116530460554,1511467178.400249,64097511467178.4,0.0,0.0,False,True,False,True,35185,9.360737823764567e+21,6.390263687689946e+20,2.358074664371653e+17,1e+22,0.0,0.9360737823764568,0.06390263687689945,2.358074664371653e-05,0.0,156012297.0627428,lp_vertex_box,0.4871620101591301,False,True,N_above_support;Q_above_A_supported,upper_bound,0.0,0.0,0.0,0.11988006012024059,0.0,0.0,0.0,0.0,0.49689999999999995,0.0,0.0,0.0,0.0,0.0,0.0,0.0,0.3832199398797595
quality_linear,2.0,1e+22,logarithmic,2048,mixture,0.8047071577351047,lp_vertex_box,analytic_lp_charnes_cooper,box_only,True,False,10000.0,0.15601292001370332,1.0,0.4871620101591301,206002636230191.88,206002636230191.88,1.6898116530453595,1255529360.3491168,64097255529360.35,2097152.0,2.097152e-16,False,True,False,True,35185,9.360775200822199e+21,6.390289203761288e+20,1.9587880167100285e+17,9.999999999999998e+21,2097152.0,0.9360775200822199,0.06390289203761289,1.9587880167100286e-05,2.097152e-16,156012920.01370332,lp_vertex_box,0.4871620101591301,False,True,N_above_support;Q_above_A_supported,upper_bound,0.0,0.0,0.0,0.11988006012024059,0.0,0.0,0.0,0.0,0.49689999999999995,0.0,0.0,0.0,0.0,0.0,0.0,0.0,0.3832199398797595
quality_linear,2.0,1e+22,logarithmic,4096,fixed_ref,0.8047071577351047,lp_vertex_box,analytic_lp_charnes_cooper,box_only,True,False,10000.0,0.14664151742373627,1.0,0.41663254110330095,206002636230191.88,206002636230191.88,1.6898116639363654,1511467178.400249,68193511467178.4,0.0,0.0,False,True,False,True,35185,8.798491045424176e+21,1.2012873107352477e+21,2.2164384057678563e+17,1e+22,0.0,0.8798491045424176,0.12012873107352477,2.2164384057678563e-05,0.0,146641517.42373627,lp_vertex_box,0.4871620101591301,False,True,N_above_support;Q_above_A_supported,upper_bound,0.0,0.0,0.0,0.11988006012024059,0.0,0.0,0.0,0.0,0.49689999999999995,0.0,0.0,0.0,0.0,0.0,0.0,0.0,0.3832199398797595
quality_linear,2.0,1e+22,logarithmic,4096,mixture,0.8047071577351047,lp_vertex_box,analytic_lp_charnes_cooper,box_only,True,False,10000.0,0.146642067787694,1.0,0.4871620101591301,206002636230191.88,206002636230191.88,1.6898116639357,1255529360.3491168,68193255529360.35,0.0,0.0,False,True,False,True,35185,8.798524067261641e+21,1.2012918193167894e+21,1.841134215697553e+17,1e+22,0.0,0.8798524067261642,0.12012918193167894,1.841134215697553e-05,0.0,146642067.787694,lp_vertex_box,0.4871620101591301,False,True,N_above_support;Q_above_A_supported,upper_bound,0.0,0.0,0.0,0.11988006012024059,0.0,0.0,0.0,0.0,0.49689999999999995,0.0,0.0,0.0,0.0,0.0,0.0,0.0,0.3832199398797595
quality_linear,2.0,1e+22,logarithmic,8192,fixed_ref,0.8047071577351047,lp_vertex_box,analytic_lp_charnes_cooper,box_only,True,False,10000.0,0.13091487911679212,1.0,0.41663254110330095,206002636230191.88,206002636230191.88,1.6898116843769748,1511467178.400249,76385511467178.4,0.0,0.0,False,True,False,True,35185,7.854892747007527e+21,2.1449093794495222e+21,1.978735429492675e+17,1e+22,0.0,0.7854892747007527,0.21449093794495222,1.978735429492675e-05,0.0,130914879.11679213,lp_vertex_box,0.4871620101591301,False,False,N_above_support;D_below_support;Q_above_A_supported,upper_bound,0.0,0.0,0.0,0.11988006012024059,0.0,0.0,0.0,0.0,0.49689999999999995,0.0,0.0,0.0,0.0,0.0,0.0,0.0,0.3832199398797595
quality_linear,2.0,1e+22,logarithmic,8192,mixture,0.8047071577351047,lp_vertex_box,analytic_lp_charnes_cooper,box_only,True,False,10000.0,0.13091531776255277,1.0,0.4871620101591301,206002636230191.88,206002636230191.88,1.6898116843763615,1255529360.3491168,76385255529360.34,-2097152.0,-2.097152e-16,False,True,False,True,35185,7.854919065753167e+21,2.1449165662216646e+21,1.6436802517031923e+17,1.0000000000000002e+22,-2097152.0,0.7854919065753166,0.21449165662216646,1.6436802517031923e-05,-2.097152e-16,130915317.76255277,lp_vertex_box,0.4871620101591301,False,False,N_above_support;D_below_support;Q_above_A_supported,upper_bound,0.0,0.0,0.0,0.11988006012024059,0.0,0.0,0.0,0.0,0.49689999999999995,0.0,0.0,0.0,0.0,0.0,0.0,0.0,0.3832199398797595
quality_linear,2.0,1e+22,logarithmic,32768,fixed_ref,0.8047071577351047,lp_vertex_box,analytic_lp_charnes_cooper,box_only,True,False,10000.0,0.07965746559039037,1.0,0.41663254110330095,206002636230191.88,206002636230191.88,1.689811781948963,1511467178.400249,125537511467178.4,2097152.0,2.097152e-16,False,True,False,True,35185,4.779447935423422e+21,5.220431664931823e+21,1.2039964475442226e+17,9.999999999999998e+21,2097152.0,0.4779447935423422,0.5220431664931823,1.2039964475442226e-05,2.097152e-16,79657465.59039037,lp_vertex_box,0.4871620101591301,False,False,N_above_support;D_below_support;Q_above_A_supported,upper_bound,0.0,0.0,0.0,0.11988006012024059,0.0,0.0,0.0,0.0,0.49689999999999995,0.0,0.0,0.0,0.0,0.0,0.0,0.0,0.3832199398797595
quality_linear,2.0,1e+22,logarithmic,32768,mixture,0.8047071577351047,lp_vertex_box,analytic_lp_charnes_cooper,box_only,True,False,10000.0,0.07965762799124779,1.0,0.4871620101591301,206002636230191.88,206002636230191.88,1.689811781948534,1255529360.3491168,125537255529360.34,-2097152.0,-2.097152e-16,False,True,False,True,35185,4.779457679474867e+21,5.220442308034415e+21,1.0001249071877923e+17,1.0000000000000002e+22,-2097152.0,0.4779457679474867,0.5220442308034415,1.0001249071877922e-05,-2.097152e-16,79657627.99124779,lp_vertex_box,0.4871620101591301,False,False,N_above_support;D_below_support;Q_above_A_supported,upper_bound,0.0,0.0,0.0,0.11988006012024059,0.0,0.0,0.0,0.0,0.49689999999999995,0.0,0.0,0.0,0.0,0.0,0.0,0.0,0.3832199398797595
quality_linear,2.0,1e+22,logarithmic,131072,fixed_ref,0.8047071577351047,lp_vertex_box,analytic_lp_charnes_cooper,box_only,True,False,10000.0,0.031041872830870856,1.0,0.41663254110330095,206002636230191.88,206002636230191.88,1.6898120088017639,1511467178.400249,322145511467178.4,0.0,0.0,False,True,False,True,35185,1.8625123698522514e+21,8.13744071137581e+21,4.691877193993572e+16,1e+22,0.0,0.18625123698522514,0.813744071137581,4.691877193993572e-06,0.0,31041872.830870856,lp_vertex_box,0.4871620101591301,False,False,N_above_support;D_below_support;Q_above_A_supported,upper_bound,0.0,0.0,0.0,0.11988006012024059,0.0,0.0,0.0,0.0,0.49689999999999995,0.0,0.0,0.0,0.0,0.0,0.0,0.0,0.3832199398797595
quality_linear,2.0,1e+22,logarithmic,131072,mixture,0.8047071577351047,lp_vertex_box,analytic_lp_charnes_cooper,box_only,True,False,10000.0,0.031041897493004046,1.0,0.4871620101591301,206002636230191.88,206002636230191.88,1.6898120088015463,1255529360.3491168,322145255529360.4,0.0,0.0,False,True,False,True,35185,1.8625138495802426e+21,8.137447176406053e+21,3.897401370341422e+16,1e+22,0.0,0.18625138495802426,0.8137447176406053,3.897401370341423e-06,0.0,31041897.493004046,lp_vertex_box,0.4871620101591301,False,False,N_above_support;D_below_support;Q_above_A_supported,upper_bound,0.0,0.0,0.0,0.11988006012024059,0.0,0.0,0.0,0.0,0.49689999999999995,0.0,0.0,0.0,0.0,0.0,0.0,0.0,0.3832199398797595
quality_linear,2.0,1e+24,exponential,2048,fixed_ref,0.8047071577351047,lp_vertex_box,analytic_lp_charnes_cooper,box_only,True,False,10000.0,15.600645323629625,1.0,0.41663254110330095,206002636230191.88,206002636230191.88,1.6898112019250844,3912487936.8349757,64099912487936.836,-134217728.0,-1.3421772800000001e-16,False,True,False,True,35185,9.360387194177776e+23,6.3900243245586945e+22,6.103733663554188e+19,1.0000000000000001e+24,-134217728.0,0.9360387194177776,0.06390024324558695,6.103733663554188e-05,-1.3421772800000001e-16,15600645323.629625,lp_vertex_box,0.4871620101591301,False,True,N_above_support;Q_above_A_supported,upper_bound,0.0,0.0,0.0,0.11988006012024059,0.0,0.0,0.0,0.0,0.49689999999999995,0.0,0.0,0.0,0.0,0.0,0.0,0.0,0.3832199398797595
quality_linear,2.0,1e+24,exponential,2048,mixture,0.8047071577351047,lp_vertex_box,analytic_lp_charnes_cooper,box_only,True,False,10000.0,15.600660940071856,1.0,0.4871620101591301,206002636230191.88,206002636230191.88,1.6898112019250362,3848323182.263386,64099848323182.266,0.0,0.0,False,True,False,True,35185,9.360396564043113e+23,6.390030721053432e+22,6.003638515430942e+19,1e+24,0.0,0.9360396564043114,0.06390030721053433,6.0036385154309426e-05,0.0,15600660940.071856,lp_vertex_box,0.4871620101591301,False,True,N_above_support;Q_above_A_supported,upper_bound,0.0,0.0,0.0,0.11988006012024059,0.0,0.0,0.0,0.0,0.49689999999999995,0.0,0.0,0.0,0.0,0.0,0.0,0.0,0.3832199398797595
quality_linear,2.0,1e+24,exponential,4096,fixed_ref,0.8047071577351047,lp_vertex_box,analytic_lp_charnes_cooper,box_only,True,False,10000.0,14.663635451419317,1.0,0.41663254110330095,206002636230191.88,206002636230191.88,1.6898112049261302,3912487936.8349757,68195912487936.836,268435456.0,2.6843545600000003e-16,False,True,False,True,35185,8.79818127085159e+23,1.2012450161802706e+23,5.737129681382377e+19,9.999999999999997e+23,268435456.0,0.8798181270851589,0.12012450161802705,5.7371296813823774e-05,2.6843545600000003e-16,14663635451.419317,lp_vertex_box,0.4871620101591301,False,True,N_above_support;Q_above_A_supported,upper_bound,0.0,0.0,0.0,0.11988006012024059,0.0,0.0,0.0,0.0,0.49689999999999995,0.0,0.0,0.0,0.0,0.0,0.0,0.0,0.3832199398797595
quality_linear,2.0,1e+24,exponential,4096,mixture,0.8047071577351047,lp_vertex_box,analytic_lp_charnes_cooper,box_only,True,False,10000.0,14.663649248279288,1.0,0.4871620101591301,206002636230191.88,206002636230191.88,1.6898112049260843,3848323182.263386,68195848323182.266,0.0,0.0,False,True,False,True,35185,8.798189548967572e+23,1.2012461464190394e+23,5.643046133873225e+19,1e+24,0.0,0.8798189548967572,0.12012461464190395,5.643046133873225e-05,0.0,14663649248.279287,lp_vertex_box,0.4871620101591301,False,True,N_above_support;Q_above_A_supported,upper_bound,0.0,0.0,0.0,0.11988006012024059,0.0,0.0,0.0,0.0,0.49689999999999995,0.0,0.0,0.0,0.0,0.0,0.0,0.0,0.3832199398797595
quality_linear,2.0,1e+24,exponential,8192,fixed_ref,0.8047071577351047,lp_vertex_box,analytic_lp_charnes_cooper,box_only,True,False,10000.0,13.09107642073502,1.0,0.41663254110330095,206002636230191.88,206002636230191.88,1.689811210558967,3912487936.8349757,76387912487936.83,-134217728.0,-1.3421772800000001e-16,False,True,False,True,35185,7.854645852441013e+23,2.144841960773226e+23,5.121867857631056e+19,1.0000000000000001e+24,-134217728.0,0.7854645852441012,0.21448419607732258,5.121867857631056e-05,-1.3421772800000001e-16,13091076420.73502,lp_vertex_box,0.4871620101591301,False,True,N_above_support;Q_above_A_supported,upper_bound,0.0,0.0,0.0,0.11988006012024059,0.0,0.0,0.0,0.0,0.49689999999999995,0.0,0.0,0.0,0.0,0.0,0.0,0.0,0.3832199398797595
quality_linear,2.0,1e+24,exponential,8192,mixture,0.8047071577351047,lp_vertex_box,analytic_lp_charnes_cooper,box_only,True,False,10000.0,13.091087417061319,1.0,0.4871620101591301,206002636230191.88,206002636230191.88,1.6898112105589247,3848323182.263386,76387848323182.27,0.0,0.0,False,True,False,True,35185,7.854652450236792e+23,2.1448437624113264e+23,5.037873518811358e+19,1e+24,0.0,0.7854652450236792,0.21448437624113265,5.037873518811358e-05,0.0,13091087417.06132,lp_vertex_box,0.4871620101591301,False,True,N_above_support;Q_above_A_supported,upper_bound,0.0,0.0,0.0,0.11988006012024059,0.0,0.0,0.0,0.0,0.49689999999999995,0.0,0.0,0.0,0.0,0.0,0.0,0.0,0.3832199398797595
quality_linear,2.0,1e+24,exponential,32768,fixed_ref,0.8047071577351047,lp_vertex_box,analytic_lp_charnes_cooper,box_only,True,False,10000.0,7.965594209698771,1.0,0.41663254110330095,206002636230191.88,206002636230191.88,1.689811237447134,3912487936.8349757,125539912487936.83,0.0,0.0,False,True,False,True,35185,4.7793565258192626e+23,5.220331821268186e+23,3.116529125516897e+19,1e+24,0.0,0.4779356525819263,0.5220331821268186,3.1165291255168973e-05,0.0,7965594209.6987705,lp_vertex_box,0.4871620101591301,False,True,N_above_support;Q_above_A_supported,upper_bound,0.0,0.0,0.0,0.11988006012024059,0.0,0.0,0.0,0.0,0.49689999999999995,0.0,0.0,0.0,0.0,0.0,0.0,0.0,0.3832199398797595
quality_linear,2.0,1e+24,exponential,32768,mixture,0.8047071577351047,lp_vertex_box,analytic_lp_charnes_cooper,box_only,True,False,10000.0,7.965598280998874,1.0,0.4871620101591301,206002636230191.88,206002636230191.88,1.6898112374471042,3848323182.263386,125539848323182.27,0.0,0.0,False,True,False,True,35185,4.779358968599324e+23,5.2203344894354215e+23,3.0654196525365342e+19,1e+24,0.0,0.47793589685993243,0.5220334489435422,3.0654196525365346e-05,0.0,7965598280.998874,lp_vertex_box,0.4871620101591301,False,True,N_above_support;Q_above_A_supported,upper_bound,0.0,0.0,0.0,0.11988006012024059,0.0,0.0,0.0,0.0,0.49689999999999995,0.0,0.0,0.0,0.0,0.0,0.0,0.0,0.3832199398797595
quality_linear,2.0,1e+24,exponential,131072,fixed_ref,0.8047071577351047,lp_vertex_box,analytic_lp_charnes_cooper,box_only,True,False,10000.0,3.104164147074664,1.0,0.41663254110330095,206002636230191.88,206002636230191.88,1.6898112999621135,3912487936.8349757,322147912487936.8,-134217728.0,-1.3421772800000001e-16,False,True,False,True,35185,1.8624984882447984e+23,8.137380061707408e+23,1.2145004779385254e+19,1.0000000000000001e+24,-134217728.0,0.18624984882447984,0.8137380061707409,1.2145004779385255e-05,-1.3421772800000001e-16,3104164147.074664,lp_vertex_box,0.4871620101591301,False,True,N_above_support;Q_above_A_supported,upper_bound,0.0,0.0,0.0,0.11988006012024059,0.0,0.0,0.0,0.0,0.49689999999999995,0.0,0.0,0.0,0.0,0.0,0.0,0.0,0.3832199398797595
quality_linear,2.0,1e+24,exponential,131072,mixture,0.8047071577351047,lp_vertex_box,analytic_lp_charnes_cooper,box_only,True,False,10000.0,3.1041647653557787,1.0,0.4871620101591301,206002636230191.88,206002636230191.88,1.6898112999620984,3848323182.263386,322147848323182.25,-134217728.0,-1.3421772800000001e-16,False,True,False,True,35185,1.8624988592134674e+23,8.137381682494253e+23,1.1945829228083827e+19,1.0000000000000001e+24,-134217728.0,0.18624988592134675,0.8137381682494254,1.1945829228083827e-05,-1.3421772800000001e-16,3104164765.3557787,lp_vertex_box,0.4871620101591301,False,True,N_above_support;Q_above_A_supported,upper_bound,0.0,0.0,0.0,0.11988006012024059,0.0,0.0,0.0,0.0,0.49689999999999995,0.0,0.0,0.0,0.0,0.0,0.0,0.0,0.3832199398797595
quality_linear,2.0,1e+24,power,2048,fixed_ref,0.8047071577351047,lp_vertex_box,analytic_lp_charnes_cooper,box_only,True,False,10000.0,15.600417314496907,1.0,0.41663254110330095,206002636230191.88,206002636230191.88,1.6898112019257863,4849345275.903549,64100849345275.91,0.0,0.0,False,True,False,True,35185,9.360250388698145e+23,6.389930932017933e+22,7.565181000617951e+19,1e+24,0.0,0.9360250388698145,0.06389930932017933,7.565181000617952e-05,0.0,15600417314.496906,lp_vertex_box,0.4871620101591301,False,True,N_above_support;Q_above_A_supported,upper_bound,0.0,0.0,0.0,0.11988006012024059,0.0,0.0,0.0,0.0,0.49689999999999995,0.0,0.0,0.0,0.0,0.0,0.0,0.0,0.3832199398797595
quality_linear,2.0,1e+24,power,2048,mixture,0.8047071577351047,lp_vertex_box,analytic_lp_charnes_cooper,box_only,True,False,10000.0,15.600449188002903,1.0,0.4871620101591301,206002636230191.88,206002636230191.88,1.6898112019256881,4718379892.712687,64100718379892.71,-134217728.0,-1.3421772800000001e-16,False,True,False,True,35185,9.360269512801743e+23,6.3899439874059895e+22,7.360884576595885e+19,1.0000000000000001e+24,-134217728.0,0.9360269512801743,0.0638994398740599,7.360884576595886e-05,-1.3421772800000001e-16,15600449188.002903,lp_vertex_box,0.4871620101591301,False,True,N_above_support;Q_above_A_supported,upper_bound,0.0,0.0,0.0,0.11988006012024059,0.0,0.0,0.0,0.0,0.49689999999999995,0.0,0.0,0.0,0.0,0.0,0.0,0.0,0.3832199398797595
quality_linear,2.0,1e+24,power,4096,fixed_ref,0.8047071577351047,lp_vertex_box,analytic_lp_charnes_cooper,box_only,True,False,10000.0,14.66343400905619,1.0,0.41663254110330095,206002636230191.88,206002636230191.88,1.6898112049268015,4849345275.903549,68196849345275.91,134217728.0,1.3421772800000001e-16,False,True,False,True,35185,8.798060405433713e+23,1.201228514021883e+23,7.110805444034007e+19,9.999999999999998e+23,134217728.0,0.8798060405433713,0.1201228514021883,7.110805444034008e-05,1.3421772800000001e-16,14663434009.056189,lp_vertex_box,0.4871620101591301,False,True,N_above_support;Q_above_A_supported,upper_bound,0.0,0.0,0.0,0.11988006012024059,0.0,0.0,0.0,0.0,0.49689999999999995,0.0,0.0,0.0,0.0,0.0,0.0,0.0,0.3832199398797595
quality_linear,2.0,1e+24,power,4096,mixture,0.8047071577351047,lp_vertex_box,analytic_lp_charnes_cooper,box_only,True,False,10000.0,14.663462168801988,1.0,0.4871620101591301,206002636230191.88,206002636230191.88,1.6898112049267076,4718379892.712687,68196718379892.71,-134217728.0,-1.3421772800000001e-16,False,True,False,True,35185,8.798077301281194e+23,1.201230820868259e+23,6.918778505482846e+19,1.0000000000000001e+24,-134217728.0,0.8798077301281194,0.12012308208682591,6.918778505482846e-05,-1.3421772800000001e-16,14663462168.801989,lp_vertex_box,0.4871620101591301,False,True,N_above_support;Q_above_A_supported,upper_bound,0.0,0.0,0.0,0.11988006012024059,0.0,0.0,0.0,0.0,0.49689999999999995,0.0,0.0,0.0,0.0,0.0,0.0,0.0,0.3832199398797595
quality_linear,2.0,1e+24,power,8192,fixed_ref,0.8047071577351047,lp_vertex_box,analytic_lp_charnes_cooper,box_only,True,False,10000.0,13.09091586757672,1.0,0.41663254110330095,206002636230191.88,206002636230191.88,1.6898112105595857,4849345275.903549,76388849345275.9,0.0,0.0,False,True,False,True,35185,7.854549520546033e+23,2.1448156557437704e+23,6.348237101968399e+19,1e+24,0.0,0.7854549520546033,0.21448156557437703,6.348237101968398e-05,0.0,13090915867.576721,lp_vertex_box,0.4871620101591301,False,True,N_above_support;Q_above_A_supported,upper_bound,0.0,0.0,0.0,0.11988006012024059,0.0,0.0,0.0,0.0,0.49689999999999995,0.0,0.0,0.0,0.0,0.0,0.0,0.0,0.3832199398797595
quality_linear,2.0,1e+24,power,8192,mixture,0.8047071577351047,lp_vertex_box,analytic_lp_charnes_cooper,box_only,True,False,10000.0,13.090938311425097,1.0,0.4871620101591301,206002636230191.88,206002636230191.88,1.6898112105594993,4718379892.712687,76388718379892.72,0.0,0.0,False,True,False,True,35185,7.854562986855059e+23,2.144819332943888e+23,6.1768020105370345e+19,1e+24,0.0,0.7854562986855059,0.2144819332943888,6.176802010537034e-05,0.0,13090938311.425097,lp_vertex_box,0.4871620101591301,False,True,N_above_support;Q_above_A_supported,upper_bound,0.0,0.0,0.0,0.11988006012024059,0.0,0.0,0.0,0.0,0.49689999999999995,0.0,0.0,0.0,0.0,0.0,0.0,0.0,0.3832199398797595
quality_linear,2.0,1e+24,power,32768,fixed_ref,0.8047071577351047,lp_vertex_box,analytic_lp_charnes_cooper,box_only,True,False,10000.0,7.965534765896738,1.0,0.41663254110330095,206002636230191.88,206002636230191.88,1.6898112374475664,4849345275.903549,125540849345275.9,0.0,0.0,False,True,False,True,35185,4.779320859538043e+23,5.220292864178087e+23,3.8627628387046834e+19,1e+24,0.0,0.4779320859538043,0.5220292864178087,3.862762838704683e-05,0.0,7965534765.896738,lp_vertex_box,0.4871620101591301,False,True,N_above_support;Q_above_A_supported,upper_bound,0.0,0.0,0.0,0.11988006012024059,0.0,0.0,0.0,0.0,0.49689999999999995,0.0,0.0,0.0,0.0,0.0,0.0,0.0,0.3832199398797595
quality_linear,2.0,1e+24,power,32768,mixture,0.8047071577351047,lp_vertex_box,analytic_lp_charnes_cooper,box_only,True,False,10000.0,7.965543075625456,1.0,0.4871620101591301,206002636230191.88,206002636230191.88,1.689811237447506,4718379892.712687,125540718379892.72,0.0,0.0,False,True,False,True,35185,4.779325845375274e+23,5.2202983100419e+23,3.7584458282567926e+19,1e+24,0.0,0.4779325845375274,0.52202983100419,3.7584458282567925e-05,0.0,7965543075.625457,lp_vertex_box,0.4871620101591301,False,True,N_above_support;Q_above_A_supported,upper_bound,0.0,0.0,0.0,0.11988006012024059,0.0,0.0,0.0,0.0,0.49689999999999995,0.0,0.0,0.0,0.0,0.0,0.0,0.0,0.3832199398797595
quality_linear,2.0,1e+24,power,131072,fixed_ref,0.8047071577351047,lp_vertex_box,analytic_lp_charnes_cooper,box_only,True,False,10000.0,3.104155119698131,1.0,0.41663254110330095,206002636230191.88,206002636230191.88,1.689811299962333,4849345275.903549,322148849345275.9,-134217728.0,-1.3421772800000001e-16,False,True,False,True,35185,1.8624930718188786e+23,8.13735639698147e+23,1.5053119965379949e+19,1.0000000000000001e+24,-134217728.0,0.18624930718188787,0.813735639698147,1.5053119965379949e-05,-1.3421772800000001e-16,3104155119.698131,lp_vertex_box,0.4871620101591301,False,True,N_above_support;Q_above_A_supported,upper_bound,0.0,0.0,0.0,0.11988006012024059,0.0,0.0,0.0,0.0,0.49689999999999995,0.0,0.0,0.0,0.0,0.0,0.0,0.0,0.3832199398797595
quality_linear,2.0,1e+24,power,131072,mixture,0.8047071577351047,lp_vertex_box,analytic_lp_charnes_cooper,box_only,True,False,10000.0,3.104156381652134,1.0,0.4871620101591301,206002636230191.88,206002636230191.88,1.6898112999623023,4718379892.712687,322148718379892.7,0.0,0.0,False,True,False,True,35185,1.8624938289912804e+23,8.13735970511817e+23,1.4646589055023196e+19,1e+24,0.0,0.18624938289912804,0.813735970511817,1.4646589055023197e-05,0.0,3104156381.652134,lp_vertex_box,0.4871620101591301,False,True,N_above_support;Q_above_A_supported,upper_bound,0.0,0.0,0.0,0.11988006012024059,0.0,0.0,0.0,0.0,0.49689999999999995,0.0,0.0,0.0,0.0,0.0,0.0,0.0,0.3832199398797595
quality_linear,2.0,1e+24,logarithmic,2048,fixed_ref,0.8047071577351047,lp_vertex_box,analytic_lp_charnes_cooper,box_only,True,False,10000.0,15.60122970627428,1.0,0.41663254110330095,206002636230191.88,206002636230191.88,1.6898112019232852,1511467178.400249,64097511467178.4,-134217728.0,-1.3421772800000001e-16,False,True,False,True,35185,9.360737823764569e+23,6.390263687689945e+22,2.3580746643716534e+19,1.0000000000000001e+24,-134217728.0,0.9360737823764569,0.06390263687689945,2.3580746643716534e-05,-1.3421772800000001e-16,15601229706.27428,lp_vertex_box,0.4871620101591301,False,True,N_above_support;Q_above_A_supported,upper_bound,0.0,0.0,0.0,0.11988006012024059,0.0,0.0,0.0,0.0,0.49689999999999995,0.0,0.0,0.0,0.0,0.0,0.0,0.0,0.3832199398797595
quality_linear,2.0,1e+24,logarithmic,2048,mixture,0.8047071577351047,lp_vertex_box,analytic_lp_charnes_cooper,box_only,True,False,10000.0,15.601292001370332,1.0,0.4871620101591301,206002636230191.88,206002636230191.88,1.6898112019230933,1255529360.3491168,64097255529360.35,0.0,0.0,False,True,False,True,35185,9.3607752008222e+23,6.3902892037612885e+22,1.9587880167100285e+19,1e+24,0.0,0.93607752008222,0.06390289203761289,1.9587880167100286e-05,0.0,15601292001.370333,lp_vertex_box,0.4871620101591301,False,True,N_above_support;Q_above_A_supported,upper_bound,0.0,0.0,0.0,0.11988006012024059,0.0,0.0,0.0,0.0,0.49689999999999995,0.0,0.0,0.0,0.0,0.0,0.0,0.0,0.3832199398797595
quality_linear,2.0,1e+24,logarithmic,4096,fixed_ref,0.8047071577351047,lp_vertex_box,analytic_lp_charnes_cooper,box_only,True,False,10000.0,14.664151742373626,1.0,0.41663254110330095,206002636230191.88,206002636230191.88,1.6898112049244094,1511467178.400249,68193511467178.4,0.0,0.0,False,True,False,True,35185,8.798491045424175e+23,1.2012873107352476e+23,2.216438405767856e+19,1e+24,0.0,0.8798491045424176,0.12012873107352476,2.2164384057678563e-05,0.0,14664151742.373627,lp_vertex_box,0.4871620101591301,False,True,N_above_support;Q_above_A_supported,upper_bound,0.0,0.0,0.0,0.11988006012024059,0.0,0.0,0.0,0.0,0.49689999999999995,0.0,0.0,0.0,0.0,0.0,0.0,0.0,0.3832199398797595
quality_linear,2.0,1e+24,logarithmic,4096,mixture,0.8047071577351047,lp_vertex_box,analytic_lp_charnes_cooper,box_only,True,False,10000.0,14.664206778769401,1.0,0.4871620101591301,206002636230191.88,206002636230191.88,1.689811204924226,1255529360.3491168,68193255529360.35,0.0,0.0,False,True,False,True,35185,8.79852406726164e+23,1.2012918193167894e+23,1.841134215697553e+19,1e+24,0.0,0.879852406726164,0.12012918193167894,1.841134215697553e-05,0.0,14664206778.769402,lp_vertex_box,0.4871620101591301,False,True,N_above_support;Q_above_A_supported,upper_bound,0.0,0.0,0.0,0.11988006012024059,0.0,0.0,0.0,0.0,0.49689999999999995,0.0,0.0,0.0,0.0,0.0,0.0,0.0,0.3832199398797595
quality_linear,2.0,1e+24,logarithmic,8192,fixed_ref,0.8047071577351047,lp_vertex_box,analytic_lp_charnes_cooper,box_only,True,False,10000.0,13.091487911679213,1.0,0.41663254110330095,206002636230191.88,206002636230191.88,1.6898112105573815,1511467178.400249,76385511467178.4,134217728.0,1.3421772800000001e-16,False,True,False,True,35185,7.854892747007527e+23,2.1449093794495224e+23,1.978735429492675e+19,9.999999999999998e+23,134217728.0,0.7854892747007527,0.21449093794495225,1.978735429492675e-05,1.3421772800000001e-16,13091487911.679213,lp_vertex_box,0.4871620101591301,False,True,N_above_support;Q_above_A_supported,upper_bound,0.0,0.0,0.0,0.11988006012024059,0.0,0.0,0.0,0.0,0.49689999999999995,0.0,0.0,0.0,0.0,0.0,0.0,0.0,0.3832199398797595
quality_linear,2.0,1e+24,logarithmic,8192,mixture,0.8047071577351047,lp_vertex_box,analytic_lp_charnes_cooper,box_only,True,False,10000.0,13.091531776255275,1.0,0.4871620101591301,206002636230191.88,206002636230191.88,1.6898112105572123,1255529360.3491168,76385255529360.34,0.0,0.0,False,True,False,True,35185,7.854919065753164e+23,2.1449165662216646e+23,1.6436802517031924e+19,1e+24,0.0,0.7854919065753164,0.21449165662216646,1.6436802517031923e-05,0.0,13091531776.255276,lp_vertex_box,0.4871620101591301,False,True,N_above_support;Q_above_A_supported,upper_bound,0.0,0.0,0.0,0.11988006012024059,0.0,0.0,0.0,0.0,0.49689999999999995,0.0,0.0,0.0,0.0,0.0,0.0,0.0,0.3832199398797595
quality_linear,2.0,1e+24,logarithmic,32768,fixed_ref,0.8047071577351047,lp_vertex_box,analytic_lp_charnes_cooper,box_only,True,False,10000.0,7.965746559039037,1.0,0.41663254110330095,206002636230191.88,206002636230191.88,1.689811237446025,1511467178.400249,125537511467178.4,0.0,0.0,False,True,False,True,35185,4.7794479354234223e+23,5.2204316649318236e+23,1.2039964475442225e+19,1e+24,0.0,0.47794479354234226,0.5220431664931824,1.2039964475442226e-05,0.0,7965746559.039037,lp_vertex_box,0.4871620101591301,False,True,N_above_support;Q_above_A_supported,upper_bound,0.0,0.0,0.0,0.11988006012024059,0.0,0.0,0.0,0.0,0.49689999999999995,0.0,0.0,0.0,0.0,0.0,0.0,0.0,0.3832199398797595
quality_linear,2.0,1e+24,logarithmic,32768,mixture,0.8047071577351047,lp_vertex_box,analytic_lp_charnes_cooper,box_only,True,False,10000.0,7.965762799124778,1.0,0.4871620101591301,206002636230191.88,206002636230191.88,1.6898112374459069,1255529360.3491168,125537255529360.34,0.0,0.0,False,True,False,True,35185,4.7794576794748665e+23,5.2204423080344145e+23,1.0001249071877923e+19,1e+24,0.0,0.47794576794748667,0.5220442308034414,1.0001249071877922e-05,0.0,7965762799.124778,lp_vertex_box,0.4871620101591301,False,True,N_above_support;Q_above_A_supported,upper_bound,0.0,0.0,0.0,0.11988006012024059,0.0,0.0,0.0,0.0,0.49689999999999995,0.0,0.0,0.0,0.0,0.0,0.0,0.0,0.3832199398797595
quality_linear,2.0,1e+24,logarithmic,131072,fixed_ref,0.8047071577351047,lp_vertex_box,analytic_lp_charnes_cooper,box_only,True,False,10000.0,3.104187283087086,1.0,0.41663254110330095,206002636230191.88,206002636230191.88,1.6898112999615509,1511467178.400249,322145511467178.4,-134217728.0,-1.3421772800000001e-16,False,True,False,True,35185,1.8625123698522513e+23,8.13744071137581e+23,4.691877193993572e+18,1.0000000000000001e+24,-134217728.0,0.18625123698522514,0.813744071137581,4.691877193993573e-06,-1.3421772800000001e-16,3104187283.0870857,lp_vertex_box,0.4871620101591301,False,True,N_above_support;Q_above_A_supported,upper_bound,0.0,0.0,0.0,0.11988006012024059,0.0,0.0,0.0,0.0,0.49689999999999995,0.0,0.0,0.0,0.0,0.0,0.0,0.0,0.3832199398797595
quality_linear,2.0,1e+24,logarithmic,131072,mixture,0.8047071577351047,lp_vertex_box,analytic_lp_charnes_cooper,box_only,True,False,10000.0,3.1041897493004047,1.0,0.4871620101591301,206002636230191.88,206002636230191.88,1.689811299961491,1255529360.3491168,322145255529360.4,134217728.0,1.3421772800000001e-16,False,True,False,True,35185,1.8625138495802428e+23,8.137447176406053e+23,3.897401370341422e+18,9.999999999999998e+23,134217728.0,0.1862513849580243,0.8137447176406053,3.897401370341422e-06,1.3421772800000001e-16,3104189749.3004045,lp_vertex_box,0.4871620101591301,False,True,N_above_support;Q_above_A_supported,upper_bound,0.0,0.0,0.0,0.11988006012024059,0.0,0.0,0.0,0.0,0.49689999999999995,0.0,0.0,0.0,0.0,0.0,0.0,0.0,0.3832199398797595
mixture_l1,0.0,1e+19,exponential,2048,fixed_ref,0.8047071577351047,reference_p0,first_question_reference,in,True,True,0.021592022958763536,72.25630332734711,0.41663254110330095,0.41663254110330095,1.0,1.0,1.6923142614993059,0.0,138396230.35649076,0.0,0.0,False,False,True,False,35185,9.360958562156765e+18,6.390414378432352e+17,0.0,1e+19,0.0,0.9360958562156765,0.06390414378432352,0.0,0.0,72256303327.3471,reference_p0,0.41663254110330095,False,True,N_below_support,lower_bound_Q0,0.11302252583269279,0.0968248321520278,0.00588968021709595,0.11375419105058357,0.07507775607983627,0.0254628540970504,0.11070066007050916,0.005487697351193036,0.09943242344413017,0.002211033043406226,0.04691494424753537,0.11948759779188561,0.019599998284005892,0.012737064754031531,0.011650822378108678,0.06618116611257162,0.07556475309333588
mixture_l1,0.0,1e+19,exponential,2048,mixture,0.8047071577351047,lp_vertex_box,analytic_lp_charnes_cooper,box_only,True,False,0.02285247977920751,68.27091744235928,0.4871620101591301,0.4871620101591301,1.0,1.0,1.6922661084626793,0.0,146475254.39280847,2048.0,2.048e-16,False,False,True,False,35185,9.360958562156763e+18,6.390414378432351e+17,0.0,9.999999999999998e+18,2048.0,0.9360958562156763,0.0639041437843235,0.0,2.048e-16,68270917442.359276,lp_vertex_box,0.4871620101591301,False,True,N_below_support,lower_bound_Q0,0.0,0.0,0.0,0.11988006012024059,0.0,0.0,0.0,0.0,0.49689999999999995,0.0,0.0,0.0,0.0,0.0,0.0,0.0,0.3832199398797595
mixture_l1,0.0,1e+19,exponential,4096,fixed_ref,0.8047071577351047,reference_p0,first_question_reference,in,True,True,0.020995843809107347,69.84466499559211,0.41663254110330095,0.41663254110330095,1.0,1.0,1.6923383070141473,0.0,143174858.10306484,-2048.0,-2.048e-16,False,False,True,False,35185,8.798686062881278e+18,1.2013139371187238e+18,0.0,1.0000000000000002e+19,-2048.0,0.8798686062881278,0.12013139371187238,0.0,-2.048e-16,69844664995.59212,reference_p0,0.41663254110330095,False,True,N_below_support,lower_bound_Q0,0.11302252583269279,0.0968248321520278,0.00588968021709595,0.11375419105058357,0.07507775607983627,0.0254628540970504,0.11070066007050916,0.005487697351193036,0.09943242344413017,0.002211033043406226,0.04691494424753537,0.11948759779188561,0.019599998284005892,0.012737064754031531,0.011650822378108678,0.06618116611257162,0.07556475309333588
mixture_l1,0.0,1e+19,exponential,4096,mixture,0.8047071577351047,lp_vertex_box,analytic_lp_charnes_cooper,box_only,True,False,0.02222149805098683,65.9922960091233,0.4871620101591301,0.4871620101591301,1.0,1.0,1.6922896939053464,0.0,151532839.5092894,2048.0,2.048e-16,False,False,True,False,35185,8.798686062881275e+18,1.2013139371187236e+18,0.0,9.999999999999998e+18,2048.0,0.8798686062881275,0.12013139371187236,0.0,2.048e-16,65992296009.12329,lp_vertex_box,0.4871620101591301,False,True,N_below_support,lower_bound_Q0,0.0,0.0,0.0,0.11988006012024059,0.0,0.0,0.0,0.0,0.49689999999999995,0.0,0.0,0.0,0.0,0.0,0.0,0.0,0.3832199398797595
mixture_l1,0.0,1e+19,exponential,8192,fixed_ref,0.8047071577351047,reference_p0,first_question_reference,in,True,True,0.019945273685572334,65.63834204082536,0.41663254110330095,0.41663254110330095,1.0,1.0,1.6923829409505353,0.0,152349978.5198757,0.0,0.0,False,False,True,False,35185,7.855048177628823e+18,2.1449518223711775e+18,0.0,1e+19,0.0,0.7855048177628823,0.21449518223711775,0.0,0.0,65638342040.82537,reference_p0,0.41663254110330095,False,True,N_below_support,lower_bound_Q0,0.11302252583269279,0.0968248321520278,0.00588968021709595,0.11375419105058357,0.07507775607983627,0.0254628540970504,0.11070066007050916,0.005487697351193036,0.09943242344413017,0.002211033043406226,0.04691494424753537,0.11948759779188561,0.019599998284005892,0.012737064754031531,0.011650822378108678,0.06618116611257162,0.07556475309333588
mixture_l1,0.0,1e+19,exponential,8192,mixture,0.8047071577351047,lp_vertex_box,analytic_lp_charnes_cooper,box_only,True,False,0.021109599802704427,62.0179780056156,0.4871620101591301,0.4871620101591301,1.0,1.0,1.692333473844469,0.0,161243567.1329775,0.0,0.0,False,False,True,False,35185,7.855048177628824e+18,2.1449518223711775e+18,0.0,1e+19,0.0,0.7855048177628824,0.21449518223711775,0.0,0.0,62017978005.6156,lp_vertex_box,0.4871620101591301,False,True,N_below_support,lower_bound_Q0,0.0,0.0,0.0,0.11988006012024059,0.0,0.0,0.0,0.0,0.49689999999999995,0.0,0.0,0.0,0.0,0.0,0.0,0.0,0.3832199398797595
mixture_l1,0.0,1e+19,exponential,32768,fixed_ref,0.8047071577351047,reference_p0,first_question_reference,in,True,True,0.01593480182414592,49.990219868494165,0.41663254110330095,0.41663254110330095,1.0,1.0,1.6925878289987635,0.0,200039128.17959818,0.0,0.0,False,False,True,False,35185,4.779505480499618e+18,5.220494519500383e+18,0.0,1e+19,0.0,0.4779505480499618,0.5220494519500383,0.0,0.0,49990219868.49416,reference_p0,0.41663254110330095,False,True,N_below_support,lower_bound_Q0,0.11302252583269279,0.0968248321520278,0.00588968021709595,0.11375419105058357,0.07507775607983627,0.0254628540970504,0.11070066007050916,0.005487697351193036,0.09943242344413017,0.002211033043406226,0.04691494424753537,0.11948759779188561,0.019599998284005892,0.012737064754031531,0.011650822378108678,0.06618116611257162,0.07556475309333588
mixture_l1,0.0,1e+19,exponential,32768,mixture,0.8047071577351047,lp_vertex_box,analytic_lp_charnes_cooper,box_only,True,False,0.016873298906258067,47.209751405191696,0.4871620101591301,0.4871620101591301,1.0,1.0,1.692534441686993,0.0,211820645.14960125,0.0,0.0,False,False,True,False,35185,4.779505480499617e+18,5.220494519500382e+18,0.0,1e+19,0.0,0.4779505480499617,0.5220494519500383,0.0,0.0,47209751405.191696,lp_vertex_box,0.4871620101591301,False,True,N_below_support,lower_bound_Q0,0.0,0.0,0.0,0.11988006012024059,0.0,0.0,0.0,0.0,0.49689999999999995,0.0,0.0,0.0,0.0,0.0,0.0,0.0,0.3832199398797595
mixture_l1,0.0,1e+19,exponential,131072,fixed_ref,0.8047071577351047,reference_p0,first_question_reference,in,True,True,0.010416136598831123,29.801854249581236,0.41663254110330095,0.41663254110330095,1.0,1.0,1.6930221433704056,0.0,335549590.8493853,0.0,0.0,False,False,True,False,35185,1.8625211085725637e+18,8.137478891427436e+18,0.0,1e+19,0.0,0.18625211085725638,0.8137478891427435,0.0,0.0,29801854249.581238,reference_p0,0.41663254110330095,False,True,N_below_support,lower_bound_Q0,0.11302252583269279,0.0968248321520278,0.00588968021709595,0.11375419105058357,0.07507775607983627,0.0254628540970504,0.11070066007050916,0.005487697351193036,0.09943242344413017,0.002211033043406226,0.04691494424753537,0.11948759779188561,0.019599998284005892,0.012737064754031531,0.011650822378108678,0.06618116611257162,0.07556475309333588
mixture_l1,0.0,1e+19,exponential,131072,mixture,0.8047071577351047,lp_vertex_box,analytic_lp_charnes_cooper,box_only,True,False,0.011024189417399707,28.15809607481448,0.4871620101591301,0.4871620101591301,1.0,1.0,1.6929604461348704,0.0,355137647.56788105,0.0,0.0,False,False,True,False,35185,1.862521108572564e+18,8.137478891427437e+18,0.0,1e+19,0.0,0.1862521108572564,0.8137478891427437,0.0,0.0,28158096074.81448,lp_vertex_box,0.4871620101591301,False,True,N_below_support,lower_bound_Q0,0.0,0.0,0.0,0.11988006012024059,0.0,0.0,0.0,0.0,0.49689999999999995,0.0,0.0,0.0,0.0,0.0,0.0,0.0,0.3832199398797595
mixture_l1,0.0,1e+19,power,2048,fixed_ref,0.8047071577351047,reference_p0,first_question_reference,in,True,True,0.021592022958763536,72.25630332734711,0.41663254110330095,0.41663254110330095,1.0,1.0,1.6923142614993059,0.0,138396230.35649076,0.0,0.0,False,False,True,False,35185,9.360958562156765e+18,6.390414378432352e+17,0.0,1e+19,0.0,0.9360958562156765,0.06390414378432352,0.0,0.0,72256303327.3471,reference_p0,0.41663254110330095,False,True,N_below_support,lower_bound_Q0,0.11302252583269279,0.0968248321520278,0.00588968021709595,0.11375419105058357,0.07507775607983627,0.0254628540970504,0.11070066007050916,0.005487697351193036,0.09943242344413017,0.002211033043406226,0.04691494424753537,0.11948759779188561,0.019599998284005892,0.012737064754031531,0.011650822378108678,0.06618116611257162,0.07556475309333588
mixture_l1,0.0,1e+19,power,2048,mixture,0.8047071577351047,lp_vertex_box,analytic_lp_charnes_cooper,box_only,True,False,0.02285247977920751,68.27091744235928,0.4871620101591301,0.4871620101591301,1.0,1.0,1.6922661084626793,0.0,146475254.39280847,2048.0,2.048e-16,False,False,True,False,35185,9.360958562156763e+18,6.390414378432351e+17,0.0,9.999999999999998e+18,2048.0,0.9360958562156763,0.0639041437843235,0.0,2.048e-16,68270917442.359276,lp_vertex_box,0.4871620101591301,False,True,N_below_support,lower_bound_Q0,0.0,0.0,0.0,0.11988006012024059,0.0,0.0,0.0,0.0,0.49689999999999995,0.0,0.0,0.0,0.0,0.0,0.0,0.0,0.3832199398797595
mixture_l1,0.0,1e+19,power,4096,fixed_ref,0.8047071577351047,reference_p0,first_question_reference,in,True,True,0.020995843809107347,69.84466499559211,0.41663254110330095,0.41663254110330095,1.0,1.0,1.6923383070141473,0.0,143174858.10306484,-2048.0,-2.048e-16,False,False,True,False,35185,8.798686062881278e+18,1.2013139371187238e+18,0.0,1.0000000000000002e+19,-2048.0,0.8798686062881278,0.12013139371187238,0.0,-2.048e-16,69844664995.59212,reference_p0,0.41663254110330095,False,True,N_below_support,lower_bound_Q0,0.11302252583269279,0.0968248321520278,0.00588968021709595,0.11375419105058357,0.07507775607983627,0.0254628540970504,0.11070066007050916,0.005487697351193036,0.09943242344413017,0.002211033043406226,0.04691494424753537,0.11948759779188561,0.019599998284005892,0.012737064754031531,0.011650822378108678,0.06618116611257162,0.07556475309333588
mixture_l1,0.0,1e+19,power,4096,mixture,0.8047071577351047,lp_vertex_box,analytic_lp_charnes_cooper,box_only,True,False,0.02222149805098683,65.9922960091233,0.4871620101591301,0.4871620101591301,1.0,1.0,1.6922896939053464,0.0,151532839.5092894,2048.0,2.048e-16,False,False,True,False,35185,8.798686062881275e+18,1.2013139371187236e+18,0.0,9.999999999999998e+18,2048.0,0.8798686062881275,0.12013139371187236,0.0,2.048e-16,65992296009.12329,lp_vertex_box,0.4871620101591301,False,True,N_below_support,lower_bound_Q0,0.0,0.0,0.0,0.11988006012024059,0.0,0.0,0.0,0.0,0.49689999999999995,0.0,0.0,0.0,0.0,0.0,0.0,0.0,0.3832199398797595
mixture_l1,0.0,1e+19,power,8192,fixed_ref,0.8047071577351047,reference_p0,first_question_reference,in,True,True,0.019945273685572334,65.63834204082536,0.41663254110330095,0.41663254110330095,1.0,1.0,1.6923829409505353,0.0,152349978.5198757,0.0,0.0,False,False,True,False,35185,7.855048177628823e+18,2.1449518223711775e+18,0.0,1e+19,0.0,0.7855048177628823,0.21449518223711775,0.0,0.0,65638342040.82537,reference_p0,0.41663254110330095,False,True,N_below_support,lower_bound_Q0,0.11302252583269279,0.0968248321520278,0.00588968021709595,0.11375419105058357,0.07507775607983627,0.0254628540970504,0.11070066007050916,0.005487697351193036,0.09943242344413017,0.002211033043406226,0.04691494424753537,0.11948759779188561,0.019599998284005892,0.012737064754031531,0.011650822378108678,0.06618116611257162,0.07556475309333588
mixture_l1,0.0,1e+19,power,8192,mixture,0.8047071577351047,lp_vertex_box,analytic_lp_charnes_cooper,box_only,True,False,0.021109599802704427,62.0179780056156,0.4871620101591301,0.4871620101591301,1.0,1.0,1.692333473844469,0.0,161243567.1329775,0.0,0.0,False,False,True,False,35185,7.855048177628824e+18,2.1449518223711775e+18,0.0,1e+19,0.0,0.7855048177628824,0.21449518223711775,0.0,0.0,62017978005.6156,lp_vertex_box,0.4871620101591301,False,True,N_below_support,lower_bound_Q0,0.0,0.0,0.0,0.11988006012024059,0.0,0.0,0.0,0.0,0.49689999999999995,0.0,0.0,0.0,0.0,0.0,0.0,0.0,0.3832199398797595
mixture_l1,0.0,1e+19,power,32768,fixed_ref,0.8047071577351047,reference_p0,first_question_reference,in,True,True,0.01593480182414592,49.990219868494165,0.41663254110330095,0.41663254110330095,1.0,1.0,1.6925878289987635,0.0,200039128.17959818,0.0,0.0,False,False,True,False,35185,4.779505480499618e+18,5.220494519500383e+18,0.0,1e+19,0.0,0.4779505480499618,0.5220494519500383,0.0,0.0,49990219868.49416,reference_p0,0.41663254110330095,False,True,N_below_support,lower_bound_Q0,0.11302252583269279,0.0968248321520278,0.00588968021709595,0.11375419105058357,0.07507775607983627,0.0254628540970504,0.11070066007050916,0.005487697351193036,0.09943242344413017,0.002211033043406226,0.04691494424753537,0.11948759779188561,0.019599998284005892,0.012737064754031531,0.011650822378108678,0.06618116611257162,0.07556475309333588
mixture_l1,0.0,1e+19,power,32768,mixture,0.8047071577351047,lp_vertex_box,analytic_lp_charnes_cooper,box_only,True,False,0.016873298906258067,47.209751405191696,0.4871620101591301,0.4871620101591301,1.0,1.0,1.692534441686993,0.0,211820645.14960125,0.0,0.0,False,False,True,False,35185,4.779505480499617e+18,5.220494519500382e+18,0.0,1e+19,0.0,0.4779505480499617,0.5220494519500383,0.0,0.0,47209751405.191696,lp_vertex_box,0.4871620101591301,False,True,N_below_support,lower_bound_Q0,0.0,0.0,0.0,0.11988006012024059,0.0,0.0,0.0,0.0,0.49689999999999995,0.0,0.0,0.0,0.0,0.0,0.0,0.0,0.3832199398797595
mixture_l1,0.0,1e+19,power,131072,fixed_ref,0.8047071577351047,reference_p0,first_question_reference,in,True,True,0.010416136598831123,29.801854249581236,0.41663254110330095,0.41663254110330095,1.0,1.0,1.6930221433704056,0.0,335549590.8493853,0.0,0.0,False,False,True,False,35185,1.8625211085725637e+18,8.137478891427436e+18,0.0,1e+19,0.0,0.18625211085725638,0.8137478891427435,0.0,0.0,29801854249.581238,reference_p0,0.41663254110330095,False,True,N_below_support,lower_bound_Q0,0.11302252583269279,0.0968248321520278,0.00588968021709595,0.11375419105058357,0.07507775607983627,0.0254628540970504,0.11070066007050916,0.005487697351193036,0.09943242344413017,0.002211033043406226,0.04691494424753537,0.11948759779188561,0.019599998284005892,0.012737064754031531,0.011650822378108678,0.06618116611257162,0.07556475309333588
mixture_l1,0.0,1e+19,power,131072,mixture,0.8047071577351047,lp_vertex_box,analytic_lp_charnes_cooper,box_only,True,False,0.011024189417399707,28.15809607481448,0.4871620101591301,0.4871620101591301,1.0,1.0,1.6929604461348704,0.0,355137647.56788105,0.0,0.0,False,False,True,False,35185,1.862521108572564e+18,8.137478891427437e+18,0.0,1e+19,0.0,0.1862521108572564,0.8137478891427437,0.0,0.0,28158096074.81448,lp_vertex_box,0.4871620101591301,False,True,N_below_support,lower_bound_Q0,0.0,0.0,0.0,0.11988006012024059,0.0,0.0,0.0,0.0,0.49689999999999995,0.0,0.0,0.0,0.0,0.0,0.0,0.0,0.3832199398797595
mixture_l1,0.0,1e+19,logarithmic,2048,fixed_ref,0.8047071577351047,reference_p0,first_question_reference,in,True,True,0.021592022958763536,72.25630332734711,0.41663254110330095,0.41663254110330095,1.0,1.0,1.6923142614993059,0.0,138396230.35649076,0.0,0.0,False,False,True,False,35185,9.360958562156765e+18,6.390414378432352e+17,0.0,1e+19,0.0,0.9360958562156765,0.06390414378432352,0.0,0.0,72256303327.3471,reference_p0,0.41663254110330095,False,True,N_below_support,lower_bound_Q0,0.11302252583269279,0.0968248321520278,0.00588968021709595,0.11375419105058357,0.07507775607983627,0.0254628540970504,0.11070066007050916,0.005487697351193036,0.09943242344413017,0.002211033043406226,0.04691494424753537,0.11948759779188561,0.019599998284005892,0.012737064754031531,0.011650822378108678,0.06618116611257162,0.07556475309333588
mixture_l1,0.0,1e+19,logarithmic,2048,mixture,0.8047071577351047,lp_vertex_box,analytic_lp_charnes_cooper,box_only,True,False,0.02285247977920751,68.27091744235928,0.4871620101591301,0.4871620101591301,1.0,1.0,1.6922661084626793,0.0,146475254.39280847,2048.0,2.048e-16,False,False,True,False,35185,9.360958562156763e+18,6.390414378432351e+17,0.0,9.999999999999998e+18,2048.0,0.9360958562156763,0.0639041437843235,0.0,2.048e-16,68270917442.359276,lp_vertex_box,0.4871620101591301,False,True,N_below_support,lower_bound_Q0,0.0,0.0,0.0,0.11988006012024059,0.0,0.0,0.0,0.0,0.49689999999999995,0.0,0.0,0.0,0.0,0.0,0.0,0.0,0.3832199398797595
mixture_l1,0.0,1e+19,logarithmic,4096,fixed_ref,0.8047071577351047,reference_p0,first_question_reference,in,True,True,0.020995843809107347,69.84466499559211,0.41663254110330095,0.41663254110330095,1.0,1.0,1.6923383070141473,0.0,143174858.10306484,-2048.0,-2.048e-16,False,False,True,False,35185,8.798686062881278e+18,1.2013139371187238e+18,0.0,1.0000000000000002e+19,-2048.0,0.8798686062881278,0.12013139371187238,0.0,-2.048e-16,69844664995.59212,reference_p0,0.41663254110330095,False,True,N_below_support,lower_bound_Q0,0.11302252583269279,0.0968248321520278,0.00588968021709595,0.11375419105058357,0.07507775607983627,0.0254628540970504,0.11070066007050916,0.005487697351193036,0.09943242344413017,0.002211033043406226,0.04691494424753537,0.11948759779188561,0.019599998284005892,0.012737064754031531,0.011650822378108678,0.06618116611257162,0.07556475309333588
mixture_l1,0.0,1e+19,logarithmic,4096,mixture,0.8047071577351047,lp_vertex_box,analytic_lp_charnes_cooper,box_only,True,False,0.02222149805098683,65.9922960091233,0.4871620101591301,0.4871620101591301,1.0,1.0,1.6922896939053464,0.0,151532839.5092894,2048.0,2.048e-16,False,False,True,False,35185,8.798686062881275e+18,1.2013139371187236e+18,0.0,9.999999999999998e+18,2048.0,0.8798686062881275,0.12013139371187236,0.0,2.048e-16,65992296009.12329,lp_vertex_box,0.4871620101591301,False,True,N_below_support,lower_bound_Q0,0.0,0.0,0.0,0.11988006012024059,0.0,0.0,0.0,0.0,0.49689999999999995,0.0,0.0,0.0,0.0,0.0,0.0,0.0,0.3832199398797595
mixture_l1,0.0,1e+19,logarithmic,8192,fixed_ref,0.8047071577351047,reference_p0,first_question_reference,in,True,True,0.019945273685572334,65.63834204082536,0.41663254110330095,0.41663254110330095,1.0,1.0,1.6923829409505353,0.0,152349978.5198757,0.0,0.0,False,False,True,False,35185,7.855048177628823e+18,2.1449518223711775e+18,0.0,1e+19,0.0,0.7855048177628823,0.21449518223711775,0.0,0.0,65638342040.82537,reference_p0,0.41663254110330095,False,True,N_below_support,lower_bound_Q0,0.11302252583269279,0.0968248321520278,0.00588968021709595,0.11375419105058357,0.07507775607983627,0.0254628540970504,0.11070066007050916,0.005487697351193036,0.09943242344413017,0.002211033043406226,0.04691494424753537,0.11948759779188561,0.019599998284005892,0.012737064754031531,0.011650822378108678,0.06618116611257162,0.07556475309333588
mixture_l1,0.0,1e+19,logarithmic,8192,mixture,0.8047071577351047,lp_vertex_box,analytic_lp_charnes_cooper,box_only,True,False,0.021109599802704427,62.0179780056156,0.4871620101591301,0.4871620101591301,1.0,1.0,1.692333473844469,0.0,161243567.1329775,0.0,0.0,False,False,True,False,35185,7.855048177628824e+18,2.1449518223711775e+18,0.0,1e+19,0.0,0.7855048177628824,0.21449518223711775,0.0,0.0,62017978005.6156,lp_vertex_box,0.4871620101591301,False,True,N_below_support,lower_bound_Q0,0.0,0.0,0.0,0.11988006012024059,0.0,0.0,0.0,0.0,0.49689999999999995,0.0,0.0,0.0,0.0,0.0,0.0,0.0,0.3832199398797595
mixture_l1,0.0,1e+19,logarithmic,32768,fixed_ref,0.8047071577351047,reference_p0,first_question_reference,in,True,True,0.01593480182414592,49.990219868494165,0.41663254110330095,0.41663254110330095,1.0,1.0,1.6925878289987635,0.0,200039128.17959818,0.0,0.0,False,False,True,False,35185,4.779505480499618e+18,5.220494519500383e+18,0.0,1e+19,0.0,0.4779505480499618,0.5220494519500383,0.0,0.0,49990219868.49416,reference_p0,0.41663254110330095,False,True,N_below_support,lower_bound_Q0,0.11302252583269279,0.0968248321520278,0.00588968021709595,0.11375419105058357,0.07507775607983627,0.0254628540970504,0.11070066007050916,0.005487697351193036,0.09943242344413017,0.002211033043406226,0.04691494424753537,0.11948759779188561,0.019599998284005892,0.012737064754031531,0.011650822378108678,0.06618116611257162,0.07556475309333588
mixture_l1,0.0,1e+19,logarithmic,32768,mixture,0.8047071577351047,lp_vertex_box,analytic_lp_charnes_cooper,box_only,True,False,0.016873298906258067,47.209751405191696,0.4871620101591301,0.4871620101591301,1.0,1.0,1.692534441686993,0.0,211820645.14960125,0.0,0.0,False,False,True,False,35185,4.779505480499617e+18,5.220494519500382e+18,0.0,1e+19,0.0,0.4779505480499617,0.5220494519500383,0.0,0.0,47209751405.191696,lp_vertex_box,0.4871620101591301,False,True,N_below_support,lower_bound_Q0,0.0,0.0,0.0,0.11988006012024059,0.0,0.0,0.0,0.0,0.49689999999999995,0.0,0.0,0.0,0.0,0.0,0.0,0.0,0.3832199398797595
mixture_l1,0.0,1e+19,logarithmic,131072,fixed_ref,0.8047071577351047,reference_p0,first_question_reference,in,True,True,0.010416136598831123,29.801854249581236,0.41663254110330095,0.41663254110330095,1.0,1.0,1.6930221433704056,0.0,335549590.8493853,0.0,0.0,False,False,True,False,35185,1.8625211085725637e+18,8.137478891427436e+18,0.0,1e+19,0.0,0.18625211085725638,0.8137478891427435,0.0,0.0,29801854249.581238,reference_p0,0.41663254110330095,False,True,N_below_support,lower_bound_Q0,0.11302252583269279,0.0968248321520278,0.00588968021709595,0.11375419105058357,0.07507775607983627,0.0254628540970504,0.11070066007050916,0.005487697351193036,0.09943242344413017,0.002211033043406226,0.04691494424753537,0.11948759779188561,0.019599998284005892,0.012737064754031531,0.011650822378108678,0.06618116611257162,0.07556475309333588
mixture_l1,0.0,1e+19,logarithmic,131072,mixture,0.8047071577351047,lp_vertex_box,analytic_lp_charnes_cooper,box_only,True,False,0.011024189417399707,28.15809607481448,0.4871620101591301,0.4871620101591301,1.0,1.0,1.6929604461348704,0.0,355137647.56788105,0.0,0.0,False,False,True,False,35185,1.862521108572564e+18,8.137478891427437e+18,0.0,1e+19,0.0,0.1862521108572564,0.8137478891427437,0.0,0.0,28158096074.81448,lp_vertex_box,0.4871620101591301,False,True,N_below_support,lower_bound_Q0,0.0,0.0,0.0,0.11988006012024059,0.0,0.0,0.0,0.0,0.49689999999999995,0.0,0.0,0.0,0.0,0.0,0.0,0.0,0.3832199398797595
mixture_l1,0.0,1e+22,exponential,2048,fixed_ref,0.8047071577351047,reference_p0,first_question_reference,in,True,True,0.7390832048187815,1786.5544052099483,0.7644906677270099,0.41663254110330095,1.0,1.0,1.690630005622433,860138914.5713452,5597366624.177808,2097152.0,2.097152e-16,False,False,False,False,35185,7.922474132314083e+21,5.408409007659748e+20,1.53668496691994e+21,9.999999999999998e+21,2097152.0,0.7922474132314083,0.05408409007659748,0.153668496691994,2.097152e-16,1786554405209.9482,reference_p0,0.41663254110330095,True,False,D_above_support;Q_above_A_supported,interior,0.11302252583269279,0.0968248321520278,0.00588968021709595,0.11375419105058357,0.07507775607983627,0.0254628540970504,0.11070066007050916,0.005487697351193036,0.09943242344413017,0.002211033043406226,0.04691494424753537,0.11948759779188561,0.019599998284005892,0.012737064754031531,0.011650822378108678,0.06618116611257162,0.07556475309333588
mixture_l1,0.0,1e+22,exponential,2048,mixture,0.8047071577351047,lp_vertex_box,analytic_lp_charnes_cooper,box_only,True,False,0.7261282500540663,1843.1994138175673,0.7602243073098676,0.4871620101591301,1.0,1.0,1.6906284131378808,771157316.0686066,5425348947.6151495,0.0,0.0,False,False,False,False,35185,8.030394989136186e+21,5.482082979250303e+20,1.4213967129387842e+21,1e+22,0.0,0.8030394989136187,0.05482082979250303,0.14213967129387842,0.0,1843199413817.5674,lp_vertex_box,0.4871620101591301,True,False,D_above_support;Q_above_A_supported,interior,0.0,0.0,0.0,0.11988006012024059,0.0,0.0,0.0,0.0,0.49689999999999995,0.0,0.0,0.0,0.0,0.0,0.0,0.0,0.3832199398797595
mixture_l1,0.0,1e+22,exponential,4096,fixed_ref,0.8047071577351047,reference_p0,first_question_reference,in,True,True,0.7202666946511164,1723.8166870950865,0.7693909543817422,0.41663254110330095,1.0,1.0,1.690637236516379,889438221.8357941,5801080866.000688,0.0,0.0,False,False,False,False,35185,7.449646484390494e+21,1.0171250666687821e+21,1.533228448940723e+21,1e+22,0.0,0.7449646484390494,0.10171250666687821,0.1533228448940723,0.0,1723816687095.0864,reference_p0,0.41663254110330095,True,False,D_above_support;Q_above_A_supported,interior,0.11302252583269279,0.0968248321520278,0.00588968021709595,0.11375419105058357,0.07507775607983627,0.0254628540970504,0.11070066007050916,0.005487697351193036,0.09943242344413017,0.002211033043406226,0.04691494424753537,0.11948759779188561,0.019599998284005892,0.012737064754031531,0.011650822378108678,0.06618116611257162,0.07556475309333588
mixture_l1,0.0,1e+22,exponential,4096,mixture,0.8047071577351047,lp_vertex_box,analytic_lp_charnes_cooper,box_only,True,False,0.7079892551963212,1776.6976776671731,0.7652569574501724,0.4871620101591301,1.0,1.0,1.690635686986963,800499252.8099915,5628419581.844745,0.0,0.0,False,False,False,False,35185,7.547297193123693e+21,1.0304576434344881e+21,1.4222451634418192e+21,1e+22,0.0,0.7547297193123693,0.10304576434344881,0.14222451634418193,0.0,1776697677667.173,lp_vertex_box,0.4871620101591301,True,False,D_above_support;Q_above_A_supported,interior,0.0,0.0,0.0,0.11988006012024059,0.0,0.0,0.0,0.0,0.49689999999999995,0.0,0.0,0.0,0.0,0.0,0.0,0.0,0.3832199398797595
mixture_l1,0.0,1e+22,exponential,8192,fixed_ref,0.8047071577351047,reference_p0,first_question_reference,in,True,True,0.6864148438890036,1616.1073519237568,0.7782425832914014,0.41663254110330095,1.0,1.0,1.690650647113936,944596614.8964548,6187707758.4582205,0.0,0.0,False,False,False,False,35185,6.655920454071699e+21,1.8175100119918455e+21,1.5265695339364543e+21,1e+22,0.0,0.66559204540717,0.18175100119918455,0.15265695339364543,0.0,1616107351923.7568,reference_p0,0.41663254110330095,True,False,D_above_support;Q_above_A_supported,interior,0.11302252583269279,0.0968248321520278,0.00588968021709595,0.11375419105058357,0.07507775607983627,0.0254628540970504,0.11070066007050916,0.005487697351193036,0.09943242344413017,0.002211033043406226,0.04691494424753537,0.11948759779188561,0.019599998284005892,0.012737064754031531,0.011650822378108678,0.06618116611257162,0.07556475309333588
mixture_l1,0.0,1e+22,exponential,8192,mixture,0.8047071577351047,lp_vertex_box,analytic_lp_charnes_cooper,box_only,True,False,0.6757094613478459,1661.8187541474754,0.7744059871889335,0.4871620101591301,1.0,1.0,1.6906491730391353,856164248.4751782,6017503398.034565,2097152.0,2.097152e-16,False,False,False,False,35185,6.737439931336433e+21,1.8397702639169354e+21,1.4227898047466302e+21,9.999999999999998e+21,2097152.0,0.6737439931336433,0.18397702639169353,0.14227898047466303,2.097152e-16,1661818754147.4753,lp_vertex_box,0.4871620101591301,True,False,D_above_support;Q_above_A_supported,interior,0.0,0.0,0.0,0.11988006012024059,0.0,0.0,0.0,0.0,0.49689999999999995,0.0,0.0,0.0,0.0,0.0,0.0,0.0,0.3832199398797595
mixture_l1,0.0,1e+22,exponential,32768,fixed_ref,0.8047071577351047,reference_p0,first_question_reference,in,True,True,0.5557165531616646,1219.440588216475,0.817055964889995,0.41663254110330095,1.0,1.0,1.6907120322117328,1224238191.3354754,8200481513.105747,-2097152.0,-2.097152e-16,False,False,False,False,35185,4.0659799228145536e+21,4.441134337026243e+21,1.4928857401592054e+21,1.0000000000000002e+22,-2097152.0,0.4065979922814554,0.4441134337026243,0.14928857401592055,-2.097152e-16,1219440588216.4749,reference_p0,0.41663254110330095,True,False,D_above_support;Q_above_A_supported,interior,0.11302252583269279,0.0968248321520278,0.00588968021709595,0.11375419105058357,0.07507775607983627,0.0254628540970504,0.11070066007050916,0.005487697351193036,0.09943242344413017,0.002211033043406226,0.04691494424753537,0.11948759779188561,0.019599998284005892,0.012737064754031531,0.011650822378108678,0.06618116611257162,0.07556475309333588
mixture_l1,0.0,1e+22,exponential,32768,mixture,0.8047071577351047,lp_vertex_box,analytic_lp_charnes_cooper,box_only,True,False,0.5490686740526706,1245.3957127318668,0.8141475124816686,0.4871620101591301,1.0,1.0,1.6907108451281865,1136787874.4521751,8029576381.039781,0.0,0.0,False,False,False,False,35185,4.1028466359634e+21,4.48140261890829e+21,1.4157507451283104e+21,1e+22,0.0,0.41028466359634,0.448140261890829,0.14157507451283105,0.0,1245395712731.8667,lp_vertex_box,0.4871620101591301,True,False,D_above_support;Q_above_A_supported,interior,0.0,0.0,0.0,0.11988006012024059,0.0,0.0,0.0,0.0,0.49689999999999995,0.0,0.0,0.0,0.0,0.0,0.0,0.0,0.3832199398797595
mixture_l1,0.0,1e+22,exponential,131072,fixed_ref,0.8047071577351047,reference_p0,first_question_reference,in,True,True,0.3708286954532517,718.3964746671064,0.8908402810912497,0.41663254110330095,1.0,1.0,1.690841381768011,1973866207.1642714,13919890133.973503,-2097152.0,-2.097152e-16,False,False,False,False,35185,1.5984121651141086e+21,6.983569310194548e+21,1.418018524691345e+21,1.0000000000000002e+22,-2097152.0,0.15984121651141087,0.6983569310194547,0.1418018524691345,-2.097152e-16,718396474667.1064,reference_p0,0.41663254110330095,True,False,D_above_support;Q_above_A_supported,interior,0.11302252583269279,0.0968248321520278,0.00588968021709595,0.11375419105058357,0.07507775607983627,0.0254628540970504,0.11070066007050916,0.005487697351193036,0.09943242344413017,0.002211033043406226,0.04691494424753537,0.11948759779188561,0.019599998284005892,0.012737064754031531,0.011650822378108678,0.06618116611257162,0.07556475309333588
mixture_l1,0.0,1e+22,exponential,131072,mixture,0.8047071577351047,lp_vertex_box,analytic_lp_charnes_cooper,box_only,True,False,0.36846818914786805,726.7798284483092,0.889213318514643,0.4871620101591301,1.0,1.0,1.6908405892385414,1889343555.9288838,13759325188.413963,-2097152.0,-2.097152e-16,False,False,False,False,35185,1.60677148378528e+21,7.020091730756809e+21,1.3731367854579127e+21,1.0000000000000002e+22,-2097152.0,0.160677148378528,0.7020091730756809,0.13731367854579127,-2.097152e-16,726779828448.3092,lp_vertex_box,0.4871620101591301,True,False,D_above_support;Q_above_A_supported,interior,0.0,0.0,0.0,0.11988006012024059,0.0,0.0,0.0,0.0,0.49689999999999995,0.0,0.0,0.0,0.0,0.0,0.0,0.0,0.3832199398797595
mixture_l1,0.0,1e+22,power,2048,fixed_ref,0.8047071577351047,reference_p0,first_question_reference,in,True,True,0.7340179266611321,1754.0608890521355,0.6920597640303958,0.41663254110330095,1.0,1.0,1.6906445121898166,996295064.4801215,5701056367.2073145,2097152.0,2.097152e-16,False,False,False,False,35185,7.725072822116583e+21,5.273649713231588e+20,1.7475622065602565e+21,9.999999999999998e+21,2097152.0,0.7725072822116583,0.05273649713231588,0.17475622065602564,2.097152e-16,1754060889052.1355,reference_p0,0.41663254110330095,True,False,D_above_support;Q_above_A_supported,interior,0.11302252583269279,0.0968248321520278,0.00588968021709595,0.11375419105058357,0.07507775607983627,0.0254628540970504,0.11070066007050916,0.005487697351193036,0.09943242344413017,0.002211033043406226,0.04691494424753537,0.11948759779188561,0.019599998284005892,0.012737064754031531,0.011650822378108678,0.06618116611257162,0.07556475309333588
mixture_l1,0.0,1e+22,power,2048,mixture,0.8047071577351047,lp_vertex_box,analytic_lp_charnes_cooper,box_only,True,False,0.7024466300419726,1892.586294202954,0.6790317967582609,0.4871620101591301,1.0,1.0,1.6906411746090109,781373002.5952445,5283774922.512272,0.0,0.0,False,False,False,False,35185,7.976645186558941e+21,5.445389780690905e+20,1.478815835371969e+21,1e+22,0.0,0.7976645186558942,0.05445389780690905,0.14788158353719688,0.0,1892586294202.9539,lp_vertex_box,0.4871620101591301,True,False,D_above_support;Q_above_A_supported,interior,0.0,0.0,0.0,0.11988006012024059,0.0,0.0,0.0,0.0,0.49689999999999995,0.0,0.0,0.0,0.0,0.0,0.0,0.0,0.3832199398797595
mixture_l1,0.0,1e+22,power,4096,fixed_ref,0.8047071577351047,reference_p0,first_question_reference,in,True,True,0.7174417842712534,1684.6655361572473,0.6990757300027267,0.41663254110330095,1.0,1.0,1.690651755841625,1043517330.5146822,5935896345.817213,0.0,0.0,False,False,False,False,35185,7.251896688965659e+21,9.901256279334447e+20,1.7579776831008966e+21,1e+22,0.0,0.7251896688965659,0.09901256279334447,0.17579776831008967,0.0,1684665536157.2473,reference_p0,0.41663254110330095,True,False,D_above_support;Q_above_A_supported,interior,0.11302252583269279,0.0968248321520278,0.00588968021709595,0.11375419105058357,0.07507775607983627,0.0254628540970504,0.11070066007050916,0.005487697351193036,0.09943242344413017,0.002211033043406226,0.04691494424753537,0.11948759779188561,0.019599998284005892,0.012737064754031531,0.011650822378108678,0.06618116611257162,0.07556475309333588
mixture_l1,0.0,1e+22,power,4096,mixture,0.8047071577351047,lp_vertex_box,analytic_lp_charnes_cooper,box_only,True,False,0.6881028131028888,1811.1077656958012,0.6865397449295312,0.4871620101591301,1.0,1.0,1.6906485253711125,829171888.5986916,5521482591.709911,0.0,0.0,False,False,False,False,35185,7.477370090446612e+21,1.0209102630156441e+21,1.501719646537744e+21,1e+22,0.0,0.7477370090446611,0.10209102630156441,0.15017196465377441,0.0,1811107765695.8013,lp_vertex_box,0.4871620101591301,True,False,D_above_support;Q_above_A_supported,interior,0.0,0.0,0.0,0.11988006012024059,0.0,0.0,0.0,0.0,0.49689999999999995,0.0,0.0,0.0,0.0,0.0,0.0,0.0,0.3832199398797595
mixture_l1,0.0,1e+22,power,8192,fixed_ref,0.8047071577351047,reference_p0,first_question_reference,in,True,True,0.6881028131028888,1564.6709925934697,0.7121120481508717,0.41663254110330095,1.0,1.0,1.6906651687924776,1135115424.983025,6391119952.588131,0.0,0.0,False,False,False,False,35185,6.459927069504336e+21,1.7639907517793174e+21,1.7760821787163482e+21,1e+22,0.0,0.6459927069504335,0.17639907517793174,0.1776082178716348,0.0,1564670992593.4697,reference_p0,0.41663254110330095,True,False,D_above_support;Q_above_A_supported,interior,0.11302252583269279,0.0968248321520278,0.00588968021709595,0.11375419105058357,0.07507775607983627,0.0254628540970504,0.11070066007050916,0.005487697351193036,0.09943242344413017,0.002211033043406226,0.04691494424753537,0.11948759779188561,0.019599998284005892,0.012737064754031531,0.011650822378108678,0.06618116611257162,0.07556475309333588
mixture_l1,0.0,1e+22,power,8192,mixture,0.8047071577351047,lp_vertex_box,analytic_lp_charnes_cooper,box_only,True,False,0.6619116119411185,1673.1698047229243,0.7002701273775375,0.4871620101591301,1.0,1.0,1.690662124405369,920734039.4399334,5976679696.090973,0.0,0.0,False,False,False,False,35185,6.644943134972144e+21,1.8145124720563936e+21,1.5405443929714626e+21,1e+22,0.0,0.6644943134972143,0.18145124720563938,0.15405443929714627,0.0,1673169804722.9243,lp_vertex_box,0.4871620101591301,True,False,D_above_support;Q_above_A_supported,interior,0.0,0.0,0.0,0.11988006012024059,0.0,0.0,0.0,0.0,0.49689999999999995,0.0,0.0,0.0,0.0,0.0,0.0,0.0,0.3832199398797595
mixture_l1,0.0,1e+22,power,32768,fixed_ref,0.8047071577351047,reference_p0,first_question_reference,in,True,True,0.5712155216230432,1137.8921687655877,0.7711332785256471,0.41663254110330095,1.0,1.0,1.6907262369081466,1617367773.4330606,8788178945.680096,2097152.0,2.097152e-16,False,False,False,False,35185,3.8998900123932657e+21,4.2597198642034183e+21,1.840390123403315e+21,9.999999999999998e+21,2097152.0,0.38998900123932656,0.42597198642034184,0.1840390123403315,2.097152e-16,1137892168765.5876,reference_p0,0.41663254110330095,True,False,D_above_support;Q_above_A_supported,interior,0.11302252583269279,0.0968248321520278,0.00588968021709595,0.11375419105058357,0.07507775607983627,0.0254628540970504,0.11070066007050916,0.005487697351193036,0.09943242344413017,0.002211033043406226,0.04691494424753537,0.11948759779188561,0.019599998284005892,0.012737064754031531,0.011650822378108678,0.06618116611257162,0.07556475309333588
mixture_l1,0.0,1e+22,power,32768,mixture,0.8047071577351047,lp_vertex_box,analytic_lp_charnes_cooper,box_only,True,False,0.5557165531616646,1193.2289237201862,0.7620294970341073,0.4871620101591301,1.0,1.0,1.6907238769011668,1404378201.2334843,8380621523.0037565,-2097152.0,-2.097152e-16,False,False,False,False,35185,3.978582387735508e+21,4.345672922710572e+21,1.6757446895539215e+21,1.0000000000000002e+22,-2097152.0,0.3978582387735508,0.43456729227105717,0.16757446895539216,-2.097152e-16,1193228923720.1863,lp_vertex_box,0.4871620101591301,True,False,D_above_support;Q_above_A_supported,interior,0.0,0.0,0.0,0.11988006012024059,0.0,0.0,0.0,0.0,0.49689999999999995,0.0,0.0,0.0,0.0,0.0,0.0,0.0,0.3832199398797595
mixture_l1,0.0,1e+22,power,131072,fixed_ref,0.8047071577351047,reference_p0,first_question_reference,in,True,True,0.39810717055349687,630.2788037207847,0.8938582354119419,0.41663254110330095,1.0,1.0,1.6908534107698188,3041210812.0867987,15865994447.165367,-2097152.0,-2.097152e-16,False,False,False,False,35185,1.5055110672547465e+21,6.577678220240472e+21,1.9168107125047836e+21,1.0000000000000002e+22,-2097152.0,0.15055110672547464,0.6577678220240472,0.19168107125047837,-2.097152e-16,630278803720.7847,reference_p0,0.41663254110330095,True,False,D_above_support;Q_above_A_supported,interior,0.11302252583269279,0.0968248321520278,0.00588968021709595,0.11375419105058357,0.07507775607983627,0.0254628540970504,0.11070066007050916,0.005487697351193036,0.09943242344413017,0.002211033043406226,0.04691494424753537,0.11948759779188561,0.019599998284005892,0.012737064754031531,0.011650822378108678,0.06618116611257162,0.07556475309333588
mixture_l1,0.0,1e+22,power,131072,mixture,0.8047071577351047,lp_vertex_box,analytic_lp_charnes_cooper,box_only,True,False,0.3922834625395209,646.5297164029765,0.8881876425349612,0.4871620101591301,1.0,1.0,1.6908519316637907,2830016773.0992255,15467193148.732368,0.0,0.0,False,False,False,False,35185,1.521737494711525e+21,6.648572563560967e+21,1.8296899417275092e+21,1e+22,0.0,0.1521737494711525,0.6648572563560967,0.18296899417275092,0.0,646529716402.9766,lp_vertex_box,0.4871620101591301,True,False,D_above_support;Q_above_A_supported,interior,0.0,0.0,0.0,0.11988006012024059,0.0,0.0,0.0,0.0,0.49689999999999995,0.0,0.0,0.0,0.0,0.0,0.0,0.0,0.3832199398797595
mixture_l1,0.0,1e+22,logarithmic,2048,fixed_ref,0.8047071577351047,reference_p0,first_question_reference,in,True,True,0.883785082255996,1393.4998168928687,1.0,0.41663254110330095,1.0,1.0,1.6906143089563717,1511467178.400249,7176176041.628281,0.0,0.0,False,False,False,True,35185,7.389326101778276e+21,5.044446618813969e+20,2.1062292363403277e+21,1e+22,0.0,0.7389326101778275,0.05044446618813969,0.21062292363403276,0.0,1393499816892.8687,reference_p0,0.41663254110330095,True,False,D_above_support;Q_above_A_supported,upper_bound,0.11302252583269279,0.0968248321520278,0.00588968021709595,0.11375419105058357,0.07507775607983627,0.0254628540970504,0.11070066007050916,0.005487697351193036,0.09943242344413017,0.002211033043406226,0.04691494424753537,0.11948759779188561,0.019599998284005892,0.012737064754031531,0.011650822378108678,0.06618116611257162,0.07556475309333588
mixture_l1,0.0,1e+22,logarithmic,2048,mixture,0.8047071577351047,lp_vertex_box,analytic_lp_charnes_cooper,box_only,True,False,0.8537027230038308,1486.4534295528038,1.0,0.4871620101591301,1.0,1.0,1.6906092518779736,1255529360.3491168,6727422333.71447,-2097152.0,-2.097152e-16,False,False,False,True,35185,7.613936042565669e+21,5.197780338391496e+20,1.8662859235951827e+21,1.0000000000000002e+22,-2097152.0,0.7613936042565669,0.05197780338391496,0.18662859235951826,-2.097152e-16,1486453429552.8037,lp_vertex_box,0.4871620101591301,True,False,D_above_support;Q_above_A_supported,upper_bound,0.0,0.0,0.0,0.11988006012024059,0.0,0.0,0.0,0.0,0.49689999999999995,0.0,0.0,0.0,0.0,0.0,0.0,0.0,0.3832199398797595
mixture_l1,0.0,1e+22,logarithmic,4096,fixed_ref,0.8047071577351047,reference_p0,first_question_reference,in,True,True,0.8537027230038308,1363.6915087594743,1.0,0.41663254110330095,1.0,1.0,1.6906211238650943,1511467178.400249,7333036787.107973,2097152.0,2.097152e-16,False,False,False,True,35185,6.985122926190993e+21,9.537021168559438e+20,2.0611749569530613e+21,9.999999999999998e+21,2097152.0,0.6985122926190993,0.09537021168559438,0.20611749569530613,2.097152e-16,1363691508759.4744,reference_p0,0.41663254110330095,True,False,D_above_support;Q_above_A_supported,upper_bound,0.11302252583269279,0.0968248321520278,0.00588968021709595,0.11375419105058357,0.07507775607983627,0.0254628540970504,0.11070066007050916,0.005487697351193036,0.09943242344413017,0.002211033043406226,0.04691494424753537,0.11948759779188561,0.019599998284005892,0.012737064754031531,0.011650822378108678,0.06618116611257162,0.07556475309333588
mixture_l1,0.0,1e+22,logarithmic,4096,mixture,0.8047071577351047,lp_vertex_box,analytic_lp_charnes_cooper,box_only,True,False,0.8248468749105473,1453.419679055542,1.0,0.4871620101591301,1.0,1.0,1.6906161470710956,1255529360.3491168,6880325169.7391205,0.0,0.0,False,False,False,True,35185,7.193092081214726e+21,9.820968388218506e+20,1.8248110799634233e+21,1e+22,0.0,0.7193092081214726,0.09820968388218507,0.18248110799634232,0.0,1453419679055.542,lp_vertex_box,0.4871620101591301,True,False,D_above_support;Q_above_A_supported,upper_bound,0.0,0.0,0.0,0.11988006012024059,0.0,0.0,0.0,0.0,0.49689999999999995,0.0,0.0,0.0,0.0,0.0,0.0,0.0,0.3832199398797595
mixture_l1,0.0,1e+22,logarithmic,8192,fixed_ref,0.8047071577351047,reference_p0,first_question_reference,in,True,True,0.801678063387679,1309.7568546297525,1.0,0.41663254110330095,1.0,1.0,1.6906338137780765,1511467178.400249,7635004897.780697,0.0,0.0,False,False,False,True,35185,6.300020032369906e+21,1.7203254701724758e+21,1.979654497457617e+21,1e+22,0.0,0.6300020032369906,0.17203254701724757,0.1979654497457617,0.0,1309756854629.7524,reference_p0,0.41663254110330095,True,False,D_above_support;Q_above_A_supported,upper_bound,0.11302252583269279,0.0968248321520278,0.00588968021709595,0.11375419105058357,0.07507775607983627,0.0254628540970504,0.11070066007050916,0.005487697351193036,0.09943242344413017,0.002211033043406226,0.04691494424753537,0.11948759779188561,0.019599998284005892,0.012737064754031531,0.011650822378108678,0.06618116611257162,0.07556475309333588
mixture_l1,0.0,1e+22,logarithmic,8192,mixture,0.8047071577351047,lp_vertex_box,analytic_lp_charnes_cooper,box_only,True,False,0.7755324957585902,1392.8824422679045,1.0,0.4871620101591301,1.0,1.0,1.6906289826330294,1255529360.3491168,7179356775.951532,0.0,0.0,False,False,False,True,35185,6.481353580502092e+21,1.769841617715771e+21,1.7488048017821377e+21,1e+22,0.0,0.6481353580502092,0.1769841617715771,0.17488048017821378,0.0,1392882442267.9045,lp_vertex_box,0.4871620101591301,True,False,D_above_support;Q_above_A_supported,upper_bound,0.0,0.0,0.0,0.11988006012024059,0.0,0.0,0.0,0.0,0.49689999999999995,0.0,0.0,0.0,0.0,0.0,0.0,0.0,0.3832199398797595
mixture_l1,0.0,1e+22,logarithmic,32768,fixed_ref,0.8047071577351047,reference_p0,first_question_reference,in,True,True,0.6108294955902859,1089.3748944270033,1.0,0.41663254110330095,1.0,1.0,1.6906926720466557,1511467178.400249,9179576334.242462,0.0,0.0,False,False,False,True,35185,3.9925339036294043e+21,4.3609116984709444e+21,1.6465543978996518e+21,1e+22,0.0,0.39925339036294044,0.43609116984709445,0.1646554397899652,0.0,1089374894427.0033,reference_p0,0.41663254110330095,True,False,D_above_support;Q_above_A_supported,upper_bound,0.11302252583269279,0.0968248321520278,0.00588968021709595,0.11375419105058357,0.07507775607983627,0.0254628540970504,0.11070066007050916,0.005487697351193036,0.09943242344413017,0.002211033043406226,0.04691494424753537,0.11948759779188561,0.019599998284005892,0.012737064754031531,0.011650822378108678,0.06618116611257162,0.07556475309333588
mixture_l1,0.0,1e+22,logarithmic,32768,mixture,0.8047071577351047,lp_vertex_box,analytic_lp_charnes_cooper,box_only,True,False,0.5938179663658979,1148.0947401818437,1.0,0.4871620101591301,1.0,1.0,1.690688455132257,1255529360.3491168,8710082582.920052,0.0,0.0,False,False,False,True,35185,4.090555702860998e+21,4.4679776423783065e+21,1.4414666547606958e+21,1e+22,0.0,0.40905557028609985,0.44679776423783063,0.14414666547606958,0.0,1148094740181.8438,lp_vertex_box,0.4871620101591301,True,False,D_above_support;Q_above_A_supported,upper_bound,0.0,0.0,0.0,0.11988006012024059,0.0,0.0,0.0,0.0,0.49689999999999995,0.0,0.0,0.0,0.0,0.0,0.0,0.0,0.3832199398797595
mixture_l1,0.0,1e+22,logarithmic,131072,fixed_ref,0.8047071577351047,reference_p0,first_question_reference,in,True,True,0.3717406037942833,741.4620083298612,1.0,0.41663254110330095,1.0,1.0,1.6908200559118678,1511467178.400249,13486867685.27081,-2097152.0,-2.097152e-16,False,False,False,True,35185,1.6537892080023872e+21,7.225515302376298e+21,1.1206954896213173e+21,1.0000000000000002e+22,-2097152.0,0.16537892080023872,0.7225515302376299,0.11206954896213173,-2.097152e-16,741462008329.8612,reference_p0,0.41663254110330095,True,False,D_above_support;Q_above_A_supported,upper_bound,0.11302252583269279,0.0968248321520278,0.00588968021709595,0.11375419105058357,0.07507775607983627,0.0254628540970504,0.11070066007050916,0.005487697351193036,0.09943242344413017,0.002211033043406226,0.04691494424753537,0.11948759779188561,0.019599998284005892,0.012737064754031531,0.011650822378108678,0.06618116611257162,0.07556475309333588
mixture_l1,0.0,1e+22,logarithmic,131072,mixture,0.8047071577351047,lp_vertex_box,analytic_lp_charnes_cooper,box_only,True,False,0.3645076661868154,769.3535626779997,1.0,0.4871620101591301,1.0,1.0,1.6908168769396492,1255529360.3491168,12997925121.957663,-2097152.0,-2.097152e-16,False,False,False,True,35185,1.6826116296256166e+21,7.351442383942962e+21,9.659459864314231e+20,1.0000000000000002e+22,-2097152.0,0.16826116296256166,0.7351442383942962,0.09659459864314231,-2.097152e-16,769353562677.9996,lp_vertex_box,0.4871620101591301,True,False,D_above_support;Q_above_A_supported,upper_bound,0.0,0.0,0.0,0.11988006012024059,0.0,0.0,0.0,0.0,0.49689999999999995,0.0,0.0,0.0,0.0,0.0,0.0,0.0,0.3832199398797595
mixture_l1,0.0,1e+24,exponential,2048,fixed_ref,0.8047071577351047,reference_p0,first_question_reference,in,True,True,6.008600551799451,23570.888745708377,1.0,0.41663254110330095,1.0,1.0,1.6901895542554368,3912487936.8349757,42425214033.648735,0.0,0.0,False,False,False,True,35185,8.497683307432008e+23,5.8010851378735845e+22,9.222081787806332e+22,1e+24,0.0,0.8497683307432008,0.05801085137873584,0.09222081787806331,0.0,23570888745708.375,reference_p0,0.41663254110330095,True,False,D_above_support;Q_above_A_supported,upper_bound,0.11302252583269279,0.0968248321520278,0.00588968021709595,0.11375419105058357,0.07507775607983627,0.0254628540970504,0.11070066007050916,0.005487697351193036,0.09943242344413017,0.002211033043406226,0.04691494424753537,0.11948759779188561,0.019599998284005892,0.012737064754031531,0.011650822378108678,0.06618116611257162,0.07556475309333588
mixture_l1,0.0,1e+24,exponential,2048,mixture,0.8047071577351047,lp_vertex_box,analytic_lp_charnes_cooper,box_only,True,False,5.999752471908251,23638.23852944013,1.0,0.4871620101591301,1.0,1.0,1.6901894592020188,3848323182.263386,42304336626.20651,0.0,0.0,False,False,False,True,35185,8.509414802913917e+23,5.809093838789234e+22,9.096758132071602e+22,1e+24,0.0,0.8509414802913917,0.058090938387892345,0.09096758132071603,0.0,23638238529440.13,lp_vertex_box,0.4871620101591301,True,False,D_above_support;Q_above_A_supported,upper_bound,0.0,0.0,0.0,0.11988006012024059,0.0,0.0,0.0,0.0,0.49689999999999995,0.0,0.0,0.0,0.0,0.0,0.0,0.0,0.3832199398797595
mixture_l1,0.0,1e+24,exponential,4096,fixed_ref,0.8047071577351047,reference_p0,first_question_reference,in,True,True,5.825501700037946,22915.93906521231,1.0,0.41663254110330095,1.0,1.0,1.69019310381402,3912487936.8349757,43637749129.73374,0.0,0.0,False,False,False,True,35185,8.009810518941618e+23,1.0936061295194955e+23,8.965833515388854e+22,1e+24,0.0,0.8009810518941618,0.10936061295194956,0.08965833515388853,0.0,22915939065212.312,reference_p0,0.41663254110330095,True,False,D_above_support;Q_above_A_supported,upper_bound,0.11302252583269279,0.0968248321520278,0.00588968021709595,0.11375419105058357,0.07507775607983627,0.0254628540970504,0.11070066007050916,0.005487697351193036,0.09943242344413017,0.002211033043406226,0.04691494424753537,0.11948759779188561,0.019599998284005892,0.012737064754031531,0.011650822378108678,0.06618116611257162,0.07556475309333588
mixture_l1,0.0,1e+24,exponential,4096,mixture,0.8047071577351047,lp_vertex_box,analytic_lp_charnes_cooper,box_only,True,False,5.816923245869832,22980.535896264515,1.0,0.4871620101591301,1.0,1.0,1.69019301065694,3848323182.263386,43515086180.49895,134217728.0,1.3421772800000001e-16,False,False,False,True,35185,8.02056080745163e+23,1.0950739022440626e+23,8.843652903043062e+22,9.999999999999998e+23,134217728.0,0.8020560807451631,0.10950739022440627,0.08843652903043063,1.3421772800000001e-16,22980535896264.516,lp_vertex_box,0.4871620101591301,True,False,D_above_support;Q_above_A_supported,upper_bound,0.0,0.0,0.0,0.11988006012024059,0.0,0.0,0.0,0.0,0.49689999999999995,0.0,0.0,0.0,0.0,0.0,0.0,0.0,0.3832199398797595
mixture_l1,0.0,1e+24,exponential,8192,fixed_ref,0.8047071577351047,reference_p0,first_question_reference,in,True,True,5.5028372272949015,21764.983538110166,1.0,0.41663254110330095,1.0,1.0,1.6901997027163602,3912487936.8349757,45945359813.80435,-134217728.0,-1.3421772800000001e-16,False,False,False,True,35185,7.186149699898399e+23,1.962297944718923e+23,8.515523553826785e+22,1.0000000000000001e+24,-134217728.0,0.7186149699898399,0.19622979447189232,0.08515523553826786,-1.3421772800000001e-16,21764983538110.164,reference_p0,0.41663254110330095,True,False,D_above_support;Q_above_A_supported,upper_bound,0.11302252583269279,0.0968248321520278,0.00588968021709595,0.11375419105058357,0.07507775607983627,0.0254628540970504,0.11070066007050916,0.005487697351193036,0.09943242344413017,0.002211033043406226,0.04691494424753537,0.11948759779188561,0.019599998284005892,0.012737064754031531,0.011650822378108678,0.06618116611257162,0.07556475309333588
mixture_l1,0.0,1e+24,exponential,8192,mixture,0.8047071577351047,lp_vertex_box,analytic_lp_charnes_cooper,box_only,True,False,5.493384528073889,21829.775463566,1.0,0.4871620101591301,1.0,1.0,1.6901996129575645,3848323182.263386,45808991561.50299,134217728.0,1.3421772800000001e-16,False,False,False,True,35185,7.19516104697283e+23,1.964758643226714e+23,8.400803098004549e+22,9.999999999999998e+23,134217728.0,0.719516104697283,0.19647586432267142,0.08400803098004549,1.3421772800000001e-16,21829775463566.0,lp_vertex_box,0.4871620101591301,True,False,D_above_support;Q_above_A_supported,upper_bound,0.0,0.0,0.0,0.11988006012024059,0.0,0.0,0.0,0.0,0.49689999999999995,0.0,0.0,0.0,0.0,0.0,0.0,0.0,0.3832199398797595
mixture_l1,0.0,1e+24,exponential,32768,fixed_ref,0.8047071577351047,reference_p0,first_question_reference,in,True,True,4.301302633821375,17268.37732240891,1.0,0.41663254110330095,1.0,1.0,1.6902301434301903,3912487936.8349757,57909320680.77499,0.0,0.0,False,False,False,True,35185,4.456591011521924e+23,4.867785808851681e+23,6.7562317962639514e+22,1e+24,0.0,0.4456591011521924,0.48677858088516807,0.06756231796263952,0.0,17268377322408.908,reference_p0,0.41663254110330095,True,False,D_above_support;Q_above_A_supported,upper_bound,0.11302252583269279,0.0968248321520278,0.00588968021709595,0.11375419105058357,0.07507775607983627,0.0254628540970504,0.11070066007050916,0.005487697351193036,0.09943242344413017,0.002211033043406226,0.04691494424753537,0.11948759779188561,0.019599998284005892,0.012737064754031531,0.011650822378108678,0.06618116611257162,0.07556475309333588
mixture_l1,0.0,1e+24,exponential,32768,mixture,0.8047071577351047,lp_vertex_box,analytic_lp_charnes_cooper,box_only,True,False,4.29496866819792,17311.32846241085,1.0,0.4871620101591301,1.0,1.0,1.6902300674580648,3848323182.263386,57765641855.35278,-268435456.0,-2.6843545600000003e-16,False,False,False,True,35185,4.461096801056248e+23,4.872707332567038e+23,6.661958663767164e+22,1.0000000000000003e+24,-268435456.0,0.4461096801056248,0.4872707332567038,0.06661958663767165,-2.6843545600000003e-16,17311328462410.848,lp_vertex_box,0.4871620101591301,True,False,D_above_support;Q_above_A_supported,upper_bound,0.0,0.0,0.0,0.11988006012024059,0.0,0.0,0.0,0.0,0.49689999999999995,0.0,0.0,0.0,0.0,0.0,0.0,0.0,0.3832199398797595
mixture_l1,0.0,1e+24,exponential,131072,fixed_ref,0.8047071577351047,reference_p0,first_question_reference,in,True,True,2.724624557469334,10906.953152502861,1.0,0.41663254110330095,1.0,1.0,1.690295272708779,3912487936.8349757,91684633280.97508,0.0,0.0,False,False,False,True,35185,1.7830411443886123e+23,7.790225629243472e+23,4.267332263679165e+22,1e+24,0.0,0.17830411443886124,0.7790225629243471,0.042673322636791654,0.0,10906953152502.861,reference_p0,0.41663254110330095,True,False,D_above_support;Q_above_A_supported,upper_bound,0.11302252583269279,0.0968248321520278,0.00588968021709595,0.11375419105058357,0.07507775607983627,0.0254628540970504,0.11070066007050916,0.005487697351193036,0.09943242344413017,0.002211033043406226,0.04691494424753537,0.11948759779188561,0.019599998284005892,0.012737064754031531,0.011650822378108678,0.06618116611257162,0.07556475309333588
mixture_l1,0.0,1e+24,exponential,131072,mixture,0.8047071577351047,lp_vertex_box,analytic_lp_charnes_cooper,box_only,True,False,2.7232865010918146,10919.72904695105,1.0,0.4871620101591301,1.0,1.0,1.6902952181703508,3848323182.263386,91577363843.03552,0.0,0.0,False,False,False,True,35185,1.784253042548519e+23,7.795520493097315e+23,4.20226464354166e+22,1e+24,0.0,0.1784253042548519,0.7795520493097315,0.0420226464354166,0.0,10919729046951.05,lp_vertex_box,0.4871620101591301,True,False,D_above_support;Q_above_A_supported,upper_bound,0.0,0.0,0.0,0.11988006012024059,0.0,0.0,0.0,0.0,0.49689999999999995,0.0,0.0,0.0,0.0,0.0,0.0,0.0,0.3832199398797595
mixture_l1,0.0,1e+24,power,2048,fixed_ref,0.8047071577351047,reference_p0,first_question_reference,in,True,True,6.144407350126714,22607.791255809945,1.0,0.41663254110330095,1.0,1.0,1.69019091975347,4849345275.903549,44232538627.275734,-134217728.0,-1.3421772800000001e-16,False,False,False,True,35185,8.334688725739745e+23,5.6898141701049994e+22,1.0963298572497552e+23,1.0000000000000001e+24,-134217728.0,0.8334688725739745,0.056898141701049995,0.10963298572497553,-1.3421772800000001e-16,22607791255809.945,reference_p0,0.41663254110330095,True,False,D_above_support;Q_above_A_supported,upper_bound,0.11302252583269279,0.0968248321520278,0.00588968021709595,0.11375419105058357,0.07507775607983627,0.0254628540970504,0.11070066007050916,0.005487697351193036,0.09943242344413017,0.002211033043406226,0.04691494424753537,0.11948759779188561,0.019599998284005892,0.012737064754031531,0.011650822378108678,0.06618116611257162,0.07556475309333588
mixture_l1,0.0,1e+24,power,2048,mixture,0.8047071577351047,lp_vertex_box,analytic_lp_charnes_cooper,box_only,True,False,6.126324544438652,22734.67715702194,1.0,0.4871620101591301,1.0,1.0,1.6901907313132805,4718379892.712687,43985669692.74667,268435456.0,2.6843545600000003e-16,False,False,False,True,35185,8.356800640617135e+23,5.704909237327964e+22,1.0727084356500674e+23,9.999999999999997e+23,268435456.0,0.8356800640617135,0.05704909237327964,0.10727084356500674,2.6843545600000003e-16,22734677157021.938,lp_vertex_box,0.4871620101591301,True,False,D_above_support;Q_above_A_supported,upper_bound,0.0,0.0,0.0,0.11988006012024059,0.0,0.0,0.0,0.0,0.49689999999999995,0.0,0.0,0.0,0.0,0.0,0.0,0.0,0.3832199398797595
mixture_l1,0.0,1e+24,power,4096,fixed_ref,0.8047071577351047,reference_p0,first_question_reference,in,True,True,5.952782297252953,22005.803304842102,1.0,0.41663254110330095,1.0,1.0,1.6901944426130686,4849345275.903549,45442558317.33089,0.0,0.0,False,False,False,True,35185,7.859745380993676e+23,1.0731172360183365e+23,1.0671373829879876e+23,1e+24,0.0,0.7859745380993676,0.10731172360183365,0.10671373829879877,0.0,22005803304842.1,reference_p0,0.41663254110330095,True,False,D_above_support;Q_above_A_supported,upper_bound,0.11302252583269279,0.0968248321520278,0.00588968021709595,0.11375419105058357,0.07507775607983627,0.0254628540970504,0.11070066007050916,0.005487697351193036,0.09943242344413017,0.002211033043406226,0.04691494424753537,0.11948759779188561,0.019599998284005892,0.012737064754031531,0.011650822378108678,0.06618116611257162,0.07556475309333588
mixture_l1,0.0,1e+24,power,4096,mixture,0.8047071577351047,lp_vertex_box,analytic_lp_charnes_cooper,box_only,True,False,5.935263438321449,22127.747395934985,1.0,0.4871620101591301,1.0,1.0,1.6901942578001616,4718379892.712687,45192128331.314316,0.0,0.0,False,False,False,True,35185,7.880040605490334e+23,1.0758882106696137e+23,1.0440711838400513e+23,1e+24,0.0,0.7880040605490335,0.10758882106696137,0.10440711838400514,0.0,22127747395934.984,lp_vertex_box,0.4871620101591301,True,False,D_above_support;Q_above_A_supported,upper_bound,0.0,0.0,0.0,0.11988006012024059,0.0,0.0,0.0,0.0,0.49689999999999995,0.0,0.0,0.0,0.0,0.0,0.0,0.0,0.3832199398797595
mixture_l1,0.0,1e+24,power,8192,fixed_ref,0.8047071577351047,reference_p0,first_question_reference,in,True,True,5.61754637879216,20938.719857822834,1.0,0.41663254110330095,1.0,1.0,1.690200993584019,4849345275.903549,47758411535.669586,134217728.0,1.3421772800000001e-16,False,False,False,True,35185,7.05745379483137e+23,1.9271553829086197e+23,1.01539082226001e+23,9.999999999999998e+23,134217728.0,0.705745379483137,0.19271553829086197,0.10153908222600101,1.3421772800000001e-16,20938719857822.836,reference_p0,0.41663254110330095,True,False,D_above_support;Q_above_A_supported,upper_bound,0.11302252583269279,0.0968248321520278,0.00588968021709595,0.11375419105058357,0.07507775607983627,0.0254628540970504,0.11070066007050916,0.005487697351193036,0.09943242344413017,0.002211033043406226,0.04691494424753537,0.11948759779188561,0.019599998284005892,0.012737064754031531,0.011650822378108678,0.06618116611257162,0.07556475309333588
mixture_l1,0.0,1e+24,power,8192,mixture,0.8047071577351047,lp_vertex_box,analytic_lp_charnes_cooper,box_only,True,False,5.603766104733674,21042.802637737568,1.0,0.4871620101591301,1.0,1.0,1.6902008152886887,4718379892.712687,47522186907.11038,0.0,0.0,False,False,False,True,35185,7.075136650197247e+23,1.9319839812805283e+23,9.928793685222241e+22,1e+24,0.0,0.7075136650197247,0.19319839812805284,0.09928793685222241,0.0,21042802637737.566,lp_vertex_box,0.4871620101591301,True,False,D_above_support;Q_above_A_supported,upper_bound,0.0,0.0,0.0,0.11988006012024059,0.0,0.0,0.0,0.0,0.49689999999999995,0.0,0.0,0.0,0.0,0.0,0.0,0.0,0.3832199398797595
mixture_l1,0.0,1e+24,power,32768,fixed_ref,0.8047071577351047,reference_p0,first_question_reference,in,True,True,4.373743734297596,16734.840328783128,1.0,0.41663254110330095,1.0,1.0,1.6902312391304197,4849345275.903549,59755574618.781845,-268435456.0,-2.6843545600000003e-16,False,False,False,True,35185,4.391634181949156e+23,4.7968356291369985e+23,8.115301889138467e+22,1.0000000000000003e+24,-268435456.0,0.4391634181949156,0.47968356291369985,0.08115301889138467,-2.6843545600000003e-16,16734840328783.129,reference_p0,0.41663254110330095,True,False,D_above_support;Q_above_A_supported,upper_bound,0.11302252583269279,0.0968248321520278,0.00588968021709595,0.11375419105058357,0.07507775607983627,0.0254628540970504,0.11070066007050916,0.005487697351193036,0.09943242344413017,0.002211033043406226,0.04691494424753537,0.11948759779188561,0.019599998284005892,0.012737064754031531,0.011650822378108678,0.06618116611257162,0.07556475309333588
mixture_l1,0.0,1e+24,power,32768,mixture,0.8047071577351047,lp_vertex_box,analytic_lp_charnes_cooper,box_only,True,False,4.36301460395205,16809.570421034212,1.0,0.4871620101591301,1.0,1.0,1.6902310874516029,4718379892.712687,59489920024.88514,-134217728.0,-1.3421772800000001e-16,False,False,False,True,35185,4.400424073987961e+23,4.806436535214583e+23,7.931393907974575e+22,1.0000000000000001e+24,-134217728.0,0.4400424073987961,0.4806436535214583,0.07931393907974575,-1.3421772800000001e-16,16809570421034.21,lp_vertex_box,0.4871620101591301,True,False,D_above_support;Q_above_A_supported,upper_bound,0.0,0.0,0.0,0.11988006012024059,0.0,0.0,0.0,0.0,0.49689999999999995,0.0,0.0,0.0,0.0,0.0,0.0,0.0,0.3832199398797595
mixture_l1,0.0,1e+24,power,131072,fixed_ref,0.8047071577351047,reference_p0,first_question_reference,in,True,True,2.75558196282084,10681.619240609687,1.0,0.41663254110330095,1.0,1.0,1.6902960626506316,4849345275.903549,93618764858.9992,0.0,0.0,False,False,False,True,35185,1.7660446387886455e+23,7.715966763176844e+23,5.179885980345105e+22,1e+24,0.0,0.17660446387886455,0.7715966763176845,0.05179885980345105,0.0,10681619240609.688,reference_p0,0.41663254110330095,True,False,D_above_support;Q_above_A_supported,upper_bound,0.11302252583269279,0.0968248321520278,0.00588968021709595,0.11375419105058357,0.07507775607983627,0.0254628540970504,0.11070066007050916,0.005487697351193036,0.09943242344413017,0.002211033043406226,0.04691494424753537,0.11948759779188561,0.019599998284005892,0.012737064754031531,0.011650822378108678,0.06618116611257162,0.07556475309333588
mixture_l1,0.0,1e+24,power,131072,mixture,0.8047071577351047,lp_vertex_box,analytic_lp_charnes_cooper,box_only,True,False,2.751524177793618,10711.560345304477,1.0,0.4871620101591301,1.0,1.0,1.6902959529275476,4718379892.712687,93357080365.82741,0.0,0.0,False,False,False,True,35185,1.7683870363200373e+23,7.72620085415133e+23,5.05412109528632e+22,1e+24,0.0,0.17683870363200374,0.772620085415133,0.0505412109528632,0.0,10711560345304.477,lp_vertex_box,0.4871620101591301,True,False,D_above_support;Q_above_A_supported,upper_bound,0.0,0.0,0.0,0.11988006012024059,0.0,0.0,0.0,0.0,0.49689999999999995,0.0,0.0,0.0,0.0,0.0,0.0,0.0,0.3832199398797595
mixture_l1,0.0,1e+24,logarithmic,2048,fixed_ref,0.8047071577351047,reference_p0,first_question_reference,in,True,True,5.6313605400524995,26591.334694753106,1.0,0.41663254110330095,1.0,1.0,1.6901858472383677,1511467178.400249,37606235695.920746,-134217728.0,-1.3421772800000001e-16,False,False,False,True,35185,8.984723574441697e+23,6.133571293485532e+22,4.019192962097512e+22,1.0000000000000001e+24,-134217728.0,0.8984723574441698,0.061335712934855326,0.04019192962097512,-1.3421772800000001e-16,26591334694753.105,reference_p0,0.41663254110330095,True,False,D_above_support;Q_above_A_supported,upper_bound,0.11302252583269279,0.0968248321520278,0.00588968021709595,0.11375419105058357,0.07507775607983627,0.0254628540970504,0.11070066007050916,0.005487697351193036,0.09943242344413017,0.002211033043406226,0.04691494424753537,0.11948759779188561,0.019599998284005892,0.012737064754031531,0.011650822378108678,0.06618116611257162,0.07556475309333588
mixture_l1,0.0,1e+24,logarithmic,2048,mixture,0.8047071577351047,lp_vertex_box,analytic_lp_charnes_cooper,box_only,True,False,5.5900196347491224,26964.848119656835,1.0,0.4871620101591301,1.0,1.0,1.6901854320586653,1255529360.3491168,37085319211.23709,0.0,0.0,False,False,False,True,35185,9.04404182621458e+23,6.174065886695821e+22,3.3855158511583833e+22,1e+24,0.0,0.9044041826214579,0.06174065886695821,0.033855158511583834,0.0,26964848119656.836,lp_vertex_box,0.4871620101591301,True,False,D_above_support;Q_above_A_supported,upper_bound,0.0,0.0,0.0,0.11988006012024059,0.0,0.0,0.0,0.0,0.49689999999999995,0.0,0.0,0.0,0.0,0.0,0.0,0.0,0.3832199398797595
mixture_l1,0.0,1e+24,logarithmic,4096,fixed_ref,0.8047071577351047,reference_p0,first_question_reference,in,True,True,5.469152081099707,25768.74010923744,1.0,0.41663254110330095,1.0,1.0,1.6901894747076456,1511467178.400249,38806709049.835365,-134217728.0,-1.3421772800000001e-16,False,False,False,True,35185,8.455989515745205e+23,1.154524435216412e+23,3.894860490383843e+22,1.0000000000000001e+24,-134217728.0,0.8455989515745205,0.11545244352164119,0.03894860490383843,-1.3421772800000001e-16,25768740109237.438,reference_p0,0.41663254110330095,True,False,D_above_support;Q_above_A_supported,upper_bound,0.11302252583269279,0.0968248321520278,0.00588968021709595,0.11375419105058357,0.07507775607983627,0.0254628540970504,0.11070066007050916,0.005487697351193036,0.09943242344413017,0.002211033043406226,0.04691494424753537,0.11948759779188561,0.019599998284005892,0.012737064754031531,0.011650822378108678,0.06618116611257162,0.07556475309333588
mixture_l1,0.0,1e+24,logarithmic,4096,mixture,0.8047071577351047,lp_vertex_box,analytic_lp_charnes_cooper,box_only,True,False,5.429001979420654,26125.363310377328,1.0,0.4871620101591301,1.0,1.0,1.690189068813423,1255529360.3491168,38276979658.414444,134217728.0,1.3421772800000001e-16,False,False,False,True,35185,8.510078947507335e+23,1.1619094456330017e+23,3.280116068596633e+22,9.999999999999998e+23,134217728.0,0.8510078947507335,0.11619094456330017,0.032801160685966335,1.3421772800000001e-16,26125363310377.33,lp_vertex_box,0.4871620101591301,True,False,D_above_support;Q_above_A_supported,upper_bound,0.0,0.0,0.0,0.11988006012024059,0.0,0.0,0.0,0.0,0.49689999999999995,0.0,0.0,0.0,0.0,0.0,0.0,0.0,0.3832199398797595
mixture_l1,0.0,1e+24,logarithmic,8192,fixed_ref,0.8047071577351047,reference_p0,first_question_reference,in,True,True,5.181474120187745,24337.035368306362,1.0,0.41663254110330095,1.0,1.0,1.6901962128521035,1511467178.400249,41089639098.04232,0.0,0.0,False,False,False,True,35185,7.566103135378395e+23,2.066050562833994e+23,3.6784630178761086e+22,1e+24,0.0,0.7566103135378395,0.2066050562833994,0.03678463017876109,0.0,24337035368306.363,reference_p0,0.41663254110330095,True,False,D_above_support;Q_above_A_supported,upper_bound,0.11302252583269279,0.0968248321520278,0.00588968021709595,0.11375419105058357,0.07507775607983627,0.0254628540970504,0.11070066007050916,0.005487697351193036,0.09943242344413017,0.002211033043406226,0.04691494424753537,0.11948759779188561,0.019599998284005892,0.012737064754031531,0.011650822378108678,0.06618116611257162,0.07556475309333588
mixture_l1,0.0,1e+24,logarithmic,8192,mixture,0.8047071577351047,lp_vertex_box,analytic_lp_charnes_cooper,box_only,True,False,5.145963087716267,24653.34086283232,1.0,0.4871620101591301,1.0,1.0,1.6901958234813657,1255529360.3491168,40562453809.56105,-134217728.0,-1.3421772800000001e-16,False,False,False,True,35185,7.611910924141336e+23,2.0785591430188605e+23,3.0952993283980606e+22,1.0000000000000001e+24,-134217728.0,0.7611910924141335,0.20785591430188605,0.030952993283980608,-1.3421772800000001e-16,24653340862832.32,lp_vertex_box,0.4871620101591301,True,False,D_above_support;Q_above_A_supported,upper_bound,0.0,0.0,0.0,0.11988006012024059,0.0,0.0,0.0,0.0,0.49689999999999995,0.0,0.0,0.0,0.0,0.0,0.0,0.0,0.3832199398797595
mixture_l1,0.0,1e+24,logarithmic,32768,fixed_ref,0.8047071577351047,reference_p0,first_question_reference,in,True,True,4.10015240506615,18873.928427979827,1.0,0.41663254110330095,1.0,1.0,1.690227212285457,1511467178.400249,52983140410.638664,-268435456.0,-2.6843545600000003e-16,False,False,False,True,35185,4.643158982221673e+23,5.071567784314659e+23,2.852732334636692e+22,1.0000000000000003e+24,-268435456.0,0.4643158982221673,0.5071567784314659,0.02852732334636692,-2.6843545600000003e-16,18873928427979.83,reference_p0,0.41663254110330095,True,False,D_above_support;Q_above_A_supported,upper_bound,0.11302252583269279,0.0968248321520278,0.00588968021709595,0.11375419105058357,0.07507775607983627,0.0254628540970504,0.11070066007050916,0.005487697351193036,0.09943242344413017,0.002211033043406226,0.04691494424753537,0.11948759779188561,0.019599998284005892,0.012737064754031531,0.011650822378108678,0.06618116611257162,0.07556475309333588
mixture_l1,0.0,1e+24,logarithmic,32768,mixture,0.8047071577351047,lp_vertex_box,analytic_lp_charnes_cooper,box_only,True,False,4.0780573907079045,19065.838500767313,1.0,0.4871620101591301,1.0,1.0,1.6902268883457383,1255529360.3491168,52449830620.33986,-134217728.0,-1.3421772800000001e-16,False,False,False,True,35185,4.6650950164858466e+23,5.095527783340275e+23,2.393772001738795e+22,1.0000000000000001e+24,-134217728.0,0.4665095016485847,0.5095527783340275,0.02393772001738795,-1.3421772800000001e-16,19065838500767.312,lp_vertex_box,0.4871620101591301,True,False,D_above_support;Q_above_A_supported,upper_bound,0.0,0.0,0.0,0.11988006012024059,0.0,0.0,0.0,0.0,0.49689999999999995,0.0,0.0,0.0,0.0,0.0,0.0,0.0,0.3832199398797595
mixture_l1,0.0,1e+24,logarithmic,131072,fixed_ref,0.8047071577351047,reference_p0,first_question_reference,in,True,True,2.6441941090204626,11535.010722342975,1.0,0.41663254110330095,1.0,1.0,1.6902931917191775,1511467178.400249,86692593884.02904,0.0,0.0,False,False,False,True,35185,1.8300484439704298e+23,7.995603654936406e+23,1.7434790109316353e+22,1e+24,0.0,0.18300484439704298,0.7995603654936406,0.017434790109316353,0.0,11535010722342.975,reference_p0,0.41663254110330095,True,False,D_above_support;Q_above_A_supported,upper_bound,0.11302252583269279,0.0968248321520278,0.00588968021709595,0.11375419105058357,0.07507775607983627,0.0254628540970504,0.11070066007050916,0.005487697351193036,0.09943242344413017,0.002211033043406226,0.04691494424753537,0.11948759779188561,0.019599998284005892,0.012737064754031531,0.011650822378108678,0.06618116611257162,0.07556475309333588
mixture_l1,0.0,1e+24,logarithmic,131072,mixture,0.8047071577351047,lp_vertex_box,analytic_lp_charnes_cooper,box_only,True,False,2.63511758986384,11608.434307748319,1.0,0.4871620101591301,1.0,1.0,1.6902929647966047,1255529360.3491168,86144261447.2588,0.0,0.0,False,False,False,True,35185,1.8353753661075877e+23,8.018877332881792e+23,1.457473010106199e+22,1e+24,0.0,0.18353753661075878,0.8018877332881793,0.01457473010106199,0.0,11608434307748.318,lp_vertex_box,0.4871620101591301,True,False,D_above_support;Q_above_A_supported,upper_bound,0.0,0.0,0.0,0.11988006012024059,0.0,0.0,0.0,0.0,0.49689999999999995,0.0,0.0,0.0,0.0,0.0,0.0,0.0,0.3832199398797595
mixture_l1,0.5,1e+19,exponential,2048,fixed_ref,0.8047071577351047,reference_p0,first_question_reference,in,True,True,0.021592022958763536,72.25630332734711,0.41663254110330095,0.41663254110330095,1.0,1.0,1.6923142614993059,0.0,138396230.35649076,0.0,0.0,False,False,True,False,35185,9.360958562156765e+18,6.390414378432352e+17,0.0,1e+19,0.0,0.9360958562156765,0.06390414378432352,0.0,0.0,72256303327.3471,reference_p0,0.41663254110330095,False,True,N_below_support,lower_bound_Q0,0.11302252583269279,0.0968248321520278,0.00588968021709595,0.11375419105058357,0.07507775607983627,0.0254628540970504,0.11070066007050916,0.005487697351193036,0.09943242344413017,0.002211033043406226,0.04691494424753537,0.11948759779188561,0.019599998284005892,0.012737064754031531,0.011650822378108678,0.06618116611257162,0.07556475309333588
mixture_l1,0.5,1e+19,exponential,2048,mixture,0.8047071577351047,reference_p0,first_question_reference,in,True,True,0.021592022958763536,72.25630332734711,0.41663254110330095,0.41663254110330095,1.0,1.0,1.6923142614993059,0.0,138396230.35649076,0.0,0.0,False,False,True,False,35185,9.360958562156765e+18,6.390414378432352e+17,0.0,1e+19,0.0,0.9360958562156765,0.06390414378432352,0.0,0.0,72256303327.3471,reference_p0,0.41663254110330095,False,True,N_below_support,lower_bound_Q0,0.11302252583269279,0.0968248321520278,0.00588968021709595,0.11375419105058357,0.07507775607983627,0.0254628540970504,0.11070066007050916,0.005487697351193036,0.09943242344413017,0.002211033043406226,0.04691494424753537,0.11948759779188561,0.019599998284005892,0.012737064754031531,0.011650822378108678,0.06618116611257162,0.07556475309333588
mixture_l1,0.5,1e+19,exponential,4096,fixed_ref,0.8047071577351047,reference_p0,first_question_reference,in,True,True,0.020995843809107347,69.84466499559211,0.41663254110330095,0.41663254110330095,1.0,1.0,1.6923383070141473,0.0,143174858.10306484,-2048.0,-2.048e-16,False,False,True,False,35185,8.798686062881278e+18,1.2013139371187238e+18,0.0,1.0000000000000002e+19,-2048.0,0.8798686062881278,0.12013139371187238,0.0,-2.048e-16,69844664995.59212,reference_p0,0.41663254110330095,False,True,N_below_support,lower_bound_Q0,0.11302252583269279,0.0968248321520278,0.00588968021709595,0.11375419105058357,0.07507775607983627,0.0254628540970504,0.11070066007050916,0.005487697351193036,0.09943242344413017,0.002211033043406226,0.04691494424753537,0.11948759779188561,0.019599998284005892,0.012737064754031531,0.011650822378108678,0.06618116611257162,0.07556475309333588
mixture_l1,0.5,1e+19,exponential,4096,mixture,0.8047071577351047,reference_p0,first_question_reference,in,True,True,0.020995843809107347,69.84466499559211,0.41663254110330095,0.41663254110330095,1.0,1.0,1.6923383070141473,0.0,143174858.10306484,-2048.0,-2.048e-16,False,False,True,False,35185,8.798686062881278e+18,1.2013139371187238e+18,0.0,1.0000000000000002e+19,-2048.0,0.8798686062881278,0.12013139371187238,0.0,-2.048e-16,69844664995.59212,reference_p0,0.41663254110330095,False,True,N_below_support,lower_bound_Q0,0.11302252583269279,0.0968248321520278,0.00588968021709595,0.11375419105058357,0.07507775607983627,0.0254628540970504,0.11070066007050916,0.005487697351193036,0.09943242344413017,0.002211033043406226,0.04691494424753537,0.11948759779188561,0.019599998284005892,0.012737064754031531,0.011650822378108678,0.06618116611257162,0.07556475309333588
mixture_l1,0.5,1e+19,exponential,8192,fixed_ref,0.8047071577351047,reference_p0,first_question_reference,in,True,True,0.019945273685572334,65.63834204082536,0.41663254110330095,0.41663254110330095,1.0,1.0,1.6923829409505353,0.0,152349978.5198757,0.0,0.0,False,False,True,False,35185,7.855048177628823e+18,2.1449518223711775e+18,0.0,1e+19,0.0,0.7855048177628823,0.21449518223711775,0.0,0.0,65638342040.82537,reference_p0,0.41663254110330095,False,True,N_below_support,lower_bound_Q0,0.11302252583269279,0.0968248321520278,0.00588968021709595,0.11375419105058357,0.07507775607983627,0.0254628540970504,0.11070066007050916,0.005487697351193036,0.09943242344413017,0.002211033043406226,0.04691494424753537,0.11948759779188561,0.019599998284005892,0.012737064754031531,0.011650822378108678,0.06618116611257162,0.07556475309333588
mixture_l1,0.5,1e+19,exponential,8192,mixture,0.8047071577351047,reference_p0,first_question_reference,in,True,True,0.019945273685572334,65.63834204082536,0.41663254110330095,0.41663254110330095,1.0,1.0,1.6923829409505353,0.0,152349978.5198757,0.0,0.0,False,False,True,False,35185,7.855048177628823e+18,2.1449518223711775e+18,0.0,1e+19,0.0,0.7855048177628823,0.21449518223711775,0.0,0.0,65638342040.82537,reference_p0,0.41663254110330095,False,True,N_below_support,lower_bound_Q0,0.11302252583269279,0.0968248321520278,0.00588968021709595,0.11375419105058357,0.07507775607983627,0.0254628540970504,0.11070066007050916,0.005487697351193036,0.09943242344413017,0.002211033043406226,0.04691494424753537,0.11948759779188561,0.019599998284005892,0.012737064754031531,0.011650822378108678,0.06618116611257162,0.07556475309333588
mixture_l1,0.5,1e+19,exponential,32768,fixed_ref,0.8047071577351047,reference_p0,first_question_reference,in,True,True,0.01593480182414592,49.990219868494165,0.41663254110330095,0.41663254110330095,1.0,1.0,1.6925878289987635,0.0,200039128.17959818,0.0,0.0,False,False,True,False,35185,4.779505480499618e+18,5.220494519500383e+18,0.0,1e+19,0.0,0.4779505480499618,0.5220494519500383,0.0,0.0,49990219868.49416,reference_p0,0.41663254110330095,False,True,N_below_support,lower_bound_Q0,0.11302252583269279,0.0968248321520278,0.00588968021709595,0.11375419105058357,0.07507775607983627,0.0254628540970504,0.11070066007050916,0.005487697351193036,0.09943242344413017,0.002211033043406226,0.04691494424753537,0.11948759779188561,0.019599998284005892,0.012737064754031531,0.011650822378108678,0.06618116611257162,0.07556475309333588
mixture_l1,0.5,1e+19,exponential,32768,mixture,0.8047071577351047,reference_p0,first_question_reference,in,True,True,0.01593480182414592,49.990219868494165,0.41663254110330095,0.41663254110330095,1.0,1.0,1.6925878289987635,0.0,200039128.17959818,0.0,0.0,False,False,True,False,35185,4.779505480499618e+18,5.220494519500383e+18,0.0,1e+19,0.0,0.4779505480499618,0.5220494519500383,0.0,0.0,49990219868.49416,reference_p0,0.41663254110330095,False,True,N_below_support,lower_bound_Q0,0.11302252583269279,0.0968248321520278,0.00588968021709595,0.11375419105058357,0.07507775607983627,0.0254628540970504,0.11070066007050916,0.005487697351193036,0.09943242344413017,0.002211033043406226,0.04691494424753537,0.11948759779188561,0.019599998284005892,0.012737064754031531,0.011650822378108678,0.06618116611257162,0.07556475309333588
mixture_l1,0.5,1e+19,exponential,131072,fixed_ref,0.8047071577351047,reference_p0,first_question_reference,in,True,True,0.010416136598831123,29.801854249581236,0.41663254110330095,0.41663254110330095,1.0,1.0,1.6930221433704056,0.0,335549590.8493853,0.0,0.0,False,False,True,False,35185,1.8625211085725637e+18,8.137478891427436e+18,0.0,1e+19,0.0,0.18625211085725638,0.8137478891427435,0.0,0.0,29801854249.581238,reference_p0,0.41663254110330095,False,True,N_below_support,lower_bound_Q0,0.11302252583269279,0.0968248321520278,0.00588968021709595,0.11375419105058357,0.07507775607983627,0.0254628540970504,0.11070066007050916,0.005487697351193036,0.09943242344413017,0.002211033043406226,0.04691494424753537,0.11948759779188561,0.019599998284005892,0.012737064754031531,0.011650822378108678,0.06618116611257162,0.07556475309333588
mixture_l1,0.5,1e+19,exponential,131072,mixture,0.8047071577351047,reference_p0,first_question_reference,in,True,True,0.010416136598831123,29.801854249581236,0.41663254110330095,0.41663254110330095,1.0,1.0,1.6930221433704056,0.0,335549590.8493853,0.0,0.0,False,False,True,False,35185,1.8625211085725637e+18,8.137478891427436e+18,0.0,1e+19,0.0,0.18625211085725638,0.8137478891427435,0.0,0.0,29801854249.581238,reference_p0,0.41663254110330095,False,True,N_below_support,lower_bound_Q0,0.11302252583269279,0.0968248321520278,0.00588968021709595,0.11375419105058357,0.07507775607983627,0.0254628540970504,0.11070066007050916,0.005487697351193036,0.09943242344413017,0.002211033043406226,0.04691494424753537,0.11948759779188561,0.019599998284005892,0.012737064754031531,0.011650822378108678,0.06618116611257162,0.07556475309333588
mixture_l1,0.5,1e+19,power,2048,fixed_ref,0.8047071577351047,reference_p0,first_question_reference,in,True,True,0.021592022958763536,72.25630332734711,0.41663254110330095,0.41663254110330095,1.0,1.0,1.6923142614993059,0.0,138396230.35649076,0.0,0.0,False,False,True,False,35185,9.360958562156765e+18,6.390414378432352e+17,0.0,1e+19,0.0,0.9360958562156765,0.06390414378432352,0.0,0.0,72256303327.3471,reference_p0,0.41663254110330095,False,True,N_below_support,lower_bound_Q0,0.11302252583269279,0.0968248321520278,0.00588968021709595,0.11375419105058357,0.07507775607983627,0.0254628540970504,0.11070066007050916,0.005487697351193036,0.09943242344413017,0.002211033043406226,0.04691494424753537,0.11948759779188561,0.019599998284005892,0.012737064754031531,0.011650822378108678,0.06618116611257162,0.07556475309333588
mixture_l1,0.5,1e+19,power,2048,mixture,0.8047071577351047,reference_p0,first_question_reference,in,True,True,0.021592022958763536,72.25630332734711,0.41663254110330095,0.41663254110330095,1.0,1.0,1.6923142614993059,0.0,138396230.35649076,0.0,0.0,False,False,True,False,35185,9.360958562156765e+18,6.390414378432352e+17,0.0,1e+19,0.0,0.9360958562156765,0.06390414378432352,0.0,0.0,72256303327.3471,reference_p0,0.41663254110330095,False,True,N_below_support,lower_bound_Q0,0.11302252583269279,0.0968248321520278,0.00588968021709595,0.11375419105058357,0.07507775607983627,0.0254628540970504,0.11070066007050916,0.005487697351193036,0.09943242344413017,0.002211033043406226,0.04691494424753537,0.11948759779188561,0.019599998284005892,0.012737064754031531,0.011650822378108678,0.06618116611257162,0.07556475309333588
mixture_l1,0.5,1e+19,power,4096,fixed_ref,0.8047071577351047,reference_p0,first_question_reference,in,True,True,0.020995843809107347,69.84466499559211,0.41663254110330095,0.41663254110330095,1.0,1.0,1.6923383070141473,0.0,143174858.10306484,-2048.0,-2.048e-16,False,False,True,False,35185,8.798686062881278e+18,1.2013139371187238e+18,0.0,1.0000000000000002e+19,-2048.0,0.8798686062881278,0.12013139371187238,0.0,-2.048e-16,69844664995.59212,reference_p0,0.41663254110330095,False,True,N_below_support,lower_bound_Q0,0.11302252583269279,0.0968248321520278,0.00588968021709595,0.11375419105058357,0.07507775607983627,0.0254628540970504,0.11070066007050916,0.005487697351193036,0.09943242344413017,0.002211033043406226,0.04691494424753537,0.11948759779188561,0.019599998284005892,0.012737064754031531,0.011650822378108678,0.06618116611257162,0.07556475309333588
mixture_l1,0.5,1e+19,power,4096,mixture,0.8047071577351047,reference_p0,first_question_reference,in,True,True,0.020995843809107347,69.84466499559211,0.41663254110330095,0.41663254110330095,1.0,1.0,1.6923383070141473,0.0,143174858.10306484,-2048.0,-2.048e-16,False,False,True,False,35185,8.798686062881278e+18,1.2013139371187238e+18,0.0,1.0000000000000002e+19,-2048.0,0.8798686062881278,0.12013139371187238,0.0,-2.048e-16,69844664995.59212,reference_p0,0.41663254110330095,False,True,N_below_support,lower_bound_Q0,0.11302252583269279,0.0968248321520278,0.00588968021709595,0.11375419105058357,0.07507775607983627,0.0254628540970504,0.11070066007050916,0.005487697351193036,0.09943242344413017,0.002211033043406226,0.04691494424753537,0.11948759779188561,0.019599998284005892,0.012737064754031531,0.011650822378108678,0.06618116611257162,0.07556475309333588
mixture_l1,0.5,1e+19,power,8192,fixed_ref,0.8047071577351047,reference_p0,first_question_reference,in,True,True,0.019945273685572334,65.63834204082536,0.41663254110330095,0.41663254110330095,1.0,1.0,1.6923829409505353,0.0,152349978.5198757,0.0,0.0,False,False,True,False,35185,7.855048177628823e+18,2.1449518223711775e+18,0.0,1e+19,0.0,0.7855048177628823,0.21449518223711775,0.0,0.0,65638342040.82537,reference_p0,0.41663254110330095,False,True,N_below_support,lower_bound_Q0,0.11302252583269279,0.0968248321520278,0.00588968021709595,0.11375419105058357,0.07507775607983627,0.0254628540970504,0.11070066007050916,0.005487697351193036,0.09943242344413017,0.002211033043406226,0.04691494424753537,0.11948759779188561,0.019599998284005892,0.012737064754031531,0.011650822378108678,0.06618116611257162,0.07556475309333588
mixture_l1,0.5,1e+19,power,8192,mixture,0.8047071577351047,reference_p0,first_question_reference,in,True,True,0.019945273685572334,65.63834204082536,0.41663254110330095,0.41663254110330095,1.0,1.0,1.6923829409505353,0.0,152349978.5198757,0.0,0.0,False,False,True,False,35185,7.855048177628823e+18,2.1449518223711775e+18,0.0,1e+19,0.0,0.7855048177628823,0.21449518223711775,0.0,0.0,65638342040.82537,reference_p0,0.41663254110330095,False,True,N_below_support,lower_bound_Q0,0.11302252583269279,0.0968248321520278,0.00588968021709595,0.11375419105058357,0.07507775607983627,0.0254628540970504,0.11070066007050916,0.005487697351193036,0.09943242344413017,0.002211033043406226,0.04691494424753537,0.11948759779188561,0.019599998284005892,0.012737064754031531,0.011650822378108678,0.06618116611257162,0.07556475309333588
mixture_l1,0.5,1e+19,power,32768,fixed_ref,0.8047071577351047,reference_p0,first_question_reference,in,True,True,0.01593480182414592,49.990219868494165,0.41663254110330095,0.41663254110330095,1.0,1.0,1.6925878289987635,0.0,200039128.17959818,0.0,0.0,False,False,True,False,35185,4.779505480499618e+18,5.220494519500383e+18,0.0,1e+19,0.0,0.4779505480499618,0.5220494519500383,0.0,0.0,49990219868.49416,reference_p0,0.41663254110330095,False,True,N_below_support,lower_bound_Q0,0.11302252583269279,0.0968248321520278,0.00588968021709595,0.11375419105058357,0.07507775607983627,0.0254628540970504,0.11070066007050916,0.005487697351193036,0.09943242344413017,0.002211033043406226,0.04691494424753537,0.11948759779188561,0.019599998284005892,0.012737064754031531,0.011650822378108678,0.06618116611257162,0.07556475309333588
mixture_l1,0.5,1e+19,power,32768,mixture,0.8047071577351047,reference_p0,first_question_reference,in,True,True,0.01593480182414592,49.990219868494165,0.41663254110330095,0.41663254110330095,1.0,1.0,1.6925878289987635,0.0,200039128.17959818,0.0,0.0,False,False,True,False,35185,4.779505480499618e+18,5.220494519500383e+18,0.0,1e+19,0.0,0.4779505480499618,0.5220494519500383,0.0,0.0,49990219868.49416,reference_p0,0.41663254110330095,False,True,N_below_support,lower_bound_Q0,0.11302252583269279,0.0968248321520278,0.00588968021709595,0.11375419105058357,0.07507775607983627,0.0254628540970504,0.11070066007050916,0.005487697351193036,0.09943242344413017,0.002211033043406226,0.04691494424753537,0.11948759779188561,0.019599998284005892,0.012737064754031531,0.011650822378108678,0.06618116611257162,0.07556475309333588
mixture_l1,0.5,1e+19,power,131072,fixed_ref,0.8047071577351047,reference_p0,first_question_reference,in,True,True,0.010416136598831123,29.801854249581236,0.41663254110330095,0.41663254110330095,1.0,1.0,1.6930221433704056,0.0,335549590.8493853,0.0,0.0,False,False,True,False,35185,1.8625211085725637e+18,8.137478891427436e+18,0.0,1e+19,0.0,0.18625211085725638,0.8137478891427435,0.0,0.0,29801854249.581238,reference_p0,0.41663254110330095,False,True,N_below_support,lower_bound_Q0,0.11302252583269279,0.0968248321520278,0.00588968021709595,0.11375419105058357,0.07507775607983627,0.0254628540970504,0.11070066007050916,0.005487697351193036,0.09943242344413017,0.002211033043406226,0.04691494424753537,0.11948759779188561,0.019599998284005892,0.012737064754031531,0.011650822378108678,0.06618116611257162,0.07556475309333588
mixture_l1,0.5,1e+19,power,131072,mixture,0.8047071577351047,reference_p0,first_question_reference,in,True,True,0.010416136598831123,29.801854249581236,0.41663254110330095,0.41663254110330095,1.0,1.0,1.6930221433704056,0.0,335549590.8493853,0.0,0.0,False,False,True,False,35185,1.8625211085725637e+18,8.137478891427436e+18,0.0,1e+19,0.0,0.18625211085725638,0.8137478891427435,0.0,0.0,29801854249.581238,reference_p0,0.41663254110330095,False,True,N_below_support,lower_bound_Q0,0.11302252583269279,0.0968248321520278,0.00588968021709595,0.11375419105058357,0.07507775607983627,0.0254628540970504,0.11070066007050916,0.005487697351193036,0.09943242344413017,0.002211033043406226,0.04691494424753537,0.11948759779188561,0.019599998284005892,0.012737064754031531,0.011650822378108678,0.06618116611257162,0.07556475309333588
mixture_l1,0.5,1e+19,logarithmic,2048,fixed_ref,0.8047071577351047,reference_p0,first_question_reference,in,True,True,0.021592022958763536,72.25630332734711,0.41663254110330095,0.41663254110330095,1.0,1.0,1.6923142614993059,0.0,138396230.35649076,0.0,0.0,False,False,True,False,35185,9.360958562156765e+18,6.390414378432352e+17,0.0,1e+19,0.0,0.9360958562156765,0.06390414378432352,0.0,0.0,72256303327.3471,reference_p0,0.41663254110330095,False,True,N_below_support,lower_bound_Q0,0.11302252583269279,0.0968248321520278,0.00588968021709595,0.11375419105058357,0.07507775607983627,0.0254628540970504,0.11070066007050916,0.005487697351193036,0.09943242344413017,0.002211033043406226,0.04691494424753537,0.11948759779188561,0.019599998284005892,0.012737064754031531,0.011650822378108678,0.06618116611257162,0.07556475309333588
mixture_l1,0.5,1e+19,logarithmic,2048,mixture,0.8047071577351047,reference_p0,first_question_reference,in,True,True,0.021592022958763536,72.25630332734711,0.41663254110330095,0.41663254110330095,1.0,1.0,1.6923142614993059,0.0,138396230.35649076,0.0,0.0,False,False,True,False,35185,9.360958562156765e+18,6.390414378432352e+17,0.0,1e+19,0.0,0.9360958562156765,0.06390414378432352,0.0,0.0,72256303327.3471,reference_p0,0.41663254110330095,False,True,N_below_support,lower_bound_Q0,0.11302252583269279,0.0968248321520278,0.00588968021709595,0.11375419105058357,0.07507775607983627,0.0254628540970504,0.11070066007050916,0.005487697351193036,0.09943242344413017,0.002211033043406226,0.04691494424753537,0.11948759779188561,0.019599998284005892,0.012737064754031531,0.011650822378108678,0.06618116611257162,0.07556475309333588
mixture_l1,0.5,1e+19,logarithmic,4096,fixed_ref,0.8047071577351047,reference_p0,first_question_reference,in,True,True,0.020995843809107347,69.84466499559211,0.41663254110330095,0.41663254110330095,1.0,1.0,1.6923383070141473,0.0,143174858.10306484,-2048.0,-2.048e-16,False,False,True,False,35185,8.798686062881278e+18,1.2013139371187238e+18,0.0,1.0000000000000002e+19,-2048.0,0.8798686062881278,0.12013139371187238,0.0,-2.048e-16,69844664995.59212,reference_p0,0.41663254110330095,False,True,N_below_support,lower_bound_Q0,0.11302252583269279,0.0968248321520278,0.00588968021709595,0.11375419105058357,0.07507775607983627,0.0254628540970504,0.11070066007050916,0.005487697351193036,0.09943242344413017,0.002211033043406226,0.04691494424753537,0.11948759779188561,0.019599998284005892,0.012737064754031531,0.011650822378108678,0.06618116611257162,0.07556475309333588
mixture_l1,0.5,1e+19,logarithmic,4096,mixture,0.8047071577351047,reference_p0,first_question_reference,in,True,True,0.020995843809107347,69.84466499559211,0.41663254110330095,0.41663254110330095,1.0,1.0,1.6923383070141473,0.0,143174858.10306484,-2048.0,-2.048e-16,False,False,True,False,35185,8.798686062881278e+18,1.2013139371187238e+18,0.0,1.0000000000000002e+19,-2048.0,0.8798686062881278,0.12013139371187238,0.0,-2.048e-16,69844664995.59212,reference_p0,0.41663254110330095,False,True,N_below_support,lower_bound_Q0,0.11302252583269279,0.0968248321520278,0.00588968021709595,0.11375419105058357,0.07507775607983627,0.0254628540970504,0.11070066007050916,0.005487697351193036,0.09943242344413017,0.002211033043406226,0.04691494424753537,0.11948759779188561,0.019599998284005892,0.012737064754031531,0.011650822378108678,0.06618116611257162,0.07556475309333588
mixture_l1,0.5,1e+19,logarithmic,8192,fixed_ref,0.8047071577351047,reference_p0,first_question_reference,in,True,True,0.019945273685572334,65.63834204082536,0.41663254110330095,0.41663254110330095,1.0,1.0,1.6923829409505353,0.0,152349978.5198757,0.0,0.0,False,False,True,False,35185,7.855048177628823e+18,2.1449518223711775e+18,0.0,1e+19,0.0,0.7855048177628823,0.21449518223711775,0.0,0.0,65638342040.82537,reference_p0,0.41663254110330095,False,True,N_below_support,lower_bound_Q0,0.11302252583269279,0.0968248321520278,0.00588968021709595,0.11375419105058357,0.07507775607983627,0.0254628540970504,0.11070066007050916,0.005487697351193036,0.09943242344413017,0.002211033043406226,0.04691494424753537,0.11948759779188561,0.019599998284005892,0.012737064754031531,0.011650822378108678,0.06618116611257162,0.07556475309333588
mixture_l1,0.5,1e+19,logarithmic,8192,mixture,0.8047071577351047,reference_p0,first_question_reference,in,True,True,0.019945273685572334,65.63834204082536,0.41663254110330095,0.41663254110330095,1.0,1.0,1.6923829409505353,0.0,152349978.5198757,0.0,0.0,False,False,True,False,35185,7.855048177628823e+18,2.1449518223711775e+18,0.0,1e+19,0.0,0.7855048177628823,0.21449518223711775,0.0,0.0,65638342040.82537,reference_p0,0.41663254110330095,False,True,N_below_support,lower_bound_Q0,0.11302252583269279,0.0968248321520278,0.00588968021709595,0.11375419105058357,0.07507775607983627,0.0254628540970504,0.11070066007050916,0.005487697351193036,0.09943242344413017,0.002211033043406226,0.04691494424753537,0.11948759779188561,0.019599998284005892,0.012737064754031531,0.011650822378108678,0.06618116611257162,0.07556475309333588
mixture_l1,0.5,1e+19,logarithmic,32768,fixed_ref,0.8047071577351047,reference_p0,first_question_reference,in,True,True,0.01593480182414592,49.990219868494165,0.41663254110330095,0.41663254110330095,1.0,1.0,1.6925878289987635,0.0,200039128.17959818,0.0,0.0,False,False,True,False,35185,4.779505480499618e+18,5.220494519500383e+18,0.0,1e+19,0.0,0.4779505480499618,0.5220494519500383,0.0,0.0,49990219868.49416,reference_p0,0.41663254110330095,False,True,N_below_support,lower_bound_Q0,0.11302252583269279,0.0968248321520278,0.00588968021709595,0.11375419105058357,0.07507775607983627,0.0254628540970504,0.11070066007050916,0.005487697351193036,0.09943242344413017,0.002211033043406226,0.04691494424753537,0.11948759779188561,0.019599998284005892,0.012737064754031531,0.011650822378108678,0.06618116611257162,0.07556475309333588
mixture_l1,0.5,1e+19,logarithmic,32768,mixture,0.8047071577351047,reference_p0,first_question_reference,in,True,True,0.01593480182414592,49.990219868494165,0.41663254110330095,0.41663254110330095,1.0,1.0,1.6925878289987635,0.0,200039128.17959818,0.0,0.0,False,False,True,False,35185,4.779505480499618e+18,5.220494519500383e+18,0.0,1e+19,0.0,0.4779505480499618,0.5220494519500383,0.0,0.0,49990219868.49416,reference_p0,0.41663254110330095,False,True,N_below_support,lower_bound_Q0,0.11302252583269279,0.0968248321520278,0.00588968021709595,0.11375419105058357,0.07507775607983627,0.0254628540970504,0.11070066007050916,0.005487697351193036,0.09943242344413017,0.002211033043406226,0.04691494424753537,0.11948759779188561,0.019599998284005892,0.012737064754031531,0.011650822378108678,0.06618116611257162,0.07556475309333588
mixture_l1,0.5,1e+19,logarithmic,131072,fixed_ref,0.8047071577351047,reference_p0,first_question_reference,in,True,True,0.010416136598831123,29.801854249581236,0.41663254110330095,0.41663254110330095,1.0,1.0,1.6930221433704056,0.0,335549590.8493853,0.0,0.0,False,False,True,False,35185,1.8625211085725637e+18,8.137478891427436e+18,0.0,1e+19,0.0,0.18625211085725638,0.8137478891427435,0.0,0.0,29801854249.581238,reference_p0,0.41663254110330095,False,True,N_below_support,lower_bound_Q0,0.11302252583269279,0.0968248321520278,0.00588968021709595,0.11375419105058357,0.07507775607983627,0.0254628540970504,0.11070066007050916,0.005487697351193036,0.09943242344413017,0.002211033043406226,0.04691494424753537,0.11948759779188561,0.019599998284005892,0.012737064754031531,0.011650822378108678,0.06618116611257162,0.07556475309333588
mixture_l1,0.5,1e+19,logarithmic,131072,mixture,0.8047071577351047,reference_p0,first_question_reference,in,True,True,0.010416136598831123,29.801854249581236,0.41663254110330095,0.41663254110330095,1.0,1.0,1.6930221433704056,0.0,335549590.8493853,0.0,0.0,False,False,True,False,35185,1.8625211085725637e+18,8.137478891427436e+18,0.0,1e+19,0.0,0.18625211085725638,0.8137478891427435,0.0,0.0,29801854249.581238,reference_p0,0.41663254110330095,False,True,N_below_support,lower_bound_Q0,0.11302252583269279,0.0968248321520278,0.00588968021709595,0.11375419105058357,0.07507775607983627,0.0254628540970504,0.11070066007050916,0.005487697351193036,0.09943242344413017,0.002211033043406226,0.04691494424753537,0.11948759779188561,0.019599998284005892,0.012737064754031531,0.011650822378108678,0.06618116611257162,0.07556475309333588
mixture_l1,0.5,1e+22,exponential,2048,fixed_ref,0.8047071577351047,reference_p0,first_question_reference,in,True,True,0.7390832048187815,1786.5544052099483,0.7644906677270099,0.41663254110330095,1.0,1.0,1.690630005622433,860138914.5713452,5597366624.177808,2097152.0,2.097152e-16,False,False,False,False,35185,7.922474132314083e+21,5.408409007659748e+20,1.53668496691994e+21,9.999999999999998e+21,2097152.0,0.7922474132314083,0.05408409007659748,0.153668496691994,2.097152e-16,1786554405209.9482,reference_p0,0.41663254110330095,True,False,D_above_support;Q_above_A_supported,interior,0.11302252583269279,0.0968248321520278,0.00588968021709595,0.11375419105058357,0.07507775607983627,0.0254628540970504,0.11070066007050916,0.005487697351193036,0.09943242344413017,0.002211033043406226,0.04691494424753537,0.11948759779188561,0.019599998284005892,0.012737064754031531,0.011650822378108678,0.06618116611257162,0.07556475309333588
mixture_l1,0.5,1e+22,exponential,2048,mixture,0.8047071577351047,reference_p0,first_question_reference,in,True,True,0.7390832048187815,1786.5544052099483,0.7644906677270099,0.41663254110330095,1.0,1.0,1.690630005622433,860138914.5713452,5597366624.177808,2097152.0,2.097152e-16,False,False,False,False,35185,7.922474132314083e+21,5.408409007659748e+20,1.53668496691994e+21,9.999999999999998e+21,2097152.0,0.7922474132314083,0.05408409007659748,0.153668496691994,2.097152e-16,1786554405209.9482,reference_p0,0.41663254110330095,True,False,D_above_support;Q_above_A_supported,interior,0.11302252583269279,0.0968248321520278,0.00588968021709595,0.11375419105058357,0.07507775607983627,0.0254628540970504,0.11070066007050916,0.005487697351193036,0.09943242344413017,0.002211033043406226,0.04691494424753537,0.11948759779188561,0.019599998284005892,0.012737064754031531,0.011650822378108678,0.06618116611257162,0.07556475309333588
mixture_l1,0.5,1e+22,exponential,4096,fixed_ref,0.8047071577351047,reference_p0,first_question_reference,in,True,True,0.7202666946511164,1723.8166870950865,0.7693909543817422,0.41663254110330095,1.0,1.0,1.690637236516379,889438221.8357941,5801080866.000688,0.0,0.0,False,False,False,False,35185,7.449646484390494e+21,1.0171250666687821e+21,1.533228448940723e+21,1e+22,0.0,0.7449646484390494,0.10171250666687821,0.1533228448940723,0.0,1723816687095.0864,reference_p0,0.41663254110330095,True,False,D_above_support;Q_above_A_supported,interior,0.11302252583269279,0.0968248321520278,0.00588968021709595,0.11375419105058357,0.07507775607983627,0.0254628540970504,0.11070066007050916,0.005487697351193036,0.09943242344413017,0.002211033043406226,0.04691494424753537,0.11948759779188561,0.019599998284005892,0.012737064754031531,0.011650822378108678,0.06618116611257162,0.07556475309333588
mixture_l1,0.5,1e+22,exponential,4096,mixture,0.8047071577351047,reference_p0,first_question_reference,in,True,True,0.7202666946511164,1723.8166870950865,0.7693909543817422,0.41663254110330095,1.0,1.0,1.690637236516379,889438221.8357941,5801080866.000688,0.0,0.0,False,False,False,False,35185,7.449646484390494e+21,1.0171250666687821e+21,1.533228448940723e+21,1e+22,0.0,0.7449646484390494,0.10171250666687821,0.1533228448940723,0.0,1723816687095.0864,reference_p0,0.41663254110330095,True,False,D_above_support;Q_above_A_supported,interior,0.11302252583269279,0.0968248321520278,0.00588968021709595,0.11375419105058357,0.07507775607983627,0.0254628540970504,0.11070066007050916,0.005487697351193036,0.09943242344413017,0.002211033043406226,0.04691494424753537,0.11948759779188561,0.019599998284005892,0.012737064754031531,0.011650822378108678,0.06618116611257162,0.07556475309333588
mixture_l1,0.5,1e+22,exponential,8192,fixed_ref,0.8047071577351047,reference_p0,first_question_reference,in,True,True,0.6864148438890036,1616.1073519237568,0.7782425832914014,0.41663254110330095,1.0,1.0,1.690650647113936,944596614.8964548,6187707758.4582205,0.0,0.0,False,False,False,False,35185,6.655920454071699e+21,1.8175100119918455e+21,1.5265695339364543e+21,1e+22,0.0,0.66559204540717,0.18175100119918455,0.15265695339364543,0.0,1616107351923.7568,reference_p0,0.41663254110330095,True,False,D_above_support;Q_above_A_supported,interior,0.11302252583269279,0.0968248321520278,0.00588968021709595,0.11375419105058357,0.07507775607983627,0.0254628540970504,0.11070066007050916,0.005487697351193036,0.09943242344413017,0.002211033043406226,0.04691494424753537,0.11948759779188561,0.019599998284005892,0.012737064754031531,0.011650822378108678,0.06618116611257162,0.07556475309333588
mixture_l1,0.5,1e+22,exponential,8192,mixture,0.8047071577351047,reference_p0,first_question_reference,in,True,True,0.6864148438890036,1616.1073519237568,0.7782425832914014,0.41663254110330095,1.0,1.0,1.690650647113936,944596614.8964548,6187707758.4582205,0.0,0.0,False,False,False,False,35185,6.655920454071699e+21,1.8175100119918455e+21,1.5265695339364543e+21,1e+22,0.0,0.66559204540717,0.18175100119918455,0.15265695339364543,0.0,1616107351923.7568,reference_p0,0.41663254110330095,True,False,D_above_support;Q_above_A_supported,interior,0.11302252583269279,0.0968248321520278,0.00588968021709595,0.11375419105058357,0.07507775607983627,0.0254628540970504,0.11070066007050916,0.005487697351193036,0.09943242344413017,0.002211033043406226,0.04691494424753537,0.11948759779188561,0.019599998284005892,0.012737064754031531,0.011650822378108678,0.06618116611257162,0.07556475309333588
mixture_l1,0.5,1e+22,exponential,32768,fixed_ref,0.8047071577351047,reference_p0,first_question_reference,in,True,True,0.5557165531616646,1219.440588216475,0.817055964889995,0.41663254110330095,1.0,1.0,1.6907120322117328,1224238191.3354754,8200481513.105747,-2097152.0,-2.097152e-16,False,False,False,False,35185,4.0659799228145536e+21,4.441134337026243e+21,1.4928857401592054e+21,1.0000000000000002e+22,-2097152.0,0.4065979922814554,0.4441134337026243,0.14928857401592055,-2.097152e-16,1219440588216.4749,reference_p0,0.41663254110330095,True,False,D_above_support;Q_above_A_supported,interior,0.11302252583269279,0.0968248321520278,0.00588968021709595,0.11375419105058357,0.07507775607983627,0.0254628540970504,0.11070066007050916,0.005487697351193036,0.09943242344413017,0.002211033043406226,0.04691494424753537,0.11948759779188561,0.019599998284005892,0.012737064754031531,0.011650822378108678,0.06618116611257162,0.07556475309333588
mixture_l1,0.5,1e+22,exponential,32768,mixture,0.8047071577351047,reference_p0,first_question_reference,in,True,True,0.5557165531616646,1219.440588216475,0.817055964889995,0.41663254110330095,1.0,1.0,1.6907120322117328,1224238191.3354754,8200481513.105747,-2097152.0,-2.097152e-16,False,False,False,False,35185,4.0659799228145536e+21,4.441134337026243e+21,1.4928857401592054e+21,1.0000000000000002e+22,-2097152.0,0.4065979922814554,0.4441134337026243,0.14928857401592055,-2.097152e-16,1219440588216.4749,reference_p0,0.41663254110330095,True,False,D_above_support;Q_above_A_supported,interior,0.11302252583269279,0.0968248321520278,0.00588968021709595,0.11375419105058357,0.07507775607983627,0.0254628540970504,0.11070066007050916,0.005487697351193036,0.09943242344413017,0.002211033043406226,0.04691494424753537,0.11948759779188561,0.019599998284005892,0.012737064754031531,0.011650822378108678,0.06618116611257162,0.07556475309333588
mixture_l1,0.5,1e+22,exponential,131072,fixed_ref,0.8047071577351047,reference_p0,first_question_reference,in,True,True,0.3708286954532517,718.3964746671064,0.8908402810912497,0.41663254110330095,1.0,1.0,1.690841381768011,1973866207.1642714,13919890133.973503,-2097152.0,-2.097152e-16,False,False,False,False,35185,1.5984121651141086e+21,6.983569310194548e+21,1.418018524691345e+21,1.0000000000000002e+22,-2097152.0,0.15984121651141087,0.6983569310194547,0.1418018524691345,-2.097152e-16,718396474667.1064,reference_p0,0.41663254110330095,True,False,D_above_support;Q_above_A_supported,interior,0.11302252583269279,0.0968248321520278,0.00588968021709595,0.11375419105058357,0.07507775607983627,0.0254628540970504,0.11070066007050916,0.005487697351193036,0.09943242344413017,0.002211033043406226,0.04691494424753537,0.11948759779188561,0.019599998284005892,0.012737064754031531,0.011650822378108678,0.06618116611257162,0.07556475309333588
mixture_l1,0.5,1e+22,exponential,131072,mixture,0.8047071577351047,reference_p0,first_question_reference,in,True,True,0.3708286954532517,718.3964746671064,0.8908402810912497,0.41663254110330095,1.0,1.0,1.690841381768011,1973866207.1642714,13919890133.973503,-2097152.0,-2.097152e-16,False,False,False,False,35185,1.5984121651141086e+21,6.983569310194548e+21,1.418018524691345e+21,1.0000000000000002e+22,-2097152.0,0.15984121651141087,0.6983569310194547,0.1418018524691345,-2.097152e-16,718396474667.1064,reference_p0,0.41663254110330095,True,False,D_above_support;Q_above_A_supported,interior,0.11302252583269279,0.0968248321520278,0.00588968021709595,0.11375419105058357,0.07507775607983627,0.0254628540970504,0.11070066007050916,0.005487697351193036,0.09943242344413017,0.002211033043406226,0.04691494424753537,0.11948759779188561,0.019599998284005892,0.012737064754031531,0.011650822378108678,0.06618116611257162,0.07556475309333588
mixture_l1,0.5,1e+22,power,2048,fixed_ref,0.8047071577351047,reference_p0,first_question_reference,in,True,True,0.7340179266611321,1754.0608890521355,0.6920597640303958,0.41663254110330095,1.0,1.0,1.6906445121898166,996295064.4801215,5701056367.2073145,2097152.0,2.097152e-16,False,False,False,False,35185,7.725072822116583e+21,5.273649713231588e+20,1.7475622065602565e+21,9.999999999999998e+21,2097152.0,0.7725072822116583,0.05273649713231588,0.17475622065602564,2.097152e-16,1754060889052.1355,reference_p0,0.41663254110330095,True,False,D_above_support;Q_above_A_supported,interior,0.11302252583269279,0.0968248321520278,0.00588968021709595,0.11375419105058357,0.07507775607983627,0.0254628540970504,0.11070066007050916,0.005487697351193036,0.09943242344413017,0.002211033043406226,0.04691494424753537,0.11948759779188561,0.019599998284005892,0.012737064754031531,0.011650822378108678,0.06618116611257162,0.07556475309333588
mixture_l1,0.5,1e+22,power,2048,mixture,0.8047071577351047,reference_p0,first_question_reference,in,True,True,0.7340179266611321,1754.0608890521355,0.6920597640303958,0.41663254110330095,1.0,1.0,1.6906445121898166,996295064.4801215,5701056367.2073145,2097152.0,2.097152e-16,False,False,False,False,35185,7.725072822116583e+21,5.273649713231588e+20,1.7475622065602565e+21,9.999999999999998e+21,2097152.0,0.7725072822116583,0.05273649713231588,0.17475622065602564,2.097152e-16,1754060889052.1355,reference_p0,0.41663254110330095,True,False,D_above_support;Q_above_A_supported,interior,0.11302252583269279,0.0968248321520278,0.00588968021709595,0.11375419105058357,0.07507775607983627,0.0254628540970504,0.11070066007050916,0.005487697351193036,0.09943242344413017,0.002211033043406226,0.04691494424753537,0.11948759779188561,0.019599998284005892,0.012737064754031531,0.011650822378108678,0.06618116611257162,0.07556475309333588
mixture_l1,0.5,1e+22,power,4096,fixed_ref,0.8047071577351047,reference_p0,first_question_reference,in,True,True,0.7174417842712534,1684.6655361572473,0.6990757300027267,0.41663254110330095,1.0,1.0,1.690651755841625,1043517330.5146822,5935896345.817213,0.0,0.0,False,False,False,False,35185,7.251896688965659e+21,9.901256279334447e+20,1.7579776831008966e+21,1e+22,0.0,0.7251896688965659,0.09901256279334447,0.17579776831008967,0.0,1684665536157.2473,reference_p0,0.41663254110330095,True,False,D_above_support;Q_above_A_supported,interior,0.11302252583269279,0.0968248321520278,0.00588968021709595,0.11375419105058357,0.07507775607983627,0.0254628540970504,0.11070066007050916,0.005487697351193036,0.09943242344413017,0.002211033043406226,0.04691494424753537,0.11948759779188561,0.019599998284005892,0.012737064754031531,0.011650822378108678,0.06618116611257162,0.07556475309333588
mixture_l1,0.5,1e+22,power,4096,mixture,0.8047071577351047,reference_p0,first_question_reference,in,True,True,0.7174417842712534,1684.6655361572473,0.6990757300027267,0.41663254110330095,1.0,1.0,1.690651755841625,1043517330.5146822,5935896345.817213,0.0,0.0,False,False,False,False,35185,7.251896688965659e+21,9.901256279334447e+20,1.7579776831008966e+21,1e+22,0.0,0.7251896688965659,0.09901256279334447,0.17579776831008967,0.0,1684665536157.2473,reference_p0,0.41663254110330095,True,False,D_above_support;Q_above_A_supported,interior,0.11302252583269279,0.0968248321520278,0.00588968021709595,0.11375419105058357,0.07507775607983627,0.0254628540970504,0.11070066007050916,0.005487697351193036,0.09943242344413017,0.002211033043406226,0.04691494424753537,0.11948759779188561,0.019599998284005892,0.012737064754031531,0.011650822378108678,0.06618116611257162,0.07556475309333588
mixture_l1,0.5,1e+22,power,8192,fixed_ref,0.8047071577351047,reference_p0,first_question_reference,in,True,True,0.6881028131028888,1564.6709925934697,0.7121120481508717,0.41663254110330095,1.0,1.0,1.6906651687924776,1135115424.983025,6391119952.588131,0.0,0.0,False,False,False,False,35185,6.459927069504336e+21,1.7639907517793174e+21,1.7760821787163482e+21,1e+22,0.0,0.6459927069504335,0.17639907517793174,0.1776082178716348,0.0,1564670992593.4697,reference_p0,0.41663254110330095,True,False,D_above_support;Q_above_A_supported,interior,0.11302252583269279,0.0968248321520278,0.00588968021709595,0.11375419105058357,0.07507775607983627,0.0254628540970504,0.11070066007050916,0.005487697351193036,0.09943242344413017,0.002211033043406226,0.04691494424753537,0.11948759779188561,0.019599998284005892,0.012737064754031531,0.011650822378108678,0.06618116611257162,0.07556475309333588
mixture_l1,0.5,1e+22,power,8192,mixture,0.8047071577351047,reference_p0,first_question_reference,in,True,True,0.6881028131028888,1564.6709925934697,0.7121120481508717,0.41663254110330095,1.0,1.0,1.6906651687924776,1135115424.983025,6391119952.588131,0.0,0.0,False,False,False,False,35185,6.459927069504336e+21,1.7639907517793174e+21,1.7760821787163482e+21,1e+22,0.0,0.6459927069504335,0.17639907517793174,0.1776082178716348,0.0,1564670992593.4697,reference_p0,0.41663254110330095,True,False,D_above_support;Q_above_A_supported,interior,0.11302252583269279,0.0968248321520278,0.00588968021709595,0.11375419105058357,0.07507775607983627,0.0254628540970504,0.11070066007050916,0.005487697351193036,0.09943242344413017,0.002211033043406226,0.04691494424753537,0.11948759779188561,0.019599998284005892,0.012737064754031531,0.011650822378108678,0.06618116611257162,0.07556475309333588
mixture_l1,0.5,1e+22,power,32768,fixed_ref,0.8047071577351047,reference_p0,first_question_reference,in,True,True,0.5712155216230432,1137.8921687655877,0.7711332785256471,0.41663254110330095,1.0,1.0,1.6907262369081466,1617367773.4330606,8788178945.680096,2097152.0,2.097152e-16,False,False,False,False,35185,3.8998900123932657e+21,4.2597198642034183e+21,1.840390123403315e+21,9.999999999999998e+21,2097152.0,0.38998900123932656,0.42597198642034184,0.1840390123403315,2.097152e-16,1137892168765.5876,reference_p0,0.41663254110330095,True,False,D_above_support;Q_above_A_supported,interior,0.11302252583269279,0.0968248321520278,0.00588968021709595,0.11375419105058357,0.07507775607983627,0.0254628540970504,0.11070066007050916,0.005487697351193036,0.09943242344413017,0.002211033043406226,0.04691494424753537,0.11948759779188561,0.019599998284005892,0.012737064754031531,0.011650822378108678,0.06618116611257162,0.07556475309333588
mixture_l1,0.5,1e+22,power,32768,mixture,0.8047071577351047,reference_p0,first_question_reference,in,True,True,0.5712155216230432,1137.8921687655877,0.7711332785256471,0.41663254110330095,1.0,1.0,1.6907262369081466,1617367773.4330606,8788178945.680096,2097152.0,2.097152e-16,False,False,False,False,35185,3.8998900123932657e+21,4.2597198642034183e+21,1.840390123403315e+21,9.999999999999998e+21,2097152.0,0.38998900123932656,0.42597198642034184,0.1840390123403315,2.097152e-16,1137892168765.5876,reference_p0,0.41663254110330095,True,False,D_above_support;Q_above_A_supported,interior,0.11302252583269279,0.0968248321520278,0.00588968021709595,0.11375419105058357,0.07507775607983627,0.0254628540970504,0.11070066007050916,0.005487697351193036,0.09943242344413017,0.002211033043406226,0.04691494424753537,0.11948759779188561,0.019599998284005892,0.012737064754031531,0.011650822378108678,0.06618116611257162,0.07556475309333588
mixture_l1,0.5,1e+22,power,131072,fixed_ref,0.8047071577351047,reference_p0,first_question_reference,in,True,True,0.39810717055349687,630.2788037207847,0.8938582354119419,0.41663254110330095,1.0,1.0,1.6908534107698188,3041210812.0867987,15865994447.165367,-2097152.0,-2.097152e-16,False,False,False,False,35185,1.5055110672547465e+21,6.577678220240472e+21,1.9168107125047836e+21,1.0000000000000002e+22,-2097152.0,0.15055110672547464,0.6577678220240472,0.19168107125047837,-2.097152e-16,630278803720.7847,reference_p0,0.41663254110330095,True,False,D_above_support;Q_above_A_supported,interior,0.11302252583269279,0.0968248321520278,0.00588968021709595,0.11375419105058357,0.07507775607983627,0.0254628540970504,0.11070066007050916,0.005487697351193036,0.09943242344413017,0.002211033043406226,0.04691494424753537,0.11948759779188561,0.019599998284005892,0.012737064754031531,0.011650822378108678,0.06618116611257162,0.07556475309333588
mixture_l1,0.5,1e+22,power,131072,mixture,0.8047071577351047,reference_p0,first_question_reference,in,True,True,0.39810717055349687,630.2788037207847,0.8938582354119419,0.41663254110330095,1.0,1.0,1.6908534107698188,3041210812.0867987,15865994447.165367,-2097152.0,-2.097152e-16,False,False,False,False,35185,1.5055110672547465e+21,6.577678220240472e+21,1.9168107125047836e+21,1.0000000000000002e+22,-2097152.0,0.15055110672547464,0.6577678220240472,0.19168107125047837,-2.097152e-16,630278803720.7847,reference_p0,0.41663254110330095,True,False,D_above_support;Q_above_A_supported,interior,0.11302252583269279,0.0968248321520278,0.00588968021709595,0.11375419105058357,0.07507775607983627,0.0254628540970504,0.11070066007050916,0.005487697351193036,0.09943242344413017,0.002211033043406226,0.04691494424753537,0.11948759779188561,0.019599998284005892,0.012737064754031531,0.011650822378108678,0.06618116611257162,0.07556475309333588
mixture_l1,0.5,1e+22,logarithmic,2048,fixed_ref,0.8047071577351047,reference_p0,first_question_reference,in,True,True,0.883785082255996,1393.4998168928687,1.0,0.41663254110330095,1.0,1.0,1.6906143089563717,1511467178.400249,7176176041.628281,0.0,0.0,False,False,False,True,35185,7.389326101778276e+21,5.044446618813969e+20,2.1062292363403277e+21,1e+22,0.0,0.7389326101778275,0.05044446618813969,0.21062292363403276,0.0,1393499816892.8687,reference_p0,0.41663254110330095,True,False,D_above_support;Q_above_A_supported,upper_bound,0.11302252583269279,0.0968248321520278,0.00588968021709595,0.11375419105058357,0.07507775607983627,0.0254628540970504,0.11070066007050916,0.005487697351193036,0.09943242344413017,0.002211033043406226,0.04691494424753537,0.11948759779188561,0.019599998284005892,0.012737064754031531,0.011650822378108678,0.06618116611257162,0.07556475309333588
mixture_l1,0.5,1e+22,logarithmic,2048,mixture,0.8047071577351047,reference_p0,first_question_reference,in,True,True,0.883785082255996,1393.4998168928687,1.0,0.41663254110330095,1.0,1.0,1.6906143089563717,1511467178.400249,7176176041.628281,0.0,0.0,False,False,False,True,35185,7.389326101778276e+21,5.044446618813969e+20,2.1062292363403277e+21,1e+22,0.0,0.7389326101778275,0.05044446618813969,0.21062292363403276,0.0,1393499816892.8687,reference_p0,0.41663254110330095,True,False,D_above_support;Q_above_A_supported,upper_bound,0.11302252583269279,0.0968248321520278,0.00588968021709595,0.11375419105058357,0.07507775607983627,0.0254628540970504,0.11070066007050916,0.005487697351193036,0.09943242344413017,0.002211033043406226,0.04691494424753537,0.11948759779188561,0.019599998284005892,0.012737064754031531,0.011650822378108678,0.06618116611257162,0.07556475309333588
mixture_l1,0.5,1e+22,logarithmic,4096,fixed_ref,0.8047071577351047,reference_p0,first_question_reference,in,True,True,0.8537027230038308,1363.6915087594743,1.0,0.41663254110330095,1.0,1.0,1.6906211238650943,1511467178.400249,7333036787.107973,2097152.0,2.097152e-16,False,False,False,True,35185,6.985122926190993e+21,9.537021168559438e+20,2.0611749569530613e+21,9.999999999999998e+21,2097152.0,0.6985122926190993,0.09537021168559438,0.20611749569530613,2.097152e-16,1363691508759.4744,reference_p0,0.41663254110330095,True,False,D_above_support;Q_above_A_supported,upper_bound,0.11302252583269279,0.0968248321520278,0.00588968021709595,0.11375419105058357,0.07507775607983627,0.0254628540970504,0.11070066007050916,0.005487697351193036,0.09943242344413017,0.002211033043406226,0.04691494424753537,0.11948759779188561,0.019599998284005892,0.012737064754031531,0.011650822378108678,0.06618116611257162,0.07556475309333588
mixture_l1,0.5,1e+22,logarithmic,4096,mixture,0.8047071577351047,reference_p0,first_question_reference,in,True,True,0.8537027230038308,1363.6915087594743,1.0,0.41663254110330095,1.0,1.0,1.6906211238650943,1511467178.400249,7333036787.107973,2097152.0,2.097152e-16,False,False,False,True,35185,6.985122926190993e+21,9.537021168559438e+20,2.0611749569530613e+21,9.999999999999998e+21,2097152.0,0.6985122926190993,0.09537021168559438,0.20611749569530613,2.097152e-16,1363691508759.4744,reference_p0,0.41663254110330095,True,False,D_above_support;Q_above_A_supported,upper_bound,0.11302252583269279,0.0968248321520278,0.00588968021709595,0.11375419105058357,0.07507775607983627,0.0254628540970504,0.11070066007050916,0.005487697351193036,0.09943242344413017,0.002211033043406226,0.04691494424753537,0.11948759779188561,0.019599998284005892,0.012737064754031531,0.011650822378108678,0.06618116611257162,0.07556475309333588
mixture_l1,0.5,1e+22,logarithmic,8192,fixed_ref,0.8047071577351047,reference_p0,first_question_reference,in,True,True,0.801678063387679,1309.7568546297525,1.0,0.41663254110330095,1.0,1.0,1.6906338137780765,1511467178.400249,7635004897.780697,0.0,0.0,False,False,False,True,35185,6.300020032369906e+21,1.7203254701724758e+21,1.979654497457617e+21,1e+22,0.0,0.6300020032369906,0.17203254701724757,0.1979654497457617,0.0,1309756854629.7524,reference_p0,0.41663254110330095,True,False,D_above_support;Q_above_A_supported,upper_bound,0.11302252583269279,0.0968248321520278,0.00588968021709595,0.11375419105058357,0.07507775607983627,0.0254628540970504,0.11070066007050916,0.005487697351193036,0.09943242344413017,0.002211033043406226,0.04691494424753537,0.11948759779188561,0.019599998284005892,0.012737064754031531,0.011650822378108678,0.06618116611257162,0.07556475309333588
mixture_l1,0.5,1e+22,logarithmic,8192,mixture,0.8047071577351047,reference_p0,first_question_reference,in,True,True,0.801678063387679,1309.7568546297525,1.0,0.41663254110330095,1.0,1.0,1.6906338137780765,1511467178.400249,7635004897.780697,0.0,0.0,False,False,False,True,35185,6.300020032369906e+21,1.7203254701724758e+21,1.979654497457617e+21,1e+22,0.0,0.6300020032369906,0.17203254701724757,0.1979654497457617,0.0,1309756854629.7524,reference_p0,0.41663254110330095,True,False,D_above_support;Q_above_A_supported,upper_bound,0.11302252583269279,0.0968248321520278,0.00588968021709595,0.11375419105058357,0.07507775607983627,0.0254628540970504,0.11070066007050916,0.005487697351193036,0.09943242344413017,0.002211033043406226,0.04691494424753537,0.11948759779188561,0.019599998284005892,0.012737064754031531,0.011650822378108678,0.06618116611257162,0.07556475309333588
mixture_l1,0.5,1e+22,logarithmic,32768,fixed_ref,0.8047071577351047,reference_p0,first_question_reference,in,True,True,0.6108294955902859,1089.3748944270033,1.0,0.41663254110330095,1.0,1.0,1.6906926720466557,1511467178.400249,9179576334.242462,0.0,0.0,False,False,False,True,35185,3.9925339036294043e+21,4.3609116984709444e+21,1.6465543978996518e+21,1e+22,0.0,0.39925339036294044,0.43609116984709445,0.1646554397899652,0.0,1089374894427.0033,reference_p0,0.41663254110330095,True,False,D_above_support;Q_above_A_supported,upper_bound,0.11302252583269279,0.0968248321520278,0.00588968021709595,0.11375419105058357,0.07507775607983627,0.0254628540970504,0.11070066007050916,0.005487697351193036,0.09943242344413017,0.002211033043406226,0.04691494424753537,0.11948759779188561,0.019599998284005892,0.012737064754031531,0.011650822378108678,0.06618116611257162,0.07556475309333588
mixture_l1,0.5,1e+22,logarithmic,32768,mixture,0.8047071577351047,reference_p0,first_question_reference,in,True,True,0.6108294955902859,1089.3748944270033,1.0,0.41663254110330095,1.0,1.0,1.6906926720466557,1511467178.400249,9179576334.242462,0.0,0.0,False,False,False,True,35185,3.9925339036294043e+21,4.3609116984709444e+21,1.6465543978996518e+21,1e+22,0.0,0.39925339036294044,0.43609116984709445,0.1646554397899652,0.0,1089374894427.0033,reference_p0,0.41663254110330095,True,False,D_above_support;Q_above_A_supported,upper_bound,0.11302252583269279,0.0968248321520278,0.00588968021709595,0.11375419105058357,0.07507775607983627,0.0254628540970504,0.11070066007050916,0.005487697351193036,0.09943242344413017,0.002211033043406226,0.04691494424753537,0.11948759779188561,0.019599998284005892,0.012737064754031531,0.011650822378108678,0.06618116611257162,0.07556475309333588
mixture_l1,0.5,1e+22,logarithmic,131072,fixed_ref,0.8047071577351047,reference_p0,first_question_reference,in,True,True,0.3717406037942833,741.4620083298612,1.0,0.41663254110330095,1.0,1.0,1.6908200559118678,1511467178.400249,13486867685.27081,-2097152.0,-2.097152e-16,False,False,False,True,35185,1.6537892080023872e+21,7.225515302376298e+21,1.1206954896213173e+21,1.0000000000000002e+22,-2097152.0,0.16537892080023872,0.7225515302376299,0.11206954896213173,-2.097152e-16,741462008329.8612,reference_p0,0.41663254110330095,True,False,D_above_support;Q_above_A_supported,upper_bound,0.11302252583269279,0.0968248321520278,0.00588968021709595,0.11375419105058357,0.07507775607983627,0.0254628540970504,0.11070066007050916,0.005487697351193036,0.09943242344413017,0.002211033043406226,0.04691494424753537,0.11948759779188561,0.019599998284005892,0.012737064754031531,0.011650822378108678,0.06618116611257162,0.07556475309333588
mixture_l1,0.5,1e+22,logarithmic,131072,mixture,0.8047071577351047,reference_p0,first_question_reference,in,True,True,0.3717406037942833,741.4620083298612,1.0,0.41663254110330095,1.0,1.0,1.6908200559118678,1511467178.400249,13486867685.27081,-2097152.0,-2.097152e-16,False,False,False,True,35185,1.6537892080023872e+21,7.225515302376298e+21,1.1206954896213173e+21,1.0000000000000002e+22,-2097152.0,0.16537892080023872,0.7225515302376299,0.11206954896213173,-2.097152e-16,741462008329.8612,reference_p0,0.41663254110330095,True,False,D_above_support;Q_above_A_supported,upper_bound,0.11302252583269279,0.0968248321520278,0.00588968021709595,0.11375419105058357,0.07507775607983627,0.0254628540970504,0.11070066007050916,0.005487697351193036,0.09943242344413017,0.002211033043406226,0.04691494424753537,0.11948759779188561,0.019599998284005892,0.012737064754031531,0.011650822378108678,0.06618116611257162,0.07556475309333588
mixture_l1,0.5,1e+24,exponential,2048,fixed_ref,0.8047071577351047,reference_p0,first_question_reference,in,True,True,6.008600551799451,23570.888745708377,1.0,0.41663254110330095,1.0,1.0,1.6901895542554368,3912487936.8349757,42425214033.648735,0.0,0.0,False,False,False,True,35185,8.497683307432008e+23,5.8010851378735845e+22,9.222081787806332e+22,1e+24,0.0,0.8497683307432008,0.05801085137873584,0.09222081787806331,0.0,23570888745708.375,reference_p0,0.41663254110330095,True,False,D_above_support;Q_above_A_supported,upper_bound,0.11302252583269279,0.0968248321520278,0.00588968021709595,0.11375419105058357,0.07507775607983627,0.0254628540970504,0.11070066007050916,0.005487697351193036,0.09943242344413017,0.002211033043406226,0.04691494424753537,0.11948759779188561,0.019599998284005892,0.012737064754031531,0.011650822378108678,0.06618116611257162,0.07556475309333588
mixture_l1,0.5,1e+24,exponential,2048,mixture,0.8047071577351047,reference_p0,first_question_reference,in,True,True,6.008600551799451,23570.888745708377,1.0,0.41663254110330095,1.0,1.0,1.6901895542554368,3912487936.8349757,42425214033.648735,0.0,0.0,False,False,False,True,35185,8.497683307432008e+23,5.8010851378735845e+22,9.222081787806332e+22,1e+24,0.0,0.8497683307432008,0.05801085137873584,0.09222081787806331,0.0,23570888745708.375,reference_p0,0.41663254110330095,True,False,D_above_support;Q_above_A_supported,upper_bound,0.11302252583269279,0.0968248321520278,0.00588968021709595,0.11375419105058357,0.07507775607983627,0.0254628540970504,0.11070066007050916,0.005487697351193036,0.09943242344413017,0.002211033043406226,0.04691494424753537,0.11948759779188561,0.019599998284005892,0.012737064754031531,0.011650822378108678,0.06618116611257162,0.07556475309333588
mixture_l1,0.5,1e+24,exponential,4096,fixed_ref,0.8047071577351047,reference_p0,first_question_reference,in,True,True,5.825501700037946,22915.93906521231,1.0,0.41663254110330095,1.0,1.0,1.69019310381402,3912487936.8349757,43637749129.73374,0.0,0.0,False,False,False,True,35185,8.009810518941618e+23,1.0936061295194955e+23,8.965833515388854e+22,1e+24,0.0,0.8009810518941618,0.10936061295194956,0.08965833515388853,0.0,22915939065212.312,reference_p0,0.41663254110330095,True,False,D_above_support;Q_above_A_supported,upper_bound,0.11302252583269279,0.0968248321520278,0.00588968021709595,0.11375419105058357,0.07507775607983627,0.0254628540970504,0.11070066007050916,0.005487697351193036,0.09943242344413017,0.002211033043406226,0.04691494424753537,0.11948759779188561,0.019599998284005892,0.012737064754031531,0.011650822378108678,0.06618116611257162,0.07556475309333588
mixture_l1,0.5,1e+24,exponential,4096,mixture,0.8047071577351047,reference_p0,first_question_reference,in,True,True,5.825501700037946,22915.93906521231,1.0,0.41663254110330095,1.0,1.0,1.69019310381402,3912487936.8349757,43637749129.73374,0.0,0.0,False,False,False,True,35185,8.009810518941618e+23,1.0936061295194955e+23,8.965833515388854e+22,1e+24,0.0,0.8009810518941618,0.10936061295194956,0.08965833515388853,0.0,22915939065212.312,reference_p0,0.41663254110330095,True,False,D_above_support;Q_above_A_supported,upper_bound,0.11302252583269279,0.0968248321520278,0.00588968021709595,0.11375419105058357,0.07507775607983627,0.0254628540970504,0.11070066007050916,0.005487697351193036,0.09943242344413017,0.002211033043406226,0.04691494424753537,0.11948759779188561,0.019599998284005892,0.012737064754031531,0.011650822378108678,0.06618116611257162,0.07556475309333588
mixture_l1,0.5,1e+24,exponential,8192,fixed_ref,0.8047071577351047,reference_p0,first_question_reference,in,True,True,5.5028372272949015,21764.983538110166,1.0,0.41663254110330095,1.0,1.0,1.6901997027163602,3912487936.8349757,45945359813.80435,-134217728.0,-1.3421772800000001e-16,False,False,False,True,35185,7.186149699898399e+23,1.962297944718923e+23,8.515523553826785e+22,1.0000000000000001e+24,-134217728.0,0.7186149699898399,0.19622979447189232,0.08515523553826786,-1.3421772800000001e-16,21764983538110.164,reference_p0,0.41663254110330095,True,False,D_above_support;Q_above_A_supported,upper_bound,0.11302252583269279,0.0968248321520278,0.00588968021709595,0.11375419105058357,0.07507775607983627,0.0254628540970504,0.11070066007050916,0.005487697351193036,0.09943242344413017,0.002211033043406226,0.04691494424753537,0.11948759779188561,0.019599998284005892,0.012737064754031531,0.011650822378108678,0.06618116611257162,0.07556475309333588
mixture_l1,0.5,1e+24,exponential,8192,mixture,0.8047071577351047,reference_p0,first_question_reference,in,True,True,5.5028372272949015,21764.983538110166,1.0,0.41663254110330095,1.0,1.0,1.6901997027163602,3912487936.8349757,45945359813.80435,-134217728.0,-1.3421772800000001e-16,False,False,False,True,35185,7.186149699898399e+23,1.962297944718923e+23,8.515523553826785e+22,1.0000000000000001e+24,-134217728.0,0.7186149699898399,0.19622979447189232,0.08515523553826786,-1.3421772800000001e-16,21764983538110.164,reference_p0,0.41663254110330095,True,False,D_above_support;Q_above_A_supported,upper_bound,0.11302252583269279,0.0968248321520278,0.00588968021709595,0.11375419105058357,0.07507775607983627,0.0254628540970504,0.11070066007050916,0.005487697351193036,0.09943242344413017,0.002211033043406226,0.04691494424753537,0.11948759779188561,0.019599998284005892,0.012737064754031531,0.011650822378108678,0.06618116611257162,0.07556475309333588
mixture_l1,0.5,1e+24,exponential,32768,fixed_ref,0.8047071577351047,reference_p0,first_question_reference,in,True,True,4.301302633821375,17268.37732240891,1.0,0.41663254110330095,1.0,1.0,1.6902301434301903,3912487936.8349757,57909320680.77499,0.0,0.0,False,False,False,True,35185,4.456591011521924e+23,4.867785808851681e+23,6.7562317962639514e+22,1e+24,0.0,0.4456591011521924,0.48677858088516807,0.06756231796263952,0.0,17268377322408.908,reference_p0,0.41663254110330095,True,False,D_above_support;Q_above_A_supported,upper_bound,0.11302252583269279,0.0968248321520278,0.00588968021709595,0.11375419105058357,0.07507775607983627,0.0254628540970504,0.11070066007050916,0.005487697351193036,0.09943242344413017,0.002211033043406226,0.04691494424753537,0.11948759779188561,0.019599998284005892,0.012737064754031531,0.011650822378108678,0.06618116611257162,0.07556475309333588
mixture_l1,0.5,1e+24,exponential,32768,mixture,0.8047071577351047,reference_p0,first_question_reference,in,True,True,4.301302633821375,17268.37732240891,1.0,0.41663254110330095,1.0,1.0,1.6902301434301903,3912487936.8349757,57909320680.77499,0.0,0.0,False,False,False,True,35185,4.456591011521924e+23,4.867785808851681e+23,6.7562317962639514e+22,1e+24,0.0,0.4456591011521924,0.48677858088516807,0.06756231796263952,0.0,17268377322408.908,reference_p0,0.41663254110330095,True,False,D_above_support;Q_above_A_supported,upper_bound,0.11302252583269279,0.0968248321520278,0.00588968021709595,0.11375419105058357,0.07507775607983627,0.0254628540970504,0.11070066007050916,0.005487697351193036,0.09943242344413017,0.002211033043406226,0.04691494424753537,0.11948759779188561,0.019599998284005892,0.012737064754031531,0.011650822378108678,0.06618116611257162,0.07556475309333588
mixture_l1,0.5,1e+24,exponential,131072,fixed_ref,0.8047071577351047,reference_p0,first_question_reference,in,True,True,2.724624557469334,10906.953152502861,1.0,0.41663254110330095,1.0,1.0,1.690295272708779,3912487936.8349757,91684633280.97508,0.0,0.0,False,False,False,True,35185,1.7830411443886123e+23,7.790225629243472e+23,4.267332263679165e+22,1e+24,0.0,0.17830411443886124,0.7790225629243471,0.042673322636791654,0.0,10906953152502.861,reference_p0,0.41663254110330095,True,False,D_above_support;Q_above_A_supported,upper_bound,0.11302252583269279,0.0968248321520278,0.00588968021709595,0.11375419105058357,0.07507775607983627,0.0254628540970504,0.11070066007050916,0.005487697351193036,0.09943242344413017,0.002211033043406226,0.04691494424753537,0.11948759779188561,0.019599998284005892,0.012737064754031531,0.011650822378108678,0.06618116611257162,0.07556475309333588
mixture_l1,0.5,1e+24,exponential,131072,mixture,0.8047071577351047,reference_p0,first_question_reference,in,True,True,2.724624557469334,10906.953152502861,1.0,0.41663254110330095,1.0,1.0,1.690295272708779,3912487936.8349757,91684633280.97508,0.0,0.0,False,False,False,True,35185,1.7830411443886123e+23,7.790225629243472e+23,4.267332263679165e+22,1e+24,0.0,0.17830411443886124,0.7790225629243471,0.042673322636791654,0.0,10906953152502.861,reference_p0,0.41663254110330095,True,False,D_above_support;Q_above_A_supported,upper_bound,0.11302252583269279,0.0968248321520278,0.00588968021709595,0.11375419105058357,0.07507775607983627,0.0254628540970504,0.11070066007050916,0.005487697351193036,0.09943242344413017,0.002211033043406226,0.04691494424753537,0.11948759779188561,0.019599998284005892,0.012737064754031531,0.011650822378108678,0.06618116611257162,0.07556475309333588
mixture_l1,0.5,1e+24,power,2048,fixed_ref,0.8047071577351047,reference_p0,first_question_reference,in,True,True,6.144407350126714,22607.791255809945,1.0,0.41663254110330095,1.0,1.0,1.69019091975347,4849345275.903549,44232538627.275734,-134217728.0,-1.3421772800000001e-16,False,False,False,True,35185,8.334688725739745e+23,5.6898141701049994e+22,1.0963298572497552e+23,1.0000000000000001e+24,-134217728.0,0.8334688725739745,0.056898141701049995,0.10963298572497553,-1.3421772800000001e-16,22607791255809.945,reference_p0,0.41663254110330095,True,False,D_above_support;Q_above_A_supported,upper_bound,0.11302252583269279,0.0968248321520278,0.00588968021709595,0.11375419105058357,0.07507775607983627,0.0254628540970504,0.11070066007050916,0.005487697351193036,0.09943242344413017,0.002211033043406226,0.04691494424753537,0.11948759779188561,0.019599998284005892,0.012737064754031531,0.011650822378108678,0.06618116611257162,0.07556475309333588
mixture_l1,0.5,1e+24,power,2048,mixture,0.8047071577351047,reference_p0,first_question_reference,in,True,True,6.144407350126714,22607.791255809945,1.0,0.41663254110330095,1.0,1.0,1.69019091975347,4849345275.903549,44232538627.275734,-134217728.0,-1.3421772800000001e-16,False,False,False,True,35185,8.334688725739745e+23,5.6898141701049994e+22,1.0963298572497552e+23,1.0000000000000001e+24,-134217728.0,0.8334688725739745,0.056898141701049995,0.10963298572497553,-1.3421772800000001e-16,22607791255809.945,reference_p0,0.41663254110330095,True,False,D_above_support;Q_above_A_supported,upper_bound,0.11302252583269279,0.0968248321520278,0.00588968021709595,0.11375419105058357,0.07507775607983627,0.0254628540970504,0.11070066007050916,0.005487697351193036,0.09943242344413017,0.002211033043406226,0.04691494424753537,0.11948759779188561,0.019599998284005892,0.012737064754031531,0.011650822378108678,0.06618116611257162,0.07556475309333588
mixture_l1,0.5,1e+24,power,4096,fixed_ref,0.8047071577351047,reference_p0,first_question_reference,in,True,True,5.952782297252953,22005.803304842102,1.0,0.41663254110330095,1.0,1.0,1.6901944426130686,4849345275.903549,45442558317.33089,0.0,0.0,False,False,False,True,35185,7.859745380993676e+23,1.0731172360183365e+23,1.0671373829879876e+23,1e+24,0.0,0.7859745380993676,0.10731172360183365,0.10671373829879877,0.0,22005803304842.1,reference_p0,0.41663254110330095,True,False,D_above_support;Q_above_A_supported,upper_bound,0.11302252583269279,0.0968248321520278,0.00588968021709595,0.11375419105058357,0.07507775607983627,0.0254628540970504,0.11070066007050916,0.005487697351193036,0.09943242344413017,0.002211033043406226,0.04691494424753537,0.11948759779188561,0.019599998284005892,0.012737064754031531,0.011650822378108678,0.06618116611257162,0.07556475309333588
mixture_l1,0.5,1e+24,power,4096,mixture,0.8047071577351047,reference_p0,first_question_reference,in,True,True,5.952782297252953,22005.803304842102,1.0,0.41663254110330095,1.0,1.0,1.6901944426130686,4849345275.903549,45442558317.33089,0.0,0.0,False,False,False,True,35185,7.859745380993676e+23,1.0731172360183365e+23,1.0671373829879876e+23,1e+24,0.0,0.7859745380993676,0.10731172360183365,0.10671373829879877,0.0,22005803304842.1,reference_p0,0.41663254110330095,True,False,D_above_support;Q_above_A_supported,upper_bound,0.11302252583269279,0.0968248321520278,0.00588968021709595,0.11375419105058357,0.07507775607983627,0.0254628540970504,0.11070066007050916,0.005487697351193036,0.09943242344413017,0.002211033043406226,0.04691494424753537,0.11948759779188561,0.019599998284005892,0.012737064754031531,0.011650822378108678,0.06618116611257162,0.07556475309333588
mixture_l1,0.5,1e+24,power,8192,fixed_ref,0.8047071577351047,reference_p0,first_question_reference,in,True,True,5.61754637879216,20938.719857822834,1.0,0.41663254110330095,1.0,1.0,1.690200993584019,4849345275.903549,47758411535.669586,134217728.0,1.3421772800000001e-16,False,False,False,True,35185,7.05745379483137e+23,1.9271553829086197e+23,1.01539082226001e+23,9.999999999999998e+23,134217728.0,0.705745379483137,0.19271553829086197,0.10153908222600101,1.3421772800000001e-16,20938719857822.836,reference_p0,0.41663254110330095,True,False,D_above_support;Q_above_A_supported,upper_bound,0.11302252583269279,0.0968248321520278,0.00588968021709595,0.11375419105058357,0.07507775607983627,0.0254628540970504,0.11070066007050916,0.005487697351193036,0.09943242344413017,0.002211033043406226,0.04691494424753537,0.11948759779188561,0.019599998284005892,0.012737064754031531,0.011650822378108678,0.06618116611257162,0.07556475309333588
mixture_l1,0.5,1e+24,power,8192,mixture,0.8047071577351047,reference_p0,first_question_reference,in,True,True,5.61754637879216,20938.719857822834,1.0,0.41663254110330095,1.0,1.0,1.690200993584019,4849345275.903549,47758411535.669586,134217728.0,1.3421772800000001e-16,False,False,False,True,35185,7.05745379483137e+23,1.9271553829086197e+23,1.01539082226001e+23,9.999999999999998e+23,134217728.0,0.705745379483137,0.19271553829086197,0.10153908222600101,1.3421772800000001e-16,20938719857822.836,reference_p0,0.41663254110330095,True,False,D_above_support;Q_above_A_supported,upper_bound,0.11302252583269279,0.0968248321520278,0.00588968021709595,0.11375419105058357,0.07507775607983627,0.0254628540970504,0.11070066007050916,0.005487697351193036,0.09943242344413017,0.002211033043406226,0.04691494424753537,0.11948759779188561,0.019599998284005892,0.012737064754031531,0.011650822378108678,0.06618116611257162,0.07556475309333588
mixture_l1,0.5,1e+24,power,32768,fixed_ref,0.8047071577351047,reference_p0,first_question_reference,in,True,True,4.373743734297596,16734.840328783128,1.0,0.41663254110330095,1.0,1.0,1.6902312391304197,4849345275.903549,59755574618.781845,-268435456.0,-2.6843545600000003e-16,False,False,False,True,35185,4.391634181949156e+23,4.7968356291369985e+23,8.115301889138467e+22,1.0000000000000003e+24,-268435456.0,0.4391634181949156,0.47968356291369985,0.08115301889138467,-2.6843545600000003e-16,16734840328783.129,reference_p0,0.41663254110330095,True,False,D_above_support;Q_above_A_supported,upper_bound,0.11302252583269279,0.0968248321520278,0.00588968021709595,0.11375419105058357,0.07507775607983627,0.0254628540970504,0.11070066007050916,0.005487697351193036,0.09943242344413017,0.002211033043406226,0.04691494424753537,0.11948759779188561,0.019599998284005892,0.012737064754031531,0.011650822378108678,0.06618116611257162,0.07556475309333588
mixture_l1,0.5,1e+24,power,32768,mixture,0.8047071577351047,reference_p0,first_question_reference,in,True,True,4.373743734297596,16734.840328783128,1.0,0.41663254110330095,1.0,1.0,1.6902312391304197,4849345275.903549,59755574618.781845,-268435456.0,-2.6843545600000003e-16,False,False,False,True,35185,4.391634181949156e+23,4.7968356291369985e+23,8.115301889138467e+22,1.0000000000000003e+24,-268435456.0,0.4391634181949156,0.47968356291369985,0.08115301889138467,-2.6843545600000003e-16,16734840328783.129,reference_p0,0.41663254110330095,True,False,D_above_support;Q_above_A_supported,upper_bound,0.11302252583269279,0.0968248321520278,0.00588968021709595,0.11375419105058357,0.07507775607983627,0.0254628540970504,0.11070066007050916,0.005487697351193036,0.09943242344413017,0.002211033043406226,0.04691494424753537,0.11948759779188561,0.019599998284005892,0.012737064754031531,0.011650822378108678,0.06618116611257162,0.07556475309333588
mixture_l1,0.5,1e+24,power,131072,fixed_ref,0.8047071577351047,reference_p0,first_question_reference,in,True,True,2.75558196282084,10681.619240609687,1.0,0.41663254110330095,1.0,1.0,1.6902960626506316,4849345275.903549,93618764858.9992,0.0,0.0,False,False,False,True,35185,1.7660446387886455e+23,7.715966763176844e+23,5.179885980345105e+22,1e+24,0.0,0.17660446387886455,0.7715966763176845,0.05179885980345105,0.0,10681619240609.688,reference_p0,0.41663254110330095,True,False,D_above_support;Q_above_A_supported,upper_bound,0.11302252583269279,0.0968248321520278,0.00588968021709595,0.11375419105058357,0.07507775607983627,0.0254628540970504,0.11070066007050916,0.005487697351193036,0.09943242344413017,0.002211033043406226,0.04691494424753537,0.11948759779188561,0.019599998284005892,0.012737064754031531,0.011650822378108678,0.06618116611257162,0.07556475309333588
mixture_l1,0.5,1e+24,power,131072,mixture,0.8047071577351047,reference_p0,first_question_reference,in,True,True,2.75558196282084,10681.619240609687,1.0,0.41663254110330095,1.0,1.0,1.6902960626506316,4849345275.903549,93618764858.9992,0.0,0.0,False,False,False,True,35185,1.7660446387886455e+23,7.715966763176844e+23,5.179885980345105e+22,1e+24,0.0,0.17660446387886455,0.7715966763176845,0.05179885980345105,0.0,10681619240609.688,reference_p0,0.41663254110330095,True,False,D_above_support;Q_above_A_supported,upper_bound,0.11302252583269279,0.0968248321520278,0.00588968021709595,0.11375419105058357,0.07507775607983627,0.0254628540970504,0.11070066007050916,0.005487697351193036,0.09943242344413017,0.002211033043406226,0.04691494424753537,0.11948759779188561,0.019599998284005892,0.012737064754031531,0.011650822378108678,0.06618116611257162,0.07556475309333588
mixture_l1,0.5,1e+24,logarithmic,2048,fixed_ref,0.8047071577351047,reference_p0,first_question_reference,in,True,True,5.6313605400524995,26591.334694753106,1.0,0.41663254110330095,1.0,1.0,1.6901858472383677,1511467178.400249,37606235695.920746,-134217728.0,-1.3421772800000001e-16,False,False,False,True,35185,8.984723574441697e+23,6.133571293485532e+22,4.019192962097512e+22,1.0000000000000001e+24,-134217728.0,0.8984723574441698,0.061335712934855326,0.04019192962097512,-1.3421772800000001e-16,26591334694753.105,reference_p0,0.41663254110330095,True,False,D_above_support;Q_above_A_supported,upper_bound,0.11302252583269279,0.0968248321520278,0.00588968021709595,0.11375419105058357,0.07507775607983627,0.0254628540970504,0.11070066007050916,0.005487697351193036,0.09943242344413017,0.002211033043406226,0.04691494424753537,0.11948759779188561,0.019599998284005892,0.012737064754031531,0.011650822378108678,0.06618116611257162,0.07556475309333588
mixture_l1,0.5,1e+24,logarithmic,2048,mixture,0.8047071577351047,reference_p0,first_question_reference,in,True,True,5.6313605400524995,26591.334694753106,1.0,0.41663254110330095,1.0,1.0,1.6901858472383677,1511467178.400249,37606235695.920746,-134217728.0,-1.3421772800000001e-16,False,False,False,True,35185,8.984723574441697e+23,6.133571293485532e+22,4.019192962097512e+22,1.0000000000000001e+24,-134217728.0,0.8984723574441698,0.061335712934855326,0.04019192962097512,-1.3421772800000001e-16,26591334694753.105,reference_p0,0.41663254110330095,True,False,D_above_support;Q_above_A_supported,upper_bound,0.11302252583269279,0.0968248321520278,0.00588968021709595,0.11375419105058357,0.07507775607983627,0.0254628540970504,0.11070066007050916,0.005487697351193036,0.09943242344413017,0.002211033043406226,0.04691494424753537,0.11948759779188561,0.019599998284005892,0.012737064754031531,0.011650822378108678,0.06618116611257162,0.07556475309333588
mixture_l1,0.5,1e+24,logarithmic,4096,fixed_ref,0.8047071577351047,reference_p0,first_question_reference,in,True,True,5.469152081099707,25768.74010923744,1.0,0.41663254110330095,1.0,1.0,1.6901894747076456,1511467178.400249,38806709049.835365,-134217728.0,-1.3421772800000001e-16,False,False,False,True,35185,8.455989515745205e+23,1.154524435216412e+23,3.894860490383843e+22,1.0000000000000001e+24,-134217728.0,0.8455989515745205,0.11545244352164119,0.03894860490383843,-1.3421772800000001e-16,25768740109237.438,reference_p0,0.41663254110330095,True,False,D_above_support;Q_above_A_supported,upper_bound,0.11302252583269279,0.0968248321520278,0.00588968021709595,0.11375419105058357,0.07507775607983627,0.0254628540970504,0.11070066007050916,0.005487697351193036,0.09943242344413017,0.002211033043406226,0.04691494424753537,0.11948759779188561,0.019599998284005892,0.012737064754031531,0.011650822378108678,0.06618116611257162,0.07556475309333588
mixture_l1,0.5,1e+24,logarithmic,4096,mixture,0.8047071577351047,reference_p0,first_question_reference,in,True,True,5.469152081099707,25768.74010923744,1.0,0.41663254110330095,1.0,1.0,1.6901894747076456,1511467178.400249,38806709049.835365,-134217728.0,-1.3421772800000001e-16,False,False,False,True,35185,8.455989515745205e+23,1.154524435216412e+23,3.894860490383843e+22,1.0000000000000001e+24,-134217728.0,0.8455989515745205,0.11545244352164119,0.03894860490383843,-1.3421772800000001e-16,25768740109237.438,reference_p0,0.41663254110330095,True,False,D_above_support;Q_above_A_supported,upper_bound,0.11302252583269279,0.0968248321520278,0.00588968021709595,0.11375419105058357,0.07507775607983627,0.0254628540970504,0.11070066007050916,0.005487697351193036,0.09943242344413017,0.002211033043406226,0.04691494424753537,0.11948759779188561,0.019599998284005892,0.012737064754031531,0.011650822378108678,0.06618116611257162,0.07556475309333588
mixture_l1,0.5,1e+24,logarithmic,8192,fixed_ref,0.8047071577351047,reference_p0,first_question_reference,in,True,True,5.181474120187745,24337.035368306362,1.0,0.41663254110330095,1.0,1.0,1.6901962128521035,1511467178.400249,41089639098.04232,0.0,0.0,False,False,False,True,35185,7.566103135378395e+23,2.066050562833994e+23,3.6784630178761086e+22,1e+24,0.0,0.7566103135378395,0.2066050562833994,0.03678463017876109,0.0,24337035368306.363,reference_p0,0.41663254110330095,True,False,D_above_support;Q_above_A_supported,upper_bound,0.11302252583269279,0.0968248321520278,0.00588968021709595,0.11375419105058357,0.07507775607983627,0.0254628540970504,0.11070066007050916,0.005487697351193036,0.09943242344413017,0.002211033043406226,0.04691494424753537,0.11948759779188561,0.019599998284005892,0.012737064754031531,0.011650822378108678,0.06618116611257162,0.07556475309333588
mixture_l1,0.5,1e+24,logarithmic,8192,mixture,0.8047071577351047,reference_p0,first_question_reference,in,True,True,5.181474120187745,24337.035368306362,1.0,0.41663254110330095,1.0,1.0,1.6901962128521035,1511467178.400249,41089639098.04232,0.0,0.0,False,False,False,True,35185,7.566103135378395e+23,2.066050562833994e+23,3.6784630178761086e+22,1e+24,0.0,0.7566103135378395,0.2066050562833994,0.03678463017876109,0.0,24337035368306.363,reference_p0,0.41663254110330095,True,False,D_above_support;Q_above_A_supported,upper_bound,0.11302252583269279,0.0968248321520278,0.00588968021709595,0.11375419105058357,0.07507775607983627,0.0254628540970504,0.11070066007050916,0.005487697351193036,0.09943242344413017,0.002211033043406226,0.04691494424753537,0.11948759779188561,0.019599998284005892,0.012737064754031531,0.011650822378108678,0.06618116611257162,0.07556475309333588
mixture_l1,0.5,1e+24,logarithmic,32768,fixed_ref,0.8047071577351047,reference_p0,first_question_reference,in,True,True,4.10015240506615,18873.928427979827,1.0,0.41663254110330095,1.0,1.0,1.690227212285457,1511467178.400249,52983140410.638664,-268435456.0,-2.6843545600000003e-16,False,False,False,True,35185,4.643158982221673e+23,5.071567784314659e+23,2.852732334636692e+22,1.0000000000000003e+24,-268435456.0,0.4643158982221673,0.5071567784314659,0.02852732334636692,-2.6843545600000003e-16,18873928427979.83,reference_p0,0.41663254110330095,True,False,D_above_support;Q_above_A_supported,upper_bound,0.11302252583269279,0.0968248321520278,0.00588968021709595,0.11375419105058357,0.07507775607983627,0.0254628540970504,0.11070066007050916,0.005487697351193036,0.09943242344413017,0.002211033043406226,0.04691494424753537,0.11948759779188561,0.019599998284005892,0.012737064754031531,0.011650822378108678,0.06618116611257162,0.07556475309333588
mixture_l1,0.5,1e+24,logarithmic,32768,mixture,0.8047071577351047,reference_p0,first_question_reference,in,True,True,4.10015240506615,18873.928427979827,1.0,0.41663254110330095,1.0,1.0,1.690227212285457,1511467178.400249,52983140410.638664,-268435456.0,-2.6843545600000003e-16,False,False,False,True,35185,4.643158982221673e+23,5.071567784314659e+23,2.852732334636692e+22,1.0000000000000003e+24,-268435456.0,0.4643158982221673,0.5071567784314659,0.02852732334636692,-2.6843545600000003e-16,18873928427979.83,reference_p0,0.41663254110330095,True,False,D_above_support;Q_above_A_supported,upper_bound,0.11302252583269279,0.0968248321520278,0.00588968021709595,0.11375419105058357,0.07507775607983627,0.0254628540970504,0.11070066007050916,0.005487697351193036,0.09943242344413017,0.002211033043406226,0.04691494424753537,0.11948759779188561,0.019599998284005892,0.012737064754031531,0.011650822378108678,0.06618116611257162,0.07556475309333588
mixture_l1,0.5,1e+24,logarithmic,131072,fixed_ref,0.8047071577351047,reference_p0,first_question_reference,in,True,True,2.6441941090204626,11535.010722342975,1.0,0.41663254110330095,1.0,1.0,1.6902931917191775,1511467178.400249,86692593884.02904,0.0,0.0,False,False,False,True,35185,1.8300484439704298e+23,7.995603654936406e+23,1.7434790109316353e+22,1e+24,0.0,0.18300484439704298,0.7995603654936406,0.017434790109316353,0.0,11535010722342.975,reference_p0,0.41663254110330095,True,False,D_above_support;Q_above_A_supported,upper_bound,0.11302252583269279,0.0968248321520278,0.00588968021709595,0.11375419105058357,0.07507775607983627,0.0254628540970504,0.11070066007050916,0.005487697351193036,0.09943242344413017,0.002211033043406226,0.04691494424753537,0.11948759779188561,0.019599998284005892,0.012737064754031531,0.011650822378108678,0.06618116611257162,0.07556475309333588
mixture_l1,0.5,1e+24,logarithmic,131072,mixture,0.8047071577351047,reference_p0,first_question_reference,in,True,True,2.6441941090204626,11535.010722342975,1.0,0.41663254110330095,1.0,1.0,1.6902931917191775,1511467178.400249,86692593884.02904,0.0,0.0,False,False,False,True,35185,1.8300484439704298e+23,7.995603654936406e+23,1.7434790109316353e+22,1e+24,0.0,0.18300484439704298,0.7995603654936406,0.017434790109316353,0.0,11535010722342.975,reference_p0,0.41663254110330095,True,False,D_above_support;Q_above_A_supported,upper_bound,0.11302252583269279,0.0968248321520278,0.00588968021709595,0.11375419105058357,0.07507775607983627,0.0254628540970504,0.11070066007050916,0.005487697351193036,0.09943242344413017,0.002211033043406226,0.04691494424753537,0.11948759779188561,0.019599998284005892,0.012737064754031531,0.011650822378108678,0.06618116611257162,0.07556475309333588
mixture_l1,1.0,1e+19,exponential,2048,fixed_ref,0.8047071577351047,reference_p0,first_question_reference,in,True,True,0.021592022958763536,72.25630332734711,0.41663254110330095,0.41663254110330095,1.0,1.0,1.6923142614993059,0.0,138396230.35649076,0.0,0.0,False,False,True,False,35185,9.360958562156765e+18,6.390414378432352e+17,0.0,1e+19,0.0,0.9360958562156765,0.06390414378432352,0.0,0.0,72256303327.3471,reference_p0,0.41663254110330095,False,True,N_below_support,lower_bound_Q0,0.11302252583269279,0.0968248321520278,0.00588968021709595,0.11375419105058357,0.07507775607983627,0.0254628540970504,0.11070066007050916,0.005487697351193036,0.09943242344413017,0.002211033043406226,0.04691494424753537,0.11948759779188561,0.019599998284005892,0.012737064754031531,0.011650822378108678,0.06618116611257162,0.07556475309333588
mixture_l1,1.0,1e+19,exponential,2048,mixture,0.8047071577351047,reference_p0,first_question_reference,in,True,True,0.021592022958763536,72.25630332734711,0.41663254110330095,0.41663254110330095,1.0,1.0,1.6923142614993059,0.0,138396230.35649076,0.0,0.0,False,False,True,False,35185,9.360958562156765e+18,6.390414378432352e+17,0.0,1e+19,0.0,0.9360958562156765,0.06390414378432352,0.0,0.0,72256303327.3471,reference_p0,0.41663254110330095,False,True,N_below_support,lower_bound_Q0,0.11302252583269279,0.0968248321520278,0.00588968021709595,0.11375419105058357,0.07507775607983627,0.0254628540970504,0.11070066007050916,0.005487697351193036,0.09943242344413017,0.002211033043406226,0.04691494424753537,0.11948759779188561,0.019599998284005892,0.012737064754031531,0.011650822378108678,0.06618116611257162,0.07556475309333588
mixture_l1,1.0,1e+19,exponential,4096,fixed_ref,0.8047071577351047,reference_p0,first_question_reference,in,True,True,0.020995843809107347,69.84466499559211,0.41663254110330095,0.41663254110330095,1.0,1.0,1.6923383070141473,0.0,143174858.10306484,-2048.0,-2.048e-16,False,False,True,False,35185,8.798686062881278e+18,1.2013139371187238e+18,0.0,1.0000000000000002e+19,-2048.0,0.8798686062881278,0.12013139371187238,0.0,-2.048e-16,69844664995.59212,reference_p0,0.41663254110330095,False,True,N_below_support,lower_bound_Q0,0.11302252583269279,0.0968248321520278,0.00588968021709595,0.11375419105058357,0.07507775607983627,0.0254628540970504,0.11070066007050916,0.005487697351193036,0.09943242344413017,0.002211033043406226,0.04691494424753537,0.11948759779188561,0.019599998284005892,0.012737064754031531,0.011650822378108678,0.06618116611257162,0.07556475309333588
mixture_l1,1.0,1e+19,exponential,4096,mixture,0.8047071577351047,reference_p0,first_question_reference,in,True,True,0.020995843809107347,69.84466499559211,0.41663254110330095,0.41663254110330095,1.0,1.0,1.6923383070141473,0.0,143174858.10306484,-2048.0,-2.048e-16,False,False,True,False,35185,8.798686062881278e+18,1.2013139371187238e+18,0.0,1.0000000000000002e+19,-2048.0,0.8798686062881278,0.12013139371187238,0.0,-2.048e-16,69844664995.59212,reference_p0,0.41663254110330095,False,True,N_below_support,lower_bound_Q0,0.11302252583269279,0.0968248321520278,0.00588968021709595,0.11375419105058357,0.07507775607983627,0.0254628540970504,0.11070066007050916,0.005487697351193036,0.09943242344413017,0.002211033043406226,0.04691494424753537,0.11948759779188561,0.019599998284005892,0.012737064754031531,0.011650822378108678,0.06618116611257162,0.07556475309333588
mixture_l1,1.0,1e+19,exponential,8192,fixed_ref,0.8047071577351047,reference_p0,first_question_reference,in,True,True,0.019945273685572334,65.63834204082536,0.41663254110330095,0.41663254110330095,1.0,1.0,1.6923829409505353,0.0,152349978.5198757,0.0,0.0,False,False,True,False,35185,7.855048177628823e+18,2.1449518223711775e+18,0.0,1e+19,0.0,0.7855048177628823,0.21449518223711775,0.0,0.0,65638342040.82537,reference_p0,0.41663254110330095,False,True,N_below_support,lower_bound_Q0,0.11302252583269279,0.0968248321520278,0.00588968021709595,0.11375419105058357,0.07507775607983627,0.0254628540970504,0.11070066007050916,0.005487697351193036,0.09943242344413017,0.002211033043406226,0.04691494424753537,0.11948759779188561,0.019599998284005892,0.012737064754031531,0.011650822378108678,0.06618116611257162,0.07556475309333588
mixture_l1,1.0,1e+19,exponential,8192,mixture,0.8047071577351047,reference_p0,first_question_reference,in,True,True,0.019945273685572334,65.63834204082536,0.41663254110330095,0.41663254110330095,1.0,1.0,1.6923829409505353,0.0,152349978.5198757,0.0,0.0,False,False,True,False,35185,7.855048177628823e+18,2.1449518223711775e+18,0.0,1e+19,0.0,0.7855048177628823,0.21449518223711775,0.0,0.0,65638342040.82537,reference_p0,0.41663254110330095,False,True,N_below_support,lower_bound_Q0,0.11302252583269279,0.0968248321520278,0.00588968021709595,0.11375419105058357,0.07507775607983627,0.0254628540970504,0.11070066007050916,0.005487697351193036,0.09943242344413017,0.002211033043406226,0.04691494424753537,0.11948759779188561,0.019599998284005892,0.012737064754031531,0.011650822378108678,0.06618116611257162,0.07556475309333588
mixture_l1,1.0,1e+19,exponential,32768,fixed_ref,0.8047071577351047,reference_p0,first_question_reference,in,True,True,0.01593480182414592,49.990219868494165,0.41663254110330095,0.41663254110330095,1.0,1.0,1.6925878289987635,0.0,200039128.17959818,0.0,0.0,False,False,True,False,35185,4.779505480499618e+18,5.220494519500383e+18,0.0,1e+19,0.0,0.4779505480499618,0.5220494519500383,0.0,0.0,49990219868.49416,reference_p0,0.41663254110330095,False,True,N_below_support,lower_bound_Q0,0.11302252583269279,0.0968248321520278,0.00588968021709595,0.11375419105058357,0.07507775607983627,0.0254628540970504,0.11070066007050916,0.005487697351193036,0.09943242344413017,0.002211033043406226,0.04691494424753537,0.11948759779188561,0.019599998284005892,0.012737064754031531,0.011650822378108678,0.06618116611257162,0.07556475309333588
mixture_l1,1.0,1e+19,exponential,32768,mixture,0.8047071577351047,reference_p0,first_question_reference,in,True,True,0.01593480182414592,49.990219868494165,0.41663254110330095,0.41663254110330095,1.0,1.0,1.6925878289987635,0.0,200039128.17959818,0.0,0.0,False,False,True,False,35185,4.779505480499618e+18,5.220494519500383e+18,0.0,1e+19,0.0,0.4779505480499618,0.5220494519500383,0.0,0.0,49990219868.49416,reference_p0,0.41663254110330095,False,True,N_below_support,lower_bound_Q0,0.11302252583269279,0.0968248321520278,0.00588968021709595,0.11375419105058357,0.07507775607983627,0.0254628540970504,0.11070066007050916,0.005487697351193036,0.09943242344413017,0.002211033043406226,0.04691494424753537,0.11948759779188561,0.019599998284005892,0.012737064754031531,0.011650822378108678,0.06618116611257162,0.07556475309333588
mixture_l1,1.0,1e+19,exponential,131072,fixed_ref,0.8047071577351047,reference_p0,first_question_reference,in,True,True,0.010416136598831123,29.801854249581236,0.41663254110330095,0.41663254110330095,1.0,1.0,1.6930221433704056,0.0,335549590.8493853,0.0,0.0,False,False,True,False,35185,1.8625211085725637e+18,8.137478891427436e+18,0.0,1e+19,0.0,0.18625211085725638,0.8137478891427435,0.0,0.0,29801854249.581238,reference_p0,0.41663254110330095,False,True,N_below_support,lower_bound_Q0,0.11302252583269279,0.0968248321520278,0.00588968021709595,0.11375419105058357,0.07507775607983627,0.0254628540970504,0.11070066007050916,0.005487697351193036,0.09943242344413017,0.002211033043406226,0.04691494424753537,0.11948759779188561,0.019599998284005892,0.012737064754031531,0.011650822378108678,0.06618116611257162,0.07556475309333588
mixture_l1,1.0,1e+19,exponential,131072,mixture,0.8047071577351047,reference_p0,first_question_reference,in,True,True,0.010416136598831123,29.801854249581236,0.41663254110330095,0.41663254110330095,1.0,1.0,1.6930221433704056,0.0,335549590.8493853,0.0,0.0,False,False,True,False,35185,1.8625211085725637e+18,8.137478891427436e+18,0.0,1e+19,0.0,0.18625211085725638,0.8137478891427435,0.0,0.0,29801854249.581238,reference_p0,0.41663254110330095,False,True,N_below_support,lower_bound_Q0,0.11302252583269279,0.0968248321520278,0.00588968021709595,0.11375419105058357,0.07507775607983627,0.0254628540970504,0.11070066007050916,0.005487697351193036,0.09943242344413017,0.002211033043406226,0.04691494424753537,0.11948759779188561,0.019599998284005892,0.012737064754031531,0.011650822378108678,0.06618116611257162,0.07556475309333588
mixture_l1,1.0,1e+19,power,2048,fixed_ref,0.8047071577351047,reference_p0,first_question_reference,in,True,True,0.021592022958763536,72.25630332734711,0.41663254110330095,0.41663254110330095,1.0,1.0,1.6923142614993059,0.0,138396230.35649076,0.0,0.0,False,False,True,False,35185,9.360958562156765e+18,6.390414378432352e+17,0.0,1e+19,0.0,0.9360958562156765,0.06390414378432352,0.0,0.0,72256303327.3471,reference_p0,0.41663254110330095,False,True,N_below_support,lower_bound_Q0,0.11302252583269279,0.0968248321520278,0.00588968021709595,0.11375419105058357,0.07507775607983627,0.0254628540970504,0.11070066007050916,0.005487697351193036,0.09943242344413017,0.002211033043406226,0.04691494424753537,0.11948759779188561,0.019599998284005892,0.012737064754031531,0.011650822378108678,0.06618116611257162,0.07556475309333588
mixture_l1,1.0,1e+19,power,2048,mixture,0.8047071577351047,reference_p0,first_question_reference,in,True,True,0.021592022958763536,72.25630332734711,0.41663254110330095,0.41663254110330095,1.0,1.0,1.6923142614993059,0.0,138396230.35649076,0.0,0.0,False,False,True,False,35185,9.360958562156765e+18,6.390414378432352e+17,0.0,1e+19,0.0,0.9360958562156765,0.06390414378432352,0.0,0.0,72256303327.3471,reference_p0,0.41663254110330095,False,True,N_below_support,lower_bound_Q0,0.11302252583269279,0.0968248321520278,0.00588968021709595,0.11375419105058357,0.07507775607983627,0.0254628540970504,0.11070066007050916,0.005487697351193036,0.09943242344413017,0.002211033043406226,0.04691494424753537,0.11948759779188561,0.019599998284005892,0.012737064754031531,0.011650822378108678,0.06618116611257162,0.07556475309333588
mixture_l1,1.0,1e+19,power,4096,fixed_ref,0.8047071577351047,reference_p0,first_question_reference,in,True,True,0.020995843809107347,69.84466499559211,0.41663254110330095,0.41663254110330095,1.0,1.0,1.6923383070141473,0.0,143174858.10306484,-2048.0,-2.048e-16,False,False,True,False,35185,8.798686062881278e+18,1.2013139371187238e+18,0.0,1.0000000000000002e+19,-2048.0,0.8798686062881278,0.12013139371187238,0.0,-2.048e-16,69844664995.59212,reference_p0,0.41663254110330095,False,True,N_below_support,lower_bound_Q0,0.11302252583269279,0.0968248321520278,0.00588968021709595,0.11375419105058357,0.07507775607983627,0.0254628540970504,0.11070066007050916,0.005487697351193036,0.09943242344413017,0.002211033043406226,0.04691494424753537,0.11948759779188561,0.019599998284005892,0.012737064754031531,0.011650822378108678,0.06618116611257162,0.07556475309333588
mixture_l1,1.0,1e+19,power,4096,mixture,0.8047071577351047,reference_p0,first_question_reference,in,True,True,0.020995843809107347,69.84466499559211,0.41663254110330095,0.41663254110330095,1.0,1.0,1.6923383070141473,0.0,143174858.10306484,-2048.0,-2.048e-16,False,False,True,False,35185,8.798686062881278e+18,1.2013139371187238e+18,0.0,1.0000000000000002e+19,-2048.0,0.8798686062881278,0.12013139371187238,0.0,-2.048e-16,69844664995.59212,reference_p0,0.41663254110330095,False,True,N_below_support,lower_bound_Q0,0.11302252583269279,0.0968248321520278,0.00588968021709595,0.11375419105058357,0.07507775607983627,0.0254628540970504,0.11070066007050916,0.005487697351193036,0.09943242344413017,0.002211033043406226,0.04691494424753537,0.11948759779188561,0.019599998284005892,0.012737064754031531,0.011650822378108678,0.06618116611257162,0.07556475309333588
mixture_l1,1.0,1e+19,power,8192,fixed_ref,0.8047071577351047,reference_p0,first_question_reference,in,True,True,0.019945273685572334,65.63834204082536,0.41663254110330095,0.41663254110330095,1.0,1.0,1.6923829409505353,0.0,152349978.5198757,0.0,0.0,False,False,True,False,35185,7.855048177628823e+18,2.1449518223711775e+18,0.0,1e+19,0.0,0.7855048177628823,0.21449518223711775,0.0,0.0,65638342040.82537,reference_p0,0.41663254110330095,False,True,N_below_support,lower_bound_Q0,0.11302252583269279,0.0968248321520278,0.00588968021709595,0.11375419105058357,0.07507775607983627,0.0254628540970504,0.11070066007050916,0.005487697351193036,0.09943242344413017,0.002211033043406226,0.04691494424753537,0.11948759779188561,0.019599998284005892,0.012737064754031531,0.011650822378108678,0.06618116611257162,0.07556475309333588
mixture_l1,1.0,1e+19,power,8192,mixture,0.8047071577351047,reference_p0,first_question_reference,in,True,True,0.019945273685572334,65.63834204082536,0.41663254110330095,0.41663254110330095,1.0,1.0,1.6923829409505353,0.0,152349978.5198757,0.0,0.0,False,False,True,False,35185,7.855048177628823e+18,2.1449518223711775e+18,0.0,1e+19,0.0,0.7855048177628823,0.21449518223711775,0.0,0.0,65638342040.82537,reference_p0,0.41663254110330095,False,True,N_below_support,lower_bound_Q0,0.11302252583269279,0.0968248321520278,0.00588968021709595,0.11375419105058357,0.07507775607983627,0.0254628540970504,0.11070066007050916,0.005487697351193036,0.09943242344413017,0.002211033043406226,0.04691494424753537,0.11948759779188561,0.019599998284005892,0.012737064754031531,0.011650822378108678,0.06618116611257162,0.07556475309333588
mixture_l1,1.0,1e+19,power,32768,fixed_ref,0.8047071577351047,reference_p0,first_question_reference,in,True,True,0.01593480182414592,49.990219868494165,0.41663254110330095,0.41663254110330095,1.0,1.0,1.6925878289987635,0.0,200039128.17959818,0.0,0.0,False,False,True,False,35185,4.779505480499618e+18,5.220494519500383e+18,0.0,1e+19,0.0,0.4779505480499618,0.5220494519500383,0.0,0.0,49990219868.49416,reference_p0,0.41663254110330095,False,True,N_below_support,lower_bound_Q0,0.11302252583269279,0.0968248321520278,0.00588968021709595,0.11375419105058357,0.07507775607983627,0.0254628540970504,0.11070066007050916,0.005487697351193036,0.09943242344413017,0.002211033043406226,0.04691494424753537,0.11948759779188561,0.019599998284005892,0.012737064754031531,0.011650822378108678,0.06618116611257162,0.07556475309333588
mixture_l1,1.0,1e+19,power,32768,mixture,0.8047071577351047,reference_p0,first_question_reference,in,True,True,0.01593480182414592,49.990219868494165,0.41663254110330095,0.41663254110330095,1.0,1.0,1.6925878289987635,0.0,200039128.17959818,0.0,0.0,False,False,True,False,35185,4.779505480499618e+18,5.220494519500383e+18,0.0,1e+19,0.0,0.4779505480499618,0.5220494519500383,0.0,0.0,49990219868.49416,reference_p0,0.41663254110330095,False,True,N_below_support,lower_bound_Q0,0.11302252583269279,0.0968248321520278,0.00588968021709595,0.11375419105058357,0.07507775607983627,0.0254628540970504,0.11070066007050916,0.005487697351193036,0.09943242344413017,0.002211033043406226,0.04691494424753537,0.11948759779188561,0.019599998284005892,0.012737064754031531,0.011650822378108678,0.06618116611257162,0.07556475309333588
mixture_l1,1.0,1e+19,power,131072,fixed_ref,0.8047071577351047,reference_p0,first_question_reference,in,True,True,0.010416136598831123,29.801854249581236,0.41663254110330095,0.41663254110330095,1.0,1.0,1.6930221433704056,0.0,335549590.8493853,0.0,0.0,False,False,True,False,35185,1.8625211085725637e+18,8.137478891427436e+18,0.0,1e+19,0.0,0.18625211085725638,0.8137478891427435,0.0,0.0,29801854249.581238,reference_p0,0.41663254110330095,False,True,N_below_support,lower_bound_Q0,0.11302252583269279,0.0968248321520278,0.00588968021709595,0.11375419105058357,0.07507775607983627,0.0254628540970504,0.11070066007050916,0.005487697351193036,0.09943242344413017,0.002211033043406226,0.04691494424753537,0.11948759779188561,0.019599998284005892,0.012737064754031531,0.011650822378108678,0.06618116611257162,0.07556475309333588
mixture_l1,1.0,1e+19,power,131072,mixture,0.8047071577351047,reference_p0,first_question_reference,in,True,True,0.010416136598831123,29.801854249581236,0.41663254110330095,0.41663254110330095,1.0,1.0,1.6930221433704056,0.0,335549590.8493853,0.0,0.0,False,False,True,False,35185,1.8625211085725637e+18,8.137478891427436e+18,0.0,1e+19,0.0,0.18625211085725638,0.8137478891427435,0.0,0.0,29801854249.581238,reference_p0,0.41663254110330095,False,True,N_below_support,lower_bound_Q0,0.11302252583269279,0.0968248321520278,0.00588968021709595,0.11375419105058357,0.07507775607983627,0.0254628540970504,0.11070066007050916,0.005487697351193036,0.09943242344413017,0.002211033043406226,0.04691494424753537,0.11948759779188561,0.019599998284005892,0.012737064754031531,0.011650822378108678,0.06618116611257162,0.07556475309333588
mixture_l1,1.0,1e+19,logarithmic,2048,fixed_ref,0.8047071577351047,reference_p0,first_question_reference,in,True,True,0.021592022958763536,72.25630332734711,0.41663254110330095,0.41663254110330095,1.0,1.0,1.6923142614993059,0.0,138396230.35649076,0.0,0.0,False,False,True,False,35185,9.360958562156765e+18,6.390414378432352e+17,0.0,1e+19,0.0,0.9360958562156765,0.06390414378432352,0.0,0.0,72256303327.3471,reference_p0,0.41663254110330095,False,True,N_below_support,lower_bound_Q0,0.11302252583269279,0.0968248321520278,0.00588968021709595,0.11375419105058357,0.07507775607983627,0.0254628540970504,0.11070066007050916,0.005487697351193036,0.09943242344413017,0.002211033043406226,0.04691494424753537,0.11948759779188561,0.019599998284005892,0.012737064754031531,0.011650822378108678,0.06618116611257162,0.07556475309333588
mixture_l1,1.0,1e+19,logarithmic,2048,mixture,0.8047071577351047,reference_p0,first_question_reference,in,True,True,0.021592022958763536,72.25630332734711,0.41663254110330095,0.41663254110330095,1.0,1.0,1.6923142614993059,0.0,138396230.35649076,0.0,0.0,False,False,True,False,35185,9.360958562156765e+18,6.390414378432352e+17,0.0,1e+19,0.0,0.9360958562156765,0.06390414378432352,0.0,0.0,72256303327.3471,reference_p0,0.41663254110330095,False,True,N_below_support,lower_bound_Q0,0.11302252583269279,0.0968248321520278,0.00588968021709595,0.11375419105058357,0.07507775607983627,0.0254628540970504,0.11070066007050916,0.005487697351193036,0.09943242344413017,0.002211033043406226,0.04691494424753537,0.11948759779188561,0.019599998284005892,0.012737064754031531,0.011650822378108678,0.06618116611257162,0.07556475309333588
mixture_l1,1.0,1e+19,logarithmic,4096,fixed_ref,0.8047071577351047,reference_p0,first_question_reference,in,True,True,0.020995843809107347,69.84466499559211,0.41663254110330095,0.41663254110330095,1.0,1.0,1.6923383070141473,0.0,143174858.10306484,-2048.0,-2.048e-16,False,False,True,False,35185,8.798686062881278e+18,1.2013139371187238e+18,0.0,1.0000000000000002e+19,-2048.0,0.8798686062881278,0.12013139371187238,0.0,-2.048e-16,69844664995.59212,reference_p0,0.41663254110330095,False,True,N_below_support,lower_bound_Q0,0.11302252583269279,0.0968248321520278,0.00588968021709595,0.11375419105058357,0.07507775607983627,0.0254628540970504,0.11070066007050916,0.005487697351193036,0.09943242344413017,0.002211033043406226,0.04691494424753537,0.11948759779188561,0.019599998284005892,0.012737064754031531,0.011650822378108678,0.06618116611257162,0.07556475309333588
mixture_l1,1.0,1e+19,logarithmic,4096,mixture,0.8047071577351047,reference_p0,first_question_reference,in,True,True,0.020995843809107347,69.84466499559211,0.41663254110330095,0.41663254110330095,1.0,1.0,1.6923383070141473,0.0,143174858.10306484,-2048.0,-2.048e-16,False,False,True,False,35185,8.798686062881278e+18,1.2013139371187238e+18,0.0,1.0000000000000002e+19,-2048.0,0.8798686062881278,0.12013139371187238,0.0,-2.048e-16,69844664995.59212,reference_p0,0.41663254110330095,False,True,N_below_support,lower_bound_Q0,0.11302252583269279,0.0968248321520278,0.00588968021709595,0.11375419105058357,0.07507775607983627,0.0254628540970504,0.11070066007050916,0.005487697351193036,0.09943242344413017,0.002211033043406226,0.04691494424753537,0.11948759779188561,0.019599998284005892,0.012737064754031531,0.011650822378108678,0.06618116611257162,0.07556475309333588
mixture_l1,1.0,1e+19,logarithmic,8192,fixed_ref,0.8047071577351047,reference_p0,first_question_reference,in,True,True,0.019945273685572334,65.63834204082536,0.41663254110330095,0.41663254110330095,1.0,1.0,1.6923829409505353,0.0,152349978.5198757,0.0,0.0,False,False,True,False,35185,7.855048177628823e+18,2.1449518223711775e+18,0.0,1e+19,0.0,0.7855048177628823,0.21449518223711775,0.0,0.0,65638342040.82537,reference_p0,0.41663254110330095,False,True,N_below_support,lower_bound_Q0,0.11302252583269279,0.0968248321520278,0.00588968021709595,0.11375419105058357,0.07507775607983627,0.0254628540970504,0.11070066007050916,0.005487697351193036,0.09943242344413017,0.002211033043406226,0.04691494424753537,0.11948759779188561,0.019599998284005892,0.012737064754031531,0.011650822378108678,0.06618116611257162,0.07556475309333588
mixture_l1,1.0,1e+19,logarithmic,8192,mixture,0.8047071577351047,reference_p0,first_question_reference,in,True,True,0.019945273685572334,65.63834204082536,0.41663254110330095,0.41663254110330095,1.0,1.0,1.6923829409505353,0.0,152349978.5198757,0.0,0.0,False,False,True,False,35185,7.855048177628823e+18,2.1449518223711775e+18,0.0,1e+19,0.0,0.7855048177628823,0.21449518223711775,0.0,0.0,65638342040.82537,reference_p0,0.41663254110330095,False,True,N_below_support,lower_bound_Q0,0.11302252583269279,0.0968248321520278,0.00588968021709595,0.11375419105058357,0.07507775607983627,0.0254628540970504,0.11070066007050916,0.005487697351193036,0.09943242344413017,0.002211033043406226,0.04691494424753537,0.11948759779188561,0.019599998284005892,0.012737064754031531,0.011650822378108678,0.06618116611257162,0.07556475309333588
mixture_l1,1.0,1e+19,logarithmic,32768,fixed_ref,0.8047071577351047,reference_p0,first_question_reference,in,True,True,0.01593480182414592,49.990219868494165,0.41663254110330095,0.41663254110330095,1.0,1.0,1.6925878289987635,0.0,200039128.17959818,0.0,0.0,False,False,True,False,35185,4.779505480499618e+18,5.220494519500383e+18,0.0,1e+19,0.0,0.4779505480499618,0.5220494519500383,0.0,0.0,49990219868.49416,reference_p0,0.41663254110330095,False,True,N_below_support,lower_bound_Q0,0.11302252583269279,0.0968248321520278,0.00588968021709595,0.11375419105058357,0.07507775607983627,0.0254628540970504,0.11070066007050916,0.005487697351193036,0.09943242344413017,0.002211033043406226,0.04691494424753537,0.11948759779188561,0.019599998284005892,0.012737064754031531,0.011650822378108678,0.06618116611257162,0.07556475309333588
mixture_l1,1.0,1e+19,logarithmic,32768,mixture,0.8047071577351047,reference_p0,first_question_reference,in,True,True,0.01593480182414592,49.990219868494165,0.41663254110330095,0.41663254110330095,1.0,1.0,1.6925878289987635,0.0,200039128.17959818,0.0,0.0,False,False,True,False,35185,4.779505480499618e+18,5.220494519500383e+18,0.0,1e+19,0.0,0.4779505480499618,0.5220494519500383,0.0,0.0,49990219868.49416,reference_p0,0.41663254110330095,False,True,N_below_support,lower_bound_Q0,0.11302252583269279,0.0968248321520278,0.00588968021709595,0.11375419105058357,0.07507775607983627,0.0254628540970504,0.11070066007050916,0.005487697351193036,0.09943242344413017,0.002211033043406226,0.04691494424753537,0.11948759779188561,0.019599998284005892,0.012737064754031531,0.011650822378108678,0.06618116611257162,0.07556475309333588
mixture_l1,1.0,1e+19,logarithmic,131072,fixed_ref,0.8047071577351047,reference_p0,first_question_reference,in,True,True,0.010416136598831123,29.801854249581236,0.41663254110330095,0.41663254110330095,1.0,1.0,1.6930221433704056,0.0,335549590.8493853,0.0,0.0,False,False,True,False,35185,1.8625211085725637e+18,8.137478891427436e+18,0.0,1e+19,0.0,0.18625211085725638,0.8137478891427435,0.0,0.0,29801854249.581238,reference_p0,0.41663254110330095,False,True,N_below_support,lower_bound_Q0,0.11302252583269279,0.0968248321520278,0.00588968021709595,0.11375419105058357,0.07507775607983627,0.0254628540970504,0.11070066007050916,0.005487697351193036,0.09943242344413017,0.002211033043406226,0.04691494424753537,0.11948759779188561,0.019599998284005892,0.012737064754031531,0.011650822378108678,0.06618116611257162,0.07556475309333588
mixture_l1,1.0,1e+19,logarithmic,131072,mixture,0.8047071577351047,reference_p0,first_question_reference,in,True,True,0.010416136598831123,29.801854249581236,0.41663254110330095,0.41663254110330095,1.0,1.0,1.6930221433704056,0.0,335549590.8493853,0.0,0.0,False,False,True,False,35185,1.8625211085725637e+18,8.137478891427436e+18,0.0,1e+19,0.0,0.18625211085725638,0.8137478891427435,0.0,0.0,29801854249.581238,reference_p0,0.41663254110330095,False,True,N_below_support,lower_bound_Q0,0.11302252583269279,0.0968248321520278,0.00588968021709595,0.11375419105058357,0.07507775607983627,0.0254628540970504,0.11070066007050916,0.005487697351193036,0.09943242344413017,0.002211033043406226,0.04691494424753537,0.11948759779188561,0.019599998284005892,0.012737064754031531,0.011650822378108678,0.06618116611257162,0.07556475309333588
mixture_l1,1.0,1e+22,exponential,2048,fixed_ref,0.8047071577351047,reference_p0,first_question_reference,in,True,True,0.7390832048187815,1786.5544052099483,0.7644906677270099,0.41663254110330095,1.0,1.0,1.690630005622433,860138914.5713452,5597366624.177808,2097152.0,2.097152e-16,False,False,False,False,35185,7.922474132314083e+21,5.408409007659748e+20,1.53668496691994e+21,9.999999999999998e+21,2097152.0,0.7922474132314083,0.05408409007659748,0.153668496691994,2.097152e-16,1786554405209.9482,reference_p0,0.41663254110330095,True,False,D_above_support;Q_above_A_supported,interior,0.11302252583269279,0.0968248321520278,0.00588968021709595,0.11375419105058357,0.07507775607983627,0.0254628540970504,0.11070066007050916,0.005487697351193036,0.09943242344413017,0.002211033043406226,0.04691494424753537,0.11948759779188561,0.019599998284005892,0.012737064754031531,0.011650822378108678,0.06618116611257162,0.07556475309333588
mixture_l1,1.0,1e+22,exponential,2048,mixture,0.8047071577351047,reference_p0,first_question_reference,in,True,True,0.7390832048187815,1786.5544052099483,0.7644906677270099,0.41663254110330095,1.0,1.0,1.690630005622433,860138914.5713452,5597366624.177808,2097152.0,2.097152e-16,False,False,False,False,35185,7.922474132314083e+21,5.408409007659748e+20,1.53668496691994e+21,9.999999999999998e+21,2097152.0,0.7922474132314083,0.05408409007659748,0.153668496691994,2.097152e-16,1786554405209.9482,reference_p0,0.41663254110330095,True,False,D_above_support;Q_above_A_supported,interior,0.11302252583269279,0.0968248321520278,0.00588968021709595,0.11375419105058357,0.07507775607983627,0.0254628540970504,0.11070066007050916,0.005487697351193036,0.09943242344413017,0.002211033043406226,0.04691494424753537,0.11948759779188561,0.019599998284005892,0.012737064754031531,0.011650822378108678,0.06618116611257162,0.07556475309333588
mixture_l1,1.0,1e+22,exponential,4096,fixed_ref,0.8047071577351047,reference_p0,first_question_reference,in,True,True,0.7202666946511164,1723.8166870950865,0.7693909543817422,0.41663254110330095,1.0,1.0,1.690637236516379,889438221.8357941,5801080866.000688,0.0,0.0,False,False,False,False,35185,7.449646484390494e+21,1.0171250666687821e+21,1.533228448940723e+21,1e+22,0.0,0.7449646484390494,0.10171250666687821,0.1533228448940723,0.0,1723816687095.0864,reference_p0,0.41663254110330095,True,False,D_above_support;Q_above_A_supported,interior,0.11302252583269279,0.0968248321520278,0.00588968021709595,0.11375419105058357,0.07507775607983627,0.0254628540970504,0.11070066007050916,0.005487697351193036,0.09943242344413017,0.002211033043406226,0.04691494424753537,0.11948759779188561,0.019599998284005892,0.012737064754031531,0.011650822378108678,0.06618116611257162,0.07556475309333588
mixture_l1,1.0,1e+22,exponential,4096,mixture,0.8047071577351047,reference_p0,first_question_reference,in,True,True,0.7202666946511164,1723.8166870950865,0.7693909543817422,0.41663254110330095,1.0,1.0,1.690637236516379,889438221.8357941,5801080866.000688,0.0,0.0,False,False,False,False,35185,7.449646484390494e+21,1.0171250666687821e+21,1.533228448940723e+21,1e+22,0.0,0.7449646484390494,0.10171250666687821,0.1533228448940723,0.0,1723816687095.0864,reference_p0,0.41663254110330095,True,False,D_above_support;Q_above_A_supported,interior,0.11302252583269279,0.0968248321520278,0.00588968021709595,0.11375419105058357,0.07507775607983627,0.0254628540970504,0.11070066007050916,0.005487697351193036,0.09943242344413017,0.002211033043406226,0.04691494424753537,0.11948759779188561,0.019599998284005892,0.012737064754031531,0.011650822378108678,0.06618116611257162,0.07556475309333588
mixture_l1,1.0,1e+22,exponential,8192,fixed_ref,0.8047071577351047,reference_p0,first_question_reference,in,True,True,0.6864148438890036,1616.1073519237568,0.7782425832914014,0.41663254110330095,1.0,1.0,1.690650647113936,944596614.8964548,6187707758.4582205,0.0,0.0,False,False,False,False,35185,6.655920454071699e+21,1.8175100119918455e+21,1.5265695339364543e+21,1e+22,0.0,0.66559204540717,0.18175100119918455,0.15265695339364543,0.0,1616107351923.7568,reference_p0,0.41663254110330095,True,False,D_above_support;Q_above_A_supported,interior,0.11302252583269279,0.0968248321520278,0.00588968021709595,0.11375419105058357,0.07507775607983627,0.0254628540970504,0.11070066007050916,0.005487697351193036,0.09943242344413017,0.002211033043406226,0.04691494424753537,0.11948759779188561,0.019599998284005892,0.012737064754031531,0.011650822378108678,0.06618116611257162,0.07556475309333588
mixture_l1,1.0,1e+22,exponential,8192,mixture,0.8047071577351047,reference_p0,first_question_reference,in,True,True,0.6864148438890036,1616.1073519237568,0.7782425832914014,0.41663254110330095,1.0,1.0,1.690650647113936,944596614.8964548,6187707758.4582205,0.0,0.0,False,False,False,False,35185,6.655920454071699e+21,1.8175100119918455e+21,1.5265695339364543e+21,1e+22,0.0,0.66559204540717,0.18175100119918455,0.15265695339364543,0.0,1616107351923.7568,reference_p0,0.41663254110330095,True,False,D_above_support;Q_above_A_supported,interior,0.11302252583269279,0.0968248321520278,0.00588968021709595,0.11375419105058357,0.07507775607983627,0.0254628540970504,0.11070066007050916,0.005487697351193036,0.09943242344413017,0.002211033043406226,0.04691494424753537,0.11948759779188561,0.019599998284005892,0.012737064754031531,0.011650822378108678,0.06618116611257162,0.07556475309333588
mixture_l1,1.0,1e+22,exponential,32768,fixed_ref,0.8047071577351047,reference_p0,first_question_reference,in,True,True,0.5557165531616646,1219.440588216475,0.817055964889995,0.41663254110330095,1.0,1.0,1.6907120322117328,1224238191.3354754,8200481513.105747,-2097152.0,-2.097152e-16,False,False,False,False,35185,4.0659799228145536e+21,4.441134337026243e+21,1.4928857401592054e+21,1.0000000000000002e+22,-2097152.0,0.4065979922814554,0.4441134337026243,0.14928857401592055,-2.097152e-16,1219440588216.4749,reference_p0,0.41663254110330095,True,False,D_above_support;Q_above_A_supported,interior,0.11302252583269279,0.0968248321520278,0.00588968021709595,0.11375419105058357,0.07507775607983627,0.0254628540970504,0.11070066007050916,0.005487697351193036,0.09943242344413017,0.002211033043406226,0.04691494424753537,0.11948759779188561,0.019599998284005892,0.012737064754031531,0.011650822378108678,0.06618116611257162,0.07556475309333588
mixture_l1,1.0,1e+22,exponential,32768,mixture,0.8047071577351047,reference_p0,first_question_reference,in,True,True,0.5557165531616646,1219.440588216475,0.817055964889995,0.41663254110330095,1.0,1.0,1.6907120322117328,1224238191.3354754,8200481513.105747,-2097152.0,-2.097152e-16,False,False,False,False,35185,4.0659799228145536e+21,4.441134337026243e+21,1.4928857401592054e+21,1.0000000000000002e+22,-2097152.0,0.4065979922814554,0.4441134337026243,0.14928857401592055,-2.097152e-16,1219440588216.4749,reference_p0,0.41663254110330095,True,False,D_above_support;Q_above_A_supported,interior,0.11302252583269279,0.0968248321520278,0.00588968021709595,0.11375419105058357,0.07507775607983627,0.0254628540970504,0.11070066007050916,0.005487697351193036,0.09943242344413017,0.002211033043406226,0.04691494424753537,0.11948759779188561,0.019599998284005892,0.012737064754031531,0.011650822378108678,0.06618116611257162,0.07556475309333588
mixture_l1,1.0,1e+22,exponential,131072,fixed_ref,0.8047071577351047,reference_p0,first_question_reference,in,True,True,0.3708286954532517,718.3964746671064,0.8908402810912497,0.41663254110330095,1.0,1.0,1.690841381768011,1973866207.1642714,13919890133.973503,-2097152.0,-2.097152e-16,False,False,False,False,35185,1.5984121651141086e+21,6.983569310194548e+21,1.418018524691345e+21,1.0000000000000002e+22,-2097152.0,0.15984121651141087,0.6983569310194547,0.1418018524691345,-2.097152e-16,718396474667.1064,reference_p0,0.41663254110330095,True,False,D_above_support;Q_above_A_supported,interior,0.11302252583269279,0.0968248321520278,0.00588968021709595,0.11375419105058357,0.07507775607983627,0.0254628540970504,0.11070066007050916,0.005487697351193036,0.09943242344413017,0.002211033043406226,0.04691494424753537,0.11948759779188561,0.019599998284005892,0.012737064754031531,0.011650822378108678,0.06618116611257162,0.07556475309333588
mixture_l1,1.0,1e+22,exponential,131072,mixture,0.8047071577351047,reference_p0,first_question_reference,in,True,True,0.3708286954532517,718.3964746671064,0.8908402810912497,0.41663254110330095,1.0,1.0,1.690841381768011,1973866207.1642714,13919890133.973503,-2097152.0,-2.097152e-16,False,False,False,False,35185,1.5984121651141086e+21,6.983569310194548e+21,1.418018524691345e+21,1.0000000000000002e+22,-2097152.0,0.15984121651141087,0.6983569310194547,0.1418018524691345,-2.097152e-16,718396474667.1064,reference_p0,0.41663254110330095,True,False,D_above_support;Q_above_A_supported,interior,0.11302252583269279,0.0968248321520278,0.00588968021709595,0.11375419105058357,0.07507775607983627,0.0254628540970504,0.11070066007050916,0.005487697351193036,0.09943242344413017,0.002211033043406226,0.04691494424753537,0.11948759779188561,0.019599998284005892,0.012737064754031531,0.011650822378108678,0.06618116611257162,0.07556475309333588
mixture_l1,1.0,1e+22,power,2048,fixed_ref,0.8047071577351047,reference_p0,first_question_reference,in,True,True,0.7340179266611321,1754.0608890521355,0.6920597640303958,0.41663254110330095,1.0,1.0,1.6906445121898166,996295064.4801215,5701056367.2073145,2097152.0,2.097152e-16,False,False,False,False,35185,7.725072822116583e+21,5.273649713231588e+20,1.7475622065602565e+21,9.999999999999998e+21,2097152.0,0.7725072822116583,0.05273649713231588,0.17475622065602564,2.097152e-16,1754060889052.1355,reference_p0,0.41663254110330095,True,False,D_above_support;Q_above_A_supported,interior,0.11302252583269279,0.0968248321520278,0.00588968021709595,0.11375419105058357,0.07507775607983627,0.0254628540970504,0.11070066007050916,0.005487697351193036,0.09943242344413017,0.002211033043406226,0.04691494424753537,0.11948759779188561,0.019599998284005892,0.012737064754031531,0.011650822378108678,0.06618116611257162,0.07556475309333588
mixture_l1,1.0,1e+22,power,2048,mixture,0.8047071577351047,reference_p0,first_question_reference,in,True,True,0.7340179266611321,1754.0608890521355,0.6920597640303958,0.41663254110330095,1.0,1.0,1.6906445121898166,996295064.4801215,5701056367.2073145,2097152.0,2.097152e-16,False,False,False,False,35185,7.725072822116583e+21,5.273649713231588e+20,1.7475622065602565e+21,9.999999999999998e+21,2097152.0,0.7725072822116583,0.05273649713231588,0.17475622065602564,2.097152e-16,1754060889052.1355,reference_p0,0.41663254110330095,True,False,D_above_support;Q_above_A_supported,interior,0.11302252583269279,0.0968248321520278,0.00588968021709595,0.11375419105058357,0.07507775607983627,0.0254628540970504,0.11070066007050916,0.005487697351193036,0.09943242344413017,0.002211033043406226,0.04691494424753537,0.11948759779188561,0.019599998284005892,0.012737064754031531,0.011650822378108678,0.06618116611257162,0.07556475309333588
mixture_l1,1.0,1e+22,power,4096,fixed_ref,0.8047071577351047,reference_p0,first_question_reference,in,True,True,0.7174417842712534,1684.6655361572473,0.6990757300027267,0.41663254110330095,1.0,1.0,1.690651755841625,1043517330.5146822,5935896345.817213,0.0,0.0,False,False,False,False,35185,7.251896688965659e+21,9.901256279334447e+20,1.7579776831008966e+21,1e+22,0.0,0.7251896688965659,0.09901256279334447,0.17579776831008967,0.0,1684665536157.2473,reference_p0,0.41663254110330095,True,False,D_above_support;Q_above_A_supported,interior,0.11302252583269279,0.0968248321520278,0.00588968021709595,0.11375419105058357,0.07507775607983627,0.0254628540970504,0.11070066007050916,0.005487697351193036,0.09943242344413017,0.002211033043406226,0.04691494424753537,0.11948759779188561,0.019599998284005892,0.012737064754031531,0.011650822378108678,0.06618116611257162,0.07556475309333588
mixture_l1,1.0,1e+22,power,4096,mixture,0.8047071577351047,reference_p0,first_question_reference,in,True,True,0.7174417842712534,1684.6655361572473,0.6990757300027267,0.41663254110330095,1.0,1.0,1.690651755841625,1043517330.5146822,5935896345.817213,0.0,0.0,False,False,False,False,35185,7.251896688965659e+21,9.901256279334447e+20,1.7579776831008966e+21,1e+22,0.0,0.7251896688965659,0.09901256279334447,0.17579776831008967,0.0,1684665536157.2473,reference_p0,0.41663254110330095,True,False,D_above_support;Q_above_A_supported,interior,0.11302252583269279,0.0968248321520278,0.00588968021709595,0.11375419105058357,0.07507775607983627,0.0254628540970504,0.11070066007050916,0.005487697351193036,0.09943242344413017,0.002211033043406226,0.04691494424753537,0.11948759779188561,0.019599998284005892,0.012737064754031531,0.011650822378108678,0.06618116611257162,0.07556475309333588
mixture_l1,1.0,1e+22,power,8192,fixed_ref,0.8047071577351047,reference_p0,first_question_reference,in,True,True,0.6881028131028888,1564.6709925934697,0.7121120481508717,0.41663254110330095,1.0,1.0,1.6906651687924776,1135115424.983025,6391119952.588131,0.0,0.0,False,False,False,False,35185,6.459927069504336e+21,1.7639907517793174e+21,1.7760821787163482e+21,1e+22,0.0,0.6459927069504335,0.17639907517793174,0.1776082178716348,0.0,1564670992593.4697,reference_p0,0.41663254110330095,True,False,D_above_support;Q_above_A_supported,interior,0.11302252583269279,0.0968248321520278,0.00588968021709595,0.11375419105058357,0.07507775607983627,0.0254628540970504,0.11070066007050916,0.005487697351193036,0.09943242344413017,0.002211033043406226,0.04691494424753537,0.11948759779188561,0.019599998284005892,0.012737064754031531,0.011650822378108678,0.06618116611257162,0.07556475309333588
mixture_l1,1.0,1e+22,power,8192,mixture,0.8047071577351047,reference_p0,first_question_reference,in,True,True,0.6881028131028888,1564.6709925934697,0.7121120481508717,0.41663254110330095,1.0,1.0,1.6906651687924776,1135115424.983025,6391119952.588131,0.0,0.0,False,False,False,False,35185,6.459927069504336e+21,1.7639907517793174e+21,1.7760821787163482e+21,1e+22,0.0,0.6459927069504335,0.17639907517793174,0.1776082178716348,0.0,1564670992593.4697,reference_p0,0.41663254110330095,True,False,D_above_support;Q_above_A_supported,interior,0.11302252583269279,0.0968248321520278,0.00588968021709595,0.11375419105058357,0.07507775607983627,0.0254628540970504,0.11070066007050916,0.005487697351193036,0.09943242344413017,0.002211033043406226,0.04691494424753537,0.11948759779188561,0.019599998284005892,0.012737064754031531,0.011650822378108678,0.06618116611257162,0.07556475309333588
mixture_l1,1.0,1e+22,power,32768,fixed_ref,0.8047071577351047,reference_p0,first_question_reference,in,True,True,0.5712155216230432,1137.8921687655877,0.7711332785256471,0.41663254110330095,1.0,1.0,1.6907262369081466,1617367773.4330606,8788178945.680096,2097152.0,2.097152e-16,False,False,False,False,35185,3.8998900123932657e+21,4.2597198642034183e+21,1.840390123403315e+21,9.999999999999998e+21,2097152.0,0.38998900123932656,0.42597198642034184,0.1840390123403315,2.097152e-16,1137892168765.5876,reference_p0,0.41663254110330095,True,False,D_above_support;Q_above_A_supported,interior,0.11302252583269279,0.0968248321520278,0.00588968021709595,0.11375419105058357,0.07507775607983627,0.0254628540970504,0.11070066007050916,0.005487697351193036,0.09943242344413017,0.002211033043406226,0.04691494424753537,0.11948759779188561,0.019599998284005892,0.012737064754031531,0.011650822378108678,0.06618116611257162,0.07556475309333588
mixture_l1,1.0,1e+22,power,32768,mixture,0.8047071577351047,reference_p0,first_question_reference,in,True,True,0.5712155216230432,1137.8921687655877,0.7711332785256471,0.41663254110330095,1.0,1.0,1.6907262369081466,1617367773.4330606,8788178945.680096,2097152.0,2.097152e-16,False,False,False,False,35185,3.8998900123932657e+21,4.2597198642034183e+21,1.840390123403315e+21,9.999999999999998e+21,2097152.0,0.38998900123932656,0.42597198642034184,0.1840390123403315,2.097152e-16,1137892168765.5876,reference_p0,0.41663254110330095,True,False,D_above_support;Q_above_A_supported,interior,0.11302252583269279,0.0968248321520278,0.00588968021709595,0.11375419105058357,0.07507775607983627,0.0254628540970504,0.11070066007050916,0.005487697351193036,0.09943242344413017,0.002211033043406226,0.04691494424753537,0.11948759779188561,0.019599998284005892,0.012737064754031531,0.011650822378108678,0.06618116611257162,0.07556475309333588
mixture_l1,1.0,1e+22,power,131072,fixed_ref,0.8047071577351047,reference_p0,first_question_reference,in,True,True,0.39810717055349687,630.2788037207847,0.8938582354119419,0.41663254110330095,1.0,1.0,1.6908534107698188,3041210812.0867987,15865994447.165367,-2097152.0,-2.097152e-16,False,False,False,False,35185,1.5055110672547465e+21,6.577678220240472e+21,1.9168107125047836e+21,1.0000000000000002e+22,-2097152.0,0.15055110672547464,0.6577678220240472,0.19168107125047837,-2.097152e-16,630278803720.7847,reference_p0,0.41663254110330095,True,False,D_above_support;Q_above_A_supported,interior,0.11302252583269279,0.0968248321520278,0.00588968021709595,0.11375419105058357,0.07507775607983627,0.0254628540970504,0.11070066007050916,0.005487697351193036,0.09943242344413017,0.002211033043406226,0.04691494424753537,0.11948759779188561,0.019599998284005892,0.012737064754031531,0.011650822378108678,0.06618116611257162,0.07556475309333588
mixture_l1,1.0,1e+22,power,131072,mixture,0.8047071577351047,reference_p0,first_question_reference,in,True,True,0.39810717055349687,630.2788037207847,0.8938582354119419,0.41663254110330095,1.0,1.0,1.6908534107698188,3041210812.0867987,15865994447.165367,-2097152.0,-2.097152e-16,False,False,False,False,35185,1.5055110672547465e+21,6.577678220240472e+21,1.9168107125047836e+21,1.0000000000000002e+22,-2097152.0,0.15055110672547464,0.6577678220240472,0.19168107125047837,-2.097152e-16,630278803720.7847,reference_p0,0.41663254110330095,True,False,D_above_support;Q_above_A_supported,interior,0.11302252583269279,0.0968248321520278,0.00588968021709595,0.11375419105058357,0.07507775607983627,0.0254628540970504,0.11070066007050916,0.005487697351193036,0.09943242344413017,0.002211033043406226,0.04691494424753537,0.11948759779188561,0.019599998284005892,0.012737064754031531,0.011650822378108678,0.06618116611257162,0.07556475309333588
mixture_l1,1.0,1e+22,logarithmic,2048,fixed_ref,0.8047071577351047,reference_p0,first_question_reference,in,True,True,0.883785082255996,1393.4998168928687,1.0,0.41663254110330095,1.0,1.0,1.6906143089563717,1511467178.400249,7176176041.628281,0.0,0.0,False,False,False,True,35185,7.389326101778276e+21,5.044446618813969e+20,2.1062292363403277e+21,1e+22,0.0,0.7389326101778275,0.05044446618813969,0.21062292363403276,0.0,1393499816892.8687,reference_p0,0.41663254110330095,True,False,D_above_support;Q_above_A_supported,upper_bound,0.11302252583269279,0.0968248321520278,0.00588968021709595,0.11375419105058357,0.07507775607983627,0.0254628540970504,0.11070066007050916,0.005487697351193036,0.09943242344413017,0.002211033043406226,0.04691494424753537,0.11948759779188561,0.019599998284005892,0.012737064754031531,0.011650822378108678,0.06618116611257162,0.07556475309333588
mixture_l1,1.0,1e+22,logarithmic,2048,mixture,0.8047071577351047,reference_p0,first_question_reference,in,True,True,0.883785082255996,1393.4998168928687,1.0,0.41663254110330095,1.0,1.0,1.6906143089563717,1511467178.400249,7176176041.628281,0.0,0.0,False,False,False,True,35185,7.389326101778276e+21,5.044446618813969e+20,2.1062292363403277e+21,1e+22,0.0,0.7389326101778275,0.05044446618813969,0.21062292363403276,0.0,1393499816892.8687,reference_p0,0.41663254110330095,True,False,D_above_support;Q_above_A_supported,upper_bound,0.11302252583269279,0.0968248321520278,0.00588968021709595,0.11375419105058357,0.07507775607983627,0.0254628540970504,0.11070066007050916,0.005487697351193036,0.09943242344413017,0.002211033043406226,0.04691494424753537,0.11948759779188561,0.019599998284005892,0.012737064754031531,0.011650822378108678,0.06618116611257162,0.07556475309333588
mixture_l1,1.0,1e+22,logarithmic,4096,fixed_ref,0.8047071577351047,reference_p0,first_question_reference,in,True,True,0.8537027230038308,1363.6915087594743,1.0,0.41663254110330095,1.0,1.0,1.6906211238650943,1511467178.400249,7333036787.107973,2097152.0,2.097152e-16,False,False,False,True,35185,6.985122926190993e+21,9.537021168559438e+20,2.0611749569530613e+21,9.999999999999998e+21,2097152.0,0.6985122926190993,0.09537021168559438,0.20611749569530613,2.097152e-16,1363691508759.4744,reference_p0,0.41663254110330095,True,False,D_above_support;Q_above_A_supported,upper_bound,0.11302252583269279,0.0968248321520278,0.00588968021709595,0.11375419105058357,0.07507775607983627,0.0254628540970504,0.11070066007050916,0.005487697351193036,0.09943242344413017,0.002211033043406226,0.04691494424753537,0.11948759779188561,0.019599998284005892,0.012737064754031531,0.011650822378108678,0.06618116611257162,0.07556475309333588
mixture_l1,1.0,1e+22,logarithmic,4096,mixture,0.8047071577351047,reference_p0,first_question_reference,in,True,True,0.8537027230038308,1363.6915087594743,1.0,0.41663254110330095,1.0,1.0,1.6906211238650943,1511467178.400249,7333036787.107973,2097152.0,2.097152e-16,False,False,False,True,35185,6.985122926190993e+21,9.537021168559438e+20,2.0611749569530613e+21,9.999999999999998e+21,2097152.0,0.6985122926190993,0.09537021168559438,0.20611749569530613,2.097152e-16,1363691508759.4744,reference_p0,0.41663254110330095,True,False,D_above_support;Q_above_A_supported,upper_bound,0.11302252583269279,0.0968248321520278,0.00588968021709595,0.11375419105058357,0.07507775607983627,0.0254628540970504,0.11070066007050916,0.005487697351193036,0.09943242344413017,0.002211033043406226,0.04691494424753537,0.11948759779188561,0.019599998284005892,0.012737064754031531,0.011650822378108678,0.06618116611257162,0.07556475309333588
mixture_l1,1.0,1e+22,logarithmic,8192,fixed_ref,0.8047071577351047,reference_p0,first_question_reference,in,True,True,0.801678063387679,1309.7568546297525,1.0,0.41663254110330095,1.0,1.0,1.6906338137780765,1511467178.400249,7635004897.780697,0.0,0.0,False,False,False,True,35185,6.300020032369906e+21,1.7203254701724758e+21,1.979654497457617e+21,1e+22,0.0,0.6300020032369906,0.17203254701724757,0.1979654497457617,0.0,1309756854629.7524,reference_p0,0.41663254110330095,True,False,D_above_support;Q_above_A_supported,upper_bound,0.11302252583269279,0.0968248321520278,0.00588968021709595,0.11375419105058357,0.07507775607983627,0.0254628540970504,0.11070066007050916,0.005487697351193036,0.09943242344413017,0.002211033043406226,0.04691494424753537,0.11948759779188561,0.019599998284005892,0.012737064754031531,0.011650822378108678,0.06618116611257162,0.07556475309333588
mixture_l1,1.0,1e+22,logarithmic,8192,mixture,0.8047071577351047,reference_p0,first_question_reference,in,True,True,0.801678063387679,1309.7568546297525,1.0,0.41663254110330095,1.0,1.0,1.6906338137780765,1511467178.400249,7635004897.780697,0.0,0.0,False,False,False,True,35185,6.300020032369906e+21,1.7203254701724758e+21,1.979654497457617e+21,1e+22,0.0,0.6300020032369906,0.17203254701724757,0.1979654497457617,0.0,1309756854629.7524,reference_p0,0.41663254110330095,True,False,D_above_support;Q_above_A_supported,upper_bound,0.11302252583269279,0.0968248321520278,0.00588968021709595,0.11375419105058357,0.07507775607983627,0.0254628540970504,0.11070066007050916,0.005487697351193036,0.09943242344413017,0.002211033043406226,0.04691494424753537,0.11948759779188561,0.019599998284005892,0.012737064754031531,0.011650822378108678,0.06618116611257162,0.07556475309333588
mixture_l1,1.0,1e+22,logarithmic,32768,fixed_ref,0.8047071577351047,reference_p0,first_question_reference,in,True,True,0.6108294955902859,1089.3748944270033,1.0,0.41663254110330095,1.0,1.0,1.6906926720466557,1511467178.400249,9179576334.242462,0.0,0.0,False,False,False,True,35185,3.9925339036294043e+21,4.3609116984709444e+21,1.6465543978996518e+21,1e+22,0.0,0.39925339036294044,0.43609116984709445,0.1646554397899652,0.0,1089374894427.0033,reference_p0,0.41663254110330095,True,False,D_above_support;Q_above_A_supported,upper_bound,0.11302252583269279,0.0968248321520278,0.00588968021709595,0.11375419105058357,0.07507775607983627,0.0254628540970504,0.11070066007050916,0.005487697351193036,0.09943242344413017,0.002211033043406226,0.04691494424753537,0.11948759779188561,0.019599998284005892,0.012737064754031531,0.011650822378108678,0.06618116611257162,0.07556475309333588
mixture_l1,1.0,1e+22,logarithmic,32768,mixture,0.8047071577351047,reference_p0,first_question_reference,in,True,True,0.6108294955902859,1089.3748944270033,1.0,0.41663254110330095,1.0,1.0,1.6906926720466557,1511467178.400249,9179576334.242462,0.0,0.0,False,False,False,True,35185,3.9925339036294043e+21,4.3609116984709444e+21,1.6465543978996518e+21,1e+22,0.0,0.39925339036294044,0.43609116984709445,0.1646554397899652,0.0,1089374894427.0033,reference_p0,0.41663254110330095,True,False,D_above_support;Q_above_A_supported,upper_bound,0.11302252583269279,0.0968248321520278,0.00588968021709595,0.11375419105058357,0.07507775607983627,0.0254628540970504,0.11070066007050916,0.005487697351193036,0.09943242344413017,0.002211033043406226,0.04691494424753537,0.11948759779188561,0.019599998284005892,0.012737064754031531,0.011650822378108678,0.06618116611257162,0.07556475309333588
mixture_l1,1.0,1e+22,logarithmic,131072,fixed_ref,0.8047071577351047,reference_p0,first_question_reference,in,True,True,0.3717406037942833,741.4620083298612,1.0,0.41663254110330095,1.0,1.0,1.6908200559118678,1511467178.400249,13486867685.27081,-2097152.0,-2.097152e-16,False,False,False,True,35185,1.6537892080023872e+21,7.225515302376298e+21,1.1206954896213173e+21,1.0000000000000002e+22,-2097152.0,0.16537892080023872,0.7225515302376299,0.11206954896213173,-2.097152e-16,741462008329.8612,reference_p0,0.41663254110330095,True,False,D_above_support;Q_above_A_supported,upper_bound,0.11302252583269279,0.0968248321520278,0.00588968021709595,0.11375419105058357,0.07507775607983627,0.0254628540970504,0.11070066007050916,0.005487697351193036,0.09943242344413017,0.002211033043406226,0.04691494424753537,0.11948759779188561,0.019599998284005892,0.012737064754031531,0.011650822378108678,0.06618116611257162,0.07556475309333588
mixture_l1,1.0,1e+22,logarithmic,131072,mixture,0.8047071577351047,reference_p0,first_question_reference,in,True,True,0.3717406037942833,741.4620083298612,1.0,0.41663254110330095,1.0,1.0,1.6908200559118678,1511467178.400249,13486867685.27081,-2097152.0,-2.097152e-16,False,False,False,True,35185,1.6537892080023872e+21,7.225515302376298e+21,1.1206954896213173e+21,1.0000000000000002e+22,-2097152.0,0.16537892080023872,0.7225515302376299,0.11206954896213173,-2.097152e-16,741462008329.8612,reference_p0,0.41663254110330095,True,False,D_above_support;Q_above_A_supported,upper_bound,0.11302252583269279,0.0968248321520278,0.00588968021709595,0.11375419105058357,0.07507775607983627,0.0254628540970504,0.11070066007050916,0.005487697351193036,0.09943242344413017,0.002211033043406226,0.04691494424753537,0.11948759779188561,0.019599998284005892,0.012737064754031531,0.011650822378108678,0.06618116611257162,0.07556475309333588
mixture_l1,1.0,1e+24,exponential,2048,fixed_ref,0.8047071577351047,reference_p0,first_question_reference,in,True,True,6.008600551799451,23570.888745708377,1.0,0.41663254110330095,1.0,1.0,1.6901895542554368,3912487936.8349757,42425214033.648735,0.0,0.0,False,False,False,True,35185,8.497683307432008e+23,5.8010851378735845e+22,9.222081787806332e+22,1e+24,0.0,0.8497683307432008,0.05801085137873584,0.09222081787806331,0.0,23570888745708.375,reference_p0,0.41663254110330095,True,False,D_above_support;Q_above_A_supported,upper_bound,0.11302252583269279,0.0968248321520278,0.00588968021709595,0.11375419105058357,0.07507775607983627,0.0254628540970504,0.11070066007050916,0.005487697351193036,0.09943242344413017,0.002211033043406226,0.04691494424753537,0.11948759779188561,0.019599998284005892,0.012737064754031531,0.011650822378108678,0.06618116611257162,0.07556475309333588
mixture_l1,1.0,1e+24,exponential,2048,mixture,0.8047071577351047,reference_p0,first_question_reference,in,True,True,6.008600551799451,23570.888745708377,1.0,0.41663254110330095,1.0,1.0,1.6901895542554368,3912487936.8349757,42425214033.648735,0.0,0.0,False,False,False,True,35185,8.497683307432008e+23,5.8010851378735845e+22,9.222081787806332e+22,1e+24,0.0,0.8497683307432008,0.05801085137873584,0.09222081787806331,0.0,23570888745708.375,reference_p0,0.41663254110330095,True,False,D_above_support;Q_above_A_supported,upper_bound,0.11302252583269279,0.0968248321520278,0.00588968021709595,0.11375419105058357,0.07507775607983627,0.0254628540970504,0.11070066007050916,0.005487697351193036,0.09943242344413017,0.002211033043406226,0.04691494424753537,0.11948759779188561,0.019599998284005892,0.012737064754031531,0.011650822378108678,0.06618116611257162,0.07556475309333588
mixture_l1,1.0,1e+24,exponential,4096,fixed_ref,0.8047071577351047,reference_p0,first_question_reference,in,True,True,5.825501700037946,22915.93906521231,1.0,0.41663254110330095,1.0,1.0,1.69019310381402,3912487936.8349757,43637749129.73374,0.0,0.0,False,False,False,True,35185,8.009810518941618e+23,1.0936061295194955e+23,8.965833515388854e+22,1e+24,0.0,0.8009810518941618,0.10936061295194956,0.08965833515388853,0.0,22915939065212.312,reference_p0,0.41663254110330095,True,False,D_above_support;Q_above_A_supported,upper_bound,0.11302252583269279,0.0968248321520278,0.00588968021709595,0.11375419105058357,0.07507775607983627,0.0254628540970504,0.11070066007050916,0.005487697351193036,0.09943242344413017,0.002211033043406226,0.04691494424753537,0.11948759779188561,0.019599998284005892,0.012737064754031531,0.011650822378108678,0.06618116611257162,0.07556475309333588
mixture_l1,1.0,1e+24,exponential,4096,mixture,0.8047071577351047,reference_p0,first_question_reference,in,True,True,5.825501700037946,22915.93906521231,1.0,0.41663254110330095,1.0,1.0,1.69019310381402,3912487936.8349757,43637749129.73374,0.0,0.0,False,False,False,True,35185,8.009810518941618e+23,1.0936061295194955e+23,8.965833515388854e+22,1e+24,0.0,0.8009810518941618,0.10936061295194956,0.08965833515388853,0.0,22915939065212.312,reference_p0,0.41663254110330095,True,False,D_above_support;Q_above_A_supported,upper_bound,0.11302252583269279,0.0968248321520278,0.00588968021709595,0.11375419105058357,0.07507775607983627,0.0254628540970504,0.11070066007050916,0.005487697351193036,0.09943242344413017,0.002211033043406226,0.04691494424753537,0.11948759779188561,0.019599998284005892,0.012737064754031531,0.011650822378108678,0.06618116611257162,0.07556475309333588
mixture_l1,1.0,1e+24,exponential,8192,fixed_ref,0.8047071577351047,reference_p0,first_question_reference,in,True,True,5.5028372272949015,21764.983538110166,1.0,0.41663254110330095,1.0,1.0,1.6901997027163602,3912487936.8349757,45945359813.80435,-134217728.0,-1.3421772800000001e-16,False,False,False,True,35185,7.186149699898399e+23,1.962297944718923e+23,8.515523553826785e+22,1.0000000000000001e+24,-134217728.0,0.7186149699898399,0.19622979447189232,0.08515523553826786,-1.3421772800000001e-16,21764983538110.164,reference_p0,0.41663254110330095,True,False,D_above_support;Q_above_A_supported,upper_bound,0.11302252583269279,0.0968248321520278,0.00588968021709595,0.11375419105058357,0.07507775607983627,0.0254628540970504,0.11070066007050916,0.005487697351193036,0.09943242344413017,0.002211033043406226,0.04691494424753537,0.11948759779188561,0.019599998284005892,0.012737064754031531,0.011650822378108678,0.06618116611257162,0.07556475309333588
mixture_l1,1.0,1e+24,exponential,8192,mixture,0.8047071577351047,reference_p0,first_question_reference,in,True,True,5.5028372272949015,21764.983538110166,1.0,0.41663254110330095,1.0,1.0,1.6901997027163602,3912487936.8349757,45945359813.80435,-134217728.0,-1.3421772800000001e-16,False,False,False,True,35185,7.186149699898399e+23,1.962297944718923e+23,8.515523553826785e+22,1.0000000000000001e+24,-134217728.0,0.7186149699898399,0.19622979447189232,0.08515523553826786,-1.3421772800000001e-16,21764983538110.164,reference_p0,0.41663254110330095,True,False,D_above_support;Q_above_A_supported,upper_bound,0.11302252583269279,0.0968248321520278,0.00588968021709595,0.11375419105058357,0.07507775607983627,0.0254628540970504,0.11070066007050916,0.005487697351193036,0.09943242344413017,0.002211033043406226,0.04691494424753537,0.11948759779188561,0.019599998284005892,0.012737064754031531,0.011650822378108678,0.06618116611257162,0.07556475309333588
mixture_l1,1.0,1e+24,exponential,32768,fixed_ref,0.8047071577351047,reference_p0,first_question_reference,in,True,True,4.301302633821375,17268.37732240891,1.0,0.41663254110330095,1.0,1.0,1.6902301434301903,3912487936.8349757,57909320680.77499,0.0,0.0,False,False,False,True,35185,4.456591011521924e+23,4.867785808851681e+23,6.7562317962639514e+22,1e+24,0.0,0.4456591011521924,0.48677858088516807,0.06756231796263952,0.0,17268377322408.908,reference_p0,0.41663254110330095,True,False,D_above_support;Q_above_A_supported,upper_bound,0.11302252583269279,0.0968248321520278,0.00588968021709595,0.11375419105058357,0.07507775607983627,0.0254628540970504,0.11070066007050916,0.005487697351193036,0.09943242344413017,0.002211033043406226,0.04691494424753537,0.11948759779188561,0.019599998284005892,0.012737064754031531,0.011650822378108678,0.06618116611257162,0.07556475309333588
mixture_l1,1.0,1e+24,exponential,32768,mixture,0.8047071577351047,reference_p0,first_question_reference,in,True,True,4.301302633821375,17268.37732240891,1.0,0.41663254110330095,1.0,1.0,1.6902301434301903,3912487936.8349757,57909320680.77499,0.0,0.0,False,False,False,True,35185,4.456591011521924e+23,4.867785808851681e+23,6.7562317962639514e+22,1e+24,0.0,0.4456591011521924,0.48677858088516807,0.06756231796263952,0.0,17268377322408.908,reference_p0,0.41663254110330095,True,False,D_above_support;Q_above_A_supported,upper_bound,0.11302252583269279,0.0968248321520278,0.00588968021709595,0.11375419105058357,0.07507775607983627,0.0254628540970504,0.11070066007050916,0.005487697351193036,0.09943242344413017,0.002211033043406226,0.04691494424753537,0.11948759779188561,0.019599998284005892,0.012737064754031531,0.011650822378108678,0.06618116611257162,0.07556475309333588
mixture_l1,1.0,1e+24,exponential,131072,fixed_ref,0.8047071577351047,reference_p0,first_question_reference,in,True,True,2.724624557469334,10906.953152502861,1.0,0.41663254110330095,1.0,1.0,1.690295272708779,3912487936.8349757,91684633280.97508,0.0,0.0,False,False,False,True,35185,1.7830411443886123e+23,7.790225629243472e+23,4.267332263679165e+22,1e+24,0.0,0.17830411443886124,0.7790225629243471,0.042673322636791654,0.0,10906953152502.861,reference_p0,0.41663254110330095,True,False,D_above_support;Q_above_A_supported,upper_bound,0.11302252583269279,0.0968248321520278,0.00588968021709595,0.11375419105058357,0.07507775607983627,0.0254628540970504,0.11070066007050916,0.005487697351193036,0.09943242344413017,0.002211033043406226,0.04691494424753537,0.11948759779188561,0.019599998284005892,0.012737064754031531,0.011650822378108678,0.06618116611257162,0.07556475309333588
mixture_l1,1.0,1e+24,exponential,131072,mixture,0.8047071577351047,reference_p0,first_question_reference,in,True,True,2.724624557469334,10906.953152502861,1.0,0.41663254110330095,1.0,1.0,1.690295272708779,3912487936.8349757,91684633280.97508,0.0,0.0,False,False,False,True,35185,1.7830411443886123e+23,7.790225629243472e+23,4.267332263679165e+22,1e+24,0.0,0.17830411443886124,0.7790225629243471,0.042673322636791654,0.0,10906953152502.861,reference_p0,0.41663254110330095,True,False,D_above_support;Q_above_A_supported,upper_bound,0.11302252583269279,0.0968248321520278,0.00588968021709595,0.11375419105058357,0.07507775607983627,0.0254628540970504,0.11070066007050916,0.005487697351193036,0.09943242344413017,0.002211033043406226,0.04691494424753537,0.11948759779188561,0.019599998284005892,0.012737064754031531,0.011650822378108678,0.06618116611257162,0.07556475309333588
mixture_l1,1.0,1e+24,power,2048,fixed_ref,0.8047071577351047,reference_p0,first_question_reference,in,True,True,6.144407350126714,22607.791255809945,1.0,0.41663254110330095,1.0,1.0,1.69019091975347,4849345275.903549,44232538627.275734,-134217728.0,-1.3421772800000001e-16,False,False,False,True,35185,8.334688725739745e+23,5.6898141701049994e+22,1.0963298572497552e+23,1.0000000000000001e+24,-134217728.0,0.8334688725739745,0.056898141701049995,0.10963298572497553,-1.3421772800000001e-16,22607791255809.945,reference_p0,0.41663254110330095,True,False,D_above_support;Q_above_A_supported,upper_bound,0.11302252583269279,0.0968248321520278,0.00588968021709595,0.11375419105058357,0.07507775607983627,0.0254628540970504,0.11070066007050916,0.005487697351193036,0.09943242344413017,0.002211033043406226,0.04691494424753537,0.11948759779188561,0.019599998284005892,0.012737064754031531,0.011650822378108678,0.06618116611257162,0.07556475309333588
mixture_l1,1.0,1e+24,power,2048,mixture,0.8047071577351047,reference_p0,first_question_reference,in,True,True,6.144407350126714,22607.791255809945,1.0,0.41663254110330095,1.0,1.0,1.69019091975347,4849345275.903549,44232538627.275734,-134217728.0,-1.3421772800000001e-16,False,False,False,True,35185,8.334688725739745e+23,5.6898141701049994e+22,1.0963298572497552e+23,1.0000000000000001e+24,-134217728.0,0.8334688725739745,0.056898141701049995,0.10963298572497553,-1.3421772800000001e-16,22607791255809.945,reference_p0,0.41663254110330095,True,False,D_above_support;Q_above_A_supported,upper_bound,0.11302252583269279,0.0968248321520278,0.00588968021709595,0.11375419105058357,0.07507775607983627,0.0254628540970504,0.11070066007050916,0.005487697351193036,0.09943242344413017,0.002211033043406226,0.04691494424753537,0.11948759779188561,0.019599998284005892,0.012737064754031531,0.011650822378108678,0.06618116611257162,0.07556475309333588
mixture_l1,1.0,1e+24,power,4096,fixed_ref,0.8047071577351047,reference_p0,first_question_reference,in,True,True,5.952782297252953,22005.803304842102,1.0,0.41663254110330095,1.0,1.0,1.6901944426130686,4849345275.903549,45442558317.33089,0.0,0.0,False,False,False,True,35185,7.859745380993676e+23,1.0731172360183365e+23,1.0671373829879876e+23,1e+24,0.0,0.7859745380993676,0.10731172360183365,0.10671373829879877,0.0,22005803304842.1,reference_p0,0.41663254110330095,True,False,D_above_support;Q_above_A_supported,upper_bound,0.11302252583269279,0.0968248321520278,0.00588968021709595,0.11375419105058357,0.07507775607983627,0.0254628540970504,0.11070066007050916,0.005487697351193036,0.09943242344413017,0.002211033043406226,0.04691494424753537,0.11948759779188561,0.019599998284005892,0.012737064754031531,0.011650822378108678,0.06618116611257162,0.07556475309333588
mixture_l1,1.0,1e+24,power,4096,mixture,0.8047071577351047,reference_p0,first_question_reference,in,True,True,5.952782297252953,22005.803304842102,1.0,0.41663254110330095,1.0,1.0,1.6901944426130686,4849345275.903549,45442558317.33089,0.0,0.0,False,False,False,True,35185,7.859745380993676e+23,1.0731172360183365e+23,1.0671373829879876e+23,1e+24,0.0,0.7859745380993676,0.10731172360183365,0.10671373829879877,0.0,22005803304842.1,reference_p0,0.41663254110330095,True,False,D_above_support;Q_above_A_supported,upper_bound,0.11302252583269279,0.0968248321520278,0.00588968021709595,0.11375419105058357,0.07507775607983627,0.0254628540970504,0.11070066007050916,0.005487697351193036,0.09943242344413017,0.002211033043406226,0.04691494424753537,0.11948759779188561,0.019599998284005892,0.012737064754031531,0.011650822378108678,0.06618116611257162,0.07556475309333588
mixture_l1,1.0,1e+24,power,8192,fixed_ref,0.8047071577351047,reference_p0,first_question_reference,in,True,True,5.61754637879216,20938.719857822834,1.0,0.41663254110330095,1.0,1.0,1.690200993584019,4849345275.903549,47758411535.669586,134217728.0,1.3421772800000001e-16,False,False,False,True,35185,7.05745379483137e+23,1.9271553829086197e+23,1.01539082226001e+23,9.999999999999998e+23,134217728.0,0.705745379483137,0.19271553829086197,0.10153908222600101,1.3421772800000001e-16,20938719857822.836,reference_p0,0.41663254110330095,True,False,D_above_support;Q_above_A_supported,upper_bound,0.11302252583269279,0.0968248321520278,0.00588968021709595,0.11375419105058357,0.07507775607983627,0.0254628540970504,0.11070066007050916,0.005487697351193036,0.09943242344413017,0.002211033043406226,0.04691494424753537,0.11948759779188561,0.019599998284005892,0.012737064754031531,0.011650822378108678,0.06618116611257162,0.07556475309333588
mixture_l1,1.0,1e+24,power,8192,mixture,0.8047071577351047,reference_p0,first_question_reference,in,True,True,5.61754637879216,20938.719857822834,1.0,0.41663254110330095,1.0,1.0,1.690200993584019,4849345275.903549,47758411535.669586,134217728.0,1.3421772800000001e-16,False,False,False,True,35185,7.05745379483137e+23,1.9271553829086197e+23,1.01539082226001e+23,9.999999999999998e+23,134217728.0,0.705745379483137,0.19271553829086197,0.10153908222600101,1.3421772800000001e-16,20938719857822.836,reference_p0,0.41663254110330095,True,False,D_above_support;Q_above_A_supported,upper_bound,0.11302252583269279,0.0968248321520278,0.00588968021709595,0.11375419105058357,0.07507775607983627,0.0254628540970504,0.11070066007050916,0.005487697351193036,0.09943242344413017,0.002211033043406226,0.04691494424753537,0.11948759779188561,0.019599998284005892,0.012737064754031531,0.011650822378108678,0.06618116611257162,0.07556475309333588
mixture_l1,1.0,1e+24,power,32768,fixed_ref,0.8047071577351047,reference_p0,first_question_reference,in,True,True,4.373743734297596,16734.840328783128,1.0,0.41663254110330095,1.0,1.0,1.6902312391304197,4849345275.903549,59755574618.781845,-268435456.0,-2.6843545600000003e-16,False,False,False,True,35185,4.391634181949156e+23,4.7968356291369985e+23,8.115301889138467e+22,1.0000000000000003e+24,-268435456.0,0.4391634181949156,0.47968356291369985,0.08115301889138467,-2.6843545600000003e-16,16734840328783.129,reference_p0,0.41663254110330095,True,False,D_above_support;Q_above_A_supported,upper_bound,0.11302252583269279,0.0968248321520278,0.00588968021709595,0.11375419105058357,0.07507775607983627,0.0254628540970504,0.11070066007050916,0.005487697351193036,0.09943242344413017,0.002211033043406226,0.04691494424753537,0.11948759779188561,0.019599998284005892,0.012737064754031531,0.011650822378108678,0.06618116611257162,0.07556475309333588
mixture_l1,1.0,1e+24,power,32768,mixture,0.8047071577351047,reference_p0,first_question_reference,in,True,True,4.373743734297596,16734.840328783128,1.0,0.41663254110330095,1.0,1.0,1.6902312391304197,4849345275.903549,59755574618.781845,-268435456.0,-2.6843545600000003e-16,False,False,False,True,35185,4.391634181949156e+23,4.7968356291369985e+23,8.115301889138467e+22,1.0000000000000003e+24,-268435456.0,0.4391634181949156,0.47968356291369985,0.08115301889138467,-2.6843545600000003e-16,16734840328783.129,reference_p0,0.41663254110330095,True,False,D_above_support;Q_above_A_supported,upper_bound,0.11302252583269279,0.0968248321520278,0.00588968021709595,0.11375419105058357,0.07507775607983627,0.0254628540970504,0.11070066007050916,0.005487697351193036,0.09943242344413017,0.002211033043406226,0.04691494424753537,0.11948759779188561,0.019599998284005892,0.012737064754031531,0.011650822378108678,0.06618116611257162,0.07556475309333588
mixture_l1,1.0,1e+24,power,131072,fixed_ref,0.8047071577351047,reference_p0,first_question_reference,in,True,True,2.75558196282084,10681.619240609687,1.0,0.41663254110330095,1.0,1.0,1.6902960626506316,4849345275.903549,93618764858.9992,0.0,0.0,False,False,False,True,35185,1.7660446387886455e+23,7.715966763176844e+23,5.179885980345105e+22,1e+24,0.0,0.17660446387886455,0.7715966763176845,0.05179885980345105,0.0,10681619240609.688,reference_p0,0.41663254110330095,True,False,D_above_support;Q_above_A_supported,upper_bound,0.11302252583269279,0.0968248321520278,0.00588968021709595,0.11375419105058357,0.07507775607983627,0.0254628540970504,0.11070066007050916,0.005487697351193036,0.09943242344413017,0.002211033043406226,0.04691494424753537,0.11948759779188561,0.019599998284005892,0.012737064754031531,0.011650822378108678,0.06618116611257162,0.07556475309333588
mixture_l1,1.0,1e+24,power,131072,mixture,0.8047071577351047,reference_p0,first_question_reference,in,True,True,2.75558196282084,10681.619240609687,1.0,0.41663254110330095,1.0,1.0,1.6902960626506316,4849345275.903549,93618764858.9992,0.0,0.0,False,False,False,True,35185,1.7660446387886455e+23,7.715966763176844e+23,5.179885980345105e+22,1e+24,0.0,0.17660446387886455,0.7715966763176845,0.05179885980345105,0.0,10681619240609.688,reference_p0,0.41663254110330095,True,False,D_above_support;Q_above_A_supported,upper_bound,0.11302252583269279,0.0968248321520278,0.00588968021709595,0.11375419105058357,0.07507775607983627,0.0254628540970504,0.11070066007050916,0.005487697351193036,0.09943242344413017,0.002211033043406226,0.04691494424753537,0.11948759779188561,0.019599998284005892,0.012737064754031531,0.011650822378108678,0.06618116611257162,0.07556475309333588
mixture_l1,1.0,1e+24,logarithmic,2048,fixed_ref,0.8047071577351047,reference_p0,first_question_reference,in,True,True,5.6313605400524995,26591.334694753106,1.0,0.41663254110330095,1.0,1.0,1.6901858472383677,1511467178.400249,37606235695.920746,-134217728.0,-1.3421772800000001e-16,False,False,False,True,35185,8.984723574441697e+23,6.133571293485532e+22,4.019192962097512e+22,1.0000000000000001e+24,-134217728.0,0.8984723574441698,0.061335712934855326,0.04019192962097512,-1.3421772800000001e-16,26591334694753.105,reference_p0,0.41663254110330095,True,False,D_above_support;Q_above_A_supported,upper_bound,0.11302252583269279,0.0968248321520278,0.00588968021709595,0.11375419105058357,0.07507775607983627,0.0254628540970504,0.11070066007050916,0.005487697351193036,0.09943242344413017,0.002211033043406226,0.04691494424753537,0.11948759779188561,0.019599998284005892,0.012737064754031531,0.011650822378108678,0.06618116611257162,0.07556475309333588
mixture_l1,1.0,1e+24,logarithmic,2048,mixture,0.8047071577351047,reference_p0,first_question_reference,in,True,True,5.6313605400524995,26591.334694753106,1.0,0.41663254110330095,1.0,1.0,1.6901858472383677,1511467178.400249,37606235695.920746,-134217728.0,-1.3421772800000001e-16,False,False,False,True,35185,8.984723574441697e+23,6.133571293485532e+22,4.019192962097512e+22,1.0000000000000001e+24,-134217728.0,0.8984723574441698,0.061335712934855326,0.04019192962097512,-1.3421772800000001e-16,26591334694753.105,reference_p0,0.41663254110330095,True,False,D_above_support;Q_above_A_supported,upper_bound,0.11302252583269279,0.0968248321520278,0.00588968021709595,0.11375419105058357,0.07507775607983627,0.0254628540970504,0.11070066007050916,0.005487697351193036,0.09943242344413017,0.002211033043406226,0.04691494424753537,0.11948759779188561,0.019599998284005892,0.012737064754031531,0.011650822378108678,0.06618116611257162,0.07556475309333588
mixture_l1,1.0,1e+24,logarithmic,4096,fixed_ref,0.8047071577351047,reference_p0,first_question_reference,in,True,True,5.469152081099707,25768.74010923744,1.0,0.41663254110330095,1.0,1.0,1.6901894747076456,1511467178.400249,38806709049.835365,-134217728.0,-1.3421772800000001e-16,False,False,False,True,35185,8.455989515745205e+23,1.154524435216412e+23,3.894860490383843e+22,1.0000000000000001e+24,-134217728.0,0.8455989515745205,0.11545244352164119,0.03894860490383843,-1.3421772800000001e-16,25768740109237.438,reference_p0,0.41663254110330095,True,False,D_above_support;Q_above_A_supported,upper_bound,0.11302252583269279,0.0968248321520278,0.00588968021709595,0.11375419105058357,0.07507775607983627,0.0254628540970504,0.11070066007050916,0.005487697351193036,0.09943242344413017,0.002211033043406226,0.04691494424753537,0.11948759779188561,0.019599998284005892,0.012737064754031531,0.011650822378108678,0.06618116611257162,0.07556475309333588
mixture_l1,1.0,1e+24,logarithmic,4096,mixture,0.8047071577351047,reference_p0,first_question_reference,in,True,True,5.469152081099707,25768.74010923744,1.0,0.41663254110330095,1.0,1.0,1.6901894747076456,1511467178.400249,38806709049.835365,-134217728.0,-1.3421772800000001e-16,False,False,False,True,35185,8.455989515745205e+23,1.154524435216412e+23,3.894860490383843e+22,1.0000000000000001e+24,-134217728.0,0.8455989515745205,0.11545244352164119,0.03894860490383843,-1.3421772800000001e-16,25768740109237.438,reference_p0,0.41663254110330095,True,False,D_above_support;Q_above_A_supported,upper_bound,0.11302252583269279,0.0968248321520278,0.00588968021709595,0.11375419105058357,0.07507775607983627,0.0254628540970504,0.11070066007050916,0.005487697351193036,0.09943242344413017,0.002211033043406226,0.04691494424753537,0.11948759779188561,0.019599998284005892,0.012737064754031531,0.011650822378108678,0.06618116611257162,0.07556475309333588
mixture_l1,1.0,1e+24,logarithmic,8192,fixed_ref,0.8047071577351047,reference_p0,first_question_reference,in,True,True,5.181474120187745,24337.035368306362,1.0,0.41663254110330095,1.0,1.0,1.6901962128521035,1511467178.400249,41089639098.04232,0.0,0.0,False,False,False,True,35185,7.566103135378395e+23,2.066050562833994e+23,3.6784630178761086e+22,1e+24,0.0,0.7566103135378395,0.2066050562833994,0.03678463017876109,0.0,24337035368306.363,reference_p0,0.41663254110330095,True,False,D_above_support;Q_above_A_supported,upper_bound,0.11302252583269279,0.0968248321520278,0.00588968021709595,0.11375419105058357,0.07507775607983627,0.0254628540970504,0.11070066007050916,0.005487697351193036,0.09943242344413017,0.002211033043406226,0.04691494424753537,0.11948759779188561,0.019599998284005892,0.012737064754031531,0.011650822378108678,0.06618116611257162,0.07556475309333588
mixture_l1,1.0,1e+24,logarithmic,8192,mixture,0.8047071577351047,reference_p0,first_question_reference,in,True,True,5.181474120187745,24337.035368306362,1.0,0.41663254110330095,1.0,1.0,1.6901962128521035,1511467178.400249,41089639098.04232,0.0,0.0,False,False,False,True,35185,7.566103135378395e+23,2.066050562833994e+23,3.6784630178761086e+22,1e+24,0.0,0.7566103135378395,0.2066050562833994,0.03678463017876109,0.0,24337035368306.363,reference_p0,0.41663254110330095,True,False,D_above_support;Q_above_A_supported,upper_bound,0.11302252583269279,0.0968248321520278,0.00588968021709595,0.11375419105058357,0.07507775607983627,0.0254628540970504,0.11070066007050916,0.005487697351193036,0.09943242344413017,0.002211033043406226,0.04691494424753537,0.11948759779188561,0.019599998284005892,0.012737064754031531,0.011650822378108678,0.06618116611257162,0.07556475309333588
mixture_l1,1.0,1e+24,logarithmic,32768,fixed_ref,0.8047071577351047,reference_p0,first_question_reference,in,True,True,4.10015240506615,18873.928427979827,1.0,0.41663254110330095,1.0,1.0,1.690227212285457,1511467178.400249,52983140410.638664,-268435456.0,-2.6843545600000003e-16,False,False,False,True,35185,4.643158982221673e+23,5.071567784314659e+23,2.852732334636692e+22,1.0000000000000003e+24,-268435456.0,0.4643158982221673,0.5071567784314659,0.02852732334636692,-2.6843545600000003e-16,18873928427979.83,reference_p0,0.41663254110330095,True,False,D_above_support;Q_above_A_supported,upper_bound,0.11302252583269279,0.0968248321520278,0.00588968021709595,0.11375419105058357,0.07507775607983627,0.0254628540970504,0.11070066007050916,0.005487697351193036,0.09943242344413017,0.002211033043406226,0.04691494424753537,0.11948759779188561,0.019599998284005892,0.012737064754031531,0.011650822378108678,0.06618116611257162,0.07556475309333588
mixture_l1,1.0,1e+24,logarithmic,32768,mixture,0.8047071577351047,reference_p0,first_question_reference,in,True,True,4.10015240506615,18873.928427979827,1.0,0.41663254110330095,1.0,1.0,1.690227212285457,1511467178.400249,52983140410.638664,-268435456.0,-2.6843545600000003e-16,False,False,False,True,35185,4.643158982221673e+23,5.071567784314659e+23,2.852732334636692e+22,1.0000000000000003e+24,-268435456.0,0.4643158982221673,0.5071567784314659,0.02852732334636692,-2.6843545600000003e-16,18873928427979.83,reference_p0,0.41663254110330095,True,False,D_above_support;Q_above_A_supported,upper_bound,0.11302252583269279,0.0968248321520278,0.00588968021709595,0.11375419105058357,0.07507775607983627,0.0254628540970504,0.11070066007050916,0.005487697351193036,0.09943242344413017,0.002211033043406226,0.04691494424753537,0.11948759779188561,0.019599998284005892,0.012737064754031531,0.011650822378108678,0.06618116611257162,0.07556475309333588
mixture_l1,1.0,1e+24,logarithmic,131072,fixed_ref,0.8047071577351047,reference_p0,first_question_reference,in,True,True,2.6441941090204626,11535.010722342975,1.0,0.41663254110330095,1.0,1.0,1.6902931917191775,1511467178.400249,86692593884.02904,0.0,0.0,False,False,False,True,35185,1.8300484439704298e+23,7.995603654936406e+23,1.7434790109316353e+22,1e+24,0.0,0.18300484439704298,0.7995603654936406,0.017434790109316353,0.0,11535010722342.975,reference_p0,0.41663254110330095,True,False,D_above_support;Q_above_A_supported,upper_bound,0.11302252583269279,0.0968248321520278,0.00588968021709595,0.11375419105058357,0.07507775607983627,0.0254628540970504,0.11070066007050916,0.005487697351193036,0.09943242344413017,0.002211033043406226,0.04691494424753537,0.11948759779188561,0.019599998284005892,0.012737064754031531,0.011650822378108678,0.06618116611257162,0.07556475309333588
mixture_l1,1.0,1e+24,logarithmic,131072,mixture,0.8047071577351047,reference_p0,first_question_reference,in,True,True,2.6441941090204626,11535.010722342975,1.0,0.41663254110330095,1.0,1.0,1.6902931917191775,1511467178.400249,86692593884.02904,0.0,0.0,False,False,False,True,35185,1.8300484439704298e+23,7.995603654936406e+23,1.7434790109316353e+22,1e+24,0.0,0.18300484439704298,0.7995603654936406,0.017434790109316353,0.0,11535010722342.975,reference_p0,0.41663254110330095,True,False,D_above_support;Q_above_A_supported,upper_bound,0.11302252583269279,0.0968248321520278,0.00588968021709595,0.11375419105058357,0.07507775607983627,0.0254628540970504,0.11070066007050916,0.005487697351193036,0.09943242344413017,0.002211033043406226,0.04691494424753537,0.11948759779188561,0.019599998284005892,0.012737064754031531,0.011650822378108678,0.06618116611257162,0.07556475309333588
mixture_l1,2.0,1e+19,exponential,2048,fixed_ref,0.8047071577351047,reference_p0,first_question_reference,in,True,True,0.021592022958763536,72.25630332734711,0.41663254110330095,0.41663254110330095,1.0,1.0,1.6923142614993059,0.0,138396230.35649076,0.0,0.0,False,False,True,False,35185,9.360958562156765e+18,6.390414378432352e+17,0.0,1e+19,0.0,0.9360958562156765,0.06390414378432352,0.0,0.0,72256303327.3471,reference_p0,0.41663254110330095,False,True,N_below_support,lower_bound_Q0,0.11302252583269279,0.0968248321520278,0.00588968021709595,0.11375419105058357,0.07507775607983627,0.0254628540970504,0.11070066007050916,0.005487697351193036,0.09943242344413017,0.002211033043406226,0.04691494424753537,0.11948759779188561,0.019599998284005892,0.012737064754031531,0.011650822378108678,0.06618116611257162,0.07556475309333588
mixture_l1,2.0,1e+19,exponential,2048,mixture,0.8047071577351047,reference_p0,first_question_reference,in,True,True,0.021592022958763536,72.25630332734711,0.41663254110330095,0.41663254110330095,1.0,1.0,1.6923142614993059,0.0,138396230.35649076,0.0,0.0,False,False,True,False,35185,9.360958562156765e+18,6.390414378432352e+17,0.0,1e+19,0.0,0.9360958562156765,0.06390414378432352,0.0,0.0,72256303327.3471,reference_p0,0.41663254110330095,False,True,N_below_support,lower_bound_Q0,0.11302252583269279,0.0968248321520278,0.00588968021709595,0.11375419105058357,0.07507775607983627,0.0254628540970504,0.11070066007050916,0.005487697351193036,0.09943242344413017,0.002211033043406226,0.04691494424753537,0.11948759779188561,0.019599998284005892,0.012737064754031531,0.011650822378108678,0.06618116611257162,0.07556475309333588
mixture_l1,2.0,1e+19,exponential,4096,fixed_ref,0.8047071577351047,reference_p0,first_question_reference,in,True,True,0.020995843809107347,69.84466499559211,0.41663254110330095,0.41663254110330095,1.0,1.0,1.6923383070141473,0.0,143174858.10306484,-2048.0,-2.048e-16,False,False,True,False,35185,8.798686062881278e+18,1.2013139371187238e+18,0.0,1.0000000000000002e+19,-2048.0,0.8798686062881278,0.12013139371187238,0.0,-2.048e-16,69844664995.59212,reference_p0,0.41663254110330095,False,True,N_below_support,lower_bound_Q0,0.11302252583269279,0.0968248321520278,0.00588968021709595,0.11375419105058357,0.07507775607983627,0.0254628540970504,0.11070066007050916,0.005487697351193036,0.09943242344413017,0.002211033043406226,0.04691494424753537,0.11948759779188561,0.019599998284005892,0.012737064754031531,0.011650822378108678,0.06618116611257162,0.07556475309333588
mixture_l1,2.0,1e+19,exponential,4096,mixture,0.8047071577351047,reference_p0,first_question_reference,in,True,True,0.020995843809107347,69.84466499559211,0.41663254110330095,0.41663254110330095,1.0,1.0,1.6923383070141473,0.0,143174858.10306484,-2048.0,-2.048e-16,False,False,True,False,35185,8.798686062881278e+18,1.2013139371187238e+18,0.0,1.0000000000000002e+19,-2048.0,0.8798686062881278,0.12013139371187238,0.0,-2.048e-16,69844664995.59212,reference_p0,0.41663254110330095,False,True,N_below_support,lower_bound_Q0,0.11302252583269279,0.0968248321520278,0.00588968021709595,0.11375419105058357,0.07507775607983627,0.0254628540970504,0.11070066007050916,0.005487697351193036,0.09943242344413017,0.002211033043406226,0.04691494424753537,0.11948759779188561,0.019599998284005892,0.012737064754031531,0.011650822378108678,0.06618116611257162,0.07556475309333588
mixture_l1,2.0,1e+19,exponential,8192,fixed_ref,0.8047071577351047,reference_p0,first_question_reference,in,True,True,0.019945273685572334,65.63834204082536,0.41663254110330095,0.41663254110330095,1.0,1.0,1.6923829409505353,0.0,152349978.5198757,0.0,0.0,False,False,True,False,35185,7.855048177628823e+18,2.1449518223711775e+18,0.0,1e+19,0.0,0.7855048177628823,0.21449518223711775,0.0,0.0,65638342040.82537,reference_p0,0.41663254110330095,False,True,N_below_support,lower_bound_Q0,0.11302252583269279,0.0968248321520278,0.00588968021709595,0.11375419105058357,0.07507775607983627,0.0254628540970504,0.11070066007050916,0.005487697351193036,0.09943242344413017,0.002211033043406226,0.04691494424753537,0.11948759779188561,0.019599998284005892,0.012737064754031531,0.011650822378108678,0.06618116611257162,0.07556475309333588
mixture_l1,2.0,1e+19,exponential,8192,mixture,0.8047071577351047,reference_p0,first_question_reference,in,True,True,0.019945273685572334,65.63834204082536,0.41663254110330095,0.41663254110330095,1.0,1.0,1.6923829409505353,0.0,152349978.5198757,0.0,0.0,False,False,True,False,35185,7.855048177628823e+18,2.1449518223711775e+18,0.0,1e+19,0.0,0.7855048177628823,0.21449518223711775,0.0,0.0,65638342040.82537,reference_p0,0.41663254110330095,False,True,N_below_support,lower_bound_Q0,0.11302252583269279,0.0968248321520278,0.00588968021709595,0.11375419105058357,0.07507775607983627,0.0254628540970504,0.11070066007050916,0.005487697351193036,0.09943242344413017,0.002211033043406226,0.04691494424753537,0.11948759779188561,0.019599998284005892,0.012737064754031531,0.011650822378108678,0.06618116611257162,0.07556475309333588
mixture_l1,2.0,1e+19,exponential,32768,fixed_ref,0.8047071577351047,reference_p0,first_question_reference,in,True,True,0.01593480182414592,49.990219868494165,0.41663254110330095,0.41663254110330095,1.0,1.0,1.6925878289987635,0.0,200039128.17959818,0.0,0.0,False,False,True,False,35185,4.779505480499618e+18,5.220494519500383e+18,0.0,1e+19,0.0,0.4779505480499618,0.5220494519500383,0.0,0.0,49990219868.49416,reference_p0,0.41663254110330095,False,True,N_below_support,lower_bound_Q0,0.11302252583269279,0.0968248321520278,0.00588968021709595,0.11375419105058357,0.07507775607983627,0.0254628540970504,0.11070066007050916,0.005487697351193036,0.09943242344413017,0.002211033043406226,0.04691494424753537,0.11948759779188561,0.019599998284005892,0.012737064754031531,0.011650822378108678,0.06618116611257162,0.07556475309333588
mixture_l1,2.0,1e+19,exponential,32768,mixture,0.8047071577351047,reference_p0,first_question_reference,in,True,True,0.01593480182414592,49.990219868494165,0.41663254110330095,0.41663254110330095,1.0,1.0,1.6925878289987635,0.0,200039128.17959818,0.0,0.0,False,False,True,False,35185,4.779505480499618e+18,5.220494519500383e+18,0.0,1e+19,0.0,0.4779505480499618,0.5220494519500383,0.0,0.0,49990219868.49416,reference_p0,0.41663254110330095,False,True,N_below_support,lower_bound_Q0,0.11302252583269279,0.0968248321520278,0.00588968021709595,0.11375419105058357,0.07507775607983627,0.0254628540970504,0.11070066007050916,0.005487697351193036,0.09943242344413017,0.002211033043406226,0.04691494424753537,0.11948759779188561,0.019599998284005892,0.012737064754031531,0.011650822378108678,0.06618116611257162,0.07556475309333588
mixture_l1,2.0,1e+19,exponential,131072,fixed_ref,0.8047071577351047,reference_p0,first_question_reference,in,True,True,0.010416136598831123,29.801854249581236,0.41663254110330095,0.41663254110330095,1.0,1.0,1.6930221433704056,0.0,335549590.8493853,0.0,0.0,False,False,True,False,35185,1.8625211085725637e+18,8.137478891427436e+18,0.0,1e+19,0.0,0.18625211085725638,0.8137478891427435,0.0,0.0,29801854249.581238,reference_p0,0.41663254110330095,False,True,N_below_support,lower_bound_Q0,0.11302252583269279,0.0968248321520278,0.00588968021709595,0.11375419105058357,0.07507775607983627,0.0254628540970504,0.11070066007050916,0.005487697351193036,0.09943242344413017,0.002211033043406226,0.04691494424753537,0.11948759779188561,0.019599998284005892,0.012737064754031531,0.011650822378108678,0.06618116611257162,0.07556475309333588
mixture_l1,2.0,1e+19,exponential,131072,mixture,0.8047071577351047,reference_p0,first_question_reference,in,True,True,0.010416136598831123,29.801854249581236,0.41663254110330095,0.41663254110330095,1.0,1.0,1.6930221433704056,0.0,335549590.8493853,0.0,0.0,False,False,True,False,35185,1.8625211085725637e+18,8.137478891427436e+18,0.0,1e+19,0.0,0.18625211085725638,0.8137478891427435,0.0,0.0,29801854249.581238,reference_p0,0.41663254110330095,False,True,N_below_support,lower_bound_Q0,0.11302252583269279,0.0968248321520278,0.00588968021709595,0.11375419105058357,0.07507775607983627,0.0254628540970504,0.11070066007050916,0.005487697351193036,0.09943242344413017,0.002211033043406226,0.04691494424753537,0.11948759779188561,0.019599998284005892,0.012737064754031531,0.011650822378108678,0.06618116611257162,0.07556475309333588
mixture_l1,2.0,1e+19,power,2048,fixed_ref,0.8047071577351047,reference_p0,first_question_reference,in,True,True,0.021592022958763536,72.25630332734711,0.41663254110330095,0.41663254110330095,1.0,1.0,1.6923142614993059,0.0,138396230.35649076,0.0,0.0,False,False,True,False,35185,9.360958562156765e+18,6.390414378432352e+17,0.0,1e+19,0.0,0.9360958562156765,0.06390414378432352,0.0,0.0,72256303327.3471,reference_p0,0.41663254110330095,False,True,N_below_support,lower_bound_Q0,0.11302252583269279,0.0968248321520278,0.00588968021709595,0.11375419105058357,0.07507775607983627,0.0254628540970504,0.11070066007050916,0.005487697351193036,0.09943242344413017,0.002211033043406226,0.04691494424753537,0.11948759779188561,0.019599998284005892,0.012737064754031531,0.011650822378108678,0.06618116611257162,0.07556475309333588
mixture_l1,2.0,1e+19,power,2048,mixture,0.8047071577351047,reference_p0,first_question_reference,in,True,True,0.021592022958763536,72.25630332734711,0.41663254110330095,0.41663254110330095,1.0,1.0,1.6923142614993059,0.0,138396230.35649076,0.0,0.0,False,False,True,False,35185,9.360958562156765e+18,6.390414378432352e+17,0.0,1e+19,0.0,0.9360958562156765,0.06390414378432352,0.0,0.0,72256303327.3471,reference_p0,0.41663254110330095,False,True,N_below_support,lower_bound_Q0,0.11302252583269279,0.0968248321520278,0.00588968021709595,0.11375419105058357,0.07507775607983627,0.0254628540970504,0.11070066007050916,0.005487697351193036,0.09943242344413017,0.002211033043406226,0.04691494424753537,0.11948759779188561,0.019599998284005892,0.012737064754031531,0.011650822378108678,0.06618116611257162,0.07556475309333588
mixture_l1,2.0,1e+19,power,4096,fixed_ref,0.8047071577351047,reference_p0,first_question_reference,in,True,True,0.020995843809107347,69.84466499559211,0.41663254110330095,0.41663254110330095,1.0,1.0,1.6923383070141473,0.0,143174858.10306484,-2048.0,-2.048e-16,False,False,True,False,35185,8.798686062881278e+18,1.2013139371187238e+18,0.0,1.0000000000000002e+19,-2048.0,0.8798686062881278,0.12013139371187238,0.0,-2.048e-16,69844664995.59212,reference_p0,0.41663254110330095,False,True,N_below_support,lower_bound_Q0,0.11302252583269279,0.0968248321520278,0.00588968021709595,0.11375419105058357,0.07507775607983627,0.0254628540970504,0.11070066007050916,0.005487697351193036,0.09943242344413017,0.002211033043406226,0.04691494424753537,0.11948759779188561,0.019599998284005892,0.012737064754031531,0.011650822378108678,0.06618116611257162,0.07556475309333588
mixture_l1,2.0,1e+19,power,4096,mixture,0.8047071577351047,reference_p0,first_question_reference,in,True,True,0.020995843809107347,69.84466499559211,0.41663254110330095,0.41663254110330095,1.0,1.0,1.6923383070141473,0.0,143174858.10306484,-2048.0,-2.048e-16,False,False,True,False,35185,8.798686062881278e+18,1.2013139371187238e+18,0.0,1.0000000000000002e+19,-2048.0,0.8798686062881278,0.12013139371187238,0.0,-2.048e-16,69844664995.59212,reference_p0,0.41663254110330095,False,True,N_below_support,lower_bound_Q0,0.11302252583269279,0.0968248321520278,0.00588968021709595,0.11375419105058357,0.07507775607983627,0.0254628540970504,0.11070066007050916,0.005487697351193036,0.09943242344413017,0.002211033043406226,0.04691494424753537,0.11948759779188561,0.019599998284005892,0.012737064754031531,0.011650822378108678,0.06618116611257162,0.07556475309333588
mixture_l1,2.0,1e+19,power,8192,fixed_ref,0.8047071577351047,reference_p0,first_question_reference,in,True,True,0.019945273685572334,65.63834204082536,0.41663254110330095,0.41663254110330095,1.0,1.0,1.6923829409505353,0.0,152349978.5198757,0.0,0.0,False,False,True,False,35185,7.855048177628823e+18,2.1449518223711775e+18,0.0,1e+19,0.0,0.7855048177628823,0.21449518223711775,0.0,0.0,65638342040.82537,reference_p0,0.41663254110330095,False,True,N_below_support,lower_bound_Q0,0.11302252583269279,0.0968248321520278,0.00588968021709595,0.11375419105058357,0.07507775607983627,0.0254628540970504,0.11070066007050916,0.005487697351193036,0.09943242344413017,0.002211033043406226,0.04691494424753537,0.11948759779188561,0.019599998284005892,0.012737064754031531,0.011650822378108678,0.06618116611257162,0.07556475309333588
mixture_l1,2.0,1e+19,power,8192,mixture,0.8047071577351047,reference_p0,first_question_reference,in,True,True,0.019945273685572334,65.63834204082536,0.41663254110330095,0.41663254110330095,1.0,1.0,1.6923829409505353,0.0,152349978.5198757,0.0,0.0,False,False,True,False,35185,7.855048177628823e+18,2.1449518223711775e+18,0.0,1e+19,0.0,0.7855048177628823,0.21449518223711775,0.0,0.0,65638342040.82537,reference_p0,0.41663254110330095,False,True,N_below_support,lower_bound_Q0,0.11302252583269279,0.0968248321520278,0.00588968021709595,0.11375419105058357,0.07507775607983627,0.0254628540970504,0.11070066007050916,0.005487697351193036,0.09943242344413017,0.002211033043406226,0.04691494424753537,0.11948759779188561,0.019599998284005892,0.012737064754031531,0.011650822378108678,0.06618116611257162,0.07556475309333588
mixture_l1,2.0,1e+19,power,32768,fixed_ref,0.8047071577351047,reference_p0,first_question_reference,in,True,True,0.01593480182414592,49.990219868494165,0.41663254110330095,0.41663254110330095,1.0,1.0,1.6925878289987635,0.0,200039128.17959818,0.0,0.0,False,False,True,False,35185,4.779505480499618e+18,5.220494519500383e+18,0.0,1e+19,0.0,0.4779505480499618,0.5220494519500383,0.0,0.0,49990219868.49416,reference_p0,0.41663254110330095,False,True,N_below_support,lower_bound_Q0,0.11302252583269279,0.0968248321520278,0.00588968021709595,0.11375419105058357,0.07507775607983627,0.0254628540970504,0.11070066007050916,0.005487697351193036,0.09943242344413017,0.002211033043406226,0.04691494424753537,0.11948759779188561,0.019599998284005892,0.012737064754031531,0.011650822378108678,0.06618116611257162,0.07556475309333588
mixture_l1,2.0,1e+19,power,32768,mixture,0.8047071577351047,reference_p0,first_question_reference,in,True,True,0.01593480182414592,49.990219868494165,0.41663254110330095,0.41663254110330095,1.0,1.0,1.6925878289987635,0.0,200039128.17959818,0.0,0.0,False,False,True,False,35185,4.779505480499618e+18,5.220494519500383e+18,0.0,1e+19,0.0,0.4779505480499618,0.5220494519500383,0.0,0.0,49990219868.49416,reference_p0,0.41663254110330095,False,True,N_below_support,lower_bound_Q0,0.11302252583269279,0.0968248321520278,0.00588968021709595,0.11375419105058357,0.07507775607983627,0.0254628540970504,0.11070066007050916,0.005487697351193036,0.09943242344413017,0.002211033043406226,0.04691494424753537,0.11948759779188561,0.019599998284005892,0.012737064754031531,0.011650822378108678,0.06618116611257162,0.07556475309333588
mixture_l1,2.0,1e+19,power,131072,fixed_ref,0.8047071577351047,reference_p0,first_question_reference,in,True,True,0.010416136598831123,29.801854249581236,0.41663254110330095,0.41663254110330095,1.0,1.0,1.6930221433704056,0.0,335549590.8493853,0.0,0.0,False,False,True,False,35185,1.8625211085725637e+18,8.137478891427436e+18,0.0,1e+19,0.0,0.18625211085725638,0.8137478891427435,0.0,0.0,29801854249.581238,reference_p0,0.41663254110330095,False,True,N_below_support,lower_bound_Q0,0.11302252583269279,0.0968248321520278,0.00588968021709595,0.11375419105058357,0.07507775607983627,0.0254628540970504,0.11070066007050916,0.005487697351193036,0.09943242344413017,0.002211033043406226,0.04691494424753537,0.11948759779188561,0.019599998284005892,0.012737064754031531,0.011650822378108678,0.06618116611257162,0.07556475309333588
mixture_l1,2.0,1e+19,power,131072,mixture,0.8047071577351047,reference_p0,first_question_reference,in,True,True,0.010416136598831123,29.801854249581236,0.41663254110330095,0.41663254110330095,1.0,1.0,1.6930221433704056,0.0,335549590.8493853,0.0,0.0,False,False,True,False,35185,1.8625211085725637e+18,8.137478891427436e+18,0.0,1e+19,0.0,0.18625211085725638,0.8137478891427435,0.0,0.0,29801854249.581238,reference_p0,0.41663254110330095,False,True,N_below_support,lower_bound_Q0,0.11302252583269279,0.0968248321520278,0.00588968021709595,0.11375419105058357,0.07507775607983627,0.0254628540970504,0.11070066007050916,0.005487697351193036,0.09943242344413017,0.002211033043406226,0.04691494424753537,0.11948759779188561,0.019599998284005892,0.012737064754031531,0.011650822378108678,0.06618116611257162,0.07556475309333588
mixture_l1,2.0,1e+19,logarithmic,2048,fixed_ref,0.8047071577351047,reference_p0,first_question_reference,in,True,True,0.021592022958763536,72.25630332734711,0.41663254110330095,0.41663254110330095,1.0,1.0,1.6923142614993059,0.0,138396230.35649076,0.0,0.0,False,False,True,False,35185,9.360958562156765e+18,6.390414378432352e+17,0.0,1e+19,0.0,0.9360958562156765,0.06390414378432352,0.0,0.0,72256303327.3471,reference_p0,0.41663254110330095,False,True,N_below_support,lower_bound_Q0,0.11302252583269279,0.0968248321520278,0.00588968021709595,0.11375419105058357,0.07507775607983627,0.0254628540970504,0.11070066007050916,0.005487697351193036,0.09943242344413017,0.002211033043406226,0.04691494424753537,0.11948759779188561,0.019599998284005892,0.012737064754031531,0.011650822378108678,0.06618116611257162,0.07556475309333588
mixture_l1,2.0,1e+19,logarithmic,2048,mixture,0.8047071577351047,reference_p0,first_question_reference,in,True,True,0.021592022958763536,72.25630332734711,0.41663254110330095,0.41663254110330095,1.0,1.0,1.6923142614993059,0.0,138396230.35649076,0.0,0.0,False,False,True,False,35185,9.360958562156765e+18,6.390414378432352e+17,0.0,1e+19,0.0,0.9360958562156765,0.06390414378432352,0.0,0.0,72256303327.3471,reference_p0,0.41663254110330095,False,True,N_below_support,lower_bound_Q0,0.11302252583269279,0.0968248321520278,0.00588968021709595,0.11375419105058357,0.07507775607983627,0.0254628540970504,0.11070066007050916,0.005487697351193036,0.09943242344413017,0.002211033043406226,0.04691494424753537,0.11948759779188561,0.019599998284005892,0.012737064754031531,0.011650822378108678,0.06618116611257162,0.07556475309333588
mixture_l1,2.0,1e+19,logarithmic,4096,fixed_ref,0.8047071577351047,reference_p0,first_question_reference,in,True,True,0.020995843809107347,69.84466499559211,0.41663254110330095,0.41663254110330095,1.0,1.0,1.6923383070141473,0.0,143174858.10306484,-2048.0,-2.048e-16,False,False,True,False,35185,8.798686062881278e+18,1.2013139371187238e+18,0.0,1.0000000000000002e+19,-2048.0,0.8798686062881278,0.12013139371187238,0.0,-2.048e-16,69844664995.59212,reference_p0,0.41663254110330095,False,True,N_below_support,lower_bound_Q0,0.11302252583269279,0.0968248321520278,0.00588968021709595,0.11375419105058357,0.07507775607983627,0.0254628540970504,0.11070066007050916,0.005487697351193036,0.09943242344413017,0.002211033043406226,0.04691494424753537,0.11948759779188561,0.019599998284005892,0.012737064754031531,0.011650822378108678,0.06618116611257162,0.07556475309333588
mixture_l1,2.0,1e+19,logarithmic,4096,mixture,0.8047071577351047,reference_p0,first_question_reference,in,True,True,0.020995843809107347,69.84466499559211,0.41663254110330095,0.41663254110330095,1.0,1.0,1.6923383070141473,0.0,143174858.10306484,-2048.0,-2.048e-16,False,False,True,False,35185,8.798686062881278e+18,1.2013139371187238e+18,0.0,1.0000000000000002e+19,-2048.0,0.8798686062881278,0.12013139371187238,0.0,-2.048e-16,69844664995.59212,reference_p0,0.41663254110330095,False,True,N_below_support,lower_bound_Q0,0.11302252583269279,0.0968248321520278,0.00588968021709595,0.11375419105058357,0.07507775607983627,0.0254628540970504,0.11070066007050916,0.005487697351193036,0.09943242344413017,0.002211033043406226,0.04691494424753537,0.11948759779188561,0.019599998284005892,0.012737064754031531,0.011650822378108678,0.06618116611257162,0.07556475309333588
mixture_l1,2.0,1e+19,logarithmic,8192,fixed_ref,0.8047071577351047,reference_p0,first_question_reference,in,True,True,0.019945273685572334,65.63834204082536,0.41663254110330095,0.41663254110330095,1.0,1.0,1.6923829409505353,0.0,152349978.5198757,0.0,0.0,False,False,True,False,35185,7.855048177628823e+18,2.1449518223711775e+18,0.0,1e+19,0.0,0.7855048177628823,0.21449518223711775,0.0,0.0,65638342040.82537,reference_p0,0.41663254110330095,False,True,N_below_support,lower_bound_Q0,0.11302252583269279,0.0968248321520278,0.00588968021709595,0.11375419105058357,0.07507775607983627,0.0254628540970504,0.11070066007050916,0.005487697351193036,0.09943242344413017,0.002211033043406226,0.04691494424753537,0.11948759779188561,0.019599998284005892,0.012737064754031531,0.011650822378108678,0.06618116611257162,0.07556475309333588
mixture_l1,2.0,1e+19,logarithmic,8192,mixture,0.8047071577351047,reference_p0,first_question_reference,in,True,True,0.019945273685572334,65.63834204082536,0.41663254110330095,0.41663254110330095,1.0,1.0,1.6923829409505353,0.0,152349978.5198757,0.0,0.0,False,False,True,False,35185,7.855048177628823e+18,2.1449518223711775e+18,0.0,1e+19,0.0,0.7855048177628823,0.21449518223711775,0.0,0.0,65638342040.82537,reference_p0,0.41663254110330095,False,True,N_below_support,lower_bound_Q0,0.11302252583269279,0.0968248321520278,0.00588968021709595,0.11375419105058357,0.07507775607983627,0.0254628540970504,0.11070066007050916,0.005487697351193036,0.09943242344413017,0.002211033043406226,0.04691494424753537,0.11948759779188561,0.019599998284005892,0.012737064754031531,0.011650822378108678,0.06618116611257162,0.07556475309333588
mixture_l1,2.0,1e+19,logarithmic,32768,fixed_ref,0.8047071577351047,reference_p0,first_question_reference,in,True,True,0.01593480182414592,49.990219868494165,0.41663254110330095,0.41663254110330095,1.0,1.0,1.6925878289987635,0.0,200039128.17959818,0.0,0.0,False,False,True,False,35185,4.779505480499618e+18,5.220494519500383e+18,0.0,1e+19,0.0,0.4779505480499618,0.5220494519500383,0.0,0.0,49990219868.49416,reference_p0,0.41663254110330095,False,True,N_below_support,lower_bound_Q0,0.11302252583269279,0.0968248321520278,0.00588968021709595,0.11375419105058357,0.07507775607983627,0.0254628540970504,0.11070066007050916,0.005487697351193036,0.09943242344413017,0.002211033043406226,0.04691494424753537,0.11948759779188561,0.019599998284005892,0.012737064754031531,0.011650822378108678,0.06618116611257162,0.07556475309333588
mixture_l1,2.0,1e+19,logarithmic,32768,mixture,0.8047071577351047,reference_p0,first_question_reference,in,True,True,0.01593480182414592,49.990219868494165,0.41663254110330095,0.41663254110330095,1.0,1.0,1.6925878289987635,0.0,200039128.17959818,0.0,0.0,False,False,True,False,35185,4.779505480499618e+18,5.220494519500383e+18,0.0,1e+19,0.0,0.4779505480499618,0.5220494519500383,0.0,0.0,49990219868.49416,reference_p0,0.41663254110330095,False,True,N_below_support,lower_bound_Q0,0.11302252583269279,0.0968248321520278,0.00588968021709595,0.11375419105058357,0.07507775607983627,0.0254628540970504,0.11070066007050916,0.005487697351193036,0.09943242344413017,0.002211033043406226,0.04691494424753537,0.11948759779188561,0.019599998284005892,0.012737064754031531,0.011650822378108678,0.06618116611257162,0.07556475309333588
mixture_l1,2.0,1e+19,logarithmic,131072,fixed_ref,0.8047071577351047,reference_p0,first_question_reference,in,True,True,0.010416136598831123,29.801854249581236,0.41663254110330095,0.41663254110330095,1.0,1.0,1.6930221433704056,0.0,335549590.8493853,0.0,0.0,False,False,True,False,35185,1.8625211085725637e+18,8.137478891427436e+18,0.0,1e+19,0.0,0.18625211085725638,0.8137478891427435,0.0,0.0,29801854249.581238,reference_p0,0.41663254110330095,False,True,N_below_support,lower_bound_Q0,0.11302252583269279,0.0968248321520278,0.00588968021709595,0.11375419105058357,0.07507775607983627,0.0254628540970504,0.11070066007050916,0.005487697351193036,0.09943242344413017,0.002211033043406226,0.04691494424753537,0.11948759779188561,0.019599998284005892,0.012737064754031531,0.011650822378108678,0.06618116611257162,0.07556475309333588
mixture_l1,2.0,1e+19,logarithmic,131072,mixture,0.8047071577351047,reference_p0,first_question_reference,in,True,True,0.010416136598831123,29.801854249581236,0.41663254110330095,0.41663254110330095,1.0,1.0,1.6930221433704056,0.0,335549590.8493853,0.0,0.0,False,False,True,False,35185,1.8625211085725637e+18,8.137478891427436e+18,0.0,1e+19,0.0,0.18625211085725638,0.8137478891427435,0.0,0.0,29801854249.581238,reference_p0,0.41663254110330095,False,True,N_below_support,lower_bound_Q0,0.11302252583269279,0.0968248321520278,0.00588968021709595,0.11375419105058357,0.07507775607983627,0.0254628540970504,0.11070066007050916,0.005487697351193036,0.09943242344413017,0.002211033043406226,0.04691494424753537,0.11948759779188561,0.019599998284005892,0.012737064754031531,0.011650822378108678,0.06618116611257162,0.07556475309333588
mixture_l1,2.0,1e+22,exponential,2048,fixed_ref,0.8047071577351047,reference_p0,first_question_reference,in,True,True,0.7390832048187815,1786.5544052099483,0.7644906677270099,0.41663254110330095,1.0,1.0,1.690630005622433,860138914.5713452,5597366624.177808,2097152.0,2.097152e-16,False,False,False,False,35185,7.922474132314083e+21,5.408409007659748e+20,1.53668496691994e+21,9.999999999999998e+21,2097152.0,0.7922474132314083,0.05408409007659748,0.153668496691994,2.097152e-16,1786554405209.9482,reference_p0,0.41663254110330095,True,False,D_above_support;Q_above_A_supported,interior,0.11302252583269279,0.0968248321520278,0.00588968021709595,0.11375419105058357,0.07507775607983627,0.0254628540970504,0.11070066007050916,0.005487697351193036,0.09943242344413017,0.002211033043406226,0.04691494424753537,0.11948759779188561,0.019599998284005892,0.012737064754031531,0.011650822378108678,0.06618116611257162,0.07556475309333588
mixture_l1,2.0,1e+22,exponential,2048,mixture,0.8047071577351047,reference_p0,first_question_reference,in,True,True,0.7390832048187815,1786.5544052099483,0.7644906677270099,0.41663254110330095,1.0,1.0,1.690630005622433,860138914.5713452,5597366624.177808,2097152.0,2.097152e-16,False,False,False,False,35185,7.922474132314083e+21,5.408409007659748e+20,1.53668496691994e+21,9.999999999999998e+21,2097152.0,0.7922474132314083,0.05408409007659748,0.153668496691994,2.097152e-16,1786554405209.9482,reference_p0,0.41663254110330095,True,False,D_above_support;Q_above_A_supported,interior,0.11302252583269279,0.0968248321520278,0.00588968021709595,0.11375419105058357,0.07507775607983627,0.0254628540970504,0.11070066007050916,0.005487697351193036,0.09943242344413017,0.002211033043406226,0.04691494424753537,0.11948759779188561,0.019599998284005892,0.012737064754031531,0.011650822378108678,0.06618116611257162,0.07556475309333588
mixture_l1,2.0,1e+22,exponential,4096,fixed_ref,0.8047071577351047,reference_p0,first_question_reference,in,True,True,0.7202666946511164,1723.8166870950865,0.7693909543817422,0.41663254110330095,1.0,1.0,1.690637236516379,889438221.8357941,5801080866.000688,0.0,0.0,False,False,False,False,35185,7.449646484390494e+21,1.0171250666687821e+21,1.533228448940723e+21,1e+22,0.0,0.7449646484390494,0.10171250666687821,0.1533228448940723,0.0,1723816687095.0864,reference_p0,0.41663254110330095,True,False,D_above_support;Q_above_A_supported,interior,0.11302252583269279,0.0968248321520278,0.00588968021709595,0.11375419105058357,0.07507775607983627,0.0254628540970504,0.11070066007050916,0.005487697351193036,0.09943242344413017,0.002211033043406226,0.04691494424753537,0.11948759779188561,0.019599998284005892,0.012737064754031531,0.011650822378108678,0.06618116611257162,0.07556475309333588
mixture_l1,2.0,1e+22,exponential,4096,mixture,0.8047071577351047,reference_p0,first_question_reference,in,True,True,0.7202666946511164,1723.8166870950865,0.7693909543817422,0.41663254110330095,1.0,1.0,1.690637236516379,889438221.8357941,5801080866.000688,0.0,0.0,False,False,False,False,35185,7.449646484390494e+21,1.0171250666687821e+21,1.533228448940723e+21,1e+22,0.0,0.7449646484390494,0.10171250666687821,0.1533228448940723,0.0,1723816687095.0864,reference_p0,0.41663254110330095,True,False,D_above_support;Q_above_A_supported,interior,0.11302252583269279,0.0968248321520278,0.00588968021709595,0.11375419105058357,0.07507775607983627,0.0254628540970504,0.11070066007050916,0.005487697351193036,0.09943242344413017,0.002211033043406226,0.04691494424753537,0.11948759779188561,0.019599998284005892,0.012737064754031531,0.011650822378108678,0.06618116611257162,0.07556475309333588
mixture_l1,2.0,1e+22,exponential,8192,fixed_ref,0.8047071577351047,reference_p0,first_question_reference,in,True,True,0.6864148438890036,1616.1073519237568,0.7782425832914014,0.41663254110330095,1.0,1.0,1.690650647113936,944596614.8964548,6187707758.4582205,0.0,0.0,False,False,False,False,35185,6.655920454071699e+21,1.8175100119918455e+21,1.5265695339364543e+21,1e+22,0.0,0.66559204540717,0.18175100119918455,0.15265695339364543,0.0,1616107351923.7568,reference_p0,0.41663254110330095,True,False,D_above_support;Q_above_A_supported,interior,0.11302252583269279,0.0968248321520278,0.00588968021709595,0.11375419105058357,0.07507775607983627,0.0254628540970504,0.11070066007050916,0.005487697351193036,0.09943242344413017,0.002211033043406226,0.04691494424753537,0.11948759779188561,0.019599998284005892,0.012737064754031531,0.011650822378108678,0.06618116611257162,0.07556475309333588
mixture_l1,2.0,1e+22,exponential,8192,mixture,0.8047071577351047,reference_p0,first_question_reference,in,True,True,0.6864148438890036,1616.1073519237568,0.7782425832914014,0.41663254110330095,1.0,1.0,1.690650647113936,944596614.8964548,6187707758.4582205,0.0,0.0,False,False,False,False,35185,6.655920454071699e+21,1.8175100119918455e+21,1.5265695339364543e+21,1e+22,0.0,0.66559204540717,0.18175100119918455,0.15265695339364543,0.0,1616107351923.7568,reference_p0,0.41663254110330095,True,False,D_above_support;Q_above_A_supported,interior,0.11302252583269279,0.0968248321520278,0.00588968021709595,0.11375419105058357,0.07507775607983627,0.0254628540970504,0.11070066007050916,0.005487697351193036,0.09943242344413017,0.002211033043406226,0.04691494424753537,0.11948759779188561,0.019599998284005892,0.012737064754031531,0.011650822378108678,0.06618116611257162,0.07556475309333588
mixture_l1,2.0,1e+22,exponential,32768,fixed_ref,0.8047071577351047,reference_p0,first_question_reference,in,True,True,0.5557165531616646,1219.440588216475,0.817055964889995,0.41663254110330095,1.0,1.0,1.6907120322117328,1224238191.3354754,8200481513.105747,-2097152.0,-2.097152e-16,False,False,False,False,35185,4.0659799228145536e+21,4.441134337026243e+21,1.4928857401592054e+21,1.0000000000000002e+22,-2097152.0,0.4065979922814554,0.4441134337026243,0.14928857401592055,-2.097152e-16,1219440588216.4749,reference_p0,0.41663254110330095,True,False,D_above_support;Q_above_A_supported,interior,0.11302252583269279,0.0968248321520278,0.00588968021709595,0.11375419105058357,0.07507775607983627,0.0254628540970504,0.11070066007050916,0.005487697351193036,0.09943242344413017,0.002211033043406226,0.04691494424753537,0.11948759779188561,0.019599998284005892,0.012737064754031531,0.011650822378108678,0.06618116611257162,0.07556475309333588
mixture_l1,2.0,1e+22,exponential,32768,mixture,0.8047071577351047,reference_p0,first_question_reference,in,True,True,0.5557165531616646,1219.440588216475,0.817055964889995,0.41663254110330095,1.0,1.0,1.6907120322117328,1224238191.3354754,8200481513.105747,-2097152.0,-2.097152e-16,False,False,False,False,35185,4.0659799228145536e+21,4.441134337026243e+21,1.4928857401592054e+21,1.0000000000000002e+22,-2097152.0,0.4065979922814554,0.4441134337026243,0.14928857401592055,-2.097152e-16,1219440588216.4749,reference_p0,0.41663254110330095,True,False,D_above_support;Q_above_A_supported,interior,0.11302252583269279,0.0968248321520278,0.00588968021709595,0.11375419105058357,0.07507775607983627,0.0254628540970504,0.11070066007050916,0.005487697351193036,0.09943242344413017,0.002211033043406226,0.04691494424753537,0.11948759779188561,0.019599998284005892,0.012737064754031531,0.011650822378108678,0.06618116611257162,0.07556475309333588
mixture_l1,2.0,1e+22,exponential,131072,fixed_ref,0.8047071577351047,reference_p0,first_question_reference,in,True,True,0.3708286954532517,718.3964746671064,0.8908402810912497,0.41663254110330095,1.0,1.0,1.690841381768011,1973866207.1642714,13919890133.973503,-2097152.0,-2.097152e-16,False,False,False,False,35185,1.5984121651141086e+21,6.983569310194548e+21,1.418018524691345e+21,1.0000000000000002e+22,-2097152.0,0.15984121651141087,0.6983569310194547,0.1418018524691345,-2.097152e-16,718396474667.1064,reference_p0,0.41663254110330095,True,False,D_above_support;Q_above_A_supported,interior,0.11302252583269279,0.0968248321520278,0.00588968021709595,0.11375419105058357,0.07507775607983627,0.0254628540970504,0.11070066007050916,0.005487697351193036,0.09943242344413017,0.002211033043406226,0.04691494424753537,0.11948759779188561,0.019599998284005892,0.012737064754031531,0.011650822378108678,0.06618116611257162,0.07556475309333588
mixture_l1,2.0,1e+22,exponential,131072,mixture,0.8047071577351047,reference_p0,first_question_reference,in,True,True,0.3708286954532517,718.3964746671064,0.8908402810912497,0.41663254110330095,1.0,1.0,1.690841381768011,1973866207.1642714,13919890133.973503,-2097152.0,-2.097152e-16,False,False,False,False,35185,1.5984121651141086e+21,6.983569310194548e+21,1.418018524691345e+21,1.0000000000000002e+22,-2097152.0,0.15984121651141087,0.6983569310194547,0.1418018524691345,-2.097152e-16,718396474667.1064,reference_p0,0.41663254110330095,True,False,D_above_support;Q_above_A_supported,interior,0.11302252583269279,0.0968248321520278,0.00588968021709595,0.11375419105058357,0.07507775607983627,0.0254628540970504,0.11070066007050916,0.005487697351193036,0.09943242344413017,0.002211033043406226,0.04691494424753537,0.11948759779188561,0.019599998284005892,0.012737064754031531,0.011650822378108678,0.06618116611257162,0.07556475309333588
mixture_l1,2.0,1e+22,power,2048,fixed_ref,0.8047071577351047,reference_p0,first_question_reference,in,True,True,0.7340179266611321,1754.0608890521355,0.6920597640303958,0.41663254110330095,1.0,1.0,1.6906445121898166,996295064.4801215,5701056367.2073145,2097152.0,2.097152e-16,False,False,False,False,35185,7.725072822116583e+21,5.273649713231588e+20,1.7475622065602565e+21,9.999999999999998e+21,2097152.0,0.7725072822116583,0.05273649713231588,0.17475622065602564,2.097152e-16,1754060889052.1355,reference_p0,0.41663254110330095,True,False,D_above_support;Q_above_A_supported,interior,0.11302252583269279,0.0968248321520278,0.00588968021709595,0.11375419105058357,0.07507775607983627,0.0254628540970504,0.11070066007050916,0.005487697351193036,0.09943242344413017,0.002211033043406226,0.04691494424753537,0.11948759779188561,0.019599998284005892,0.012737064754031531,0.011650822378108678,0.06618116611257162,0.07556475309333588
mixture_l1,2.0,1e+22,power,2048,mixture,0.8047071577351047,reference_p0,first_question_reference,in,True,True,0.7340179266611321,1754.0608890521355,0.6920597640303958,0.41663254110330095,1.0,1.0,1.6906445121898166,996295064.4801215,5701056367.2073145,2097152.0,2.097152e-16,False,False,False,False,35185,7.725072822116583e+21,5.273649713231588e+20,1.7475622065602565e+21,9.999999999999998e+21,2097152.0,0.7725072822116583,0.05273649713231588,0.17475622065602564,2.097152e-16,1754060889052.1355,reference_p0,0.41663254110330095,True,False,D_above_support;Q_above_A_supported,interior,0.11302252583269279,0.0968248321520278,0.00588968021709595,0.11375419105058357,0.07507775607983627,0.0254628540970504,0.11070066007050916,0.005487697351193036,0.09943242344413017,0.002211033043406226,0.04691494424753537,0.11948759779188561,0.019599998284005892,0.012737064754031531,0.011650822378108678,0.06618116611257162,0.07556475309333588
mixture_l1,2.0,1e+22,power,4096,fixed_ref,0.8047071577351047,reference_p0,first_question_reference,in,True,True,0.7174417842712534,1684.6655361572473,0.6990757300027267,0.41663254110330095,1.0,1.0,1.690651755841625,1043517330.5146822,5935896345.817213,0.0,0.0,False,False,False,False,35185,7.251896688965659e+21,9.901256279334447e+20,1.7579776831008966e+21,1e+22,0.0,0.7251896688965659,0.09901256279334447,0.17579776831008967,0.0,1684665536157.2473,reference_p0,0.41663254110330095,True,False,D_above_support;Q_above_A_supported,interior,0.11302252583269279,0.0968248321520278,0.00588968021709595,0.11375419105058357,0.07507775607983627,0.0254628540970504,0.11070066007050916,0.005487697351193036,0.09943242344413017,0.002211033043406226,0.04691494424753537,0.11948759779188561,0.019599998284005892,0.012737064754031531,0.011650822378108678,0.06618116611257162,0.07556475309333588
mixture_l1,2.0,1e+22,power,4096,mixture,0.8047071577351047,reference_p0,first_question_reference,in,True,True,0.7174417842712534,1684.6655361572473,0.6990757300027267,0.41663254110330095,1.0,1.0,1.690651755841625,1043517330.5146822,5935896345.817213,0.0,0.0,False,False,False,False,35185,7.251896688965659e+21,9.901256279334447e+20,1.7579776831008966e+21,1e+22,0.0,0.7251896688965659,0.09901256279334447,0.17579776831008967,0.0,1684665536157.2473,reference_p0,0.41663254110330095,True,False,D_above_support;Q_above_A_supported,interior,0.11302252583269279,0.0968248321520278,0.00588968021709595,0.11375419105058357,0.07507775607983627,0.0254628540970504,0.11070066007050916,0.005487697351193036,0.09943242344413017,0.002211033043406226,0.04691494424753537,0.11948759779188561,0.019599998284005892,0.012737064754031531,0.011650822378108678,0.06618116611257162,0.07556475309333588
mixture_l1,2.0,1e+22,power,8192,fixed_ref,0.8047071577351047,reference_p0,first_question_reference,in,True,True,0.6881028131028888,1564.6709925934697,0.7121120481508717,0.41663254110330095,1.0,1.0,1.6906651687924776,1135115424.983025,6391119952.588131,0.0,0.0,False,False,False,False,35185,6.459927069504336e+21,1.7639907517793174e+21,1.7760821787163482e+21,1e+22,0.0,0.6459927069504335,0.17639907517793174,0.1776082178716348,0.0,1564670992593.4697,reference_p0,0.41663254110330095,True,False,D_above_support;Q_above_A_supported,interior,0.11302252583269279,0.0968248321520278,0.00588968021709595,0.11375419105058357,0.07507775607983627,0.0254628540970504,0.11070066007050916,0.005487697351193036,0.09943242344413017,0.002211033043406226,0.04691494424753537,0.11948759779188561,0.019599998284005892,0.012737064754031531,0.011650822378108678,0.06618116611257162,0.07556475309333588
mixture_l1,2.0,1e+22,power,8192,mixture,0.8047071577351047,reference_p0,first_question_reference,in,True,True,0.6881028131028888,1564.6709925934697,0.7121120481508717,0.41663254110330095,1.0,1.0,1.6906651687924776,1135115424.983025,6391119952.588131,0.0,0.0,False,False,False,False,35185,6.459927069504336e+21,1.7639907517793174e+21,1.7760821787163482e+21,1e+22,0.0,0.6459927069504335,0.17639907517793174,0.1776082178716348,0.0,1564670992593.4697,reference_p0,0.41663254110330095,True,False,D_above_support;Q_above_A_supported,interior,0.11302252583269279,0.0968248321520278,0.00588968021709595,0.11375419105058357,0.07507775607983627,0.0254628540970504,0.11070066007050916,0.005487697351193036,0.09943242344413017,0.002211033043406226,0.04691494424753537,0.11948759779188561,0.019599998284005892,0.012737064754031531,0.011650822378108678,0.06618116611257162,0.07556475309333588
mixture_l1,2.0,1e+22,power,32768,fixed_ref,0.8047071577351047,reference_p0,first_question_reference,in,True,True,0.5712155216230432,1137.8921687655877,0.7711332785256471,0.41663254110330095,1.0,1.0,1.6907262369081466,1617367773.4330606,8788178945.680096,2097152.0,2.097152e-16,False,False,False,False,35185,3.8998900123932657e+21,4.2597198642034183e+21,1.840390123403315e+21,9.999999999999998e+21,2097152.0,0.38998900123932656,0.42597198642034184,0.1840390123403315,2.097152e-16,1137892168765.5876,reference_p0,0.41663254110330095,True,False,D_above_support;Q_above_A_supported,interior,0.11302252583269279,0.0968248321520278,0.00588968021709595,0.11375419105058357,0.07507775607983627,0.0254628540970504,0.11070066007050916,0.005487697351193036,0.09943242344413017,0.002211033043406226,0.04691494424753537,0.11948759779188561,0.019599998284005892,0.012737064754031531,0.011650822378108678,0.06618116611257162,0.07556475309333588
mixture_l1,2.0,1e+22,power,32768,mixture,0.8047071577351047,reference_p0,first_question_reference,in,True,True,0.5712155216230432,1137.8921687655877,0.7711332785256471,0.41663254110330095,1.0,1.0,1.6907262369081466,1617367773.4330606,8788178945.680096,2097152.0,2.097152e-16,False,False,False,False,35185,3.8998900123932657e+21,4.2597198642034183e+21,1.840390123403315e+21,9.999999999999998e+21,2097152.0,0.38998900123932656,0.42597198642034184,0.1840390123403315,2.097152e-16,1137892168765.5876,reference_p0,0.41663254110330095,True,False,D_above_support;Q_above_A_supported,interior,0.11302252583269279,0.0968248321520278,0.00588968021709595,0.11375419105058357,0.07507775607983627,0.0254628540970504,0.11070066007050916,0.005487697351193036,0.09943242344413017,0.002211033043406226,0.04691494424753537,0.11948759779188561,0.019599998284005892,0.012737064754031531,0.011650822378108678,0.06618116611257162,0.07556475309333588
mixture_l1,2.0,1e+22,power,131072,fixed_ref,0.8047071577351047,reference_p0,first_question_reference,in,True,True,0.39810717055349687,630.2788037207847,0.8938582354119419,0.41663254110330095,1.0,1.0,1.6908534107698188,3041210812.0867987,15865994447.165367,-2097152.0,-2.097152e-16,False,False,False,False,35185,1.5055110672547465e+21,6.577678220240472e+21,1.9168107125047836e+21,1.0000000000000002e+22,-2097152.0,0.15055110672547464,0.6577678220240472,0.19168107125047837,-2.097152e-16,630278803720.7847,reference_p0,0.41663254110330095,True,False,D_above_support;Q_above_A_supported,interior,0.11302252583269279,0.0968248321520278,0.00588968021709595,0.11375419105058357,0.07507775607983627,0.0254628540970504,0.11070066007050916,0.005487697351193036,0.09943242344413017,0.002211033043406226,0.04691494424753537,0.11948759779188561,0.019599998284005892,0.012737064754031531,0.011650822378108678,0.06618116611257162,0.07556475309333588
mixture_l1,2.0,1e+22,power,131072,mixture,0.8047071577351047,reference_p0,first_question_reference,in,True,True,0.39810717055349687,630.2788037207847,0.8938582354119419,0.41663254110330095,1.0,1.0,1.6908534107698188,3041210812.0867987,15865994447.165367,-2097152.0,-2.097152e-16,False,False,False,False,35185,1.5055110672547465e+21,6.577678220240472e+21,1.9168107125047836e+21,1.0000000000000002e+22,-2097152.0,0.15055110672547464,0.6577678220240472,0.19168107125047837,-2.097152e-16,630278803720.7847,reference_p0,0.41663254110330095,True,False,D_above_support;Q_above_A_supported,interior,0.11302252583269279,0.0968248321520278,0.00588968021709595,0.11375419105058357,0.07507775607983627,0.0254628540970504,0.11070066007050916,0.005487697351193036,0.09943242344413017,0.002211033043406226,0.04691494424753537,0.11948759779188561,0.019599998284005892,0.012737064754031531,0.011650822378108678,0.06618116611257162,0.07556475309333588
mixture_l1,2.0,1e+22,logarithmic,2048,fixed_ref,0.8047071577351047,reference_p0,first_question_reference,in,True,True,0.883785082255996,1393.4998168928687,1.0,0.41663254110330095,1.0,1.0,1.6906143089563717,1511467178.400249,7176176041.628281,0.0,0.0,False,False,False,True,35185,7.389326101778276e+21,5.044446618813969e+20,2.1062292363403277e+21,1e+22,0.0,0.7389326101778275,0.05044446618813969,0.21062292363403276,0.0,1393499816892.8687,reference_p0,0.41663254110330095,True,False,D_above_support;Q_above_A_supported,upper_bound,0.11302252583269279,0.0968248321520278,0.00588968021709595,0.11375419105058357,0.07507775607983627,0.0254628540970504,0.11070066007050916,0.005487697351193036,0.09943242344413017,0.002211033043406226,0.04691494424753537,0.11948759779188561,0.019599998284005892,0.012737064754031531,0.011650822378108678,0.06618116611257162,0.07556475309333588
mixture_l1,2.0,1e+22,logarithmic,2048,mixture,0.8047071577351047,reference_p0,first_question_reference,in,True,True,0.883785082255996,1393.4998168928687,1.0,0.41663254110330095,1.0,1.0,1.6906143089563717,1511467178.400249,7176176041.628281,0.0,0.0,False,False,False,True,35185,7.389326101778276e+21,5.044446618813969e+20,2.1062292363403277e+21,1e+22,0.0,0.7389326101778275,0.05044446618813969,0.21062292363403276,0.0,1393499816892.8687,reference_p0,0.41663254110330095,True,False,D_above_support;Q_above_A_supported,upper_bound,0.11302252583269279,0.0968248321520278,0.00588968021709595,0.11375419105058357,0.07507775607983627,0.0254628540970504,0.11070066007050916,0.005487697351193036,0.09943242344413017,0.002211033043406226,0.04691494424753537,0.11948759779188561,0.019599998284005892,0.012737064754031531,0.011650822378108678,0.06618116611257162,0.07556475309333588
mixture_l1,2.0,1e+22,logarithmic,4096,fixed_ref,0.8047071577351047,reference_p0,first_question_reference,in,True,True,0.8537027230038308,1363.6915087594743,1.0,0.41663254110330095,1.0,1.0,1.6906211238650943,1511467178.400249,7333036787.107973,2097152.0,2.097152e-16,False,False,False,True,35185,6.985122926190993e+21,9.537021168559438e+20,2.0611749569530613e+21,9.999999999999998e+21,2097152.0,0.6985122926190993,0.09537021168559438,0.20611749569530613,2.097152e-16,1363691508759.4744,reference_p0,0.41663254110330095,True,False,D_above_support;Q_above_A_supported,upper_bound,0.11302252583269279,0.0968248321520278,0.00588968021709595,0.11375419105058357,0.07507775607983627,0.0254628540970504,0.11070066007050916,0.005487697351193036,0.09943242344413017,0.002211033043406226,0.04691494424753537,0.11948759779188561,0.019599998284005892,0.012737064754031531,0.011650822378108678,0.06618116611257162,0.07556475309333588
mixture_l1,2.0,1e+22,logarithmic,4096,mixture,0.8047071577351047,reference_p0,first_question_reference,in,True,True,0.8537027230038308,1363.6915087594743,1.0,0.41663254110330095,1.0,1.0,1.6906211238650943,1511467178.400249,7333036787.107973,2097152.0,2.097152e-16,False,False,False,True,35185,6.985122926190993e+21,9.537021168559438e+20,2.0611749569530613e+21,9.999999999999998e+21,2097152.0,0.6985122926190993,0.09537021168559438,0.20611749569530613,2.097152e-16,1363691508759.4744,reference_p0,0.41663254110330095,True,False,D_above_support;Q_above_A_supported,upper_bound,0.11302252583269279,0.0968248321520278,0.00588968021709595,0.11375419105058357,0.07507775607983627,0.0254628540970504,0.11070066007050916,0.005487697351193036,0.09943242344413017,0.002211033043406226,0.04691494424753537,0.11948759779188561,0.019599998284005892,0.012737064754031531,0.011650822378108678,0.06618116611257162,0.07556475309333588
mixture_l1,2.0,1e+22,logarithmic,8192,fixed_ref,0.8047071577351047,reference_p0,first_question_reference,in,True,True,0.801678063387679,1309.7568546297525,1.0,0.41663254110330095,1.0,1.0,1.6906338137780765,1511467178.400249,7635004897.780697,0.0,0.0,False,False,False,True,35185,6.300020032369906e+21,1.7203254701724758e+21,1.979654497457617e+21,1e+22,0.0,0.6300020032369906,0.17203254701724757,0.1979654497457617,0.0,1309756854629.7524,reference_p0,0.41663254110330095,True,False,D_above_support;Q_above_A_supported,upper_bound,0.11302252583269279,0.0968248321520278,0.00588968021709595,0.11375419105058357,0.07507775607983627,0.0254628540970504,0.11070066007050916,0.005487697351193036,0.09943242344413017,0.002211033043406226,0.04691494424753537,0.11948759779188561,0.019599998284005892,0.012737064754031531,0.011650822378108678,0.06618116611257162,0.07556475309333588
mixture_l1,2.0,1e+22,logarithmic,8192,mixture,0.8047071577351047,reference_p0,first_question_reference,in,True,True,0.801678063387679,1309.7568546297525,1.0,0.41663254110330095,1.0,1.0,1.6906338137780765,1511467178.400249,7635004897.780697,0.0,0.0,False,False,False,True,35185,6.300020032369906e+21,1.7203254701724758e+21,1.979654497457617e+21,1e+22,0.0,0.6300020032369906,0.17203254701724757,0.1979654497457617,0.0,1309756854629.7524,reference_p0,0.41663254110330095,True,False,D_above_support;Q_above_A_supported,upper_bound,0.11302252583269279,0.0968248321520278,0.00588968021709595,0.11375419105058357,0.07507775607983627,0.0254628540970504,0.11070066007050916,0.005487697351193036,0.09943242344413017,0.002211033043406226,0.04691494424753537,0.11948759779188561,0.019599998284005892,0.012737064754031531,0.011650822378108678,0.06618116611257162,0.07556475309333588
mixture_l1,2.0,1e+22,logarithmic,32768,fixed_ref,0.8047071577351047,reference_p0,first_question_reference,in,True,True,0.6108294955902859,1089.3748944270033,1.0,0.41663254110330095,1.0,1.0,1.6906926720466557,1511467178.400249,9179576334.242462,0.0,0.0,False,False,False,True,35185,3.9925339036294043e+21,4.3609116984709444e+21,1.6465543978996518e+21,1e+22,0.0,0.39925339036294044,0.43609116984709445,0.1646554397899652,0.0,1089374894427.0033,reference_p0,0.41663254110330095,True,False,D_above_support;Q_above_A_supported,upper_bound,0.11302252583269279,0.0968248321520278,0.00588968021709595,0.11375419105058357,0.07507775607983627,0.0254628540970504,0.11070066007050916,0.005487697351193036,0.09943242344413017,0.002211033043406226,0.04691494424753537,0.11948759779188561,0.019599998284005892,0.012737064754031531,0.011650822378108678,0.06618116611257162,0.07556475309333588
mixture_l1,2.0,1e+22,logarithmic,32768,mixture,0.8047071577351047,reference_p0,first_question_reference,in,True,True,0.6108294955902859,1089.3748944270033,1.0,0.41663254110330095,1.0,1.0,1.6906926720466557,1511467178.400249,9179576334.242462,0.0,0.0,False,False,False,True,35185,3.9925339036294043e+21,4.3609116984709444e+21,1.6465543978996518e+21,1e+22,0.0,0.39925339036294044,0.43609116984709445,0.1646554397899652,0.0,1089374894427.0033,reference_p0,0.41663254110330095,True,False,D_above_support;Q_above_A_supported,upper_bound,0.11302252583269279,0.0968248321520278,0.00588968021709595,0.11375419105058357,0.07507775607983627,0.0254628540970504,0.11070066007050916,0.005487697351193036,0.09943242344413017,0.002211033043406226,0.04691494424753537,0.11948759779188561,0.019599998284005892,0.012737064754031531,0.011650822378108678,0.06618116611257162,0.07556475309333588
mixture_l1,2.0,1e+22,logarithmic,131072,fixed_ref,0.8047071577351047,reference_p0,first_question_reference,in,True,True,0.3717406037942833,741.4620083298612,1.0,0.41663254110330095,1.0,1.0,1.6908200559118678,1511467178.400249,13486867685.27081,-2097152.0,-2.097152e-16,False,False,False,True,35185,1.6537892080023872e+21,7.225515302376298e+21,1.1206954896213173e+21,1.0000000000000002e+22,-2097152.0,0.16537892080023872,0.7225515302376299,0.11206954896213173,-2.097152e-16,741462008329.8612,reference_p0,0.41663254110330095,True,False,D_above_support;Q_above_A_supported,upper_bound,0.11302252583269279,0.0968248321520278,0.00588968021709595,0.11375419105058357,0.07507775607983627,0.0254628540970504,0.11070066007050916,0.005487697351193036,0.09943242344413017,0.002211033043406226,0.04691494424753537,0.11948759779188561,0.019599998284005892,0.012737064754031531,0.011650822378108678,0.06618116611257162,0.07556475309333588
mixture_l1,2.0,1e+22,logarithmic,131072,mixture,0.8047071577351047,reference_p0,first_question_reference,in,True,True,0.3717406037942833,741.4620083298612,1.0,0.41663254110330095,1.0,1.0,1.6908200559118678,1511467178.400249,13486867685.27081,-2097152.0,-2.097152e-16,False,False,False,True,35185,1.6537892080023872e+21,7.225515302376298e+21,1.1206954896213173e+21,1.0000000000000002e+22,-2097152.0,0.16537892080023872,0.7225515302376299,0.11206954896213173,-2.097152e-16,741462008329.8612,reference_p0,0.41663254110330095,True,False,D_above_support;Q_above_A_supported,upper_bound,0.11302252583269279,0.0968248321520278,0.00588968021709595,0.11375419105058357,0.07507775607983627,0.0254628540970504,0.11070066007050916,0.005487697351193036,0.09943242344413017,0.002211033043406226,0.04691494424753537,0.11948759779188561,0.019599998284005892,0.012737064754031531,0.011650822378108678,0.06618116611257162,0.07556475309333588
mixture_l1,2.0,1e+24,exponential,2048,fixed_ref,0.8047071577351047,reference_p0,first_question_reference,in,True,True,6.008600551799451,23570.888745708377,1.0,0.41663254110330095,1.0,1.0,1.6901895542554368,3912487936.8349757,42425214033.648735,0.0,0.0,False,False,False,True,35185,8.497683307432008e+23,5.8010851378735845e+22,9.222081787806332e+22,1e+24,0.0,0.8497683307432008,0.05801085137873584,0.09222081787806331,0.0,23570888745708.375,reference_p0,0.41663254110330095,True,False,D_above_support;Q_above_A_supported,upper_bound,0.11302252583269279,0.0968248321520278,0.00588968021709595,0.11375419105058357,0.07507775607983627,0.0254628540970504,0.11070066007050916,0.005487697351193036,0.09943242344413017,0.002211033043406226,0.04691494424753537,0.11948759779188561,0.019599998284005892,0.012737064754031531,0.011650822378108678,0.06618116611257162,0.07556475309333588
mixture_l1,2.0,1e+24,exponential,2048,mixture,0.8047071577351047,reference_p0,first_question_reference,in,True,True,6.008600551799451,23570.888745708377,1.0,0.41663254110330095,1.0,1.0,1.6901895542554368,3912487936.8349757,42425214033.648735,0.0,0.0,False,False,False,True,35185,8.497683307432008e+23,5.8010851378735845e+22,9.222081787806332e+22,1e+24,0.0,0.8497683307432008,0.05801085137873584,0.09222081787806331,0.0,23570888745708.375,reference_p0,0.41663254110330095,True,False,D_above_support;Q_above_A_supported,upper_bound,0.11302252583269279,0.0968248321520278,0.00588968021709595,0.11375419105058357,0.07507775607983627,0.0254628540970504,0.11070066007050916,0.005487697351193036,0.09943242344413017,0.002211033043406226,0.04691494424753537,0.11948759779188561,0.019599998284005892,0.012737064754031531,0.011650822378108678,0.06618116611257162,0.07556475309333588
mixture_l1,2.0,1e+24,exponential,4096,fixed_ref,0.8047071577351047,reference_p0,first_question_reference,in,True,True,5.825501700037946,22915.93906521231,1.0,0.41663254110330095,1.0,1.0,1.69019310381402,3912487936.8349757,43637749129.73374,0.0,0.0,False,False,False,True,35185,8.009810518941618e+23,1.0936061295194955e+23,8.965833515388854e+22,1e+24,0.0,0.8009810518941618,0.10936061295194956,0.08965833515388853,0.0,22915939065212.312,reference_p0,0.41663254110330095,True,False,D_above_support;Q_above_A_supported,upper_bound,0.11302252583269279,0.0968248321520278,0.00588968021709595,0.11375419105058357,0.07507775607983627,0.0254628540970504,0.11070066007050916,0.005487697351193036,0.09943242344413017,0.002211033043406226,0.04691494424753537,0.11948759779188561,0.019599998284005892,0.012737064754031531,0.011650822378108678,0.06618116611257162,0.07556475309333588
mixture_l1,2.0,1e+24,exponential,4096,mixture,0.8047071577351047,reference_p0,first_question_reference,in,True,True,5.825501700037946,22915.93906521231,1.0,0.41663254110330095,1.0,1.0,1.69019310381402,3912487936.8349757,43637749129.73374,0.0,0.0,False,False,False,True,35185,8.009810518941618e+23,1.0936061295194955e+23,8.965833515388854e+22,1e+24,0.0,0.8009810518941618,0.10936061295194956,0.08965833515388853,0.0,22915939065212.312,reference_p0,0.41663254110330095,True,False,D_above_support;Q_above_A_supported,upper_bound,0.11302252583269279,0.0968248321520278,0.00588968021709595,0.11375419105058357,0.07507775607983627,0.0254628540970504,0.11070066007050916,0.005487697351193036,0.09943242344413017,0.002211033043406226,0.04691494424753537,0.11948759779188561,0.019599998284005892,0.012737064754031531,0.011650822378108678,0.06618116611257162,0.07556475309333588
mixture_l1,2.0,1e+24,exponential,8192,fixed_ref,0.8047071577351047,reference_p0,first_question_reference,in,True,True,5.5028372272949015,21764.983538110166,1.0,0.41663254110330095,1.0,1.0,1.6901997027163602,3912487936.8349757,45945359813.80435,-134217728.0,-1.3421772800000001e-16,False,False,False,True,35185,7.186149699898399e+23,1.962297944718923e+23,8.515523553826785e+22,1.0000000000000001e+24,-134217728.0,0.7186149699898399,0.19622979447189232,0.08515523553826786,-1.3421772800000001e-16,21764983538110.164,reference_p0,0.41663254110330095,True,False,D_above_support;Q_above_A_supported,upper_bound,0.11302252583269279,0.0968248321520278,0.00588968021709595,0.11375419105058357,0.07507775607983627,0.0254628540970504,0.11070066007050916,0.005487697351193036,0.09943242344413017,0.002211033043406226,0.04691494424753537,0.11948759779188561,0.019599998284005892,0.012737064754031531,0.011650822378108678,0.06618116611257162,0.07556475309333588
mixture_l1,2.0,1e+24,exponential,8192,mixture,0.8047071577351047,reference_p0,first_question_reference,in,True,True,5.5028372272949015,21764.983538110166,1.0,0.41663254110330095,1.0,1.0,1.6901997027163602,3912487936.8349757,45945359813.80435,-134217728.0,-1.3421772800000001e-16,False,False,False,True,35185,7.186149699898399e+23,1.962297944718923e+23,8.515523553826785e+22,1.0000000000000001e+24,-134217728.0,0.7186149699898399,0.19622979447189232,0.08515523553826786,-1.3421772800000001e-16,21764983538110.164,reference_p0,0.41663254110330095,True,False,D_above_support;Q_above_A_supported,upper_bound,0.11302252583269279,0.0968248321520278,0.00588968021709595,0.11375419105058357,0.07507775607983627,0.0254628540970504,0.11070066007050916,0.005487697351193036,0.09943242344413017,0.002211033043406226,0.04691494424753537,0.11948759779188561,0.019599998284005892,0.012737064754031531,0.011650822378108678,0.06618116611257162,0.07556475309333588
mixture_l1,2.0,1e+24,exponential,32768,fixed_ref,0.8047071577351047,reference_p0,first_question_reference,in,True,True,4.301302633821375,17268.37732240891,1.0,0.41663254110330095,1.0,1.0,1.6902301434301903,3912487936.8349757,57909320680.77499,0.0,0.0,False,False,False,True,35185,4.456591011521924e+23,4.867785808851681e+23,6.7562317962639514e+22,1e+24,0.0,0.4456591011521924,0.48677858088516807,0.06756231796263952,0.0,17268377322408.908,reference_p0,0.41663254110330095,True,False,D_above_support;Q_above_A_supported,upper_bound,0.11302252583269279,0.0968248321520278,0.00588968021709595,0.11375419105058357,0.07507775607983627,0.0254628540970504,0.11070066007050916,0.005487697351193036,0.09943242344413017,0.002211033043406226,0.04691494424753537,0.11948759779188561,0.019599998284005892,0.012737064754031531,0.011650822378108678,0.06618116611257162,0.07556475309333588
mixture_l1,2.0,1e+24,exponential,32768,mixture,0.8047071577351047,reference_p0,first_question_reference,in,True,True,4.301302633821375,17268.37732240891,1.0,0.41663254110330095,1.0,1.0,1.6902301434301903,3912487936.8349757,57909320680.77499,0.0,0.0,False,False,False,True,35185,4.456591011521924e+23,4.867785808851681e+23,6.7562317962639514e+22,1e+24,0.0,0.4456591011521924,0.48677858088516807,0.06756231796263952,0.0,17268377322408.908,reference_p0,0.41663254110330095,True,False,D_above_support;Q_above_A_supported,upper_bound,0.11302252583269279,0.0968248321520278,0.00588968021709595,0.11375419105058357,0.07507775607983627,0.0254628540970504,0.11070066007050916,0.005487697351193036,0.09943242344413017,0.002211033043406226,0.04691494424753537,0.11948759779188561,0.019599998284005892,0.012737064754031531,0.011650822378108678,0.06618116611257162,0.07556475309333588
mixture_l1,2.0,1e+24,exponential,131072,fixed_ref,0.8047071577351047,reference_p0,first_question_reference,in,True,True,2.724624557469334,10906.953152502861,1.0,0.41663254110330095,1.0,1.0,1.690295272708779,3912487936.8349757,91684633280.97508,0.0,0.0,False,False,False,True,35185,1.7830411443886123e+23,7.790225629243472e+23,4.267332263679165e+22,1e+24,0.0,0.17830411443886124,0.7790225629243471,0.042673322636791654,0.0,10906953152502.861,reference_p0,0.41663254110330095,True,False,D_above_support;Q_above_A_supported,upper_bound,0.11302252583269279,0.0968248321520278,0.00588968021709595,0.11375419105058357,0.07507775607983627,0.0254628540970504,0.11070066007050916,0.005487697351193036,0.09943242344413017,0.002211033043406226,0.04691494424753537,0.11948759779188561,0.019599998284005892,0.012737064754031531,0.011650822378108678,0.06618116611257162,0.07556475309333588
mixture_l1,2.0,1e+24,exponential,131072,mixture,0.8047071577351047,reference_p0,first_question_reference,in,True,True,2.724624557469334,10906.953152502861,1.0,0.41663254110330095,1.0,1.0,1.690295272708779,3912487936.8349757,91684633280.97508,0.0,0.0,False,False,False,True,35185,1.7830411443886123e+23,7.790225629243472e+23,4.267332263679165e+22,1e+24,0.0,0.17830411443886124,0.7790225629243471,0.042673322636791654,0.0,10906953152502.861,reference_p0,0.41663254110330095,True,False,D_above_support;Q_above_A_supported,upper_bound,0.11302252583269279,0.0968248321520278,0.00588968021709595,0.11375419105058357,0.07507775607983627,0.0254628540970504,0.11070066007050916,0.005487697351193036,0.09943242344413017,0.002211033043406226,0.04691494424753537,0.11948759779188561,0.019599998284005892,0.012737064754031531,0.011650822378108678,0.06618116611257162,0.07556475309333588
mixture_l1,2.0,1e+24,power,2048,fixed_ref,0.8047071577351047,reference_p0,first_question_reference,in,True,True,6.144407350126714,22607.791255809945,1.0,0.41663254110330095,1.0,1.0,1.69019091975347,4849345275.903549,44232538627.275734,-134217728.0,-1.3421772800000001e-16,False,False,False,True,35185,8.334688725739745e+23,5.6898141701049994e+22,1.0963298572497552e+23,1.0000000000000001e+24,-134217728.0,0.8334688725739745,0.056898141701049995,0.10963298572497553,-1.3421772800000001e-16,22607791255809.945,reference_p0,0.41663254110330095,True,False,D_above_support;Q_above_A_supported,upper_bound,0.11302252583269279,0.0968248321520278,0.00588968021709595,0.11375419105058357,0.07507775607983627,0.0254628540970504,0.11070066007050916,0.005487697351193036,0.09943242344413017,0.002211033043406226,0.04691494424753537,0.11948759779188561,0.019599998284005892,0.012737064754031531,0.011650822378108678,0.06618116611257162,0.07556475309333588
mixture_l1,2.0,1e+24,power,2048,mixture,0.8047071577351047,reference_p0,first_question_reference,in,True,True,6.144407350126714,22607.791255809945,1.0,0.41663254110330095,1.0,1.0,1.69019091975347,4849345275.903549,44232538627.275734,-134217728.0,-1.3421772800000001e-16,False,False,False,True,35185,8.334688725739745e+23,5.6898141701049994e+22,1.0963298572497552e+23,1.0000000000000001e+24,-134217728.0,0.8334688725739745,0.056898141701049995,0.10963298572497553,-1.3421772800000001e-16,22607791255809.945,reference_p0,0.41663254110330095,True,False,D_above_support;Q_above_A_supported,upper_bound,0.11302252583269279,0.0968248321520278,0.00588968021709595,0.11375419105058357,0.07507775607983627,0.0254628540970504,0.11070066007050916,0.005487697351193036,0.09943242344413017,0.002211033043406226,0.04691494424753537,0.11948759779188561,0.019599998284005892,0.012737064754031531,0.011650822378108678,0.06618116611257162,0.07556475309333588
mixture_l1,2.0,1e+24,power,4096,fixed_ref,0.8047071577351047,reference_p0,first_question_reference,in,True,True,5.952782297252953,22005.803304842102,1.0,0.41663254110330095,1.0,1.0,1.6901944426130686,4849345275.903549,45442558317.33089,0.0,0.0,False,False,False,True,35185,7.859745380993676e+23,1.0731172360183365e+23,1.0671373829879876e+23,1e+24,0.0,0.7859745380993676,0.10731172360183365,0.10671373829879877,0.0,22005803304842.1,reference_p0,0.41663254110330095,True,False,D_above_support;Q_above_A_supported,upper_bound,0.11302252583269279,0.0968248321520278,0.00588968021709595,0.11375419105058357,0.07507775607983627,0.0254628540970504,0.11070066007050916,0.005487697351193036,0.09943242344413017,0.002211033043406226,0.04691494424753537,0.11948759779188561,0.019599998284005892,0.012737064754031531,0.011650822378108678,0.06618116611257162,0.07556475309333588
mixture_l1,2.0,1e+24,power,4096,mixture,0.8047071577351047,reference_p0,first_question_reference,in,True,True,5.952782297252953,22005.803304842102,1.0,0.41663254110330095,1.0,1.0,1.6901944426130686,4849345275.903549,45442558317.33089,0.0,0.0,False,False,False,True,35185,7.859745380993676e+23,1.0731172360183365e+23,1.0671373829879876e+23,1e+24,0.0,0.7859745380993676,0.10731172360183365,0.10671373829879877,0.0,22005803304842.1,reference_p0,0.41663254110330095,True,False,D_above_support;Q_above_A_supported,upper_bound,0.11302252583269279,0.0968248321520278,0.00588968021709595,0.11375419105058357,0.07507775607983627,0.0254628540970504,0.11070066007050916,0.005487697351193036,0.09943242344413017,0.002211033043406226,0.04691494424753537,0.11948759779188561,0.019599998284005892,0.012737064754031531,0.011650822378108678,0.06618116611257162,0.07556475309333588
mixture_l1,2.0,1e+24,power,8192,fixed_ref,0.8047071577351047,reference_p0,first_question_reference,in,True,True,5.61754637879216,20938.719857822834,1.0,0.41663254110330095,1.0,1.0,1.690200993584019,4849345275.903549,47758411535.669586,134217728.0,1.3421772800000001e-16,False,False,False,True,35185,7.05745379483137e+23,1.9271553829086197e+23,1.01539082226001e+23,9.999999999999998e+23,134217728.0,0.705745379483137,0.19271553829086197,0.10153908222600101,1.3421772800000001e-16,20938719857822.836,reference_p0,0.41663254110330095,True,False,D_above_support;Q_above_A_supported,upper_bound,0.11302252583269279,0.0968248321520278,0.00588968021709595,0.11375419105058357,0.07507775607983627,0.0254628540970504,0.11070066007050916,0.005487697351193036,0.09943242344413017,0.002211033043406226,0.04691494424753537,0.11948759779188561,0.019599998284005892,0.012737064754031531,0.011650822378108678,0.06618116611257162,0.07556475309333588
mixture_l1,2.0,1e+24,power,8192,mixture,0.8047071577351047,reference_p0,first_question_reference,in,True,True,5.61754637879216,20938.719857822834,1.0,0.41663254110330095,1.0,1.0,1.690200993584019,4849345275.903549,47758411535.669586,134217728.0,1.3421772800000001e-16,False,False,False,True,35185,7.05745379483137e+23,1.9271553829086197e+23,1.01539082226001e+23,9.999999999999998e+23,134217728.0,0.705745379483137,0.19271553829086197,0.10153908222600101,1.3421772800000001e-16,20938719857822.836,reference_p0,0.41663254110330095,True,False,D_above_support;Q_above_A_supported,upper_bound,0.11302252583269279,0.0968248321520278,0.00588968021709595,0.11375419105058357,0.07507775607983627,0.0254628540970504,0.11070066007050916,0.005487697351193036,0.09943242344413017,0.002211033043406226,0.04691494424753537,0.11948759779188561,0.019599998284005892,0.012737064754031531,0.011650822378108678,0.06618116611257162,0.07556475309333588
mixture_l1,2.0,1e+24,power,32768,fixed_ref,0.8047071577351047,reference_p0,first_question_reference,in,True,True,4.373743734297596,16734.840328783128,1.0,0.41663254110330095,1.0,1.0,1.6902312391304197,4849345275.903549,59755574618.781845,-268435456.0,-2.6843545600000003e-16,False,False,False,True,35185,4.391634181949156e+23,4.7968356291369985e+23,8.115301889138467e+22,1.0000000000000003e+24,-268435456.0,0.4391634181949156,0.47968356291369985,0.08115301889138467,-2.6843545600000003e-16,16734840328783.129,reference_p0,0.41663254110330095,True,False,D_above_support;Q_above_A_supported,upper_bound,0.11302252583269279,0.0968248321520278,0.00588968021709595,0.11375419105058357,0.07507775607983627,0.0254628540970504,0.11070066007050916,0.005487697351193036,0.09943242344413017,0.002211033043406226,0.04691494424753537,0.11948759779188561,0.019599998284005892,0.012737064754031531,0.011650822378108678,0.06618116611257162,0.07556475309333588
mixture_l1,2.0,1e+24,power,32768,mixture,0.8047071577351047,reference_p0,first_question_reference,in,True,True,4.373743734297596,16734.840328783128,1.0,0.41663254110330095,1.0,1.0,1.6902312391304197,4849345275.903549,59755574618.781845,-268435456.0,-2.6843545600000003e-16,False,False,False,True,35185,4.391634181949156e+23,4.7968356291369985e+23,8.115301889138467e+22,1.0000000000000003e+24,-268435456.0,0.4391634181949156,0.47968356291369985,0.08115301889138467,-2.6843545600000003e-16,16734840328783.129,reference_p0,0.41663254110330095,True,False,D_above_support;Q_above_A_supported,upper_bound,0.11302252583269279,0.0968248321520278,0.00588968021709595,0.11375419105058357,0.07507775607983627,0.0254628540970504,0.11070066007050916,0.005487697351193036,0.09943242344413017,0.002211033043406226,0.04691494424753537,0.11948759779188561,0.019599998284005892,0.012737064754031531,0.011650822378108678,0.06618116611257162,0.07556475309333588
mixture_l1,2.0,1e+24,power,131072,fixed_ref,0.8047071577351047,reference_p0,first_question_reference,in,True,True,2.75558196282084,10681.619240609687,1.0,0.41663254110330095,1.0,1.0,1.6902960626506316,4849345275.903549,93618764858.9992,0.0,0.0,False,False,False,True,35185,1.7660446387886455e+23,7.715966763176844e+23,5.179885980345105e+22,1e+24,0.0,0.17660446387886455,0.7715966763176845,0.05179885980345105,0.0,10681619240609.688,reference_p0,0.41663254110330095,True,False,D_above_support;Q_above_A_supported,upper_bound,0.11302252583269279,0.0968248321520278,0.00588968021709595,0.11375419105058357,0.07507775607983627,0.0254628540970504,0.11070066007050916,0.005487697351193036,0.09943242344413017,0.002211033043406226,0.04691494424753537,0.11948759779188561,0.019599998284005892,0.012737064754031531,0.011650822378108678,0.06618116611257162,0.07556475309333588
mixture_l1,2.0,1e+24,power,131072,mixture,0.8047071577351047,reference_p0,first_question_reference,in,True,True,2.75558196282084,10681.619240609687,1.0,0.41663254110330095,1.0,1.0,1.6902960626506316,4849345275.903549,93618764858.9992,0.0,0.0,False,False,False,True,35185,1.7660446387886455e+23,7.715966763176844e+23,5.179885980345105e+22,1e+24,0.0,0.17660446387886455,0.7715966763176845,0.05179885980345105,0.0,10681619240609.688,reference_p0,0.41663254110330095,True,False,D_above_support;Q_above_A_supported,upper_bound,0.11302252583269279,0.0968248321520278,0.00588968021709595,0.11375419105058357,0.07507775607983627,0.0254628540970504,0.11070066007050916,0.005487697351193036,0.09943242344413017,0.002211033043406226,0.04691494424753537,0.11948759779188561,0.019599998284005892,0.012737064754031531,0.011650822378108678,0.06618116611257162,0.07556475309333588
mixture_l1,2.0,1e+24,logarithmic,2048,fixed_ref,0.8047071577351047,reference_p0,first_question_reference,in,True,True,5.6313605400524995,26591.334694753106,1.0,0.41663254110330095,1.0,1.0,1.6901858472383677,1511467178.400249,37606235695.920746,-134217728.0,-1.3421772800000001e-16,False,False,False,True,35185,8.984723574441697e+23,6.133571293485532e+22,4.019192962097512e+22,1.0000000000000001e+24,-134217728.0,0.8984723574441698,0.061335712934855326,0.04019192962097512,-1.3421772800000001e-16,26591334694753.105,reference_p0,0.41663254110330095,True,False,D_above_support;Q_above_A_supported,upper_bound,0.11302252583269279,0.0968248321520278,0.00588968021709595,0.11375419105058357,0.07507775607983627,0.0254628540970504,0.11070066007050916,0.005487697351193036,0.09943242344413017,0.002211033043406226,0.04691494424753537,0.11948759779188561,0.019599998284005892,0.012737064754031531,0.011650822378108678,0.06618116611257162,0.07556475309333588
mixture_l1,2.0,1e+24,logarithmic,2048,mixture,0.8047071577351047,reference_p0,first_question_reference,in,True,True,5.6313605400524995,26591.334694753106,1.0,0.41663254110330095,1.0,1.0,1.6901858472383677,1511467178.400249,37606235695.920746,-134217728.0,-1.3421772800000001e-16,False,False,False,True,35185,8.984723574441697e+23,6.133571293485532e+22,4.019192962097512e+22,1.0000000000000001e+24,-134217728.0,0.8984723574441698,0.061335712934855326,0.04019192962097512,-1.3421772800000001e-16,26591334694753.105,reference_p0,0.41663254110330095,True,False,D_above_support;Q_above_A_supported,upper_bound,0.11302252583269279,0.0968248321520278,0.00588968021709595,0.11375419105058357,0.07507775607983627,0.0254628540970504,0.11070066007050916,0.005487697351193036,0.09943242344413017,0.002211033043406226,0.04691494424753537,0.11948759779188561,0.019599998284005892,0.012737064754031531,0.011650822378108678,0.06618116611257162,0.07556475309333588
mixture_l1,2.0,1e+24,logarithmic,4096,fixed_ref,0.8047071577351047,reference_p0,first_question_reference,in,True,True,5.469152081099707,25768.74010923744,1.0,0.41663254110330095,1.0,1.0,1.6901894747076456,1511467178.400249,38806709049.835365,-134217728.0,-1.3421772800000001e-16,False,False,False,True,35185,8.455989515745205e+23,1.154524435216412e+23,3.894860490383843e+22,1.0000000000000001e+24,-134217728.0,0.8455989515745205,0.11545244352164119,0.03894860490383843,-1.3421772800000001e-16,25768740109237.438,reference_p0,0.41663254110330095,True,False,D_above_support;Q_above_A_supported,upper_bound,0.11302252583269279,0.0968248321520278,0.00588968021709595,0.11375419105058357,0.07507775607983627,0.0254628540970504,0.11070066007050916,0.005487697351193036,0.09943242344413017,0.002211033043406226,0.04691494424753537,0.11948759779188561,0.019599998284005892,0.012737064754031531,0.011650822378108678,0.06618116611257162,0.07556475309333588
mixture_l1,2.0,1e+24,logarithmic,4096,mixture,0.8047071577351047,reference_p0,first_question_reference,in,True,True,5.469152081099707,25768.74010923744,1.0,0.41663254110330095,1.0,1.0,1.6901894747076456,1511467178.400249,38806709049.835365,-134217728.0,-1.3421772800000001e-16,False,False,False,True,35185,8.455989515745205e+23,1.154524435216412e+23,3.894860490383843e+22,1.0000000000000001e+24,-134217728.0,0.8455989515745205,0.11545244352164119,0.03894860490383843,-1.3421772800000001e-16,25768740109237.438,reference_p0,0.41663254110330095,True,False,D_above_support;Q_above_A_supported,upper_bound,0.11302252583269279,0.0968248321520278,0.00588968021709595,0.11375419105058357,0.07507775607983627,0.0254628540970504,0.11070066007050916,0.005487697351193036,0.09943242344413017,0.002211033043406226,0.04691494424753537,0.11948759779188561,0.019599998284005892,0.012737064754031531,0.011650822378108678,0.06618116611257162,0.07556475309333588
mixture_l1,2.0,1e+24,logarithmic,8192,fixed_ref,0.8047071577351047,reference_p0,first_question_reference,in,True,True,5.181474120187745,24337.035368306362,1.0,0.41663254110330095,1.0,1.0,1.6901962128521035,1511467178.400249,41089639098.04232,0.0,0.0,False,False,False,True,35185,7.566103135378395e+23,2.066050562833994e+23,3.6784630178761086e+22,1e+24,0.0,0.7566103135378395,0.2066050562833994,0.03678463017876109,0.0,24337035368306.363,reference_p0,0.41663254110330095,True,False,D_above_support;Q_above_A_supported,upper_bound,0.11302252583269279,0.0968248321520278,0.00588968021709595,0.11375419105058357,0.07507775607983627,0.0254628540970504,0.11070066007050916,0.005487697351193036,0.09943242344413017,0.002211033043406226,0.04691494424753537,0.11948759779188561,0.019599998284005892,0.012737064754031531,0.011650822378108678,0.06618116611257162,0.07556475309333588
mixture_l1,2.0,1e+24,logarithmic,8192,mixture,0.8047071577351047,reference_p0,first_question_reference,in,True,True,5.181474120187745,24337.035368306362,1.0,0.41663254110330095,1.0,1.0,1.6901962128521035,1511467178.400249,41089639098.04232,0.0,0.0,False,False,False,True,35185,7.566103135378395e+23,2.066050562833994e+23,3.6784630178761086e+22,1e+24,0.0,0.7566103135378395,0.2066050562833994,0.03678463017876109,0.0,24337035368306.363,reference_p0,0.41663254110330095,True,False,D_above_support;Q_above_A_supported,upper_bound,0.11302252583269279,0.0968248321520278,0.00588968021709595,0.11375419105058357,0.07507775607983627,0.0254628540970504,0.11070066007050916,0.005487697351193036,0.09943242344413017,0.002211033043406226,0.04691494424753537,0.11948759779188561,0.019599998284005892,0.012737064754031531,0.011650822378108678,0.06618116611257162,0.07556475309333588
mixture_l1,2.0,1e+24,logarithmic,32768,fixed_ref,0.8047071577351047,reference_p0,first_question_reference,in,True,True,4.10015240506615,18873.928427979827,1.0,0.41663254110330095,1.0,1.0,1.690227212285457,1511467178.400249,52983140410.638664,-268435456.0,-2.6843545600000003e-16,False,False,False,True,35185,4.643158982221673e+23,5.071567784314659e+23,2.852732334636692e+22,1.0000000000000003e+24,-268435456.0,0.4643158982221673,0.5071567784314659,0.02852732334636692,-2.6843545600000003e-16,18873928427979.83,reference_p0,0.41663254110330095,True,False,D_above_support;Q_above_A_supported,upper_bound,0.11302252583269279,0.0968248321520278,0.00588968021709595,0.11375419105058357,0.07507775607983627,0.0254628540970504,0.11070066007050916,0.005487697351193036,0.09943242344413017,0.002211033043406226,0.04691494424753537,0.11948759779188561,0.019599998284005892,0.012737064754031531,0.011650822378108678,0.06618116611257162,0.07556475309333588
mixture_l1,2.0,1e+24,logarithmic,32768,mixture,0.8047071577351047,reference_p0,first_question_reference,in,True,True,4.10015240506615,18873.928427979827,1.0,0.41663254110330095,1.0,1.0,1.690227212285457,1511467178.400249,52983140410.638664,-268435456.0,-2.6843545600000003e-16,False,False,False,True,35185,4.643158982221673e+23,5.071567784314659e+23,2.852732334636692e+22,1.0000000000000003e+24,-268435456.0,0.4643158982221673,0.5071567784314659,0.02852732334636692,-2.6843545600000003e-16,18873928427979.83,reference_p0,0.41663254110330095,True,False,D_above_support;Q_above_A_supported,upper_bound,0.11302252583269279,0.0968248321520278,0.00588968021709595,0.11375419105058357,0.07507775607983627,0.0254628540970504,0.11070066007050916,0.005487697351193036,0.09943242344413017,0.002211033043406226,0.04691494424753537,0.11948759779188561,0.019599998284005892,0.012737064754031531,0.011650822378108678,0.06618116611257162,0.07556475309333588
mixture_l1,2.0,1e+24,logarithmic,131072,fixed_ref,0.8047071577351047,reference_p0,first_question_reference,in,True,True,2.6441941090204626,11535.010722342975,1.0,0.41663254110330095,1.0,1.0,1.6902931917191775,1511467178.400249,86692593884.02904,0.0,0.0,False,False,False,True,35185,1.8300484439704298e+23,7.995603654936406e+23,1.7434790109316353e+22,1e+24,0.0,0.18300484439704298,0.7995603654936406,0.017434790109316353,0.0,11535010722342.975,reference_p0,0.41663254110330095,True,False,D_above_support;Q_above_A_supported,upper_bound,0.11302252583269279,0.0968248321520278,0.00588968021709595,0.11375419105058357,0.07507775607983627,0.0254628540970504,0.11070066007050916,0.005487697351193036,0.09943242344413017,0.002211033043406226,0.04691494424753537,0.11948759779188561,0.019599998284005892,0.012737064754031531,0.011650822378108678,0.06618116611257162,0.07556475309333588
mixture_l1,2.0,1e+24,logarithmic,131072,mixture,0.8047071577351047,reference_p0,first_question_reference,in,True,True,2.6441941090204626,11535.010722342975,1.0,0.41663254110330095,1.0,1.0,1.6902931917191775,1511467178.400249,86692593884.02904,0.0,0.0,False,False,False,True,35185,1.8300484439704298e+23,7.995603654936406e+23,1.7434790109316353e+22,1e+24,0.0,0.18300484439704298,0.7995603654936406,0.017434790109316353,0.0,11535010722342.975,reference_p0,0.41663254110330095,True,False,D_above_support;Q_above_A_supported,upper_bound,0.11302252583269279,0.0968248321520278,0.00588968021709595,0.11375419105058357,0.07507775607983627,0.0254628540970504,0.11070066007050916,0.005487697351193036,0.09943242344413017,0.002211033043406226,0.04691494424753537,0.11948759779188561,0.019599998284005892,0.012737064754031531,0.011650822378108678,0.06618116611257162,0.07556475309333588
