functional,omega,C,cost_form,ell,q0_mode,argmin_L_candidate,L_min,argmax_h_candidate,h_max,h_min,h_identifiable,argmax_Q_candidate,Q_cand_max,L_spread,n_tied_at_L_min,argmin_L_is_argmax_h,argmax_h_is_argmax_Q
mixture_l1,0.0,1e+19,exponential,2048,fixed_ref,reference_p0,1.6923142614993059,reference_p0,1.0,1.0,False,slsqp_maxQ_nol1,0.48716201015913013,0.0,21,True,False
mixture_l1,0.0,1e+19,exponential,2048,mixture,lp_vertex_box,1.6922661084626793,reference_p0,1.0,1.0,False,slsqp_maxQ_nol1,0.48716201015913013,7.824065479744569e-05,2,True,False
mixture_l1,0.0,1e+19,exponential,4096,fixed_ref,reference_p0,1.6923383070141473,reference_p0,1.0,1.0,False,slsqp_maxQ_nol1,0.48716201015913013,0.0,21,True,False
mixture_l1,0.0,1e+19,exponential,4096,mixture,lp_vertex_box,1.6922896939053464,reference_p0,1.0,1.0,False,slsqp_maxQ_nol1,0.48716201015913013,7.898819517104805e-05,2,True,False
mixture_l1,0.0,1e+19,exponential,8192,fixed_ref,reference_p0,1.6923829409505353,reference_p0,1.0,1.0,False,slsqp_maxQ_nol1,0.48716201015913013,0.0,21,True,False
mixture_l1,0.0,1e+19,exponential,8192,mixture,lp_vertex_box,1.692333473844469,reference_p0,1.0,1.0,False,slsqp_maxQ_nol1,0.48716201015913013,8.037579760444835e-05,2,True,False
mixture_l1,0.0,1e+19,exponential,32768,fixed_ref,reference_p0,1.6925878289987635,reference_p0,1.0,1.0,False,slsqp_maxQ_nol1,0.48716201015913013,0.0,21,True,False
mixture_l1,0.0,1e+19,exponential,32768,mixture,lp_vertex_box,1.692534441686993,reference_p0,1.0,1.0,False,slsqp_maxQ_nol1,0.48716201015913013,8.674547585951764e-05,2,True,False
mixture_l1,0.0,1e+19,exponential,131072,fixed_ref,reference_p0,1.6930221433704056,reference_p0,1.0,1.0,False,slsqp_maxQ_nol1,0.48716201015913013,0.0,21,True,False
mixture_l1,0.0,1e+19,exponential,131072,mixture,lp_vertex_box,1.6929604461348704,reference_p0,1.0,1.0,False,slsqp_maxQ_nol1,0.48716201015913013,9.653983472435179e-05,2,True,False
mixture_l1,0.0,1e+19,logarithmic,2048,fixed_ref,reference_p0,1.6923142614993059,reference_p0,1.0,1.0,False,slsqp_maxQ_nol1,0.48716201015913013,0.0,21,True,False
mixture_l1,0.0,1e+19,logarithmic,2048,mixture,lp_vertex_box,1.6922661084626793,reference_p0,1.0,1.0,False,slsqp_maxQ_nol1,0.48716201015913013,7.824065479744569e-05,2,True,False
mixture_l1,0.0,1e+19,logarithmic,4096,fixed_ref,reference_p0,1.6923383070141473,reference_p0,1.0,1.0,False,slsqp_maxQ_nol1,0.48716201015913013,0.0,21,True,False
mixture_l1,0.0,1e+19,logarithmic,4096,mixture,lp_vertex_box,1.6922896939053464,reference_p0,1.0,1.0,False,slsqp_maxQ_nol1,0.48716201015913013,7.898819517104805e-05,2,True,False
mixture_l1,0.0,1e+19,logarithmic,8192,fixed_ref,reference_p0,1.6923829409505353,reference_p0,1.0,1.0,False,slsqp_maxQ_nol1,0.48716201015913013,0.0,21,True,False
mixture_l1,0.0,1e+19,logarithmic,8192,mixture,lp_vertex_box,1.692333473844469,reference_p0,1.0,1.0,False,slsqp_maxQ_nol1,0.48716201015913013,8.037579760444835e-05,2,True,False
mixture_l1,0.0,1e+19,logarithmic,32768,fixed_ref,reference_p0,1.6925878289987635,reference_p0,1.0,1.0,False,slsqp_maxQ_nol1,0.48716201015913013,0.0,21,True,False
mixture_l1,0.0,1e+19,logarithmic,32768,mixture,lp_vertex_box,1.692534441686993,reference_p0,1.0,1.0,False,slsqp_maxQ_nol1,0.48716201015913013,8.674547585951764e-05,2,True,False
mixture_l1,0.0,1e+19,logarithmic,131072,fixed_ref,reference_p0,1.6930221433704056,reference_p0,1.0,1.0,False,slsqp_maxQ_nol1,0.48716201015913013,0.0,21,True,False
mixture_l1,0.0,1e+19,logarithmic,131072,mixture,lp_vertex_box,1.6929604461348704,reference_p0,1.0,1.0,False,slsqp_maxQ_nol1,0.48716201015913013,0.00010024771528582832,2,True,False
mixture_l1,0.0,1e+19,power,2048,fixed_ref,reference_p0,1.6923142614993059,reference_p0,1.0,1.0,False,slsqp_maxQ_nol1,0.48716201015913013,0.0,21,True,False
mixture_l1,0.0,1e+19,power,2048,mixture,lp_vertex_box,1.6922661084626793,reference_p0,1.0,1.0,False,slsqp_maxQ_nol1,0.48716201015913013,7.824065479744569e-05,2,True,False
mixture_l1,0.0,1e+19,power,4096,fixed_ref,reference_p0,1.6923383070141473,reference_p0,1.0,1.0,False,slsqp_maxQ_nol1,0.48716201015913013,0.0,21,True,False
mixture_l1,0.0,1e+19,power,4096,mixture,lp_vertex_box,1.6922896939053464,reference_p0,1.0,1.0,False,slsqp_maxQ_nol1,0.48716201015913013,7.898819517104805e-05,2,True,False
mixture_l1,0.0,1e+19,power,8192,fixed_ref,reference_p0,1.6923829409505353,reference_p0,1.0,1.0,False,slsqp_maxQ_nol1,0.48716201015913013,0.0,21,True,False
mixture_l1,0.0,1e+19,power,8192,mixture,lp_vertex_box,1.692333473844469,reference_p0,1.0,1.0,False,slsqp_maxQ_nol1,0.48716201015913013,8.037579760444835e-05,2,True,False
mixture_l1,0.0,1e+19,power,32768,fixed_ref,reference_p0,1.6925878289987635,reference_p0,1.0,1.0,False,slsqp_maxQ_nol1,0.48716201015913013,0.0,21,True,False
mixture_l1,0.0,1e+19,power,32768,mixture,lp_vertex_box,1.692534441686993,reference_p0,1.0,1.0,False,slsqp_maxQ_nol1,0.48716201015913013,8.674547585951764e-05,2,True,False
mixture_l1,0.0,1e+19,power,131072,fixed_ref,reference_p0,1.6930221433704056,reference_p0,1.0,1.0,False,slsqp_maxQ_nol1,0.48716201015913013,0.0,21,True,False
mixture_l1,0.0,1e+19,power,131072,mixture,lp_vertex_box,1.6929604461348704,reference_p0,1.0,1.0,False,slsqp_maxQ_nol1,0.48716201015913013,0.00010024771528582832,2,True,False
mixture_l1,0.0,1e+22,exponential,2048,fixed_ref,reference_p0,1.690630005622433,reference_p0,1.0,1.0,False,slsqp_maxQ_nol1,0.48716201015913013,0.0,21,True,False
mixture_l1,0.0,1e+22,exponential,2048,mixture,lp_vertex_box,1.6906284131378808,reference_p0,1.0,1.0,False,slsqp_maxQ_nol1,0.48716201015913013,2.201874021778849e-06,2,True,False
mixture_l1,0.0,1e+22,exponential,4096,fixed_ref,reference_p0,1.690637236516379,reference_p0,1.0,1.0,False,slsqp_maxQ_nol1,0.48716201015913013,0.0,21,True,False
mixture_l1,0.0,1e+22,exponential,4096,mixture,lp_vertex_box,1.690635686986963,reference_p0,1.0,1.0,False,slsqp_maxQ_nol1,0.48716201015913013,2.1428417111835074e-06,2,True,False
mixture_l1,0.0,1e+22,exponential,8192,fixed_ref,reference_p0,1.690650647113936,reference_p0,1.0,1.0,False,slsqp_maxQ_nol1,0.48716201015913013,0.0,21,True,False
mixture_l1,0.0,1e+22,exponential,8192,mixture,lp_vertex_box,1.6906491730391353,reference_p0,1.0,1.0,False,slsqp_maxQ_nol1,0.48716201015913013,2.0390894739374943e-06,2,True,False
mixture_l1,0.0,1e+22,exponential,32768,fixed_ref,reference_p0,1.6907120322117328,reference_p0,1.0,1.0,False,slsqp_maxQ_nol1,0.48716201015913013,0.0,21,True,False
mixture_l1,0.0,1e+22,exponential,32768,mixture,lp_vertex_box,1.6907108451281865,reference_p0,1.0,1.0,False,slsqp_maxQ_nol1,0.48716201015913013,1.643818677399267e-06,2,True,False
mixture_l1,0.0,1e+22,exponential,131072,fixed_ref,reference_p0,1.690841381768011,reference_p0,1.0,1.0,False,slsqp_maxQ_nol1,0.48716201015913013,0.0,21,True,False
mixture_l1,0.0,1e+22,exponential,131072,mixture,lp_vertex_box,1.6908405892385414,reference_p0,1.0,1.0,False,slsqp_maxQ_nol1,0.48716201015913013,1.0988689549407127e-06,2,True,False
mixture_l1,0.0,1e+22,logarithmic,2048,fixed_ref,reference_p0,1.6906143089563717,reference_p0,1.0,1.0,False,slsqp_maxQ_nol1,0.48716201015913013,0.0,21,True,False
mixture_l1,0.0,1e+22,logarithmic,2048,mixture,lp_vertex_box,1.6906092518779736,reference_p0,1.0,1.0,False,slsqp_maxQ_nol1,0.48716201015913013,7.986043479624172e-06,2,True,False
mixture_l1,0.0,1e+22,logarithmic,4096,fixed_ref,reference_p0,1.6906211238650943,reference_p0,1.0,1.0,False,slsqp_maxQ_nol1,0.48716201015913013,0.0,21,True,False
mixture_l1,0.0,1e+22,logarithmic,4096,mixture,lp_vertex_box,1.6906161470710956,reference_p0,1.0,1.0,False,slsqp_maxQ_nol1,0.48716201015913013,7.861083945792657e-06,2,True,False
mixture_l1,0.0,1e+22,logarithmic,8192,fixed_ref,reference_p0,1.6906338137780765,reference_p0,1.0,1.0,False,slsqp_maxQ_nol1,0.48716201015913013,0.0,21,True,False
mixture_l1,0.0,1e+22,logarithmic,8192,mixture,lp_vertex_box,1.6906289826330294,reference_p0,1.0,1.0,False,slsqp_maxQ_nol1,0.48716201015913013,7.634252718879964e-06,2,True,False
mixture_l1,0.0,1e+22,logarithmic,32768,fixed_ref,reference_p0,1.6906926720466557,reference_p0,1.0,1.0,False,slsqp_maxQ_nol1,0.48716201015913013,0.0,21,True,False
mixture_l1,0.0,1e+22,logarithmic,32768,mixture,lp_vertex_box,1.690688455132257,reference_p0,1.0,1.0,False,slsqp_maxQ_nol1,0.48716201015913013,6.675697334035391e-06,2,True,False
mixture_l1,0.0,1e+22,logarithmic,131072,fixed_ref,reference_p0,1.6908200559118678,reference_p0,1.0,1.0,False,slsqp_maxQ_nol1,0.48716201015913013,0.0,21,True,False
mixture_l1,0.0,1e+22,logarithmic,131072,mixture,lp_vertex_box,1.6908168769396492,reference_p0,1.0,1.0,False,slsqp_maxQ_nol1,0.48716201015913013,5.048191009437986e-06,2,True,False
mixture_l1,0.0,1e+22,power,2048,fixed_ref,reference_p0,1.6906445121898166,reference_p0,1.0,1.0,False,slsqp_maxQ_nol1,0.48716201015913013,0.0,21,True,False
mixture_l1,0.0,1e+22,power,2048,mixture,lp_vertex_box,1.6906411746090109,reference_p0,1.0,1.0,False,slsqp_maxQ_nol1,0.48716201015913013,4.5168860578481684e-06,2,True,False
mixture_l1,0.0,1e+22,power,4096,fixed_ref,reference_p0,1.690651755841625,reference_p0,1.0,1.0,False,slsqp_maxQ_nol1,0.48716201015913013,0.0,21,True,False
mixture_l1,0.0,1e+22,power,4096,mixture,lp_vertex_box,1.6906485253711125,reference_p0,1.0,1.0,False,slsqp_maxQ_nol1,0.48716201015913013,4.373839583848849e-06,2,True,False
mixture_l1,0.0,1e+22,power,8192,fixed_ref,reference_p0,1.6906651687924776,reference_p0,1.0,1.0,False,slsqp_maxQ_nol1,0.48716201015913013,0.0,21,True,False
mixture_l1,0.0,1e+22,power,8192,mixture,lp_vertex_box,1.690662124405369,reference_p0,1.0,1.0,False,slsqp_maxQ_nol1,0.48716201015913013,4.1249766864481785e-06,2,True,False
mixture_l1,0.0,1e+22,power,32768,fixed_ref,reference_p0,1.6907262369081466,reference_p0,1.0,1.0,False,slsqp_maxQ_nol1,0.48716201015913013,0.0,21,True,False
mixture_l1,0.0,1e+22,power,32768,mixture,lp_vertex_box,1.6907238769011668,reference_p0,1.0,1.0,False,slsqp_maxQ_nol1,0.48716201015913013,3.206036337299878e-06,2,True,False
mixture_l1,0.0,1e+22,power,131072,fixed_ref,reference_p0,1.6908534107698188,reference_p0,1.0,1.0,False,slsqp_maxQ_nol1,0.48716201015913013,0.0,21,True,False
mixture_l1,0.0,1e+22,power,131072,mixture,lp_vertex_box,1.6908519316637907,reference_p0,1.0,1.0,False,slsqp_maxQ_nol1,0.48716201015913013,2.015384775955198e-06,2,True,False
mixture_l1,0.0,1e+24,exponential,2048,fixed_ref,reference_p0,1.6901895542554368,reference_p0,1.0,1.0,False,slsqp_maxQ_nol1,0.48716201015913013,0.0,21,True,False
mixture_l1,0.0,1e+24,exponential,2048,mixture,lp_vertex_box,1.6901894592020188,reference_p0,1.0,1.0,False,slsqp_maxQ_nol1,0.48716201015913013,1.3197110093621234e-07,2,True,False
mixture_l1,0.0,1e+24,exponential,4096,fixed_ref,reference_p0,1.69019310381402,reference_p0,1.0,1.0,False,slsqp_maxQ_nol1,0.48716201015913013,0.0,21,True,False
mixture_l1,0.0,1e+24,exponential,4096,mixture,lp_vertex_box,1.69019301065694,reference_p0,1.0,1.0,False,slsqp_maxQ_nol1,0.48716201015913013,1.2933862025832354e-07,2,True,False
mixture_l1,0.0,1e+24,exponential,8192,fixed_ref,reference_p0,1.6901997027163602,reference_p0,1.0,1.0,False,slsqp_maxQ_nol1,0.48716201015913013,0.0,21,True,False
mixture_l1,0.0,1e+24,exponential,8192,mixture,lp_vertex_box,1.6901996129575645,reference_p0,1.0,1.0,False,slsqp_maxQ_nol1,0.48716201015913013,1.2462258558443295e-07,2,True,False
mixture_l1,0.0,1e+24,exponential,32768,fixed_ref,reference_p0,1.6902301434301903,reference_p0,1.0,1.0,False,slsqp_maxQ_nol1,0.48716201015913013,0.0,21,True,False
mixture_l1,0.0,1e+24,exponential,32768,mixture,lp_vertex_box,1.6902300674580648,reference_p0,1.0,1.0,False,slsqp_maxQ_nol1,0.48716201015913013,1.054883660422945e-07,2,True,False
mixture_l1,0.0,1e+24,exponential,131072,fixed_ref,reference_p0,1.690295272708779,reference_p0,1.0,1.0,False,slsqp_maxQ_nol1,0.48716201015913013,0.0,21,True,False
mixture_l1,0.0,1e+24,exponential,131072,mixture,lp_vertex_box,1.6902952181703508,reference_p0,1.0,1.0,False,slsqp_maxQ_nol1,0.48716201015913013,7.573495452994905e-08,2,True,False
mixture_l1,0.0,1e+24,logarithmic,2048,fixed_ref,reference_p0,1.6901858472383677,reference_p0,1.0,1.0,False,slsqp_maxQ_nol1,0.48716201015913013,0.0,21,True,False
mixture_l1,0.0,1e+24,logarithmic,2048,mixture,lp_vertex_box,1.6901854320586653,reference_p0,1.0,1.0,False,slsqp_maxQ_nol1,0.48716201015913013,6.624877206817814e-07,2,True,False
mixture_l1,0.0,1e+24,logarithmic,4096,fixed_ref,reference_p0,1.6901894747076456,reference_p0,1.0,1.0,False,slsqp_maxQ_nol1,0.48716201015913013,0.0,21,True,False
mixture_l1,0.0,1e+24,logarithmic,4096,mixture,lp_vertex_box,1.690189068813423,reference_p0,1.0,1.0,False,slsqp_maxQ_nol1,0.48716201015913013,6.477296616846928e-07,2,True,False
mixture_l1,0.0,1e+24,logarithmic,8192,fixed_ref,reference_p0,1.6901962128521035,reference_p0,1.0,1.0,False,slsqp_maxQ_nol1,0.48716201015913013,0.0,21,True,False
mixture_l1,0.0,1e+24,logarithmic,8192,mixture,lp_vertex_box,1.6901958234813657,reference_p0,1.0,1.0,False,slsqp_maxQ_nol1,0.48716201015913013,6.21458816629783e-07,2,True,False
mixture_l1,0.0,1e+24,logarithmic,32768,fixed_ref,reference_p0,1.690227212285457,reference_p0,1.0,1.0,False,slsqp_maxQ_nol1,0.48716201015913013,0.0,21,True,False
mixture_l1,0.0,1e+24,logarithmic,32768,mixture,lp_vertex_box,1.6902268883457383,reference_p0,1.0,1.0,False,slsqp_maxQ_nol1,0.48716201015913013,5.173422332749311e-07,2,True,False
mixture_l1,0.0,1e+24,logarithmic,131072,fixed_ref,reference_p0,1.6902931917191775,reference_p0,1.0,1.0,False,slsqp_maxQ_nol1,0.48716201015913013,0.0,21,True,False
mixture_l1,0.0,1e+24,logarithmic,131072,mixture,lp_vertex_box,1.6902929647966047,reference_p0,1.0,1.0,False,slsqp_maxQ_nol1,0.48716201015913013,3.627041023079869e-07,2,True,False
mixture_l1,0.0,1e+24,power,2048,fixed_ref,reference_p0,1.69019091975347,reference_p0,1.0,1.0,False,slsqp_maxQ_nol1,0.48716201015913013,0.0,21,True,False
mixture_l1,0.0,1e+24,power,2048,mixture,lp_vertex_box,1.6901907313132805,reference_p0,1.0,1.0,False,slsqp_maxQ_nol1,0.48716201015913013,2.5748894394439503e-07,2,True,False
mixture_l1,0.0,1e+24,power,4096,fixed_ref,reference_p0,1.6901944426130686,reference_p0,1.0,1.0,False,slsqp_maxQ_nol1,0.48716201015913013,0.0,21,True,False
mixture_l1,0.0,1e+24,power,4096,mixture,lp_vertex_box,1.6901942578001616,reference_p0,1.0,1.0,False,slsqp_maxQ_nol1,0.48716201015913013,2.5253854452067515e-07,2,True,False
mixture_l1,0.0,1e+24,power,8192,fixed_ref,reference_p0,1.690200993584019,reference_p0,1.0,1.0,False,slsqp_maxQ_nol1,0.48716201015913013,0.0,21,True,False
mixture_l1,0.0,1e+24,power,8192,mixture,lp_vertex_box,1.6902008152886887,reference_p0,1.0,1.0,False,slsqp_maxQ_nol1,0.48716201015913013,2.436405215355819e-07,2,True,False
mixture_l1,0.0,1e+24,power,32768,fixed_ref,reference_p0,1.6902312391304197,reference_p0,1.0,1.0,False,slsqp_maxQ_nol1,0.48716201015913013,0.0,21,True,False
mixture_l1,0.0,1e+24,power,32768,mixture,lp_vertex_box,1.6902310874516029,reference_p0,1.0,1.0,False,slsqp_maxQ_nol1,0.48716201015913013,2.072954592424736e-07,2,True,False
mixture_l1,0.0,1e+24,power,131072,fixed_ref,reference_p0,1.6902960626506316,reference_p0,1.0,1.0,False,slsqp_maxQ_nol1,0.48716201015913013,0.0,21,True,False
mixture_l1,0.0,1e+24,power,131072,mixture,lp_vertex_box,1.6902959529275476,reference_p0,1.0,1.0,False,slsqp_maxQ_nol1,0.48716201015913013,1.499851183250911e-07,2,True,False
mixture_l1,0.5,1e+19,exponential,2048,fixed_ref,reference_p0,1.6923142614993059,reference_p0,1.0,0.0008148664492355904,True,slsqp_maxQ_nol1,0.48716201015913013,0.0049822594350104055,1,True,False
mixture_l1,0.5,1e+19,exponential,2048,mixture,reference_p0,1.6923142614993059,reference_p0,1.0,0.0008148664492355904,True,slsqp_maxQ_nol1,0.48716201015913013,0.004838778757880746,1,True,False
mixture_l1,0.5,1e+19,exponential,4096,fixed_ref,reference_p0,1.6923383070141473,reference_p0,1.0,0.0008148664492355904,True,slsqp_maxQ_nol1,0.48716201015913013,0.005029861872721364,1,True,False
mixture_l1,0.5,1e+19,exponential,4096,mixture,reference_p0,1.6923383070141473,reference_p0,1.0,0.0008148664492355904,True,slsqp_maxQ_nol1,0.48716201015913013,0.0048850103274253875,1,True,False
mixture_l1,0.5,1e+19,exponential,8192,fixed_ref,reference_p0,1.6923829409505353,reference_p0,1.0,0.0008148664492355904,True,slsqp_maxQ_nol1,0.48716201015913013,0.00511822280814056,1,True,False
mixture_l1,0.5,1e+19,exponential,8192,mixture,reference_p0,1.6923829409505353,reference_p0,1.0,0.0008148664492355904,True,slsqp_maxQ_nol1,0.48716201015913013,0.00497082661917414,1,True,False
mixture_l1,0.5,1e+19,exponential,32768,fixed_ref,reference_p0,1.6925878289987635,reference_p0,1.0,0.0008148664492355904,True,slsqp_maxQ_nol1,0.48716201015913013,0.005523835689636991,1,True,False
mixture_l1,0.5,1e+19,exponential,32768,mixture,reference_p0,1.6925878289987635,reference_p0,1.0,0.0008148664492355904,True,slsqp_maxQ_nol1,0.48716201015913013,0.005364758549215365,1,True,False
mixture_l1,0.5,1e+19,exponential,131072,fixed_ref,reference_p0,1.6930221433704056,reference_p0,1.0,0.0008148664492355904,True,slsqp_maxQ_nol1,0.48716201015913013,0.006383639437484323,1,True,False
mixture_l1,0.5,1e+19,exponential,131072,mixture,reference_p0,1.6930221433704056,reference_p0,1.0,0.0008148664492355904,True,slsqp_maxQ_nol1,0.48716201015913013,0.006199801385812442,1,True,False
mixture_l1,0.5,1e+19,logarithmic,2048,fixed_ref,reference_p0,1.6923142614993059,reference_p0,1.0,0.0008148664492355904,True,slsqp_maxQ_nol1,0.48716201015913013,0.0049822594350104055,1,True,False
mixture_l1,0.5,1e+19,logarithmic,2048,mixture,reference_p0,1.6923142614993059,reference_p0,1.0,0.0008148664492355904,True,slsqp_maxQ_nol1,0.48716201015913013,0.004838778757880746,1,True,False
mixture_l1,0.5,1e+19,logarithmic,4096,fixed_ref,reference_p0,1.6923383070141473,reference_p0,1.0,0.0008148664492355904,True,slsqp_maxQ_nol1,0.48716201015913013,0.005029861872721364,1,True,False
mixture_l1,0.5,1e+19,logarithmic,4096,mixture,reference_p0,1.6923383070141473,reference_p0,1.0,0.0008148664492355904,True,slsqp_maxQ_nol1,0.48716201015913013,0.0048850103274253875,1,True,False
mixture_l1,0.5,1e+19,logarithmic,8192,fixed_ref,reference_p0,1.6923829409505353,reference_p0,1.0,0.0008148664492355904,True,slsqp_maxQ_nol1,0.48716201015913013,0.00511822280814056,1,True,False
mixture_l1,0.5,1e+19,logarithmic,8192,mixture,reference_p0,1.6923829409505353,reference_p0,1.0,0.0008148664492355904,True,slsqp_maxQ_nol1,0.48716201015913013,0.00497082661917414,1,True,False
mixture_l1,0.5,1e+19,logarithmic,32768,fixed_ref,reference_p0,1.6925878289987635,reference_p0,1.0,0.0008148664492355904,True,slsqp_maxQ_nol1,0.48716201015913013,0.005523835689636991,1,True,False
mixture_l1,0.5,1e+19,logarithmic,32768,mixture,reference_p0,1.6925878289987635,reference_p0,1.0,0.0008148664492355904,True,slsqp_maxQ_nol1,0.48716201015913013,0.005364758549215365,1,True,False
mixture_l1,0.5,1e+19,logarithmic,131072,fixed_ref,reference_p0,1.6930221433704056,reference_p0,1.0,0.0008148664492355904,True,slsqp_maxQ_nol1,0.48716201015913013,0.006383639437484323,1,True,False
mixture_l1,0.5,1e+19,logarithmic,131072,mixture,reference_p0,1.6930221433704056,reference_p0,1.0,0.0008148664492355904,True,slsqp_maxQ_nol1,0.48716201015913013,0.006199801385812442,1,True,False
mixture_l1,0.5,1e+19,power,2048,fixed_ref,reference_p0,1.6923142614993059,reference_p0,1.0,0.0008148664492355904,True,slsqp_maxQ_nol1,0.48716201015913013,0.0049822594350104055,1,True,False
mixture_l1,0.5,1e+19,power,2048,mixture,reference_p0,1.6923142614993059,reference_p0,1.0,0.0008148664492355904,True,slsqp_maxQ_nol1,0.48716201015913013,0.004838778757880746,1,True,False
mixture_l1,0.5,1e+19,power,4096,fixed_ref,reference_p0,1.6923383070141473,reference_p0,1.0,0.0008148664492355904,True,slsqp_maxQ_nol1,0.48716201015913013,0.005029861872721364,1,True,False
mixture_l1,0.5,1e+19,power,4096,mixture,reference_p0,1.6923383070141473,reference_p0,1.0,0.0008148664492355904,True,slsqp_maxQ_nol1,0.48716201015913013,0.0048850103274253875,1,True,False
mixture_l1,0.5,1e+19,power,8192,fixed_ref,reference_p0,1.6923829409505353,reference_p0,1.0,0.0008148664492355904,True,slsqp_maxQ_nol1,0.48716201015913013,0.00511822280814056,1,True,False
mixture_l1,0.5,1e+19,power,8192,mixture,reference_p0,1.6923829409505353,reference_p0,1.0,0.0008148664492355904,True,slsqp_maxQ_nol1,0.48716201015913013,0.00497082661917414,1,True,False
mixture_l1,0.5,1e+19,power,32768,fixed_ref,reference_p0,1.6925878289987635,reference_p0,1.0,0.0008148664492355904,True,slsqp_maxQ_nol1,0.48716201015913013,0.005523835689636991,1,True,False
mixture_l1,0.5,1e+19,power,32768,mixture,reference_p0,1.6925878289987635,reference_p0,1.0,0.0008148664492355904,True,slsqp_maxQ_nol1,0.48716201015913013,0.005364758549215365,1,True,False
mixture_l1,0.5,1e+19,power,131072,fixed_ref,reference_p0,1.6930221433704056,reference_p0,1.0,0.0008148664492355904,True,slsqp_maxQ_nol1,0.48716201015913013,0.006383639437484323,1,True,False
mixture_l1,0.5,1e+19,power,131072,mixture,reference_p0,1.6930221433704056,reference_p0,1.0,0.0008148664492355904,True,slsqp_maxQ_nol1,0.48716201015913013,0.006199801385812442,1,True,False
mixture_l1,0.5,1e+22,exponential,2048,fixed_ref,reference_p0,1.690630005622433,reference_p0,1.0,0.0008148664492355904,True,slsqp_maxQ_nol1,0.48716201015913013,0.0017646057607731969,1,True,False
mixture_l1,0.5,1e+22,exponential,2048,mixture,reference_p0,1.690630005622433,reference_p0,1.0,0.0008148664492355904,True,slsqp_maxQ_nol1,0.48716201015913013,0.0017149153598252642,1,True,False
mixture_l1,0.5,1e+22,exponential,4096,fixed_ref,reference_p0,1.690637236516379,reference_p0,1.0,0.0008148664492355904,True,slsqp_maxQ_nol1,0.48716201015913013,0.0017821880767825427,1,True,False
mixture_l1,0.5,1e+22,exponential,4096,mixture,reference_p0,1.690637236516379,reference_p0,1.0,0.0008148664492355904,True,slsqp_maxQ_nol1,0.48716201015913013,0.001732022915083009,1,True,False
mixture_l1,0.5,1e+22,exponential,8192,fixed_ref,reference_p0,1.690650647113936,reference_p0,1.0,0.0008148664492355904,True,slsqp_maxQ_nol1,0.48716201015913013,0.0018148364342478462,1,True,False
mixture_l1,0.5,1e+22,exponential,8192,mixture,reference_p0,1.690650647113936,reference_p0,1.0,0.0008148664492355904,True,slsqp_maxQ_nol1,0.48716201015913013,0.0017637900092224434,1,True,False
mixture_l1,0.5,1e+22,exponential,32768,fixed_ref,reference_p0,1.6907120322117328,reference_p0,1.0,0.0008148664492355904,True,slsqp_maxQ_nol1,0.48716201015913013,0.001964880780771505,1,True,False
mixture_l1,0.5,1e+22,exponential,32768,mixture,reference_p0,1.6907120322117328,reference_p0,1.0,0.0008148664492355904,True,slsqp_maxQ_nol1,0.48716201015913013,0.001909788982006777,1,True,False
mixture_l1,0.5,1e+22,exponential,131072,fixed_ref,reference_p0,1.690841381768011,reference_p0,1.0,0.0008148664492355904,True,slsqp_maxQ_nol1,0.48716201015913013,0.0022837118160699,1,True,False
mixture_l1,0.5,1e+22,exponential,131072,mixture,reference_p0,1.690841381768011,reference_p0,1.0,0.0008148664492355904,True,slsqp_maxQ_nol1,0.48716201015913013,0.002220044795610443,1,True,False
mixture_l1,0.5,1e+22,logarithmic,2048,fixed_ref,reference_p0,1.6906143089563717,reference_p0,1.0,0.0008148664492355904,True,slsqp_maxQ_nol1,0.48716201015913013,0.001780302426834579,1,True,False
mixture_l1,0.5,1e+22,logarithmic,2048,mixture,reference_p0,1.6906143089563717,reference_p0,1.0,0.0008148664492355904,True,slsqp_maxQ_nol1,0.48716201015913013,0.0017306120258866464,1,True,False
mixture_l1,0.5,1e+22,logarithmic,4096,fixed_ref,reference_p0,1.6906211238650943,reference_p0,1.0,0.0008148664492355904,True,slsqp_maxQ_nol1,0.48716201015913013,0.0017983007280673036,1,True,False
mixture_l1,0.5,1e+22,logarithmic,4096,mixture,reference_p0,1.6906211238650943,reference_p0,1.0,0.0008148664492355904,True,slsqp_maxQ_nol1,0.48716201015913013,0.00174813556636777,1,True,False
mixture_l1,0.5,1e+22,logarithmic,8192,fixed_ref,reference_p0,1.6906338137780765,reference_p0,1.0,0.0008148664492355904,True,slsqp_maxQ_nol1,0.48716201015913013,0.0018316697701072915,1,True,False
mixture_l1,0.5,1e+22,logarithmic,8192,mixture,reference_p0,1.6906338137780765,reference_p0,1.0,0.0008148664492355904,True,slsqp_maxQ_nol1,0.48716201015913013,0.0017806233450818887,1,True,False
mixture_l1,0.5,1e+22,logarithmic,32768,fixed_ref,reference_p0,1.6906926720466557,reference_p0,1.0,0.0008148664492355904,True,slsqp_maxQ_nol1,0.48716201015913013,0.001984240945848592,1,True,False
mixture_l1,0.5,1e+22,logarithmic,32768,mixture,reference_p0,1.6906926720466557,reference_p0,1.0,0.0008148664492355904,True,slsqp_maxQ_nol1,0.48716201015913013,0.001929149147083864,1,True,False
mixture_l1,0.5,1e+22,logarithmic,131072,fixed_ref,reference_p0,1.6908200559118678,reference_p0,1.0,0.0008148664492355904,True,slsqp_maxQ_nol1,0.48716201015913013,0.0023050376722131283,1,True,False
mixture_l1,0.5,1e+22,logarithmic,131072,mixture,reference_p0,1.6908200559118678,reference_p0,1.0,0.0008148664492355904,True,slsqp_maxQ_nol1,0.48716201015913013,0.0022413706517536713,1,True,False
mixture_l1,0.5,1e+22,power,2048,fixed_ref,reference_p0,1.6906445121898166,reference_p0,1.0,0.0008148664492355904,True,slsqp_maxQ_nol1,0.48716201015913013,0.0017500991933896426,1,True,False
mixture_l1,0.5,1e+22,power,2048,mixture,reference_p0,1.6906445121898166,reference_p0,1.0,0.0008148664492355904,True,slsqp_maxQ_nol1,0.48716201015913013,0.00170040879244171,1,True,False
mixture_l1,0.5,1e+22,power,4096,fixed_ref,reference_p0,1.690651755841625,reference_p0,1.0,0.0008148664492355904,True,slsqp_maxQ_nol1,0.48716201015913013,0.0017676687515366662,1,True,False
mixture_l1,0.5,1e+22,power,4096,mixture,reference_p0,1.690651755841625,reference_p0,1.0,0.0008148664492355904,True,slsqp_maxQ_nol1,0.48716201015913013,0.0017175035898371327,1,True,False
mixture_l1,0.5,1e+22,power,8192,fixed_ref,reference_p0,1.6906651687924776,reference_p0,1.0,0.0008148664492355904,True,slsqp_maxQ_nol1,0.48716201015913013,0.0018003147557061894,1,True,False
mixture_l1,0.5,1e+22,power,8192,mixture,reference_p0,1.6906651687924776,reference_p0,1.0,0.0008148664492355904,True,slsqp_maxQ_nol1,0.48716201015913013,0.0017492683306807866,1,True,False
mixture_l1,0.5,1e+22,power,32768,fixed_ref,reference_p0,1.6907262369081466,reference_p0,1.0,0.0008148664492355904,True,slsqp_maxQ_nol1,0.48716201015913013,0.0019506760843577275,1,True,False
mixture_l1,0.5,1e+22,power,32768,mixture,reference_p0,1.6907262369081466,reference_p0,1.0,0.0008148664492355904,True,slsqp_maxQ_nol1,0.48716201015913013,0.0018955842855929994,1,True,False
mixture_l1,0.5,1e+22,power,131072,fixed_ref,reference_p0,1.6908534107698188,reference_p0,1.0,0.0008148664492355904,True,slsqp_maxQ_nol1,0.48716201015913013,0.002271682814262155,1,True,False
mixture_l1,0.5,1e+22,power,131072,mixture,reference_p0,1.6908534107698188,reference_p0,1.0,0.0008148664492355904,True,slsqp_maxQ_nol1,0.48716201015913013,0.002208015793802698,1,True,False
mixture_l1,0.5,1e+24,exponential,2048,fixed_ref,reference_p0,1.6901895542554368,reference_p0,1.0,0.0008148664492355904,True,slsqp_maxQ_nol1,0.48716201015913013,0.0008671793289709573,1,True,False
mixture_l1,0.5,1e+24,exponential,2048,mixture,reference_p0,1.6901895542554368,reference_p0,1.0,0.0008148664492355904,True,slsqp_maxQ_nol1,0.48716201015913013,0.0008586294134858008,1,True,False
mixture_l1,0.5,1e+24,exponential,4096,fixed_ref,reference_p0,1.69019310381402,reference_p0,1.0,0.0008148664492355904,True,slsqp_maxQ_nol1,0.48716201015913013,0.0008745973599699752,1,True,False
mixture_l1,0.5,1e+24,exponential,4096,mixture,reference_p0,1.69019310381402,reference_p0,1.0,0.0008148664492355904,True,slsqp_maxQ_nol1,0.48716201015913013,0.0008663235703900707,1,True,False
mixture_l1,0.5,1e+24,exponential,8192,fixed_ref,reference_p0,1.6901997027163602,reference_p0,1.0,0.0008148664492355904,True,slsqp_maxQ_nol1,0.48716201015913013,0.0008883142856874748,1,True,False
mixture_l1,0.5,1e+24,exponential,8192,mixture,reference_p0,1.6901997027163602,reference_p0,1.0,0.0008148664492355904,True,slsqp_maxQ_nol1,0.48716201015913013,0.0008805159393205919,1,True,False
mixture_l1,0.5,1e+24,exponential,32768,fixed_ref,reference_p0,1.6902301434301903,reference_p0,1.0,0.0008148664492355904,True,slsqp_maxQ_nol1,0.48716201015913013,0.0009505301261598653,1,True,False
mixture_l1,0.5,1e+24,exponential,32768,mixture,reference_p0,1.6902301434301903,reference_p0,1.0,0.0008148664492355904,True,slsqp_maxQ_nol1,0.48716201015913013,0.0009444437627201818,1,True,False
mixture_l1,0.5,1e+24,exponential,131072,fixed_ref,reference_p0,1.690295272708779,reference_p0,1.0,0.0008148664492355904,True,slsqp_maxQ_nol1,0.48716201015913013,0.0010794912140250634,1,True,False
mixture_l1,0.5,1e+24,exponential,131072,mixture,reference_p0,1.690295272708779,reference_p0,1.0,0.0008148664492355904,True,slsqp_maxQ_nol1,0.48716201015913013,0.0010755653643683694,1,True,False
mixture_l1,0.5,1e+24,logarithmic,2048,fixed_ref,reference_p0,1.6901858472383677,reference_p0,1.0,0.0008148664492355904,True,slsqp_maxQ_nol1,0.48716201015913013,0.0008851323180620874,1,True,False
mixture_l1,0.5,1e+24,logarithmic,2048,mixture,reference_p0,1.6901858472383677,reference_p0,1.0,0.0008148664492355904,True,slsqp_maxQ_nol1,0.48716201015913013,0.0008679657061407831,1,True,False
mixture_l1,0.5,1e+24,logarithmic,4096,fixed_ref,reference_p0,1.6901894747076456,reference_p0,1.0,0.0008148664492355904,True,slsqp_maxQ_nol1,0.48716201015913013,0.0008905948253423723,1,True,False
mixture_l1,0.5,1e+24,logarithmic,4096,mixture,reference_p0,1.6901894747076456,reference_p0,1.0,0.0008148664492355904,True,slsqp_maxQ_nol1,0.48716201015913013,0.0008748528949138468,1,True,False
mixture_l1,0.5,1e+24,logarithmic,8192,fixed_ref,reference_p0,1.6901962128521035,reference_p0,1.0,0.0008148664492355904,True,slsqp_maxQ_nol1,0.48716201015913013,0.0009008139897863643,1,True,False
mixture_l1,0.5,1e+24,logarithmic,8192,mixture,reference_p0,1.6901962128521035,reference_p0,1.0,0.0008148664492355904,True,slsqp_maxQ_nol1,0.48716201015913013,0.0008853888250222042,1,True,False
mixture_l1,0.5,1e+24,logarithmic,32768,fixed_ref,reference_p0,1.690227212285457,reference_p0,1.0,0.0008148664492355904,True,slsqp_maxQ_nol1,0.48716201015913013,0.0009489772503592508,1,True,False
mixture_l1,0.5,1e+24,logarithmic,32768,mixture,reference_p0,1.690227212285457,reference_p0,1.0,0.0008148664492355904,True,slsqp_maxQ_nol1,0.48716201015913013,0.0009349482547793553,1,True,False
mixture_l1,0.5,1e+24,logarithmic,131072,fixed_ref,reference_p0,1.6902931917191775,reference_p0,1.0,0.0008148664492355904,True,slsqp_maxQ_nol1,0.48716201015913013,0.0010569509996822823,1,True,False
mixture_l1,0.5,1e+24,logarithmic,131072,mixture,reference_p0,1.6902931917191775,reference_p0,1.0,0.0008148664492355904,True,slsqp_maxQ_nol1,0.48716201015913013,0.001045546298110267,1,True,False
mixture_l1,0.5,1e+24,power,2048,fixed_ref,reference_p0,1.69019091975347,reference_p0,1.0,0.0008148664492355904,True,slsqp_maxQ_nol1,0.48716201015913013,0.0008845487081239334,1,True,False
mixture_l1,0.5,1e+24,power,2048,mixture,reference_p0,1.69019091975347,reference_p0,1.0,0.0008148664492355904,True,slsqp_maxQ_nol1,0.48716201015913013,0.0008628931910386051,1,True,False
mixture_l1,0.5,1e+24,power,4096,fixed_ref,reference_p0,1.6901944426130686,reference_p0,1.0,0.0008148664492355904,True,slsqp_maxQ_nol1,0.48716201015913013,0.0008926301987517427,1,True,False
mixture_l1,0.5,1e+24,power,4096,mixture,reference_p0,1.6901944426130686,reference_p0,1.0,0.0008148664492355904,True,slsqp_maxQ_nol1,0.48716201015913013,0.0008713730325786706,1,True,False
mixture_l1,0.5,1e+24,power,8192,fixed_ref,reference_p0,1.690200993584019,reference_p0,1.0,0.0008148664492355904,True,slsqp_maxQ_nol1,0.48716201015913013,0.0009074936976150028,1,True,False
mixture_l1,0.5,1e+24,power,8192,mixture,reference_p0,1.690200993584019,reference_p0,1.0,0.0008148664492355904,True,slsqp_maxQ_nol1,0.48716201015913013,0.0008871017983418383,1,True,False
mixture_l1,0.5,1e+24,power,32768,fixed_ref,reference_p0,1.6902312391304197,reference_p0,1.0,0.0008148664492355904,True,slsqp_maxQ_nol1,0.48716201015913013,0.0009738266697072451,1,True,False
mixture_l1,0.5,1e+24,power,32768,mixture,reference_p0,1.6902312391304197,reference_p0,1.0,0.0008148664492355904,True,slsqp_maxQ_nol1,0.48716201015913013,0.0009587326214399727,1,True,False
mixture_l1,0.5,1e+24,power,131072,fixed_ref,reference_p0,1.6902960626506316,reference_p0,1.0,0.0008148664492355904,True,slsqp_maxQ_nol1,0.48716201015913013,0.0011072943563597004,1,True,False
mixture_l1,0.5,1e+24,power,131072,mixture,reference_p0,1.6902960626506316,reference_p0,1.0,0.0008148664492355904,True,slsqp_maxQ_nol1,0.48716201015913013,0.0010987148165313432,1,True,False
mixture_l1,1.0,1e+19,exponential,2048,fixed_ref,reference_p0,1.6923142614993059,reference_p0,1.0,6.64007330089819e-07,True,slsqp_maxQ_nol1,0.48716201015913013,0.020981428937859814,1,True,False
mixture_l1,1.0,1e+19,exponential,2048,mixture,reference_p0,1.6923142614993059,reference_p0,1.0,6.64007330089819e-07,True,slsqp_maxQ_nol1,0.48716201015913013,0.020412677275022606,1,True,False
mixture_l1,1.0,1e+19,exponential,4096,fixed_ref,reference_p0,1.6923383070141473,reference_p0,1.0,6.64007330089819e-07,True,slsqp_maxQ_nol1,0.48716201015913013,0.021244775328735033,1,True,False
mixture_l1,1.0,1e+19,exponential,4096,mixture,reference_p0,1.6923383070141473,reference_p0,1.0,6.64007330089819e-07,True,slsqp_maxQ_nol1,0.48716201015913013,0.020666077169583463,1,True,False
mixture_l1,1.0,1e+19,exponential,8192,fixed_ref,reference_p0,1.6923829409505353,reference_p0,1.0,6.64007330089819e-07,True,slsqp_maxQ_nol1,0.48716201015913013,0.021739561995075096,1,True,False
mixture_l1,1.0,1e+19,exponential,8192,mixture,reference_p0,1.6923829409505353,reference_p0,1.0,6.64007330089819e-07,True,slsqp_maxQ_nol1,0.48716201015913013,0.02114219474702339,1,True,False
mixture_l1,1.0,1e+19,exponential,32768,fixed_ref,reference_p0,1.6925878289987635,reference_p0,1.0,6.64007330089819e-07,True,slsqp_maxQ_nol1,0.48716201015913013,0.024109554827429047,1,True,False
mixture_l1,1.0,1e+19,exponential,32768,mixture,reference_p0,1.6925878289987635,reference_p0,1.0,6.64007330089819e-07,True,slsqp_maxQ_nol1,0.48716201015913013,0.023423072184407978,1,True,False
mixture_l1,1.0,1e+19,exponential,131072,fixed_ref,reference_p0,1.6930221433704056,reference_p0,1.0,6.64007330089819e-07,True,slsqp_maxQ_nol1,0.48716201015913013,0.029661749925043335,1,True,False
mixture_l1,1.0,1e+19,exponential,131072,mixture,reference_p0,1.6930221433704056,reference_p0,1.0,6.64007330089819e-07,True,slsqp_maxQ_nol1,0.48716201015913013,0.028768077054363683,1,True,False
mixture_l1,1.0,1e+19,logarithmic,2048,fixed_ref,reference_p0,1.6923142614993059,reference_p0,1.0,6.64007330089819e-07,True,slsqp_maxQ_nol1,0.48716201015913013,0.020981428937859814,1,True,False
mixture_l1,1.0,1e+19,logarithmic,2048,mixture,reference_p0,1.6923142614993059,reference_p0,1.0,6.64007330089819e-07,True,slsqp_maxQ_nol1,0.48716201015913013,0.020412677275022606,1,True,False
mixture_l1,1.0,1e+19,logarithmic,4096,fixed_ref,reference_p0,1.6923383070141473,reference_p0,1.0,6.64007330089819e-07,True,slsqp_maxQ_nol1,0.48716201015913013,0.021244775328735033,1,True,False
mixture_l1,1.0,1e+19,logarithmic,4096,mixture,reference_p0,1.6923383070141473,reference_p0,1.0,6.64007330089819e-07,True,slsqp_maxQ_nol1,0.48716201015913013,0.020666077169583463,1,True,False
mixture_l1,1.0,1e+19,logarithmic,8192,fixed_ref,reference_p0,1.6923829409505353,reference_p0,1.0,6.64007330089819e-07,True,slsqp_maxQ_nol1,0.48716201015913013,0.021739561995075096,1,True,False
mixture_l1,1.0,1e+19,logarithmic,8192,mixture,reference_p0,1.6923829409505353,reference_p0,1.0,6.64007330089819e-07,True,slsqp_maxQ_nol1,0.48716201015913013,0.02114219474702339,1,True,False
mixture_l1,1.0,1e+19,logarithmic,32768,fixed_ref,reference_p0,1.6925878289987635,reference_p0,1.0,6.64007330089819e-07,True,slsqp_maxQ_nol1,0.48716201015913013,0.024109554827429047,1,True,False
mixture_l1,1.0,1e+19,logarithmic,32768,mixture,reference_p0,1.6925878289987635,reference_p0,1.0,6.64007330089819e-07,True,slsqp_maxQ_nol1,0.48716201015913013,0.023423072184407978,1,True,False
mixture_l1,1.0,1e+19,logarithmic,131072,fixed_ref,reference_p0,1.6930221433704056,reference_p0,1.0,6.64007330089819e-07,True,slsqp_maxQ_nol1,0.48716201015913013,0.029661749925043335,1,True,False
mixture_l1,1.0,1e+19,logarithmic,131072,mixture,reference_p0,1.6930221433704056,reference_p0,1.0,6.64007330089819e-07,True,slsqp_maxQ_nol1,0.48716201015913013,0.028768077054363683,1,True,False
mixture_l1,1.0,1e+19,power,2048,fixed_ref,reference_p0,1.6923142614993059,reference_p0,1.0,6.64007330089819e-07,True,slsqp_maxQ_nol1,0.48716201015913013,0.020981428937859814,1,True,False
mixture_l1,1.0,1e+19,power,2048,mixture,reference_p0,1.6923142614993059,reference_p0,1.0,6.64007330089819e-07,True,slsqp_maxQ_nol1,0.48716201015913013,0.020412677275022606,1,True,False
mixture_l1,1.0,1e+19,power,4096,fixed_ref,reference_p0,1.6923383070141473,reference_p0,1.0,6.64007330089819e-07,True,slsqp_maxQ_nol1,0.48716201015913013,0.021244775328735033,1,True,False
mixture_l1,1.0,1e+19,power,4096,mixture,reference_p0,1.6923383070141473,reference_p0,1.0,6.64007330089819e-07,True,slsqp_maxQ_nol1,0.48716201015913013,0.020666077169583463,1,True,False
mixture_l1,1.0,1e+19,power,8192,fixed_ref,reference_p0,1.6923829409505353,reference_p0,1.0,6.64007330089819e-07,True,slsqp_maxQ_nol1,0.48716201015913013,0.021739561995075096,1,True,False
mixture_l1,1.0,1e+19,power,8192,mixture,reference_p0,1.6923829409505353,reference_p0,1.0,6.64007330089819e-07,True,slsqp_maxQ_nol1,0.48716201015913013,0.02114219474702339,1,True,False
mixture_l1,1.0,1e+19,power,32768,fixed_ref,reference_p0,1.6925878289987635,reference_p0,1.0,6.64007330089819e-07,True,slsqp_maxQ_nol1,0.48716201015913013,0.024109554827429047,1,True,False
mixture_l1,1.0,1e+19,power,32768,mixture,reference_p0,1.6925878289987635,reference_p0,1.0,6.64007330089819e-07,True,slsqp_maxQ_nol1,0.48716201015913013,0.023423072184407978,1,True,False
mixture_l1,1.0,1e+19,power,131072,fixed_ref,reference_p0,1.6930221433704056,reference_p0,1.0,6.64007330089819e-07,True,slsqp_maxQ_nol1,0.48716201015913013,0.029661749925043335,1,True,False
mixture_l1,1.0,1e+19,power,131072,mixture,reference_p0,1.6930221433704056,reference_p0,1.0,6.64007330089819e-07,True,slsqp_maxQ_nol1,0.48716201015913013,0.028768077054363683,1,True,False
mixture_l1,1.0,1e+22,exponential,2048,fixed_ref,reference_p0,1.690630005622433,reference_p0,1.0,6.64007330089819e-07,True,slsqp_maxQ_nol1,0.48716201015913013,0.0069059322925686395,1,True,False
mixture_l1,1.0,1e+22,exponential,2048,mixture,reference_p0,1.690630005622433,reference_p0,1.0,6.64007330089819e-07,True,slsqp_maxQ_nol1,0.48716201015913013,0.006757870760768503,1,True,False
mixture_l1,1.0,1e+22,exponential,4096,fixed_ref,reference_p0,1.690637236516379,reference_p0,1.0,6.64007330089819e-07,True,slsqp_maxQ_nol1,0.48716201015913013,0.006972636837247803,1,True,False
mixture_l1,1.0,1e+22,exponential,4096,mixture,reference_p0,1.690637236516379,reference_p0,1.0,6.64007330089819e-07,True,slsqp_maxQ_nol1,0.48716201015913013,0.0068231606700137615,1,True,False
mixture_l1,1.0,1e+22,exponential,8192,fixed_ref,reference_p0,1.690650647113936,reference_p0,1.0,6.64007330089819e-07,True,slsqp_maxQ_nol1,0.48716201015913013,0.007096467219089186,1,True,False
mixture_l1,1.0,1e+22,exponential,8192,mixture,reference_p0,1.690650647113936,reference_p0,1.0,6.64007330089819e-07,True,slsqp_maxQ_nol1,0.48716201015913013,0.006944365158533472,1,True,False
mixture_l1,1.0,1e+22,exponential,32768,fixed_ref,reference_p0,1.6907120322117328,reference_p0,1.0,6.64007330089819e-07,True,slsqp_maxQ_nol1,0.48716201015913013,0.007665074329226362,1,True,False
mixture_l1,1.0,1e+22,exponential,32768,mixture,reference_p0,1.6907120322117328,reference_p0,1.0,6.64007330089819e-07,True,slsqp_maxQ_nol1,0.48716201015913013,0.007500918382539634,1,True,False
mixture_l1,1.0,1e+22,exponential,131072,fixed_ref,reference_p0,1.690841381768011,reference_p0,1.0,6.64007330089819e-07,True,slsqp_maxQ_nol1,0.48716201015913013,0.008871159805338813,1,True,False
mixture_l1,1.0,1e+22,exponential,131072,mixture,reference_p0,1.690841381768011,reference_p0,1.0,6.64007330089819e-07,True,slsqp_maxQ_nol1,0.48716201015913013,0.008681452419349922,1,True,False
mixture_l1,1.0,1e+22,logarithmic,2048,fixed_ref,reference_p0,1.6906143089563717,reference_p0,1.0,6.64007330089819e-07,True,slsqp_maxQ_nol1,0.48716201015913013,0.006921628958630022,1,True,False
mixture_l1,1.0,1e+22,logarithmic,2048,mixture,reference_p0,1.6906143089563717,reference_p0,1.0,6.64007330089819e-07,True,slsqp_maxQ_nol1,0.48716201015913013,0.006773567426829885,1,True,False
mixture_l1,1.0,1e+22,logarithmic,4096,fixed_ref,reference_p0,1.6906211238650943,reference_p0,1.0,6.64007330089819e-07,True,slsqp_maxQ_nol1,0.48716201015913013,0.006988749488532564,1,True,False
mixture_l1,1.0,1e+22,logarithmic,4096,mixture,reference_p0,1.6906211238650943,reference_p0,1.0,6.64007330089819e-07,True,slsqp_maxQ_nol1,0.48716201015913013,0.006839273321298522,1,True,False
mixture_l1,1.0,1e+22,logarithmic,8192,fixed_ref,reference_p0,1.6906338137780765,reference_p0,1.0,6.64007330089819e-07,True,slsqp_maxQ_nol1,0.48716201015913013,0.007113300554948632,1,True,False
mixture_l1,1.0,1e+22,logarithmic,8192,mixture,reference_p0,1.6906338137780765,reference_p0,1.0,6.64007330089819e-07,True,slsqp_maxQ_nol1,0.48716201015913013,0.006961198494392917,1,True,False
mixture_l1,1.0,1e+22,logarithmic,32768,fixed_ref,reference_p0,1.6906926720466557,reference_p0,1.0,6.64007330089819e-07,True,slsqp_maxQ_nol1,0.48716201015913013,0.007684434494303449,1,True,False
mixture_l1,1.0,1e+22,logarithmic,32768,mixture,reference_p0,1.6906926720466557,reference_p0,1.0,6.64007330089819e-07,True,slsqp_maxQ_nol1,0.48716201015913013,0.007520278547616721,1,True,False
mixture_l1,1.0,1e+22,logarithmic,131072,fixed_ref,reference_p0,1.6908200559118678,reference_p0,1.0,6.64007330089819e-07,True,slsqp_maxQ_nol1,0.48716201015913013,0.008892485661482041,1,True,False
mixture_l1,1.0,1e+22,logarithmic,131072,mixture,reference_p0,1.6908200559118678,reference_p0,1.0,6.64007330089819e-07,True,slsqp_maxQ_nol1,0.48716201015913013,0.00870277827549315,1,True,False
mixture_l1,1.0,1e+22,power,2048,fixed_ref,reference_p0,1.6906445121898166,reference_p0,1.0,6.64007330089819e-07,True,slsqp_maxQ_nol1,0.48716201015913013,0.006891425725185085,1,True,False
mixture_l1,1.0,1e+22,power,2048,mixture,reference_p0,1.6906445121898166,reference_p0,1.0,6.64007330089819e-07,True,slsqp_maxQ_nol1,0.48716201015913013,0.006743364193384949,1,True,False
mixture_l1,1.0,1e+22,power,4096,fixed_ref,reference_p0,1.690651755841625,reference_p0,1.0,6.64007330089819e-07,True,slsqp_maxQ_nol1,0.48716201015913013,0.006958117512001927,1,True,False
mixture_l1,1.0,1e+22,power,4096,mixture,reference_p0,1.690651755841625,reference_p0,1.0,6.64007330089819e-07,True,slsqp_maxQ_nol1,0.48716201015913013,0.006808641344767885,1,True,False
mixture_l1,1.0,1e+22,power,8192,fixed_ref,reference_p0,1.6906651687924776,reference_p0,1.0,6.64007330089819e-07,True,slsqp_maxQ_nol1,0.48716201015913013,0.0070819455405475296,1,True,False
mixture_l1,1.0,1e+22,power,8192,mixture,reference_p0,1.6906651687924776,reference_p0,1.0,6.64007330089819e-07,True,slsqp_maxQ_nol1,0.48716201015913013,0.006929843479991815,1,True,False
mixture_l1,1.0,1e+22,power,32768,fixed_ref,reference_p0,1.6907262369081466,reference_p0,1.0,6.64007330089819e-07,True,slsqp_maxQ_nol1,0.48716201015913013,0.007650869632812585,1,True,False
mixture_l1,1.0,1e+22,power,32768,mixture,reference_p0,1.6907262369081466,reference_p0,1.0,6.64007330089819e-07,True,slsqp_maxQ_nol1,0.48716201015913013,0.0074867136861258565,1,True,False
mixture_l1,1.0,1e+22,power,131072,fixed_ref,reference_p0,1.6908534107698188,reference_p0,1.0,6.64007330089819e-07,True,slsqp_maxQ_nol1,0.48716201015913013,0.008859130803531068,1,True,False
mixture_l1,1.0,1e+22,power,131072,mixture,reference_p0,1.6908534107698188,reference_p0,1.0,6.64007330089819e-07,True,slsqp_maxQ_nol1,0.48716201015913013,0.008669423417542177,1,True,False
mixture_l1,1.0,1e+24,exponential,2048,fixed_ref,reference_p0,1.6901895542554368,reference_p0,1.0,6.64007330089819e-07,True,slsqp_maxQ_nol1,0.48716201015913013,0.0034242502585133394,1,True,False
mixture_l1,1.0,1e+24,exponential,2048,mixture,reference_p0,1.6901895542554368,reference_p0,1.0,6.64007330089819e-07,True,slsqp_maxQ_nol1,0.48716201015913013,0.003351232533665316,1,True,False
mixture_l1,1.0,1e+24,exponential,4096,fixed_ref,reference_p0,1.69019310381402,reference_p0,1.0,6.64007330089819e-07,True,slsqp_maxQ_nol1,0.48716201015913013,0.0034571625563240005,1,True,False
mixture_l1,1.0,1e+24,exponential,4096,mixture,reference_p0,1.69019310381402,reference_p0,1.0,6.64007330089819e-07,True,slsqp_maxQ_nol1,0.48716201015913013,0.00338344718064576,1,True,False
mixture_l1,1.0,1e+24,exponential,8192,fixed_ref,reference_p0,1.6901997027163602,reference_p0,1.0,6.64007330089819e-07,True,slsqp_maxQ_nol1,0.48716201015913013,0.0035182451341138066,1,True,False
mixture_l1,1.0,1e+24,exponential,8192,mixture,reference_p0,1.6901997027163602,reference_p0,1.0,6.64007330089819e-07,True,slsqp_maxQ_nol1,0.48716201015913013,0.0034432347833841526,1,True,False
mixture_l1,1.0,1e+24,exponential,32768,fixed_ref,reference_p0,1.6902301434301903,reference_p0,1.0,6.64007330089819e-07,True,slsqp_maxQ_nol1,0.48716201015913013,0.003798490120922038,1,True,False
mixture_l1,1.0,1e+24,exponential,32768,mixture,reference_p0,1.6902301434301903,reference_p0,1.0,6.64007330089819e-07,True,slsqp_maxQ_nol1,0.48716201015913013,0.0037175353024891944,1,True,False
mixture_l1,1.0,1e+24,exponential,131072,fixed_ref,reference_p0,1.690295272708779,reference_p0,1.0,6.64007330089819e-07,True,slsqp_maxQ_nol1,0.48716201015913013,0.004391941325752047,1,True,False
mixture_l1,1.0,1e+24,exponential,131072,mixture,reference_p0,1.690295272708779,reference_p0,1.0,6.64007330089819e-07,True,slsqp_maxQ_nol1,0.48716201015913013,0.0042983856146465715,1,True,False
mixture_l1,1.0,1e+24,logarithmic,2048,fixed_ref,reference_p0,1.6901858472383677,reference_p0,1.0,6.64007330089819e-07,True,slsqp_maxQ_nol1,0.48716201015913013,0.0034279572755824272,1,True,False
mixture_l1,1.0,1e+24,logarithmic,2048,mixture,reference_p0,1.6901858472383677,reference_p0,1.0,6.64007330089819e-07,True,slsqp_maxQ_nol1,0.48716201015913013,0.0033549395507344038,1,True,False
mixture_l1,1.0,1e+24,logarithmic,4096,fixed_ref,reference_p0,1.6901894747076456,reference_p0,1.0,6.64007330089819e-07,True,slsqp_maxQ_nol1,0.48716201015913013,0.003460791662698526,1,True,False
mixture_l1,1.0,1e+24,logarithmic,4096,mixture,reference_p0,1.6901894747076456,reference_p0,1.0,6.64007330089819e-07,True,slsqp_maxQ_nol1,0.48716201015913013,0.0033870762870202853,1,True,False
mixture_l1,1.0,1e+24,logarithmic,8192,fixed_ref,reference_p0,1.6901962128521035,reference_p0,1.0,6.64007330089819e-07,True,slsqp_maxQ_nol1,0.48716201015913013,0.003521734998370496,1,True,False
mixture_l1,1.0,1e+24,logarithmic,8192,mixture,reference_p0,1.6901962128521035,reference_p0,1.0,6.64007330089819e-07,True,slsqp_maxQ_nol1,0.48716201015913013,0.003446724647640842,1,True,False
mixture_l1,1.0,1e+24,logarithmic,32768,fixed_ref,reference_p0,1.690227212285457,reference_p0,1.0,6.64007330089819e-07,True,slsqp_maxQ_nol1,0.48716201015913013,0.0038014212656554136,1,True,False
mixture_l1,1.0,1e+24,logarithmic,32768,mixture,reference_p0,1.690227212285457,reference_p0,1.0,6.64007330089819e-07,True,slsqp_maxQ_nol1,0.48716201015913013,0.00372046644722257,1,True,False
mixture_l1,1.0,1e+24,logarithmic,131072,fixed_ref,reference_p0,1.6902931917191775,reference_p0,1.0,6.64007330089819e-07,True,slsqp_maxQ_nol1,0.48716201015913013,0.004394022315353574,1,True,False
mixture_l1,1.0,1e+24,logarithmic,131072,mixture,reference_p0,1.6902931917191775,reference_p0,1.0,6.64007330089819e-07,True,slsqp_maxQ_nol1,0.48716201015913013,0.004300466604248099,1,True,False
mixture_l1,1.0,1e+24,power,2048,fixed_ref,reference_p0,1.69019091975347,reference_p0,1.0,6.64007330089819e-07,True,slsqp_maxQ_nol1,0.48716201015913013,0.0034228847604802493,1,True,False
mixture_l1,1.0,1e+24,power,2048,mixture,reference_p0,1.69019091975347,reference_p0,1.0,6.64007330089819e-07,True,slsqp_maxQ_nol1,0.48716201015913013,0.0033498670356322258,1,True,False
mixture_l1,1.0,1e+24,power,4096,fixed_ref,reference_p0,1.6901944426130686,reference_p0,1.0,6.64007330089819e-07,True,slsqp_maxQ_nol1,0.48716201015913013,0.003455823757275489,1,True,False
mixture_l1,1.0,1e+24,power,4096,mixture,reference_p0,1.6901944426130686,reference_p0,1.0,6.64007330089819e-07,True,slsqp_maxQ_nol1,0.48716201015913013,0.0033821083815972486,1,True,False
mixture_l1,1.0,1e+24,power,8192,fixed_ref,reference_p0,1.690200993584019,reference_p0,1.0,6.64007330089819e-07,True,slsqp_maxQ_nol1,0.48716201015913013,0.0035169542664550413,1,True,False
mixture_l1,1.0,1e+24,power,8192,mixture,reference_p0,1.690200993584019,reference_p0,1.0,6.64007330089819e-07,True,slsqp_maxQ_nol1,0.48716201015913013,0.0034419439157253873,1,True,False
mixture_l1,1.0,1e+24,power,32768,fixed_ref,reference_p0,1.6902312391304197,reference_p0,1.0,6.64007330089819e-07,True,slsqp_maxQ_nol1,0.48716201015913013,0.0037973944206926014,1,True,False
mixture_l1,1.0,1e+24,power,32768,mixture,reference_p0,1.6902312391304197,reference_p0,1.0,6.64007330089819e-07,True,slsqp_maxQ_nol1,0.48716201015913013,0.003716439602259758,1,True,False
mixture_l1,1.0,1e+24,power,131072,fixed_ref,reference_p0,1.6902960626506316,reference_p0,1.0,6.64007330089819e-07,True,slsqp_maxQ_nol1,0.48716201015913013,0.00439115138389945,1,True,False
mixture_l1,1.0,1e+24,power,131072,mixture,reference_p0,1.6902960626506316,reference_p0,1.0,6.64007330089819e-07,True,slsqp_maxQ_nol1,0.48716201015913013,0.004297595672793975,1,True,False
mixture_l1,2.0,1e+19,exponential,2048,fixed_ref,reference_p0,1.6923142614993059,reference_p0,1.0,4.4090573441300987e-13,True,slsqp_maxQ_nol1,0.48716201015913013,0.8851218835509478,1,True,False
mixture_l1,2.0,1e+19,exponential,2048,mixture,reference_p0,1.6923142614993059,reference_p0,1.0,4.4090573441300987e-13,True,slsqp_maxQ_nol1,0.48716201015913013,0.854645644321339,1,True,False
mixture_l1,2.0,1e+19,exponential,4096,fixed_ref,reference_p0,1.6923383070141473,reference_p0,1.0,4.4090573441300987e-13,True,slsqp_maxQ_nol1,0.48716201015913013,0.9004975723025277,1,True,False
mixture_l1,2.0,1e+19,exponential,4096,mixture,reference_p0,1.6923383070141473,reference_p0,1.0,4.4090573441300987e-13,True,slsqp_maxQ_nol1,0.48716201015913013,0.8694883556400885,1,True,False
mixture_l1,2.0,1e+19,exponential,8192,fixed_ref,reference_p0,1.6923829409505353,reference_p0,1.0,4.4090573441300987e-13,True,slsqp_maxQ_nol1,0.48716201015913013,0.9293574891715164,1,True,False
mixture_l1,2.0,1e+19,exponential,8192,mixture,reference_p0,1.6923829409505353,reference_p0,1.0,4.4090573441300987e-13,True,slsqp_maxQ_nol1,0.48716201015913013,0.8973478998390785,1,True,False
mixture_l1,2.0,1e+19,exponential,32768,fixed_ref,reference_p0,1.6925878289987635,reference_p0,1.0,4.4090573441300987e-13,True,slsqp_maxQ_nol1,0.48716201015913013,1.067126150621021,1,True,False
mixture_l1,2.0,1e+19,exponential,32768,mixture,reference_p0,1.6925878289987635,reference_p0,1.0,4.4090573441300987e-13,True,slsqp_maxQ_nol1,0.48716201015913013,1.0303413627729734,1,True,False
mixture_l1,2.0,1e+19,exponential,131072,fixed_ref,reference_p0,1.6930221433704056,reference_p0,1.0,4.4090573441300987e-13,True,slsqp_maxQ_nol1,0.48716201015913013,1.387475592423878,1,True,False
mixture_l1,2.0,1e+19,exponential,131072,mixture,reference_p0,1.6930221433704056,reference_p0,1.0,4.4090573441300987e-13,True,slsqp_maxQ_nol1,0.48716201015913013,1.3395886322979373,1,True,False
mixture_l1,2.0,1e+19,logarithmic,2048,fixed_ref,reference_p0,1.6923142614993059,reference_p0,1.0,4.4090573441300987e-13,True,slsqp_maxQ_nol1,0.48716201015913013,0.8851218835509478,1,True,False
mixture_l1,2.0,1e+19,logarithmic,2048,mixture,reference_p0,1.6923142614993059,reference_p0,1.0,4.4090573441300987e-13,True,slsqp_maxQ_nol1,0.48716201015913013,0.854645644321339,1,True,False
mixture_l1,2.0,1e+19,logarithmic,4096,fixed_ref,reference_p0,1.6923383070141473,reference_p0,1.0,4.4090573441300987e-13,True,slsqp_maxQ_nol1,0.48716201015913013,0.9004975723025277,1,True,False
mixture_l1,2.0,1e+19,logarithmic,4096,mixture,reference_p0,1.6923383070141473,reference_p0,1.0,4.4090573441300987e-13,True,slsqp_maxQ_nol1,0.48716201015913013,0.8694883556400885,1,True,False
mixture_l1,2.0,1e+19,logarithmic,8192,fixed_ref,reference_p0,1.6923829409505353,reference_p0,1.0,4.4090573441300987e-13,True,slsqp_maxQ_nol1,0.48716201015913013,0.9293574891715164,1,True,False
mixture_l1,2.0,1e+19,logarithmic,8192,mixture,reference_p0,1.6923829409505353,reference_p0,1.0,4.4090573441300987e-13,True,slsqp_maxQ_nol1,0.48716201015913013,0.8973478998390785,1,True,False
mixture_l1,2.0,1e+19,logarithmic,32768,fixed_ref,reference_p0,1.6925878289987635,reference_p0,1.0,4.4090573441300987e-13,True,slsqp_maxQ_nol1,0.48716201015913013,1.067126150621021,1,True,False
mixture_l1,2.0,1e+19,logarithmic,32768,mixture,reference_p0,1.6925878289987635,reference_p0,1.0,4.4090573441300987e-13,True,slsqp_maxQ_nol1,0.48716201015913013,1.0303413627729734,1,True,False
mixture_l1,2.0,1e+19,logarithmic,131072,fixed_ref,reference_p0,1.6930221433704056,reference_p0,1.0,4.4090573441300987e-13,True,slsqp_maxQ_nol1,0.48716201015913013,1.387475592423878,1,True,False
mixture_l1,2.0,1e+19,logarithmic,131072,mixture,reference_p0,1.6930221433704056,reference_p0,1.0,4.4090573441300987e-13,True,slsqp_maxQ_nol1,0.48716201015913013,1.3395886322979373,1,True,False
mixture_l1,2.0,1e+19,power,2048,fixed_ref,reference_p0,1.6923142614993059,reference_p0,1.0,4.4090573441300987e-13,True,slsqp_maxQ_nol1,0.48716201015913013,0.8851218835509478,1,True,False
mixture_l1,2.0,1e+19,power,2048,mixture,reference_p0,1.6923142614993059,reference_p0,1.0,4.4090573441300987e-13,True,slsqp_maxQ_nol1,0.48716201015913013,0.854645644321339,1,True,False
mixture_l1,2.0,1e+19,power,4096,fixed_ref,reference_p0,1.6923383070141473,reference_p0,1.0,4.4090573441300987e-13,True,slsqp_maxQ_nol1,0.48716201015913013,0.9004975723025277,1,True,False
mixture_l1,2.0,1e+19,power,4096,mixture,reference_p0,1.6923383070141473,reference_p0,1.0,4.4090573441300987e-13,True,slsqp_maxQ_nol1,0.48716201015913013,0.8694883556400885,1,True,False
mixture_l1,2.0,1e+19,power,8192,fixed_ref,reference_p0,1.6923829409505353,reference_p0,1.0,4.4090573441300987e-13,True,slsqp_maxQ_nol1,0.48716201015913013,0.9293574891715164,1,True,False
mixture_l1,2.0,1e+19,power,8192,mixture,reference_p0,1.6923829409505353,reference_p0,1.0,4.4090573441300987e-13,True,slsqp_maxQ_nol1,0.48716201015913013,0.8973478998390785,1,True,False
mixture_l1,2.0,1e+19,power,32768,fixed_ref,reference_p0,1.6925878289987635,reference_p0,1.0,4.4090573441300987e-13,True,slsqp_maxQ_nol1,0.48716201015913013,1.067126150621021,1,True,False
mixture_l1,2.0,1e+19,power,32768,mixture,reference_p0,1.6925878289987635,reference_p0,1.0,4.4090573441300987e-13,True,slsqp_maxQ_nol1,0.48716201015913013,1.0303413627729734,1,True,False
mixture_l1,2.0,1e+19,power,131072,fixed_ref,reference_p0,1.6930221433704056,reference_p0,1.0,4.4090573441300987e-13,True,slsqp_maxQ_nol1,0.48716201015913013,1.387475592423878,1,True,False
mixture_l1,2.0,1e+19,power,131072,mixture,reference_p0,1.6930221433704056,reference_p0,1.0,4.4090573441300987e-13,True,slsqp_maxQ_nol1,0.48716201015913013,1.3395886322979373,1,True,False
mixture_l1,2.0,1e+22,exponential,2048,fixed_ref,reference_p0,1.690630005622433,reference_p0,1.0,4.4090573441300987e-13,True,slsqp_maxQ_nol1,0.48716201015913013,0.13362114111152246,1,True,False
mixture_l1,2.0,1e+22,exponential,2048,mixture,reference_p0,1.690630005622433,reference_p0,1.0,4.4090573441300987e-13,True,slsqp_maxQ_nol1,0.48716201015913013,0.12921227420822068,1,True,False
mixture_l1,2.0,1e+22,exponential,4096,fixed_ref,reference_p0,1.690637236516379,reference_p0,1.0,4.4090573441300987e-13,True,slsqp_maxQ_nol1,0.48716201015913013,0.13584172376817039,1,True,False
mixture_l1,2.0,1e+22,exponential,4096,mixture,reference_p0,1.690637236516379,reference_p0,1.0,4.4090573441300987e-13,True,slsqp_maxQ_nol1,0.48716201015913013,0.13135575330408766,1,True,False
mixture_l1,2.0,1e+22,exponential,8192,fixed_ref,reference_p0,1.690650647113936,reference_p0,1.0,4.4090573441300987e-13,True,slsqp_maxQ_nol1,0.48716201015913013,0.14000981064608986,1,True,False
mixture_l1,2.0,1e+22,exponential,8192,mixture,reference_p0,1.690650647113936,reference_p0,1.0,4.4090573441300987e-13,True,slsqp_maxQ_nol1,0.48716201015913013,0.1353791205555963,1,True,False
mixture_l1,2.0,1e+22,exponential,32768,fixed_ref,reference_p0,1.6907120322117328,reference_p0,1.0,4.4090573441300987e-13,True,slsqp_maxQ_nol1,0.48716201015913013,0.15990846757738364,1,True,False
mixture_l1,2.0,1e+22,exponential,32768,mixture,reference_p0,1.6907120322117328,reference_p0,1.0,4.4090573441300987e-13,True,slsqp_maxQ_nol1,0.48716201015913013,0.15458696998490296,1,True,False
mixture_l1,2.0,1e+22,exponential,131072,fixed_ref,reference_p0,1.690841381768011,reference_p0,1.0,4.4090573441300987e-13,True,slsqp_maxQ_nol1,0.48716201015913013,0.20618552909627863,1,True,False
mixture_l1,2.0,1e+22,exponential,131072,mixture,reference_p0,1.690841381768011,reference_p0,1.0,4.4090573441300987e-13,True,slsqp_maxQ_nol1,0.48716201015913013,0.1992579278260449,1,True,False
mixture_l1,2.0,1e+22,logarithmic,2048,fixed_ref,reference_p0,1.6906143089563717,reference_p0,1.0,4.4090573441300987e-13,True,slsqp_maxQ_nol1,0.48716201015913013,0.13363683777758384,1,True,False
mixture_l1,2.0,1e+22,logarithmic,2048,mixture,reference_p0,1.6906143089563717,reference_p0,1.0,4.4090573441300987e-13,True,slsqp_maxQ_nol1,0.48716201015913013,0.12922797087428206,1,True,False
mixture_l1,2.0,1e+22,logarithmic,4096,fixed_ref,reference_p0,1.6906211238650943,reference_p0,1.0,4.4090573441300987e-13,True,slsqp_maxQ_nol1,0.48716201015913013,0.13585783641945515,1,True,False
mixture_l1,2.0,1e+22,logarithmic,4096,mixture,reference_p0,1.6906211238650943,reference_p0,1.0,4.4090573441300987e-13,True,slsqp_maxQ_nol1,0.48716201015913013,0.13137186595537242,1,True,False
mixture_l1,2.0,1e+22,logarithmic,8192,fixed_ref,reference_p0,1.6906338137780765,reference_p0,1.0,4.4090573441300987e-13,True,slsqp_maxQ_nol1,0.48716201015913013,0.1400266439819493,1,True,False
mixture_l1,2.0,1e+22,logarithmic,8192,mixture,reference_p0,1.6906338137780765,reference_p0,1.0,4.4090573441300987e-13,True,slsqp_maxQ_nol1,0.48716201015913013,0.13539595389145576,1,True,False
mixture_l1,2.0,1e+22,logarithmic,32768,fixed_ref,reference_p0,1.6906926720466557,reference_p0,1.0,4.4090573441300987e-13,True,slsqp_maxQ_nol1,0.48716201015913013,0.15992782774246073,1,True,False
mixture_l1,2.0,1e+22,logarithmic,32768,mixture,reference_p0,1.6906926720466557,reference_p0,1.0,4.4090573441300987e-13,True,slsqp_maxQ_nol1,0.48716201015913013,0.15460633014998004,1,True,False
mixture_l1,2.0,1e+22,logarithmic,131072,fixed_ref,reference_p0,1.6908200559118678,reference_p0,1.0,4.4090573441300987e-13,True,slsqp_maxQ_nol1,0.48716201015913013,0.20620685495242186,1,True,False
mixture_l1,2.0,1e+22,logarithmic,131072,mixture,reference_p0,1.6908200559118678,reference_p0,1.0,4.4090573441300987e-13,True,slsqp_maxQ_nol1,0.48716201015913013,0.19927925368218813,1,True,False
mixture_l1,2.0,1e+22,power,2048,fixed_ref,reference_p0,1.6906445121898166,reference_p0,1.0,4.4090573441300987e-13,True,slsqp_maxQ_nol1,0.48716201015913013,0.1336066345441389,1,True,False
mixture_l1,2.0,1e+22,power,2048,mixture,reference_p0,1.6906445121898166,reference_p0,1.0,4.4090573441300987e-13,True,slsqp_maxQ_nol1,0.48716201015913013,0.12919776764083712,1,True,False
mixture_l1,2.0,1e+22,power,4096,fixed_ref,reference_p0,1.690651755841625,reference_p0,1.0,4.4090573441300987e-13,True,slsqp_maxQ_nol1,0.48716201015913013,0.1358272044429245,1,True,False
mixture_l1,2.0,1e+22,power,4096,mixture,reference_p0,1.690651755841625,reference_p0,1.0,4.4090573441300987e-13,True,slsqp_maxQ_nol1,0.48716201015913013,0.1313412339788418,1,True,False
mixture_l1,2.0,1e+22,power,8192,fixed_ref,reference_p0,1.6906651687924776,reference_p0,1.0,4.4090573441300987e-13,True,slsqp_maxQ_nol1,0.48716201015913013,0.1399952889675482,1,True,False
mixture_l1,2.0,1e+22,power,8192,mixture,reference_p0,1.6906651687924776,reference_p0,1.0,4.4090573441300987e-13,True,slsqp_maxQ_nol1,0.48716201015913013,0.13536459887705465,1,True,False
mixture_l1,2.0,1e+22,power,32768,fixed_ref,reference_p0,1.6907262369081466,reference_p0,1.0,4.4090573441300987e-13,True,slsqp_maxQ_nol1,0.48716201015913013,0.15989426288096986,1,True,False
mixture_l1,2.0,1e+22,power,32768,mixture,reference_p0,1.6907262369081466,reference_p0,1.0,4.4090573441300987e-13,True,slsqp_maxQ_nol1,0.48716201015913013,0.15457276528848918,1,True,False
mixture_l1,2.0,1e+22,power,131072,fixed_ref,reference_p0,1.6908534107698188,reference_p0,1.0,4.4090573441300987e-13,True,slsqp_maxQ_nol1,0.48716201015913013,0.20617350009447089,1,True,False
mixture_l1,2.0,1e+22,power,131072,mixture,reference_p0,1.6908534107698188,reference_p0,1.0,4.4090573441300987e-13,True,slsqp_maxQ_nol1,0.48716201015913013,0.19924589882423716,1,True,False
mixture_l1,2.0,1e+24,exponential,2048,fixed_ref,reference_p0,1.6901895542554368,reference_p0,1.0,4.4090573441300987e-13,True,slsqp_maxQ_nol1,0.48716201015913013,0.04177824701507449,1,True,False
mixture_l1,2.0,1e+24,exponential,2048,mixture,reference_p0,1.6901895542554368,reference_p0,1.0,4.4090573441300987e-13,True,slsqp_maxQ_nol1,0.48716201015913013,0.040563262532546496,1,True,False
mixture_l1,2.0,1e+24,exponential,4096,fixed_ref,reference_p0,1.69019310381402,reference_p0,1.0,4.4090573441300987e-13,True,slsqp_maxQ_nol1,0.48716201015913013,0.042388632726778175,1,True,False
mixture_l1,2.0,1e+24,exponential,4096,mixture,reference_p0,1.69019310381402,reference_p0,1.0,4.4090573441300987e-13,True,slsqp_maxQ_nol1,0.48716201015913013,0.041152400238367415,1,True,False
mixture_l1,2.0,1e+24,exponential,8192,fixed_ref,reference_p0,1.6901997027163602,reference_p0,1.0,4.4090573441300987e-13,True,slsqp_maxQ_nol1,0.48716201015913013,0.043534360410352635,1,True,False
mixture_l1,2.0,1e+24,exponential,8192,mixture,reference_p0,1.6901997027163602,reference_p0,1.0,4.4090573441300987e-13,True,slsqp_maxQ_nol1,0.48716201015913013,0.04225824645029341,1,True,False
mixture_l1,2.0,1e+24,exponential,32768,fixed_ref,reference_p0,1.6902301434301903,reference_p0,1.0,4.4090573441300987e-13,True,slsqp_maxQ_nol1,0.48716201015913013,0.04900445801347475,1,True,False
mixture_l1,2.0,1e+24,exponential,32768,mixture,reference_p0,1.6902301434301903,reference_p0,1.0,4.4090573441300987e-13,True,slsqp_maxQ_nol1,0.48716201015913013,0.04753797305475849,1,True,False
mixture_l1,2.0,1e+24,exponential,131072,fixed_ref,reference_p0,1.690295272708779,reference_p0,1.0,4.4090573441300987e-13,True,slsqp_maxQ_nol1,0.48716201015913013,0.06172789109859256,1,True,False
mixture_l1,2.0,1e+24,exponential,131072,mixture,reference_p0,1.690295272708779,reference_p0,1.0,4.4090573441300987e-13,True,slsqp_maxQ_nol1,0.48716201015913013,0.059818800116922644,1,True,False
mixture_l1,2.0,1e+24,logarithmic,2048,fixed_ref,reference_p0,1.6901858472383677,reference_p0,1.0,4.4090573441300987e-13,True,slsqp_maxQ_nol1,0.48716201015913013,0.041781954032143576,1,True,False
mixture_l1,2.0,1e+24,logarithmic,2048,mixture,reference_p0,1.6901858472383677,reference_p0,1.0,4.4090573441300987e-13,True,slsqp_maxQ_nol1,0.48716201015913013,0.040566969549615584,1,True,False
mixture_l1,2.0,1e+24,logarithmic,4096,fixed_ref,reference_p0,1.6901894747076456,reference_p0,1.0,4.4090573441300987e-13,True,slsqp_maxQ_nol1,0.48716201015913013,0.0423922618331527,1,True,False
mixture_l1,2.0,1e+24,logarithmic,4096,mixture,reference_p0,1.6901894747076456,reference_p0,1.0,4.4090573441300987e-13,True,slsqp_maxQ_nol1,0.48716201015913013,0.04115602934474194,1,True,False
mixture_l1,2.0,1e+24,logarithmic,8192,fixed_ref,reference_p0,1.6901962128521035,reference_p0,1.0,4.4090573441300987e-13,True,slsqp_maxQ_nol1,0.48716201015913013,0.043537850274609324,1,True,False
mixture_l1,2.0,1e+24,logarithmic,8192,mixture,reference_p0,1.6901962128521035,reference_p0,1.0,4.4090573441300987e-13,True,slsqp_maxQ_nol1,0.48716201015913013,0.0422617363145501,1,True,False
mixture_l1,2.0,1e+24,logarithmic,32768,fixed_ref,reference_p0,1.690227212285457,reference_p0,1.0,4.4090573441300987e-13,True,slsqp_maxQ_nol1,0.48716201015913013,0.049007389158208126,1,True,False
mixture_l1,2.0,1e+24,logarithmic,32768,mixture,reference_p0,1.690227212285457,reference_p0,1.0,4.4090573441300987e-13,True,slsqp_maxQ_nol1,0.48716201015913013,0.04754090419949186,1,True,False
mixture_l1,2.0,1e+24,logarithmic,131072,fixed_ref,reference_p0,1.6902931917191775,reference_p0,1.0,4.4090573441300987e-13,True,slsqp_maxQ_nol1,0.48716201015913013,0.061729972088194085,1,True,False
mixture_l1,2.0,1e+24,logarithmic,131072,mixture,reference_p0,1.6902931917191775,reference_p0,1.0,4.4090573441300987e-13,True,slsqp_maxQ_nol1,0.48716201015913013,0.05982088110652417,1,True,False
mixture_l1,2.0,1e+24,power,2048,fixed_ref,reference_p0,1.69019091975347,reference_p0,1.0,4.4090573441300987e-13,True,slsqp_maxQ_nol1,0.48716201015913013,0.0417768815170414,1,True,False
mixture_l1,2.0,1e+24,power,2048,mixture,reference_p0,1.69019091975347,reference_p0,1.0,4.4090573441300987e-13,True,slsqp_maxQ_nol1,0.48716201015913013,0.040561897034513406,1,True,False
mixture_l1,2.0,1e+24,power,4096,fixed_ref,reference_p0,1.6901944426130686,reference_p0,1.0,4.4090573441300987e-13,True,slsqp_maxQ_nol1,0.48716201015913013,0.04238729392772966,1,True,False
mixture_l1,2.0,1e+24,power,4096,mixture,reference_p0,1.6901944426130686,reference_p0,1.0,4.4090573441300987e-13,True,slsqp_maxQ_nol1,0.48716201015913013,0.0411510614393189,1,True,False
mixture_l1,2.0,1e+24,power,8192,fixed_ref,reference_p0,1.690200993584019,reference_p0,1.0,4.4090573441300987e-13,True,slsqp_maxQ_nol1,0.48716201015913013,0.04353306954269387,1,True,False
mixture_l1,2.0,1e+24,power,8192,mixture,reference_p0,1.690200993584019,reference_p0,1.0,4.4090573441300987e-13,True,slsqp_maxQ_nol1,0.48716201015913013,0.04225695558263465,1,True,False
mixture_l1,2.0,1e+24,power,32768,fixed_ref,reference_p0,1.6902312391304197,reference_p0,1.0,4.4090573441300987e-13,True,slsqp_maxQ_nol1,0.48716201015913013,0.04900336231324531,1,True,False
mixture_l1,2.0,1e+24,power,32768,mixture,reference_p0,1.6902312391304197,reference_p0,1.0,4.4090573441300987e-13,True,slsqp_maxQ_nol1,0.48716201015913013,0.04753687735452905,1,True,False
mixture_l1,2.0,1e+24,power,131072,fixed_ref,reference_p0,1.6902960626506316,reference_p0,1.0,4.4090573441300987e-13,True,slsqp_maxQ_nol1,0.48716201015913013,0.06172710115673996,1,True,False
mixture_l1,2.0,1e+24,power,131072,mixture,reference_p0,1.6902960626506316,reference_p0,1.0,4.4090573441300987e-13,True,slsqp_maxQ_nol1,0.48716201015913013,0.05981801017507005,1,True,False
quality_linear,0.0,1e+19,exponential,2048,fixed_ref,reference_p0,1.6923142614993059,reference_p0,1.0,1.0,False,slsqp_maxQ_nol1,0.48716201015913013,0.0,21,True,False
quality_linear,0.0,1e+19,exponential,2048,mixture,lp_vertex_box,1.6922661084626793,reference_p0,1.0,1.0,False,slsqp_maxQ_nol1,0.48716201015913013,7.824065479744569e-05,2,True,False
quality_linear,0.0,1e+19,exponential,4096,fixed_ref,reference_p0,1.6923383070141473,reference_p0,1.0,1.0,False,slsqp_maxQ_nol1,0.48716201015913013,0.0,21,True,False
quality_linear,0.0,1e+19,exponential,4096,mixture,lp_vertex_box,1.6922896939053464,reference_p0,1.0,1.0,False,slsqp_maxQ_nol1,0.48716201015913013,7.898819517104805e-05,2,True,False
quality_linear,0.0,1e+19,exponential,8192,fixed_ref,reference_p0,1.6923829409505353,reference_p0,1.0,1.0,False,slsqp_maxQ_nol1,0.48716201015913013,0.0,21,True,False
quality_linear,0.0,1e+19,exponential,8192,mixture,lp_vertex_box,1.692333473844469,reference_p0,1.0,1.0,False,slsqp_maxQ_nol1,0.48716201015913013,8.037579760444835e-05,2,True,False
quality_linear,0.0,1e+19,exponential,32768,fixed_ref,reference_p0,1.6925878289987635,reference_p0,1.0,1.0,False,slsqp_maxQ_nol1,0.48716201015913013,0.0,21,True,False
quality_linear,0.0,1e+19,exponential,32768,mixture,lp_vertex_box,1.692534441686993,reference_p0,1.0,1.0,False,slsqp_maxQ_nol1,0.48716201015913013,8.674547585951764e-05,2,True,False
quality_linear,0.0,1e+19,exponential,131072,fixed_ref,reference_p0,1.6930221433704056,reference_p0,1.0,1.0,False,slsqp_maxQ_nol1,0.48716201015913013,0.0,21,True,False
quality_linear,0.0,1e+19,exponential,131072,mixture,lp_vertex_box,1.6929604461348704,reference_p0,1.0,1.0,False,slsqp_maxQ_nol1,0.48716201015913013,9.653983472435179e-05,2,True,False
quality_linear,0.0,1e+19,logarithmic,2048,fixed_ref,reference_p0,1.6923142614993059,reference_p0,1.0,1.0,False,slsqp_maxQ_nol1,0.48716201015913013,0.0,21,True,False
quality_linear,0.0,1e+19,logarithmic,2048,mixture,lp_vertex_box,1.6922661084626793,reference_p0,1.0,1.0,False,slsqp_maxQ_nol1,0.48716201015913013,7.824065479744569e-05,2,True,False
quality_linear,0.0,1e+19,logarithmic,4096,fixed_ref,reference_p0,1.6923383070141473,reference_p0,1.0,1.0,False,slsqp_maxQ_nol1,0.48716201015913013,0.0,21,True,False
quality_linear,0.0,1e+19,logarithmic,4096,mixture,lp_vertex_box,1.6922896939053464,reference_p0,1.0,1.0,False,slsqp_maxQ_nol1,0.48716201015913013,7.898819517104805e-05,2,True,False
quality_linear,0.0,1e+19,logarithmic,8192,fixed_ref,reference_p0,1.6923829409505353,reference_p0,1.0,1.0,False,slsqp_maxQ_nol1,0.48716201015913013,0.0,21,True,False
quality_linear,0.0,1e+19,logarithmic,8192,mixture,lp_vertex_box,1.692333473844469,reference_p0,1.0,1.0,False,slsqp_maxQ_nol1,0.48716201015913013,8.037579760444835e-05,2,True,False
quality_linear,0.0,1e+19,logarithmic,32768,fixed_ref,reference_p0,1.6925878289987635,reference_p0,1.0,1.0,False,slsqp_maxQ_nol1,0.48716201015913013,0.0,21,True,False
quality_linear,0.0,1e+19,logarithmic,32768,mixture,lp_vertex_box,1.692534441686993,reference_p0,1.0,1.0,False,slsqp_maxQ_nol1,0.48716201015913013,8.674547585951764e-05,2,True,False
quality_linear,0.0,1e+19,logarithmic,131072,fixed_ref,reference_p0,1.6930221433704056,reference_p0,1.0,1.0,False,slsqp_maxQ_nol1,0.48716201015913013,0.0,21,True,False
quality_linear,0.0,1e+19,logarithmic,131072,mixture,lp_vertex_box,1.6929604461348704,reference_p0,1.0,1.0,False,slsqp_maxQ_nol1,0.48716201015913013,0.00010024771528582832,2,True,False
quality_linear,0.0,1e+19,power,2048,fixed_ref,reference_p0,1.6923142614993059,reference_p0,1.0,1.0,False,slsqp_maxQ_nol1,0.48716201015913013,0.0,21,True,False
quality_linear,0.0,1e+19,power,2048,mixture,lp_vertex_box,1.6922661084626793,reference_p0,1.0,1.0,False,slsqp_maxQ_nol1,0.48716201015913013,7.824065479744569e-05,2,True,False
quality_linear,0.0,1e+19,power,4096,fixed_ref,reference_p0,1.6923383070141473,reference_p0,1.0,1.0,False,slsqp_maxQ_nol1,0.48716201015913013,0.0,21,True,False
quality_linear,0.0,1e+19,power,4096,mixture,lp_vertex_box,1.6922896939053464,reference_p0,1.0,1.0,False,slsqp_maxQ_nol1,0.48716201015913013,7.898819517104805e-05,2,True,False
quality_linear,0.0,1e+19,power,8192,fixed_ref,reference_p0,1.6923829409505353,reference_p0,1.0,1.0,False,slsqp_maxQ_nol1,0.48716201015913013,0.0,21,True,False
quality_linear,0.0,1e+19,power,8192,mixture,lp_vertex_box,1.692333473844469,reference_p0,1.0,1.0,False,slsqp_maxQ_nol1,0.48716201015913013,8.037579760444835e-05,2,True,False
quality_linear,0.0,1e+19,power,32768,fixed_ref,reference_p0,1.6925878289987635,reference_p0,1.0,1.0,False,slsqp_maxQ_nol1,0.48716201015913013,0.0,21,True,False
quality_linear,0.0,1e+19,power,32768,mixture,lp_vertex_box,1.692534441686993,reference_p0,1.0,1.0,False,slsqp_maxQ_nol1,0.48716201015913013,8.674547585951764e-05,2,True,False
quality_linear,0.0,1e+19,power,131072,fixed_ref,reference_p0,1.6930221433704056,reference_p0,1.0,1.0,False,slsqp_maxQ_nol1,0.48716201015913013,0.0,21,True,False
quality_linear,0.0,1e+19,power,131072,mixture,lp_vertex_box,1.6929604461348704,reference_p0,1.0,1.0,False,slsqp_maxQ_nol1,0.48716201015913013,0.00010024771528582832,2,True,False
quality_linear,0.0,1e+22,exponential,2048,fixed_ref,reference_p0,1.690630005622433,reference_p0,1.0,1.0,False,slsqp_maxQ_nol1,0.48716201015913013,0.0,21,True,False
quality_linear,0.0,1e+22,exponential,2048,mixture,lp_vertex_box,1.6906284131378808,reference_p0,1.0,1.0,False,slsqp_maxQ_nol1,0.48716201015913013,2.201874021778849e-06,2,True,False
quality_linear,0.0,1e+22,exponential,4096,fixed_ref,reference_p0,1.690637236516379,reference_p0,1.0,1.0,False,slsqp_maxQ_nol1,0.48716201015913013,0.0,21,True,False
quality_linear,0.0,1e+22,exponential,4096,mixture,lp_vertex_box,1.690635686986963,reference_p0,1.0,1.0,False,slsqp_maxQ_nol1,0.48716201015913013,2.1428417111835074e-06,2,True,False
quality_linear,0.0,1e+22,exponential,8192,fixed_ref,reference_p0,1.690650647113936,reference_p0,1.0,1.0,False,slsqp_maxQ_nol1,0.48716201015913013,0.0,21,True,False
quality_linear,0.0,1e+22,exponential,8192,mixture,lp_vertex_box,1.6906491730391353,reference_p0,1.0,1.0,False,slsqp_maxQ_nol1,0.48716201015913013,2.0390894739374943e-06,2,True,False
quality_linear,0.0,1e+22,exponential,32768,fixed_ref,reference_p0,1.6907120322117328,reference_p0,1.0,1.0,False,slsqp_maxQ_nol1,0.48716201015913013,0.0,21,True,False
quality_linear,0.0,1e+22,exponential,32768,mixture,lp_vertex_box,1.6907108451281865,reference_p0,1.0,1.0,False,slsqp_maxQ_nol1,0.48716201015913013,1.643818677399267e-06,2,True,False
quality_linear,0.0,1e+22,exponential,131072,fixed_ref,reference_p0,1.690841381768011,reference_p0,1.0,1.0,False,slsqp_maxQ_nol1,0.48716201015913013,0.0,21,True,False
quality_linear,0.0,1e+22,exponential,131072,mixture,lp_vertex_box,1.6908405892385414,reference_p0,1.0,1.0,False,slsqp_maxQ_nol1,0.48716201015913013,1.0988689549407127e-06,2,True,False
quality_linear,0.0,1e+22,logarithmic,2048,fixed_ref,reference_p0,1.6906143089563717,reference_p0,1.0,1.0,False,slsqp_maxQ_nol1,0.48716201015913013,0.0,21,True,False
quality_linear,0.0,1e+22,logarithmic,2048,mixture,lp_vertex_box,1.6906092518779736,reference_p0,1.0,1.0,False,slsqp_maxQ_nol1,0.48716201015913013,7.986043479624172e-06,2,True,False
quality_linear,0.0,1e+22,logarithmic,4096,fixed_ref,reference_p0,1.6906211238650943,reference_p0,1.0,1.0,False,slsqp_maxQ_nol1,0.48716201015913013,0.0,21,True,False
quality_linear,0.0,1e+22,logarithmic,4096,mixture,lp_vertex_box,1.6906161470710956,reference_p0,1.0,1.0,False,slsqp_maxQ_nol1,0.48716201015913013,7.861083945792657e-06,2,True,False
quality_linear,0.0,1e+22,logarithmic,8192,fixed_ref,reference_p0,1.6906338137780765,reference_p0,1.0,1.0,False,slsqp_maxQ_nol1,0.48716201015913013,0.0,21,True,False
quality_linear,0.0,1e+22,logarithmic,8192,mixture,lp_vertex_box,1.6906289826330294,reference_p0,1.0,1.0,False,slsqp_maxQ_nol1,0.48716201015913013,7.634252718879964e-06,2,True,False
quality_linear,0.0,1e+22,logarithmic,32768,fixed_ref,reference_p0,1.6906926720466557,reference_p0,1.0,1.0,False,slsqp_maxQ_nol1,0.48716201015913013,0.0,21,True,False
quality_linear,0.0,1e+22,logarithmic,32768,mixture,lp_vertex_box,1.690688455132257,reference_p0,1.0,1.0,False,slsqp_maxQ_nol1,0.48716201015913013,6.675697334035391e-06,2,True,False
quality_linear,0.0,1e+22,logarithmic,131072,fixed_ref,reference_p0,1.6908200559118678,reference_p0,1.0,1.0,False,slsqp_maxQ_nol1,0.48716201015913013,0.0,21,True,False
quality_linear,0.0,1e+22,logarithmic,131072,mixture,lp_vertex_box,1.6908168769396492,reference_p0,1.0,1.0,False,slsqp_maxQ_nol1,0.48716201015913013,5.048191009437986e-06,2,True,False
quality_linear,0.0,1e+22,power,2048,fixed_ref,reference_p0,1.6906445121898166,reference_p0,1.0,1.0,False,slsqp_maxQ_nol1,0.48716201015913013,0.0,21,True,False
quality_linear,0.0,1e+22,power,2048,mixture,lp_vertex_box,1.6906411746090109,reference_p0,1.0,1.0,False,slsqp_maxQ_nol1,0.48716201015913013,4.5168860578481684e-06,2,True,False
quality_linear,0.0,1e+22,power,4096,fixed_ref,reference_p0,1.690651755841625,reference_p0,1.0,1.0,False,slsqp_maxQ_nol1,0.48716201015913013,0.0,21,True,False
quality_linear,0.0,1e+22,power,4096,mixture,lp_vertex_box,1.6906485253711125,reference_p0,1.0,1.0,False,slsqp_maxQ_nol1,0.48716201015913013,4.373839583848849e-06,2,True,False
quality_linear,0.0,1e+22,power,8192,fixed_ref,reference_p0,1.6906651687924776,reference_p0,1.0,1.0,False,slsqp_maxQ_nol1,0.48716201015913013,0.0,21,True,False
quality_linear,0.0,1e+22,power,8192,mixture,lp_vertex_box,1.690662124405369,reference_p0,1.0,1.0,False,slsqp_maxQ_nol1,0.48716201015913013,4.1249766864481785e-06,2,True,False
quality_linear,0.0,1e+22,power,32768,fixed_ref,reference_p0,1.6907262369081466,reference_p0,1.0,1.0,False,slsqp_maxQ_nol1,0.48716201015913013,0.0,21,True,False
quality_linear,0.0,1e+22,power,32768,mixture,lp_vertex_box,1.6907238769011668,reference_p0,1.0,1.0,False,slsqp_maxQ_nol1,0.48716201015913013,3.206036337299878e-06,2,True,False
quality_linear,0.0,1e+22,power,131072,fixed_ref,reference_p0,1.6908534107698188,reference_p0,1.0,1.0,False,slsqp_maxQ_nol1,0.48716201015913013,0.0,21,True,False
quality_linear,0.0,1e+22,power,131072,mixture,lp_vertex_box,1.6908519316637907,reference_p0,1.0,1.0,False,slsqp_maxQ_nol1,0.48716201015913013,2.015384775955198e-06,2,True,False
quality_linear,0.0,1e+24,exponential,2048,fixed_ref,reference_p0,1.6901895542554368,reference_p0,1.0,1.0,False,slsqp_maxQ_nol1,0.48716201015913013,0.0,21,True,False
quality_linear,0.0,1e+24,exponential,2048,mixture,lp_vertex_box,1.6901894592020188,reference_p0,1.0,1.0,False,slsqp_maxQ_nol1,0.48716201015913013,1.3197110093621234e-07,2,True,False
quality_linear,0.0,1e+24,exponential,4096,fixed_ref,reference_p0,1.69019310381402,reference_p0,1.0,1.0,False,slsqp_maxQ_nol1,0.48716201015913013,0.0,21,True,False
quality_linear,0.0,1e+24,exponential,4096,mixture,lp_vertex_box,1.69019301065694,reference_p0,1.0,1.0,False,slsqp_maxQ_nol1,0.48716201015913013,1.2933862025832354e-07,2,True,False
quality_linear,0.0,1e+24,exponential,8192,fixed_ref,reference_p0,1.6901997027163602,reference_p0,1.0,1.0,False,slsqp_maxQ_nol1,0.48716201015913013,0.0,21,True,False
quality_linear,0.0,1e+24,exponential,8192,mixture,lp_vertex_box,1.6901996129575645,reference_p0,1.0,1.0,False,slsqp_maxQ_nol1,0.48716201015913013,1.2462258558443295e-07,2,True,False
quality_linear,0.0,1e+24,exponential,32768,fixed_ref,reference_p0,1.6902301434301903,reference_p0,1.0,1.0,False,slsqp_maxQ_nol1,0.48716201015913013,0.0,21,True,False
quality_linear,0.0,1e+24,exponential,32768,mixture,lp_vertex_box,1.6902300674580648,reference_p0,1.0,1.0,False,slsqp_maxQ_nol1,0.48716201015913013,1.054883660422945e-07,2,True,False
quality_linear,0.0,1e+24,exponential,131072,fixed_ref,reference_p0,1.690295272708779,reference_p0,1.0,1.0,False,slsqp_maxQ_nol1,0.48716201015913013,0.0,21,True,False
quality_linear,0.0,1e+24,exponential,131072,mixture,lp_vertex_box,1.6902952181703508,reference_p0,1.0,1.0,False,slsqp_maxQ_nol1,0.48716201015913013,7.573495452994905e-08,2,True,False
quality_linear,0.0,1e+24,logarithmic,2048,fixed_ref,reference_p0,1.6901858472383677,reference_p0,1.0,1.0,False,slsqp_maxQ_nol1,0.48716201015913013,0.0,21,True,False
quality_linear,0.0,1e+24,logarithmic,2048,mixture,lp_vertex_box,1.6901854320586653,reference_p0,1.0,1.0,False,slsqp_maxQ_nol1,0.48716201015913013,6.624877206817814e-07,2,True,False
quality_linear,0.0,1e+24,logarithmic,4096,fixed_ref,reference_p0,1.6901894747076456,reference_p0,1.0,1.0,False,slsqp_maxQ_nol1,0.48716201015913013,0.0,21,True,False
quality_linear,0.0,1e+24,logarithmic,4096,mixture,lp_vertex_box,1.690189068813423,reference_p0,1.0,1.0,False,slsqp_maxQ_nol1,0.48716201015913013,6.477296616846928e-07,2,True,False
quality_linear,0.0,1e+24,logarithmic,8192,fixed_ref,reference_p0,1.6901962128521035,reference_p0,1.0,1.0,False,slsqp_maxQ_nol1,0.48716201015913013,0.0,21,True,False
quality_linear,0.0,1e+24,logarithmic,8192,mixture,lp_vertex_box,1.6901958234813657,reference_p0,1.0,1.0,False,slsqp_maxQ_nol1,0.48716201015913013,6.21458816629783e-07,2,True,False
quality_linear,0.0,1e+24,logarithmic,32768,fixed_ref,reference_p0,1.690227212285457,reference_p0,1.0,1.0,False,slsqp_maxQ_nol1,0.48716201015913013,0.0,21,True,False
quality_linear,0.0,1e+24,logarithmic,32768,mixture,lp_vertex_box,1.6902268883457383,reference_p0,1.0,1.0,False,slsqp_maxQ_nol1,0.48716201015913013,5.173422332749311e-07,2,True,False
quality_linear,0.0,1e+24,logarithmic,131072,fixed_ref,reference_p0,1.6902931917191775,reference_p0,1.0,1.0,False,slsqp_maxQ_nol1,0.48716201015913013,0.0,21,True,False
quality_linear,0.0,1e+24,logarithmic,131072,mixture,lp_vertex_box,1.6902929647966047,reference_p0,1.0,1.0,False,slsqp_maxQ_nol1,0.48716201015913013,3.627041023079869e-07,2,True,False
quality_linear,0.0,1e+24,power,2048,fixed_ref,reference_p0,1.69019091975347,reference_p0,1.0,1.0,False,slsqp_maxQ_nol1,0.48716201015913013,0.0,21,True,False
quality_linear,0.0,1e+24,power,2048,mixture,lp_vertex_box,1.6901907313132805,reference_p0,1.0,1.0,False,slsqp_maxQ_nol1,0.48716201015913013,2.5748894394439503e-07,2,True,False
quality_linear,0.0,1e+24,power,4096,fixed_ref,reference_p0,1.6901944426130686,reference_p0,1.0,1.0,False,slsqp_maxQ_nol1,0.48716201015913013,0.0,21,True,False
quality_linear,0.0,1e+24,power,4096,mixture,lp_vertex_box,1.6901942578001616,reference_p0,1.0,1.0,False,slsqp_maxQ_nol1,0.48716201015913013,2.5253854452067515e-07,2,True,False
quality_linear,0.0,1e+24,power,8192,fixed_ref,reference_p0,1.690200993584019,reference_p0,1.0,1.0,False,slsqp_maxQ_nol1,0.48716201015913013,0.0,21,True,False
quality_linear,0.0,1e+24,power,8192,mixture,lp_vertex_box,1.6902008152886887,reference_p0,1.0,1.0,False,slsqp_maxQ_nol1,0.48716201015913013,2.436405215355819e-07,2,True,False
quality_linear,0.0,1e+24,power,32768,fixed_ref,reference_p0,1.6902312391304197,reference_p0,1.0,1.0,False,slsqp_maxQ_nol1,0.48716201015913013,0.0,21,True,False
quality_linear,0.0,1e+24,power,32768,mixture,lp_vertex_box,1.6902310874516029,reference_p0,1.0,1.0,False,slsqp_maxQ_nol1,0.48716201015913013,2.072954592424736e-07,2,True,False
quality_linear,0.0,1e+24,power,131072,fixed_ref,reference_p0,1.6902960626506316,reference_p0,1.0,1.0,False,slsqp_maxQ_nol1,0.48716201015913013,0.0,21,True,False
quality_linear,0.0,1e+24,power,131072,mixture,lp_vertex_box,1.6902959529275476,reference_p0,1.0,1.0,False,slsqp_maxQ_nol1,0.48716201015913013,1.499851183250911e-07,2,True,False
quality_linear,0.5,1e+19,exponential,2048,fixed_ref,lp_vertex_box,1.6904660617714589,slsqp_maxQ_nol1,3788.5078766638603,0.01150969362383875,True,slsqp_maxQ_nol1,0.48716201015913013,0.004325764076676508,2,True,True
quality_linear,0.5,1e+19,exponential,2048,mixture,lp_vertex_box,1.6904653806936398,slsqp_maxQ_nol1,3788.5078766638603,0.01150969362383875,True,slsqp_maxQ_nol1,0.48716201015913013,0.004386152529342491,2,True,True
quality_linear,0.5,1e+19,exponential,4096,fixed_ref,lp_vertex_box,1.6904718997436285,slsqp_maxQ_nol1,3788.5078766638603,0.01150969362383875,True,slsqp_maxQ_nol1,0.48716201015913013,0.004367643232104479,2,True,True
quality_linear,0.5,1e+19,exponential,4096,mixture,lp_vertex_box,1.690471236512203,slsqp_maxQ_nol1,3788.5078766638603,0.01150969362383875,True,slsqp_maxQ_nol1,0.48716201015913013,0.004428584304672745,2,True,True
quality_linear,0.5,1e+19,exponential,8192,fixed_ref,lp_vertex_box,1.6904827291366344,slsqp_maxQ_nol1,3788.5078766638603,0.01150969362383875,True,slsqp_maxQ_nol1,0.48716201015913013,0.004445387668174039,2,True,True
quality_linear,0.5,1e+19,exponential,8192,mixture,lp_vertex_box,1.690482097337757,slsqp_maxQ_nol1,3788.5078766638603,0.01150969362383875,True,slsqp_maxQ_nol1,0.48716201015913013,0.0045073562205071305,2,True,True
quality_linear,0.5,1e+19,exponential,32768,fixed_ref,lp_vertex_box,1.6905323289944394,slsqp_maxQ_nol1,3788.5078766638603,0.01150969362383875,True,slsqp_maxQ_nol1,0.48716201015913013,0.004802377933157631,2,True,True
quality_linear,0.5,1e+19,exponential,32768,mixture,lp_vertex_box,1.6905318176943076,slsqp_maxQ_nol1,3788.5078766638603,0.01150969362383875,True,slsqp_maxQ_nol1,0.48716201015913013,0.004869086852193671,2,True,True
quality_linear,0.5,1e+19,exponential,131072,fixed_ref,lp_vertex_box,1.6906369537732457,slsqp_maxQ_nol1,3788.5078766638603,0.01150969362383875,True,slsqp_maxQ_nol1,0.48716201015913013,0.00555962837583901,2,True,True
quality_linear,0.5,1e+19,exponential,131072,mixture,lp_vertex_box,1.6906366103617363,slsqp_maxQ_nol1,3788.5078766638603,0.01150969362383875,True,slsqp_maxQ_nol1,0.48716201015913013,0.005636473292256472,2,True,True
quality_linear,0.5,1e+19,logarithmic,2048,fixed_ref,lp_vertex_box,1.6904518007064524,slsqp_maxQ_nol1,3788.5078766638603,0.01150969362383875,True,slsqp_maxQ_nol1,0.48716201015913013,0.004340025141682968,2,True,True
quality_linear,0.5,1e+19,logarithmic,2048,mixture,lp_vertex_box,1.6904492333154477,slsqp_maxQ_nol1,3788.5078766638603,0.01150969362383875,True,slsqp_maxQ_nol1,0.48716201015913013,0.004402299907534601,2,True,True
quality_linear,0.5,1e+19,logarithmic,4096,fixed_ref,lp_vertex_box,1.6904575468496545,slsqp_maxQ_nol1,3788.5078766638603,0.01150969362383875,True,slsqp_maxQ_nol1,0.48716201015913013,0.00438199612607848,2,True,True
quality_linear,0.5,1e+19,logarithmic,4096,mixture,lp_vertex_box,1.6904550266531355,slsqp_maxQ_nol1,3788.5078766638603,0.01150969362383875,True,slsqp_maxQ_nol1,0.48716201015913013,0.004444794163740218,2,True,True
quality_linear,0.5,1e+19,logarithmic,8192,fixed_ref,lp_vertex_box,1.6904682366706087,slsqp_maxQ_nol1,3788.5078766638603,0.01150969362383875,True,slsqp_maxQ_nol1,0.48716201015913013,0.004459880134199734,2,True,True
quality_linear,0.5,1e+19,logarithmic,8192,mixture,lp_vertex_box,1.6904658014942715,slsqp_maxQ_nol1,3788.5078766638603,0.01150969362383875,True,slsqp_maxQ_nol1,0.48716201015913013,0.004523652063992634,2,True,True
quality_linear,0.5,1e+19,logarithmic,32768,fixed_ref,lp_vertex_box,1.6905176608867507,slsqp_maxQ_nol1,3788.5078766638603,0.01150969362383875,True,slsqp_maxQ_nol1,0.48716201015913013,0.004817046040846318,2,True,True
quality_linear,0.5,1e+19,logarithmic,32768,mixture,lp_vertex_box,1.6905155758558827,slsqp_maxQ_nol1,3788.5078766638603,0.01150969362383875,True,slsqp_maxQ_nol1,0.48716201015913013,0.004885328690618529,2,True,True
quality_linear,0.5,1e+19,logarithmic,131072,fixed_ref,lp_vertex_box,1.6906238975654793,slsqp_maxQ_nol1,3788.5078766638603,0.01150969362383875,True,slsqp_maxQ_nol1,0.48716201015913013,0.005572684583605492,2,True,True
quality_linear,0.5,1e+19,logarithmic,131072,mixture,lp_vertex_box,1.690622374246625,slsqp_maxQ_nol1,3788.5078766638603,0.01150969362383875,True,slsqp_maxQ_nol1,0.48716201015913013,0.005650709407367671,2,True,True
quality_linear,0.5,1e+19,power,2048,fixed_ref,lp_vertex_box,1.6904753558488992,slsqp_maxQ_nol1,3788.5078766638603,0.01150969362383875,True,slsqp_maxQ_nol1,0.48716201015913013,0.004316469999236183,2,True,True
quality_linear,0.5,1e+19,power,2048,mixture,lp_vertex_box,1.6904740412790147,slsqp_maxQ_nol1,3788.5078766638603,0.01150969362383875,True,slsqp_maxQ_nol1,0.48716201015913013,0.004377491943967637,2,True,True
quality_linear,0.5,1e+19,power,4096,fixed_ref,lp_vertex_box,1.6904810976464624,slsqp_maxQ_nol1,3788.5078766638603,0.01150969362383875,True,slsqp_maxQ_nol1,0.48716201015913013,0.004358445329270655,2,True,True
quality_linear,0.5,1e+19,power,4096,mixture,lp_vertex_box,1.6904798228208318,slsqp_maxQ_nol1,3788.5078766638603,0.01150969362383875,True,slsqp_maxQ_nol1,0.48716201015913013,0.004419997996043978,2,True,True
quality_linear,0.5,1e+19,power,8192,fixed_ref,lp_vertex_box,1.6904917340903851,slsqp_maxQ_nol1,3788.5078766638603,0.01150969362383875,True,slsqp_maxQ_nol1,0.48716201015913013,0.00443638271442337,2,True,True
quality_linear,0.5,1e+19,power,8192,mixture,lp_vertex_box,1.690490528751005,slsqp_maxQ_nol1,3788.5078766638603,0.01150969362383875,True,slsqp_maxQ_nol1,0.48716201015913013,0.004498924807259108,2,True,True
quality_linear,0.5,1e+19,power,32768,fixed_ref,lp_vertex_box,1.6905402218210208,slsqp_maxQ_nol1,3788.5078766638603,0.01150969362383875,True,slsqp_maxQ_nol1,0.48716201015913013,0.004794485106576207,2,True,True
quality_linear,0.5,1e+19,power,32768,mixture,lp_vertex_box,1.6905392766945795,slsqp_maxQ_nol1,3788.5078766638603,0.01150969362383875,True,slsqp_maxQ_nol1,0.48716201015913013,0.00486162785192179,2,True,True
quality_linear,0.5,1e+19,power,131072,fixed_ref,lp_vertex_box,1.6906418258163247,slsqp_maxQ_nol1,3788.5078766638603,0.01150969362383875,True,slsqp_maxQ_nol1,0.48716201015913013,0.005554756332760036,2,True,True
quality_linear,0.5,1e+19,power,131072,mixture,lp_vertex_box,1.6906411785999547,slsqp_maxQ_nol1,3788.5078766638603,0.01150969362383875,True,slsqp_maxQ_nol1,0.48716201015913013,0.0056319050540381,2,True,True
quality_linear,0.5,1e+22,exponential,2048,fixed_ref,lp_vertex_box,1.6900191074242379,slsqp_maxQ_nol1,3788.5078766638603,0.01150969362383875,True,slsqp_maxQ_nol1,0.48716201015913013,0.0015074576826257235,2,True,True
quality_linear,0.5,1e+22,exponential,2048,mixture,lp_vertex_box,1.6900190955767176,slsqp_maxQ_nol1,3788.5078766638603,0.01150969362383875,True,slsqp_maxQ_nol1,0.48716201015913013,0.001520764465038793,2,True,True
quality_linear,0.5,1e+22,exponential,4096,fixed_ref,lp_vertex_box,1.6900211997775065,slsqp_maxQ_nol1,3788.5078766638603,0.01150969362383875,True,slsqp_maxQ_nol1,0.48716201015913013,0.0015214259315015077,2,True,True
quality_linear,0.5,1e+22,exponential,4096,mixture,lp_vertex_box,1.6900211882035823,slsqp_maxQ_nol1,3788.5078766638603,0.01150969362383875,True,slsqp_maxQ_nol1,0.48716201015913013,0.001534155003088511,2,True,True
quality_linear,0.5,1e+22,exponential,8192,fixed_ref,lp_vertex_box,1.6900250851159764,slsqp_maxQ_nol1,3788.5078766638603,0.01150969362383875,True,slsqp_maxQ_nol1,0.48716201015913013,0.0015470864187028255,2,True,True
quality_linear,0.5,1e+22,exponential,8192,mixture,lp_vertex_box,1.6900250740289435,slsqp_maxQ_nol1,3788.5078766638603,0.01150969362383875,True,slsqp_maxQ_nol1,0.48716201015913013,0.0015588681830809303,2,True,True
quality_linear,0.5,1e+22,exponential,32768,fixed_ref,lp_vertex_box,1.6900429413743945,slsqp_maxQ_nol1,3788.5078766638603,0.01150969362383875,True,slsqp_maxQ_nol1,0.48716201015913013,0.0016617220960195578,2,True,True
quality_linear,0.5,1e+22,exponential,32768,mixture,lp_vertex_box,1.690042932198475,slsqp_maxQ_nol1,3788.5078766638603,0.01150969362383875,True,slsqp_maxQ_nol1,0.48716201015913013,0.0016704528122297724,2,True,True
quality_linear,0.5,1e+22,exponential,131072,fixed_ref,lp_vertex_box,1.6900808732449706,slsqp_maxQ_nol1,3788.5078766638603,0.01150969362383875,True,slsqp_maxQ_nol1,0.48716201015913013,0.0018953593708463945,2,True,True
quality_linear,0.5,1e+22,exponential,131072,mixture,lp_vertex_box,1.6900808668638823,slsqp_maxQ_nol1,3788.5078766638603,0.01150969362383875,True,slsqp_maxQ_nol1,0.48716201015913013,0.0019007424942136808,2,True,True
quality_linear,0.5,1e+22,logarithmic,2048,fixed_ref,lp_vertex_box,1.6900186597680638,slsqp_maxQ_nol1,3788.5078766638603,0.01150969362383875,True,slsqp_maxQ_nol1,0.48716201015913013,0.0015085225075488484,2,True,True
quality_linear,0.5,1e+22,logarithmic,2048,mixture,lp_vertex_box,1.6900186115140452,slsqp_maxQ_nol1,3788.5078766638603,0.01150969362383875,True,slsqp_maxQ_nol1,0.48716201015913013,0.0015292486905231772,2,True,True
quality_linear,0.5,1e+22,logarithmic,4096,fixed_ref,lp_vertex_box,1.6900207626109691,slsqp_maxQ_nol1,3788.5078766638603,0.01150969362383875,True,slsqp_maxQ_nol1,0.48716201015913013,0.0015229451190168497,2,True,True
quality_linear,0.5,1e+22,logarithmic,4096,mixture,lp_vertex_box,1.6900207155049525,slsqp_maxQ_nol1,3788.5078766638603,0.01150969362383875,True,slsqp_maxQ_nol1,0.48716201015913013,0.0015438677205377171,2,True,True
quality_linear,0.5,1e+22,logarithmic,8192,fixed_ref,lp_vertex_box,1.6900246665548824,slsqp_maxQ_nol1,3788.5078766638603,0.01150969362383875,True,slsqp_maxQ_nol1,0.48716201015913013,0.0015497161694417727,2,True,True
quality_linear,0.5,1e+22,logarithmic,8192,mixture,lp_vertex_box,1.690024621481783,slsqp_maxQ_nol1,3788.5078766638603,0.01150969362383875,True,slsqp_maxQ_nol1,0.48716201015913013,0.0015710034666622796,2,True,True
quality_linear,0.5,1e+22,logarithmic,32768,fixed_ref,lp_vertex_box,1.6900425956898957,slsqp_maxQ_nol1,3788.5078766638603,0.01150969362383875,True,slsqp_maxQ_nol1,0.48716201015913013,0.001672597828165756,2,True,True
quality_linear,0.5,1e+22,logarithmic,32768,mixture,lp_vertex_box,1.6900425585523264,slsqp_maxQ_nol1,3788.5078766638603,0.01150969362383875,True,slsqp_maxQ_nol1,0.48716201015913013,0.0016955606077233565,2,True,True
quality_linear,0.5,1e+22,logarithmic,131072,fixed_ref,lp_vertex_box,1.6900806334605543,slsqp_maxQ_nol1,3788.5078766638603,0.01150969362383875,True,slsqp_maxQ_nol1,0.48716201015913013,0.0019200593248753783,2,True,True
quality_linear,0.5,1e+22,logarithmic,131072,mixture,lp_vertex_box,1.6900806077804604,slsqp_maxQ_nol1,3788.5078766638603,0.01150969362383875,True,slsqp_maxQ_nol1,0.48716201015913013,0.001935687060695468,2,True,True
quality_linear,0.5,1e+22,power,2048,fixed_ref,lp_vertex_box,1.6900192797081703,slsqp_maxQ_nol1,3788.5078766638603,0.01150969362383875,True,slsqp_maxQ_nol1,0.48716201015913013,0.0015079025674422653,2,True,True
quality_linear,0.5,1e+22,power,2048,mixture,lp_vertex_box,1.6900192557022398,slsqp_maxQ_nol1,3788.5078766638603,0.01150969362383875,True,slsqp_maxQ_nol1,0.48716201015913013,0.0015286045023286121,2,True,True
quality_linear,0.5,1e+22,power,4096,fixed_ref,lp_vertex_box,1.6900213680963616,slsqp_maxQ_nol1,3788.5078766638603,0.01150969362383875,True,slsqp_maxQ_nol1,0.48716201015913013,0.0015223396336243589,2,True,True
quality_linear,0.5,1e+22,power,4096,mixture,lp_vertex_box,1.6900213446406211,slsqp_maxQ_nol1,3788.5078766638603,0.01150969362383875,True,slsqp_maxQ_nol1,0.48716201015913013,0.0015432385848690444,2,True,True
quality_linear,0.5,1e+22,power,8192,fixed_ref,lp_vertex_box,1.69002524639452,slsqp_maxQ_nol1,3788.5078766638603,0.01150969362383875,True,slsqp_maxQ_nol1,0.48716201015913013,0.001549136329804135,2,True,True
quality_linear,0.5,1e+22,power,8192,mixture,lp_vertex_box,1.6900252239166635,slsqp_maxQ_nol1,3788.5078766638603,0.01150969362383875,True,slsqp_maxQ_nol1,0.48716201015913013,0.001570401031781632,2,True,True
quality_linear,0.5,1e+22,power,32768,fixed_ref,lp_vertex_box,1.6900430749553497,slsqp_maxQ_nol1,3788.5078766638603,0.01150969362383875,True,slsqp_maxQ_nol1,0.48716201015913013,0.0016721185627117663,2,True,True
quality_linear,0.5,1e+22,power,32768,mixture,lp_vertex_box,1.6900430563251028,slsqp_maxQ_nol1,3788.5078766638603,0.01150969362383875,True,slsqp_maxQ_nol1,0.48716201015913013,0.0016940797859756884,2,True,True
quality_linear,0.5,1e+22,power,131072,fixed_ref,lp_vertex_box,1.6900809662581877,slsqp_maxQ_nol1,3788.5078766638603,0.01150969362383875,True,slsqp_maxQ_nol1,0.48716201015913013,0.0019277278465135161,2,True,True
quality_linear,0.5,1e+22,power,131072,mixture,lp_vertex_box,1.690080953273798,slsqp_maxQ_nol1,3788.5078766638603,0.01150969362383875,True,slsqp_maxQ_nol1,0.48716201015913013,0.0019403328955724941,2,True,True
quality_linear,0.5,1e+24,exponential,2048,fixed_ref,lp_vertex_box,1.6899065032290321,slsqp_maxQ_nol1,3788.5078766638603,0.01150969362383875,True,slsqp_maxQ_nol1,0.48716201015913013,0.0007044206788677787,2,True,True
quality_linear,0.5,1e+24,exponential,2048,mixture,lp_vertex_box,1.6899065024774946,slsqp_maxQ_nol1,3788.5078766638603,0.01150969362383875,True,slsqp_maxQ_nol1,0.48716201015913013,0.0007049787700383892,2,True,True
quality_linear,0.5,1e+24,exponential,4096,fixed_ref,lp_vertex_box,1.689907542541372,slsqp_maxQ_nol1,3788.5078766638603,0.01150969362383875,True,slsqp_maxQ_nol1,0.48716201015913013,0.0007104498347247912,2,True,True
quality_linear,0.5,1e+24,exponential,4096,mixture,lp_vertex_box,1.6899075418078062,slsqp_maxQ_nol1,3788.5078766638603,0.01150969362383875,True,slsqp_maxQ_nol1,0.48716201015913013,0.0007109932426021537,2,True,True
quality_linear,0.5,1e+24,exponential,8192,fixed_ref,lp_vertex_box,1.68990947183738,slsqp_maxQ_nol1,3788.5078766638603,0.01150969362383875,True,slsqp_maxQ_nol1,0.48716201015913013,0.0007216302704164956,2,True,True
quality_linear,0.5,1e+24,exponential,8192,mixture,lp_vertex_box,1.6899094711356992,slsqp_maxQ_nol1,3788.5078766638603,0.01150969362383875,True,slsqp_maxQ_nol1,0.48716201015913013,0.0007221478247487756,2,True,True
quality_linear,0.5,1e+24,exponential,32768,fixed_ref,lp_vertex_box,1.689918329464782,slsqp_maxQ_nol1,3788.5078766638603,0.01150969362383875,True,slsqp_maxQ_nol1,0.48716201015913013,0.0007727856841730496,2,True,True
quality_linear,0.5,1e+24,exponential,32768,mixture,lp_vertex_box,1.6899183288877104,slsqp_maxQ_nol1,3788.5078766638603,0.01150969362383875,True,slsqp_maxQ_nol1,0.48716201015913013,0.0007732042459713817,2,True,True
quality_linear,0.5,1e+24,exponential,131072,fixed_ref,lp_vertex_box,1.689937110763499,slsqp_maxQ_nol1,3788.5078766638603,0.01150969362383875,True,slsqp_maxQ_nol1,0.48716201015913013,0.0008804812530338602,2,True,True
quality_linear,0.5,1e+24,exponential,131072,mixture,lp_vertex_box,1.6899371103653174,slsqp_maxQ_nol1,3788.5078766638603,0.01150969362383875,True,slsqp_maxQ_nol1,0.48716201015913013,0.0008807621470123816,2,True,True
quality_linear,0.5,1e+24,logarithmic,2048,fixed_ref,lp_vertex_box,1.6899064750680728,slsqp_maxQ_nol1,3788.5078766638603,0.01150969362383875,True,slsqp_maxQ_nol1,0.48716201015913013,0.0006886229439468927,2,True,True
quality_linear,0.5,1e+24,logarithmic,2048,mixture,lp_vertex_box,1.6899064720620045,slsqp_maxQ_nol1,3788.5078766638603,0.01150969362383875,True,slsqp_maxQ_nol1,0.48716201015913013,0.0006913618265913524,2,True,True
quality_linear,0.5,1e+24,logarithmic,4096,fixed_ref,lp_vertex_box,1.689907515058437,slsqp_maxQ_nol1,3788.5078766638603,0.01150969362383875,True,slsqp_maxQ_nol1,0.48716201015913013,0.0006942800040992125,2,True,True
quality_linear,0.5,1e+24,logarithmic,4096,mixture,lp_vertex_box,1.6899075121247107,slsqp_maxQ_nol1,3788.5078766638603,0.01150969362383875,True,slsqp_maxQ_nol1,0.48716201015913013,0.0006969763044617494,2,True,True
quality_linear,0.5,1e+24,logarithmic,8192,fixed_ref,lp_vertex_box,1.689909445553894,slsqp_maxQ_nol1,3788.5078766638603,0.01150969362383875,True,slsqp_maxQ_nol1,0.48716201015913013,0.0007048186688485281,2,True,True
quality_linear,0.5,1e+24,logarithmic,8192,mixture,lp_vertex_box,1.6899094427487624,slsqp_maxQ_nol1,3788.5078766638603,0.01150969362383875,True,slsqp_maxQ_nol1,0.48716201015913013,0.0007074376543467764,2,True,True
quality_linear,0.5,1e+24,logarithmic,32768,fixed_ref,lp_vertex_box,1.6899183078507412,slsqp_maxQ_nol1,3788.5078766638603,0.01150969362383875,True,slsqp_maxQ_nol1,0.48716201015913013,0.0007537701354229931,2,True,True
quality_linear,0.5,1e+24,logarithmic,32768,mixture,lp_vertex_box,1.6899183055444895,slsqp_maxQ_nol1,3788.5078766638603,0.01150969362383875,True,slsqp_maxQ_nol1,0.48716201015913013,0.0007560620855895372,2,True,True
quality_linear,0.5,1e+24,logarithmic,131072,fixed_ref,lp_vertex_box,1.6899370958547741,slsqp_maxQ_nol1,3788.5078766638603,0.01150969362383875,True,slsqp_maxQ_nol1,0.48716201015913013,0.0008600067213038187,2,True,True
quality_linear,0.5,1e+24,logarithmic,131072,mixture,lp_vertex_box,1.689937094264571,slsqp_maxQ_nol1,3788.5078766638603,0.01150969362383875,True,slsqp_maxQ_nol1,0.48716201015913013,0.0008617422031242938,2,True,True
quality_linear,0.5,1e+24,power,2048,fixed_ref,lp_vertex_box,1.6899065141973113,slsqp_maxQ_nol1,3788.5078766638603,0.01150969362383875,True,slsqp_maxQ_nol1,0.48716201015913013,0.000718373104357628,2,True,True
quality_linear,0.5,1e+24,power,2048,mixture,lp_vertex_box,1.6899065126646018,slsqp_maxQ_nol1,3788.5078766638603,0.01150969362383875,True,slsqp_maxQ_nol1,0.48716201015913013,0.0007194448026277556,2,True,True
quality_linear,0.5,1e+24,power,4096,fixed_ref,lp_vertex_box,1.689907553246404,slsqp_maxQ_nol1,3788.5078766638603,0.01150969362383875,True,slsqp_maxQ_nol1,0.48716201015913013,0.0007244002221955537,2,True,True
quality_linear,0.5,1e+24,power,4096,mixture,lp_vertex_box,1.6899075517505653,slsqp_maxQ_nol1,3788.5078766638603,0.01150969362383875,True,slsqp_maxQ_nol1,0.48716201015913013,0.000725439422035512,2,True,True
quality_linear,0.5,1e+24,power,8192,fixed_ref,lp_vertex_box,1.689909482075752,slsqp_maxQ_nol1,3788.5078766638603,0.01150969362383875,True,slsqp_maxQ_nol1,0.48716201015913013,0.0007355565017106436,2,True,True
quality_linear,0.5,1e+24,power,8192,mixture,lp_vertex_box,1.6899094806451678,slsqp_maxQ_nol1,3788.5078766638603,0.01150969362383875,True,slsqp_maxQ_nol1,0.48716201015913013,0.0007365388995541622,2,True,True
quality_linear,0.5,1e+24,power,32768,fixed_ref,lp_vertex_box,1.6899183378877747,slsqp_maxQ_nol1,3788.5078766638603,0.01150969362383875,True,slsqp_maxQ_nol1,0.48716201015913013,0.0007862870586636816,2,True,True
quality_linear,0.5,1e+24,power,32768,mixture,lp_vertex_box,1.6899183367107127,slsqp_maxQ_nol1,3788.5078766638603,0.01150969362383875,True,slsqp_maxQ_nol1,0.48716201015913013,0.0007870569371659641,2,True,True
quality_linear,0.5,1e+24,power,131072,fixed_ref,lp_vertex_box,1.689937116576668,slsqp_maxQ_nol1,3788.5078766638603,0.01150969362383875,True,slsqp_maxQ_nol1,0.48716201015913013,0.0008916342011942024,2,True,True
quality_linear,0.5,1e+24,power,131072,mixture,lp_vertex_box,1.6899371157641,slsqp_maxQ_nol1,3788.5078766638603,0.01150969362383875,True,slsqp_maxQ_nol1,0.48716201015913013,0.0008921227767626494,2,True,True
quality_linear,1.0,1e+19,exponential,2048,fixed_ref,lp_vertex_box,1.6899778717652205,slsqp_maxQ_nol1,14352791.93154411,0.0001324730473146344,True,slsqp_maxQ_nol1,0.48716201015913013,0.009730557090636971,2,True,True
quality_linear,1.0,1e+19,exponential,2048,mixture,lp_vertex_box,1.6899778663950051,slsqp_maxQ_nol1,14352791.93154411,0.0001324730473146344,True,slsqp_maxQ_nol1,0.48716201015913013,0.009849048762388568,2,True,True
quality_linear,1.0,1e+19,exponential,4096,fixed_ref,lp_vertex_box,1.689979583461657,slsqp_maxQ_nol1,14352791.93154411,0.0001324730473146344,True,slsqp_maxQ_nol1,0.48716201015913013,0.009823537659854109,2,True,True
quality_linear,1.0,1e+19,exponential,4096,mixture,lp_vertex_box,1.6899795782184137,slsqp_maxQ_nol1,14352791.93154411,0.0001324730473146344,True,slsqp_maxQ_nol1,0.48716201015913013,0.00994316126535244,2,True,True
quality_linear,1.0,1e+19,exponential,8192,fixed_ref,lp_vertex_box,1.6899827614325644,slsqp_maxQ_nol1,14352791.93154411,0.0001324730473146344,True,slsqp_maxQ_nol1,0.48716201015913013,0.009996130023833372,2,True,True
quality_linear,1.0,1e+19,exponential,8192,mixture,lp_vertex_box,1.6899827564135899,slsqp_maxQ_nol1,14352791.93154411,0.0001324730473146344,True,slsqp_maxQ_nol1,0.48716201015913013,0.01011785479986238,2,True,True
quality_linear,1.0,1e+19,exponential,32768,fixed_ref,lp_vertex_box,1.6899973592658633,slsqp_maxQ_nol1,14352791.93154411,0.0001324730473146344,True,slsqp_maxQ_nol1,0.48716201015913013,0.010788390021257976,2,True,True
quality_linear,1.0,1e+19,exponential,32768,mixture,lp_vertex_box,1.6899973551251453,slsqp_maxQ_nol1,14352791.93154411,0.0001324730473146344,True,slsqp_maxQ_nol1,0.48716201015913013,0.010919760034653336,2,True,True
quality_linear,1.0,1e+19,exponential,131072,fixed_ref,lp_vertex_box,1.690028340183805,slsqp_maxQ_nol1,14352791.93154411,0.0001324730473146344,True,slsqp_maxQ_nol1,0.48716201015913013,0.012467757537300894,2,True,True
quality_linear,1.0,1e+19,exponential,131072,mixture,lp_vertex_box,1.6900283373154377,slsqp_maxQ_nol1,14352791.93154411,0.0001324730473146344,True,slsqp_maxQ_nol1,0.48716201015913013,0.012619573834754094,2,True,True
quality_linear,1.0,1e+19,logarithmic,2048,fixed_ref,lp_vertex_box,1.6899776697292446,slsqp_maxQ_nol1,14352791.93154411,0.0001324730473146344,True,slsqp_maxQ_nol1,0.48716201015913013,0.00973075912661292,2,True,True
quality_linear,1.0,1e+19,logarithmic,2048,mixture,lp_vertex_box,1.689977648058215,slsqp_maxQ_nol1,14352791.93154411,0.0001324730473146344,True,slsqp_maxQ_nol1,0.48716201015913013,0.009849267099178771,2,True,True
quality_linear,1.0,1e+19,logarithmic,4096,fixed_ref,lp_vertex_box,1.6899793862254853,slsqp_maxQ_nol1,14352791.93154411,0.0001324730473146344,True,slsqp_maxQ_nol1,0.48716201015913013,0.009823734896025949,2,True,True
quality_linear,1.0,1e+19,logarithmic,4096,mixture,lp_vertex_box,1.6899793650737112,slsqp_maxQ_nol1,14352791.93154411,0.0001324730473146344,True,slsqp_maxQ_nol1,0.48716201015913013,0.009943374410054995,2,True,True
quality_linear,1.0,1e+19,logarithmic,8192,fixed_ref,lp_vertex_box,1.6899825726995028,slsqp_maxQ_nol1,14352791.93154411,0.0001324730473146344,True,slsqp_maxQ_nol1,0.48716201015913013,0.009996318756894995,2,True,True
quality_linear,1.0,1e+19,logarithmic,8192,mixture,lp_vertex_box,1.6899825524669545,slsqp_maxQ_nol1,14352791.93154411,0.0001324730473146344,True,slsqp_maxQ_nol1,0.48716201015913013,0.010118058746497738,2,True,True
quality_linear,1.0,1e+19,logarithmic,32768,fixed_ref,lp_vertex_box,1.689997203732915,slsqp_maxQ_nol1,14352791.93154411,0.0001324730473146344,True,slsqp_maxQ_nol1,0.48716201015913013,0.010788545554206275,2,True,True
quality_linear,1.0,1e+19,logarithmic,32768,mixture,lp_vertex_box,1.6899971870814727,slsqp_maxQ_nol1,14352791.93154411,0.0001324730473146344,True,slsqp_maxQ_nol1,0.48716201015913013,0.010919928078325869,2,True,True
quality_linear,1.0,1e+19,logarithmic,131072,fixed_ref,lp_vertex_box,1.6900282326062777,slsqp_maxQ_nol1,14352791.93154411,0.0001324730473146344,True,slsqp_maxQ_nol1,0.48716201015913013,0.012467865114828225,2,True,True
quality_linear,1.0,1e+19,logarithmic,131072,mixture,lp_vertex_box,1.6900282211092144,slsqp_maxQ_nol1,14352791.93154411,0.0001324730473146344,True,slsqp_maxQ_nol1,0.48716201015913013,0.012619690040977405,2,True,True
quality_linear,1.0,1e+19,power,2048,fixed_ref,lp_vertex_box,1.6899779499890641,slsqp_maxQ_nol1,14352791.93154411,0.0001324730473146344,True,slsqp_maxQ_nol1,0.48716201015913013,0.009730478866793346,2,True,True
quality_linear,1.0,1e+19,power,2048,mixture,lp_vertex_box,1.6899779390742167,slsqp_maxQ_nol1,14352791.93154411,0.0001324730473146344,True,slsqp_maxQ_nol1,0.48716201015913013,0.00984897608317703,2,True,True
quality_linear,1.0,1e+19,power,4096,fixed_ref,lp_vertex_box,1.6899796598468881,slsqp_maxQ_nol1,14352791.93154411,0.0001324730473146344,True,slsqp_maxQ_nol1,0.48716201015913013,0.00982346127462308,2,True,True
quality_linear,1.0,1e+19,power,4096,mixture,lp_vertex_box,1.689979649187794,slsqp_maxQ_nol1,14352791.93154411,0.0001324730473146344,True,slsqp_maxQ_nol1,0.48716201015913013,0.009943090295972068,2,True,True
quality_linear,1.0,1e+19,power,8192,fixed_ref,lp_vertex_box,1.6899828345563745,slsqp_maxQ_nol1,14352791.93154411,0.0001324730473146344,True,slsqp_maxQ_nol1,0.48716201015913013,0.009996056900023254,2,True,True
quality_linear,1.0,1e+19,power,8192,mixture,lp_vertex_box,1.6899828243517507,slsqp_maxQ_nol1,14352791.93154411,0.0001324730473146344,True,slsqp_maxQ_nol1,0.48716201015913013,0.010117786861701505,2,True,True
quality_linear,1.0,1e+19,power,32768,fixed_ref,lp_vertex_box,1.6899974196258432,slsqp_maxQ_nol1,14352791.93154411,0.0001324730473146344,True,slsqp_maxQ_nol1,0.48716201015913013,0.010788329661278073,2,True,True
quality_linear,1.0,1e+19,power,32768,mixture,lp_vertex_box,1.6899974111988414,slsqp_maxQ_nol1,14352791.93154411,0.0001324730473146344,True,slsqp_maxQ_nol1,0.48716201015913013,0.010919703960957206,2,True,True
quality_linear,1.0,1e+19,power,131072,fixed_ref,lp_vertex_box,1.6900283820229747,slsqp_maxQ_nol1,14352791.93154411,0.0001324730473146344,True,slsqp_maxQ_nol1,0.48716201015913013,0.01246771569813121,2,True,True
quality_linear,1.0,1e+19,power,131072,mixture,lp_vertex_box,1.6900283761793664,slsqp_maxQ_nol1,14352791.93154411,0.0001324730473146344,True,slsqp_maxQ_nol1,0.48716201015913013,0.012619534970825352,2,True,True
quality_linear,1.0,1e+22,exponential,2048,fixed_ref,lp_vertex_box,1.6898598983809925,slsqp_maxQ_nol1,14352791.93154411,0.0001324730473146344,True,slsqp_maxQ_nol1,0.48716201015913013,0.003370007963600097,2,True,True
quality_linear,1.0,1e+22,exponential,2048,mixture,lp_vertex_box,1.689859898297348,slsqp_maxQ_nol1,14352791.93154411,0.0001324730473146344,True,slsqp_maxQ_nol1,0.48716201015913013,0.0034110423769269094,2,True,True
quality_linear,1.0,1e+22,exponential,4096,fixed_ref,lp_vertex_box,1.6898604937862003,slsqp_maxQ_nol1,14352791.93154411,0.0001324730473146344,True,slsqp_maxQ_nol1,0.48716201015913013,0.0034022064992738077,2,True,True
quality_linear,1.0,1e+22,exponential,4096,mixture,lp_vertex_box,1.6898604937045747,slsqp_maxQ_nol1,14352791.93154411,0.0001324730473146344,True,slsqp_maxQ_nol1,0.48716201015913013,0.003443632967697896,2,True,True
quality_linear,1.0,1e+22,exponential,8192,fixed_ref,lp_vertex_box,1.68986159900435,slsqp_maxQ_nol1,14352791.93154411,0.0001324730473146344,True,slsqp_maxQ_nol1,0.48716201015913013,0.0034619742926407238,2,True,True
quality_linear,1.0,1e+22,exponential,8192,mixture,lp_vertex_box,1.689861598926307,slsqp_maxQ_nol1,14352791.93154411,0.0001324730473146344,True,slsqp_maxQ_nol1,0.48716201015913013,0.0035041284932038064,2,True,True
quality_linear,1.0,1e+22,exponential,32768,fixed_ref,lp_vertex_box,1.6898666725603313,slsqp_maxQ_nol1,14352791.93154411,0.0001324730473146344,True,slsqp_maxQ_nol1,0.48716201015913013,0.0037363327369890342,2,True,True
quality_linear,1.0,1e+22,exponential,32768,mixture,lp_vertex_box,1.6898666724961695,slsqp_maxQ_nol1,14352791.93154411,0.0001324730473146344,True,slsqp_maxQ_nol1,0.48716201015913013,0.003781827592215903,2,True,True
quality_linear,1.0,1e+22,exponential,131072,fixed_ref,lp_vertex_box,1.6898774278854956,slsqp_maxQ_nol1,14352791.93154411,0.0001324730473146344,True,slsqp_maxQ_nol1,0.48716201015913013,0.004317907407792809,2,True,True
quality_linear,1.0,1e+22,exponential,131072,mixture,lp_vertex_box,1.6898774278412636,slsqp_maxQ_nol1,14352791.93154411,0.0001324730473146344,True,slsqp_maxQ_nol1,0.48716201015913013,0.004370483673764136,2,True,True
quality_linear,1.0,1e+22,logarithmic,2048,fixed_ref,lp_vertex_box,1.689859895250128,slsqp_maxQ_nol1,14352791.93154411,0.0001324730473146344,True,slsqp_maxQ_nol1,0.48716201015913013,0.0033700110944645534,2,True,True
quality_linear,1.0,1e+22,logarithmic,2048,mixture,lp_vertex_box,1.6898598949162906,slsqp_maxQ_nol1,14352791.93154411,0.0001324730473146344,True,slsqp_maxQ_nol1,0.48716201015913013,0.0034110457579843434,2,True,True
quality_linear,1.0,1e+22,logarithmic,4096,fixed_ref,lp_vertex_box,1.6898604907309605,slsqp_maxQ_nol1,14352791.93154411,0.0001324730473146344,True,slsqp_maxQ_nol1,0.48716201015913013,0.0034022095545136466,2,True,True
quality_linear,1.0,1e+22,logarithmic,4096,mixture,lp_vertex_box,1.6898604904051835,slsqp_maxQ_nol1,14352791.93154411,0.0001324730473146344,True,slsqp_maxQ_nol1,0.48716201015913013,0.0034436362670891008,2,True,True
quality_linear,1.0,1e+22,logarithmic,8192,fixed_ref,lp_vertex_box,1.6898615960827474,slsqp_maxQ_nol1,14352791.93154411,0.0001324730473146344,True,slsqp_maxQ_nol1,0.48716201015913013,0.0034619772142432392,2,True,True
quality_linear,1.0,1e+22,logarithmic,8192,mixture,lp_vertex_box,1.6898615957712737,slsqp_maxQ_nol1,14352791.93154411,0.0001324730473146344,True,slsqp_maxQ_nol1,0.48716201015913013,0.003504131648237152,2,True,True
quality_linear,1.0,1e+22,logarithmic,32768,fixed_ref,lp_vertex_box,1.689866670159238,slsqp_maxQ_nol1,14352791.93154411,0.0001324730473146344,True,slsqp_maxQ_nol1,0.48716201015913013,0.0037363351380823584,2,True,True
quality_linear,1.0,1e+22,logarithmic,32768,mixture,lp_vertex_box,1.6898666699032694,slsqp_maxQ_nol1,14352791.93154411,0.0001324730473146344,True,slsqp_maxQ_nol1,0.48716201015913013,0.0037818301851160196,2,True,True
quality_linear,1.0,1e+22,logarithmic,131072,fixed_ref,lp_vertex_box,1.6898774262301028,slsqp_maxQ_nol1,14352791.93154411,0.0001324730473146344,True,slsqp_maxQ_nol1,0.48716201015913013,0.004317909063185521,2,True,True
quality_linear,1.0,1e+22,logarithmic,131072,mixture,lp_vertex_box,1.6898774260536356,slsqp_maxQ_nol1,14352791.93154411,0.0001324730473146344,True,slsqp_maxQ_nol1,0.48716201015913013,0.004370485461392182,2,True,True
quality_linear,1.0,1e+22,power,2048,fixed_ref,lp_vertex_box,1.6898598996022092,slsqp_maxQ_nol1,14352791.93154411,0.0001324730473146344,True,slsqp_maxQ_nol1,0.48716201015913013,0.0033700067423834135,2,True,True
quality_linear,1.0,1e+22,power,2048,mixture,lp_vertex_box,1.6898598994314993,slsqp_maxQ_nol1,14352791.93154411,0.0001324730473146344,True,slsqp_maxQ_nol1,0.48716201015913013,0.003411041242775692,2,True,True
quality_linear,1.0,1e+22,power,4096,fixed_ref,lp_vertex_box,1.689860494977943,slsqp_maxQ_nol1,14352791.93154411,0.0001324730473146344,True,slsqp_maxQ_nol1,0.48716201015913013,0.003402205307531103,2,True,True
quality_linear,1.0,1e+22,power,4096,mixture,lp_vertex_box,1.689860494811353,slsqp_maxQ_nol1,14352791.93154411,0.0001324730473146344,True,slsqp_maxQ_nol1,0.48716201015913013,0.0034436318609196714,2,True,True
quality_linear,1.0,1e+22,power,8192,fixed_ref,lp_vertex_box,1.6898616001437883,slsqp_maxQ_nol1,14352791.93154411,0.0001324730473146344,True,slsqp_maxQ_nol1,0.48716201015913013,0.0034619731532024023,2,True,True
quality_linear,1.0,1e+22,power,8192,mixture,lp_vertex_box,1.6898615999845095,slsqp_maxQ_nol1,14352791.93154411,0.0001324730473146344,True,slsqp_maxQ_nol1,0.48716201015913013,0.003504127435001392,2,True,True
quality_linear,1.0,1e+22,power,32768,fixed_ref,lp_vertex_box,1.6898666734971106,slsqp_maxQ_nol1,14352791.93154411,0.0001324730473146344,True,slsqp_maxQ_nol1,0.48716201015913013,0.0037363318002097134,2,True,True
quality_linear,1.0,1e+22,power,32768,mixture,lp_vertex_box,1.6898666733661598,slsqp_maxQ_nol1,14352791.93154411,0.0001324730473146344,True,slsqp_maxQ_nol1,0.48716201015913013,0.003781826722225601,2,True,True
quality_linear,1.0,1e+22,power,131072,fixed_ref,lp_vertex_box,1.6898774285311453,slsqp_maxQ_nol1,14352791.93154411,0.0001324730473146344,True,slsqp_maxQ_nol1,0.48716201015913013,0.004317906762143053,2,True,True
quality_linear,1.0,1e+22,power,131072,mixture,lp_vertex_box,1.68987742844089,slsqp_maxQ_nol1,14352791.93154411,0.0001324730473146344,True,slsqp_maxQ_nol1,0.48716201015913013,0.004370483074137788,2,True,True
quality_linear,1.0,1e+24,exponential,2048,fixed_ref,lp_vertex_box,1.689828301949063,slsqp_maxQ_nol1,14352791.93154411,0.0001324730473146344,True,slsqp_maxQ_nol1,0.48716201015913013,0.0016604344050092923,2,True,True
quality_linear,1.0,1e+24,exponential,2048,mixture,lp_vertex_box,1.689828301943902,slsqp_maxQ_nol1,14352791.93154411,0.0001324730473146344,True,slsqp_maxQ_nol1,0.48716201015913013,0.0016722138280336196,2,True,True
quality_linear,1.0,1e+24,exponential,4096,fixed_ref,lp_vertex_box,1.6898285956310846,slsqp_maxQ_nol1,14352791.93154411,0.0001324730473146344,True,slsqp_maxQ_nol1,0.48716201015913013,0.0016756763001766206,2,True,True
quality_linear,1.0,1e+24,exponential,4096,mixture,lp_vertex_box,1.6898285956260486,slsqp_maxQ_nol1,14352791.93154411,0.0001324730473146344,True,slsqp_maxQ_nol1,0.48716201015913013,0.0016869755351416327,2,True,True
quality_linear,1.0,1e+24,exponential,8192,fixed_ref,lp_vertex_box,1.6898291407722876,slsqp_maxQ_nol1,14352791.93154411,0.0001324730473146344,True,slsqp_maxQ_nol1,0.48716201015913013,0.0017037520173281973,2,True,True
quality_linear,1.0,1e+24,exponential,8192,mixture,lp_vertex_box,1.6898291407674724,slsqp_maxQ_nol1,14352791.93154411,0.0001324730473146344,True,slsqp_maxQ_nol1,0.48716201015913013,0.0017142538994618928,2,True,True
quality_linear,1.0,1e+24,exponential,32768,fixed_ref,lp_vertex_box,1.6898316432029947,slsqp_maxQ_nol1,14352791.93154411,0.0001324730473146344,True,slsqp_maxQ_nol1,0.48716201015913013,0.0018299869782796296,2,True,True
quality_linear,1.0,1e+24,exponential,32768,mixture,lp_vertex_box,1.6898316431990374,slsqp_maxQ_nol1,14352791.93154411,0.0001324730473146344,True,slsqp_maxQ_nol1,0.48716201015913013,0.0018378535887351166,2,True,True
quality_linear,1.0,1e+24,exponential,131072,fixed_ref,lp_vertex_box,1.6898369478022617,slsqp_maxQ_nol1,14352791.93154411,0.0001324730473146344,True,slsqp_maxQ_nol1,0.48716201015913013,0.0020894233584511923,2,True,True
quality_linear,1.0,1e+24,exponential,131072,mixture,lp_vertex_box,1.689836947799534,slsqp_maxQ_nol1,14352791.93154411,0.0001324730473146344,True,slsqp_maxQ_nol1,0.48716201015913013,0.002094314284028398,2,True,True
quality_linear,1.0,1e+24,logarithmic,2048,fixed_ref,lp_vertex_box,1.6898283017559383,slsqp_maxQ_nol1,14352791.93154411,0.0001324730473146344,True,slsqp_maxQ_nol1,0.48716201015913013,0.0016619488054259168,2,True,True
quality_linear,1.0,1e+24,logarithmic,2048,mixture,lp_vertex_box,1.689828301735352,slsqp_maxQ_nol1,14352791.93154411,0.0001324730473146344,True,slsqp_maxQ_nol1,0.48716201015913013,0.0016821852309341079,2,True,True
quality_linear,1.0,1e+24,logarithmic,4096,fixed_ref,lp_vertex_box,1.6898285954426375,slsqp_maxQ_nol1,14352791.93154411,0.0001324730473146344,True,slsqp_maxQ_nol1,0.48716201015913013,0.0016778277144873233,2,True,True
quality_linear,1.0,1e+24,logarithmic,4096,mixture,lp_vertex_box,1.6898285954225496,slsqp_maxQ_nol1,14352791.93154411,0.0001324730473146344,True,slsqp_maxQ_nol1,0.48716201015913013,0.0016982574879904622,2,True,True
quality_linear,1.0,1e+24,logarithmic,8192,fixed_ref,lp_vertex_box,1.689829140592103,slsqp_maxQ_nol1,14352791.93154411,0.0001324730473146344,True,slsqp_maxQ_nol1,0.48716201015913013,0.0017073025773204353,2,True,True
quality_linear,1.0,1e+24,logarithmic,8192,mixture,lp_vertex_box,1.689829140572896,slsqp_maxQ_nol1,14352791.93154411,0.0001324730473146344,True,slsqp_maxQ_nol1,0.48716201015913013,0.0017280912415944538,2,True,True
quality_linear,1.0,1e+24,logarithmic,32768,fixed_ref,lp_vertex_box,1.6898316430549134,slsqp_maxQ_nol1,14352791.93154411,0.0001324730473146344,True,slsqp_maxQ_nol1,0.48716201015913013,0.001842604241322654,2,True,True
quality_linear,1.0,1e+24,logarithmic,32768,mixture,lp_vertex_box,1.6898316430391285,slsqp_maxQ_nol1,14352791.93154411,0.0001324730473146344,True,slsqp_maxQ_nol1,0.48716201015913013,0.0018650403794502335,2,True,True
quality_linear,1.0,1e+24,logarithmic,131072,fixed_ref,lp_vertex_box,1.6898369477001902,slsqp_maxQ_nol1,14352791.93154411,0.0001324730473146344,True,slsqp_maxQ_nol1,0.48716201015913013,0.0021071531959180323,2,True,True
quality_linear,1.0,1e+24,logarithmic,131072,mixture,lp_vertex_box,1.6898369476893098,slsqp_maxQ_nol1,14352791.93154411,0.0001324730473146344,True,slsqp_maxQ_nol1,0.48716201015913013,0.0021218651350047857,2,True,True
quality_linear,1.0,1e+24,power,2048,fixed_ref,lp_vertex_box,1.6898283020244171,slsqp_maxQ_nol1,14352791.93154411,0.0001324730473146344,True,slsqp_maxQ_nol1,0.48716201015913013,0.001661948536947122,2,True,True
quality_linear,1.0,1e+24,power,2048,mixture,lp_vertex_box,1.6898283020138831,slsqp_maxQ_nol1,14352791.93154411,0.0001324730473146344,True,slsqp_maxQ_nol1,0.48716201015913013,0.0016821849524029098,2,True,True
quality_linear,1.0,1e+24,power,4096,fixed_ref,lp_vertex_box,1.6898285957046133,slsqp_maxQ_nol1,14352791.93154411,0.0001324730473146344,True,slsqp_maxQ_nol1,0.48716201015913013,0.0016778274525115489,2,True,True
quality_linear,1.0,1e+24,power,4096,mixture,lp_vertex_box,1.6898285956943346,slsqp_maxQ_nol1,14352791.93154411,0.0001324730473146344,True,slsqp_maxQ_nol1,0.48716201015913013,0.0016982572162054232,2,True,True
quality_linear,1.0,1e+24,power,8192,fixed_ref,lp_vertex_box,1.6898291408425927,slsqp_maxQ_nol1,14352791.93154411,0.0001324730473146344,True,slsqp_maxQ_nol1,0.48716201015913013,0.0017073023268308063,2,True,True
quality_linear,1.0,1e+24,power,8192,mixture,lp_vertex_box,1.6898291408327646,slsqp_maxQ_nol1,14352791.93154411,0.0001324730473146344,True,slsqp_maxQ_nol1,0.48716201015913013,0.0017280909817258827,2,True,True
quality_linear,1.0,1e+24,power,32768,fixed_ref,lp_vertex_box,1.689831643260774,slsqp_maxQ_nol1,14352791.93154411,0.0001324730473146344,True,slsqp_maxQ_nol1,0.48716201015913013,0.0018426040354619921,2,True,True
quality_linear,1.0,1e+24,power,32768,mixture,lp_vertex_box,1.689831643252697,slsqp_maxQ_nol1,14352791.93154411,0.0001324730473146344,True,slsqp_maxQ_nol1,0.48716201015913013,0.0018630527995850965,2,True,True
quality_linear,1.0,1e+24,power,131072,fixed_ref,lp_vertex_box,1.6898369478420887,slsqp_maxQ_nol1,14352791.93154411,0.0001324730473146344,True,slsqp_maxQ_nol1,0.48716201015913013,0.002122570388072731,2,True,True
quality_linear,1.0,1e+24,power,131072,mixture,lp_vertex_box,1.6898369478365214,slsqp_maxQ_nol1,14352791.93154411,0.0001324730473146344,True,slsqp_maxQ_nol1,0.48716201015913013,0.002133843606126673,2,True,True
quality_linear,2.0,1e+19,exponential,2048,fixed_ref,lp_vertex_box,1.6898153350004308,slsqp_maxQ_nol1,206002636230197.75,1.754910826482536e-08,True,slsqp_maxQ_nol1,0.48716201015913013,0.05247791349732389,2,True,True
quality_linear,2.0,1e+19,exponential,2048,mixture,lp_vertex_box,1.6898153349992249,slsqp_maxQ_nol1,206002636230197.75,1.754910826482536e-08,True,slsqp_maxQ_nol1,0.48716201015913013,0.05347304306024525,2,True,True
quality_linear,2.0,1e+19,exponential,4096,fixed_ref,lp_vertex_box,1.6898154102775984,slsqp_maxQ_nol1,206002636230197.75,1.754910826482536e-08,True,slsqp_maxQ_nol1,0.48716201015913013,0.053272347947630694,2,True,True
quality_linear,2.0,1e+19,exponential,4096,mixture,lp_vertex_box,1.689815410276445,slsqp_maxQ_nol1,206002636230197.75,1.754910826482536e-08,True,slsqp_maxQ_nol1,0.48716201015913013,0.05428488062888093,2,True,True
quality_linear,2.0,1e+19,exponential,8192,fixed_ref,lp_vertex_box,1.6898155515696787,slsqp_maxQ_nol1,206002636230197.75,1.754910826482536e-08,True,slsqp_maxQ_nol1,0.48716201015913013,0.054763462698404375,2,True,True
quality_linear,2.0,1e+19,exponential,8192,mixture,lp_vertex_box,1.6898155515686157,slsqp_maxQ_nol1,206002636230197.75,1.754910826482536e-08,True,slsqp_maxQ_nol1,0.48716201015913013,0.055808660184731185,2,True,True
quality_linear,2.0,1e+19,exponential,32768,fixed_ref,lp_vertex_box,1.6898162260229057,slsqp_maxQ_nol1,206002636230197.75,1.754910826482536e-08,True,slsqp_maxQ_nol1,0.48716201015913013,0.06188117907670887,2,True,True
quality_linear,2.0,1e+19,exponential,32768,mixture,lp_vertex_box,1.6898162260221625,slsqp_maxQ_nol1,206002636230197.75,1.754910826482536e-08,True,slsqp_maxQ_nol1,0.48716201015913013,0.0630822993841027,2,True,True
quality_linear,2.0,1e+19,exponential,131072,fixed_ref,lp_vertex_box,1.6898177941264498,slsqp_maxQ_nol1,206002636230197.75,1.754910826482536e-08,True,slsqp_maxQ_nol1,0.48716201015913013,0.07842962477776183,2,True,True
quality_linear,2.0,1e+19,exponential,131072,mixture,lp_vertex_box,1.6898177941260728,slsqp_maxQ_nol1,206002636230197.75,1.754910826482536e-08,True,slsqp_maxQ_nol1,0.48716201015913013,0.07999326028063614,2,True,True
quality_linear,2.0,1e+19,logarithmic,2048,fixed_ref,lp_vertex_box,1.6898153349553018,slsqp_maxQ_nol1,206002636230197.75,1.754910826482536e-08,True,slsqp_maxQ_nol1,0.48716201015913013,0.0524779135424529,2,True,True
quality_linear,2.0,1e+19,logarithmic,2048,mixture,lp_vertex_box,1.6898153349504912,slsqp_maxQ_nol1,206002636230197.75,1.754910826482536e-08,True,slsqp_maxQ_nol1,0.48716201015913013,0.053473043108978935,2,True,True
quality_linear,2.0,1e+19,logarithmic,4096,fixed_ref,lp_vertex_box,1.6898154102344383,slsqp_maxQ_nol1,206002636230197.75,1.754910826482536e-08,True,slsqp_maxQ_nol1,0.48716201015913013,0.053272347990790836,2,True,True
quality_linear,2.0,1e+19,logarithmic,4096,mixture,lp_vertex_box,1.6898154102298375,slsqp_maxQ_nol1,206002636230197.75,1.754910826482536e-08,True,slsqp_maxQ_nol1,0.48716201015913013,0.054284880675488534,2,True,True
quality_linear,2.0,1e+19,logarithmic,8192,fixed_ref,lp_vertex_box,1.689815551529904,slsqp_maxQ_nol1,206002636230197.75,1.754910826482536e-08,True,slsqp_maxQ_nol1,0.48716201015913013,0.054763462738179,2,True,True
quality_linear,2.0,1e+19,logarithmic,8192,mixture,lp_vertex_box,1.6898155515256643,slsqp_maxQ_nol1,206002636230197.75,1.754910826482536e-08,True,slsqp_maxQ_nol1,0.48716201015913013,0.055808660227682605,2,True,True
quality_linear,2.0,1e+19,logarithmic,32768,fixed_ref,lp_vertex_box,1.689816225995094,slsqp_maxQ_nol1,206002636230197.75,1.754910826482536e-08,True,slsqp_maxQ_nol1,0.48716201015913013,0.06188117910452062,2,True,True
quality_linear,2.0,1e+19,logarithmic,32768,mixture,lp_vertex_box,1.6898162259921292,slsqp_maxQ_nol1,206002636230197.75,1.754910826482536e-08,True,slsqp_maxQ_nol1,0.48716201015913013,0.06308229941413601,2,True,True
quality_linear,2.0,1e+19,logarithmic,131072,fixed_ref,lp_vertex_box,1.6898177941123407,slsqp_maxQ_nol1,206002636230197.75,1.754910826482536e-08,True,slsqp_maxQ_nol1,0.48716201015913013,0.07842962479187099,2,True,True
quality_linear,2.0,1e+19,logarithmic,131072,mixture,lp_vertex_box,1.6898177941108368,slsqp_maxQ_nol1,206002636230197.75,1.754910826482536e-08,True,slsqp_maxQ_nol1,0.48716201015913013,0.07999326029587217,2,True,True
quality_linear,2.0,1e+19,power,2048,fixed_ref,lp_vertex_box,1.6898153350180394,slsqp_maxQ_nol1,206002636230197.75,1.754910826482536e-08,True,slsqp_maxQ_nol1,0.48716201015913013,0.05247791347971531,2,True,True
quality_linear,2.0,1e+19,power,2048,mixture,lp_vertex_box,1.6898153350155778,slsqp_maxQ_nol1,206002636230197.75,1.754910826482536e-08,True,slsqp_maxQ_nol1,0.48716201015913013,0.05347304304389233,2,True,True
quality_linear,2.0,1e+19,power,4096,fixed_ref,lp_vertex_box,1.689815410294439,slsqp_maxQ_nol1,206002636230197.75,1.754910826482536e-08,True,slsqp_maxQ_nol1,0.48716201015913013,0.053272347930790165,2,True,True
quality_linear,2.0,1e+19,power,4096,mixture,lp_vertex_box,1.6898154102920848,slsqp_maxQ_nol1,206002636230197.75,1.754910826482536e-08,True,slsqp_maxQ_nol1,0.48716201015913013,0.054284880613241215,2,True,True
quality_linear,2.0,1e+19,power,8192,fixed_ref,lp_vertex_box,1.689815551585198,slsqp_maxQ_nol1,206002636230197.75,1.754910826482536e-08,True,slsqp_maxQ_nol1,0.48716201015913013,0.05476346268288501,2,True,True
quality_linear,2.0,1e+19,power,8192,mixture,lp_vertex_box,1.6898155515830284,slsqp_maxQ_nol1,206002636230197.75,1.754910826482536e-08,True,slsqp_maxQ_nol1,0.48716201015913013,0.05580866017031849,2,True,True
quality_linear,2.0,1e+19,power,32768,fixed_ref,lp_vertex_box,1.6898162260337577,slsqp_maxQ_nol1,206002636230197.75,1.754910826482536e-08,True,slsqp_maxQ_nol1,0.48716201015913013,0.061881179065856884,2,True,True
quality_linear,2.0,1e+19,power,32768,mixture,lp_vertex_box,1.6898162260322407,slsqp_maxQ_nol1,206002636230197.75,1.754910826482536e-08,True,slsqp_maxQ_nol1,0.48716201015913013,0.06308229937402454,2,True,True
quality_linear,2.0,1e+19,power,131072,fixed_ref,lp_vertex_box,1.6898177941319552,slsqp_maxQ_nol1,206002636230197.75,1.754910826482536e-08,True,slsqp_maxQ_nol1,0.48716201015913013,0.07842962477225646,2,True,True
quality_linear,2.0,1e+19,power,131072,mixture,lp_vertex_box,1.6898177941311856,slsqp_maxQ_nol1,206002636230197.75,1.754910826482536e-08,True,slsqp_maxQ_nol1,0.48716201015913013,0.07999326027552334,2,True,True
quality_linear,2.0,1e+22,exponential,2048,fixed_ref,lp_vertex_box,1.689811653052584,slsqp_maxQ_nol1,206002636230197.75,1.754910826482536e-08,True,slsqp_maxQ_nol1,0.48716201015913013,0.013502624099596128,2,True,True
quality_linear,2.0,1e+22,exponential,2048,mixture,lp_vertex_box,1.6898116530524097,slsqp_maxQ_nol1,206002636230197.75,1.754910826482536e-08,True,slsqp_maxQ_nol1,0.48716201015913013,0.013664219019832169,2,True,True
quality_linear,2.0,1e+22,exponential,4096,fixed_ref,lp_vertex_box,1.6898116639426093,slsqp_maxQ_nol1,206002636230197.75,1.754910826482536e-08,True,slsqp_maxQ_nol1,0.48716201015913013,0.013631757152717361,2,True,True
quality_linear,2.0,1e+22,exponential,4096,mixture,lp_vertex_box,1.6898116639424423,slsqp_maxQ_nol1,206002636230197.75,1.754910826482536e-08,True,slsqp_maxQ_nol1,0.48716201015913013,0.013794896004351909,2,True,True
quality_linear,2.0,1e+22,exponential,8192,fixed_ref,lp_vertex_box,1.6898116843827289,slsqp_maxQ_nol1,206002636230197.75,1.754910826482536e-08,True,slsqp_maxQ_nol1,0.48716201015913013,0.013871457191609426,2,True,True
quality_linear,2.0,1e+22,exponential,8192,mixture,lp_vertex_box,1.689811684382575,slsqp_maxQ_nol1,206002636230197.75,1.754910826482536e-08,True,slsqp_maxQ_nol1,0.48716201015913013,0.014037461948511298,2,True,True
quality_linear,2.0,1e+22,exponential,32768,fixed_ref,lp_vertex_box,1.6898117819529865,slsqp_maxQ_nol1,206002636230197.75,1.754910826482536e-08,True,slsqp_maxQ_nol1,0.48716201015913013,0.014971774724285458,2,True,True
quality_linear,2.0,1e+22,exponential,32768,mixture,lp_vertex_box,1.6898117819528788,slsqp_maxQ_nol1,206002636230197.75,1.754910826482536e-08,True,slsqp_maxQ_nol1,0.48716201015913013,0.015150935155469503,2,True,True
quality_linear,2.0,1e+22,exponential,131072,fixed_ref,lp_vertex_box,1.689812008803805,slsqp_maxQ_nol1,206002636230197.75,1.754910826482536e-08,True,slsqp_maxQ_nol1,0.48716201015913013,0.017377273231172996,2,True,True
quality_linear,2.0,1e+22,exponential,131072,mixture,lp_vertex_box,1.6898120088037505,slsqp_maxQ_nol1,206002636230197.75,1.754910826482536e-08,True,slsqp_maxQ_nol1,0.48716201015913013,0.017603477677381463,2,True,True
quality_linear,2.0,1e+22,logarithmic,2048,fixed_ref,lp_vertex_box,1.6898116530460554,slsqp_maxQ_nol1,206002636230197.75,1.754910826482536e-08,True,slsqp_maxQ_nol1,0.48716201015913013,0.013502624106124683,2,True,True
quality_linear,2.0,1e+22,logarithmic,2048,mixture,lp_vertex_box,1.6898116530453595,slsqp_maxQ_nol1,206002636230197.75,1.754910826482536e-08,True,slsqp_maxQ_nol1,0.48716201015913013,0.013664219026882307,2,True,True
quality_linear,2.0,1e+22,logarithmic,4096,fixed_ref,lp_vertex_box,1.6898116639363654,slsqp_maxQ_nol1,206002636230197.75,1.754910826482536e-08,True,slsqp_maxQ_nol1,0.48716201015913013,0.013631757158961255,2,True,True
quality_linear,2.0,1e+22,logarithmic,4096,mixture,lp_vertex_box,1.6898116639357,slsqp_maxQ_nol1,206002636230197.75,1.754910826482536e-08,True,slsqp_maxQ_nol1,0.48716201015913013,0.013794896011094293,2,True,True
quality_linear,2.0,1e+22,logarithmic,8192,fixed_ref,lp_vertex_box,1.6898116843769748,slsqp_maxQ_nol1,206002636230197.75,1.754910826482536e-08,True,slsqp_maxQ_nol1,0.48716201015913013,0.01387145719736349,2,True,True
quality_linear,2.0,1e+22,logarithmic,8192,mixture,lp_vertex_box,1.6898116843763615,slsqp_maxQ_nol1,206002636230197.75,1.754910826482536e-08,True,slsqp_maxQ_nol1,0.48716201015913013,0.014037461954724773,2,True,True
quality_linear,2.0,1e+22,logarithmic,32768,fixed_ref,lp_vertex_box,1.689811781948963,slsqp_maxQ_nol1,206002636230197.75,1.754910826482536e-08,True,slsqp_maxQ_nol1,0.48716201015913013,0.014971774728308906,2,True,True
quality_linear,2.0,1e+22,logarithmic,32768,mixture,lp_vertex_box,1.689811781948534,slsqp_maxQ_nol1,206002636230197.75,1.754910826482536e-08,True,slsqp_maxQ_nol1,0.48716201015913013,0.01515093515981425,2,True,True
quality_linear,2.0,1e+22,logarithmic,131072,fixed_ref,lp_vertex_box,1.6898120088017639,slsqp_maxQ_nol1,206002636230197.75,1.754910826482536e-08,True,slsqp_maxQ_nol1,0.48716201015913013,0.017377273233214252,2,True,True
quality_linear,2.0,1e+22,logarithmic,131072,mixture,lp_vertex_box,1.6898120088015463,slsqp_maxQ_nol1,206002636230197.75,1.754910826482536e-08,True,slsqp_maxQ_nol1,0.48716201015913013,0.0176034776795857,2,True,True
quality_linear,2.0,1e+22,power,2048,fixed_ref,lp_vertex_box,1.6898116530551315,slsqp_maxQ_nol1,206002636230197.75,1.754910826482536e-08,True,slsqp_maxQ_nol1,0.48716201015913013,0.01350262409704861,2,True,True
quality_linear,2.0,1e+22,power,2048,mixture,lp_vertex_box,1.6898116530547753,slsqp_maxQ_nol1,206002636230197.75,1.754910826482536e-08,True,slsqp_maxQ_nol1,0.48716201015913013,0.013664219017466506,2,True,True
quality_linear,2.0,1e+22,power,4096,fixed_ref,lp_vertex_box,1.6898116639450456,slsqp_maxQ_nol1,206002636230197.75,1.754910826482536e-08,True,slsqp_maxQ_nol1,0.48716201015913013,0.013631757150281087,2,True,True
quality_linear,2.0,1e+22,power,4096,mixture,lp_vertex_box,1.689811663944705,slsqp_maxQ_nol1,206002636230197.75,1.754910826482536e-08,True,slsqp_maxQ_nol1,0.48716201015913013,0.013794896002089274,2,True,True
quality_linear,2.0,1e+22,power,8192,fixed_ref,lp_vertex_box,1.689811684384974,slsqp_maxQ_nol1,206002636230197.75,1.754910826482536e-08,True,slsqp_maxQ_nol1,0.48716201015913013,0.013871457189364333,2,True,True
quality_linear,2.0,1e+22,power,8192,mixture,lp_vertex_box,1.6898116843846602,slsqp_maxQ_nol1,206002636230197.75,1.754910826482536e-08,True,slsqp_maxQ_nol1,0.48716201015913013,0.014037461946426077,2,True,True
quality_linear,2.0,1e+22,power,32768,fixed_ref,lp_vertex_box,1.6898117819545564,slsqp_maxQ_nol1,206002636230197.75,1.754910826482536e-08,True,slsqp_maxQ_nol1,0.48716201015913013,0.014971774722715603,2,True,True
quality_linear,2.0,1e+22,power,32768,mixture,lp_vertex_box,1.6898117819543368,slsqp_maxQ_nol1,206002636230197.75,1.754910826482536e-08,True,slsqp_maxQ_nol1,0.48716201015913013,0.015150935154011558,2,True,True
quality_linear,2.0,1e+22,power,131072,fixed_ref,lp_vertex_box,1.6898120088046014,slsqp_maxQ_nol1,206002636230197.75,1.754910826482536e-08,True,slsqp_maxQ_nol1,0.48716201015913013,0.017377273230376744,2,True,True
quality_linear,2.0,1e+22,power,131072,mixture,lp_vertex_box,1.6898120088044901,slsqp_maxQ_nol1,206002636230197.75,1.754910826482536e-08,True,slsqp_maxQ_nol1,0.48716201015913013,0.017603477676641832,2,True,True
quality_linear,2.0,1e+24,exponential,2048,fixed_ref,lp_vertex_box,1.6898112019250844,slsqp_maxQ_nol1,206002636230197.75,1.754910826482536e-08,True,slsqp_maxQ_nol1,0.48716201015913013,0.006652236854521876,2,True,True
quality_linear,2.0,1e+24,exponential,2048,mixture,lp_vertex_box,1.6898112019250362,slsqp_maxQ_nol1,206002636230197.75,1.754910826482536e-08,True,slsqp_maxQ_nol1,0.48716201015913013,0.006731928690974165,2,True,True
quality_linear,2.0,1e+24,exponential,4096,fixed_ref,lp_vertex_box,1.6898112049261302,slsqp_maxQ_nol1,206002636230197.75,1.754910826482536e-08,True,slsqp_maxQ_nol1,0.48716201015913013,0.00671592221754902,2,True,True
quality_linear,2.0,1e+24,exponential,4096,mixture,lp_vertex_box,1.6898112049260843,slsqp_maxQ_nol1,206002636230197.75,1.754910826482536e-08,True,slsqp_maxQ_nol1,0.48716201015913013,0.00679637545918399,2,True,True
quality_linear,2.0,1e+24,exponential,8192,fixed_ref,lp_vertex_box,1.689811210558967,slsqp_maxQ_nol1,206002636230197.75,1.754910826482536e-08,True,slsqp_maxQ_nol1,0.48716201015913013,0.006834136651246547,2,True,True
quality_linear,2.0,1e+24,exponential,8192,mixture,lp_vertex_box,1.6898112105589247,slsqp_maxQ_nol1,206002636230197.75,1.754910826482536e-08,True,slsqp_maxQ_nol1,0.48716201015913013,0.006916003230907686,2,True,True
quality_linear,2.0,1e+24,exponential,32768,fixed_ref,lp_vertex_box,1.689811237447134,slsqp_maxQ_nol1,206002636230197.75,1.754910826482536e-08,True,slsqp_maxQ_nol1,0.48716201015913013,0.0073767882927777695,2,True,True
quality_linear,2.0,1e+24,exponential,32768,mixture,lp_vertex_box,1.6898112374471042,slsqp_maxQ_nol1,206002636230197.75,1.754910826482536e-08,True,slsqp_maxQ_nol1,0.48716201015913013,0.007465142689553339,2,True,True
quality_linear,2.0,1e+24,exponential,131072,fixed_ref,lp_vertex_box,1.6898112999621135,slsqp_maxQ_nol1,206002636230197.75,1.754910826482536e-08,True,slsqp_maxQ_nol1,0.48716201015913013,0.008527076350329565,2,True,True
quality_linear,2.0,1e+24,exponential,131072,mixture,lp_vertex_box,1.6898112999620984,slsqp_maxQ_nol1,206002636230197.75,1.754910826482536e-08,True,slsqp_maxQ_nol1,0.48716201015913013,0.008629183414819552,2,True,True
quality_linear,2.0,1e+24,logarithmic,2048,fixed_ref,lp_vertex_box,1.6898112019232852,slsqp_maxQ_nol1,206002636230197.75,1.754910826482536e-08,True,slsqp_maxQ_nol1,0.48716201015913013,0.006652236856321103,2,True,True
quality_linear,2.0,1e+24,logarithmic,2048,mixture,lp_vertex_box,1.6898112019230933,slsqp_maxQ_nol1,206002636230197.75,1.754910826482536e-08,True,slsqp_maxQ_nol1,0.48716201015913013,0.006731928692917055,2,True,True
quality_linear,2.0,1e+24,logarithmic,4096,fixed_ref,lp_vertex_box,1.6898112049244094,slsqp_maxQ_nol1,206002636230197.75,1.754910826482536e-08,True,slsqp_maxQ_nol1,0.48716201015913013,0.006715922219269865,2,True,True
quality_linear,2.0,1e+24,logarithmic,4096,mixture,lp_vertex_box,1.689811204924226,slsqp_maxQ_nol1,206002636230197.75,1.754910826482536e-08,True,slsqp_maxQ_nol1,0.48716201015913013,0.006796375461042281,2,True,True
quality_linear,2.0,1e+24,logarithmic,8192,fixed_ref,lp_vertex_box,1.6898112105573815,slsqp_maxQ_nol1,206002636230197.75,1.754910826482536e-08,True,slsqp_maxQ_nol1,0.48716201015913013,0.006834136652832168,2,True,True
quality_linear,2.0,1e+24,logarithmic,8192,mixture,lp_vertex_box,1.6898112105572123,slsqp_maxQ_nol1,206002636230197.75,1.754910826482536e-08,True,slsqp_maxQ_nol1,0.48716201015913013,0.006916003232620094,2,True,True
quality_linear,2.0,1e+24,logarithmic,32768,fixed_ref,lp_vertex_box,1.689811237446025,slsqp_maxQ_nol1,206002636230197.75,1.754910826482536e-08,True,slsqp_maxQ_nol1,0.48716201015913013,0.00737678829388666,2,True,True
quality_linear,2.0,1e+24,logarithmic,32768,mixture,lp_vertex_box,1.6898112374459069,slsqp_maxQ_nol1,206002636230197.75,1.754910826482536e-08,True,slsqp_maxQ_nol1,0.48716201015913013,0.0074651426907506035,2,True,True
quality_linear,2.0,1e+24,logarithmic,131072,fixed_ref,lp_vertex_box,1.6898112999615509,slsqp_maxQ_nol1,206002636230197.75,1.754910826482536e-08,True,slsqp_maxQ_nol1,0.48716201015913013,0.008527076350892226,2,True,True
quality_linear,2.0,1e+24,logarithmic,131072,mixture,lp_vertex_box,1.689811299961491,slsqp_maxQ_nol1,206002636230197.75,1.754910826482536e-08,True,slsqp_maxQ_nol1,0.48716201015913013,0.008629183415427066,2,True,True
quality_linear,2.0,1e+24,power,2048,fixed_ref,lp_vertex_box,1.6898112019257863,slsqp_maxQ_nol1,206002636230197.75,1.754910826482536e-08,True,slsqp_maxQ_nol1,0.48716201015913013,0.006652236853819993,2,True,True
quality_linear,2.0,1e+24,power,2048,mixture,lp_vertex_box,1.6898112019256881,slsqp_maxQ_nol1,206002636230197.75,1.754910826482536e-08,True,slsqp_maxQ_nol1,0.48716201015913013,0.006731928690322242,2,True,True
quality_linear,2.0,1e+24,power,4096,fixed_ref,lp_vertex_box,1.6898112049268015,slsqp_maxQ_nol1,206002636230197.75,1.754910826482536e-08,True,slsqp_maxQ_nol1,0.48716201015913013,0.006715922216877779,2,True,True
quality_linear,2.0,1e+24,power,4096,mixture,lp_vertex_box,1.6898112049267076,slsqp_maxQ_nol1,206002636230197.75,1.754910826482536e-08,True,slsqp_maxQ_nol1,0.48716201015913013,0.006796375458560711,2,True,True
quality_linear,2.0,1e+24,power,8192,fixed_ref,lp_vertex_box,1.6898112105595857,slsqp_maxQ_nol1,206002636230197.75,1.754910826482536e-08,True,slsqp_maxQ_nol1,0.48716201015913013,0.006834136650627931,2,True,True
quality_linear,2.0,1e+24,power,8192,mixture,lp_vertex_box,1.6898112105594993,slsqp_maxQ_nol1,206002636230197.75,1.754910826482536e-08,True,slsqp_maxQ_nol1,0.48716201015913013,0.006916003230333034,2,True,True
quality_linear,2.0,1e+24,power,32768,fixed_ref,lp_vertex_box,1.6898112374475664,slsqp_maxQ_nol1,206002636230197.75,1.754910826482536e-08,True,slsqp_maxQ_nol1,0.48716201015913013,0.007376788292345227,2,True,True
quality_linear,2.0,1e+24,power,32768,mixture,lp_vertex_box,1.689811237447506,slsqp_maxQ_nol1,206002636230197.75,1.754910826482536e-08,True,slsqp_maxQ_nol1,0.48716201015913013,0.007465142689151438,2,True,True
quality_linear,2.0,1e+24,power,131072,fixed_ref,lp_vertex_box,1.689811299962333,slsqp_maxQ_nol1,206002636230197.75,1.754910826482536e-08,True,slsqp_maxQ_nol1,0.48716201015913013,0.008527076350110185,2,True,True
quality_linear,2.0,1e+24,power,131072,mixture,lp_vertex_box,1.6898112999623023,slsqp_maxQ_nol1,206002636230197.75,1.754910826482536e-08,True,slsqp_maxQ_nol1,0.48716201015913013,0.008629183414615715,2,True,True
