C,ell,cost_form,Q0_mode,budget_rel_residual,D_recomputed_vs_reported_rel,share_train,share_attn,share_quality,share_unused,share_sum,share_train_plus_attn_ratio_attn_over_train,attn_share_formula_check,Q_ge_Q0,Q_le_upper,pass_budget,pass_share_sum,pass_attn_formula
1e+19,2048,exponential,fixed_ref,0.0,0.0,0.9360958562156765,0.06390414378432352,0.0,0.0,1.0,0.06826666666666667,0.0,True,True,True,True,True
1e+19,2048,exponential,mixture,0.0,0.0,0.9360958562156763,0.0639041437843235,0.0,2.048e-16,1.0,0.06826666666666667,0.0,True,True,True,True,True
1e+19,4096,exponential,fixed_ref,0.0,0.0,0.8798686062881278,0.12013139371187238,0.0,-2.048e-16,1.0,0.13653333333333334,0.0,True,True,True,True,True
1e+19,4096,exponential,mixture,0.0,0.0,0.8798686062881275,0.12013139371187236,0.0,2.048e-16,1.0,0.13653333333333337,2.7755575615628914e-17,True,True,True,True,True
1e+19,8192,exponential,fixed_ref,0.0,1.1623380929555949e-16,0.7855048177628823,0.21449518223711775,0.0,0.0,1.0,0.2730666666666667,0.0,True,True,True,True,True
1e+19,8192,exponential,mixture,0.0,0.0,0.7855048177628824,0.21449518223711775,0.0,0.0,1.0000000000000002,0.2730666666666667,0.0,True,True,True,True,True
1e+19,32768,exponential,fixed_ref,0.0,1.5261774305694442e-16,0.4779505480499618,0.5220494519500383,0.0,0.0,1.0,1.0922666666666667,0.0,True,True,True,True,True
1e+19,32768,exponential,mixture,0.0,0.0,0.4779505480499617,0.5220494519500383,0.0,0.0,1.0,1.092266666666667,2.220446049250313e-16,True,True,True,True,True
1e+19,131072,exponential,fixed_ref,0.0,0.0,0.18625211085725638,0.8137478891427435,0.0,0.0,0.9999999999999999,4.369066666666666,8.881784197001252e-16,True,True,True,True,True
1e+19,131072,exponential,mixture,0.0,0.0,0.1862521108572564,0.8137478891427437,0.0,0.0,1.0,4.369066666666666,8.881784197001252e-16,True,True,True,True,True
1e+19,2048,power,fixed_ref,0.0,0.0,0.9360958562156765,0.06390414378432352,0.0,0.0,1.0,0.06826666666666667,0.0,True,True,True,True,True
1e+19,2048,power,mixture,0.0,0.0,0.9360958562156763,0.0639041437843235,0.0,2.048e-16,1.0,0.06826666666666667,0.0,True,True,True,True,True
1e+19,4096,power,fixed_ref,0.0,0.0,0.8798686062881278,0.12013139371187238,0.0,-2.048e-16,1.0,0.13653333333333334,0.0,True,True,True,True,True
1e+19,4096,power,mixture,0.0,0.0,0.8798686062881275,0.12013139371187236,0.0,2.048e-16,1.0,0.13653333333333337,2.7755575615628914e-17,True,True,True,True,True
1e+19,8192,power,fixed_ref,0.0,1.1623380929555949e-16,0.7855048177628823,0.21449518223711775,0.0,0.0,1.0,0.2730666666666667,0.0,True,True,True,True,True
1e+19,8192,power,mixture,0.0,0.0,0.7855048177628824,0.21449518223711775,0.0,0.0,1.0000000000000002,0.2730666666666667,0.0,True,True,True,True,True
1e+19,32768,power,fixed_ref,0.0,1.5261774305694442e-16,0.4779505480499618,0.5220494519500383,0.0,0.0,1.0,1.0922666666666667,0.0,True,True,True,True,True
1e+19,32768,power,mixture,0.0,0.0,0.4779505480499617,0.5220494519500383,0.0,0.0,1.0,1.092266666666667,2.220446049250313e-16,True,True,True,True,True
1e+19,131072,power,fixed_ref,0.0,0.0,0.18625211085725638,0.8137478891427435,0.0,0.0,0.9999999999999999,4.369066666666666,8.881784197001252e-16,True,True,True,True,True
1e+19,131072,power,mixture,0.0,0.0,0.1862521108572564,0.8137478891427437,0.0,0.0,1.0,4.369066666666666,8.881784197001252e-16,True,True,True,True,True
1e+19,2048,logarithmic,fixed_ref,0.0,0.0,0.9360958562156765,0.06390414378432352,0.0,0.0,1.0,0.06826666666666667,0.0,True,True,True,True,True
1e+19,2048,logarithmic,mixture,0.0,0.0,0.9360958562156763,0.0639041437843235,0.0,2.048e-16,1.0,0.06826666666666667,0.0,True,True,True,True,True
1e+19,4096,logarithmic,fixed_ref,0.0,0.0,0.8798686062881278,0.12013139371187238,0.0,-2.048e-16,1.0,0.13653333333333334,0.0,True,True,True,True,True
1e+19,4096,logarithmic,mixture,0.0,0.0,0.8798686062881275,0.12013139371187236,0.0,2.048e-16,1.0,0.13653333333333337,2.7755575615628914e-17,True,True,True,True,True
1e+19,8192,logarithmic,fixed_ref,0.0,1.1623380929555949e-16,0.7855048177628823,0.21449518223711775,0.0,0.0,1.0,0.2730666666666667,0.0,True,True,True,True,True
1e+19,8192,logarithmic,mixture,0.0,0.0,0.7855048177628824,0.21449518223711775,0.0,0.0,1.0000000000000002,0.2730666666666667,0.0,True,True,True,True,True
1e+19,32768,logarithmic,fixed_ref,0.0,1.5261774305694442e-16,0.4779505480499618,0.5220494519500383,0.0,0.0,1.0,1.0922666666666667,0.0,True,True,True,True,True
1e+19,32768,logarithmic,mixture,0.0,0.0,0.4779505480499617,0.5220494519500383,0.0,0.0,1.0,1.092266666666667,2.220446049250313e-16,True,True,True,True,True
1e+19,131072,logarithmic,fixed_ref,0.0,0.0,0.18625211085725638,0.8137478891427435,0.0,0.0,0.9999999999999999,4.369066666666666,8.881784197001252e-16,True,True,True,True,True
1e+19,131072,logarithmic,mixture,0.0,0.0,0.1862521108572564,0.8137478891427437,0.0,0.0,1.0,4.369066666666666,8.881784197001252e-16,True,True,True,True,True
1e+22,2048,exponential,fixed_ref,0.0,0.0,0.7922474132314083,0.05408409007659748,0.153668496691994,2.097152e-16,1.0,0.06826666666666667,0.0,True,True,True,True,True
1e+22,2048,exponential,mixture,0.0,0.0,0.8030394989136187,0.05482082979250303,0.14213967129387842,0.0,1.0000000000000002,0.06826666666666666,1.3877787807814457e-17,True,True,True,True,True
1e+22,4096,exponential,fixed_ref,0.0,0.0,0.7449646484390494,0.10171250666687821,0.1533228448940723,0.0,1.0,0.13653333333333334,0.0,True,True,True,True,True
1e+22,4096,exponential,mixture,0.0,0.0,0.7547297193123693,0.10304576434344881,0.14222451634418193,0.0,1.0,0.1365333333333333,2.7755575615628914e-17,True,True,True,True,True
1e+22,8192,exponential,fixed_ref,0.0,0.0,0.66559204540717,0.18175100119918455,0.15265695339364543,0.0,1.0,0.2730666666666667,0.0,True,True,True,True,True
1e+22,8192,exponential,mixture,0.0,0.0,0.6737439931336433,0.18397702639169353,0.14227898047466303,2.097152e-16,1.0,0.2730666666666667,0.0,True,True,True,True,True
1e+22,32768,exponential,fixed_ref,0.0,0.0,0.4065979922814554,0.4441134337026243,0.14928857401592055,-2.097152e-16,1.0,1.0922666666666665,2.220446049250313e-16,True,True,True,True,True
1e+22,32768,exponential,mixture,0.0,0.0,0.41028466359634,0.448140261890829,0.14157507451283105,0.0,1.0,1.0922666666666667,0.0,True,True,True,True,True
1e+22,131072,exponential,fixed_ref,0.0,0.0,0.15984121651141087,0.6983569310194547,0.1418018524691345,-2.097152e-16,0.9999999999999998,4.369066666666666,8.881784197001252e-16,True,True,True,True,True
1e+22,131072,exponential,mixture,0.0,0.0,0.160677148378528,0.7020091730756809,0.13731367854579127,-2.097152e-16,1.0,4.369066666666668,8.881784197001252e-16,True,True,True,True,True
1e+22,2048,power,fixed_ref,0.0,0.0,0.7725072822116583,0.05273649713231588,0.17475622065602564,2.097152e-16,1.0,0.06826666666666667,0.0,True,True,True,True,True
1e+22,2048,power,mixture,0.0,0.0,0.7976645186558942,0.05445389780690905,0.14788158353719688,0.0,1.0,0.06826666666666667,0.0,True,True,True,True,True
1e+22,4096,power,fixed_ref,0.0,0.0,0.7251896688965659,0.09901256279334447,0.17579776831008967,0.0,1.0,0.13653333333333334,0.0,True,True,True,True,True
1e+22,4096,power,mixture,0.0,0.0,0.7477370090446611,0.10209102630156441,0.15017196465377441,0.0,1.0,0.13653333333333337,2.7755575615628914e-17,True,True,True,True,True
1e+22,8192,power,fixed_ref,0.0,0.0,0.6459927069504335,0.17639907517793174,0.1776082178716348,0.0,1.0,0.2730666666666667,0.0,True,True,True,True,True
1e+22,8192,power,mixture,0.0,0.0,0.6644943134972143,0.18145124720563938,0.15405443929714627,0.0,0.9999999999999999,0.27306666666666674,5.551115123125783e-17,True,True,True,True,True
1e+22,32768,power,fixed_ref,0.0,0.0,0.38998900123932656,0.42597198642034184,0.1840390123403315,2.097152e-16,1.0,1.092266666666667,2.220446049250313e-16,True,True,True,True,True
1e+22,32768,power,mixture,0.0,0.0,0.3978582387735508,0.43456729227105717,0.16757446895539216,-2.097152e-16,1.0,1.092266666666667,2.220446049250313e-16,True,True,True,True,True
1e+22,131072,power,fixed_ref,0.0,0.0,0.15055110672547464,0.6577678220240472,0.19168107125047837,-2.097152e-16,1.0,4.369066666666667,0.0,True,True,True,True,True
1e+22,131072,power,mixture,0.0,0.0,0.1521737494711525,0.6648572563560967,0.18296899417275092,0.0,1.0,4.369066666666667,0.0,True,True,True,True,True
1e+22,2048,logarithmic,fixed_ref,0.0,0.0,0.7389326101778275,0.05044446618813969,0.21062292363403276,0.0,1.0,0.06826666666666667,0.0,True,True,True,True,True
1e+22,2048,logarithmic,mixture,0.0,0.0,0.7613936042565669,0.05197780338391496,0.18662859235951826,-2.097152e-16,1.0,0.06826666666666666,1.3877787807814457e-17,True,True,True,True,True
1e+22,4096,logarithmic,fixed_ref,0.0,0.0,0.6985122926190993,0.09537021168559438,0.20611749569530613,2.097152e-16,1.0,0.13653333333333337,2.7755575615628914e-17,True,True,True,True,True
1e+22,4096,logarithmic,mixture,0.0,0.0,0.7193092081214726,0.09820968388218507,0.18248110799634232,0.0,1.0,0.13653333333333334,0.0,True,True,True,True,True
1e+22,8192,logarithmic,fixed_ref,0.0,0.0,0.6300020032369906,0.17203254701724757,0.1979654497457617,0.0,0.9999999999999999,0.2730666666666667,0.0,True,True,True,True,True
1e+22,8192,logarithmic,mixture,0.0,0.0,0.6481353580502092,0.1769841617715771,0.17488048017821378,0.0,1.0,0.2730666666666667,0.0,True,True,True,True,True
1e+22,32768,logarithmic,fixed_ref,0.0,0.0,0.39925339036294044,0.43609116984709445,0.1646554397899652,0.0,1.0,1.0922666666666667,0.0,True,True,True,True,True
1e+22,32768,logarithmic,mixture,0.0,0.0,0.40905557028609985,0.44679776423783063,0.14414666547606958,0.0,1.0,1.0922666666666665,2.220446049250313e-16,True,True,True,True,True
1e+22,131072,logarithmic,fixed_ref,0.0,0.0,0.16537892080023872,0.7225515302376299,0.11206954896213173,-2.097152e-16,1.0000000000000002,4.369066666666668,8.881784197001252e-16,True,True,True,True,True
1e+22,131072,logarithmic,mixture,0.0,0.0,0.16826116296256166,0.7351442383942962,0.09659459864314231,-2.097152e-16,1.0,4.369066666666668,8.881784197001252e-16,True,True,True,True,True
1e+24,2048,exponential,fixed_ref,0.0,0.0,0.8497683307432008,0.05801085137873584,0.09222081787806331,0.0,1.0,0.06826666666666667,0.0,True,True,True,True,True
1e+24,2048,exponential,mixture,0.0,0.0,0.8509414802913917,0.058090938387892345,0.09096758132071603,0.0,1.0,0.06826666666666667,0.0,True,True,True,True,True
1e+24,4096,exponential,fixed_ref,0.0,0.0,0.8009810518941618,0.10936061295194956,0.08965833515388853,0.0,0.9999999999999999,0.13653333333333334,0.0,True,True,True,True,True
1e+24,4096,exponential,mixture,0.0,0.0,0.8020560807451631,0.10950739022440627,0.08843652903043063,1.3421772800000001e-16,1.0000000000000002,0.13653333333333334,0.0,True,True,True,True,True
1e+24,8192,exponential,fixed_ref,0.0,0.0,0.7186149699898399,0.19622979447189232,0.08515523553826786,-1.3421772800000001e-16,0.9999999999999999,0.27306666666666674,5.551115123125783e-17,True,True,True,True,True
1e+24,8192,exponential,mixture,0.0,0.0,0.719516104697283,0.19647586432267142,0.08400803098004549,1.3421772800000001e-16,1.0,0.2730666666666667,0.0,True,True,True,True,True
1e+24,32768,exponential,fixed_ref,0.0,0.0,0.4456591011521924,0.48677858088516807,0.06756231796263952,0.0,1.0,1.0922666666666667,0.0,True,True,True,True,True
1e+24,32768,exponential,mixture,0.0,1.128235192487359e-16,0.4461096801056248,0.4872707332567038,0.06661958663767165,-2.6843545600000003e-16,1.0,1.0922666666666667,0.0,True,True,True,True,True
1e+24,131072,exponential,fixed_ref,0.0,0.0,0.17830411443886124,0.7790225629243471,0.042673322636791654,0.0,1.0,4.369066666666665,1.7763568394002505e-15,True,True,True,True,True
1e+24,131072,exponential,mixture,1.3421772800000001e-16,0.0,0.1784253042548519,0.7795520493097315,0.0420226464354166,0.0,1.0,4.369066666666666,8.881784197001252e-16,True,True,True,True,True
1e+24,2048,power,fixed_ref,0.0,0.0,0.8334688725739745,0.056898141701049995,0.10963298572497553,-1.3421772800000001e-16,0.9999999999999999,0.06826666666666667,0.0,True,True,True,True,True
1e+24,2048,power,mixture,0.0,0.0,0.8356800640617135,0.05704909237327964,0.10727084356500674,2.6843545600000003e-16,1.0,0.06826666666666667,0.0,True,True,True,True,True
1e+24,4096,power,fixed_ref,0.0,0.0,0.7859745380993676,0.10731172360183365,0.10671373829879877,0.0,1.0,0.13653333333333334,0.0,True,True,True,True,True
1e+24,4096,power,mixture,0.0,0.0,0.7880040605490335,0.10758882106696137,0.10440711838400514,0.0,1.0,0.13653333333333334,0.0,True,True,True,True,True
1e+24,8192,power,fixed_ref,0.0,0.0,0.705745379483137,0.19271553829086197,0.10153908222600101,1.3421772800000001e-16,1.0000000000000002,0.2730666666666667,0.0,True,True,True,True,True
1e+24,8192,power,mixture,0.0,0.0,0.7075136650197247,0.19319839812805284,0.09928793685222241,0.0,0.9999999999999999,0.2730666666666667,0.0,True,True,True,True,True
1e+24,32768,power,fixed_ref,0.0,1.167101066773083e-16,0.4391634181949156,0.47968356291369985,0.08115301889138467,-2.6843545600000003e-16,1.0,1.0922666666666667,0.0,True,True,True,True,True
1e+24,32768,power,mixture,0.0,0.0,0.4400424073987961,0.4806436535214583,0.07931393907974575,-1.3421772800000001e-16,1.0,1.0922666666666667,0.0,True,True,True,True,True
1e+24,131072,power,fixed_ref,0.0,0.0,0.17660446387886455,0.7715966763176845,0.05179885980345105,0.0,1.0,4.369066666666667,0.0,True,True,True,True,True
1e+24,131072,power,mixture,0.0,0.0,0.17683870363200374,0.772620085415133,0.0505412109528632,0.0,1.0,4.369066666666666,8.881784197001252e-16,True,True,True,True,True
1e+24,2048,logarithmic,fixed_ref,0.0,0.0,0.8984723574441698,0.061335712934855326,0.04019192962097512,-1.3421772800000001e-16,1.0,0.06826666666666667,0.0,True,True,True,True,True
1e+24,2048,logarithmic,mixture,0.0,0.0,0.9044041826214579,0.06174065886695821,0.033855158511583834,0.0,1.0,0.06826666666666668,1.3877787807814457e-17,True,True,True,True,True
1e+24,4096,logarithmic,fixed_ref,0.0,0.0,0.8455989515745205,0.11545244352164119,0.03894860490383843,-1.3421772800000001e-16,0.9999999999999999,0.13653333333333334,0.0,True,True,True,True,True
1e+24,4096,logarithmic,mixture,0.0,0.0,0.8510078947507335,0.11619094456330017,0.032801160685966335,1.3421772800000001e-16,1.0000000000000002,0.13653333333333337,2.7755575615628914e-17,True,True,True,True,True
1e+24,8192,logarithmic,fixed_ref,0.0,0.0,0.7566103135378395,0.2066050562833994,0.03678463017876109,0.0,1.0,0.2730666666666667,0.0,True,True,True,True,True
1e+24,8192,logarithmic,mixture,0.0,0.0,0.7611910924141335,0.20785591430188605,0.030952993283980608,-1.3421772800000001e-16,1.0,0.2730666666666666,5.551115123125783e-17,True,True,True,True,True
1e+24,32768,logarithmic,fixed_ref,1.3421772800000001e-16,0.0,0.4643158982221673,0.5071567784314659,0.02852732334636692,-2.6843545600000003e-16,1.0,1.0922666666666665,2.220446049250313e-16,True,True,True,True,True
1e+24,32768,logarithmic,mixture,0.0,0.0,0.4665095016485847,0.5095527783340275,0.02393772001738795,-1.3421772800000001e-16,1.0,1.0922666666666667,0.0,True,True,True,True,True
1e+24,131072,logarithmic,fixed_ref,0.0,0.0,0.18300484439704298,0.7995603654936406,0.017434790109316353,0.0,1.0,4.369066666666667,0.0,True,True,True,True,True
1e+24,131072,logarithmic,mixture,1.3421772800000001e-16,0.0,0.18353753661075878,0.8018877332881793,0.01457473010106199,0.0,1.0,4.369066666666668,8.881784197001252e-16,True,True,True,True,True
1e+19,2048,exponential,fixed_ref,0.0,0.0,0.7993910311350122,0.05457176105881684,0.14603720780617074,2.048e-16,1.0,0.06826666666666667,0.0,True,True,True,True,True
1e+19,2048,exponential,mixture,0.0,0.0,0.8050351686665552,0.0549570675143035,0.14000776381914143,0.0,1.0000000000000002,0.06826666666666667,0.0,True,True,True,True,True
1e+19,4096,exponential,fixed_ref,0.0,0.0,0.7518087175624651,0.10264695023786191,0.145544332199673,0.0,1.0,0.13653333333333334,0.0,True,True,True,True,True
1e+19,4096,exponential,mixture,0.0,0.0,0.7569265146688263,0.10334570013611709,0.13972778519505658,0.0,1.0,0.13653333333333334,0.0,True,True,True,True,True
1e+19,8192,exponential,fixed_ref,0.0,0.0,0.6718998912775244,0.18347346364484932,0.14462664507762643,-2.048e-16,0.9999999999999998,0.2730666666666667,0.0,True,True,True,True,True
1e+19,8192,exponential,mixture,0.0,0.0,0.6761781301745298,0.18464170807965827,0.13918016174581196,0.0,1.0,0.2730666666666667,0.0,True,True,True,True,True
1e+19,32768,exponential,fixed_ref,0.0,1.8091518992403325e-16,0.41079610550178036,0.44869889283607806,0.14050500166214155,0.0,0.9999999999999999,1.092266666666667,2.220446049250313e-16,True,True,True,True,True
1e+19,32768,exponential,mixture,0.0,1.789072848145197e-16,0.4127622698850949,0.4508464686531597,0.13639126146174557,0.0,1.0000000000000002,1.0922666666666667,0.0,True,True,True,True,True
1e+19,131072,exponential,fixed_ref,0.0,0.0,0.16157770472636312,0.7059437637964624,0.13247853147717456,0.0,1.0,4.369066666666668,8.881784197001252e-16,True,True,True,True,True
1e+19,131072,exponential,mixture,0.0,0.0,0.16202793354912334,0.7079108435383564,0.1300612229125203,-2.048e-16,0.9999999999999998,4.369066666666666,8.881784197001252e-16,True,True,True,True,True
1e+19,2048,power,fixed_ref,0.0,0.0,0.7600582253655352,0.05188664151828721,0.18805513311617753,0.0,1.0,0.06826666666666667,0.0,True,True,True,True,True
1e+19,2048,power,mixture,0.0,0.0,0.7715680994796615,0.05267238225781157,0.1757595182625266,2.048e-16,0.9999999999999999,0.06826666666666667,0.0,True,True,True,True,True
1e+19,4096,power,fixed_ref,0.0,0.0,0.7139640303754154,0.09747988894725672,0.1885560806773279,-2.048e-16,0.9999999999999998,0.13653333333333334,0.0,True,True,True,True,True
1e+19,4096,power,mixture,0.0,0.0,0.7243408479925418,0.09889667044591506,0.17676248156154298,2.048e-16,1.0,0.13653333333333337,2.7755575615628914e-17,True,True,True,True,True
1e+19,8192,power,fixed_ref,0.0,0.0,0.6367129992678703,0.17386509633341315,0.1894219043987165,0.0,1.0,0.27306666666666674,5.551115123125783e-17,True,True,True,True,True
1e+19,8192,power,mixture,0.0,0.0,0.6452974516018634,0.17620922411741546,0.17849332428072132,0.0,1.0000000000000002,0.2730666666666666,5.551115123125783e-17,True,True,True,True,True
1e+19,32768,power,fixed_ref,0.0,0.0,0.3859212946619357,0.42152896611607704,0.19254973922198712,0.0,0.9999999999999999,1.092266666666667,2.220446049250313e-16,True,True,True,True,True
1e+19,32768,power,mixture,0.0,0.0,0.3896870789936878,0.4256422068155054,0.18467071419080675,0.0,0.9999999999999999,1.0922666666666667,0.0,True,True,True,True,True
1e+19,131072,power,fixed_ref,0.0,0.0,0.154555619306841,0.6752638044595424,0.17018057623361682,-2.048e-16,1.0,4.369066666666669,1.7763568394002505e-15,True,True,True,True,True
1e+19,131072,power,mixture,0.0,0.0,0.15515488519593004,0.6778820370800315,0.16696307772403862,0.0,1.0,4.369066666666667,0.0,True,True,True,True,True
1e+19,2048,logarithmic,fixed_ref,0.0,0.0,0.8057936849007412,0.05500884888922394,0.13919746621003468,2.048e-16,1.0,0.06826666666666667,0.0,True,True,True,True,True
1e+19,2048,logarithmic,mixture,0.0,0.0,0.8228222701689369,0.05617133364353277,0.12100639618753009,2.048e-16,1.0,0.06826666666666668,1.3877787807814457e-17,True,True,True,True,True
1e+19,4096,logarithmic,fixed_ref,0.0,0.0,0.7604221226141216,0.10382296714091473,0.13575491024496356,2.048e-16,1.0,0.13653333333333334,0.0,True,True,True,True,True
1e+19,4096,logarithmic,mixture,0.0,0.0,0.7761537004397294,0.10597085190003773,0.11787544766023265,2.048e-16,1.0,0.13653333333333334,0.0,True,True,True,True,True
1e+19,8192,logarithmic,fixed_ref,0.0,0.0,0.6837706617890327,0.18671497537919185,0.12951436283177556,0.0,1.0000000000000002,0.2730666666666667,0.0,True,True,True,True,True
1e+19,8192,logarithmic,mixture,0.0,0.0,0.6973110873017645,0.19041241423920185,0.11227649845903355,0.0,0.9999999999999999,0.27306666666666674,5.551115123125783e-17,True,True,True,True,True
1e+19,32768,logarithmic,fixed_ref,0.0,0.0,0.42785831309077704,0.467335373445286,0.10480631346393697,0.0,1.0,1.0922666666666665,2.220446049250313e-16,True,True,True,True,True
1e+19,32768,logarithmic,mixture,0.0,0.0,0.43486246468845396,0.47498577476370873,0.09015176054783723,0.0,1.0,1.092266666666667,2.220446049250313e-16,True,True,True,True,True
1e+19,131072,logarithmic,fixed_ref,0.0,0.0,0.173559697018083,0.7582938869184725,0.0681464160634446,0.0,1.0000000000000002,4.369066666666667,0.0,True,True,True,True,True
1e+19,131072,logarithmic,mixture,0.0,0.0,0.17545667797076558,0.7665819231661395,0.057961398863095,0.0,1.0,4.369066666666666,8.881784197001252e-16,True,True,True,True,True
1e+22,2048,exponential,fixed_ref,0.0,0.0,0.9164047810397458,0.06255989971897999,0.021035319241274265,0.0,1.0,0.06826666666666668,1.3877787807814457e-17,True,True,True,True,True
1e+22,2048,exponential,mixture,0.0,0.0,0.9167117080481249,0.062580852602752,0.020707439349123107,0.0,1.0,0.06826666666666667,0.0,True,True,True,True,True
1e+22,4096,exponential,fixed_ref,0.0,0.0,0.8619482175622488,0.11768466330449906,0.020367119133252228,-2.097152e-16,0.9999999999999998,0.13653333333333337,2.7755575615628914e-17,True,True,True,True,True
1e+22,4096,exponential,mixture,0.0,0.0,0.8622362221414896,0.11772398552971806,0.02003979232879222,0.0,1.0,0.13653333333333334,0.0,True,True,True,True,True
1e+22,8192,exponential,fixed_ref,0.0,0.0,0.7704368620669803,0.21038062580175673,0.019182512131263145,-2.097152e-16,1.0,0.2730666666666667,0.0,True,True,True,True,True
1e+22,8192,exponential,mixture,0.0,0.0,0.7706721655610348,0.21044487934253325,0.018882955096431838,0.0,0.9999999999999998,0.2730666666666667,0.0,True,True,True,True,True
1e+22,32768,exponential,fixed_ref,0.0,0.0,0.4709018572239562,0.5143504019171533,0.014747740858890615,-2.097152e-16,0.9999999999999998,1.0922666666666667,0.0,True,True,True,True,True
1e+22,32768,exponential,mixture,0.0,0.0,0.4710124205457083,0.514471166548059,0.014516412906232592,2.097152e-16,1.0,1.0922666666666667,0.0,True,True,True,True,True
1e+22,131072,exponential,fixed_ref,0.0,0.0,0.18459271176647601,0.8064978638885182,0.008909424345006025,-2.097152e-16,1.0,4.369066666666667,0.0,True,True,True,True,True
1e+22,131072,exponential,mixture,0.0,0.0,0.18461889233095297,0.806612248520089,0.008768859148958074,0.0,1.0,4.369066666666667,0.0,True,True,True,True,True
1e+22,2048,power,fixed_ref,0.0,0.0,0.9119510509116847,0.06225585840890434,0.025793090679411004,-2.097152e-16,0.9999999999999998,0.06826666666666666,1.3877787807814457e-17,True,True,True,True,True
1e+22,2048,power,mixture,0.0,0.0,0.9125642224009718,0.06229771758257301,0.025138060016455265,0.0,1.0,0.06826666666666667,0.0,True,True,True,True,True
1e+22,4096,power,fixed_ref,0.0,0.0,0.8578915887072682,0.11713079824483236,0.02497761304789916,4.194304e-16,1.0000000000000002,0.13653333333333334,0.0,True,True,True,True,True
1e+22,4096,power,mixture,0.0,0.0,0.8584501632659207,0.11720706229124038,0.024342774442838964,0.0,1.0,0.13653333333333334,0.0,True,True,True,True,True
1e+22,8192,power,fixed_ref,0.0,0.0,0.767007573617876,0.20944420143592132,0.023548224946202904,-2.097152e-16,1.0,0.2730666666666667,0.0,True,True,True,True,True
1e+22,8192,power,mixture,0.0,0.0,0.7674783768703272,0.20957276211072398,0.02294886101894907,-2.097152e-16,1.0,0.2730666666666666,5.551115123125783e-17,True,True,True,True,True
1e+22,32768,power,fixed_ref,0.0,0.0,0.4692782947373204,0.5125770387317505,0.01814466653092925,-2.097152e-16,1.0,1.0922666666666667,0.0,True,True,True,True,True
1e+22,32768,power,mixture,0.0,0.0,0.46950429311267355,0.5128238892238696,0.017671817663456952,0.0,1.0,1.0922666666666667,0.0,True,True,True,True,True
1e+22,131072,power,fixed_ref,0.0,0.0,0.18420472129814056,0.8048027076663294,0.010992571035530129,-2.097152e-16,1.0,4.369066666666668,8.881784197001252e-16,True,True,True,True,True
1e+22,131072,power,mixture,0.0,0.0,0.18425845459196996,0.8050374720092895,0.010704073398740514,0.0,1.0,4.369066666666667,0.0,True,True,True,True,True
1e+22,2048,logarithmic,fixed_ref,0.0,0.0,0.9282758902286256,0.06337030077294084,0.008353808998433606,0.0,1.0,0.06826666666666667,0.0,True,True,True,True,True
1e+22,2048,logarithmic,mixture,0.0,0.0,0.9295781439655706,0.06345920129471629,0.006962654739713079,0.0,0.9999999999999999,0.06826666666666667,0.0,True,True,True,True,True
1e+22,4096,logarithmic,fixed_ref,0.0,0.0,0.8727582300909069,0.11916059034841181,0.00808117956068137,-2.097152e-16,1.0,0.1365333333333333,2.7755575615628914e-17,True,True,True,True,True
1e+22,4096,logarithmic,mixture,0.0,0.0,0.873945478286141,0.11932268930200111,0.006731832411857752,2.097152e-16,1.0,0.13653333333333334,0.0,True,True,True,True,True
1e+22,8192,logarithmic,fixed_ref,0.0,0.0,0.7795334873877121,0.2128646109560046,0.007601901656283432,0.0,1.0000000000000002,0.2730666666666667,0.0,True,True,True,True,True
1e+22,8192,logarithmic,mixture,0.0,0.0,0.780530945794144,0.21313698359818756,0.006332070607668507,0.0,1.0,0.2730666666666666,5.551115123125783e-17,True,True,True,True,True
1e+22,32768,logarithmic,fixed_ref,0.0,0.0,0.47517295373715074,0.5190155782686319,0.005811467994217586,-2.097152e-16,1.0,1.0922666666666667,0.0,True,True,True,True,True
1e+22,32768,logarithmic,mixture,0.0,0.0,0.4756387539412877,0.5195243563049372,0.004836889753775157,-2.097152e-16,0.9999999999999998,1.0922666666666667,0.0,True,True,True,True,True
1e+22,131072,logarithmic,fixed_ref,0.0,0.0,0.18560341473365843,0.810913692532336,0.0034828927340056224,-2.097152e-16,0.9999999999999998,4.369066666666667,0.0,True,True,True,True,True
1e+22,131072,logarithmic,mixture,0.0,0.0,0.1857124125061163,0.8113899110667224,0.0028976764271613845,0.0,1.0,4.369066666666666,8.881784197001252e-16,True,True,True,True,True
1e+24,2048,exponential,fixed_ref,0.0,0.0,0.9335340148685116,0.06372925541502372,0.002736729716464709,-1.3421772800000001e-16,0.9999999999999999,0.06826666666666666,1.3877787807814457e-17,True,True,True,True,True
1e+24,2048,exponential,mixture,0.0,0.0,0.9335759159346406,0.06373211586113814,0.002691968204221187,1.3421772800000001e-16,1.0000000000000002,0.06826666666666667,0.0,True,True,True,True,True
1e+24,4096,exponential,fixed_ref,0.0,0.0,0.8775402293705035,0.11981349265005276,0.0026462779794436168,1.3421772800000001e-16,0.9999999999999999,0.13653333333333334,0.0,True,True,True,True,True
1e+24,4096,exponential,mixture,0.0,0.0,0.8775783153274602,0.11981869265270924,0.002602992019830542,0.0,1.0,0.13653333333333334,0.0,True,True,True,True,True
1e+24,8192,exponential,fixed_ref,0.0,0.0,0.7835505489560108,0.2139615365682547,0.002487914475734519,0.0,1.0,0.2730666666666667,0.0,True,True,True,True,True
1e+24,8192,exponential,mixture,1.3421772800000001e-16,0.0,0.7835825205075462,0.21397026693326063,0.002447212559193079,1.3421772800000001e-16,1.0,0.2730666666666667,0.0,True,True,True,True,True
1e+24,32768,exponential,fixed_ref,0.0,0.0,0.4770441687400355,0.5210594440424494,0.0018963872175151689,-1.3421772800000001e-16,0.9999999999999999,1.0922666666666665,2.220446049250313e-16,True,True,True,True,True
1e+24,32768,exponential,mixture,0.0,0.0,0.47705900562207487,0.5210756498741383,0.0018653445037867902,0.0,1.0,1.0922666666666667,0.0,True,True,True,True,True
1e+24,131072,exponential,fixed_ref,1.3421772800000001e-16,0.0,0.18604112569059242,0.8128260808839111,0.0011327934254968584,-4.02653184e-16,0.9999999999999998,4.369066666666667,0.0,True,True,True,True,True
1e+24,131072,exponential,mixture,0.0,0.0,0.18604458198932974,0.8128411816835144,0.001114236327156153,-1.3421772800000001e-16,1.0,4.369066666666667,0.0,True,True,True,True,True
1e+24,2048,power,fixed_ref,1.3421772800000001e-16,0.0,0.9329242065634946,0.06368762583473457,0.0033881676017708424,0.0,1.0,0.06826666666666667,0.0,True,True,True,True,True
1e+24,2048,power,mixture,0.0,0.0,0.9330095803216111,0.06369345401662198,0.003296965661767085,-1.3421772800000001e-16,1.0,0.06826666666666666,1.3877787807814457e-17,True,True,True,True,True
1e+24,4096,power,fixed_ref,0.0,0.0,0.8769873426096889,0.11973800517764287,0.003274652212668096,0.0,0.9999999999999999,0.13653333333333334,0.0,True,True,True,True,True
1e+24,4096,power,mixture,0.0,0.0,0.8770635352451215,0.11974840801213392,0.003188056742744569,0.0,1.0,0.13653333333333334,0.0,True,True,True,True,True
1e+24,8192,power,fixed_ref,0.0,0.0,0.7830864051770542,0.21383479437368094,0.003078800449264925,-1.3421772800000001e-16,0.9999999999999999,0.2730666666666667,0.0,True,True,True,True,True
1e+24,8192,power,mixture,0.0,0.0,0.783151523131405,0.2138525759164157,0.0029959009521792544,0.0,1.0,0.27306666666666674,5.551115123125783e-17,True,True,True,True,True
1e+24,32768,power,fixed_ref,0.0,0.0,0.4768281934776266,0.5208235414624957,0.0023482650598778197,-1.3421772800000001e-16,0.9999999999999999,1.0922666666666667,0.0,True,True,True,True,True
1e+24,32768,power,mixture,0.0,0.0,0.4768584354419375,0.520856573752047,0.002284990806015653,-2.6843545600000003e-16,1.0,1.0922666666666667,0.0,True,True,True,True,True
1e+24,131072,power,fixed_ref,0.0,0.0,0.18599067555434776,0.8126056608753156,0.001403663570336867,-2.6843545600000003e-16,1.0,4.369066666666667,0.0,True,True,True,True,True
1e+24,131072,power,mixture,1.3421772800000001e-16,0.0,0.18599772644655138,0.8126364666934128,0.0013658068600360396,-2.6843545600000003e-16,1.0,4.369066666666667,0.0,True,True,True,True,True
1e+24,2048,logarithmic,fixed_ref,0.0,0.0,0.9351025563634336,0.06383633451441041,0.001061109122155729,2.6843545600000003e-16,1.0,0.06826666666666667,0.0,True,True,True,True,True
1e+24,2048,logarithmic,mixture,0.0,0.0,0.9352701991370389,0.06384777892775519,0.0008820219352058052,0.0,0.9999999999999999,0.06826666666666667,0.0,True,True,True,True,True
1e+24,4096,logarithmic,fixed_ref,0.0,0.0,0.8789658774666894,0.12000814113678536,0.0010259813965250622,2.6843545600000003e-16,1.0000000000000002,0.13653333333333337,2.7755575615628914e-17,True,True,True,True,True
1e+24,4096,logarithmic,mixture,0.0,0.0,0.8791186068859761,0.1200289937934986,0.0008523993205252763,0.0,1.0,0.13653333333333334,0.0,True,True,True,True,True
1e+24,8192,logarithmic,fixed_ref,0.0,0.0,0.7847475787605308,0.21428840550687564,0.0009640157325936509,-1.3421772800000001e-16,1.0,0.2730666666666667,0.0,True,True,True,True,True
1e+24,8192,logarithmic,mixture,0.0,0.0,0.7848753910242844,0.21432330677569794,0.0008013022000177211,0.0,1.0,0.2730666666666667,0.0,True,True,True,True,True
1e+24,32768,logarithmic,fixed_ref,0.0,0.0,0.4775994722134697,0.521665983516366,0.0007345442701642979,0.0,1.0,1.092266666666667,2.220446049250313e-16,True,True,True,True,True
1e+24,32768,logarithmic,mixture,0.0,0.0,0.47765888385843347,0.5217308768757716,0.0006102392657949529,0.0,1.0,1.0922666666666667,0.0,True,True,True,True,True
1e+24,131072,logarithmic,fixed_ref,0.0,0.0,0.18617046650879382,0.8133911795413543,0.00043835394985202656,0.0,1.0000000000000002,4.369066666666668,8.881784197001252e-16,True,True,True,True,True
1e+24,131072,logarithmic,mixture,0.0,0.0,0.18618428637030274,0.8134515594376107,0.00036415419208669675,-1.3421772800000001e-16,1.0,4.369066666666667,0.0,True,True,True,True,True
1e+19,2048,exponential,fixed_ref,0.0,0.0,0.9250847670306218,0.06315245342929046,0.011762779540087696,2.048e-16,1.0,0.06826666666666668,1.3877787807814457e-17,True,True,True,True,True
1e+19,2048,exponential,mixture,0.0,0.0,0.925257998195676,0.06316427934349148,0.011577722460832742,-2.048e-16,1.0,0.06826666666666666,1.3877787807814457e-17,True,True,True,True,True
1e+19,4096,exponential,fixed_ref,0.0,0.0,0.869853116922581,0.11876394556382973,0.011382937513589075,0.0,0.9999999999999999,0.13653333333333334,0.0,True,True,True,True,True
1e+19,4096,exponential,mixture,0.0,0.0,0.8700155314539729,0.11878612056118244,0.011198347984844616,0.0,1.0,0.13653333333333334,0.0,True,True,True,True,True
1e+19,8192,exponential,fixed_ref,0.0,0.0,0.7770900532985622,0.2121973905540607,0.010712556147377247,0.0,1.0000000000000002,0.2730666666666666,5.551115123125783e-17,True,True,True,True,True
1e+19,8192,exponential,mixture,0.0,0.0,0.7772266009683562,0.21223467717109246,0.010538721860551534,0.0,1.0000000000000002,0.2730666666666667,0.0,True,True,True,True,True
1e+19,32768,exponential,fixed_ref,0.0,0.0,0.47403062275794255,0.5177678482177421,0.008201529024315366,0.0,1.0,1.092266666666667,2.220446049250313e-16,True,True,True,True,True
1e+19,32768,exponential,mixture,0.0,0.0,0.4740943908127111,0.517837499938364,0.008068109248924864,0.0,1.0,1.092266666666667,2.220446049250313e-16,True,True,True,True,True
1e+19,131072,exponential,fixed_ref,0.0,0.0,0.18533462468518963,0.8097393308912393,0.004926044423571196,-2.048e-16,1.0,4.369066666666667,0.0,True,True,True,True,True
1e+19,131072,exponential,mixture,0.0,0.0,0.18534959853592614,0.8098047526433638,0.004845648820710104,-2.048e-16,0.9999999999999998,4.369066666666667,0.0,True,True,True,True,True
1e+19,2048,power,fixed_ref,0.0,0.0,0.9225259317864017,0.06297777027661837,0.01449629793697975,0.0,0.9999999999999998,0.06826666666666668,1.3877787807814457e-17,True,True,True,True,True
1e+19,2048,power,mixture,0.0,0.0,0.9228808428155847,0.06300199886954391,0.014117158314871583,-2.048e-16,1.0,0.06826666666666667,0.0,True,True,True,True,True
1e+19,4096,power,fixed_ref,0.0,0.0,0.8675305207943768,0.1184468337724589,0.014022645433164302,0.0,1.0,0.13653333333333334,0.0,True,True,True,True,True
1e+19,4096,power,mixture,0.0,0.0,0.8678533650497152,0.1184909127747878,0.013655722175496723,2.048e-16,1.0,0.13653333333333334,0.0,True,True,True,True,True
1e+19,8192,power,fixed_ref,0.0,0.0,0.775132008760977,0.2116627138589975,0.013205277380025629,0.0,1.0,0.27306666666666674,5.551115123125783e-17,True,True,True,True,True
1e+19,8192,power,mixture,0.0,0.0,0.7754036477629729,0.21173688941580915,0.012859462821217794,0.0,0.9999999999999998,0.2730666666666667,0.0,True,True,True,True,True
1e+19,32768,power,fixed_ref,0.0,0.0,0.473113282144169,0.5167658676433377,0.010120850212493392,0.0,1.0,1.0922666666666667,0.0,True,True,True,True,True
1e+19,32768,power,mixture,0.0,0.0,0.47324034409449367,0.5169046531762791,0.009855002729227177,-2.048e-16,0.9999999999999997,1.092266666666667,2.220446049250313e-16,True,True,True,True,True
1e+19,131072,power,fixed_ref,0.0,0.0,0.18511793199181648,0.8087925860677123,0.0060894819404712286,0.0,1.0,4.369066666666667,0.0,True,True,True,True,True
1e+19,131072,power,mixture,0.0,0.0,0.18514838103684728,0.8089256199753883,0.005925998987764496,0.0,1.0,4.369066666666667,0.0,True,True,True,True,True
1e+19,2048,logarithmic,fixed_ref,0.0,0.0,0.9317753726824552,0.06360919877512228,0.004615428542422507,0.0,1.0,0.06826666666666667,0.0,True,True,True,True,True
1e+19,2048,logarithmic,mixture,0.0,0.0,0.9325006394218404,0.06365871031786431,0.003840650260295241,0.0,0.9999999999999999,0.06826666666666668,1.3877787807814457e-17,True,True,True,True,True
1e+19,4096,logarithmic,fixed_ref,0.0,0.0,0.8759416103665568,0.11959522786871388,0.004463161764729143,0.0,0.9999999999999999,0.1365333333333333,2.7755575615628914e-17,True,True,True,True,True
1e+19,4096,logarithmic,mixture,0.0,0.0,0.876600907420726,0.11968524389317647,0.003713848686097306,0.0,0.9999999999999998,0.13653333333333334,0.0,True,True,True,True,True
1e+19,8192,logarithmic,fixed_ref,0.0,0.0,0.7822084260513467,0.2135950475404211,0.004196526408232068,2.048e-16,1.0,0.27306666666666674,5.551115123125783e-17,True,True,True,True,True
1e+19,8192,logarithmic,mixture,0.0,0.0,0.782761975308684,0.21374620339095798,0.0034918213003579143,0.0,0.9999999999999999,0.2730666666666667,0.0,True,True,True,True,True
1e+19,32768,logarithmic,fixed_ref,0.0,0.0,0.47641957797744516,0.520377224372164,0.0032031976503907305,0.0,0.9999999999999999,1.0922666666666665,2.220446049250313e-16,True,True,True,True,True
1e+19,32768,logarithmic,mixture,0.0,0.0,0.47667750455011787,0.5206589489699421,0.002663546479939995,0.0,1.0,1.0922666666666667,0.0,True,True,True,True,True
1e+19,131072,logarithmic,fixed_ref,0.0,0.0,0.18589537186200755,0.8121892726899018,0.0019153554480905845,0.0,1.0,4.369066666666667,0.0,True,True,True,True,True
1e+19,131072,logarithmic,mixture,0.0,0.0,0.1859555371762142,0.8124521389586916,0.0015923238650942615,-2.048e-16,0.9999999999999998,4.369066666666667,0.0,True,True,True,True,True
1e+22,2048,exponential,fixed_ref,0.0,0.0,0.9355970434134417,0.0638700914970243,0.0005328650895338932,0.0,0.9999999999999999,0.06826666666666668,1.3877787807814457e-17,True,True,True,True,True
1e+22,2048,exponential,mixture,0.0,0.0,0.9356052196496673,0.06387064966141728,0.0005241306889155695,0.0,1.0000000000000002,0.06826666666666667,0.0,True,True,True,True,True
1e+22,4096,exponential,fixed_ref,0.0,0.0,0.8794153954214363,0.12006951532154012,0.0005150892570235194,0.0,0.9999999999999999,0.13653333333333334,0.0,True,True,True,True,True
1e+22,4096,exponential,mixture,0.0,0.0,0.8794228243084128,0.12007052961224196,0.000506646079345259,0.0,1.0,0.13653333333333334,0.0,True,True,True,True,True
1e+22,8192,exponential,fixed_ref,0.0,0.0,0.7851246611351308,0.21439137413396636,0.0004839647309030133,0.0,1.0000000000000002,0.2730666666666666,5.551115123125783e-17,True,True,True,True,True
1e+22,8192,exponential,mixture,0.0,0.0,0.7851308927313526,0.21439307577517472,0.0004760314934727118,0.0,1.0,0.2730666666666667,0.0,True,True,True,True,True
1e+22,32768,exponential,fixed_ref,0.0,0.0,0.47777431763683986,0.5218569613441324,0.00036872101902768174,2.097152e-16,1.0,1.092266666666667,2.220446049250313e-16,True,True,True,True,True
1e+22,32768,exponential,mixture,0.0,0.0,0.47777720676527324,0.5218601170428158,0.00036267619191111285,0.0,1.0000000000000002,1.0922666666666667,0.0,True,True,True,True,True
1e+22,131072,exponential,fixed_ref,0.0,0.0,0.18621115380844605,0.8135689450660214,0.00021990112553257557,0.0,1.0,4.369066666666667,0.0,True,True,True,True,True
1e+22,131072,exponential,mixture,0.0,0.0,0.18621180556871758,0.8135717926500985,0.0002164017811842697,-2.097152e-16,1.0000000000000002,4.369066666666668,8.881784197001252e-16,True,True,True,True,True
1e+22,2048,power,fixed_ref,0.0,0.0,0.9354776800218866,0.06386194295616081,0.0006603770219526213,0.0,1.0,0.06826666666666668,1.3877787807814457e-17,True,True,True,True,True
1e+22,2048,power,mixture,0.0,0.0,0.9354943642661596,0.06386308193390318,0.0006425537999371422,2.097152e-16,1.0000000000000002,0.06826666666666668,1.3877787807814457e-17,True,True,True,True,True
1e+22,4096,power,fixed_ref,0.0,0.0,0.8793069419529986,0.12005470780798275,0.0006383502390186956,-2.097152e-16,0.9999999999999998,0.13653333333333334,0.0,True,True,True,True,True
1e+22,4096,power,mixture,0.0,0.0,0.8793221012975906,0.12005677756383104,0.0006211211385784431,0.0,1.0,0.13653333333333334,0.0,True,True,True,True,True
1e+22,8192,power,fixed_ref,0.0,0.0,0.7850336860526386,0.21436653187144053,0.0005997820759209425,0.0,1.0,0.2730666666666667,0.0,True,True,True,True,True
1e+22,8192,power,mixture,0.0,0.0,0.7850464023952815,0.21437000428073819,0.0005835933239803127,0.0,0.9999999999999999,0.2730666666666667,0.0,True,True,True,True,True
1e+22,32768,power,fixed_ref,0.0,0.0,0.4777321380030065,0.5218108899360838,0.00045697206090969465,0.0,1.0,1.0922666666666665,2.220446049250313e-16,True,True,True,True,True
1e+22,32768,power,mixture,0.0,0.0,0.47773803394058617,0.521817329872171,0.00044463618724274316,2.097152e-16,1.0000000000000002,1.0922666666666667,0.0,True,True,True,True,True
1e+22,131072,power,fixed_ref,0.0,0.0,0.18620134918932166,0.8135261080314256,0.0002725427792529394,-2.097152e-16,1.0,4.369066666666666,8.881784197001252e-16,True,True,True,True,True
1e+22,131072,power,mixture,0.0,0.0,0.18620271973688304,0.8135320960450912,0.0002651842180260788,-4.194304e-16,1.0,4.369066666666667,0.0,True,True,True,True,True
1e+22,2048,logarithmic,fixed_ref,0.0,0.0,0.935902997783611,0.06389097798202785,0.00020602423436121201,0.0,1.0,0.06826666666666667,0.0,True,True,True,True,True
1e+22,2048,logarithmic,mixture,0.0,0.0,0.9359356490507866,0.06389320697520036,0.00017114397401311982,0.0,1.0000000000000002,0.06826666666666666,1.3877787807814457e-17,True,True,True,True,True
1e+22,4096,logarithmic,fixed_ref,0.0,0.0,0.8796933810668287,0.12010746962832435,0.00019914930484689247,2.097152e-16,1.0,0.13653333333333334,0.0,True,True,True,True,True
1e+22,4096,logarithmic,mixture,0.0,0.0,0.8797230471702829,0.12011152004031596,0.00016543278940109562,0.0,1.0,0.13653333333333334,0.0,True,True,True,True,True
1e+22,8192,logarithmic,fixed_ref,0.0,0.0,0.7853578403583394,0.2144550476071839,0.00018711203447681956,-2.097152e-16,1.0,0.2730666666666667,0.0,True,True,True,True,True
1e+22,8192,logarithmic,mixture,0.0,1.9258538896343135e-16,0.7853827242789555,0.2144618425764401,0.00015543314460453168,-2.097152e-16,0.9999999999999998,0.2730666666666666,5.551115123125783e-17,True,True,True,True,True
1e+22,32768,logarithmic,fixed_ref,0.0,0.0,0.47788245154056025,0.5219750724027027,0.00014247605673703333,0.0,1.0,1.092266666666667,2.220446049250313e-16,True,True,True,True,True
1e+22,32768,logarithmic,mixture,0.0,0.0,0.47789398100647545,0.5219876656540062,0.00011835333951828539,2.097152e-16,1.0,1.0922666666666665,2.220446049250313e-16,True,True,True,True,True
1e+22,131072,logarithmic,fixed_ref,0.0,0.0,0.18623627847408858,0.8136787164051912,8.500512072056819e-05,-4.194304e-16,1.0,4.369066666666666,8.881784197001252e-16,True,True,True,True,True
1e+22,131072,logarithmic,mixture,0.0,0.0,0.18623895919354608,0.8136904286472159,7.061215923826179e-05,-2.097152e-16,1.0,4.369066666666668,8.881784197001252e-16,True,True,True,True,True
1e+24,2048,exponential,fixed_ref,0.0,1.118968792300747e-16,0.9360334273502324,0.06389988197377586,6.66906759917205e-05,0.0,1.0,0.06826666666666666,1.3877787807814457e-17,True,True,True,True,True
1e+24,2048,exponential,mixture,0.0,0.0,0.9360344511157059,0.06389995186283219,6.559702146188465e-05,0.0,1.0,0.06826666666666667,0.0,True,True,True,True,True
1e+24,4096,exponential,fixed_ref,0.0,0.0,0.8798118915308522,0.12012365025701237,6.445821213544234e-05,0.0,0.9999999999999999,0.13653333333333337,2.7755575615628914e-17,True,True,True,True,True
1e+24,4096,exponential,mixture,0.0,0.0,0.8798128215932107,0.12012377724152637,6.340116526276e-05,1.3421772800000001e-16,0.9999999999999999,0.13653333333333334,0.0,True,True,True,True,True
1e+24,8192,exponential,fixed_ref,0.0,0.0,0.7854572417247645,0.21448219080697567,6.056746825985834e-05,0.0,1.0,0.2730666666666666,5.551115123125783e-17,True,True,True,True,True
1e+24,8192,exponential,mixture,0.0,0.0,0.7854580219247282,0.21448240385357914,5.957422169257136e-05,0.0,0.9999999999999999,0.2730666666666667,0.0,True,True,True,True,True
1e+24,32768,exponential,fixed_ref,0.0,0.0,0.47792850418925115,0.5220253741757794,4.612163496966427e-05,-1.3421772800000001e-16,1.0,1.0922666666666667,0.0,True,True,True,True,True
1e+24,32768,exponential,mixture,0.0,0.0,0.4779288656918982,0.5220257690330707,4.536527503123044e-05,-2.6843545600000003e-16,1.0,1.092266666666667,2.220446049250313e-16,True,True,True,True,True
1e+24,131072,exponential,fixed_ref,0.0,0.0,0.1862469868836186,0.813725502160322,2.7510956059505722e-05,-2.6843545600000003e-16,1.0,4.369066666666668,8.881784197001252e-16,True,True,True,True,True
1e+24,131072,exponential,mixture,0.0,0.0,0.18624707091445006,0.8137258692966267,2.705978892359797e-05,-4.02653184e-16,1.0,4.369066666666667,0.0,True,True,True,True,True
1e+24,2048,power,fixed_ref,0.0,1.1189866614363953e-16,0.9360184798009352,0.06389886155441052,8.265864465405999e-05,1.3421772800000001e-16,0.9999999999999999,0.06826666666666667,0.0,True,True,True,True,True
1e+24,2048,power,mixture,0.0,1.1189841634699493e-16,0.9360205693235859,0.0638990041991568,8.042647725726477e-05,0.0,1.0,0.06826666666666667,0.0,True,True,True,True,True
1e+24,4096,power,fixed_ref,0.0,1.1577413414431195e-16,0.8797983120917564,0.12012179621092783,7.989169731557709e-05,1.3421772800000001e-16,1.0,0.13653333333333337,2.7755575615628914e-17,True,True,True,True,True
1e+24,4096,power,mixture,0.0,0.0,0.8798002103667216,0.1201220553887364,7.773424454197177e-05,0.0,1.0,0.13653333333333334,0.0,True,True,True,True,True
1e+24,8192,power,fixed_ref,0.0,0.0,0.7854458503504774,0.21447908020237033,7.506944715222499e-05,0.0,0.9999999999999999,0.2730666666666666,5.551115123125783e-17,True,True,True,True,True
1e+24,8192,power,mixture,0.0,0.0,0.7854474427563055,0.21447951503532184,7.304220837286349e-05,-1.3421772800000001e-16,1.0,0.2730666666666667,0.0,True,True,True,True,True
1e+24,32768,power,fixed_ref,1.3421772800000001e-16,0.0,0.47792322602035875,0.5220196090078372,5.716497180418924e-05,0.0,1.0,1.0922666666666667,0.0,True,True,True,True,True
1e+24,32768,power,mixture,0.0,0.0,0.477923963860386,0.5220204149259042,5.562121370986529e-05,0.0,1.0000000000000002,1.0922666666666665,2.220446049250313e-16,True,True,True,True,True
1e+24,131072,power,fixed_ref,0.0,0.0,0.1862457599741179,0.8137201417109194,3.4098314962761246e-05,-1.3421772800000001e-16,0.9999999999999999,4.369066666666667,0.0,True,True,True,True,True
1e+24,131072,power,mixture,0.0,0.0,0.18624593148556973,0.8137208910558866,3.3177458543873015e-05,-2.6843545600000003e-16,1.0,4.369066666666668,8.881784197001252e-16,True,True,True,True,True
1e+24,2048,logarithmic,fixed_ref,0.0,1.1189229964641374e-16,0.9360717377916439,0.06390249729990956,2.576490844654011e-05,1.3421772800000001e-16,1.0000000000000002,0.06826666666666667,0.0,True,True,True,True,True
1e+24,2048,logarithmic,mixture,0.0,1.118918114837664e-16,0.9360758216942241,0.06390277609432571,2.1402211450167427e-05,0.0,1.0,0.06826666666666668,1.3877787807814457e-17,True,True,True,True,True
1e+24,4096,logarithmic,fixed_ref,0.0,0.0,0.8798466954511925,0.1201284021522695,2.4902396537964536e-05,-1.3421772800000001e-16,0.9999999999999999,0.13653333333333334,0.0,True,True,True,True,True
1e+24,4096,logarithmic,mixture,0.0,0.0,0.8798504055521298,0.12012890870471744,2.0685743152837366e-05,0.0,1.0000000000000002,0.1365333333333333,2.7755575615628914e-17,True,True,True,True,True
1e+24,8192,logarithmic,fixed_ref,0.0,0.0,0.7854864375674232,0.21449016321841105,2.3399214165774932e-05,0.0,1.0,0.2730666666666667,0.0,True,True,True,True,True
1e+24,8192,logarithmic,mixture,0.0,0.0,0.7854895498385678,0.21449101307591828,1.943708551385654e-05,1.3421772800000001e-16,1.0,0.27306666666666674,5.551115123125783e-17,True,True,True,True,True
1e+24,32768,logarithmic,fixed_ref,0.0,0.0,0.47794203185373,0.5220401499927676,1.7818153502539186e-05,-1.3421772800000001e-16,0.9999999999999999,1.092266666666667,2.220446049250313e-16,True,True,True,True,True
1e+24,32768,logarithmic,mixture,0.0,0.0,0.47794347388598335,0.5220417250765301,1.480103748668677e-05,-1.3421772800000001e-16,1.0,1.0922666666666667,0.0,True,True,True,True,True
1e+24,131072,logarithmic,fixed_ref,0.0,0.0,0.18625013133710003,0.8137392404872126,1.0628175687491584e-05,-1.3421772800000001e-16,0.9999999999999999,4.369066666666667,0.0,True,True,True,True,True
1e+24,131072,logarithmic,mixture,0.0,0.0,0.18625046652770427,0.8137407049573087,8.82851498741859e-06,-2.6843545600000003e-16,1.0000000000000002,4.369066666666668,8.881784197001252e-16,True,True,True,True,True
1e+19,2048,exponential,fixed_ref,0.0,0.0,0.9360387194177776,0.06390024324558695,6.103733663554189e-05,-2.048e-16,1.0,0.06826666666666667,0.0,True,True,True,True,True
1e+19,2048,exponential,mixture,0.0,0.0,0.9360396564043112,0.06390030721053433,6.0036385154309426e-05,2.048e-16,1.0,0.06826666666666668,1.3877787807814457e-17,True,True,True,True,True
1e+19,4096,exponential,fixed_ref,0.0,0.0,0.8798181270851593,0.12012450161802708,5.737129681382379e-05,-2.048e-16,1.0,0.13653333333333334,0.0,True,True,True,True,True
1e+19,4096,exponential,mixture,0.0,0.0,0.8798189548967572,0.12012461464190392,5.643046133873225e-05,0.0,0.9999999999999999,0.13653333333333334,0.0,True,True,True,True,True
1e+19,8192,exponential,fixed_ref,0.0,0.0,0.7854645852441012,0.2144841960773226,5.121867857631056e-05,-2.048e-16,1.0,0.27306666666666674,5.551115123125783e-17,True,True,True,True,True
1e+19,8192,exponential,mixture,0.0,1.1115894932762933e-16,0.7854652450236792,0.21448437624113267,5.0378735188113585e-05,0.0,1.0,0.2730666666666667,0.0,True,True,True,True,True
1e+19,32768,exponential,fixed_ref,0.0,0.0,0.4779356525819263,0.5220331821268187,3.1165291255168973e-05,-2.048e-16,1.0,1.0922666666666667,0.0,True,True,True,True,True
1e+19,32768,exponential,mixture,0.0,0.0,0.4779358968599325,0.5220334489435422,3.0654196525365346e-05,0.0,1.0,1.0922666666666665,2.220446049250313e-16,True,True,True,True,True
1e+19,131072,exponential,fixed_ref,0.0,1.17196727837995e-16,0.18624984882447984,0.8137380061707409,1.2145004779385255e-05,0.0,1.0,4.369066666666668,8.881784197001252e-16,True,True,True,True,True
1e+19,131072,exponential,mixture,0.0,0.0,0.18624988592134673,0.8137381682494252,1.1945829228083827e-05,0.0,1.0,4.369066666666667,0.0,True,True,True,True,True
1e+19,2048,power,fixed_ref,0.0,0.0,0.9360250388698145,0.06389930932017933,7.565181000617952e-05,0.0,0.9999999999999999,0.06826666666666666,1.3877787807814457e-17,True,True,True,True,True
1e+19,2048,power,mixture,0.0,0.0,0.9360269512801743,0.0638994398740599,7.360884576595886e-05,-2.048e-16,1.0,0.06826666666666666,1.3877787807814457e-17,True,True,True,True,True
1e+19,4096,power,fixed_ref,0.0,0.0,0.8798060405433714,0.12012285140218831,7.110805444034008e-05,0.0,1.0000000000000002,0.13653333333333334,0.0,True,True,True,True,True
1e+19,4096,power,mixture,0.0,0.0,0.8798077301281194,0.12012308208682591,6.918778505482846e-05,-2.048e-16,1.0,0.13653333333333334,0.0,True,True,True,True,True
1e+19,8192,power,fixed_ref,0.0,1.1116040600649416e-16,0.7854549520546033,0.214481565574377,6.348237101968398e-05,0.0,1.0,0.2730666666666667,0.0,True,True,True,True,True
1e+19,8192,power,mixture,0.0,0.0,0.7854562986855057,0.21448193329438878,6.176802010537034e-05,0.0,0.9999999999999999,0.2730666666666667,0.0,True,True,True,True,True
1e+19,32768,power,fixed_ref,0.0,0.0,0.47793208595380426,0.5220292864178087,3.862762838704683e-05,0.0,1.0,1.0922666666666667,0.0,True,True,True,True,True
1e+19,32768,power,mixture,0.0,0.0,0.4779325845375274,0.52202983100419,3.758445828256793e-05,0.0,1.0,1.0922666666666667,0.0,True,True,True,True,True
1e+19,131072,power,fixed_ref,0.0,0.0,0.18624930718188784,0.8137356396981468,1.5053119965379947e-05,0.0,1.0,4.369066666666667,0.0,True,True,True,True,True
1e+19,131072,power,mixture,0.0,0.0,0.186249382899128,0.813735970511817,1.4646589055023197e-05,0.0,1.0,4.369066666666667,0.0,True,True,True,True,True
1e+19,2048,logarithmic,fixed_ref,0.0,0.0,0.9360737823764568,0.06390263687689945,2.3580746643716534e-05,0.0,1.0,0.06826666666666667,0.0,True,True,True,True,True
1e+19,2048,logarithmic,mixture,0.0,0.0,0.93607752008222,0.06390289203761287,1.9587880167100286e-05,0.0,1.0,0.06826666666666666,1.3877787807814457e-17,True,True,True,True,True
1e+19,4096,logarithmic,fixed_ref,0.0,0.0,0.8798491045424177,0.12012873107352476,2.2164384057678563e-05,-2.048e-16,1.0,0.1365333333333333,2.7755575615628914e-17,True,True,True,True,True
1e+19,4096,logarithmic,mixture,0.0,0.0,0.879852406726164,0.12012918193167894,1.841134215697553e-05,0.0,1.0,0.13653333333333334,0.0,True,True,True,True,True
1e+19,8192,logarithmic,fixed_ref,0.0,0.0,0.7854892747007528,0.21449093794495222,1.9787354294926746e-05,2.048e-16,1.0000000000000002,0.2730666666666666,5.551115123125783e-17,True,True,True,True,True
1e+19,8192,logarithmic,mixture,0.0,0.0,0.7854919065753165,0.21449165662216646,1.6436802517031923e-05,0.0,1.0,0.2730666666666667,0.0,True,True,True,True,True
1e+19,32768,logarithmic,fixed_ref,0.0,0.0,0.47794479354234215,0.5220431664931823,1.2039964475442226e-05,2.048e-16,1.0,1.0922666666666667,0.0,True,True,True,True,True
1e+19,32768,logarithmic,mixture,0.0,0.0,0.4779457679474866,0.5220442308034414,1.0001249071877922e-05,0.0,0.9999999999999999,1.0922666666666667,0.0,True,True,True,True,True
1e+19,131072,logarithmic,fixed_ref,0.0,0.0,0.18625123698522514,0.8137440711375811,4.691877193993573e-06,-2.048e-16,1.0,4.369066666666667,0.0,True,True,True,True,True
1e+19,131072,logarithmic,mixture,0.0,0.0,0.1862513849580243,0.8137447176406053,3.897401370341422e-06,0.0,0.9999999999999999,4.369066666666667,0.0,True,True,True,True,True
1e+22,2048,exponential,fixed_ref,0.0,0.0,0.9360387194177774,0.06390024324558694,6.103733663554188e-05,0.0,0.9999999999999999,0.06826666666666667,0.0,True,True,True,True,True
1e+22,2048,exponential,mixture,0.0,0.0,0.9360396564043114,0.06390030721053432,6.0036385154309426e-05,0.0,1.0,0.06826666666666666,1.3877787807814457e-17,True,True,True,True,True
1e+22,4096,exponential,fixed_ref,0.0,0.0,0.8798181270851592,0.12012450161802705,5.7371296813823774e-05,0.0,1.0,0.1365333333333333,2.7755575615628914e-17,True,True,True,True,True
1e+22,4096,exponential,mixture,0.0,0.0,0.8798189548967574,0.12012461464190394,5.643046133873226e-05,-2.097152e-16,0.9999999999999998,0.1365333333333333,2.7755575615628914e-17,True,True,True,True,True
1e+22,8192,exponential,fixed_ref,0.0,1.138268597244275e-16,0.7854645852441012,0.21448419607732258,5.1218678576310556e-05,0.0,1.0000000000000002,0.2730666666666667,0.0,True,True,True,True,True
1e+22,8192,exponential,mixture,0.0,0.0,0.7854652450236793,0.21448437624113267,5.0378735188113585e-05,-2.097152e-16,1.0,0.2730666666666666,5.551115123125783e-17,True,True,True,True,True
1e+22,32768,exponential,fixed_ref,0.0,0.0,0.4779356525819262,0.5220331821268187,3.1165291255168973e-05,-2.097152e-16,1.0,1.092266666666667,2.220446049250313e-16,True,True,True,True,True
1e+22,32768,exponential,mixture,0.0,0.0,0.4779358968599325,0.5220334489435423,3.0654196525365346e-05,-2.097152e-16,1.0,1.0922666666666667,0.0,True,True,True,True,True
1e+22,131072,exponential,fixed_ref,0.0,0.0,0.18624984882447987,0.8137380061707409,1.2145004779385256e-05,-2.097152e-16,1.0,4.369066666666667,0.0,True,True,True,True,True
1e+22,131072,exponential,mixture,0.0,0.0,0.18624988592134673,0.8137381682494252,1.1945829228083826e-05,0.0,1.0,4.369066666666667,0.0,True,True,True,True,True
1e+22,2048,power,fixed_ref,0.0,0.0,0.9360250388698144,0.06389930932017934,7.56518100061795e-05,0.0,0.9999999999999999,0.06826666666666668,1.3877787807814457e-17,True,True,True,True,True
1e+22,2048,power,mixture,0.0,0.0,0.9360269512801741,0.06389943987405988,7.360884576595885e-05,0.0,0.9999999999999999,0.06826666666666667,0.0,True,True,True,True,True
1e+22,4096,power,fixed_ref,0.0,0.0,0.8798060405433714,0.12012285140218833,7.110805444034006e-05,-2.097152e-16,1.0,0.13653333333333334,0.0,True,True,True,True,True
1e+22,4096,power,mixture,0.0,0.0,0.8798077301281192,0.12012308208682589,6.918778505482845e-05,0.0,0.9999999999999999,0.13653333333333334,0.0,True,True,True,True,True
1e+22,8192,power,fixed_ref,0.0,0.0,0.7854549520546034,0.214481565574377,6.348237101968398e-05,0.0,1.0,0.2730666666666666,5.551115123125783e-17,True,True,True,True,True
1e+22,8192,power,mixture,0.0,0.0,0.7854562986855057,0.21448193329438878,6.176802010537034e-05,0.0,0.9999999999999999,0.2730666666666667,0.0,True,True,True,True,True
1e+22,32768,power,fixed_ref,0.0,0.0,0.47793208595380426,0.5220292864178085,3.8627628387046826e-05,0.0,0.9999999999999998,1.0922666666666665,2.220446049250313e-16,True,True,True,True,True
1e+22,32768,power,mixture,0.0,0.0,0.47793258453752746,0.52202983100419,3.7584458282567925e-05,-2.097152e-16,0.9999999999999998,1.0922666666666667,0.0,True,True,True,True,True
1e+22,131072,power,fixed_ref,0.0,0.0,0.18624930718188787,0.8137356396981469,1.5053119965379949e-05,-2.097152e-16,1.0,4.369066666666667,0.0,True,True,True,True,True
1e+22,131072,power,mixture,0.0,0.0,0.186249382899128,0.813735970511817,1.4646589055023197e-05,-2.097152e-16,0.9999999999999998,4.369066666666667,0.0,True,True,True,True,True
1e+22,2048,logarithmic,fixed_ref,0.0,0.0,0.9360737823764568,0.06390263687689945,2.358074664371653e-05,0.0,1.0,0.06826666666666667,0.0,True,True,True,True,True
1e+22,2048,logarithmic,mixture,0.0,0.0,0.9360775200822199,0.06390289203761289,1.9587880167100286e-05,2.097152e-16,1.0,0.06826666666666668,1.3877787807814457e-17,True,True,True,True,True
1e+22,4096,logarithmic,fixed_ref,0.0,0.0,0.8798491045424176,0.12012873107352477,2.2164384057678563e-05,0.0,1.0,0.13653333333333337,2.7755575615628914e-17,True,True,True,True,True
1e+22,4096,logarithmic,mixture,0.0,0.0,0.8798524067261642,0.12012918193167894,1.841134215697553e-05,0.0,1.0000000000000002,0.13653333333333334,0.0,True,True,True,True,True
1e+22,8192,logarithmic,fixed_ref,0.0,1.1382328192469241e-16,0.7854892747007527,0.21449093794495222,1.978735429492675e-05,0.0,0.9999999999999999,0.2730666666666667,0.0,True,True,True,True,True
1e+22,8192,logarithmic,mixture,0.0,0.0,0.7854919065753166,0.21449165662216646,1.6436802517031923e-05,-2.097152e-16,1.0,0.2730666666666667,0.0,True,True,True,True,True
1e+22,32768,logarithmic,fixed_ref,0.0,0.0,0.4779447935423422,0.5220431664931823,1.2039964475442226e-05,2.097152e-16,1.0,1.0922666666666665,2.220446049250313e-16,True,True,True,True,True
1e+22,32768,logarithmic,mixture,0.0,0.0,0.4779457679474867,0.5220442308034415,1.0001249071877922e-05,-2.097152e-16,0.9999999999999998,1.0922666666666667,0.0,True,True,True,True,True
1e+22,131072,logarithmic,fixed_ref,0.0,0.0,0.18625123698522514,0.813744071137581,4.691877193993572e-06,0.0,1.0000000000000002,4.369066666666667,0.0,True,True,True,True,True
1e+22,131072,logarithmic,mixture,0.0,0.0,0.18625138495802426,0.8137447176406053,3.897401370341423e-06,0.0,0.9999999999999999,4.369066666666667,0.0,True,True,True,True,True
1e+24,2048,exponential,fixed_ref,0.0,0.0,0.9360387194177776,0.06390024324558695,6.103733663554188e-05,-1.3421772800000001e-16,1.0,0.06826666666666667,0.0,True,True,True,True,True
1e+24,2048,exponential,mixture,0.0,0.0,0.9360396564043114,0.06390030721053433,6.0036385154309426e-05,0.0,1.0,0.06826666666666667,0.0,True,True,True,True,True
1e+24,4096,exponential,fixed_ref,0.0,0.0,0.8798181270851589,0.12012450161802705,5.7371296813823774e-05,2.6843545600000003e-16,1.0,0.13653333333333337,2.7755575615628914e-17,True,True,True,True,True
1e+24,4096,exponential,mixture,0.0,0.0,0.8798189548967572,0.12012461464190395,5.643046133873225e-05,0.0,0.9999999999999999,0.13653333333333337,2.7755575615628914e-17,True,True,True,True,True
1e+24,8192,exponential,fixed_ref,0.0,0.0,0.7854645852441012,0.21448419607732258,5.121867857631056e-05,-1.3421772800000001e-16,1.0,0.2730666666666667,0.0,True,True,True,True,True
1e+24,8192,exponential,mixture,0.0,0.0,0.7854652450236792,0.21448437624113265,5.037873518811358e-05,0.0,0.9999999999999999,0.2730666666666666,5.551115123125783e-17,True,True,True,True,True
1e+24,32768,exponential,fixed_ref,0.0,0.0,0.4779356525819263,0.5220331821268186,3.1165291255168973e-05,0.0,1.0,1.0922666666666665,2.220446049250313e-16,True,True,True,True,True
1e+24,32768,exponential,mixture,0.0,0.0,0.47793589685993243,0.5220334489435422,3.0654196525365346e-05,0.0,1.0,1.0922666666666667,0.0,True,True,True,True,True
1e+24,131072,exponential,fixed_ref,1.3421772800000001e-16,0.0,0.18624984882447984,0.8137380061707409,1.2145004779385255e-05,-1.3421772800000001e-16,0.9999999999999999,4.369066666666668,8.881784197001252e-16,True,True,True,True,True
1e+24,131072,exponential,mixture,0.0,0.0,0.18624988592134675,0.8137381682494254,1.1945829228083827e-05,-1.3421772800000001e-16,1.0,4.369066666666667,0.0,True,True,True,True,True
1e+24,2048,power,fixed_ref,0.0,0.0,0.9360250388698145,0.06389930932017933,7.565181000617952e-05,0.0,0.9999999999999999,0.06826666666666666,1.3877787807814457e-17,True,True,True,True,True
1e+24,2048,power,mixture,0.0,0.0,0.9360269512801743,0.0638994398740599,7.360884576595886e-05,-1.3421772800000001e-16,1.0,0.06826666666666666,1.3877787807814457e-17,True,True,True,True,True
1e+24,4096,power,fixed_ref,0.0,0.0,0.8798060405433713,0.1201228514021883,7.110805444034008e-05,1.3421772800000001e-16,1.0,0.13653333333333334,0.0,True,True,True,True,True
1e+24,4096,power,mixture,0.0,0.0,0.8798077301281194,0.12012308208682591,6.918778505482846e-05,-1.3421772800000001e-16,1.0,0.13653333333333334,0.0,True,True,True,True,True
1e+24,8192,power,fixed_ref,0.0,0.0,0.7854549520546033,0.21448156557437703,6.348237101968398e-05,0.0,1.0,0.27306666666666674,5.551115123125783e-17,True,True,True,True,True
1e+24,8192,power,mixture,0.0,0.0,0.7854562986855059,0.2144819332943888,6.176802010537034e-05,0.0,1.0,0.2730666666666666,5.551115123125783e-17,True,True,True,True,True
1e+24,32768,power,fixed_ref,0.0,0.0,0.4779320859538043,0.5220292864178087,3.862762838704683e-05,0.0,1.0,1.0922666666666667,0.0,True,True,True,True,True
1e+24,32768,power,mixture,0.0,0.0,0.4779325845375274,0.52202983100419,3.7584458282567925e-05,0.0,1.0,1.0922666666666667,0.0,True,True,True,True,True
1e+24,131072,power,fixed_ref,0.0,0.0,0.18624930718188787,0.813735639698147,1.5053119965379949e-05,-1.3421772800000001e-16,1.0,4.369066666666667,0.0,True,True,True,True,True
1e+24,131072,power,mixture,0.0,0.0,0.18624938289912804,0.813735970511817,1.4646589055023197e-05,0.0,1.0,4.369066666666667,0.0,True,True,True,True,True
1e+24,2048,logarithmic,fixed_ref,0.0,0.0,0.9360737823764569,0.06390263687689945,2.3580746643716534e-05,-1.3421772800000001e-16,0.9999999999999999,0.06826666666666667,0.0,True,True,True,True,True
1e+24,2048,logarithmic,mixture,0.0,0.0,0.93607752008222,0.06390289203761289,1.9587880167100286e-05,0.0,1.0,0.06826666666666667,0.0,True,True,True,True,True
1e+24,4096,logarithmic,fixed_ref,0.0,0.0,0.8798491045424176,0.12012873107352476,2.2164384057678563e-05,0.0,1.0,0.13653333333333334,0.0,True,True,True,True,True
1e+24,4096,logarithmic,mixture,0.0,0.0,0.879852406726164,0.12012918193167894,1.841134215697553e-05,0.0,1.0,0.13653333333333334,0.0,True,True,True,True,True
1e+24,8192,logarithmic,fixed_ref,0.0,0.0,0.7854892747007527,0.21449093794495225,1.978735429492675e-05,1.3421772800000001e-16,1.0,0.27306666666666674,5.551115123125783e-17,True,True,True,True,True
1e+24,8192,logarithmic,mixture,0.0,0.0,0.7854919065753164,0.21449165662216646,1.6436802517031923e-05,0.0,1.0,0.27306666666666674,5.551115123125783e-17,True,True,True,True,True
1e+24,32768,logarithmic,fixed_ref,0.0,0.0,0.47794479354234226,0.5220431664931824,1.2039964475442226e-05,0.0,1.0,1.0922666666666667,0.0,True,True,True,True,True
1e+24,32768,logarithmic,mixture,0.0,0.0,0.47794576794748667,0.5220442308034414,1.0001249071877922e-05,0.0,1.0,1.0922666666666667,0.0,True,True,True,True,True
1e+24,131072,logarithmic,fixed_ref,1.3421772800000001e-16,0.0,0.18625123698522514,0.813744071137581,4.691877193993573e-06,-1.3421772800000001e-16,1.0,4.369066666666667,0.0,True,True,True,True,True
1e+24,131072,logarithmic,mixture,0.0,0.0,0.1862513849580243,0.8137447176406053,3.897401370341422e-06,1.3421772800000001e-16,1.0,4.369066666666667,0.0,True,True,True,True,True
1e+19,2048,exponential,fixed_ref,0.0,0.0,0.9360958562156765,0.06390414378432352,0.0,0.0,1.0,0.06826666666666667,0.0,True,True,True,True,True
1e+19,2048,exponential,mixture,0.0,0.0,0.9360958562156763,0.0639041437843235,0.0,2.048e-16,1.0,0.06826666666666667,0.0,True,True,True,True,True
1e+19,4096,exponential,fixed_ref,0.0,0.0,0.8798686062881278,0.12013139371187238,0.0,-2.048e-16,1.0,0.13653333333333334,0.0,True,True,True,True,True
1e+19,4096,exponential,mixture,0.0,0.0,0.8798686062881275,0.12013139371187236,0.0,2.048e-16,1.0,0.13653333333333337,2.7755575615628914e-17,True,True,True,True,True
1e+19,8192,exponential,fixed_ref,0.0,1.1623380929555949e-16,0.7855048177628823,0.21449518223711775,0.0,0.0,1.0,0.2730666666666667,0.0,True,True,True,True,True
1e+19,8192,exponential,mixture,0.0,0.0,0.7855048177628824,0.21449518223711775,0.0,0.0,1.0000000000000002,0.2730666666666667,0.0,True,True,True,True,True
1e+19,32768,exponential,fixed_ref,0.0,1.5261774305694442e-16,0.4779505480499618,0.5220494519500383,0.0,0.0,1.0,1.0922666666666667,0.0,True,True,True,True,True
1e+19,32768,exponential,mixture,0.0,0.0,0.4779505480499617,0.5220494519500383,0.0,0.0,1.0,1.092266666666667,2.220446049250313e-16,True,True,True,True,True
1e+19,131072,exponential,fixed_ref,0.0,0.0,0.18625211085725638,0.8137478891427435,0.0,0.0,0.9999999999999999,4.369066666666666,8.881784197001252e-16,True,True,True,True,True
1e+19,131072,exponential,mixture,0.0,0.0,0.1862521108572564,0.8137478891427437,0.0,0.0,1.0,4.369066666666666,8.881784197001252e-16,True,True,True,True,True
1e+19,2048,power,fixed_ref,0.0,0.0,0.9360958562156765,0.06390414378432352,0.0,0.0,1.0,0.06826666666666667,0.0,True,True,True,True,True
1e+19,2048,power,mixture,0.0,0.0,0.9360958562156763,0.0639041437843235,0.0,2.048e-16,1.0,0.06826666666666667,0.0,True,True,True,True,True
1e+19,4096,power,fixed_ref,0.0,0.0,0.8798686062881278,0.12013139371187238,0.0,-2.048e-16,1.0,0.13653333333333334,0.0,True,True,True,True,True
1e+19,4096,power,mixture,0.0,0.0,0.8798686062881275,0.12013139371187236,0.0,2.048e-16,1.0,0.13653333333333337,2.7755575615628914e-17,True,True,True,True,True
1e+19,8192,power,fixed_ref,0.0,1.1623380929555949e-16,0.7855048177628823,0.21449518223711775,0.0,0.0,1.0,0.2730666666666667,0.0,True,True,True,True,True
1e+19,8192,power,mixture,0.0,0.0,0.7855048177628824,0.21449518223711775,0.0,0.0,1.0000000000000002,0.2730666666666667,0.0,True,True,True,True,True
1e+19,32768,power,fixed_ref,0.0,1.5261774305694442e-16,0.4779505480499618,0.5220494519500383,0.0,0.0,1.0,1.0922666666666667,0.0,True,True,True,True,True
1e+19,32768,power,mixture,0.0,0.0,0.4779505480499617,0.5220494519500383,0.0,0.0,1.0,1.092266666666667,2.220446049250313e-16,True,True,True,True,True
1e+19,131072,power,fixed_ref,0.0,0.0,0.18625211085725638,0.8137478891427435,0.0,0.0,0.9999999999999999,4.369066666666666,8.881784197001252e-16,True,True,True,True,True
1e+19,131072,power,mixture,0.0,0.0,0.1862521108572564,0.8137478891427437,0.0,0.0,1.0,4.369066666666666,8.881784197001252e-16,True,True,True,True,True
1e+19,2048,logarithmic,fixed_ref,0.0,0.0,0.9360958562156765,0.06390414378432352,0.0,0.0,1.0,0.06826666666666667,0.0,True,True,True,True,True
1e+19,2048,logarithmic,mixture,0.0,0.0,0.9360958562156763,0.0639041437843235,0.0,2.048e-16,1.0,0.06826666666666667,0.0,True,True,True,True,True
1e+19,4096,logarithmic,fixed_ref,0.0,0.0,0.8798686062881278,0.12013139371187238,0.0,-2.048e-16,1.0,0.13653333333333334,0.0,True,True,True,True,True
1e+19,4096,logarithmic,mixture,0.0,0.0,0.8798686062881275,0.12013139371187236,0.0,2.048e-16,1.0,0.13653333333333337,2.7755575615628914e-17,True,True,True,True,True
1e+19,8192,logarithmic,fixed_ref,0.0,1.1623380929555949e-16,0.7855048177628823,0.21449518223711775,0.0,0.0,1.0,0.2730666666666667,0.0,True,True,True,True,True
1e+19,8192,logarithmic,mixture,0.0,0.0,0.7855048177628824,0.21449518223711775,0.0,0.0,1.0000000000000002,0.2730666666666667,0.0,True,True,True,True,True
1e+19,32768,logarithmic,fixed_ref,0.0,1.5261774305694442e-16,0.4779505480499618,0.5220494519500383,0.0,0.0,1.0,1.0922666666666667,0.0,True,True,True,True,True
1e+19,32768,logarithmic,mixture,0.0,0.0,0.4779505480499617,0.5220494519500383,0.0,0.0,1.0,1.092266666666667,2.220446049250313e-16,True,True,True,True,True
1e+19,131072,logarithmic,fixed_ref,0.0,0.0,0.18625211085725638,0.8137478891427435,0.0,0.0,0.9999999999999999,4.369066666666666,8.881784197001252e-16,True,True,True,True,True
1e+19,131072,logarithmic,mixture,0.0,0.0,0.1862521108572564,0.8137478891427437,0.0,0.0,1.0,4.369066666666666,8.881784197001252e-16,True,True,True,True,True
1e+22,2048,exponential,fixed_ref,0.0,0.0,0.7922474132314083,0.05408409007659748,0.153668496691994,2.097152e-16,1.0,0.06826666666666667,0.0,True,True,True,True,True
1e+22,2048,exponential,mixture,0.0,0.0,0.8030394989136187,0.05482082979250303,0.14213967129387842,0.0,1.0000000000000002,0.06826666666666666,1.3877787807814457e-17,True,True,True,True,True
1e+22,4096,exponential,fixed_ref,0.0,0.0,0.7449646484390494,0.10171250666687821,0.1533228448940723,0.0,1.0,0.13653333333333334,0.0,True,True,True,True,True
1e+22,4096,exponential,mixture,0.0,0.0,0.7547297193123693,0.10304576434344881,0.14222451634418193,0.0,1.0,0.1365333333333333,2.7755575615628914e-17,True,True,True,True,True
1e+22,8192,exponential,fixed_ref,0.0,0.0,0.66559204540717,0.18175100119918455,0.15265695339364543,0.0,1.0,0.2730666666666667,0.0,True,True,True,True,True
1e+22,8192,exponential,mixture,0.0,0.0,0.6737439931336433,0.18397702639169353,0.14227898047466303,2.097152e-16,1.0,0.2730666666666667,0.0,True,True,True,True,True
1e+22,32768,exponential,fixed_ref,0.0,0.0,0.4065979922814554,0.4441134337026243,0.14928857401592055,-2.097152e-16,1.0,1.0922666666666665,2.220446049250313e-16,True,True,True,True,True
1e+22,32768,exponential,mixture,0.0,0.0,0.41028466359634,0.448140261890829,0.14157507451283105,0.0,1.0,1.0922666666666667,0.0,True,True,True,True,True
1e+22,131072,exponential,fixed_ref,0.0,0.0,0.15984121651141087,0.6983569310194547,0.1418018524691345,-2.097152e-16,0.9999999999999998,4.369066666666666,8.881784197001252e-16,True,True,True,True,True
1e+22,131072,exponential,mixture,0.0,0.0,0.160677148378528,0.7020091730756809,0.13731367854579127,-2.097152e-16,1.0,4.369066666666668,8.881784197001252e-16,True,True,True,True,True
1e+22,2048,power,fixed_ref,0.0,0.0,0.7725072822116583,0.05273649713231588,0.17475622065602564,2.097152e-16,1.0,0.06826666666666667,0.0,True,True,True,True,True
1e+22,2048,power,mixture,0.0,0.0,0.7976645186558942,0.05445389780690905,0.14788158353719688,0.0,1.0,0.06826666666666667,0.0,True,True,True,True,True
1e+22,4096,power,fixed_ref,0.0,0.0,0.7251896688965659,0.09901256279334447,0.17579776831008967,0.0,1.0,0.13653333333333334,0.0,True,True,True,True,True
1e+22,4096,power,mixture,0.0,0.0,0.7477370090446611,0.10209102630156441,0.15017196465377441,0.0,1.0,0.13653333333333337,2.7755575615628914e-17,True,True,True,True,True
1e+22,8192,power,fixed_ref,0.0,0.0,0.6459927069504335,0.17639907517793174,0.1776082178716348,0.0,1.0,0.2730666666666667,0.0,True,True,True,True,True
1e+22,8192,power,mixture,0.0,0.0,0.6644943134972143,0.18145124720563938,0.15405443929714627,0.0,0.9999999999999999,0.27306666666666674,5.551115123125783e-17,True,True,True,True,True
1e+22,32768,power,fixed_ref,0.0,0.0,0.38998900123932656,0.42597198642034184,0.1840390123403315,2.097152e-16,1.0,1.092266666666667,2.220446049250313e-16,True,True,True,True,True
1e+22,32768,power,mixture,0.0,0.0,0.3978582387735508,0.43456729227105717,0.16757446895539216,-2.097152e-16,1.0,1.092266666666667,2.220446049250313e-16,True,True,True,True,True
1e+22,131072,power,fixed_ref,0.0,0.0,0.15055110672547464,0.6577678220240472,0.19168107125047837,-2.097152e-16,1.0,4.369066666666667,0.0,True,True,True,True,True
1e+22,131072,power,mixture,0.0,0.0,0.1521737494711525,0.6648572563560967,0.18296899417275092,0.0,1.0,4.369066666666667,0.0,True,True,True,True,True
1e+22,2048,logarithmic,fixed_ref,0.0,0.0,0.7389326101778275,0.05044446618813969,0.21062292363403276,0.0,1.0,0.06826666666666667,0.0,True,True,True,True,True
1e+22,2048,logarithmic,mixture,0.0,0.0,0.7613936042565669,0.05197780338391496,0.18662859235951826,-2.097152e-16,1.0,0.06826666666666666,1.3877787807814457e-17,True,True,True,True,True
1e+22,4096,logarithmic,fixed_ref,0.0,0.0,0.6985122926190993,0.09537021168559438,0.20611749569530613,2.097152e-16,1.0,0.13653333333333337,2.7755575615628914e-17,True,True,True,True,True
1e+22,4096,logarithmic,mixture,0.0,0.0,0.7193092081214726,0.09820968388218507,0.18248110799634232,0.0,1.0,0.13653333333333334,0.0,True,True,True,True,True
1e+22,8192,logarithmic,fixed_ref,0.0,0.0,0.6300020032369906,0.17203254701724757,0.1979654497457617,0.0,0.9999999999999999,0.2730666666666667,0.0,True,True,True,True,True
1e+22,8192,logarithmic,mixture,0.0,0.0,0.6481353580502092,0.1769841617715771,0.17488048017821378,0.0,1.0,0.2730666666666667,0.0,True,True,True,True,True
1e+22,32768,logarithmic,fixed_ref,0.0,0.0,0.39925339036294044,0.43609116984709445,0.1646554397899652,0.0,1.0,1.0922666666666667,0.0,True,True,True,True,True
1e+22,32768,logarithmic,mixture,0.0,0.0,0.40905557028609985,0.44679776423783063,0.14414666547606958,0.0,1.0,1.0922666666666665,2.220446049250313e-16,True,True,True,True,True
1e+22,131072,logarithmic,fixed_ref,0.0,0.0,0.16537892080023872,0.7225515302376299,0.11206954896213173,-2.097152e-16,1.0000000000000002,4.369066666666668,8.881784197001252e-16,True,True,True,True,True
1e+22,131072,logarithmic,mixture,0.0,0.0,0.16826116296256166,0.7351442383942962,0.09659459864314231,-2.097152e-16,1.0,4.369066666666668,8.881784197001252e-16,True,True,True,True,True
1e+24,2048,exponential,fixed_ref,0.0,0.0,0.8497683307432008,0.05801085137873584,0.09222081787806331,0.0,1.0,0.06826666666666667,0.0,True,True,True,True,True
1e+24,2048,exponential,mixture,0.0,0.0,0.8509414802913917,0.058090938387892345,0.09096758132071603,0.0,1.0,0.06826666666666667,0.0,True,True,True,True,True
1e+24,4096,exponential,fixed_ref,0.0,0.0,0.8009810518941618,0.10936061295194956,0.08965833515388853,0.0,0.9999999999999999,0.13653333333333334,0.0,True,True,True,True,True
1e+24,4096,exponential,mixture,0.0,0.0,0.8020560807451631,0.10950739022440627,0.08843652903043063,1.3421772800000001e-16,1.0000000000000002,0.13653333333333334,0.0,True,True,True,True,True
1e+24,8192,exponential,fixed_ref,0.0,0.0,0.7186149699898399,0.19622979447189232,0.08515523553826786,-1.3421772800000001e-16,0.9999999999999999,0.27306666666666674,5.551115123125783e-17,True,True,True,True,True
1e+24,8192,exponential,mixture,0.0,0.0,0.719516104697283,0.19647586432267142,0.08400803098004549,1.3421772800000001e-16,1.0,0.2730666666666667,0.0,True,True,True,True,True
1e+24,32768,exponential,fixed_ref,0.0,0.0,0.4456591011521924,0.48677858088516807,0.06756231796263952,0.0,1.0,1.0922666666666667,0.0,True,True,True,True,True
1e+24,32768,exponential,mixture,0.0,1.128235192487359e-16,0.4461096801056248,0.4872707332567038,0.06661958663767165,-2.6843545600000003e-16,1.0,1.0922666666666667,0.0,True,True,True,True,True
1e+24,131072,exponential,fixed_ref,0.0,0.0,0.17830411443886124,0.7790225629243471,0.042673322636791654,0.0,1.0,4.369066666666665,1.7763568394002505e-15,True,True,True,True,True
1e+24,131072,exponential,mixture,1.3421772800000001e-16,0.0,0.1784253042548519,0.7795520493097315,0.0420226464354166,0.0,1.0,4.369066666666666,8.881784197001252e-16,True,True,True,True,True
1e+24,2048,power,fixed_ref,0.0,0.0,0.8334688725739745,0.056898141701049995,0.10963298572497553,-1.3421772800000001e-16,0.9999999999999999,0.06826666666666667,0.0,True,True,True,True,True
1e+24,2048,power,mixture,0.0,0.0,0.8356800640617135,0.05704909237327964,0.10727084356500674,2.6843545600000003e-16,1.0,0.06826666666666667,0.0,True,True,True,True,True
1e+24,4096,power,fixed_ref,0.0,0.0,0.7859745380993676,0.10731172360183365,0.10671373829879877,0.0,1.0,0.13653333333333334,0.0,True,True,True,True,True
1e+24,4096,power,mixture,0.0,0.0,0.7880040605490335,0.10758882106696137,0.10440711838400514,0.0,1.0,0.13653333333333334,0.0,True,True,True,True,True
1e+24,8192,power,fixed_ref,0.0,0.0,0.705745379483137,0.19271553829086197,0.10153908222600101,1.3421772800000001e-16,1.0000000000000002,0.2730666666666667,0.0,True,True,True,True,True
1e+24,8192,power,mixture,0.0,0.0,0.7075136650197247,0.19319839812805284,0.09928793685222241,0.0,0.9999999999999999,0.2730666666666667,0.0,True,True,True,True,True
1e+24,32768,power,fixed_ref,0.0,1.167101066773083e-16,0.4391634181949156,0.47968356291369985,0.08115301889138467,-2.6843545600000003e-16,1.0,1.0922666666666667,0.0,True,True,True,True,True
1e+24,32768,power,mixture,0.0,0.0,0.4400424073987961,0.4806436535214583,0.07931393907974575,-1.3421772800000001e-16,1.0,1.0922666666666667,0.0,True,True,True,True,True
1e+24,131072,power,fixed_ref,0.0,0.0,0.17660446387886455,0.7715966763176845,0.05179885980345105,0.0,1.0,4.369066666666667,0.0,True,True,True,True,True
1e+24,131072,power,mixture,0.0,0.0,0.17683870363200374,0.772620085415133,0.0505412109528632,0.0,1.0,4.369066666666666,8.881784197001252e-16,True,True,True,True,True
1e+24,2048,logarithmic,fixed_ref,0.0,0.0,0.8984723574441698,0.061335712934855326,0.04019192962097512,-1.3421772800000001e-16,1.0,0.06826666666666667,0.0,True,True,True,True,True
1e+24,2048,logarithmic,mixture,0.0,0.0,0.9044041826214579,0.06174065886695821,0.033855158511583834,0.0,1.0,0.06826666666666668,1.3877787807814457e-17,True,True,True,True,True
1e+24,4096,logarithmic,fixed_ref,0.0,0.0,0.8455989515745205,0.11545244352164119,0.03894860490383843,-1.3421772800000001e-16,0.9999999999999999,0.13653333333333334,0.0,True,True,True,True,True
1e+24,4096,logarithmic,mixture,0.0,0.0,0.8510078947507335,0.11619094456330017,0.032801160685966335,1.3421772800000001e-16,1.0000000000000002,0.13653333333333337,2.7755575615628914e-17,True,True,True,True,True
1e+24,8192,logarithmic,fixed_ref,0.0,0.0,0.7566103135378395,0.2066050562833994,0.03678463017876109,0.0,1.0,0.2730666666666667,0.0,True,True,True,True,True
1e+24,8192,logarithmic,mixture,0.0,0.0,0.7611910924141335,0.20785591430188605,0.030952993283980608,-1.3421772800000001e-16,1.0,0.2730666666666666,5.551115123125783e-17,True,True,True,True,True
1e+24,32768,logarithmic,fixed_ref,1.3421772800000001e-16,0.0,0.4643158982221673,0.5071567784314659,0.02852732334636692,-2.6843545600000003e-16,1.0,1.0922666666666665,2.220446049250313e-16,True,True,True,True,True
1e+24,32768,logarithmic,mixture,0.0,0.0,0.4665095016485847,0.5095527783340275,0.02393772001738795,-1.3421772800000001e-16,1.0,1.0922666666666667,0.0,True,True,True,True,True
1e+24,131072,logarithmic,fixed_ref,0.0,0.0,0.18300484439704298,0.7995603654936406,0.017434790109316353,0.0,1.0,4.369066666666667,0.0,True,True,True,True,True
1e+24,131072,logarithmic,mixture,1.3421772800000001e-16,0.0,0.18353753661075878,0.8018877332881793,0.01457473010106199,0.0,1.0,4.369066666666668,8.881784197001252e-16,True,True,True,True,True
1e+19,2048,exponential,fixed_ref,0.0,0.0,0.9360958562156765,0.06390414378432352,0.0,0.0,1.0,0.06826666666666667,0.0,True,True,True,True,True
1e+19,2048,exponential,mixture,0.0,0.0,0.9360958562156765,0.06390414378432352,0.0,0.0,1.0,0.06826666666666667,0.0,True,True,True,True,True
1e+19,4096,exponential,fixed_ref,0.0,0.0,0.8798686062881278,0.12013139371187238,0.0,-2.048e-16,1.0,0.13653333333333334,0.0,True,True,True,True,True
1e+19,4096,exponential,mixture,0.0,0.0,0.8798686062881278,0.12013139371187238,0.0,-2.048e-16,1.0,0.13653333333333334,0.0,True,True,True,True,True
1e+19,8192,exponential,fixed_ref,0.0,1.1623380929555949e-16,0.7855048177628823,0.21449518223711775,0.0,0.0,1.0,0.2730666666666667,0.0,True,True,True,True,True
1e+19,8192,exponential,mixture,0.0,1.1623380929555949e-16,0.7855048177628823,0.21449518223711775,0.0,0.0,1.0,0.2730666666666667,0.0,True,True,True,True,True
1e+19,32768,exponential,fixed_ref,0.0,1.5261774305694442e-16,0.4779505480499618,0.5220494519500383,0.0,0.0,1.0,1.0922666666666667,0.0,True,True,True,True,True
1e+19,32768,exponential,mixture,0.0,1.5261774305694442e-16,0.4779505480499618,0.5220494519500383,0.0,0.0,1.0,1.0922666666666667,0.0,True,True,True,True,True
1e+19,131072,exponential,fixed_ref,0.0,0.0,0.18625211085725638,0.8137478891427435,0.0,0.0,0.9999999999999999,4.369066666666666,8.881784197001252e-16,True,True,True,True,True
1e+19,131072,exponential,mixture,0.0,0.0,0.18625211085725638,0.8137478891427435,0.0,0.0,0.9999999999999999,4.369066666666666,8.881784197001252e-16,True,True,True,True,True
1e+19,2048,power,fixed_ref,0.0,0.0,0.9360958562156765,0.06390414378432352,0.0,0.0,1.0,0.06826666666666667,0.0,True,True,True,True,True
1e+19,2048,power,mixture,0.0,0.0,0.9360958562156765,0.06390414378432352,0.0,0.0,1.0,0.06826666666666667,0.0,True,True,True,True,True
1e+19,4096,power,fixed_ref,0.0,0.0,0.8798686062881278,0.12013139371187238,0.0,-2.048e-16,1.0,0.13653333333333334,0.0,True,True,True,True,True
1e+19,4096,power,mixture,0.0,0.0,0.8798686062881278,0.12013139371187238,0.0,-2.048e-16,1.0,0.13653333333333334,0.0,True,True,True,True,True
1e+19,8192,power,fixed_ref,0.0,1.1623380929555949e-16,0.7855048177628823,0.21449518223711775,0.0,0.0,1.0,0.2730666666666667,0.0,True,True,True,True,True
1e+19,8192,power,mixture,0.0,1.1623380929555949e-16,0.7855048177628823,0.21449518223711775,0.0,0.0,1.0,0.2730666666666667,0.0,True,True,True,True,True
1e+19,32768,power,fixed_ref,0.0,1.5261774305694442e-16,0.4779505480499618,0.5220494519500383,0.0,0.0,1.0,1.0922666666666667,0.0,True,True,True,True,True
1e+19,32768,power,mixture,0.0,1.5261774305694442e-16,0.4779505480499618,0.5220494519500383,0.0,0.0,1.0,1.0922666666666667,0.0,True,True,True,True,True
1e+19,131072,power,fixed_ref,0.0,0.0,0.18625211085725638,0.8137478891427435,0.0,0.0,0.9999999999999999,4.369066666666666,8.881784197001252e-16,True,True,True,True,True
1e+19,131072,power,mixture,0.0,0.0,0.18625211085725638,0.8137478891427435,0.0,0.0,0.9999999999999999,4.369066666666666,8.881784197001252e-16,True,True,True,True,True
1e+19,2048,logarithmic,fixed_ref,0.0,0.0,0.9360958562156765,0.06390414378432352,0.0,0.0,1.0,0.06826666666666667,0.0,True,True,True,True,True
1e+19,2048,logarithmic,mixture,0.0,0.0,0.9360958562156765,0.06390414378432352,0.0,0.0,1.0,0.06826666666666667,0.0,True,True,True,True,True
1e+19,4096,logarithmic,fixed_ref,0.0,0.0,0.8798686062881278,0.12013139371187238,0.0,-2.048e-16,1.0,0.13653333333333334,0.0,True,True,True,True,True
1e+19,4096,logarithmic,mixture,0.0,0.0,0.8798686062881278,0.12013139371187238,0.0,-2.048e-16,1.0,0.13653333333333334,0.0,True,True,True,True,True
1e+19,8192,logarithmic,fixed_ref,0.0,1.1623380929555949e-16,0.7855048177628823,0.21449518223711775,0.0,0.0,1.0,0.2730666666666667,0.0,True,True,True,True,True
1e+19,8192,logarithmic,mixture,0.0,1.1623380929555949e-16,0.7855048177628823,0.21449518223711775,0.0,0.0,1.0,0.2730666666666667,0.0,True,True,True,True,True
1e+19,32768,logarithmic,fixed_ref,0.0,1.5261774305694442e-16,0.4779505480499618,0.5220494519500383,0.0,0.0,1.0,1.0922666666666667,0.0,True,True,True,True,True
1e+19,32768,logarithmic,mixture,0.0,1.5261774305694442e-16,0.4779505480499618,0.5220494519500383,0.0,0.0,1.0,1.0922666666666667,0.0,True,True,True,True,True
1e+19,131072,logarithmic,fixed_ref,0.0,0.0,0.18625211085725638,0.8137478891427435,0.0,0.0,0.9999999999999999,4.369066666666666,8.881784197001252e-16,True,True,True,True,True
1e+19,131072,logarithmic,mixture,0.0,0.0,0.18625211085725638,0.8137478891427435,0.0,0.0,0.9999999999999999,4.369066666666666,8.881784197001252e-16,True,True,True,True,True
1e+22,2048,exponential,fixed_ref,0.0,0.0,0.7922474132314083,0.05408409007659748,0.153668496691994,2.097152e-16,1.0,0.06826666666666667,0.0,True,True,True,True,True
1e+22,2048,exponential,mixture,0.0,0.0,0.7922474132314083,0.05408409007659748,0.153668496691994,2.097152e-16,1.0,0.06826666666666667,0.0,True,True,True,True,True
1e+22,4096,exponential,fixed_ref,0.0,0.0,0.7449646484390494,0.10171250666687821,0.1533228448940723,0.0,1.0,0.13653333333333334,0.0,True,True,True,True,True
1e+22,4096,exponential,mixture,0.0,0.0,0.7449646484390494,0.10171250666687821,0.1533228448940723,0.0,1.0,0.13653333333333334,0.0,True,True,True,True,True
1e+22,8192,exponential,fixed_ref,0.0,0.0,0.66559204540717,0.18175100119918455,0.15265695339364543,0.0,1.0,0.2730666666666667,0.0,True,True,True,True,True
1e+22,8192,exponential,mixture,0.0,0.0,0.66559204540717,0.18175100119918455,0.15265695339364543,0.0,1.0,0.2730666666666667,0.0,True,True,True,True,True
1e+22,32768,exponential,fixed_ref,0.0,0.0,0.4065979922814554,0.4441134337026243,0.14928857401592055,-2.097152e-16,1.0,1.0922666666666665,2.220446049250313e-16,True,True,True,True,True
1e+22,32768,exponential,mixture,0.0,0.0,0.4065979922814554,0.4441134337026243,0.14928857401592055,-2.097152e-16,1.0,1.0922666666666665,2.220446049250313e-16,True,True,True,True,True
1e+22,131072,exponential,fixed_ref,0.0,0.0,0.15984121651141087,0.6983569310194547,0.1418018524691345,-2.097152e-16,0.9999999999999998,4.369066666666666,8.881784197001252e-16,True,True,True,True,True
1e+22,131072,exponential,mixture,0.0,0.0,0.15984121651141087,0.6983569310194547,0.1418018524691345,-2.097152e-16,0.9999999999999998,4.369066666666666,8.881784197001252e-16,True,True,True,True,True
1e+22,2048,power,fixed_ref,0.0,0.0,0.7725072822116583,0.05273649713231588,0.17475622065602564,2.097152e-16,1.0,0.06826666666666667,0.0,True,True,True,True,True
1e+22,2048,power,mixture,0.0,0.0,0.7725072822116583,0.05273649713231588,0.17475622065602564,2.097152e-16,1.0,0.06826666666666667,0.0,True,True,True,True,True
1e+22,4096,power,fixed_ref,0.0,0.0,0.7251896688965659,0.09901256279334447,0.17579776831008967,0.0,1.0,0.13653333333333334,0.0,True,True,True,True,True
1e+22,4096,power,mixture,0.0,0.0,0.7251896688965659,0.09901256279334447,0.17579776831008967,0.0,1.0,0.13653333333333334,0.0,True,True,True,True,True
1e+22,8192,power,fixed_ref,0.0,0.0,0.6459927069504335,0.17639907517793174,0.1776082178716348,0.0,1.0,0.2730666666666667,0.0,True,True,True,True,True
1e+22,8192,power,mixture,0.0,0.0,0.6459927069504335,0.17639907517793174,0.1776082178716348,0.0,1.0,0.2730666666666667,0.0,True,True,True,True,True
1e+22,32768,power,fixed_ref,0.0,0.0,0.38998900123932656,0.42597198642034184,0.1840390123403315,2.097152e-16,1.0,1.092266666666667,2.220446049250313e-16,True,True,True,True,True
1e+22,32768,power,mixture,0.0,0.0,0.38998900123932656,0.42597198642034184,0.1840390123403315,2.097152e-16,1.0,1.092266666666667,2.220446049250313e-16,True,True,True,True,True
1e+22,131072,power,fixed_ref,0.0,0.0,0.15055110672547464,0.6577678220240472,0.19168107125047837,-2.097152e-16,1.0,4.369066666666667,0.0,True,True,True,True,True
1e+22,131072,power,mixture,0.0,0.0,0.15055110672547464,0.6577678220240472,0.19168107125047837,-2.097152e-16,1.0,4.369066666666667,0.0,True,True,True,True,True
1e+22,2048,logarithmic,fixed_ref,0.0,0.0,0.7389326101778275,0.05044446618813969,0.21062292363403276,0.0,1.0,0.06826666666666667,0.0,True,True,True,True,True
1e+22,2048,logarithmic,mixture,0.0,0.0,0.7389326101778275,0.05044446618813969,0.21062292363403276,0.0,1.0,0.06826666666666667,0.0,True,True,True,True,True
1e+22,4096,logarithmic,fixed_ref,0.0,0.0,0.6985122926190993,0.09537021168559438,0.20611749569530613,2.097152e-16,1.0,0.13653333333333337,2.7755575615628914e-17,True,True,True,True,True
1e+22,4096,logarithmic,mixture,0.0,0.0,0.6985122926190993,0.09537021168559438,0.20611749569530613,2.097152e-16,1.0,0.13653333333333337,2.7755575615628914e-17,True,True,True,True,True
1e+22,8192,logarithmic,fixed_ref,0.0,0.0,0.6300020032369906,0.17203254701724757,0.1979654497457617,0.0,0.9999999999999999,0.2730666666666667,0.0,True,True,True,True,True
1e+22,8192,logarithmic,mixture,0.0,0.0,0.6300020032369906,0.17203254701724757,0.1979654497457617,0.0,0.9999999999999999,0.2730666666666667,0.0,True,True,True,True,True
1e+22,32768,logarithmic,fixed_ref,0.0,0.0,0.39925339036294044,0.43609116984709445,0.1646554397899652,0.0,1.0,1.0922666666666667,0.0,True,True,True,True,True
1e+22,32768,logarithmic,mixture,0.0,0.0,0.39925339036294044,0.43609116984709445,0.1646554397899652,0.0,1.0,1.0922666666666667,0.0,True,True,True,True,True
1e+22,131072,logarithmic,fixed_ref,0.0,0.0,0.16537892080023872,0.7225515302376299,0.11206954896213173,-2.097152e-16,1.0000000000000002,4.369066666666668,8.881784197001252e-16,True,True,True,True,True
1e+22,131072,logarithmic,mixture,0.0,0.0,0.16537892080023872,0.7225515302376299,0.11206954896213173,-2.097152e-16,1.0000000000000002,4.369066666666668,8.881784197001252e-16,True,True,True,True,True
1e+24,2048,exponential,fixed_ref,0.0,0.0,0.8497683307432008,0.05801085137873584,0.09222081787806331,0.0,1.0,0.06826666666666667,0.0,True,True,True,True,True
1e+24,2048,exponential,mixture,0.0,0.0,0.8497683307432008,0.05801085137873584,0.09222081787806331,0.0,1.0,0.06826666666666667,0.0,True,True,True,True,True
1e+24,4096,exponential,fixed_ref,0.0,0.0,0.8009810518941618,0.10936061295194956,0.08965833515388853,0.0,0.9999999999999999,0.13653333333333334,0.0,True,True,True,True,True
1e+24,4096,exponential,mixture,0.0,0.0,0.8009810518941618,0.10936061295194956,0.08965833515388853,0.0,0.9999999999999999,0.13653333333333334,0.0,True,True,True,True,True
1e+24,8192,exponential,fixed_ref,0.0,0.0,0.7186149699898399,0.19622979447189232,0.08515523553826786,-1.3421772800000001e-16,0.9999999999999999,0.27306666666666674,5.551115123125783e-17,True,True,True,True,True
1e+24,8192,exponential,mixture,0.0,0.0,0.7186149699898399,0.19622979447189232,0.08515523553826786,-1.3421772800000001e-16,0.9999999999999999,0.27306666666666674,5.551115123125783e-17,True,True,True,True,True
1e+24,32768,exponential,fixed_ref,0.0,0.0,0.4456591011521924,0.48677858088516807,0.06756231796263952,0.0,1.0,1.0922666666666667,0.0,True,True,True,True,True
1e+24,32768,exponential,mixture,0.0,0.0,0.4456591011521924,0.48677858088516807,0.06756231796263952,0.0,1.0,1.0922666666666667,0.0,True,True,True,True,True
1e+24,131072,exponential,fixed_ref,0.0,0.0,0.17830411443886124,0.7790225629243471,0.042673322636791654,0.0,1.0,4.369066666666665,1.7763568394002505e-15,True,True,True,True,True
1e+24,131072,exponential,mixture,0.0,0.0,0.17830411443886124,0.7790225629243471,0.042673322636791654,0.0,1.0,4.369066666666665,1.7763568394002505e-15,True,True,True,True,True
1e+24,2048,power,fixed_ref,0.0,0.0,0.8334688725739745,0.056898141701049995,0.10963298572497553,-1.3421772800000001e-16,0.9999999999999999,0.06826666666666667,0.0,True,True,True,True,True
1e+24,2048,power,mixture,0.0,0.0,0.8334688725739745,0.056898141701049995,0.10963298572497553,-1.3421772800000001e-16,0.9999999999999999,0.06826666666666667,0.0,True,True,True,True,True
1e+24,4096,power,fixed_ref,0.0,0.0,0.7859745380993676,0.10731172360183365,0.10671373829879877,0.0,1.0,0.13653333333333334,0.0,True,True,True,True,True
1e+24,4096,power,mixture,0.0,0.0,0.7859745380993676,0.10731172360183365,0.10671373829879877,0.0,1.0,0.13653333333333334,0.0,True,True,True,True,True
1e+24,8192,power,fixed_ref,0.0,0.0,0.705745379483137,0.19271553829086197,0.10153908222600101,1.3421772800000001e-16,1.0000000000000002,0.2730666666666667,0.0,True,True,True,True,True
1e+24,8192,power,mixture,0.0,0.0,0.705745379483137,0.19271553829086197,0.10153908222600101,1.3421772800000001e-16,1.0000000000000002,0.2730666666666667,0.0,True,True,True,True,True
1e+24,32768,power,fixed_ref,0.0,1.167101066773083e-16,0.4391634181949156,0.47968356291369985,0.08115301889138467,-2.6843545600000003e-16,1.0,1.0922666666666667,0.0,True,True,True,True,True
1e+24,32768,power,mixture,0.0,1.167101066773083e-16,0.4391634181949156,0.47968356291369985,0.08115301889138467,-2.6843545600000003e-16,1.0,1.0922666666666667,0.0,True,True,True,True,True
1e+24,131072,power,fixed_ref,0.0,0.0,0.17660446387886455,0.7715966763176845,0.05179885980345105,0.0,1.0,4.369066666666667,0.0,True,True,True,True,True
1e+24,131072,power,mixture,0.0,0.0,0.17660446387886455,0.7715966763176845,0.05179885980345105,0.0,1.0,4.369066666666667,0.0,True,True,True,True,True
1e+24,2048,logarithmic,fixed_ref,0.0,0.0,0.8984723574441698,0.061335712934855326,0.04019192962097512,-1.3421772800000001e-16,1.0,0.06826666666666667,0.0,True,True,True,True,True
1e+24,2048,logarithmic,mixture,0.0,0.0,0.8984723574441698,0.061335712934855326,0.04019192962097512,-1.3421772800000001e-16,1.0,0.06826666666666667,0.0,True,True,True,True,True
1e+24,4096,logarithmic,fixed_ref,0.0,0.0,0.8455989515745205,0.11545244352164119,0.03894860490383843,-1.3421772800000001e-16,0.9999999999999999,0.13653333333333334,0.0,True,True,True,True,True
1e+24,4096,logarithmic,mixture,0.0,0.0,0.8455989515745205,0.11545244352164119,0.03894860490383843,-1.3421772800000001e-16,0.9999999999999999,0.13653333333333334,0.0,True,True,True,True,True
1e+24,8192,logarithmic,fixed_ref,0.0,0.0,0.7566103135378395,0.2066050562833994,0.03678463017876109,0.0,1.0,0.2730666666666667,0.0,True,True,True,True,True
1e+24,8192,logarithmic,mixture,0.0,0.0,0.7566103135378395,0.2066050562833994,0.03678463017876109,0.0,1.0,0.2730666666666667,0.0,True,True,True,True,True
1e+24,32768,logarithmic,fixed_ref,1.3421772800000001e-16,0.0,0.4643158982221673,0.5071567784314659,0.02852732334636692,-2.6843545600000003e-16,1.0,1.0922666666666665,2.220446049250313e-16,True,True,True,True,True
1e+24,32768,logarithmic,mixture,1.3421772800000001e-16,0.0,0.4643158982221673,0.5071567784314659,0.02852732334636692,-2.6843545600000003e-16,1.0,1.0922666666666665,2.220446049250313e-16,True,True,True,True,True
1e+24,131072,logarithmic,fixed_ref,0.0,0.0,0.18300484439704298,0.7995603654936406,0.017434790109316353,0.0,1.0,4.369066666666667,0.0,True,True,True,True,True
1e+24,131072,logarithmic,mixture,0.0,0.0,0.18300484439704298,0.7995603654936406,0.017434790109316353,0.0,1.0,4.369066666666667,0.0,True,True,True,True,True
1e+19,2048,exponential,fixed_ref,0.0,0.0,0.9360958562156765,0.06390414378432352,0.0,0.0,1.0,0.06826666666666667,0.0,True,True,True,True,True
1e+19,2048,exponential,mixture,0.0,0.0,0.9360958562156765,0.06390414378432352,0.0,0.0,1.0,0.06826666666666667,0.0,True,True,True,True,True
1e+19,4096,exponential,fixed_ref,0.0,0.0,0.8798686062881278,0.12013139371187238,0.0,-2.048e-16,1.0,0.13653333333333334,0.0,True,True,True,True,True
1e+19,4096,exponential,mixture,0.0,0.0,0.8798686062881278,0.12013139371187238,0.0,-2.048e-16,1.0,0.13653333333333334,0.0,True,True,True,True,True
1e+19,8192,exponential,fixed_ref,0.0,1.1623380929555949e-16,0.7855048177628823,0.21449518223711775,0.0,0.0,1.0,0.2730666666666667,0.0,True,True,True,True,True
1e+19,8192,exponential,mixture,0.0,1.1623380929555949e-16,0.7855048177628823,0.21449518223711775,0.0,0.0,1.0,0.2730666666666667,0.0,True,True,True,True,True
1e+19,32768,exponential,fixed_ref,0.0,1.5261774305694442e-16,0.4779505480499618,0.5220494519500383,0.0,0.0,1.0,1.0922666666666667,0.0,True,True,True,True,True
1e+19,32768,exponential,mixture,0.0,1.5261774305694442e-16,0.4779505480499618,0.5220494519500383,0.0,0.0,1.0,1.0922666666666667,0.0,True,True,True,True,True
1e+19,131072,exponential,fixed_ref,0.0,0.0,0.18625211085725638,0.8137478891427435,0.0,0.0,0.9999999999999999,4.369066666666666,8.881784197001252e-16,True,True,True,True,True
1e+19,131072,exponential,mixture,0.0,0.0,0.18625211085725638,0.8137478891427435,0.0,0.0,0.9999999999999999,4.369066666666666,8.881784197001252e-16,True,True,True,True,True
1e+19,2048,power,fixed_ref,0.0,0.0,0.9360958562156765,0.06390414378432352,0.0,0.0,1.0,0.06826666666666667,0.0,True,True,True,True,True
1e+19,2048,power,mixture,0.0,0.0,0.9360958562156765,0.06390414378432352,0.0,0.0,1.0,0.06826666666666667,0.0,True,True,True,True,True
1e+19,4096,power,fixed_ref,0.0,0.0,0.8798686062881278,0.12013139371187238,0.0,-2.048e-16,1.0,0.13653333333333334,0.0,True,True,True,True,True
1e+19,4096,power,mixture,0.0,0.0,0.8798686062881278,0.12013139371187238,0.0,-2.048e-16,1.0,0.13653333333333334,0.0,True,True,True,True,True
1e+19,8192,power,fixed_ref,0.0,1.1623380929555949e-16,0.7855048177628823,0.21449518223711775,0.0,0.0,1.0,0.2730666666666667,0.0,True,True,True,True,True
1e+19,8192,power,mixture,0.0,1.1623380929555949e-16,0.7855048177628823,0.21449518223711775,0.0,0.0,1.0,0.2730666666666667,0.0,True,True,True,True,True
1e+19,32768,power,fixed_ref,0.0,1.5261774305694442e-16,0.4779505480499618,0.5220494519500383,0.0,0.0,1.0,1.0922666666666667,0.0,True,True,True,True,True
1e+19,32768,power,mixture,0.0,1.5261774305694442e-16,0.4779505480499618,0.5220494519500383,0.0,0.0,1.0,1.0922666666666667,0.0,True,True,True,True,True
1e+19,131072,power,fixed_ref,0.0,0.0,0.18625211085725638,0.8137478891427435,0.0,0.0,0.9999999999999999,4.369066666666666,8.881784197001252e-16,True,True,True,True,True
1e+19,131072,power,mixture,0.0,0.0,0.18625211085725638,0.8137478891427435,0.0,0.0,0.9999999999999999,4.369066666666666,8.881784197001252e-16,True,True,True,True,True
1e+19,2048,logarithmic,fixed_ref,0.0,0.0,0.9360958562156765,0.06390414378432352,0.0,0.0,1.0,0.06826666666666667,0.0,True,True,True,True,True
1e+19,2048,logarithmic,mixture,0.0,0.0,0.9360958562156765,0.06390414378432352,0.0,0.0,1.0,0.06826666666666667,0.0,True,True,True,True,True
1e+19,4096,logarithmic,fixed_ref,0.0,0.0,0.8798686062881278,0.12013139371187238,0.0,-2.048e-16,1.0,0.13653333333333334,0.0,True,True,True,True,True
1e+19,4096,logarithmic,mixture,0.0,0.0,0.8798686062881278,0.12013139371187238,0.0,-2.048e-16,1.0,0.13653333333333334,0.0,True,True,True,True,True
1e+19,8192,logarithmic,fixed_ref,0.0,1.1623380929555949e-16,0.7855048177628823,0.21449518223711775,0.0,0.0,1.0,0.2730666666666667,0.0,True,True,True,True,True
1e+19,8192,logarithmic,mixture,0.0,1.1623380929555949e-16,0.7855048177628823,0.21449518223711775,0.0,0.0,1.0,0.2730666666666667,0.0,True,True,True,True,True
1e+19,32768,logarithmic,fixed_ref,0.0,1.5261774305694442e-16,0.4779505480499618,0.5220494519500383,0.0,0.0,1.0,1.0922666666666667,0.0,True,True,True,True,True
1e+19,32768,logarithmic,mixture,0.0,1.5261774305694442e-16,0.4779505480499618,0.5220494519500383,0.0,0.0,1.0,1.0922666666666667,0.0,True,True,True,True,True
1e+19,131072,logarithmic,fixed_ref,0.0,0.0,0.18625211085725638,0.8137478891427435,0.0,0.0,0.9999999999999999,4.369066666666666,8.881784197001252e-16,True,True,True,True,True
1e+19,131072,logarithmic,mixture,0.0,0.0,0.18625211085725638,0.8137478891427435,0.0,0.0,0.9999999999999999,4.369066666666666,8.881784197001252e-16,True,True,True,True,True
1e+22,2048,exponential,fixed_ref,0.0,0.0,0.7922474132314083,0.05408409007659748,0.153668496691994,2.097152e-16,1.0,0.06826666666666667,0.0,True,True,True,True,True
1e+22,2048,exponential,mixture,0.0,0.0,0.7922474132314083,0.05408409007659748,0.153668496691994,2.097152e-16,1.0,0.06826666666666667,0.0,True,True,True,True,True
1e+22,4096,exponential,fixed_ref,0.0,0.0,0.7449646484390494,0.10171250666687821,0.1533228448940723,0.0,1.0,0.13653333333333334,0.0,True,True,True,True,True
1e+22,4096,exponential,mixture,0.0,0.0,0.7449646484390494,0.10171250666687821,0.1533228448940723,0.0,1.0,0.13653333333333334,0.0,True,True,True,True,True
1e+22,8192,exponential,fixed_ref,0.0,0.0,0.66559204540717,0.18175100119918455,0.15265695339364543,0.0,1.0,0.2730666666666667,0.0,True,True,True,True,True
1e+22,8192,exponential,mixture,0.0,0.0,0.66559204540717,0.18175100119918455,0.15265695339364543,0.0,1.0,0.2730666666666667,0.0,True,True,True,True,True
1e+22,32768,exponential,fixed_ref,0.0,0.0,0.4065979922814554,0.4441134337026243,0.14928857401592055,-2.097152e-16,1.0,1.0922666666666665,2.220446049250313e-16,True,True,True,True,True
1e+22,32768,exponential,mixture,0.0,0.0,0.4065979922814554,0.4441134337026243,0.14928857401592055,-2.097152e-16,1.0,1.0922666666666665,2.220446049250313e-16,True,True,True,True,True
1e+22,131072,exponential,fixed_ref,0.0,0.0,0.15984121651141087,0.6983569310194547,0.1418018524691345,-2.097152e-16,0.9999999999999998,4.369066666666666,8.881784197001252e-16,True,True,True,True,True
1e+22,131072,exponential,mixture,0.0,0.0,0.15984121651141087,0.6983569310194547,0.1418018524691345,-2.097152e-16,0.9999999999999998,4.369066666666666,8.881784197001252e-16,True,True,True,True,True
1e+22,2048,power,fixed_ref,0.0,0.0,0.7725072822116583,0.05273649713231588,0.17475622065602564,2.097152e-16,1.0,0.06826666666666667,0.0,True,True,True,True,True
1e+22,2048,power,mixture,0.0,0.0,0.7725072822116583,0.05273649713231588,0.17475622065602564,2.097152e-16,1.0,0.06826666666666667,0.0,True,True,True,True,True
1e+22,4096,power,fixed_ref,0.0,0.0,0.7251896688965659,0.09901256279334447,0.17579776831008967,0.0,1.0,0.13653333333333334,0.0,True,True,True,True,True
1e+22,4096,power,mixture,0.0,0.0,0.7251896688965659,0.09901256279334447,0.17579776831008967,0.0,1.0,0.13653333333333334,0.0,True,True,True,True,True
1e+22,8192,power,fixed_ref,0.0,0.0,0.6459927069504335,0.17639907517793174,0.1776082178716348,0.0,1.0,0.2730666666666667,0.0,True,True,True,True,True
1e+22,8192,power,mixture,0.0,0.0,0.6459927069504335,0.17639907517793174,0.1776082178716348,0.0,1.0,0.2730666666666667,0.0,True,True,True,True,True
1e+22,32768,power,fixed_ref,0.0,0.0,0.38998900123932656,0.42597198642034184,0.1840390123403315,2.097152e-16,1.0,1.092266666666667,2.220446049250313e-16,True,True,True,True,True
1e+22,32768,power,mixture,0.0,0.0,0.38998900123932656,0.42597198642034184,0.1840390123403315,2.097152e-16,1.0,1.092266666666667,2.220446049250313e-16,True,True,True,True,True
1e+22,131072,power,fixed_ref,0.0,0.0,0.15055110672547464,0.6577678220240472,0.19168107125047837,-2.097152e-16,1.0,4.369066666666667,0.0,True,True,True,True,True
1e+22,131072,power,mixture,0.0,0.0,0.15055110672547464,0.6577678220240472,0.19168107125047837,-2.097152e-16,1.0,4.369066666666667,0.0,True,True,True,True,True
1e+22,2048,logarithmic,fixed_ref,0.0,0.0,0.7389326101778275,0.05044446618813969,0.21062292363403276,0.0,1.0,0.06826666666666667,0.0,True,True,True,True,True
1e+22,2048,logarithmic,mixture,0.0,0.0,0.7389326101778275,0.05044446618813969,0.21062292363403276,0.0,1.0,0.06826666666666667,0.0,True,True,True,True,True
1e+22,4096,logarithmic,fixed_ref,0.0,0.0,0.6985122926190993,0.09537021168559438,0.20611749569530613,2.097152e-16,1.0,0.13653333333333337,2.7755575615628914e-17,True,True,True,True,True
1e+22,4096,logarithmic,mixture,0.0,0.0,0.6985122926190993,0.09537021168559438,0.20611749569530613,2.097152e-16,1.0,0.13653333333333337,2.7755575615628914e-17,True,True,True,True,True
1e+22,8192,logarithmic,fixed_ref,0.0,0.0,0.6300020032369906,0.17203254701724757,0.1979654497457617,0.0,0.9999999999999999,0.2730666666666667,0.0,True,True,True,True,True
1e+22,8192,logarithmic,mixture,0.0,0.0,0.6300020032369906,0.17203254701724757,0.1979654497457617,0.0,0.9999999999999999,0.2730666666666667,0.0,True,True,True,True,True
1e+22,32768,logarithmic,fixed_ref,0.0,0.0,0.39925339036294044,0.43609116984709445,0.1646554397899652,0.0,1.0,1.0922666666666667,0.0,True,True,True,True,True
1e+22,32768,logarithmic,mixture,0.0,0.0,0.39925339036294044,0.43609116984709445,0.1646554397899652,0.0,1.0,1.0922666666666667,0.0,True,True,True,True,True
1e+22,131072,logarithmic,fixed_ref,0.0,0.0,0.16537892080023872,0.7225515302376299,0.11206954896213173,-2.097152e-16,1.0000000000000002,4.369066666666668,8.881784197001252e-16,True,True,True,True,True
1e+22,131072,logarithmic,mixture,0.0,0.0,0.16537892080023872,0.7225515302376299,0.11206954896213173,-2.097152e-16,1.0000000000000002,4.369066666666668,8.881784197001252e-16,True,True,True,True,True
1e+24,2048,exponential,fixed_ref,0.0,0.0,0.8497683307432008,0.05801085137873584,0.09222081787806331,0.0,1.0,0.06826666666666667,0.0,True,True,True,True,True
1e+24,2048,exponential,mixture,0.0,0.0,0.8497683307432008,0.05801085137873584,0.09222081787806331,0.0,1.0,0.06826666666666667,0.0,True,True,True,True,True
1e+24,4096,exponential,fixed_ref,0.0,0.0,0.8009810518941618,0.10936061295194956,0.08965833515388853,0.0,0.9999999999999999,0.13653333333333334,0.0,True,True,True,True,True
1e+24,4096,exponential,mixture,0.0,0.0,0.8009810518941618,0.10936061295194956,0.08965833515388853,0.0,0.9999999999999999,0.13653333333333334,0.0,True,True,True,True,True
1e+24,8192,exponential,fixed_ref,0.0,0.0,0.7186149699898399,0.19622979447189232,0.08515523553826786,-1.3421772800000001e-16,0.9999999999999999,0.27306666666666674,5.551115123125783e-17,True,True,True,True,True
1e+24,8192,exponential,mixture,0.0,0.0,0.7186149699898399,0.19622979447189232,0.08515523553826786,-1.3421772800000001e-16,0.9999999999999999,0.27306666666666674,5.551115123125783e-17,True,True,True,True,True
1e+24,32768,exponential,fixed_ref,0.0,0.0,0.4456591011521924,0.48677858088516807,0.06756231796263952,0.0,1.0,1.0922666666666667,0.0,True,True,True,True,True
1e+24,32768,exponential,mixture,0.0,0.0,0.4456591011521924,0.48677858088516807,0.06756231796263952,0.0,1.0,1.0922666666666667,0.0,True,True,True,True,True
1e+24,131072,exponential,fixed_ref,0.0,0.0,0.17830411443886124,0.7790225629243471,0.042673322636791654,0.0,1.0,4.369066666666665,1.7763568394002505e-15,True,True,True,True,True
1e+24,131072,exponential,mixture,0.0,0.0,0.17830411443886124,0.7790225629243471,0.042673322636791654,0.0,1.0,4.369066666666665,1.7763568394002505e-15,True,True,True,True,True
1e+24,2048,power,fixed_ref,0.0,0.0,0.8334688725739745,0.056898141701049995,0.10963298572497553,-1.3421772800000001e-16,0.9999999999999999,0.06826666666666667,0.0,True,True,True,True,True
1e+24,2048,power,mixture,0.0,0.0,0.8334688725739745,0.056898141701049995,0.10963298572497553,-1.3421772800000001e-16,0.9999999999999999,0.06826666666666667,0.0,True,True,True,True,True
1e+24,4096,power,fixed_ref,0.0,0.0,0.7859745380993676,0.10731172360183365,0.10671373829879877,0.0,1.0,0.13653333333333334,0.0,True,True,True,True,True
1e+24,4096,power,mixture,0.0,0.0,0.7859745380993676,0.10731172360183365,0.10671373829879877,0.0,1.0,0.13653333333333334,0.0,True,True,True,True,True
1e+24,8192,power,fixed_ref,0.0,0.0,0.705745379483137,0.19271553829086197,0.10153908222600101,1.3421772800000001e-16,1.0000000000000002,0.2730666666666667,0.0,True,True,True,True,True
1e+24,8192,power,mixture,0.0,0.0,0.705745379483137,0.19271553829086197,0.10153908222600101,1.3421772800000001e-16,1.0000000000000002,0.2730666666666667,0.0,True,True,True,True,True
1e+24,32768,power,fixed_ref,0.0,1.167101066773083e-16,0.4391634181949156,0.47968356291369985,0.08115301889138467,-2.6843545600000003e-16,1.0,1.0922666666666667,0.0,True,True,True,True,True
1e+24,32768,power,mixture,0.0,1.167101066773083e-16,0.4391634181949156,0.47968356291369985,0.08115301889138467,-2.6843545600000003e-16,1.0,1.0922666666666667,0.0,True,True,True,True,True
1e+24,131072,power,fixed_ref,0.0,0.0,0.17660446387886455,0.7715966763176845,0.05179885980345105,0.0,1.0,4.369066666666667,0.0,True,True,True,True,True
1e+24,131072,power,mixture,0.0,0.0,0.17660446387886455,0.7715966763176845,0.05179885980345105,0.0,1.0,4.369066666666667,0.0,True,True,True,True,True
1e+24,2048,logarithmic,fixed_ref,0.0,0.0,0.8984723574441698,0.061335712934855326,0.04019192962097512,-1.3421772800000001e-16,1.0,0.06826666666666667,0.0,True,True,True,True,True
1e+24,2048,logarithmic,mixture,0.0,0.0,0.8984723574441698,0.061335712934855326,0.04019192962097512,-1.3421772800000001e-16,1.0,0.06826666666666667,0.0,True,True,True,True,True
1e+24,4096,logarithmic,fixed_ref,0.0,0.0,0.8455989515745205,0.11545244352164119,0.03894860490383843,-1.3421772800000001e-16,0.9999999999999999,0.13653333333333334,0.0,True,True,True,True,True
1e+24,4096,logarithmic,mixture,0.0,0.0,0.8455989515745205,0.11545244352164119,0.03894860490383843,-1.3421772800000001e-16,0.9999999999999999,0.13653333333333334,0.0,True,True,True,True,True
1e+24,8192,logarithmic,fixed_ref,0.0,0.0,0.7566103135378395,0.2066050562833994,0.03678463017876109,0.0,1.0,0.2730666666666667,0.0,True,True,True,True,True
1e+24,8192,logarithmic,mixture,0.0,0.0,0.7566103135378395,0.2066050562833994,0.03678463017876109,0.0,1.0,0.2730666666666667,0.0,True,True,True,True,True
1e+24,32768,logarithmic,fixed_ref,1.3421772800000001e-16,0.0,0.4643158982221673,0.5071567784314659,0.02852732334636692,-2.6843545600000003e-16,1.0,1.0922666666666665,2.220446049250313e-16,True,True,True,True,True
1e+24,32768,logarithmic,mixture,1.3421772800000001e-16,0.0,0.4643158982221673,0.5071567784314659,0.02852732334636692,-2.6843545600000003e-16,1.0,1.0922666666666665,2.220446049250313e-16,True,True,True,True,True
1e+24,131072,logarithmic,fixed_ref,0.0,0.0,0.18300484439704298,0.7995603654936406,0.017434790109316353,0.0,1.0,4.369066666666667,0.0,True,True,True,True,True
1e+24,131072,logarithmic,mixture,0.0,0.0,0.18300484439704298,0.7995603654936406,0.017434790109316353,0.0,1.0,4.369066666666667,0.0,True,True,True,True,True
1e+19,2048,exponential,fixed_ref,0.0,0.0,0.9360958562156765,0.06390414378432352,0.0,0.0,1.0,0.06826666666666667,0.0,True,True,True,True,True
1e+19,2048,exponential,mixture,0.0,0.0,0.9360958562156765,0.06390414378432352,0.0,0.0,1.0,0.06826666666666667,0.0,True,True,True,True,True
1e+19,4096,exponential,fixed_ref,0.0,0.0,0.8798686062881278,0.12013139371187238,0.0,-2.048e-16,1.0,0.13653333333333334,0.0,True,True,True,True,True
1e+19,4096,exponential,mixture,0.0,0.0,0.8798686062881278,0.12013139371187238,0.0,-2.048e-16,1.0,0.13653333333333334,0.0,True,True,True,True,True
1e+19,8192,exponential,fixed_ref,0.0,1.1623380929555949e-16,0.7855048177628823,0.21449518223711775,0.0,0.0,1.0,0.2730666666666667,0.0,True,True,True,True,True
1e+19,8192,exponential,mixture,0.0,1.1623380929555949e-16,0.7855048177628823,0.21449518223711775,0.0,0.0,1.0,0.2730666666666667,0.0,True,True,True,True,True
1e+19,32768,exponential,fixed_ref,0.0,1.5261774305694442e-16,0.4779505480499618,0.5220494519500383,0.0,0.0,1.0,1.0922666666666667,0.0,True,True,True,True,True
1e+19,32768,exponential,mixture,0.0,1.5261774305694442e-16,0.4779505480499618,0.5220494519500383,0.0,0.0,1.0,1.0922666666666667,0.0,True,True,True,True,True
1e+19,131072,exponential,fixed_ref,0.0,0.0,0.18625211085725638,0.8137478891427435,0.0,0.0,0.9999999999999999,4.369066666666666,8.881784197001252e-16,True,True,True,True,True
1e+19,131072,exponential,mixture,0.0,0.0,0.18625211085725638,0.8137478891427435,0.0,0.0,0.9999999999999999,4.369066666666666,8.881784197001252e-16,True,True,True,True,True
1e+19,2048,power,fixed_ref,0.0,0.0,0.9360958562156765,0.06390414378432352,0.0,0.0,1.0,0.06826666666666667,0.0,True,True,True,True,True
1e+19,2048,power,mixture,0.0,0.0,0.9360958562156765,0.06390414378432352,0.0,0.0,1.0,0.06826666666666667,0.0,True,True,True,True,True
1e+19,4096,power,fixed_ref,0.0,0.0,0.8798686062881278,0.12013139371187238,0.0,-2.048e-16,1.0,0.13653333333333334,0.0,True,True,True,True,True
1e+19,4096,power,mixture,0.0,0.0,0.8798686062881278,0.12013139371187238,0.0,-2.048e-16,1.0,0.13653333333333334,0.0,True,True,True,True,True
1e+19,8192,power,fixed_ref,0.0,1.1623380929555949e-16,0.7855048177628823,0.21449518223711775,0.0,0.0,1.0,0.2730666666666667,0.0,True,True,True,True,True
1e+19,8192,power,mixture,0.0,1.1623380929555949e-16,0.7855048177628823,0.21449518223711775,0.0,0.0,1.0,0.2730666666666667,0.0,True,True,True,True,True
1e+19,32768,power,fixed_ref,0.0,1.5261774305694442e-16,0.4779505480499618,0.5220494519500383,0.0,0.0,1.0,1.0922666666666667,0.0,True,True,True,True,True
1e+19,32768,power,mixture,0.0,1.5261774305694442e-16,0.4779505480499618,0.5220494519500383,0.0,0.0,1.0,1.0922666666666667,0.0,True,True,True,True,True
1e+19,131072,power,fixed_ref,0.0,0.0,0.18625211085725638,0.8137478891427435,0.0,0.0,0.9999999999999999,4.369066666666666,8.881784197001252e-16,True,True,True,True,True
1e+19,131072,power,mixture,0.0,0.0,0.18625211085725638,0.8137478891427435,0.0,0.0,0.9999999999999999,4.369066666666666,8.881784197001252e-16,True,True,True,True,True
1e+19,2048,logarithmic,fixed_ref,0.0,0.0,0.9360958562156765,0.06390414378432352,0.0,0.0,1.0,0.06826666666666667,0.0,True,True,True,True,True
1e+19,2048,logarithmic,mixture,0.0,0.0,0.9360958562156765,0.06390414378432352,0.0,0.0,1.0,0.06826666666666667,0.0,True,True,True,True,True
1e+19,4096,logarithmic,fixed_ref,0.0,0.0,0.8798686062881278,0.12013139371187238,0.0,-2.048e-16,1.0,0.13653333333333334,0.0,True,True,True,True,True
1e+19,4096,logarithmic,mixture,0.0,0.0,0.8798686062881278,0.12013139371187238,0.0,-2.048e-16,1.0,0.13653333333333334,0.0,True,True,True,True,True
1e+19,8192,logarithmic,fixed_ref,0.0,1.1623380929555949e-16,0.7855048177628823,0.21449518223711775,0.0,0.0,1.0,0.2730666666666667,0.0,True,True,True,True,True
1e+19,8192,logarithmic,mixture,0.0,1.1623380929555949e-16,0.7855048177628823,0.21449518223711775,0.0,0.0,1.0,0.2730666666666667,0.0,True,True,True,True,True
1e+19,32768,logarithmic,fixed_ref,0.0,1.5261774305694442e-16,0.4779505480499618,0.5220494519500383,0.0,0.0,1.0,1.0922666666666667,0.0,True,True,True,True,True
1e+19,32768,logarithmic,mixture,0.0,1.5261774305694442e-16,0.4779505480499618,0.5220494519500383,0.0,0.0,1.0,1.0922666666666667,0.0,True,True,True,True,True
1e+19,131072,logarithmic,fixed_ref,0.0,0.0,0.18625211085725638,0.8137478891427435,0.0,0.0,0.9999999999999999,4.369066666666666,8.881784197001252e-16,True,True,True,True,True
1e+19,131072,logarithmic,mixture,0.0,0.0,0.18625211085725638,0.8137478891427435,0.0,0.0,0.9999999999999999,4.369066666666666,8.881784197001252e-16,True,True,True,True,True
1e+22,2048,exponential,fixed_ref,0.0,0.0,0.7922474132314083,0.05408409007659748,0.153668496691994,2.097152e-16,1.0,0.06826666666666667,0.0,True,True,True,True,True
1e+22,2048,exponential,mixture,0.0,0.0,0.7922474132314083,0.05408409007659748,0.153668496691994,2.097152e-16,1.0,0.06826666666666667,0.0,True,True,True,True,True
1e+22,4096,exponential,fixed_ref,0.0,0.0,0.7449646484390494,0.10171250666687821,0.1533228448940723,0.0,1.0,0.13653333333333334,0.0,True,True,True,True,True
1e+22,4096,exponential,mixture,0.0,0.0,0.7449646484390494,0.10171250666687821,0.1533228448940723,0.0,1.0,0.13653333333333334,0.0,True,True,True,True,True
1e+22,8192,exponential,fixed_ref,0.0,0.0,0.66559204540717,0.18175100119918455,0.15265695339364543,0.0,1.0,0.2730666666666667,0.0,True,True,True,True,True
1e+22,8192,exponential,mixture,0.0,0.0,0.66559204540717,0.18175100119918455,0.15265695339364543,0.0,1.0,0.2730666666666667,0.0,True,True,True,True,True
1e+22,32768,exponential,fixed_ref,0.0,0.0,0.4065979922814554,0.4441134337026243,0.14928857401592055,-2.097152e-16,1.0,1.0922666666666665,2.220446049250313e-16,True,True,True,True,True
1e+22,32768,exponential,mixture,0.0,0.0,0.4065979922814554,0.4441134337026243,0.14928857401592055,-2.097152e-16,1.0,1.0922666666666665,2.220446049250313e-16,True,True,True,True,True
1e+22,131072,exponential,fixed_ref,0.0,0.0,0.15984121651141087,0.6983569310194547,0.1418018524691345,-2.097152e-16,0.9999999999999998,4.369066666666666,8.881784197001252e-16,True,True,True,True,True
1e+22,131072,exponential,mixture,0.0,0.0,0.15984121651141087,0.6983569310194547,0.1418018524691345,-2.097152e-16,0.9999999999999998,4.369066666666666,8.881784197001252e-16,True,True,True,True,True
1e+22,2048,power,fixed_ref,0.0,0.0,0.7725072822116583,0.05273649713231588,0.17475622065602564,2.097152e-16,1.0,0.06826666666666667,0.0,True,True,True,True,True
1e+22,2048,power,mixture,0.0,0.0,0.7725072822116583,0.05273649713231588,0.17475622065602564,2.097152e-16,1.0,0.06826666666666667,0.0,True,True,True,True,True
1e+22,4096,power,fixed_ref,0.0,0.0,0.7251896688965659,0.09901256279334447,0.17579776831008967,0.0,1.0,0.13653333333333334,0.0,True,True,True,True,True
1e+22,4096,power,mixture,0.0,0.0,0.7251896688965659,0.09901256279334447,0.17579776831008967,0.0,1.0,0.13653333333333334,0.0,True,True,True,True,True
1e+22,8192,power,fixed_ref,0.0,0.0,0.6459927069504335,0.17639907517793174,0.1776082178716348,0.0,1.0,0.2730666666666667,0.0,True,True,True,True,True
1e+22,8192,power,mixture,0.0,0.0,0.6459927069504335,0.17639907517793174,0.1776082178716348,0.0,1.0,0.2730666666666667,0.0,True,True,True,True,True
1e+22,32768,power,fixed_ref,0.0,0.0,0.38998900123932656,0.42597198642034184,0.1840390123403315,2.097152e-16,1.0,1.092266666666667,2.220446049250313e-16,True,True,True,True,True
1e+22,32768,power,mixture,0.0,0.0,0.38998900123932656,0.42597198642034184,0.1840390123403315,2.097152e-16,1.0,1.092266666666667,2.220446049250313e-16,True,True,True,True,True
1e+22,131072,power,fixed_ref,0.0,0.0,0.15055110672547464,0.6577678220240472,0.19168107125047837,-2.097152e-16,1.0,4.369066666666667,0.0,True,True,True,True,True
1e+22,131072,power,mixture,0.0,0.0,0.15055110672547464,0.6577678220240472,0.19168107125047837,-2.097152e-16,1.0,4.369066666666667,0.0,True,True,True,True,True
1e+22,2048,logarithmic,fixed_ref,0.0,0.0,0.7389326101778275,0.05044446618813969,0.21062292363403276,0.0,1.0,0.06826666666666667,0.0,True,True,True,True,True
1e+22,2048,logarithmic,mixture,0.0,0.0,0.7389326101778275,0.05044446618813969,0.21062292363403276,0.0,1.0,0.06826666666666667,0.0,True,True,True,True,True
1e+22,4096,logarithmic,fixed_ref,0.0,0.0,0.6985122926190993,0.09537021168559438,0.20611749569530613,2.097152e-16,1.0,0.13653333333333337,2.7755575615628914e-17,True,True,True,True,True
1e+22,4096,logarithmic,mixture,0.0,0.0,0.6985122926190993,0.09537021168559438,0.20611749569530613,2.097152e-16,1.0,0.13653333333333337,2.7755575615628914e-17,True,True,True,True,True
1e+22,8192,logarithmic,fixed_ref,0.0,0.0,0.6300020032369906,0.17203254701724757,0.1979654497457617,0.0,0.9999999999999999,0.2730666666666667,0.0,True,True,True,True,True
1e+22,8192,logarithmic,mixture,0.0,0.0,0.6300020032369906,0.17203254701724757,0.1979654497457617,0.0,0.9999999999999999,0.2730666666666667,0.0,True,True,True,True,True
1e+22,32768,logarithmic,fixed_ref,0.0,0.0,0.39925339036294044,0.43609116984709445,0.1646554397899652,0.0,1.0,1.0922666666666667,0.0,True,True,True,True,True
1e+22,32768,logarithmic,mixture,0.0,0.0,0.39925339036294044,0.43609116984709445,0.1646554397899652,0.0,1.0,1.0922666666666667,0.0,True,True,True,True,True
1e+22,131072,logarithmic,fixed_ref,0.0,0.0,0.16537892080023872,0.7225515302376299,0.11206954896213173,-2.097152e-16,1.0000000000000002,4.369066666666668,8.881784197001252e-16,True,True,True,True,True
1e+22,131072,logarithmic,mixture,0.0,0.0,0.16537892080023872,0.7225515302376299,0.11206954896213173,-2.097152e-16,1.0000000000000002,4.369066666666668,8.881784197001252e-16,True,True,True,True,True
1e+24,2048,exponential,fixed_ref,0.0,0.0,0.8497683307432008,0.05801085137873584,0.09222081787806331,0.0,1.0,0.06826666666666667,0.0,True,True,True,True,True
1e+24,2048,exponential,mixture,0.0,0.0,0.8497683307432008,0.05801085137873584,0.09222081787806331,0.0,1.0,0.06826666666666667,0.0,True,True,True,True,True
1e+24,4096,exponential,fixed_ref,0.0,0.0,0.8009810518941618,0.10936061295194956,0.08965833515388853,0.0,0.9999999999999999,0.13653333333333334,0.0,True,True,True,True,True
1e+24,4096,exponential,mixture,0.0,0.0,0.8009810518941618,0.10936061295194956,0.08965833515388853,0.0,0.9999999999999999,0.13653333333333334,0.0,True,True,True,True,True
1e+24,8192,exponential,fixed_ref,0.0,0.0,0.7186149699898399,0.19622979447189232,0.08515523553826786,-1.3421772800000001e-16,0.9999999999999999,0.27306666666666674,5.551115123125783e-17,True,True,True,True,True
1e+24,8192,exponential,mixture,0.0,0.0,0.7186149699898399,0.19622979447189232,0.08515523553826786,-1.3421772800000001e-16,0.9999999999999999,0.27306666666666674,5.551115123125783e-17,True,True,True,True,True
1e+24,32768,exponential,fixed_ref,0.0,0.0,0.4456591011521924,0.48677858088516807,0.06756231796263952,0.0,1.0,1.0922666666666667,0.0,True,True,True,True,True
1e+24,32768,exponential,mixture,0.0,0.0,0.4456591011521924,0.48677858088516807,0.06756231796263952,0.0,1.0,1.0922666666666667,0.0,True,True,True,True,True
1e+24,131072,exponential,fixed_ref,0.0,0.0,0.17830411443886124,0.7790225629243471,0.042673322636791654,0.0,1.0,4.369066666666665,1.7763568394002505e-15,True,True,True,True,True
1e+24,131072,exponential,mixture,0.0,0.0,0.17830411443886124,0.7790225629243471,0.042673322636791654,0.0,1.0,4.369066666666665,1.7763568394002505e-15,True,True,True,True,True
1e+24,2048,power,fixed_ref,0.0,0.0,0.8334688725739745,0.056898141701049995,0.10963298572497553,-1.3421772800000001e-16,0.9999999999999999,0.06826666666666667,0.0,True,True,True,True,True
1e+24,2048,power,mixture,0.0,0.0,0.8334688725739745,0.056898141701049995,0.10963298572497553,-1.3421772800000001e-16,0.9999999999999999,0.06826666666666667,0.0,True,True,True,True,True
1e+24,4096,power,fixed_ref,0.0,0.0,0.7859745380993676,0.10731172360183365,0.10671373829879877,0.0,1.0,0.13653333333333334,0.0,True,True,True,True,True
1e+24,4096,power,mixture,0.0,0.0,0.7859745380993676,0.10731172360183365,0.10671373829879877,0.0,1.0,0.13653333333333334,0.0,True,True,True,True,True
1e+24,8192,power,fixed_ref,0.0,0.0,0.705745379483137,0.19271553829086197,0.10153908222600101,1.3421772800000001e-16,1.0000000000000002,0.2730666666666667,0.0,True,True,True,True,True
1e+24,8192,power,mixture,0.0,0.0,0.705745379483137,0.19271553829086197,0.10153908222600101,1.3421772800000001e-16,1.0000000000000002,0.2730666666666667,0.0,True,True,True,True,True
1e+24,32768,power,fixed_ref,0.0,1.167101066773083e-16,0.4391634181949156,0.47968356291369985,0.08115301889138467,-2.6843545600000003e-16,1.0,1.0922666666666667,0.0,True,True,True,True,True
1e+24,32768,power,mixture,0.0,1.167101066773083e-16,0.4391634181949156,0.47968356291369985,0.08115301889138467,-2.6843545600000003e-16,1.0,1.0922666666666667,0.0,True,True,True,True,True
1e+24,131072,power,fixed_ref,0.0,0.0,0.17660446387886455,0.7715966763176845,0.05179885980345105,0.0,1.0,4.369066666666667,0.0,True,True,True,True,True
1e+24,131072,power,mixture,0.0,0.0,0.17660446387886455,0.7715966763176845,0.05179885980345105,0.0,1.0,4.369066666666667,0.0,True,True,True,True,True
1e+24,2048,logarithmic,fixed_ref,0.0,0.0,0.8984723574441698,0.061335712934855326,0.04019192962097512,-1.3421772800000001e-16,1.0,0.06826666666666667,0.0,True,True,True,True,True
1e+24,2048,logarithmic,mixture,0.0,0.0,0.8984723574441698,0.061335712934855326,0.04019192962097512,-1.3421772800000001e-16,1.0,0.06826666666666667,0.0,True,True,True,True,True
1e+24,4096,logarithmic,fixed_ref,0.0,0.0,0.8455989515745205,0.11545244352164119,0.03894860490383843,-1.3421772800000001e-16,0.9999999999999999,0.13653333333333334,0.0,True,True,True,True,True
1e+24,4096,logarithmic,mixture,0.0,0.0,0.8455989515745205,0.11545244352164119,0.03894860490383843,-1.3421772800000001e-16,0.9999999999999999,0.13653333333333334,0.0,True,True,True,True,True
1e+24,8192,logarithmic,fixed_ref,0.0,0.0,0.7566103135378395,0.2066050562833994,0.03678463017876109,0.0,1.0,0.2730666666666667,0.0,True,True,True,True,True
1e+24,8192,logarithmic,mixture,0.0,0.0,0.7566103135378395,0.2066050562833994,0.03678463017876109,0.0,1.0,0.2730666666666667,0.0,True,True,True,True,True
1e+24,32768,logarithmic,fixed_ref,1.3421772800000001e-16,0.0,0.4643158982221673,0.5071567784314659,0.02852732334636692,-2.6843545600000003e-16,1.0,1.0922666666666665,2.220446049250313e-16,True,True,True,True,True
1e+24,32768,logarithmic,mixture,1.3421772800000001e-16,0.0,0.4643158982221673,0.5071567784314659,0.02852732334636692,-2.6843545600000003e-16,1.0,1.0922666666666665,2.220446049250313e-16,True,True,True,True,True
1e+24,131072,logarithmic,fixed_ref,0.0,0.0,0.18300484439704298,0.7995603654936406,0.017434790109316353,0.0,1.0,4.369066666666667,0.0,True,True,True,True,True
1e+24,131072,logarithmic,mixture,0.0,0.0,0.18300484439704298,0.7995603654936406,0.017434790109316353,0.0,1.0,4.369066666666667,0.0,True,True,True,True,True
